#VRML V2.0 utf8

Shape {
  appearance Appearance {
    material Material {
      diffuseColor 0.2235 0.2235 0.2235
      specularColor 0.1137 0.1137 0.1137
      ambientIntensity 0.2
      transparency 0.0000
      shininess 0.5
    }
  }
  geometry IndexedFaceSet {
    ccw TRUE
    solid FALSE
    coord DEF co Coordinate {
      point [
        0.009741 0.244133 0.290460,
        0.009741 0.245089 0.283658,
        -0.013484 0.245089 0.283658,
        -0.014920 0.245089 0.283658,
        -0.014920 0.246054 0.276789,
        -0.030879 0.246054 0.276789,
        -0.079076 0.246099 0.276468,
        -0.079075 0.246119 0.276327,
        -0.081730 0.246119 0.276327,
        -0.028926 0.244097 0.290715,
        -0.026020 0.244133 0.290460,
        -0.030879 0.244133 0.290460,
        -0.022908 0.240743 0.314580,
        -0.023344 0.240736 0.314629,
        -0.014920 0.240736 0.314629,
        0.088672 0.246119 0.276327,
        0.067734 0.246119 0.276327,
        0.066826 0.246054 0.276789,
        0.030330 0.243296 0.296417,
        0.025728 0.243846 0.292502,
        0.009741 0.240736 0.314629,
        0.048270 0.240736 0.314629,
        0.045368 0.241012 0.312667,
        0.044524 0.241124 0.311865,
        0.039183 0.242054 0.305256,
        0.036241 0.242899 0.299241,
        0.035394 0.242939 0.298952,
        0.052949 0.240292 0.317792,
        0.009741 0.240219 0.318312,
        0.054406 0.240219 0.318312,
        0.068531 0.239753 0.321624,
        0.061498 0.239863 0.320843,
        0.009741 0.234771 0.357070,
        0.077023 0.239891 0.320644,
        0.294018 0.234771 0.357070,
        0.083242 0.240219 0.318312,
        0.299465 0.240219 0.318312,
        0.084917 0.240307 0.317684,
        0.299983 0.240736 0.314629,
        0.089722 0.240736 0.314629,
        0.089072 0.240660 0.315172,
        0.120263 0.242768 0.300170,
        0.118772 0.242578 0.301527,
        0.113256 0.242063 0.305185,
        0.106885 0.241742 0.307470,
        0.100565 0.241647 0.308150,
        0.093110 0.241134 0.311797,
        0.098602 0.241663 0.308030,
        0.096640 0.241698 0.307784,
        0.303380 0.244133 0.290460,
        0.304335 0.245089 0.283658,
        0.128197 0.245089 0.283658,
        0.127056 0.244297 0.289289,
        0.126502 0.244133 0.290460,
        0.124206 0.243452 0.295309,
        0.305366 0.246119 0.276327,
        0.127972 0.246054 0.276789,
        0.305301 0.246054 0.276789,
        0.128428 0.245470 0.280947,
        0.128340 0.245188 0.282954,
        0.053674 0.247937 0.263393,
        0.052498 0.247874 0.263842,
        0.050431 0.246521 0.273465,
        0.116515 0.248665 0.258209,
        0.121387 0.248068 0.262462,
        0.315152 0.255906 0.206693,
        0.054731 0.248039 0.262665,
        0.051181 0.247852 0.263999,
        0.051015 0.247854 0.263986,
        0.050504 0.247870 0.263870,
        0.100261 0.250526 0.244972,
        0.103583 0.250172 0.247490,
        0.106099 0.249733 0.250613,
        0.125446 0.247235 0.268385,
        0.127745 0.246345 0.274720,
        0.127921 0.246119 0.276327,
        0.009741 0.246119 0.276327,
        0.020322 0.246878 0.270930,
        0.009741 0.255906 0.206693,
        0.022507 0.247628 0.265592,
        0.025926 0.248281 0.260946,
        0.075569 0.249325 0.253517,
        0.077613 0.249853 0.249759,
        0.080270 0.250262 0.246848,
        0.083689 0.250588 0.244529,
        0.087509 0.250788 0.243108,
        0.033610 0.247296 0.267956,
        0.031713 0.246927 0.270581,
        0.030515 0.246504 0.273587,
        0.052094 0.246119 0.276327,
        0.030605 0.248824 0.257081,
        0.035834 0.249174 0.254594,
        0.041522 0.249335 0.253445,
        0.056513 0.248583 0.258793,
        0.056469 0.248493 0.259435,
        0.074430 0.248257 0.261118,
        0.056123 0.248312 0.260721,
        0.055463 0.248150 0.261874,
        0.091641 0.250854 0.242635,
        0.092306 0.250852 0.242652,
        0.096333 0.250760 0.243304,
        0.107783 0.249222 0.254248,
        0.110426 0.249106 0.255078,
        0.051598 0.249325 0.253516,
        0.052559 0.249302 0.253676,
        0.053686 0.249239 0.254124,
        0.054788 0.249129 0.254912,
        0.055182 0.249072 0.255315,
        0.055919 0.248922 0.256382,
        0.056360 0.248761 0.257532,
        0.074545 0.248739 0.257685,
        0.074442 0.248494 0.259426,
        0.050158 0.247876 0.263822,
        0.042473 0.247884 0.263769,
        0.039415 0.247806 0.264325,
        0.036391 0.247615 0.265683,
        0.033849 0.247331 0.267706,
        0.030154 0.246119 0.276327,
        0.030093 0.246054 0.276789,
        0.052362 0.246054 0.276789,
        0.030082 0.246042 0.276873,
        0.116958 0.246054 0.276789,
        0.117484 0.245797 0.278620,
        0.055661 0.245256 0.282465,
        0.117667 0.245433 0.281209,
        0.117344 0.245089 0.283658,
        0.030154 0.245836 0.278341,
        0.030929 0.245379 0.281596,
        0.032029 0.245089 0.283658,
        0.085201 0.246243 0.275446,
        0.081592 0.246517 0.273497,
        0.078630 0.246898 0.270787,
        0.099256 0.246339 0.274759,
        0.095472 0.246143 0.276160,
        0.116826 0.246119 0.276327,
        0.094018 0.246119 0.276327,
        0.091398 0.246077 0.276628,
        0.089316 0.246096 0.276490,
        0.116293 0.246380 0.274470,
        0.105613 0.247120 0.269207,
        0.102765 0.246673 0.272383,
        0.114272 0.246867 0.271006,
        0.111232 0.247307 0.267871,
        0.107531 0.247630 0.265578,
        0.044675 0.244174 0.290168,
        0.115641 0.244330 0.289056,
        0.117130 0.244859 0.285294,
        0.043309 0.244175 0.290158,
        0.032493 0.244967 0.284527,
        0.034459 0.244657 0.286733,
        0.037095 0.244396 0.288583,
        0.040068 0.244234 0.289740,
        0.052088 0.242100 0.304924,
        0.052537 0.242043 0.305334,
        0.091434 0.243439 0.295401,
        0.048272 0.242745 0.300336,
        0.114640 0.244133 0.290460,
        0.092670 0.243343 0.296081,
        0.044737 0.244133 0.290460,
        0.045681 0.243513 0.294867,
        0.096491 0.243145 0.297488,
        0.100467 0.243073 0.298001,
        0.102227 0.243084 0.297924,
        0.057312 0.241574 0.308664,
        0.062654 0.241284 0.310732,
        0.088811 0.242694 0.300696,
        0.084957 0.242060 0.305207,
        0.080281 0.241592 0.308539,
        0.068433 0.241179 0.311476,
        0.074679 0.241284 0.310730,
        0.106451 0.243218 0.296969,
        0.110274 0.243495 0.294998,
        0.113250 0.243859 0.292409,
        0.009741 0.246054 0.276789,
        0.019517 0.246054 0.276789,
        0.019581 0.246119 0.276327,
        0.020231 0.245254 0.282484,
        0.019493 0.246029 0.276968,
        0.024273 0.244133 0.290460,
        0.022280 0.244526 0.287665,
        0.020696 0.245089 0.283658,
        -0.102378 0.246970 0.270272,
        -0.103253 0.247289 0.268000,
        -0.104258 0.246119 0.276327,
        -0.101749 0.248700 0.257961,
        -0.099947 0.248994 0.255866,
        -0.104258 0.255906 0.206693,
        -0.097439 0.249242 0.254109,
        -0.094696 0.249388 0.253067,
        -0.090596 0.249454 0.252600,
        -0.081730 0.255906 0.206693,
        -0.103633 0.247752 0.264706,
        -0.103550 0.247965 0.263194,
        -0.102949 0.248356 0.260413,
        -0.097568 0.246321 0.274889,
        -0.100071 0.246563 0.273171,
        -0.100904 0.246678 0.272354,
        -0.084159 0.246119 0.276327,
        -0.084160 0.246104 0.276432,
        -0.081730 0.246054 0.276789,
        -0.091012 0.246111 0.276384,
        -0.104258 0.246054 0.276789,
        -0.091505 0.246119 0.276327,
        -0.094676 0.246171 0.275957,
        -0.012534 0.246418 0.274199,
        -0.003262 0.246409 0.274264,
        -0.003207 0.247479 0.266652,
        -0.003188 0.247862 0.263928,
        -0.003131 0.248986 0.255926,
        -0.011778 0.247870 0.263867,
        -0.012949 0.248996 0.255857,
        -0.011798 0.247487 0.266591,
        -0.013484 0.246119 0.276327,
        -0.012549 0.246119 0.276327,
        -0.013484 0.246054 0.276789,
        -0.012552 0.246054 0.276789,
        -0.012553 0.246033 0.276935,
        -0.000181 0.246021 0.277022,
        -0.000179 0.246054 0.276789,
        -0.013484 0.255906 0.206693,
        -0.012930 0.249377 0.253145,
        -0.000011 0.249364 0.253236,
        -0.000176 0.246119 0.276327,
        -0.081730 0.240736 0.314629,
        -0.084387 0.240801 0.314168,
        -0.087703 0.240804 0.314144,
        -0.075068 0.244135 0.290445,
        -0.075074 0.244133 0.290460,
        -0.074447 0.244133 0.290460,
        -0.081730 0.241751 0.307405,
        -0.074447 0.245089 0.283658,
        -0.078494 0.244138 0.290421,
        -0.081730 0.245089 0.283658,
        -0.078508 0.244133 0.290460,
        -0.081730 0.244133 0.290460,
        -0.081730 0.243227 0.296905,
        -0.080849 0.243226 0.296911,
        -0.090852 0.243236 0.296841,
        -0.093202 0.244133 0.290460,
        -0.093255 0.244153 0.290318,
        -0.096681 0.244156 0.290294,
        -0.104258 0.245089 0.283658,
        -0.096619 0.244133 0.290460,
        -0.104258 0.244133 0.290460,
        -0.104258 0.240736 0.314629,
        -0.049265 0.240766 0.314414,
        -0.051920 0.240736 0.314629,
        -0.046120 0.240736 0.314629,
        -0.046120 0.242218 0.304087,
        -0.048510 0.242220 0.304070,
        -0.049246 0.241151 0.311678,
        -0.048490 0.242603 0.301346,
        -0.051920 0.244133 0.290460,
        -0.046120 0.241148 0.311700,
        -0.039974 0.241142 0.311743,
        -0.039920 0.242211 0.304131,
        -0.036722 0.244097 0.290715,
        -0.035199 0.244133 0.290460,
        -0.046120 0.244133 0.290460,
        -0.035199 0.240736 0.314629,
        -0.036893 0.240754 0.314501,
        -0.046120 0.240763 0.314436,
        -0.039900 0.242594 0.301407,
        -0.039843 0.243719 0.293405,
        -0.046120 0.242600 0.301363,
        -0.046120 0.243725 0.293361,
        -0.049661 0.243729 0.293336,
        -0.049641 0.244110 0.290624,
        -0.046120 0.244106 0.290649,
        -0.030879 0.240736 0.314629,
        -0.030879 0.240780 0.314317,
        -0.032081 0.240830 0.313963,
        -0.032058 0.241281 0.310753,
        -0.026856 0.243753 0.293161,
        -0.029576 0.243685 0.293643,
        -0.030879 0.241211 0.311249,
        -0.030879 0.243606 0.294212,
        -0.031792 0.241261 0.310898,
        -0.031943 0.243540 0.294676,
        -0.029362 0.241129 0.311833,
        -0.017315 0.242623 0.301201,
        -0.017744 0.242946 0.298907,
        -0.018564 0.243209 0.297037,
        -0.019843 0.241441 0.309611,
        -0.018515 0.241695 0.307806,
        -0.021487 0.241255 0.310935,
        -0.023381 0.241135 0.311789,
        -0.026407 0.241077 0.312204,
        -0.025474 0.241081 0.312173,
        -0.017268 0.242444 0.302478,
        -0.017693 0.241982 0.305762,
        -0.019577 0.243400 0.295675,
        -0.020049 0.243466 0.295207,
        -0.021611 0.243622 0.294098,
        -0.023319 0.243715 0.293431,
        -0.025730 0.243758 0.293127,
        -0.026396 0.240687 0.314976,
        -0.026413 0.240687 0.314976,
        -0.030879 0.240219 0.318312,
        -0.029554 0.240725 0.314707,
        -0.029818 0.240736 0.314629,
        -0.015790 0.241486 0.309295,
        -0.017548 0.241171 0.311536,
        -0.018134 0.241094 0.312083,
        -0.020393 0.240876 0.313630,
        -0.013484 0.240736 0.314629,
        -0.014630 0.241856 0.306661,
        -0.014920 0.241763 0.307319,
        -0.014920 0.243179 0.297245,
        -0.014464 0.243014 0.298422,
        -0.013484 0.244133 0.290460,
        -0.014012 0.242466 0.302318,
        -0.014063 0.242292 0.303559,
        -0.014920 0.244133 0.290460,
        -0.017033 0.243678 0.293699,
        -0.015427 0.243363 0.295937,
        -0.023812 0.244131 0.290472,
        -0.021213 0.244054 0.291021,
        -0.018954 0.243903 0.292096,
        -0.030879 0.245089 0.283658,
        -0.025262 0.244142 0.290394,
        -0.024029 0.244133 0.290460,
        -0.031922 0.243954 0.291733,
        -0.031511 0.243982 0.291534,
        -0.030879 0.244010 0.291334,
        -0.003551 0.240736 0.314629,
        -0.003401 0.243683 0.293661,
        -0.012967 0.243693 0.293594,
        -0.012948 0.244074 0.290881,
        -0.000281 0.244061 0.290970,
        -0.220822 0.240219 0.318312,
        -0.299465 0.240219 0.318312,
        -0.294018 0.234771 0.357070,
        -0.220822 0.240736 0.314629,
        -0.299983 0.240736 0.314629,
        -0.220822 0.244133 0.290460,
        -0.303380 0.244133 0.290460,
        -0.220822 0.245089 0.283658,
        -0.304335 0.245089 0.283658,
        -0.220822 0.246054 0.276789,
        -0.305301 0.246054 0.276789,
        -0.220822 0.246119 0.276327,
        -0.305366 0.246119 0.276327,
        -0.220822 0.255906 0.206693,
        -0.315152 0.255906 0.206693,
        -0.033675 0.249314 0.253595,
        -0.033697 0.248881 0.256672,
        -0.030879 0.246119 0.276327,
        -0.030879 0.255906 0.206693,
        -0.035199 0.255906 0.206693,
        -0.035199 0.249390 0.253053,
        -0.035037 0.248996 0.255857,
        -0.035199 0.249004 0.255800,
        -0.035199 0.248114 0.262131,
        -0.034612 0.248033 0.262710,
        -0.034226 0.247946 0.263330,
        -0.033900 0.247818 0.264241,
        -0.033778 0.247654 0.265403,
        -0.033903 0.247506 0.266463,
        -0.035101 0.248105 0.262196,
        -0.035785 0.249419 0.252844,
        -0.044304 0.248364 0.260355,
        -0.044858 0.248480 0.259533,
        -0.044533 0.247479 0.266653,
        -0.035732 0.247147 0.269013,
        -0.036475 0.247084 0.269458,
        -0.035199 0.246119 0.276327,
        -0.034267 0.247371 0.267419,
        -0.034830 0.247258 0.268221,
        -0.035199 0.247213 0.268545,
        -0.038092 0.247000 0.270063,
        -0.040494 0.246962 0.270330,
        -0.046120 0.246119 0.276327,
        -0.042604 0.246990 0.270130,
        -0.044554 0.247072 0.269548,
        -0.045291 0.248759 0.257539,
        -0.045139 0.248927 0.256345,
        -0.046120 0.255906 0.206693,
        -0.044764 0.249060 0.255404,
        -0.044198 0.249170 0.254621,
        -0.041043 0.249416 0.252866,
        -0.038322 0.249459 0.252565,
        -0.043330 0.249274 0.253880,
        -0.042630 0.249333 0.253460,
        -0.040182 0.247302 0.267912,
        -0.039291 0.247310 0.267852,
        -0.036881 0.247620 0.265649,
        -0.038485 0.247339 0.267647,
        -0.037807 0.247388 0.267296,
        -0.036906 0.247676 0.265252,
        -0.037022 0.247741 0.264789,
        -0.037235 0.247797 0.264385,
        -0.037526 0.247843 0.264063,
        -0.038583 0.247936 0.263399,
        -0.042279 0.247339 0.267645,
        -0.040439 0.248051 0.262583,
        -0.043977 0.247433 0.266981,
        -0.041600 0.248117 0.262109,
        -0.043591 0.248274 0.260994,
        -0.037351 0.247444 0.266902,
        -0.037090 0.247496 0.266525,
        -0.036939 0.247553 0.266124,
        -0.036927 0.249090 0.255186,
        -0.038299 0.248353 0.260434,
        -0.036511 0.248237 0.261261,
        -0.038634 0.249117 0.254995,
        -0.038767 0.249117 0.254995,
        -0.040269 0.248470 0.259601,
        -0.040311 0.249094 0.255156,
        -0.042200 0.248798 0.257269,
        -0.042173 0.248745 0.257640,
        -0.041089 0.249056 0.255431,
        -0.041365 0.249033 0.255594,
        -0.041712 0.248991 0.255896,
        -0.041978 0.248937 0.256278,
        -0.042133 0.248877 0.256701,
        -0.042040 0.248680 0.258106,
        -0.041810 0.248624 0.258502,
        -0.041438 0.248569 0.258892,
        -0.051920 0.247686 0.265177,
        -0.054700 0.248825 0.257072,
        -0.055517 0.248830 0.257042,
        -0.051920 0.255906 0.206693,
        -0.074447 0.255906 0.206693,
        -0.066533 0.249430 0.252769,
        -0.054105 0.250148 0.247661,
        -0.052994 0.250331 0.246360,
        -0.055059 0.249022 0.255670,
        -0.055139 0.249022 0.255670,
        -0.055281 0.248941 0.256251,
        -0.051920 0.246119 0.276327,
        -0.060293 0.247036 0.269802,
        -0.066702 0.246119 0.276327,
        -0.063413 0.247039 0.269780,
        -0.055487 0.249780 0.250280,
        -0.047388 0.250502 0.245144,
        -0.047407 0.250129 0.247795,
        -0.050309 0.247026 0.269872,
        -0.046945 0.247023 0.269896,
        -0.045173 0.248603 0.258652,
        -0.052790 0.250356 0.246177,
        -0.051920 0.250440 0.245584,
        -0.051734 0.250457 0.245457,
        -0.051920 0.248822 0.257097,
        -0.051030 0.250084 0.248117,
        -0.051595 0.249998 0.248725,
        -0.050543 0.250519 0.245017,
        -0.049326 0.250538 0.244887,
        -0.048662 0.250534 0.244915,
        -0.048021 0.250157 0.247591,
        -0.049111 0.250178 0.247443,
        -0.049908 0.250165 0.247535,
        -0.050561 0.250129 0.247793,
        -0.051920 0.249917 0.249301,
        -0.052211 0.249845 0.249817,
        -0.053553 0.249412 0.252896,
        -0.083989 0.249447 0.252646,
        -0.079056 0.246484 0.273732,
        -0.079471 0.249062 0.255390,
        -0.079452 0.249443 0.252678,
        -0.074447 0.249438 0.252713,
        -0.069711 0.247928 0.263460,
        -0.069653 0.249052 0.255459,
        -0.074447 0.247932 0.263427,
        -0.074447 0.249057 0.255425,
        -0.078300 0.247936 0.263400,
        -0.078320 0.247553 0.266124,
        -0.074447 0.247549 0.266151,
        -0.074447 0.246479 0.273764,
        -0.069785 0.246475 0.273797,
        -0.069730 0.247544 0.266184,
        -0.074447 0.246054 0.276789,
        -0.074447 0.246094 0.276501,
        -0.066703 0.246087 0.276555,
        -0.051920 0.246054 0.276789,
        -0.029395 0.247505 0.266469,
        -0.029672 0.247857 0.263961,
        -0.029594 0.249394 0.253028,
        -0.014920 0.255906 0.206693,
        -0.026585 0.249391 0.253049,
        -0.017578 0.247568 0.266016,
        -0.017598 0.247161 0.268910,
        -0.014920 0.246119 0.276327,
        -0.024241 0.247301 0.267917,
        -0.023217 0.247285 0.268031,
        -0.021573 0.247967 0.263178,
        -0.016984 0.248259 0.261103,
        -0.017868 0.248146 0.261903,
        -0.019079 0.248055 0.262555,
        -0.019664 0.247389 0.267294,
        -0.021553 0.247306 0.267885,
        -0.023517 0.246945 0.270449,
        -0.020457 0.246994 0.270102,
        -0.018215 0.247113 0.269258,
        -0.025602 0.246978 0.270213,
        -0.026802 0.247038 0.269789,
        -0.027752 0.247123 0.269183,
        -0.028280 0.247195 0.268672,
        -0.028909 0.247325 0.267748,
        -0.018298 0.249349 0.253344,
        -0.017289 0.249250 0.254051,
        -0.017021 0.249212 0.254318,
        -0.016387 0.249086 0.255213,
        -0.026663 0.247873 0.263848,
        -0.026569 0.247689 0.265157,
        -0.026266 0.247539 0.266224,
        -0.025917 0.247452 0.266841,
        -0.022831 0.249419 0.252852,
        -0.021246 0.249442 0.252685,
        -0.019448 0.249411 0.252905,
        -0.016010 0.248948 0.256199,
        -0.015842 0.248741 0.257673,
        -0.015988 0.248547 0.259049,
        -0.016358 0.248394 0.260139,
        -0.025467 0.247384 0.267324,
        -0.024936 0.247336 0.267670,
        -0.026604 0.249021 0.255676,
        -0.026524 0.249021 0.255676,
        -0.025987 0.249131 0.254892,
        -0.025022 0.249270 0.253909,
        -0.024049 0.249357 0.253285,
        -0.108304 0.249471 0.252475,
        -0.104878 0.249468 0.252499,
        -0.114197 0.246134 0.276222,
        -0.117513 0.246137 0.276198,
        -0.126491 0.249489 0.252347,
        -0.123065 0.249486 0.252372,
        -0.120662 0.248569 0.258895,
        -0.110660 0.248559 0.258965,
        -0.046120 0.246054 0.276789,
        -0.035199 0.246054 0.276789,
        -0.035199 0.245089 0.283658,
        -0.046120 0.245089 0.283658,
        -0.051920 0.245089 0.283658,
        -0.003552 0.240721 0.314735,
        -0.013484 0.240219 0.318312,
        -0.000451 0.240718 0.314757,
        -0.000450 0.240736 0.314629,
        -0.073740 0.242632 0.301140,
        -0.073139 0.243023 0.298359,
        -0.072568 0.241637 0.308218,
        -0.073443 0.241956 0.305946,
        -0.074447 0.240736 0.314629,
        -0.073823 0.242419 0.302652,
        -0.071939 0.243367 0.295907,
        -0.070137 0.243662 0.293812,
        -0.067629 0.243909 0.292056,
        -0.061202 0.240778 0.314330,
        -0.064866 0.240838 0.313904,
        -0.067757 0.240988 0.312835,
        -0.064886 0.244055 0.291013,
        -0.060786 0.244121 0.290546,
        -0.054179 0.244114 0.290592,
        -0.054350 0.240771 0.314379,
        -0.070261 0.241230 0.311117,
        -0.071093 0.241344 0.310300,
        -0.014920 0.240219 0.318312,
        -0.104258 0.240219 0.318312,
        -0.081730 0.240219 0.318312,
        -0.074447 0.240219 0.318312,
        -0.051920 0.240219 0.318312,
        -0.046120 0.240219 0.318312,
        -0.035199 0.240219 0.318312,
        -0.220822 0.234771 0.357070,
        -0.104258 0.234771 0.357070,
        -0.081730 0.234771 0.357070,
        -0.074447 0.234771 0.357070,
        -0.051920 0.234771 0.357070,
        -0.046120 0.234771 0.357070,
        -0.035199 0.234771 0.357070,
        -0.030879 0.234771 0.357070,
        -0.014920 0.234771 0.357070,
        -0.013484 0.234771 0.357070,
        -0.294018 0.215278 0.374016,
        -0.294018 -0.215278 0.374016,
        -0.257074 0.215278 0.374016,
        -0.257074 -0.215278 0.374016,
        0.294018 -0.215278 0.374016,
        0.294018 0.215278 0.374016,
        -0.220179 -0.215278 0.374016,
        -0.220179 0.215278 0.374016,
        -0.294018 -0.215278 0.039370,
        -0.294018 0.215278 0.039370,
        0.294018 -0.215278 0.039370,
        0.294018 0.215278 0.039370,
        0.294018 -0.234771 0.357070,
        -0.294018 -0.234771 0.357070,
        0.315152 -0.255906 0.206693,
        -0.315152 -0.255906 0.206693,
        0.334646 0.059055 0.206693,
        0.334646 0.236412 0.206693,
        0.331879 0.059055 0.226378,
        0.313511 0.215278 0.357070,
        0.331879 -0.059055 0.226378,
        0.313511 -0.215278 0.357070,
        0.334646 -0.059055 0.206693,
        0.334646 -0.236412 0.206693,
        -0.334646 -0.059055 0.206693,
        -0.334646 -0.236412 0.206693,
        -0.331879 -0.059055 0.226378,
        -0.313511 -0.215278 0.357070,
        -0.331879 0.059055 0.226378,
        -0.313511 0.215278 0.357070,
        -0.334646 0.059055 0.206693,
        -0.334646 0.236412 0.206693,
        0.294018 -0.234771 0.056315,
        -0.294018 -0.234771 0.056315,
        0.331879 -0.059055 0.187008,
        0.313511 -0.215278 0.056315,
        0.331879 0.059055 0.187008,
        0.313511 0.215278 0.056315,
        -0.331879 0.059055 0.187008,
        -0.313511 0.215278 0.056315,
        -0.331879 -0.059055 0.187008,
        -0.313511 -0.215278 0.056315,
        0.294018 0.234771 0.056315,
        -0.294018 0.234771 0.056315,
        -0.294018 0.219928 0.373455,
        -0.257074 0.216522 0.373976,
        -0.220179 0.216522 0.373976,
        0.294018 0.219928 0.373455,
        0.294018 0.233624 0.361467,
        -0.294018 0.233624 0.361467,
        0.294018 0.233558 0.361591,
        -0.294018 0.233558 0.361591,
        0.294018 0.231402 0.365623,
        -0.294018 0.231402 0.365623,
        0.294018 0.231327 0.365706,
        -0.294018 0.231327 0.365706,
        0.294018 0.228256 0.369131,
        -0.294018 0.228256 0.369131,
        0.294018 0.228187 0.369179,
        -0.294018 0.228187 0.369179,
        0.294018 0.224367 0.371792,
        -0.294018 0.224367 0.371792,
        0.294018 0.224314 0.371812,
        -0.294018 0.224314 0.371812,
        0.294018 0.219956 0.373452,
        -0.294018 0.219956 0.373452,
        0.297606 0.230998 0.365623,
        0.296906 0.227931 0.369131,
        0.296041 0.224139 0.371792,
        0.295059 0.219839 0.373452,
        0.296048 0.219493 0.373452,
        0.298233 0.217308 0.373452,
        0.297676 0.218195 0.373452,
        0.298579 0.216319 0.373452,
        0.298326 0.234128 0.357585,
        0.298100 0.233164 0.361467,
        0.299004 0.234027 0.357667,
        0.301978 0.231807 0.361467,
        0.302362 0.232590 0.357936,
        0.303657 0.232035 0.358041,
        0.305456 0.229621 0.361467,
        0.305963 0.230252 0.358114,
        0.307670 0.228930 0.358168,
        0.308361 0.226716 0.361467,
        0.308992 0.227222 0.358114,
        0.310776 0.224917 0.358041,
        0.310547 0.223238 0.361467,
        0.311330 0.223622 0.357936,
        0.312767 0.220263 0.357667,
        0.311904 0.219360 0.361467,
        0.312868 0.219586 0.357585,
        0.312364 0.215278 0.361467,
        0.298669 0.215278 0.373455,
        0.299685 0.222384 0.371792,
        0.301124 0.220944 0.371792,
        0.302207 0.219221 0.371792,
        0.302879 0.217300 0.371792,
        0.297961 0.223467 0.371792,
        0.296935 0.218935 0.373452,
        0.298696 0.215278 0.373452,
        0.303054 0.215278 0.371812,
        0.303107 0.215278 0.371792,
        0.306927 0.215278 0.369179,
        0.299649 0.226971 0.369131,
        0.302110 0.225425 0.369131,
        0.304165 0.223370 0.369131,
        0.305711 0.220909 0.369131,
        0.306671 0.218166 0.369131,
        0.301014 0.229805 0.365623,
        0.304071 0.227884 0.365623,
        0.306624 0.225331 0.365623,
        0.308545 0.222274 0.365623,
        0.309738 0.218866 0.365623,
        0.306996 0.215278 0.369131,
        0.310067 0.215278 0.365706,
        0.310142 0.215278 0.365623,
        0.312298 0.215278 0.361591,
        -0.310067 0.215278 0.365706,
        -0.306996 0.215278 0.369131,
        -0.306554 0.218637 0.369131,
        -0.302797 0.217630 0.371792,
        -0.298537 0.216489 0.373452,
        -0.298070 0.217617 0.373452,
        -0.296357 0.219330 0.373452,
        -0.297326 0.218586 0.373452,
        -0.295229 0.219797 0.373452,
        -0.298669 0.215278 0.373455,
        -0.311739 0.220026 0.361467,
        -0.312752 0.220297 0.357669,
        -0.312767 0.220263 0.357667,
        -0.310776 0.224917 0.358041,
        -0.309906 0.224451 0.361467,
        -0.310757 0.224941 0.358041,
        -0.306991 0.228250 0.361467,
        -0.307670 0.228930 0.358168,
        -0.303191 0.231166 0.361467,
        -0.303681 0.232017 0.358041,
        -0.303657 0.232035 0.358041,
        -0.298766 0.232998 0.361467,
        -0.299037 0.234012 0.357669,
        -0.299004 0.234027 0.357667,
        -0.306927 0.215278 0.369179,
        -0.303107 0.215278 0.371792,
        -0.303054 0.215278 0.371812,
        -0.298696 0.215278 0.373452,
        -0.301889 0.219822 0.371792,
        -0.300445 0.221705 0.371792,
        -0.298563 0.223149 0.371792,
        -0.296370 0.224057 0.371792,
        -0.305257 0.221767 0.369131,
        -0.303195 0.224455 0.369131,
        -0.300507 0.226517 0.369131,
        -0.297377 0.227814 0.369131,
        -0.312298 0.215278 0.361591,
        -0.310142 0.215278 0.365623,
        -0.309593 0.219451 0.365623,
        -0.307982 0.223340 0.365623,
        -0.305419 0.226679 0.365623,
        -0.302080 0.229242 0.365623,
        -0.298191 0.230852 0.365623,
        -0.312364 0.215278 0.361467,
        0.312364 -0.215278 0.361467,
        0.312298 -0.215278 0.361591,
        0.310142 -0.215278 0.365623,
        0.310067 -0.215278 0.365706,
        0.306996 -0.215278 0.369131,
        0.306927 -0.215278 0.369179,
        0.303107 -0.215278 0.371792,
        0.303054 -0.215278 0.371812,
        0.298696 -0.215278 0.373452,
        0.298669 -0.215278 0.373455,
        0.320221 0.255244 0.206693,
        0.322640 0.254429 0.206693,
        0.324928 0.253306 0.206693,
        0.327046 0.251895 0.206693,
        0.328959 0.250219 0.206693,
        0.330635 0.248306 0.206693,
        0.332046 0.246188 0.206693,
        0.333169 0.243900 0.206693,
        0.333985 0.241481 0.206693,
        -0.333985 0.241481 0.206693,
        -0.333169 0.243900 0.206693,
        -0.332046 0.246188 0.206693,
        -0.330635 0.248306 0.206693,
        -0.328959 0.250219 0.206693,
        -0.327046 0.251895 0.206693,
        -0.324928 0.253306 0.206693,
        -0.322640 0.254429 0.206693,
        -0.320221 0.255244 0.206693,
        -0.312364 -0.215278 0.361467,
        -0.312298 -0.215278 0.361591,
        -0.310142 -0.215278 0.365623,
        -0.310067 -0.215278 0.365706,
        -0.306996 -0.215278 0.369131,
        -0.306927 -0.215278 0.369179,
        -0.303107 -0.215278 0.371792,
        -0.303054 -0.215278 0.371812,
        -0.298696 -0.215278 0.373452,
        -0.298669 -0.215278 0.373455,
        0.294018 -0.219928 0.373455,
        -0.257074 -0.216522 0.373976,
        -0.294018 -0.219928 0.373455,
        -0.220179 -0.216522 0.373976,
        -0.294018 -0.233624 0.361467,
        0.294018 -0.233624 0.361467,
        -0.294018 -0.233558 0.361591,
        0.294018 -0.233558 0.361591,
        -0.294018 -0.231402 0.365623,
        0.294018 -0.231402 0.365623,
        -0.294018 -0.231327 0.365706,
        0.294018 -0.231327 0.365706,
        -0.294018 -0.228256 0.369131,
        0.294018 -0.228256 0.369131,
        -0.294018 -0.228187 0.369179,
        0.294018 -0.228187 0.369179,
        -0.294018 -0.224367 0.371792,
        0.294018 -0.224367 0.371792,
        -0.294018 -0.224314 0.371812,
        0.294018 -0.224314 0.371812,
        -0.294018 -0.219956 0.373452,
        0.294018 -0.219956 0.373452,
        0.306554 -0.218637 0.369131,
        0.302797 -0.217630 0.371792,
        0.298537 -0.216489 0.373452,
        0.298070 -0.217617 0.373452,
        0.296357 -0.219330 0.373452,
        0.297326 -0.218586 0.373452,
        0.295229 -0.219797 0.373452,
        0.311739 -0.220026 0.361467,
        0.312752 -0.220297 0.357669,
        0.312767 -0.220263 0.357667,
        0.310776 -0.224917 0.358041,
        0.309906 -0.224451 0.361467,
        0.310757 -0.224941 0.358041,
        0.306991 -0.228250 0.361467,
        0.307670 -0.228930 0.358168,
        0.303191 -0.231166 0.361467,
        0.303681 -0.232017 0.358041,
        0.303657 -0.232035 0.358041,
        0.298766 -0.232998 0.361467,
        0.299037 -0.234012 0.357669,
        0.299004 -0.234027 0.357667,
        0.301889 -0.219822 0.371792,
        0.300445 -0.221705 0.371792,
        0.298563 -0.223149 0.371792,
        0.296370 -0.224057 0.371792,
        0.305257 -0.221767 0.369131,
        0.303195 -0.224455 0.369131,
        0.300507 -0.226517 0.369131,
        0.297377 -0.227814 0.369131,
        0.309593 -0.219451 0.365623,
        0.307982 -0.223340 0.365623,
        0.305419 -0.226679 0.365623,
        0.302080 -0.229242 0.365623,
        0.298191 -0.230852 0.365623,
        0.312767 0.220263 0.055719,
        0.312752 0.220297 0.055717,
        0.310776 0.224917 0.055345,
        0.310757 0.224941 0.055344,
        0.307670 0.228930 0.055218,
        0.303681 0.232017 0.055344,
        0.303657 0.232035 0.055345,
        0.299037 0.234012 0.055717,
        0.299004 0.234027 0.055719,
        -0.294018 0.233624 0.051919,
        0.294018 0.233624 0.051919,
        -0.294018 0.233558 0.051795,
        0.294018 0.233558 0.051795,
        -0.294018 0.231402 0.047763,
        0.294018 0.231402 0.047763,
        -0.294018 0.231327 0.047680,
        0.294018 0.231327 0.047680,
        -0.294018 0.228256 0.044254,
        0.294018 0.228256 0.044254,
        -0.294018 0.228187 0.044207,
        0.294018 0.228187 0.044207,
        -0.294018 0.224367 0.041594,
        0.294018 0.224367 0.041594,
        -0.294018 0.224314 0.041574,
        0.294018 0.224314 0.041574,
        -0.294018 0.219956 0.039934,
        0.294018 0.219956 0.039934,
        -0.294018 0.219928 0.039931,
        0.294018 0.219928 0.039931,
        -0.299004 0.234027 0.055719,
        -0.299037 0.234012 0.055717,
        -0.303657 0.232035 0.055345,
        -0.303681 0.232017 0.055344,
        -0.307670 0.228930 0.055218,
        -0.310757 0.224941 0.055344,
        -0.310776 0.224917 0.055345,
        -0.312752 0.220297 0.055717,
        -0.312767 0.220263 0.055719,
        -0.297377 -0.227814 0.369131,
        -0.296370 -0.224057 0.371792,
        -0.295229 -0.219797 0.373452,
        -0.296357 -0.219330 0.373452,
        -0.298070 -0.217617 0.373452,
        -0.297326 -0.218586 0.373452,
        -0.298537 -0.216489 0.373452,
        -0.298766 -0.232998 0.361467,
        -0.299037 -0.234012 0.357669,
        -0.299004 -0.234027 0.357667,
        -0.303657 -0.232035 0.358041,
        -0.303191 -0.231166 0.361467,
        -0.303681 -0.232017 0.358041,
        -0.306991 -0.228250 0.361467,
        -0.307670 -0.228930 0.358168,
        -0.309906 -0.224451 0.361467,
        -0.310757 -0.224941 0.358041,
        -0.310776 -0.224917 0.358041,
        -0.311739 -0.220026 0.361467,
        -0.312752 -0.220297 0.357669,
        -0.312767 -0.220263 0.357667,
        -0.298563 -0.223149 0.371792,
        -0.300445 -0.221705 0.371792,
        -0.301889 -0.219822 0.371792,
        -0.302797 -0.217630 0.371792,
        -0.300507 -0.226517 0.369131,
        -0.303195 -0.224455 0.369131,
        -0.305257 -0.221767 0.369131,
        -0.306554 -0.218637 0.369131,
        -0.298191 -0.230852 0.365623,
        -0.302080 -0.229242 0.365623,
        -0.305419 -0.226679 0.365623,
        -0.307982 -0.223340 0.365623,
        -0.309593 -0.219451 0.365623,
        0.333985 -0.241481 0.206693,
        0.333169 -0.243900 0.206693,
        0.332046 -0.246188 0.206693,
        0.330635 -0.248306 0.206693,
        0.328959 -0.250219 0.206693,
        0.327046 -0.251895 0.206693,
        0.324928 -0.253306 0.206693,
        0.322640 -0.254429 0.206693,
        0.320221 -0.255244 0.206693,
        0.310067 0.215278 0.047680,
        0.306996 0.215278 0.044254,
        0.306554 0.218637 0.044254,
        0.302797 0.217630 0.041594,
        0.298537 0.216489 0.039934,
        0.298070 0.217617 0.039934,
        0.296357 0.219330 0.039934,
        0.297326 0.218586 0.039934,
        0.295229 0.219797 0.039934,
        0.298669 0.215278 0.039931,
        0.311739 0.220026 0.051919,
        0.309906 0.224451 0.051919,
        0.306991 0.228250 0.051919,
        0.303191 0.231166 0.051919,
        0.298766 0.232998 0.051919,
        0.306927 0.215278 0.044207,
        0.303107 0.215278 0.041594,
        0.303054 0.215278 0.041574,
        0.298696 0.215278 0.039934,
        0.301889 0.219822 0.041594,
        0.300445 0.221705 0.041594,
        0.298563 0.223149 0.041594,
        0.296370 0.224057 0.041594,
        0.305257 0.221767 0.044254,
        0.303195 0.224455 0.044254,
        0.300507 0.226517 0.044254,
        0.297377 0.227814 0.044254,
        0.312298 0.215278 0.051795,
        0.310142 0.215278 0.047763,
        0.309593 0.219451 0.047763,
        0.307982 0.223340 0.047763,
        0.305419 0.226679 0.047763,
        0.302080 0.229242 0.047763,
        0.298191 0.230852 0.047763,
        0.312364 0.215278 0.051919,
        -0.297377 0.227814 0.044254,
        -0.296370 0.224057 0.041594,
        -0.295229 0.219797 0.039934,
        -0.296357 0.219330 0.039934,
        -0.298070 0.217617 0.039934,
        -0.297326 0.218586 0.039934,
        -0.298537 0.216489 0.039934,
        -0.298766 0.232998 0.051919,
        -0.303191 0.231166 0.051919,
        -0.306991 0.228250 0.051919,
        -0.309906 0.224451 0.051919,
        -0.311739 0.220026 0.051919,
        -0.312364 0.215278 0.051919,
        -0.298669 0.215278 0.039931,
        -0.298563 0.223149 0.041594,
        -0.300445 0.221705 0.041594,
        -0.301889 0.219822 0.041594,
        -0.302797 0.217630 0.041594,
        -0.298696 0.215278 0.039934,
        -0.303054 0.215278 0.041574,
        -0.303107 0.215278 0.041594,
        -0.306927 0.215278 0.044207,
        -0.300507 0.226517 0.044254,
        -0.303195 0.224455 0.044254,
        -0.305257 0.221767 0.044254,
        -0.306554 0.218637 0.044254,
        -0.298191 0.230852 0.047763,
        -0.302080 0.229242 0.047763,
        -0.305419 0.226679 0.047763,
        -0.307982 0.223340 0.047763,
        -0.309593 0.219451 0.047763,
        -0.306996 0.215278 0.044254,
        -0.310067 0.215278 0.047680,
        -0.310142 0.215278 0.047763,
        -0.312298 0.215278 0.051795,
        -0.320221 -0.255244 0.206693,
        -0.322640 -0.254429 0.206693,
        -0.324928 -0.253306 0.206693,
        -0.327046 -0.251895 0.206693,
        -0.328959 -0.250219 0.206693,
        -0.330635 -0.248306 0.206693,
        -0.332046 -0.246188 0.206693,
        -0.333169 -0.243900 0.206693,
        -0.333985 -0.241481 0.206693,
        0.298326 -0.234128 0.055800,
        0.299004 -0.234027 0.055719,
        0.302362 -0.232590 0.055450,
        0.303657 -0.232035 0.055345,
        0.305963 -0.230252 0.055272,
        0.307670 -0.228930 0.055218,
        0.308992 -0.227222 0.055272,
        0.310776 -0.224917 0.055345,
        0.311330 -0.223622 0.055450,
        0.312767 -0.220263 0.055719,
        0.312868 -0.219586 0.055800,
        0.312364 -0.215278 0.051919,
        0.312298 -0.215278 0.051795,
        0.310142 -0.215278 0.047763,
        0.310067 -0.215278 0.047680,
        0.306996 -0.215278 0.044254,
        0.306927 -0.215278 0.044207,
        0.303107 -0.215278 0.041594,
        0.303054 -0.215278 0.041574,
        0.298696 -0.215278 0.039934,
        0.298669 -0.215278 0.039931,
        -0.312364 -0.215278 0.051919,
        -0.312298 -0.215278 0.051795,
        -0.310142 -0.215278 0.047763,
        -0.310067 -0.215278 0.047680,
        -0.306996 -0.215278 0.044254,
        -0.306927 -0.215278 0.044207,
        -0.303107 -0.215278 0.041594,
        -0.303054 -0.215278 0.041574,
        -0.298696 -0.215278 0.039934,
        -0.298669 -0.215278 0.039931,
        -0.312767 -0.220263 0.055719,
        -0.312752 -0.220297 0.055717,
        -0.310776 -0.224917 0.055345,
        -0.310757 -0.224941 0.055344,
        -0.307670 -0.228930 0.055218,
        -0.303681 -0.232017 0.055344,
        -0.303657 -0.232035 0.055345,
        -0.299037 -0.234012 0.055717,
        -0.299004 -0.234027 0.055719,
        0.294018 -0.233558 0.051795,
        0.294018 -0.231402 0.047763,
        0.297606 -0.230998 0.047763,
        0.294018 -0.231327 0.047680,
        0.294018 -0.228256 0.044254,
        0.296906 -0.227931 0.044254,
        0.296041 -0.224139 0.041594,
        0.295059 -0.219839 0.039934,
        0.296048 -0.219493 0.039934,
        0.298233 -0.217308 0.039934,
        0.297676 -0.218195 0.039934,
        0.298579 -0.216319 0.039934,
        0.294018 -0.219928 0.039931,
        0.298100 -0.233164 0.051919,
        0.301978 -0.231807 0.051919,
        0.305456 -0.229621 0.051919,
        0.308361 -0.226716 0.051919,
        0.310547 -0.223238 0.051919,
        0.311904 -0.219360 0.051919,
        0.294018 -0.228187 0.044207,
        0.294018 -0.224367 0.041594,
        0.294018 -0.224314 0.041574,
        0.294018 -0.219956 0.039934,
        0.299685 -0.222384 0.041594,
        0.301124 -0.220944 0.041594,
        0.302207 -0.219221 0.041594,
        0.302879 -0.217300 0.041594,
        0.297961 -0.223467 0.041594,
        0.296935 -0.218935 0.039934,
        0.299649 -0.226971 0.044254,
        0.302110 -0.225425 0.044254,
        0.304165 -0.223370 0.044254,
        0.305711 -0.220909 0.044254,
        0.306671 -0.218166 0.044254,
        0.301014 -0.229805 0.047763,
        0.304071 -0.227884 0.047763,
        0.306624 -0.225331 0.047763,
        0.308545 -0.222274 0.047763,
        0.309738 -0.218866 0.047763,
        0.294018 -0.233624 0.051919,
        -0.306554 -0.218637 0.044254,
        -0.302797 -0.217630 0.041594,
        -0.298537 -0.216489 0.039934,
        -0.298070 -0.217617 0.039934,
        -0.296357 -0.219330 0.039934,
        -0.297326 -0.218586 0.039934,
        -0.295229 -0.219797 0.039934,
        -0.311739 -0.220026 0.051919,
        -0.309906 -0.224451 0.051919,
        -0.306991 -0.228250 0.051919,
        -0.303191 -0.231166 0.051919,
        -0.298766 -0.232998 0.051919,
        -0.294018 -0.233624 0.051919,
        -0.294018 -0.219928 0.039931,
        -0.301889 -0.219822 0.041594,
        -0.300445 -0.221705 0.041594,
        -0.298563 -0.223149 0.041594,
        -0.296370 -0.224057 0.041594,
        -0.294018 -0.219956 0.039934,
        -0.294018 -0.224314 0.041574,
        -0.294018 -0.224367 0.041594,
        -0.294018 -0.228187 0.044207,
        -0.305257 -0.221767 0.044254,
        -0.303195 -0.224455 0.044254,
        -0.300507 -0.226517 0.044254,
        -0.297377 -0.227814 0.044254,
        -0.309593 -0.219451 0.047763,
        -0.307982 -0.223340 0.047763,
        -0.305419 -0.226679 0.047763,
        -0.302080 -0.229242 0.047763,
        -0.298191 -0.230852 0.047763,
        -0.294018 -0.228256 0.044254,
        -0.294018 -0.231327 0.047680,
        -0.294018 -0.231402 0.047763,
        -0.294018 -0.233558 0.051795,
      ]
    }
    coordIndex [
      0, 1, 2, -1,
      3, 4, 5, -1,
      6, 7, 8, -1,
      9, 10, 11, -1,
      12, 13, 14, -1,
      15, 16, 17, -1,
      18, 19, 20, -1,
      20, 19, 0, -1,
      21, 22, 20, -1,
      20, 22, 23, -1,
      20, 23, 24, -1,
      24, 25, 20, -1,
      20, 25, 26, -1,
      20, 26, 18, -1,
      21, 20, 27, -1,
      27, 20, 28, -1,
      27, 28, 29, -1,
      30, 31, 32, -1,
      30, 32, 33, -1,
      33, 32, 34, -1,
      33, 34, 35, -1,
      35, 34, 36, -1,
      35, 36, 37, -1,
      38, 39, 36, -1,
      36, 39, 40, -1,
      36, 40, 37, -1,
      41, 42, 38, -1,
      42, 43, 38, -1,
      38, 43, 44, -1,
      38, 44, 39, -1,
      39, 44, 45, -1,
      39, 45, 46, -1,
      46, 45, 47, -1,
      46, 47, 48, -1,
      49, 50, 51, -1,
      51, 52, 49, -1,
      49, 52, 53, -1,
      49, 53, 38, -1,
      38, 53, 54, -1,
      38, 54, 41, -1,
      55, 56, 57, -1,
      57, 56, 58, -1,
      57, 58, 50, -1,
      50, 58, 59, -1,
      50, 59, 51, -1,
      60, 61, 62, -1,
      63, 64, 65, -1,
      60, 62, 66, -1,
      61, 67, 62, -1,
      62, 67, 68, -1,
      62, 68, 69, -1,
      70, 71, 65, -1,
      65, 71, 72, -1,
      64, 73, 65, -1,
      65, 73, 74, -1,
      65, 74, 55, -1,
      55, 74, 75, -1,
      55, 75, 56, -1,
      76, 77, 78, -1,
      78, 77, 79, -1,
      78, 79, 80, -1,
      78, 81, 82, -1,
      82, 83, 78, -1,
      78, 83, 84, -1,
      78, 84, 85, -1,
      86, 87, 62, -1,
      62, 87, 88, -1,
      62, 88, 89, -1,
      80, 90, 78, -1,
      78, 90, 91, -1,
      78, 91, 92, -1,
      93, 94, 95, -1,
      95, 94, 96, -1,
      95, 96, 62, -1,
      62, 96, 97, -1,
      62, 97, 66, -1,
      85, 98, 78, -1,
      78, 98, 99, -1,
      78, 99, 65, -1,
      65, 99, 100, -1,
      65, 100, 70, -1,
      72, 101, 65, -1,
      65, 101, 102, -1,
      65, 102, 63, -1,
      92, 103, 78, -1,
      78, 103, 104, -1,
      78, 104, 81, -1,
      104, 105, 81, -1,
      81, 105, 106, -1,
      81, 106, 107, -1,
      107, 108, 81, -1,
      81, 108, 109, -1,
      81, 109, 110, -1,
      110, 109, 93, -1,
      110, 93, 111, -1,
      111, 93, 95, -1,
      69, 112, 62, -1,
      62, 112, 113, -1,
      62, 113, 114, -1,
      114, 115, 62, -1,
      62, 115, 116, -1,
      62, 116, 86, -1,
      88, 117, 89, -1,
      89, 117, 118, -1,
      89, 118, 119, -1,
      119, 118, 120, -1,
      121, 17, 122, -1,
      122, 17, 123, -1,
      122, 123, 124, -1,
      124, 123, 125, -1,
      120, 126, 119, -1,
      119, 126, 127, -1,
      119, 127, 123, -1,
      123, 127, 128, -1,
      123, 128, 125, -1,
      15, 129, 16, -1,
      16, 129, 130, -1,
      16, 130, 131, -1,
      132, 133, 134, -1,
      134, 133, 135, -1,
      134, 135, 121, -1,
      121, 135, 136, -1,
      121, 136, 17, -1,
      17, 136, 137, -1,
      17, 137, 15, -1,
      138, 139, 134, -1,
      134, 139, 140, -1,
      134, 140, 132, -1,
      138, 141, 139, -1,
      139, 141, 142, -1,
      139, 142, 143, -1,
      144, 145, 146, -1,
      146, 125, 144, -1,
      144, 125, 128, -1,
      144, 128, 147, -1,
      147, 128, 148, -1,
      148, 149, 147, -1,
      147, 149, 150, -1,
      147, 150, 151, -1,
      152, 153, 154, -1,
      152, 154, 155, -1,
      156, 154, 157, -1,
      145, 144, 156, -1,
      156, 144, 158, -1,
      156, 158, 154, -1,
      154, 158, 159, -1,
      154, 159, 155, -1,
      157, 160, 156, -1,
      156, 160, 161, -1,
      156, 161, 162, -1,
      153, 163, 154, -1,
      154, 163, 164, -1,
      154, 164, 165, -1,
      165, 164, 166, -1,
      166, 164, 167, -1,
      167, 164, 168, -1,
      167, 168, 169, -1,
      170, 171, 162, -1,
      162, 171, 172, -1,
      162, 172, 156, -1,
      173, 174, 175, -1,
      1, 176, 173, -1,
      173, 176, 177, -1,
      173, 177, 174, -1,
      19, 178, 0, -1,
      0, 178, 179, -1,
      0, 179, 1, -1,
      1, 179, 180, -1,
      1, 180, 176, -1,
      181, 182, 183, -1,
      184, 185, 186, -1,
      186, 185, 187, -1,
      187, 188, 186, -1,
      186, 188, 189, -1,
      186, 189, 190, -1,
      191, 192, 186, -1,
      186, 192, 193, -1,
      186, 193, 184, -1,
      194, 195, 183, -1,
      183, 195, 196, -1,
      183, 196, 181, -1,
      197, 198, 199, -1,
      199, 198, 200, -1,
      199, 200, 201, -1,
      201, 200, 202, -1,
      201, 202, 183, -1,
      183, 202, 203, -1,
      183, 203, 194, -1,
      204, 205, 206, -1,
      207, 208, 209, -1,
      209, 208, 210, -1,
      206, 211, 204, -1,
      204, 211, 212, -1,
      204, 212, 213, -1,
      213, 212, 214, -1,
      213, 214, 215, -1,
      215, 214, 216, -1,
      216, 214, 2, -1,
      216, 2, 217, -1,
      217, 2, 1, -1,
      217, 1, 218, -1,
      218, 1, 173, -1,
      218, 173, 76, -1,
      76, 173, 175, -1,
      76, 175, 77, -1,
      211, 209, 212, -1,
      212, 209, 210, -1,
      212, 210, 219, -1,
      219, 210, 220, -1,
      219, 220, 78, -1,
      78, 220, 221, -1,
      78, 221, 76, -1,
      76, 221, 222, -1,
      76, 222, 218, -1,
      223, 224, 225, -1,
      226, 227, 228, -1,
      228, 227, 229, -1,
      226, 230, 231, -1,
      231, 230, 232, -1,
      231, 232, 233, -1,
      232, 234, 233, -1,
      233, 234, 235, -1,
      233, 235, 236, -1,
      237, 235, 238, -1,
      238, 235, 234, -1,
      238, 234, 239, -1,
      239, 234, 232, -1,
      239, 232, 240, -1,
      240, 232, 241, -1,
      240, 241, 242, -1,
      242, 241, 243, -1,
      242, 243, 225, -1,
      225, 243, 244, -1,
      225, 244, 223, -1,
      245, 246, 247, -1,
      248, 249, 250, -1,
      251, 252, 249, -1,
      249, 252, 246, -1,
      249, 246, 250, -1,
      250, 246, 245, -1,
      250, 253, 248, -1,
      248, 253, 254, -1,
      248, 254, 255, -1,
      256, 257, 258, -1,
      259, 260, 247, -1,
      247, 260, 261, -1,
      247, 261, 245, -1,
      262, 263, 264, -1,
      264, 263, 265, -1,
      264, 265, 251, -1,
      251, 265, 266, -1,
      251, 266, 252, -1,
      252, 266, 267, -1,
      252, 267, 258, -1,
      258, 267, 268, -1,
      258, 268, 256, -1,
      269, 270, 259, -1,
      259, 270, 271, -1,
      259, 271, 272, -1,
      273, 274, 275, -1,
      275, 274, 276, -1,
      275, 276, 277, -1,
      277, 276, 278, -1,
      277, 278, 272, -1,
      272, 278, 257, -1,
      272, 257, 259, -1,
      259, 257, 256, -1,
      259, 256, 260, -1,
      279, 280, 275, -1,
      275, 280, 281, -1,
      275, 281, 282, -1,
      283, 284, 285, -1,
      285, 284, 286, -1,
      279, 287, 280, -1,
      280, 287, 288, -1,
      280, 288, 289, -1,
      289, 288, 286, -1,
      289, 286, 290, -1,
      290, 286, 284, -1,
      282, 291, 275, -1,
      275, 291, 292, -1,
      275, 292, 293, -1,
      293, 294, 275, -1,
      275, 294, 295, -1,
      275, 295, 273, -1,
      296, 297, 298, -1,
      298, 297, 299, -1,
      298, 299, 300, -1,
      14, 301, 302, -1,
      302, 303, 14, -1,
      14, 303, 304, -1,
      14, 304, 12, -1,
      305, 306, 14, -1,
      14, 306, 307, -1,
      14, 307, 301, -1,
      308, 309, 310, -1,
      310, 309, 311, -1,
      310, 311, 305, -1,
      305, 311, 312, -1,
      305, 312, 306, -1,
      313, 314, 315, -1,
      316, 317, 313, -1,
      313, 317, 318, -1,
      313, 318, 314, -1,
      319, 320, 321, -1,
      316, 313, 321, -1,
      321, 313, 3, -1,
      321, 3, 319, -1,
      278, 322, 257, -1,
      257, 322, 323, -1,
      257, 323, 11, -1,
      11, 323, 324, -1,
      11, 324, 9, -1,
      325, 326, 305, -1,
      305, 326, 327, -1,
      305, 327, 310, -1,
      310, 327, 328, -1,
      310, 328, 329, -1,
      330, 331, 332, -1,
      331, 333, 334, -1,
      334, 333, 335, -1,
      334, 335, 336, -1,
      336, 335, 337, -1,
      336, 337, 338, -1,
      338, 337, 339, -1,
      338, 339, 340, -1,
      340, 339, 341, -1,
      340, 341, 342, -1,
      342, 341, 343, -1,
      342, 343, 344, -1,
      345, 346, 347, -1,
      348, 349, 350, -1,
      351, 352, 353, -1,
      354, 355, 346, -1,
      346, 355, 356, -1,
      346, 356, 347, -1,
      347, 356, 357, -1,
      347, 357, 358, -1,
      351, 353, 346, -1,
      346, 353, 359, -1,
      346, 359, 354, -1,
      350, 349, 360, -1,
      361, 362, 363, -1,
      364, 365, 366, -1,
      358, 367, 347, -1,
      347, 367, 368, -1,
      347, 368, 366, -1,
      366, 368, 369, -1,
      366, 369, 364, -1,
      365, 370, 366, -1,
      366, 370, 371, -1,
      366, 371, 372, -1,
      371, 373, 372, -1,
      372, 373, 374, -1,
      372, 374, 363, -1,
      375, 376, 377, -1,
      377, 376, 378, -1,
      377, 378, 379, -1,
      377, 380, 349, -1,
      349, 380, 381, -1,
      349, 381, 360, -1,
      379, 382, 377, -1,
      377, 382, 383, -1,
      377, 383, 380, -1,
      384, 385, 386, -1,
      386, 385, 387, -1,
      386, 387, 388, -1,
      386, 389, 384, -1,
      384, 389, 390, -1,
      384, 390, 391, -1,
      391, 392, 384, -1,
      384, 392, 393, -1,
      384, 393, 394, -1,
      394, 393, 395, -1,
      394, 395, 396, -1,
      396, 395, 397, -1,
      396, 397, 363, -1,
      363, 397, 398, -1,
      363, 398, 361, -1,
      399, 400, 388, -1,
      388, 400, 401, -1,
      388, 401, 386, -1,
      402, 403, 352, -1,
      352, 403, 404, -1,
      352, 404, 353, -1,
      402, 405, 403, -1,
      403, 405, 406, -1,
      403, 406, 407, -1,
      407, 406, 408, -1,
      407, 409, 410, -1,
      408, 411, 407, -1,
      407, 411, 412, -1,
      407, 412, 413, -1,
      413, 414, 407, -1,
      407, 414, 415, -1,
      407, 415, 409, -1,
      410, 416, 407, -1,
      407, 416, 417, -1,
      407, 417, 418, -1,
      419, 420, 421, -1,
      422, 423, 424, -1,
      424, 425, 426, -1,
      427, 428, 420, -1,
      420, 428, 429, -1,
      420, 429, 421, -1,
      430, 431, 432, -1,
      432, 431, 433, -1,
      432, 433, 424, -1,
      424, 433, 434, -1,
      424, 434, 425, -1,
      435, 436, 372, -1,
      421, 431, 419, -1,
      419, 431, 430, -1,
      419, 430, 437, -1,
      437, 430, 438, -1,
      362, 439, 363, -1,
      363, 439, 375, -1,
      363, 375, 372, -1,
      372, 375, 377, -1,
      372, 377, 435, -1,
      426, 440, 424, -1,
      424, 440, 441, -1,
      424, 441, 422, -1,
      422, 441, 442, -1,
      443, 444, 445, -1,
      442, 446, 422, -1,
      422, 446, 447, -1,
      422, 447, 377, -1,
      377, 447, 448, -1,
      377, 448, 435, -1,
      430, 372, 438, -1,
      438, 372, 436, -1,
      438, 436, 443, -1,
      443, 436, 449, -1,
      443, 449, 450, -1,
      450, 451, 443, -1,
      443, 451, 452, -1,
      443, 452, 444, -1,
      445, 453, 443, -1,
      443, 453, 454, -1,
      443, 454, 455, -1,
      189, 456, 190, -1,
      190, 456, 8, -1,
      190, 8, 457, -1,
      457, 8, 7, -1,
      457, 458, 190, -1,
      190, 458, 459, -1,
      190, 459, 423, -1,
      423, 459, 460, -1,
      423, 460, 424, -1,
      461, 462, 463, -1,
      463, 462, 464, -1,
      463, 464, 465, -1,
      465, 464, 458, -1,
      465, 458, 466, -1,
      466, 458, 457, -1,
      466, 457, 467, -1,
      457, 468, 467, -1,
      467, 468, 469, -1,
      467, 469, 470, -1,
      456, 197, 8, -1,
      8, 197, 199, -1,
      8, 199, 6, -1,
      6, 199, 471, -1,
      6, 471, 472, -1,
      472, 471, 473, -1,
      473, 471, 474, -1,
      473, 474, 432, -1,
      347, 475, 476, -1,
      348, 477, 478, -1,
      478, 477, 479, -1,
      480, 481, 482, -1,
      483, 484, 485, -1,
      350, 345, 348, -1,
      348, 345, 347, -1,
      348, 347, 477, -1,
      477, 347, 476, -1,
      486, 487, 480, -1,
      480, 487, 488, -1,
      480, 488, 489, -1,
      489, 488, 485, -1,
      489, 485, 490, -1,
      490, 485, 484, -1,
      491, 347, 492, -1,
      492, 347, 482, -1,
      492, 482, 493, -1,
      493, 482, 481, -1,
      491, 494, 347, -1,
      347, 494, 495, -1,
      347, 495, 496, -1,
      496, 497, 347, -1,
      347, 497, 498, -1,
      347, 498, 475, -1,
      499, 500, 478, -1,
      478, 500, 501, -1,
      478, 501, 502, -1,
      503, 504, 485, -1,
      485, 504, 505, -1,
      485, 505, 506, -1,
      507, 508, 478, -1,
      478, 508, 509, -1,
      478, 509, 499, -1,
      502, 510, 478, -1,
      478, 510, 511, -1,
      478, 511, 482, -1,
      482, 511, 512, -1,
      482, 512, 480, -1,
      480, 512, 513, -1,
      480, 513, 486, -1,
      506, 514, 485, -1,
      485, 514, 515, -1,
      485, 515, 483, -1,
      479, 516, 517, -1,
      517, 518, 479, -1,
      479, 518, 519, -1,
      479, 519, 478, -1,
      478, 519, 520, -1,
      478, 520, 507, -1,
      521, 522, 186, -1,
      186, 522, 183, -1,
      186, 183, 191, -1,
      191, 183, 182, -1,
      523, 524, 341, -1,
      341, 524, 343, -1,
      343, 524, 525, -1,
      343, 525, 526, -1,
      527, 528, 526, -1,
      526, 528, 521, -1,
      526, 521, 343, -1,
      343, 521, 186, -1,
      432, 474, 430, -1,
      430, 474, 529, -1,
      430, 529, 372, -1,
      372, 529, 530, -1,
      372, 530, 366, -1,
      366, 530, 5, -1,
      366, 5, 347, -1,
      347, 5, 4, -1,
      347, 4, 482, -1,
      3, 5, 319, -1,
      319, 5, 530, -1,
      319, 530, 531, -1,
      531, 530, 529, -1,
      531, 529, 532, -1,
      532, 529, 474, -1,
      532, 474, 533, -1,
      533, 474, 471, -1,
      533, 471, 230, -1,
      230, 471, 199, -1,
      230, 199, 232, -1,
      232, 199, 201, -1,
      232, 201, 241, -1,
      534, 535, 536, -1,
      536, 535, 28, -1,
      536, 28, 537, -1,
      537, 28, 20, -1,
      537, 20, 329, -1,
      329, 20, 0, -1,
      329, 0, 310, -1,
      310, 0, 2, -1,
      219, 478, 212, -1,
      212, 478, 482, -1,
      212, 482, 214, -1,
      214, 482, 4, -1,
      214, 4, 2, -1,
      2, 4, 3, -1,
      2, 3, 310, -1,
      310, 3, 313, -1,
      310, 313, 308, -1,
      308, 313, 315, -1,
      226, 228, 230, -1,
      230, 228, 252, -1,
      230, 252, 533, -1,
      533, 252, 258, -1,
      533, 258, 532, -1,
      532, 258, 257, -1,
      532, 257, 531, -1,
      531, 257, 11, -1,
      531, 11, 319, -1,
      319, 11, 10, -1,
      319, 10, 320, -1,
      538, 539, 228, -1,
      540, 541, 542, -1,
      542, 541, 543, -1,
      539, 544, 228, -1,
      228, 544, 545, -1,
      228, 545, 546, -1,
      246, 547, 542, -1,
      542, 547, 548, -1,
      542, 548, 549, -1,
      546, 550, 228, -1,
      228, 550, 551, -1,
      228, 551, 252, -1,
      252, 551, 552, -1,
      252, 552, 246, -1,
      246, 552, 553, -1,
      246, 553, 547, -1,
      549, 554, 542, -1,
      542, 554, 555, -1,
      542, 555, 540, -1,
      224, 223, 229, -1,
      229, 223, 542, -1,
      229, 542, 228, -1,
      228, 542, 543, -1,
      228, 543, 538, -1,
      522, 523, 183, -1,
      183, 523, 341, -1,
      183, 341, 201, -1,
      201, 341, 339, -1,
      201, 339, 241, -1,
      241, 339, 337, -1,
      241, 337, 243, -1,
      243, 337, 335, -1,
      243, 335, 244, -1,
      244, 335, 333, -1,
      296, 298, 13, -1,
      13, 298, 556, -1,
      13, 556, 14, -1,
      14, 556, 535, -1,
      14, 535, 305, -1,
      305, 535, 534, -1,
      305, 534, 325, -1,
      331, 330, 333, -1,
      333, 330, 557, -1,
      333, 557, 244, -1,
      244, 557, 558, -1,
      244, 558, 223, -1,
      223, 558, 559, -1,
      223, 559, 542, -1,
      542, 559, 560, -1,
      542, 560, 246, -1,
      246, 560, 561, -1,
      246, 561, 247, -1,
      247, 561, 562, -1,
      247, 562, 259, -1,
      259, 562, 298, -1,
      259, 298, 269, -1,
      269, 298, 300, -1,
      269, 300, 270, -1,
      332, 563, 330, -1,
      330, 563, 564, -1,
      330, 564, 557, -1,
      557, 564, 565, -1,
      557, 565, 558, -1,
      558, 565, 566, -1,
      558, 566, 559, -1,
      559, 566, 567, -1,
      559, 567, 560, -1,
      560, 567, 568, -1,
      560, 568, 561, -1,
      561, 568, 569, -1,
      561, 569, 562, -1,
      562, 569, 570, -1,
      562, 570, 298, -1,
      298, 570, 571, -1,
      298, 571, 556, -1,
      556, 571, 572, -1,
      556, 572, 535, -1,
      535, 572, 32, -1,
      535, 32, 28, -1,
      28, 32, 31, -1,
      28, 31, 29, -1,
      573, 574, 575, -1,
      575, 574, 576, -1,
      577, 578, 579, -1,
      579, 578, 580, -1,
      581, 582, 583, -1,
      583, 582, 584, -1,
      585, 586, 587, -1,
      587, 586, 588, -1,
      589, 590, 591, -1,
      591, 590, 592, -1,
      591, 592, 593, -1,
      593, 592, 594, -1,
      593, 594, 595, -1,
      595, 594, 596, -1,
      597, 598, 599, -1,
      599, 598, 600, -1,
      599, 600, 601, -1,
      601, 600, 602, -1,
      601, 602, 603, -1,
      603, 602, 604, -1,
      587, 588, 605, -1,
      605, 588, 606, -1,
      595, 596, 607, -1,
      607, 596, 608, -1,
      607, 608, 609, -1,
      609, 608, 610, -1,
      609, 610, 589, -1,
      589, 610, 590, -1,
      603, 604, 611, -1,
      611, 604, 612, -1,
      611, 612, 613, -1,
      613, 612, 614, -1,
      613, 614, 597, -1,
      597, 614, 598, -1,
      615, 616, 65, -1,
      65, 616, 344, -1,
      573, 575, 617, -1,
      617, 575, 618, -1,
      580, 578, 619, -1,
      619, 578, 620, -1,
      34, 332, 621, -1,
      621, 332, 622, -1,
      621, 622, 623, -1,
      623, 622, 624, -1,
      623, 624, 625, -1,
      625, 624, 626, -1,
      625, 626, 627, -1,
      627, 626, 628, -1,
      627, 628, 629, -1,
      629, 628, 630, -1,
      629, 630, 631, -1,
      631, 630, 632, -1,
      631, 632, 633, -1,
      633, 632, 634, -1,
      633, 634, 635, -1,
      635, 634, 636, -1,
      635, 636, 637, -1,
      637, 636, 638, -1,
      637, 638, 620, -1,
      620, 638, 617, -1,
      620, 617, 619, -1,
      619, 617, 618, -1,
      623, 625, 639, -1,
      627, 629, 640, -1,
      641, 642, 643, -1,
      578, 644, 645, -1,
      646, 644, 578, -1,
      643, 642, 578, -1,
      620, 578, 642, -1,
      647, 648, 649, -1,
      649, 648, 650, -1,
      649, 650, 651, -1,
      651, 650, 652, -1,
      652, 650, 653, -1,
      652, 653, 654, -1,
      654, 653, 655, -1,
      655, 653, 656, -1,
      655, 656, 657, -1,
      657, 656, 658, -1,
      658, 656, 659, -1,
      658, 659, 660, -1,
      660, 659, 661, -1,
      661, 659, 662, -1,
      661, 662, 663, -1,
      663, 662, 664, -1,
      663, 664, 592, -1,
      665, 646, 578, -1,
      631, 633, 641, -1,
      641, 633, 635, -1,
      641, 635, 642, -1,
      642, 635, 637, -1,
      642, 637, 620, -1,
      666, 645, 667, -1,
      667, 645, 644, -1,
      667, 644, 668, -1,
      668, 644, 646, -1,
      668, 646, 669, -1,
      629, 631, 640, -1,
      640, 631, 641, -1,
      640, 641, 670, -1,
      670, 641, 643, -1,
      670, 643, 671, -1,
      671, 643, 578, -1,
      665, 672, 646, -1,
      646, 672, 673, -1,
      646, 673, 669, -1,
      669, 673, 674, -1,
      669, 674, 675, -1,
      676, 666, 677, -1,
      677, 666, 667, -1,
      677, 667, 678, -1,
      678, 667, 668, -1,
      678, 668, 679, -1,
      679, 668, 669, -1,
      679, 669, 680, -1,
      680, 669, 675, -1,
      639, 676, 681, -1,
      681, 676, 677, -1,
      681, 677, 682, -1,
      682, 677, 678, -1,
      682, 678, 683, -1,
      683, 678, 679, -1,
      683, 679, 684, -1,
      684, 679, 680, -1,
      684, 680, 685, -1,
      625, 627, 639, -1,
      639, 627, 640, -1,
      639, 640, 676, -1,
      676, 640, 670, -1,
      676, 670, 666, -1,
      666, 670, 671, -1,
      666, 671, 645, -1,
      645, 671, 578, -1,
      647, 34, 648, -1,
      648, 34, 621, -1,
      648, 621, 623, -1,
      675, 686, 680, -1,
      680, 686, 687, -1,
      680, 687, 685, -1,
      685, 687, 688, -1,
      685, 688, 689, -1,
      623, 639, 648, -1,
      648, 639, 681, -1,
      648, 681, 650, -1,
      650, 681, 682, -1,
      650, 682, 653, -1,
      653, 682, 683, -1,
      653, 683, 656, -1,
      656, 683, 684, -1,
      656, 684, 659, -1,
      659, 684, 685, -1,
      659, 685, 662, -1,
      662, 685, 689, -1,
      662, 689, 664, -1,
      690, 691, 692, -1,
      693, 694, 695, -1,
      573, 696, 697, -1,
      698, 696, 573, -1,
      695, 694, 573, -1,
      699, 573, 694, -1,
      700, 701, 702, -1,
      701, 700, 703, -1,
      703, 700, 704, -1,
      703, 704, 705, -1,
      705, 704, 706, -1,
      705, 706, 707, -1,
      707, 706, 708, -1,
      707, 708, 709, -1,
      709, 708, 710, -1,
      710, 708, 711, -1,
      710, 711, 712, -1,
      712, 711, 713, -1,
      713, 711, 622, -1,
      713, 622, 332, -1,
      617, 698, 573, -1,
      714, 715, 693, -1,
      693, 715, 716, -1,
      693, 716, 694, -1,
      694, 716, 717, -1,
      694, 717, 699, -1,
      718, 697, 719, -1,
      719, 697, 696, -1,
      719, 696, 720, -1,
      720, 696, 698, -1,
      720, 698, 721, -1,
      617, 638, 698, -1,
      698, 638, 636, -1,
      698, 636, 721, -1,
      721, 636, 634, -1,
      721, 634, 632, -1,
      692, 718, 722, -1,
      722, 718, 719, -1,
      722, 719, 723, -1,
      723, 719, 720, -1,
      723, 720, 724, -1,
      724, 720, 721, -1,
      724, 721, 725, -1,
      725, 721, 632, -1,
      726, 727, 728, -1,
      728, 727, 690, -1,
      690, 692, 728, -1,
      728, 692, 722, -1,
      728, 722, 729, -1,
      729, 722, 723, -1,
      729, 723, 730, -1,
      730, 723, 724, -1,
      730, 724, 731, -1,
      731, 724, 725, -1,
      731, 725, 732, -1,
      691, 714, 692, -1,
      692, 714, 693, -1,
      692, 693, 718, -1,
      718, 693, 695, -1,
      718, 695, 697, -1,
      697, 695, 573, -1,
      726, 700, 733, -1,
      733, 700, 702, -1,
      733, 702, 602, -1,
      632, 630, 725, -1,
      725, 630, 628, -1,
      725, 628, 732, -1,
      732, 628, 626, -1,
      732, 626, 624, -1,
      726, 728, 700, -1,
      700, 728, 729, -1,
      700, 729, 704, -1,
      704, 729, 730, -1,
      704, 730, 706, -1,
      706, 730, 731, -1,
      706, 731, 708, -1,
      708, 731, 732, -1,
      708, 732, 711, -1,
      711, 732, 624, -1,
      711, 624, 622, -1,
      594, 592, 734, -1,
      734, 592, 664, -1,
      734, 664, 735, -1,
      735, 664, 689, -1,
      735, 689, 736, -1,
      736, 689, 688, -1,
      736, 688, 737, -1,
      737, 688, 687, -1,
      737, 687, 738, -1,
      738, 687, 686, -1,
      738, 686, 739, -1,
      739, 686, 675, -1,
      739, 675, 740, -1,
      740, 675, 674, -1,
      740, 674, 741, -1,
      741, 674, 673, -1,
      741, 673, 742, -1,
      742, 673, 672, -1,
      742, 672, 743, -1,
      672, 665, 743, -1,
      743, 665, 578, -1,
      743, 578, 577, -1,
      65, 34, 647, -1,
      65, 647, 744, -1,
      744, 647, 649, -1,
      744, 649, 745, -1,
      745, 649, 651, -1,
      745, 651, 746, -1,
      746, 651, 652, -1,
      746, 652, 747, -1,
      747, 652, 654, -1,
      747, 654, 748, -1,
      748, 654, 655, -1,
      748, 655, 749, -1,
      749, 655, 657, -1,
      749, 657, 750, -1,
      750, 657, 658, -1,
      750, 658, 751, -1,
      751, 658, 660, -1,
      751, 660, 752, -1,
      752, 660, 661, -1,
      752, 661, 590, -1,
      590, 661, 663, -1,
      590, 663, 592, -1,
      602, 702, 604, -1,
      604, 702, 753, -1,
      753, 702, 754, -1,
      754, 702, 701, -1,
      754, 701, 755, -1,
      755, 701, 703, -1,
      755, 703, 756, -1,
      756, 703, 705, -1,
      756, 705, 757, -1,
      757, 705, 707, -1,
      757, 707, 758, -1,
      758, 707, 709, -1,
      758, 709, 759, -1,
      759, 709, 710, -1,
      759, 710, 760, -1,
      760, 710, 712, -1,
      760, 712, 761, -1,
      712, 713, 761, -1,
      761, 713, 332, -1,
      761, 332, 344, -1,
      602, 600, 733, -1,
      733, 600, 762, -1,
      733, 762, 726, -1,
      726, 762, 763, -1,
      726, 763, 727, -1,
      727, 763, 764, -1,
      727, 764, 690, -1,
      690, 764, 765, -1,
      690, 765, 691, -1,
      691, 765, 766, -1,
      691, 766, 714, -1,
      714, 766, 767, -1,
      714, 767, 715, -1,
      715, 767, 768, -1,
      715, 768, 716, -1,
      716, 768, 769, -1,
      716, 769, 717, -1,
      717, 769, 770, -1,
      717, 770, 699, -1,
      770, 771, 699, -1,
      699, 771, 574, -1,
      699, 574, 573, -1,
      772, 577, 579, -1,
      576, 574, 773, -1,
      773, 574, 774, -1,
      773, 774, 775, -1,
      586, 585, 776, -1,
      776, 585, 777, -1,
      776, 777, 778, -1,
      778, 777, 779, -1,
      778, 779, 780, -1,
      780, 779, 781, -1,
      780, 781, 782, -1,
      782, 781, 783, -1,
      782, 783, 784, -1,
      784, 783, 785, -1,
      784, 785, 786, -1,
      786, 785, 787, -1,
      786, 787, 788, -1,
      788, 787, 789, -1,
      788, 789, 790, -1,
      790, 789, 791, -1,
      790, 791, 792, -1,
      792, 791, 793, -1,
      792, 793, 774, -1,
      774, 793, 772, -1,
      774, 772, 775, -1,
      775, 772, 579, -1,
      737, 738, 794, -1,
      795, 796, 797, -1,
      577, 798, 799, -1,
      800, 798, 577, -1,
      797, 796, 577, -1,
      743, 577, 796, -1,
      801, 802, 803, -1,
      802, 801, 804, -1,
      804, 801, 805, -1,
      804, 805, 806, -1,
      806, 805, 807, -1,
      806, 807, 808, -1,
      808, 807, 809, -1,
      808, 809, 810, -1,
      810, 809, 811, -1,
      811, 809, 812, -1,
      811, 812, 813, -1,
      813, 812, 814, -1,
      814, 812, 777, -1,
      814, 777, 585, -1,
      772, 800, 577, -1,
      739, 740, 795, -1,
      795, 740, 741, -1,
      795, 741, 796, -1,
      796, 741, 742, -1,
      796, 742, 743, -1,
      815, 799, 816, -1,
      816, 799, 798, -1,
      816, 798, 817, -1,
      817, 798, 800, -1,
      817, 800, 818, -1,
      772, 793, 800, -1,
      800, 793, 791, -1,
      800, 791, 818, -1,
      818, 791, 789, -1,
      818, 789, 787, -1,
      794, 815, 819, -1,
      819, 815, 816, -1,
      819, 816, 820, -1,
      820, 816, 817, -1,
      820, 817, 821, -1,
      821, 817, 818, -1,
      821, 818, 822, -1,
      822, 818, 787, -1,
      735, 736, 823, -1,
      823, 736, 737, -1,
      737, 794, 823, -1,
      823, 794, 819, -1,
      823, 819, 824, -1,
      824, 819, 820, -1,
      824, 820, 825, -1,
      825, 820, 821, -1,
      825, 821, 826, -1,
      826, 821, 822, -1,
      826, 822, 827, -1,
      738, 739, 794, -1,
      794, 739, 795, -1,
      794, 795, 815, -1,
      815, 795, 797, -1,
      815, 797, 799, -1,
      799, 797, 577, -1,
      735, 801, 734, -1,
      734, 801, 803, -1,
      734, 803, 594, -1,
      787, 785, 822, -1,
      822, 785, 783, -1,
      822, 783, 827, -1,
      827, 783, 781, -1,
      827, 781, 779, -1,
      735, 823, 801, -1,
      801, 823, 824, -1,
      801, 824, 805, -1,
      805, 824, 825, -1,
      805, 825, 807, -1,
      807, 825, 826, -1,
      807, 826, 809, -1,
      809, 826, 827, -1,
      809, 827, 812, -1,
      812, 827, 779, -1,
      812, 779, 777, -1,
      610, 828, 590, -1,
      590, 828, 752, -1,
      752, 828, 751, -1,
      751, 828, 829, -1,
      751, 829, 750, -1,
      750, 829, 830, -1,
      750, 830, 749, -1,
      749, 830, 831, -1,
      749, 831, 748, -1,
      748, 831, 832, -1,
      748, 832, 747, -1,
      747, 832, 833, -1,
      747, 833, 746, -1,
      746, 833, 834, -1,
      746, 834, 745, -1,
      745, 834, 835, -1,
      745, 835, 744, -1,
      835, 836, 744, -1,
      744, 836, 615, -1,
      744, 615, 65, -1,
      616, 615, 837, -1,
      837, 615, 838, -1,
      837, 838, 839, -1,
      839, 838, 840, -1,
      839, 840, 841, -1,
      841, 840, 842, -1,
      841, 842, 843, -1,
      843, 842, 844, -1,
      843, 844, 845, -1,
      845, 844, 846, -1,
      845, 846, 847, -1,
      847, 846, 848, -1,
      847, 848, 849, -1,
      849, 848, 850, -1,
      849, 850, 851, -1,
      851, 850, 852, -1,
      851, 852, 853, -1,
      853, 852, 854, -1,
      853, 854, 855, -1,
      854, 856, 855, -1,
      855, 856, 584, -1,
      855, 584, 582, -1,
      616, 857, 344, -1,
      344, 857, 761, -1,
      761, 857, 760, -1,
      760, 857, 858, -1,
      760, 858, 759, -1,
      759, 858, 859, -1,
      759, 859, 758, -1,
      758, 859, 860, -1,
      758, 860, 757, -1,
      757, 860, 861, -1,
      757, 861, 756, -1,
      756, 861, 862, -1,
      756, 862, 755, -1,
      755, 862, 863, -1,
      755, 863, 754, -1,
      754, 863, 864, -1,
      754, 864, 753, -1,
      864, 865, 753, -1,
      753, 865, 612, -1,
      753, 612, 604, -1,
      782, 784, 866, -1,
      867, 868, 869, -1,
      574, 870, 871, -1,
      872, 870, 574, -1,
      869, 868, 574, -1,
      774, 574, 868, -1,
      873, 874, 875, -1,
      874, 873, 876, -1,
      876, 873, 877, -1,
      876, 877, 878, -1,
      878, 877, 879, -1,
      878, 879, 880, -1,
      880, 879, 881, -1,
      880, 881, 882, -1,
      882, 881, 883, -1,
      883, 881, 884, -1,
      883, 884, 885, -1,
      885, 884, 886, -1,
      886, 884, 762, -1,
      886, 762, 600, -1,
      771, 872, 574, -1,
      786, 788, 867, -1,
      867, 788, 790, -1,
      867, 790, 868, -1,
      868, 790, 792, -1,
      868, 792, 774, -1,
      887, 871, 888, -1,
      888, 871, 870, -1,
      888, 870, 889, -1,
      889, 870, 872, -1,
      889, 872, 890, -1,
      771, 770, 872, -1,
      872, 770, 769, -1,
      872, 769, 890, -1,
      890, 769, 768, -1,
      890, 768, 767, -1,
      866, 887, 891, -1,
      891, 887, 888, -1,
      891, 888, 892, -1,
      892, 888, 889, -1,
      892, 889, 893, -1,
      893, 889, 890, -1,
      893, 890, 894, -1,
      894, 890, 767, -1,
      778, 780, 895, -1,
      895, 780, 782, -1,
      782, 866, 895, -1,
      895, 866, 891, -1,
      895, 891, 896, -1,
      896, 891, 892, -1,
      896, 892, 897, -1,
      897, 892, 893, -1,
      897, 893, 898, -1,
      898, 893, 894, -1,
      898, 894, 899, -1,
      784, 786, 866, -1,
      866, 786, 867, -1,
      866, 867, 887, -1,
      887, 867, 869, -1,
      887, 869, 871, -1,
      871, 869, 574, -1,
      778, 873, 776, -1,
      776, 873, 875, -1,
      776, 875, 586, -1,
      767, 766, 894, -1,
      894, 766, 765, -1,
      894, 765, 899, -1,
      899, 765, 764, -1,
      899, 764, 763, -1,
      778, 895, 873, -1,
      873, 895, 896, -1,
      873, 896, 877, -1,
      877, 896, 897, -1,
      877, 897, 879, -1,
      879, 897, 898, -1,
      879, 898, 881, -1,
      881, 898, 899, -1,
      881, 899, 884, -1,
      884, 899, 763, -1,
      884, 763, 762, -1,
      594, 803, 596, -1,
      596, 803, 900, -1,
      900, 803, 901, -1,
      901, 803, 802, -1,
      901, 802, 902, -1,
      902, 802, 804, -1,
      902, 804, 903, -1,
      903, 804, 806, -1,
      903, 806, 904, -1,
      904, 806, 808, -1,
      904, 808, 905, -1,
      905, 808, 810, -1,
      905, 810, 906, -1,
      906, 810, 811, -1,
      906, 811, 907, -1,
      907, 811, 813, -1,
      907, 813, 908, -1,
      813, 814, 908, -1,
      908, 814, 585, -1,
      908, 585, 587, -1,
      909, 910, 911, -1,
      912, 913, 914, -1,
      584, 915, 916, -1,
      917, 915, 584, -1,
      914, 913, 584, -1,
      918, 584, 913, -1,
      919, 829, 828, -1,
      829, 919, 830, -1,
      830, 919, 920, -1,
      830, 920, 831, -1,
      831, 920, 921, -1,
      831, 921, 832, -1,
      832, 921, 922, -1,
      832, 922, 833, -1,
      833, 922, 834, -1,
      834, 922, 923, -1,
      834, 923, 835, -1,
      835, 923, 836, -1,
      836, 923, 838, -1,
      836, 838, 615, -1,
      856, 917, 584, -1,
      924, 925, 912, -1,
      912, 925, 926, -1,
      912, 926, 913, -1,
      913, 926, 927, -1,
      913, 927, 918, -1,
      928, 916, 929, -1,
      929, 916, 915, -1,
      929, 915, 930, -1,
      930, 915, 917, -1,
      930, 917, 931, -1,
      856, 854, 917, -1,
      917, 854, 852, -1,
      917, 852, 931, -1,
      931, 852, 850, -1,
      931, 850, 848, -1,
      911, 928, 932, -1,
      932, 928, 929, -1,
      932, 929, 933, -1,
      933, 929, 930, -1,
      933, 930, 934, -1,
      934, 930, 931, -1,
      934, 931, 935, -1,
      935, 931, 848, -1,
      936, 937, 938, -1,
      938, 937, 909, -1,
      909, 911, 938, -1,
      938, 911, 932, -1,
      938, 932, 939, -1,
      939, 932, 933, -1,
      939, 933, 940, -1,
      940, 933, 934, -1,
      940, 934, 941, -1,
      941, 934, 935, -1,
      941, 935, 942, -1,
      910, 924, 911, -1,
      911, 924, 912, -1,
      911, 912, 928, -1,
      928, 912, 914, -1,
      928, 914, 916, -1,
      916, 914, 584, -1,
      936, 919, 943, -1,
      943, 919, 828, -1,
      943, 828, 610, -1,
      848, 846, 935, -1,
      935, 846, 844, -1,
      935, 844, 942, -1,
      942, 844, 842, -1,
      942, 842, 840, -1,
      936, 938, 919, -1,
      919, 938, 939, -1,
      919, 939, 920, -1,
      920, 939, 940, -1,
      920, 940, 921, -1,
      921, 940, 941, -1,
      921, 941, 922, -1,
      922, 941, 942, -1,
      922, 942, 923, -1,
      923, 942, 840, -1,
      923, 840, 838, -1,
      843, 845, 944, -1,
      945, 946, 947, -1,
      582, 948, 949, -1,
      950, 948, 582, -1,
      947, 946, 582, -1,
      855, 582, 946, -1,
      951, 858, 857, -1,
      858, 951, 859, -1,
      859, 951, 952, -1,
      859, 952, 860, -1,
      860, 952, 953, -1,
      860, 953, 861, -1,
      861, 953, 954, -1,
      861, 954, 862, -1,
      862, 954, 863, -1,
      863, 954, 955, -1,
      863, 955, 864, -1,
      864, 955, 865, -1,
      865, 955, 956, -1,
      865, 956, 612, -1,
      957, 950, 582, -1,
      847, 849, 945, -1,
      945, 849, 851, -1,
      945, 851, 946, -1,
      946, 851, 853, -1,
      946, 853, 855, -1,
      958, 949, 959, -1,
      959, 949, 948, -1,
      959, 948, 960, -1,
      960, 948, 950, -1,
      960, 950, 961, -1,
      957, 962, 950, -1,
      950, 962, 963, -1,
      950, 963, 961, -1,
      961, 963, 964, -1,
      961, 964, 965, -1,
      944, 958, 966, -1,
      966, 958, 959, -1,
      966, 959, 967, -1,
      967, 959, 960, -1,
      967, 960, 968, -1,
      968, 960, 961, -1,
      968, 961, 969, -1,
      969, 961, 965, -1,
      839, 841, 970, -1,
      970, 841, 843, -1,
      843, 944, 970, -1,
      970, 944, 966, -1,
      970, 966, 971, -1,
      971, 966, 967, -1,
      971, 967, 972, -1,
      972, 967, 968, -1,
      972, 968, 973, -1,
      973, 968, 969, -1,
      973, 969, 974, -1,
      845, 847, 944, -1,
      944, 847, 945, -1,
      944, 945, 958, -1,
      958, 945, 947, -1,
      958, 947, 949, -1,
      949, 947, 582, -1,
      839, 951, 837, -1,
      837, 951, 857, -1,
      837, 857, 616, -1,
      965, 975, 969, -1,
      969, 975, 976, -1,
      969, 976, 974, -1,
      974, 976, 977, -1,
      974, 977, 978, -1,
      839, 970, 951, -1,
      951, 970, 971, -1,
      951, 971, 952, -1,
      952, 971, 972, -1,
      952, 972, 953, -1,
      953, 972, 973, -1,
      953, 973, 954, -1,
      954, 973, 974, -1,
      954, 974, 955, -1,
      955, 974, 978, -1,
      955, 978, 956, -1,
      586, 875, 588, -1,
      588, 875, 979, -1,
      979, 875, 980, -1,
      980, 875, 874, -1,
      980, 874, 981, -1,
      981, 874, 876, -1,
      981, 876, 982, -1,
      982, 876, 878, -1,
      982, 878, 983, -1,
      983, 878, 880, -1,
      983, 880, 984, -1,
      984, 880, 882, -1,
      984, 882, 985, -1,
      985, 882, 883, -1,
      985, 883, 986, -1,
      986, 883, 885, -1,
      986, 885, 987, -1,
      885, 886, 987, -1,
      987, 886, 600, -1,
      987, 600, 598, -1,
      587, 605, 988, -1,
      587, 988, 908, -1,
      908, 988, 989, -1,
      908, 989, 907, -1,
      907, 989, 990, -1,
      907, 990, 906, -1,
      906, 990, 991, -1,
      906, 991, 905, -1,
      905, 991, 992, -1,
      905, 992, 904, -1,
      904, 992, 993, -1,
      904, 993, 903, -1,
      903, 993, 994, -1,
      903, 994, 902, -1,
      902, 994, 995, -1,
      902, 995, 901, -1,
      901, 995, 996, -1,
      901, 996, 900, -1,
      900, 996, 997, -1,
      900, 997, 596, -1,
      596, 997, 998, -1,
      596, 998, 608, -1,
      610, 608, 943, -1,
      943, 608, 999, -1,
      943, 999, 936, -1,
      936, 999, 1000, -1,
      936, 1000, 937, -1,
      937, 1000, 1001, -1,
      937, 1001, 909, -1,
      909, 1001, 1002, -1,
      909, 1002, 910, -1,
      910, 1002, 1003, -1,
      910, 1003, 924, -1,
      924, 1003, 1004, -1,
      924, 1004, 925, -1,
      925, 1004, 1005, -1,
      925, 1005, 926, -1,
      926, 1005, 1006, -1,
      926, 1006, 927, -1,
      927, 1006, 1007, -1,
      927, 1007, 918, -1,
      1007, 1008, 918, -1,
      918, 1008, 583, -1,
      918, 583, 584, -1,
      614, 612, 1009, -1,
      1009, 612, 956, -1,
      1009, 956, 1010, -1,
      1010, 956, 978, -1,
      1010, 978, 1011, -1,
      1011, 978, 977, -1,
      1011, 977, 1012, -1,
      1012, 977, 976, -1,
      1012, 976, 1013, -1,
      1013, 976, 975, -1,
      1013, 975, 1014, -1,
      1014, 975, 965, -1,
      1014, 965, 1015, -1,
      1015, 965, 964, -1,
      1015, 964, 1016, -1,
      1016, 964, 963, -1,
      1016, 963, 1017, -1,
      1017, 963, 962, -1,
      1017, 962, 1018, -1,
      962, 957, 1018, -1,
      1018, 957, 582, -1,
      1018, 582, 581, -1,
      614, 1019, 598, -1,
      598, 1019, 987, -1,
      987, 1019, 986, -1,
      986, 1019, 1020, -1,
      986, 1020, 985, -1,
      985, 1020, 1021, -1,
      985, 1021, 984, -1,
      984, 1021, 1022, -1,
      984, 1022, 983, -1,
      983, 1022, 1023, -1,
      983, 1023, 982, -1,
      982, 1023, 1024, -1,
      982, 1024, 981, -1,
      981, 1024, 1025, -1,
      981, 1025, 980, -1,
      980, 1025, 1026, -1,
      980, 1026, 979, -1,
      1026, 1027, 979, -1,
      979, 1027, 606, -1,
      979, 606, 588, -1,
      1028, 1029, 1030, -1,
      1031, 1032, 1033, -1,
      1034, 1035, 1036, -1,
      583, 1037, 1038, -1,
      1039, 1037, 583, -1,
      1036, 1035, 583, -1,
      1040, 583, 1035, -1,
      988, 1041, 989, -1,
      989, 1041, 1042, -1,
      989, 1042, 990, -1,
      990, 1042, 991, -1,
      991, 1042, 1043, -1,
      991, 1043, 992, -1,
      992, 1043, 993, -1,
      993, 1043, 1044, -1,
      993, 1044, 994, -1,
      994, 1044, 995, -1,
      995, 1044, 1045, -1,
      995, 1045, 996, -1,
      996, 1045, 997, -1,
      997, 1045, 1046, -1,
      997, 1046, 998, -1,
      998, 1046, 999, -1,
      998, 999, 608, -1,
      1008, 1039, 583, -1,
      1047, 1048, 1034, -1,
      1034, 1048, 1049, -1,
      1034, 1049, 1035, -1,
      1035, 1049, 1050, -1,
      1035, 1050, 1040, -1,
      1051, 1038, 1052, -1,
      1052, 1038, 1037, -1,
      1052, 1037, 1053, -1,
      1053, 1037, 1039, -1,
      1053, 1039, 1054, -1,
      1032, 1047, 1033, -1,
      1033, 1047, 1034, -1,
      1033, 1034, 1055, -1,
      1055, 1034, 1036, -1,
      1055, 1036, 1056, -1,
      1056, 1036, 583, -1,
      1008, 1007, 1039, -1,
      1039, 1007, 1006, -1,
      1039, 1006, 1054, -1,
      1054, 1006, 1005, -1,
      1054, 1005, 1004, -1,
      1057, 1051, 1058, -1,
      1058, 1051, 1052, -1,
      1058, 1052, 1059, -1,
      1059, 1052, 1053, -1,
      1059, 1053, 1060, -1,
      1060, 1053, 1054, -1,
      1060, 1054, 1061, -1,
      1061, 1054, 1004, -1,
      1030, 1057, 1062, -1,
      1062, 1057, 1058, -1,
      1062, 1058, 1063, -1,
      1063, 1058, 1059, -1,
      1063, 1059, 1064, -1,
      1064, 1059, 1060, -1,
      1064, 1060, 1065, -1,
      1065, 1060, 1061, -1,
      1065, 1061, 1066, -1,
      1029, 1031, 1030, -1,
      1030, 1031, 1033, -1,
      1030, 1033, 1057, -1,
      1057, 1033, 1055, -1,
      1057, 1055, 1051, -1,
      1051, 1055, 1056, -1,
      1051, 1056, 1038, -1,
      1038, 1056, 583, -1,
      988, 605, 1041, -1,
      1041, 605, 1067, -1,
      1041, 1067, 1028, -1,
      1004, 1003, 1061, -1,
      1061, 1003, 1002, -1,
      1061, 1002, 1066, -1,
      1066, 1002, 1001, -1,
      1066, 1001, 1000, -1,
      1028, 1030, 1041, -1,
      1041, 1030, 1062, -1,
      1041, 1062, 1042, -1,
      1042, 1062, 1063, -1,
      1042, 1063, 1043, -1,
      1043, 1063, 1064, -1,
      1043, 1064, 1044, -1,
      1044, 1064, 1065, -1,
      1044, 1065, 1045, -1,
      1045, 1065, 1066, -1,
      1045, 1066, 1046, -1,
      1046, 1066, 1000, -1,
      1046, 1000, 999, -1,
      1012, 1013, 1068, -1,
      1069, 1070, 1071, -1,
      581, 1072, 1073, -1,
      1074, 1072, 581, -1,
      1071, 1070, 581, -1,
      1018, 581, 1070, -1,
      1075, 1020, 1019, -1,
      1020, 1075, 1021, -1,
      1021, 1075, 1076, -1,
      1021, 1076, 1022, -1,
      1022, 1076, 1077, -1,
      1022, 1077, 1023, -1,
      1023, 1077, 1078, -1,
      1023, 1078, 1024, -1,
      1024, 1078, 1025, -1,
      1025, 1078, 1079, -1,
      1025, 1079, 1026, -1,
      1026, 1079, 1027, -1,
      1027, 1079, 1080, -1,
      1027, 1080, 606, -1,
      1081, 1074, 581, -1,
      1014, 1015, 1069, -1,
      1069, 1015, 1016, -1,
      1069, 1016, 1070, -1,
      1070, 1016, 1017, -1,
      1070, 1017, 1018, -1,
      1082, 1073, 1083, -1,
      1083, 1073, 1072, -1,
      1083, 1072, 1084, -1,
      1084, 1072, 1074, -1,
      1084, 1074, 1085, -1,
      1081, 1086, 1074, -1,
      1074, 1086, 1087, -1,
      1074, 1087, 1085, -1,
      1085, 1087, 1088, -1,
      1085, 1088, 1089, -1,
      1068, 1082, 1090, -1,
      1090, 1082, 1083, -1,
      1090, 1083, 1091, -1,
      1091, 1083, 1084, -1,
      1091, 1084, 1092, -1,
      1092, 1084, 1085, -1,
      1092, 1085, 1093, -1,
      1093, 1085, 1089, -1,
      1010, 1011, 1094, -1,
      1094, 1011, 1012, -1,
      1012, 1068, 1094, -1,
      1094, 1068, 1090, -1,
      1094, 1090, 1095, -1,
      1095, 1090, 1091, -1,
      1095, 1091, 1096, -1,
      1096, 1091, 1092, -1,
      1096, 1092, 1097, -1,
      1097, 1092, 1093, -1,
      1097, 1093, 1098, -1,
      1013, 1014, 1068, -1,
      1068, 1014, 1069, -1,
      1068, 1069, 1082, -1,
      1082, 1069, 1071, -1,
      1082, 1071, 1073, -1,
      1073, 1071, 581, -1,
      1010, 1075, 1009, -1,
      1009, 1075, 1019, -1,
      1009, 1019, 614, -1,
      1089, 1099, 1093, -1,
      1093, 1099, 1100, -1,
      1093, 1100, 1098, -1,
      1098, 1100, 1101, -1,
      1098, 1101, 1102, -1,
      1010, 1094, 1075, -1,
      1075, 1094, 1095, -1,
      1075, 1095, 1076, -1,
      1076, 1095, 1096, -1,
      1076, 1096, 1077, -1,
      1077, 1096, 1097, -1,
      1077, 1097, 1078, -1,
      1078, 1097, 1098, -1,
      1078, 1098, 1079, -1,
      1079, 1098, 1102, -1,
      1079, 1102, 1080, -1,
      605, 606, 1067, -1,
      1067, 606, 1080, -1,
      1067, 1080, 1028, -1,
      1028, 1080, 1102, -1,
      1028, 1102, 1029, -1,
      1029, 1102, 1101, -1,
      1029, 1101, 1031, -1,
      1031, 1101, 1100, -1,
      1031, 1100, 1032, -1,
      1032, 1100, 1099, -1,
      1032, 1099, 1047, -1,
      1047, 1099, 1089, -1,
      1047, 1089, 1048, -1,
      1048, 1089, 1088, -1,
      1048, 1088, 1049, -1,
      1049, 1088, 1087, -1,
      1049, 1087, 1050, -1,
      1050, 1087, 1086, -1,
      1050, 1086, 1040, -1,
      1086, 1081, 1040, -1,
      1040, 1081, 581, -1,
      1040, 581, 583, -1,
    ]
  }
}

Shape {
  appearance Appearance {
    material Material {
      diffuseColor 0.8510 0.8510 0.8510
      specularColor 0.4235 0.4235 0.4235
      ambientIntensity 0.2
      transparency 0.0000
      shininess 0.5
    }
  }
  geometry IndexedFaceSet {
    ccw TRUE
    solid FALSE
    coord DEF co Coordinate {
      point [
        0.334646 0.059055 0.206693,
        0.331879 0.059055 0.226378,
        0.331879 -0.059055 0.226378,
        0.334646 -0.059055 0.206693,
        -0.334646 -0.059055 0.206693,
        -0.331879 -0.059055 0.226378,
        -0.331879 0.059055 0.226378,
        -0.334646 0.059055 0.206693,
        0.331879 -0.059055 0.187008,
        0.331879 0.059055 0.187008,
        -0.331879 0.059055 0.187008,
        -0.331879 -0.059055 0.187008,
        -0.365831 0.059055 0.187008,
        -0.365831 -0.059055 0.187008,
        -0.370371 0.059055 0.186477,
        -0.370371 -0.059055 0.186477,
        -0.374666 0.059055 0.184914,
        -0.374666 -0.059055 0.184914,
        -0.378485 0.059055 0.182402,
        -0.378485 -0.059055 0.182402,
        -0.381622 0.059055 0.179078,
        -0.381622 -0.059055 0.179078,
        -0.383907 0.059055 0.175120,
        -0.383907 -0.059055 0.175120,
        -0.385218 0.059055 0.170741,
        -0.385218 -0.059055 0.170741,
        -0.406719 0.059055 0.048800,
        -0.406719 -0.059055 0.048800,
        -0.410652 -0.059055 0.035665,
        -0.410652 0.059055 0.035665,
        -0.417507 -0.059055 0.023790,
        -0.417507 0.059055 0.023790,
        -0.426917 -0.059055 0.013816,
        -0.426917 0.059055 0.013816,
        -0.438373 -0.059055 0.006281,
        -0.438373 0.059055 0.006281,
        -0.451258 -0.059055 0.001592,
        -0.451258 0.059055 0.001592,
        -0.464877 -0.059055 0.000000,
        -0.464877 0.059055 0.000000,
        -0.521654 0.059055 0.000000,
        -0.521654 -0.059055 0.000000,
        -0.521654 0.059055 0.039370,
        -0.521654 -0.059055 0.039370,
        -0.464877 0.059055 0.039370,
        -0.464877 -0.059055 0.039370,
        -0.460337 0.059055 0.039901,
        -0.460337 -0.059055 0.039901,
        -0.456043 0.059055 0.041464,
        -0.456043 -0.059055 0.041464,
        -0.452224 0.059055 0.043976,
        -0.452224 -0.059055 0.043976,
        -0.449087 0.059055 0.047300,
        -0.449087 -0.059055 0.047300,
        -0.446802 0.059055 0.051258,
        -0.446802 -0.059055 0.051258,
        -0.445491 0.059055 0.055637,
        -0.445491 -0.059055 0.055637,
        -0.423990 0.059055 0.177578,
        -0.423990 -0.059055 0.177578,
        -0.420057 -0.059055 0.190713,
        -0.420057 0.059055 0.190713,
        -0.413201 -0.059055 0.202588,
        -0.413201 0.059055 0.202588,
        -0.403791 -0.059055 0.212562,
        -0.403791 0.059055 0.212562,
        -0.392335 -0.059055 0.220096,
        -0.392335 0.059055 0.220096,
        -0.379451 -0.059055 0.224786,
        -0.379451 0.059055 0.224786,
        -0.365831 -0.059055 0.226378,
        -0.365831 0.059055 0.226378,
        0.365831 -0.059055 0.226378,
        0.365831 0.059055 0.226378,
        0.365831 0.059055 0.187008,
        0.365831 -0.059055 0.187008,
        0.379451 0.059055 0.224786,
        0.392335 0.059055 0.220096,
        0.403791 0.059055 0.212562,
        0.413201 0.059055 0.202588,
        0.378485 0.059055 0.182402,
        0.374666 0.059055 0.184914,
        0.370371 0.059055 0.186477,
        0.521654 0.059055 0.039370,
        0.521654 0.059055 -0.000000,
        0.464877 0.059055 0.039370,
        0.464877 0.059055 -0.000000,
        0.460337 0.059055 0.039901,
        0.451258 0.059055 0.001592,
        0.456043 0.059055 0.041464,
        0.438373 0.059055 0.006281,
        0.452224 0.059055 0.043976,
        0.426917 0.059055 0.013816,
        0.449087 0.059055 0.047300,
        0.417507 0.059055 0.023790,
        0.446802 0.059055 0.051258,
        0.410652 0.059055 0.035665,
        0.445491 0.059055 0.055637,
        0.406719 0.059055 0.048800,
        0.423990 0.059055 0.177578,
        0.385218 0.059055 0.170741,
        0.420057 0.059055 0.190713,
        0.383907 0.059055 0.175120,
        0.381622 0.059055 0.179078,
        0.392335 -0.059055 0.220096,
        0.403791 -0.059055 0.212562,
        0.413201 -0.059055 0.202588,
        0.379451 -0.059055 0.224786,
        0.370371 -0.059055 0.186477,
        0.374666 -0.059055 0.184914,
        0.378485 -0.059055 0.182402,
        0.381622 -0.059055 0.179078,
        0.420057 -0.059055 0.190713,
        0.383907 -0.059055 0.175120,
        0.423990 -0.059055 0.177578,
        0.385218 -0.059055 0.170741,
        0.445491 -0.059055 0.055637,
        0.406719 -0.059055 0.048800,
        0.446802 -0.059055 0.051258,
        0.410652 -0.059055 0.035665,
        0.449087 -0.059055 0.047300,
        0.417507 -0.059055 0.023790,
        0.452224 -0.059055 0.043976,
        0.426917 -0.059055 0.013816,
        0.456043 -0.059055 0.041464,
        0.438373 -0.059055 0.006281,
        0.460337 -0.059055 0.039901,
        0.451258 -0.059055 0.001592,
        0.464877 -0.059055 0.039370,
        0.464877 -0.059055 -0.000000,
        0.521654 -0.059055 0.039370,
        0.521654 -0.059055 -0.000000,
      ]
    }
    coordIndex [
      12, 13, 14, -1,
      14, 13, 15, -1,
      14, 15, 16, -1,
      16, 15, 17, -1,
      16, 17, 18, -1,
      18, 17, 19, -1,
      18, 19, 20, -1,
      20, 19, 21, -1,
      20, 21, 22, -1,
      22, 21, 23, -1,
      22, 23, 24, -1,
      24, 23, 25, -1,
      26, 24, 27, -1,
      27, 24, 25, -1,
      26, 27, 28, -1,
      26, 28, 29, -1,
      29, 28, 30, -1,
      29, 30, 31, -1,
      31, 30, 32, -1,
      31, 32, 33, -1,
      33, 32, 34, -1,
      33, 34, 35, -1,
      35, 34, 36, -1,
      35, 36, 37, -1,
      37, 36, 38, -1,
      37, 38, 39, -1,
      40, 39, 41, -1,
      41, 39, 38, -1,
      42, 40, 43, -1,
      43, 40, 41, -1,
      44, 42, 45, -1,
      45, 42, 43, -1,
      44, 45, 46, -1,
      46, 45, 47, -1,
      46, 47, 48, -1,
      48, 47, 49, -1,
      48, 49, 50, -1,
      50, 49, 51, -1,
      50, 51, 52, -1,
      52, 51, 53, -1,
      52, 53, 54, -1,
      54, 53, 55, -1,
      54, 55, 56, -1,
      56, 55, 57, -1,
      58, 56, 59, -1,
      59, 56, 57, -1,
      58, 59, 60, -1,
      58, 60, 61, -1,
      61, 60, 62, -1,
      61, 62, 63, -1,
      63, 62, 64, -1,
      63, 64, 65, -1,
      65, 64, 66, -1,
      65, 66, 67, -1,
      67, 66, 68, -1,
      67, 68, 69, -1,
      69, 68, 70, -1,
      69, 70, 71, -1,
      5, 70, 4, -1,
      4, 70, 68, -1,
      68, 66, 4, -1,
      4, 66, 64, -1,
      4, 64, 62, -1,
      43, 41, 45, -1,
      45, 41, 38, -1,
      45, 38, 47, -1,
      47, 38, 36, -1,
      47, 36, 49, -1,
      49, 36, 34, -1,
      49, 34, 51, -1,
      51, 34, 32, -1,
      51, 32, 53, -1,
      53, 32, 30, -1,
      53, 30, 55, -1,
      55, 30, 28, -1,
      55, 28, 57, -1,
      57, 28, 27, -1,
      57, 27, 59, -1,
      59, 27, 25, -1,
      59, 25, 60, -1,
      60, 25, 23, -1,
      60, 23, 62, -1,
      62, 23, 21, -1,
      62, 21, 19, -1,
      19, 17, 62, -1,
      62, 17, 15, -1,
      62, 15, 4, -1,
      4, 15, 13, -1,
      4, 13, 11, -1,
      71, 6, 7, -1,
      7, 63, 65, -1,
      14, 16, 63, -1,
      65, 67, 7, -1,
      7, 67, 69, -1,
      7, 69, 71, -1,
      14, 63, 12, -1,
      12, 63, 7, -1,
      12, 7, 10, -1,
      40, 42, 39, -1,
      39, 42, 44, -1,
      39, 44, 37, -1,
      37, 44, 46, -1,
      37, 46, 35, -1,
      35, 46, 48, -1,
      35, 48, 33, -1,
      33, 48, 50, -1,
      33, 50, 31, -1,
      31, 50, 52, -1,
      31, 52, 29, -1,
      29, 52, 54, -1,
      29, 54, 26, -1,
      26, 54, 56, -1,
      26, 56, 24, -1,
      24, 56, 58, -1,
      24, 58, 22, -1,
      22, 58, 61, -1,
      22, 61, 20, -1,
      20, 61, 63, -1,
      20, 63, 18, -1,
      18, 63, 16, -1,
      11, 13, 10, -1,
      10, 13, 12, -1,
      71, 70, 6, -1,
      6, 70, 5, -1,
      72, 73, 2, -1,
      2, 73, 1, -1,
      9, 74, 8, -1,
      8, 74, 75, -1,
      1, 73, 0, -1,
      0, 73, 76, -1,
      76, 77, 0, -1,
      0, 77, 78, -1,
      0, 78, 79, -1,
      80, 81, 79, -1,
      79, 81, 82, -1,
      79, 82, 0, -1,
      0, 82, 74, -1,
      0, 74, 9, -1,
      83, 84, 85, -1,
      85, 84, 86, -1,
      85, 86, 87, -1,
      87, 86, 88, -1,
      87, 88, 89, -1,
      89, 88, 90, -1,
      89, 90, 91, -1,
      91, 90, 92, -1,
      91, 92, 93, -1,
      93, 92, 94, -1,
      93, 94, 95, -1,
      95, 94, 96, -1,
      95, 96, 97, -1,
      97, 96, 98, -1,
      97, 98, 99, -1,
      99, 98, 100, -1,
      99, 100, 101, -1,
      101, 100, 102, -1,
      101, 102, 79, -1,
      79, 102, 103, -1,
      79, 103, 80, -1,
      104, 3, 105, -1,
      105, 3, 106, -1,
      104, 107, 3, -1,
      3, 107, 72, -1,
      3, 72, 2, -1,
      3, 8, 75, -1,
      3, 75, 106, -1,
      106, 75, 108, -1,
      106, 108, 109, -1,
      109, 110, 106, -1,
      106, 110, 111, -1,
      106, 111, 112, -1,
      112, 111, 113, -1,
      112, 113, 114, -1,
      114, 113, 115, -1,
      114, 115, 116, -1,
      116, 115, 117, -1,
      116, 117, 118, -1,
      118, 117, 119, -1,
      118, 119, 120, -1,
      120, 119, 121, -1,
      120, 121, 122, -1,
      122, 121, 123, -1,
      122, 123, 124, -1,
      124, 123, 125, -1,
      124, 125, 126, -1,
      126, 125, 127, -1,
      126, 127, 128, -1,
      128, 127, 129, -1,
      128, 129, 130, -1,
      130, 129, 131, -1,
      83, 85, 130, -1,
      130, 85, 128, -1,
      84, 83, 131, -1,
      131, 83, 130, -1,
      86, 84, 129, -1,
      129, 84, 131, -1,
      86, 129, 127, -1,
      86, 127, 88, -1,
      88, 127, 125, -1,
      88, 125, 90, -1,
      90, 125, 123, -1,
      90, 123, 92, -1,
      92, 123, 121, -1,
      92, 121, 94, -1,
      94, 121, 119, -1,
      94, 119, 96, -1,
      96, 119, 117, -1,
      96, 117, 98, -1,
      100, 98, 115, -1,
      115, 98, 117, -1,
      100, 115, 102, -1,
      102, 115, 113, -1,
      102, 113, 103, -1,
      103, 113, 111, -1,
      103, 111, 80, -1,
      80, 111, 110, -1,
      80, 110, 81, -1,
      81, 110, 109, -1,
      81, 109, 82, -1,
      82, 109, 108, -1,
      82, 108, 74, -1,
      74, 108, 75, -1,
      73, 72, 107, -1,
      73, 107, 76, -1,
      76, 107, 104, -1,
      76, 104, 77, -1,
      77, 104, 105, -1,
      77, 105, 78, -1,
      78, 105, 106, -1,
      78, 106, 79, -1,
      79, 106, 112, -1,
      79, 112, 101, -1,
      101, 112, 114, -1,
      101, 114, 99, -1,
      97, 99, 116, -1,
      116, 99, 114, -1,
      97, 116, 95, -1,
      95, 116, 118, -1,
      95, 118, 93, -1,
      93, 118, 120, -1,
      93, 120, 91, -1,
      91, 120, 122, -1,
      91, 122, 89, -1,
      89, 122, 124, -1,
      89, 124, 87, -1,
      87, 124, 126, -1,
      87, 126, 85, -1,
      85, 126, 128, -1,
    ]
  }
}

Shape {
  appearance Appearance {
    material Material {
      diffuseColor 1.0000 1.0000 1.0000
      specularColor 0.5020 0.5020 0.5020
      ambientIntensity 0.2
      transparency 0.0000
      shininess 0.5
    }
  }
  geometry IndexedFaceSet {
    ccw TRUE
    solid FALSE
    coord DEF co Coordinate {
      point [
        -0.028926 0.244097 0.290715,
        -0.026020 0.244133 0.290460,
        -0.022908 0.240743 0.314580,
        -0.023344 0.240736 0.314629,
        -0.049265 0.240766 0.314414,
        -0.046120 0.242218 0.304087,
        -0.048510 0.242220 0.304070,
        -0.049246 0.241151 0.311678,
        -0.048490 0.242603 0.301346,
        -0.046120 0.241148 0.311700,
        -0.039974 0.241142 0.311743,
        -0.039920 0.242211 0.304131,
        -0.036722 0.244097 0.290715,
        -0.036893 0.240754 0.314501,
        -0.046120 0.240763 0.314436,
        -0.039900 0.242594 0.301407,
        -0.039843 0.243719 0.293405,
        -0.046120 0.242600 0.301363,
        -0.046120 0.243725 0.293361,
        -0.049661 0.243729 0.293336,
        -0.049641 0.244110 0.290624,
        -0.046120 0.244106 0.290649,
        -0.030879 0.240780 0.314317,
        -0.032081 0.240830 0.313963,
        -0.032058 0.241281 0.310753,
        -0.026856 0.243753 0.293161,
        -0.029576 0.243685 0.293643,
        -0.030879 0.241211 0.311249,
        -0.030879 0.243606 0.294212,
        -0.031792 0.241261 0.310898,
        -0.031943 0.243540 0.294676,
        -0.029362 0.241129 0.311833,
        -0.017315 0.242623 0.301201,
        -0.017744 0.242946 0.298907,
        -0.018564 0.243209 0.297037,
        -0.019843 0.241441 0.309611,
        -0.018515 0.241695 0.307806,
        -0.021487 0.241255 0.310935,
        -0.023381 0.241135 0.311789,
        -0.026407 0.241077 0.312204,
        -0.025474 0.241081 0.312173,
        -0.017268 0.242444 0.302478,
        -0.017693 0.241982 0.305762,
        -0.019577 0.243400 0.295675,
        -0.020049 0.243466 0.295207,
        -0.021611 0.243622 0.294098,
        -0.023319 0.243715 0.293431,
        -0.025730 0.243758 0.293127,
        -0.026396 0.240687 0.314976,
        -0.026413 0.240687 0.314976,
        -0.029554 0.240725 0.314707,
        -0.029818 0.240736 0.314629,
        -0.015790 0.241486 0.309295,
        -0.017548 0.241171 0.311536,
        -0.018134 0.241094 0.312083,
        -0.020393 0.240876 0.313630,
        -0.014630 0.241856 0.306661,
        -0.014920 0.241763 0.307319,
        -0.014920 0.243179 0.297245,
        -0.014464 0.243014 0.298422,
        -0.014012 0.242466 0.302318,
        -0.014063 0.242292 0.303559,
        -0.017033 0.243678 0.293699,
        -0.015427 0.243363 0.295937,
        -0.023812 0.244131 0.290472,
        -0.021213 0.244054 0.291021,
        -0.018954 0.243903 0.292096,
        -0.025262 0.244142 0.290394,
        -0.024029 0.244133 0.290460,
        -0.031922 0.243954 0.291733,
        -0.031511 0.243982 0.291534,
        -0.030879 0.244010 0.291334,
        -0.003551 0.240736 0.314629,
        -0.003401 0.243683 0.293661,
        -0.012967 0.243693 0.293594,
        -0.012948 0.244074 0.290881,
        -0.000281 0.244061 0.290970,
        -0.003552 0.240721 0.314735,
        -0.000451 0.240718 0.314757,
        -0.000450 0.240736 0.314629,
        -0.073740 0.242632 0.301140,
        -0.073139 0.243023 0.298359,
        -0.072568 0.241637 0.308218,
        -0.073443 0.241956 0.305946,
        -0.073823 0.242419 0.302652,
        -0.071939 0.243367 0.295907,
        -0.070137 0.243662 0.293812,
        -0.067629 0.243909 0.292056,
        -0.061202 0.240778 0.314330,
        -0.064866 0.240838 0.313904,
        -0.067757 0.240988 0.312835,
        -0.064886 0.244055 0.291013,
        -0.060786 0.244121 0.290546,
        -0.054179 0.244114 0.290592,
        -0.054350 0.240771 0.314379,
        -0.070261 0.241230 0.311117,
        -0.071093 0.241344 0.310300,
        -0.257074 0.215278 0.374016,
        -0.257074 -0.215278 0.374016,
        -0.220179 -0.215278 0.374016,
        -0.220179 0.215278 0.374016,
        -0.257074 0.216522 0.373976,
        -0.220179 0.216522 0.373976,
        -0.257074 -0.216522 0.373976,
        -0.220179 -0.216522 0.373976,
        -0.012967 0.243731 0.293599,
        -0.012948 0.244113 0.290887,
        -0.003401 0.243722 0.293666,
        -0.003552 0.240760 0.314741,
        -0.000451 0.240757 0.314763,
        -0.000281 0.244100 0.290976,
        -0.031922 0.243993 0.291739,
        -0.031511 0.244021 0.291540,
        -0.025262 0.244181 0.290399,
        -0.028926 0.244136 0.290720,
        -0.031943 0.243579 0.294682,
        -0.029576 0.243724 0.293648,
        -0.026856 0.243792 0.293166,
        -0.025730 0.243797 0.293132,
        -0.023319 0.243754 0.293437,
        -0.021611 0.243661 0.294103,
        -0.020049 0.243505 0.295212,
        -0.019577 0.243439 0.295681,
        -0.018564 0.243248 0.297042,
        -0.017744 0.242985 0.298913,
        -0.017315 0.242662 0.301206,
        -0.017268 0.242483 0.302483,
        -0.017693 0.242021 0.305768,
        -0.018515 0.241734 0.307812,
        -0.019843 0.241480 0.309616,
        -0.021487 0.241294 0.310941,
        -0.023381 0.241174 0.311794,
        -0.025474 0.241120 0.312178,
        -0.026407 0.241116 0.312209,
        -0.032058 0.241320 0.310758,
        -0.031792 0.241300 0.310903,
        -0.029362 0.241168 0.311839,
        -0.032081 0.240869 0.313969,
        -0.029554 0.240764 0.314713,
        -0.026413 0.240726 0.314981,
        -0.026396 0.240726 0.314982,
        -0.022908 0.240782 0.314585,
        -0.020393 0.240915 0.313635,
        -0.018134 0.241133 0.312089,
        -0.017548 0.241210 0.311541,
        -0.015790 0.241525 0.309300,
        -0.014630 0.241895 0.306666,
        -0.014063 0.242331 0.303565,
        -0.014012 0.242505 0.302324,
        -0.017033 0.243717 0.293704,
        -0.015427 0.243402 0.295943,
        -0.014464 0.243053 0.298428,
        -0.023812 0.244170 0.290478,
        -0.021213 0.244093 0.291026,
        -0.018954 0.243942 0.292101,
        -0.049661 0.243768 0.293341,
        -0.049641 0.244149 0.290630,
        -0.039843 0.243758 0.293410,
        -0.039900 0.242633 0.301412,
        -0.048490 0.242642 0.301352,
        -0.048510 0.242259 0.304076,
        -0.039920 0.242250 0.304136,
        -0.039974 0.241181 0.311749,
        -0.049246 0.241190 0.311683,
        -0.049265 0.240805 0.314420,
        -0.036893 0.240793 0.314507,
        -0.036722 0.244136 0.290720,
        -0.069020 0.243260 0.296954,
        -0.067946 0.243437 0.295694,
        -0.070137 0.243701 0.293818,
        -0.067677 0.243472 0.295449,
        -0.067629 0.243948 0.292061,
        -0.066124 0.243620 0.294391,
        -0.064886 0.244094 0.291019,
        -0.064140 0.243726 0.293639,
        -0.060786 0.244160 0.290551,
        -0.060787 0.243779 0.293263,
        -0.054179 0.244153 0.290598,
        -0.057299 0.243775 0.293288,
        -0.054350 0.240810 0.314384,
        -0.057431 0.241198 0.311626,
        -0.061202 0.240817 0.314336,
        -0.061059 0.241202 0.311601,
        -0.064866 0.240877 0.313909,
        -0.064144 0.241252 0.311242,
        -0.067757 0.241027 0.312840,
        -0.066223 0.241358 0.310484,
        -0.070261 0.241269 0.311122,
        -0.067976 0.241523 0.309314,
        -0.071093 0.241383 0.310306,
        -0.068630 0.241613 0.308669,
        -0.072568 0.241676 0.308224,
        -0.069554 0.241801 0.307332,
        -0.073443 0.241995 0.305951,
        -0.070221 0.242045 0.305596,
        -0.073823 0.242458 0.302657,
        -0.070562 0.242467 0.302595,
        -0.073740 0.242671 0.301146,
        -0.070431 0.242722 0.300779,
        -0.073139 0.243062 0.298365,
        -0.069904 0.243019 0.298672,
        -0.071939 0.243406 0.295912,
        -0.061059 0.241163 0.311595,
        -0.057431 0.241159 0.311620,
        -0.057299 0.243736 0.293282,
        -0.060787 0.243740 0.293258,
        -0.067946 0.243398 0.295688,
        -0.067677 0.243432 0.295443,
        -0.066124 0.243581 0.294385,
        -0.064140 0.243687 0.293634,
        -0.070562 0.242428 0.302590,
        -0.070431 0.242683 0.300774,
        -0.069904 0.242980 0.298667,
        -0.069020 0.243221 0.296948,
        -0.067976 0.241484 0.309309,
        -0.068630 0.241574 0.308663,
        -0.069554 0.241762 0.307326,
        -0.070221 0.242006 0.305591,
        -0.064144 0.241213 0.311237,
        -0.066223 0.241319 0.310479,
      ]
    }
    coordIndex [
      103, 101, 98, -1,
      98, 101, 97, -1,
      100, 102, 99, -1,
      99, 102, 104, -1,
      104, 102, 103, -1,
      103, 102, 101, -1,
      105, 106, 74, -1,
      74, 106, 75, -1,
      107, 105, 73, -1,
      73, 105, 74, -1,
      107, 73, 108, -1,
      108, 73, 72, -1,
      108, 72, 77, -1,
      109, 108, 78, -1,
      78, 108, 77, -1,
      76, 110, 79, -1,
      79, 110, 109, -1,
      79, 109, 78, -1,
      106, 110, 75, -1,
      75, 110, 76, -1,
      108, 109, 107, -1,
      107, 109, 110, -1,
      107, 110, 105, -1,
      105, 110, 106, -1,
      69, 111, 112, -1,
      113, 67, 1, -1,
      113, 1, 114, -1,
      1, 0, 114, -1,
      114, 0, 71, -1,
      114, 71, 112, -1,
      112, 71, 70, -1,
      112, 70, 69, -1,
      115, 111, 30, -1,
      30, 111, 69, -1,
      115, 30, 28, -1,
      115, 28, 116, -1,
      28, 26, 116, -1,
      116, 26, 25, -1,
      116, 25, 117, -1,
      117, 25, 47, -1,
      117, 47, 118, -1,
      118, 47, 46, -1,
      118, 46, 119, -1,
      119, 46, 45, -1,
      119, 45, 120, -1,
      120, 45, 44, -1,
      120, 44, 121, -1,
      121, 44, 43, -1,
      121, 43, 122, -1,
      122, 43, 34, -1,
      122, 34, 123, -1,
      123, 34, 33, -1,
      123, 33, 124, -1,
      124, 33, 32, -1,
      124, 32, 125, -1,
      125, 32, 41, -1,
      125, 41, 126, -1,
      126, 41, 42, -1,
      126, 42, 127, -1,
      127, 42, 36, -1,
      127, 36, 128, -1,
      128, 36, 35, -1,
      128, 35, 129, -1,
      129, 35, 37, -1,
      129, 37, 130, -1,
      130, 37, 38, -1,
      130, 38, 131, -1,
      131, 38, 40, -1,
      131, 40, 132, -1,
      132, 40, 39, -1,
      132, 39, 133, -1,
      24, 134, 135, -1,
      133, 39, 31, -1,
      133, 31, 136, -1,
      136, 31, 27, -1,
      136, 27, 135, -1,
      135, 27, 29, -1,
      135, 29, 24, -1,
      137, 134, 23, -1,
      23, 134, 24, -1,
      51, 138, 22, -1,
      22, 138, 137, -1,
      22, 137, 23, -1,
      51, 50, 138, -1,
      138, 50, 49, -1,
      138, 49, 139, -1,
      139, 49, 48, -1,
      139, 48, 140, -1,
      141, 140, 3, -1,
      3, 140, 48, -1,
      3, 2, 141, -1,
      141, 2, 55, -1,
      141, 55, 142, -1,
      142, 55, 54, -1,
      142, 54, 143, -1,
      143, 54, 53, -1,
      143, 53, 144, -1,
      144, 53, 52, -1,
      144, 52, 145, -1,
      145, 52, 57, -1,
      145, 57, 146, -1,
      57, 56, 146, -1,
      146, 56, 61, -1,
      146, 61, 147, -1,
      147, 61, 60, -1,
      147, 60, 148, -1,
      62, 149, 150, -1,
      148, 60, 59, -1,
      148, 59, 151, -1,
      151, 59, 58, -1,
      151, 58, 150, -1,
      150, 58, 63, -1,
      150, 63, 62, -1,
      67, 113, 68, -1,
      68, 113, 152, -1,
      68, 152, 64, -1,
      64, 152, 153, -1,
      64, 153, 65, -1,
      65, 153, 154, -1,
      65, 154, 66, -1,
      66, 154, 149, -1,
      66, 149, 62, -1,
      135, 134, 137, -1,
      130, 143, 129, -1,
      129, 143, 144, -1,
      129, 144, 128, -1,
      128, 144, 145, -1,
      128, 145, 127, -1,
      135, 137, 136, -1,
      136, 137, 138, -1,
      136, 138, 133, -1,
      133, 138, 139, -1,
      133, 139, 132, -1,
      132, 139, 140, -1,
      132, 140, 131, -1,
      131, 140, 141, -1,
      131, 141, 130, -1,
      130, 141, 142, -1,
      130, 142, 143, -1,
      148, 126, 147, -1,
      147, 126, 127, -1,
      147, 127, 146, -1,
      146, 127, 145, -1,
      111, 115, 112, -1,
      112, 115, 116, -1,
      112, 116, 114, -1,
      114, 116, 117, -1,
      114, 117, 113, -1,
      113, 117, 118, -1,
      113, 118, 152, -1,
      152, 118, 119, -1,
      152, 119, 153, -1,
      153, 119, 120, -1,
      153, 120, 154, -1,
      154, 120, 121, -1,
      154, 121, 149, -1,
      149, 121, 122, -1,
      149, 122, 150, -1,
      150, 122, 123, -1,
      150, 123, 151, -1,
      151, 123, 124, -1,
      151, 124, 148, -1,
      148, 124, 125, -1,
      148, 125, 126, -1,
      155, 156, 19, -1,
      19, 156, 20, -1,
      16, 157, 18, -1,
      18, 157, 155, -1,
      18, 155, 19, -1,
      158, 157, 15, -1,
      15, 157, 16, -1,
      8, 159, 17, -1,
      17, 159, 158, -1,
      17, 158, 15, -1,
      160, 159, 6, -1,
      6, 159, 8, -1,
      11, 161, 5, -1,
      5, 161, 160, -1,
      5, 160, 6, -1,
      162, 161, 10, -1,
      10, 161, 11, -1,
      7, 163, 9, -1,
      9, 163, 162, -1,
      9, 162, 10, -1,
      164, 163, 4, -1,
      4, 163, 7, -1,
      13, 165, 14, -1,
      14, 165, 164, -1,
      14, 164, 4, -1,
      166, 165, 12, -1,
      12, 165, 13, -1,
      20, 156, 21, -1,
      21, 156, 166, -1,
      21, 166, 12, -1,
      166, 156, 155, -1,
      155, 157, 166, -1,
      166, 157, 158, -1,
      166, 158, 165, -1,
      163, 164, 162, -1,
      162, 164, 165, -1,
      162, 165, 161, -1,
      161, 165, 158, -1,
      161, 158, 160, -1,
      160, 158, 159, -1,
      167, 168, 169, -1,
      169, 168, 170, -1,
      169, 170, 171, -1,
      171, 170, 172, -1,
      171, 172, 173, -1,
      173, 172, 174, -1,
      173, 174, 175, -1,
      175, 174, 176, -1,
      175, 176, 177, -1,
      177, 176, 178, -1,
      177, 178, 179, -1,
      179, 178, 180, -1,
      179, 180, 181, -1,
      181, 180, 182, -1,
      181, 182, 183, -1,
      183, 182, 184, -1,
      183, 184, 185, -1,
      185, 184, 186, -1,
      185, 186, 187, -1,
      187, 186, 188, -1,
      187, 188, 189, -1,
      189, 188, 190, -1,
      189, 190, 191, -1,
      191, 190, 192, -1,
      191, 192, 193, -1,
      193, 192, 194, -1,
      193, 194, 195, -1,
      195, 194, 196, -1,
      195, 196, 197, -1,
      197, 196, 198, -1,
      197, 198, 199, -1,
      199, 198, 200, -1,
      199, 200, 201, -1,
      201, 200, 167, -1,
      201, 167, 169, -1,
      175, 177, 92, -1,
      92, 177, 93, -1,
      175, 92, 91, -1,
      175, 91, 173, -1,
      173, 91, 87, -1,
      173, 87, 171, -1,
      171, 87, 86, -1,
      171, 86, 169, -1,
      169, 86, 85, -1,
      169, 85, 201, -1,
      201, 85, 81, -1,
      201, 81, 199, -1,
      199, 81, 80, -1,
      199, 80, 197, -1,
      197, 80, 84, -1,
      197, 84, 195, -1,
      195, 84, 83, -1,
      195, 83, 193, -1,
      193, 83, 82, -1,
      193, 82, 191, -1,
      191, 82, 96, -1,
      191, 96, 189, -1,
      189, 96, 95, -1,
      189, 95, 187, -1,
      187, 95, 90, -1,
      187, 90, 185, -1,
      185, 90, 89, -1,
      185, 89, 183, -1,
      183, 89, 88, -1,
      183, 88, 181, -1,
      179, 181, 94, -1,
      94, 181, 88, -1,
      177, 179, 93, -1,
      93, 179, 94, -1,
      182, 180, 202, -1,
      202, 180, 203, -1,
      180, 178, 203, -1,
      203, 178, 204, -1,
      178, 176, 204, -1,
      204, 176, 205, -1,
      168, 206, 207, -1,
      168, 207, 170, -1,
      170, 207, 208, -1,
      170, 208, 172, -1,
      172, 208, 209, -1,
      172, 209, 174, -1,
      174, 209, 205, -1,
      174, 205, 176, -1,
      196, 210, 211, -1,
      196, 211, 198, -1,
      198, 211, 212, -1,
      198, 212, 200, -1,
      200, 212, 213, -1,
      200, 213, 167, -1,
      167, 213, 206, -1,
      167, 206, 168, -1,
      188, 214, 215, -1,
      188, 215, 190, -1,
      190, 215, 216, -1,
      190, 216, 192, -1,
      192, 216, 217, -1,
      192, 217, 194, -1,
      194, 217, 210, -1,
      194, 210, 196, -1,
      182, 202, 218, -1,
      182, 218, 184, -1,
      184, 218, 219, -1,
      184, 219, 186, -1,
      186, 219, 214, -1,
      186, 214, 188, -1,
    ]
  }
}

Shape {
  appearance Appearance {
    material Material {
      diffuseColor 0.2235 0.2235 0.2235
      specularColor 0.1137 0.1137 0.1137
      ambientIntensity 0.2
      transparency 0.0000
      shininess 0.5
    }
  }
  geometry IndexedFaceSet {
    ccw TRUE
    solid FALSE
    coord DEF co Coordinate {
      point [
        -0.061059 0.241163 0.311595,
        -0.057431 0.241159 0.311620,
        -0.057299 0.243736 0.293282,
        -0.060787 0.243740 0.293258,
        -0.067946 0.243398 0.295688,
        -0.067677 0.243432 0.295443,
        -0.066124 0.243581 0.294385,
        -0.064140 0.243687 0.293634,
        -0.070562 0.242428 0.302590,
        -0.070431 0.242683 0.300774,
        -0.069904 0.242980 0.298667,
        -0.069020 0.243221 0.296948,
        -0.067976 0.241484 0.309309,
        -0.068630 0.241574 0.308663,
        -0.069554 0.241762 0.307326,
        -0.070221 0.242006 0.305591,
        -0.064144 0.241213 0.311237,
        -0.066223 0.241319 0.310479,
      ]
    }
    coordIndex [
      5, 4, 0, -1,
      1, 2, 0, -1,
      0, 2, 3, -1,
      3, 7, 0, -1,
      0, 7, 6, -1,
      0, 6, 5, -1,
      4, 11, 0, -1,
      0, 11, 10, -1,
      0, 10, 9, -1,
      9, 8, 0, -1,
      0, 8, 15, -1,
      0, 15, 14, -1,
      14, 13, 0, -1,
      0, 13, 12, -1,
      0, 12, 16, -1,
      16, 12, 17, -1,
    ]
  }
}

Shape {
  appearance Appearance {
    material Material {
      diffuseColor 1.0000 1.0000 1.0000
      specularColor 0.5020 0.5020 0.5020
      ambientIntensity 0.2
      transparency 0.0000
      shininess 0.5
    }
  }
  geometry IndexedFaceSet {
    ccw TRUE
    solid FALSE
    coord DEF co Coordinate {
      point [
        -0.084387 0.240801 0.314168,
        -0.087703 0.240804 0.314144,
        -0.075068 0.244135 0.290445,
        -0.075074 0.244133 0.290460,
        -0.081730 0.241751 0.307405,
        -0.078494 0.244138 0.290421,
        -0.078508 0.244133 0.290460,
        -0.081730 0.243227 0.296905,
        -0.080849 0.243226 0.296911,
        -0.090852 0.243236 0.296841,
        -0.093202 0.244133 0.290460,
        -0.093255 0.244153 0.290318,
        -0.096681 0.244156 0.290294,
        -0.096619 0.244133 0.290460,
        -0.081851 0.242889 0.299597,
        -0.085514 0.241502 0.309459,
        -0.084387 0.240840 0.314173,
        -0.075068 0.244174 0.290451,
        -0.078494 0.244177 0.290427,
        -0.080849 0.243265 0.296917,
        -0.085727 0.241403 0.310167,
        -0.085919 0.241269 0.311122,
        -0.087703 0.240843 0.314150,
        -0.085993 0.241269 0.311122,
        -0.086180 0.241410 0.310114,
        -0.086355 0.241503 0.309453,
        -0.089913 0.242896 0.299541,
        -0.096681 0.244195 0.290299,
        -0.093255 0.244192 0.290323,
        -0.090852 0.243275 0.296846,
        -0.081851 0.242850 0.299592,
        -0.089913 0.242857 0.299535,
        -0.086355 0.241464 0.309447,
        -0.085993 0.241230 0.311116,
        -0.086180 0.241371 0.310108,
        -0.085919 0.241230 0.311117,
        -0.085514 0.241463 0.309453,
        -0.085727 0.241364 0.310162,
      ]
    }
    coordIndex [
      14, 15, 16, -1,
      17, 18, 19, -1,
      15, 20, 16, -1,
      16, 20, 21, -1,
      16, 21, 22, -1,
      22, 21, 23, -1,
      22, 23, 24, -1,
      24, 25, 22, -1,
      22, 25, 26, -1,
      22, 26, 27, -1,
      28, 27, 29, -1,
      29, 27, 26, -1,
      29, 26, 19, -1,
      19, 26, 14, -1,
      19, 14, 17, -1,
      17, 14, 16, -1,
      1, 22, 13, -1,
      13, 22, 27, -1,
      13, 27, 12, -1,
      16, 22, 0, -1,
      0, 22, 1, -1,
      3, 2, 17, -1,
      3, 17, 4, -1,
      4, 17, 16, -1,
      4, 16, 0, -1,
      18, 17, 5, -1,
      5, 17, 2, -1,
      8, 19, 6, -1,
      6, 19, 18, -1,
      6, 18, 5, -1,
      9, 29, 7, -1,
      7, 29, 19, -1,
      7, 19, 8, -1,
      11, 28, 10, -1,
      10, 28, 29, -1,
      10, 29, 9, -1,
      27, 28, 12, -1,
      12, 28, 11, -1,
      14, 26, 30, -1,
      30, 26, 31, -1,
      26, 25, 31, -1,
      31, 25, 32, -1,
      23, 33, 34, -1,
      23, 34, 24, -1,
      24, 34, 32, -1,
      24, 32, 25, -1,
      23, 21, 33, -1,
      33, 21, 35, -1,
      15, 36, 37, -1,
      15, 37, 20, -1,
      20, 37, 35, -1,
      20, 35, 21, -1,
      15, 14, 36, -1,
      36, 14, 30, -1,
    ]
  }
}

Shape {
  appearance Appearance {
    material Material {
      diffuseColor 0.2235 0.2235 0.2235
      specularColor 0.1137 0.1137 0.1137
      ambientIntensity 0.2
      transparency 0.0000
      shininess 0.5
    }
  }
  geometry IndexedFaceSet {
    ccw TRUE
    solid FALSE
    coord DEF co Coordinate {
      point [
        -0.081851 0.242850 0.299592,
        -0.089913 0.242857 0.299535,
        -0.086355 0.241464 0.309447,
        -0.085993 0.241230 0.311116,
        -0.086180 0.241371 0.310108,
        -0.085919 0.241230 0.311117,
        -0.085514 0.241463 0.309453,
        -0.085727 0.241364 0.310162,
      ]
    }
    coordIndex [
      3, 5, 4, -1,
      4, 5, 7, -1,
      4, 7, 2, -1,
      2, 7, 6, -1,
      2, 6, 1, -1,
      1, 6, 0, -1,
    ]
  }
}

Shape {
  appearance Appearance {
    material Material {
      diffuseColor 1.0000 1.0000 1.0000
      specularColor 0.5020 0.5020 0.5020
      ambientIntensity 0.2
      transparency 0.0000
      shininess 0.5
    }
  }
  geometry IndexedFaceSet {
    ccw TRUE
    solid FALSE
    coord DEF co Coordinate {
      point [
        -0.012534 0.246418 0.274199,
        -0.003262 0.246409 0.274264,
        -0.003207 0.247479 0.266652,
        -0.003188 0.247862 0.263928,
        -0.003131 0.248986 0.255926,
        -0.011778 0.247870 0.263867,
        -0.012949 0.248996 0.255857,
        -0.011798 0.247487 0.266591,
        -0.012549 0.246119 0.276327,
        -0.012552 0.246054 0.276789,
        -0.012553 0.246033 0.276935,
        -0.000181 0.246021 0.277022,
        -0.000179 0.246054 0.276789,
        -0.012930 0.249377 0.253145,
        -0.000011 0.249364 0.253236,
        -0.000176 0.246119 0.276327,
        -0.029395 0.247505 0.266469,
        -0.029672 0.247857 0.263961,
        -0.029594 0.249394 0.253028,
        -0.026585 0.249391 0.253049,
        -0.017578 0.247568 0.266016,
        -0.017598 0.247161 0.268910,
        -0.024241 0.247301 0.267917,
        -0.023217 0.247285 0.268031,
        -0.021573 0.247967 0.263178,
        -0.016984 0.248259 0.261103,
        -0.017868 0.248146 0.261903,
        -0.019079 0.248055 0.262555,
        -0.019664 0.247389 0.267294,
        -0.021553 0.247306 0.267885,
        -0.023517 0.246945 0.270449,
        -0.020457 0.246994 0.270102,
        -0.018215 0.247113 0.269258,
        -0.025602 0.246978 0.270213,
        -0.026802 0.247038 0.269789,
        -0.027752 0.247123 0.269183,
        -0.028280 0.247195 0.268672,
        -0.028909 0.247325 0.267748,
        -0.018298 0.249349 0.253344,
        -0.017289 0.249250 0.254051,
        -0.017021 0.249212 0.254318,
        -0.016387 0.249086 0.255213,
        -0.026663 0.247873 0.263848,
        -0.026569 0.247689 0.265157,
        -0.026266 0.247539 0.266224,
        -0.025917 0.247452 0.266841,
        -0.022831 0.249419 0.252852,
        -0.021246 0.249442 0.252685,
        -0.019448 0.249411 0.252905,
        -0.016010 0.248948 0.256199,
        -0.015842 0.248741 0.257673,
        -0.015988 0.248547 0.259049,
        -0.016358 0.248394 0.260139,
        -0.025467 0.247384 0.267324,
        -0.024936 0.247336 0.267670,
        -0.026604 0.249021 0.255676,
        -0.026524 0.249021 0.255676,
        -0.025987 0.249131 0.254892,
        -0.025022 0.249270 0.253909,
        -0.024049 0.249357 0.253285,
        -0.012949 0.249035 0.255862,
        -0.012930 0.249416 0.253150,
        -0.003131 0.249025 0.255931,
        -0.003188 0.247901 0.263933,
        -0.011778 0.247909 0.263873,
        -0.011798 0.247526 0.266597,
        -0.003207 0.247518 0.266657,
        -0.003262 0.246448 0.274270,
        -0.012534 0.246457 0.274205,
        -0.012553 0.246072 0.276941,
        -0.000181 0.246060 0.277028,
        -0.000011 0.249403 0.253241,
        -0.026585 0.249430 0.253055,
        -0.029594 0.249433 0.253033,
        -0.026604 0.249060 0.255681,
        -0.029672 0.247896 0.263966,
        -0.026524 0.249060 0.255682,
        -0.024942 0.248997 0.256131,
        -0.025987 0.249170 0.254898,
        -0.024088 0.249076 0.255569,
        -0.020714 0.248364 0.260634,
        -0.022627 0.248303 0.261072,
        -0.026646 0.248231 0.261579,
        -0.026635 0.248461 0.259950,
        -0.026630 0.248488 0.259752,
        -0.026427 0.248675 0.258424,
        -0.025978 0.248824 0.257364,
        -0.025320 0.248946 0.256493,
        -0.025602 0.247017 0.270219,
        -0.024936 0.247375 0.267675,
        -0.026802 0.247077 0.269794,
        -0.025467 0.247423 0.267330,
        -0.020041 0.248411 0.260304,
        -0.026663 0.247912 0.263853,
        -0.026569 0.247728 0.265163,
        -0.029395 0.247544 0.266474,
        -0.026266 0.247578 0.266230,
        -0.028909 0.247364 0.267754,
        -0.025917 0.247491 0.266847,
        -0.028280 0.247234 0.268678,
        -0.027752 0.247162 0.269189,
        -0.017598 0.247200 0.268915,
        -0.017578 0.247607 0.266021,
        -0.018215 0.247152 0.269263,
        -0.019664 0.247428 0.267299,
        -0.020457 0.247033 0.270108,
        -0.021553 0.247344 0.267890,
        -0.023517 0.246984 0.270455,
        -0.023217 0.247324 0.268037,
        -0.024241 0.247340 0.267922,
        -0.019499 0.248992 0.256168,
        -0.017289 0.249289 0.254056,
        -0.019753 0.249028 0.255912,
        -0.018298 0.249388 0.253349,
        -0.020350 0.249085 0.255502,
        -0.019448 0.249450 0.252910,
        -0.021028 0.249121 0.255250,
        -0.021246 0.249481 0.252691,
        -0.022044 0.249138 0.255130,
        -0.022831 0.249457 0.252857,
        -0.023173 0.249122 0.255247,
        -0.024049 0.249396 0.253291,
        -0.025022 0.249309 0.253915,
        -0.021573 0.248006 0.263184,
        -0.019079 0.248094 0.262561,
        -0.019709 0.248447 0.260047,
        -0.017868 0.248185 0.261908,
        -0.019346 0.248509 0.259608,
        -0.016984 0.248298 0.261109,
        -0.019078 0.248586 0.259054,
        -0.016358 0.248433 0.260144,
        -0.018924 0.248682 0.258373,
        -0.015988 0.248586 0.259054,
        -0.018895 0.248748 0.257900,
        -0.015842 0.248780 0.257678,
        -0.018967 0.248845 0.257216,
        -0.016010 0.248987 0.256205,
        -0.019161 0.248921 0.256673,
        -0.016387 0.249125 0.255219,
        -0.017021 0.249251 0.254324,
        -0.019709 0.248408 0.260041,
        -0.020041 0.248372 0.260298,
        -0.020714 0.248325 0.260629,
        -0.022627 0.248264 0.261067,
        -0.018895 0.248709 0.257894,
        -0.018924 0.248643 0.258367,
        -0.019078 0.248547 0.259049,
        -0.019346 0.248470 0.259602,
        -0.019753 0.248989 0.255906,
        -0.019499 0.248953 0.256163,
        -0.019161 0.248882 0.256667,
        -0.018967 0.248806 0.257210,
        -0.022044 0.249099 0.255124,
        -0.021028 0.249082 0.255244,
        -0.020350 0.249046 0.255497,
        -0.025320 0.248907 0.256487,
        -0.024942 0.248958 0.256126,
        -0.024088 0.249037 0.255564,
        -0.023173 0.249083 0.255241,
        -0.026635 0.248422 0.259944,
        -0.026630 0.248449 0.259746,
        -0.026427 0.248636 0.258419,
        -0.025978 0.248785 0.257359,
        -0.026646 0.248193 0.261574,
      ]
    }
    coordIndex [
      60, 61, 6, -1,
      6, 61, 13, -1,
      62, 60, 4, -1,
      4, 60, 6, -1,
      63, 62, 3, -1,
      3, 62, 4, -1,
      64, 63, 5, -1,
      5, 63, 3, -1,
      65, 64, 7, -1,
      7, 64, 5, -1,
      66, 65, 2, -1,
      2, 65, 7, -1,
      67, 66, 1, -1,
      1, 66, 2, -1,
      68, 67, 0, -1,
      0, 67, 1, -1,
      68, 0, 8, -1,
      68, 8, 69, -1,
      69, 8, 9, -1,
      69, 9, 10, -1,
      70, 69, 11, -1,
      11, 69, 10, -1,
      14, 71, 15, -1,
      15, 71, 70, -1,
      15, 70, 12, -1,
      12, 70, 11, -1,
      61, 71, 13, -1,
      13, 71, 14, -1,
      71, 61, 60, -1,
      60, 62, 71, -1,
      71, 62, 63, -1,
      71, 63, 70, -1,
      68, 69, 67, -1,
      67, 69, 70, -1,
      67, 70, 66, -1,
      66, 70, 63, -1,
      66, 63, 65, -1,
      65, 63, 64, -1,
      72, 73, 74, -1,
      74, 73, 75, -1,
      76, 77, 78, -1,
      78, 77, 79, -1,
      80, 81, 75, -1,
      75, 81, 82, -1,
      75, 82, 83, -1,
      83, 84, 75, -1,
      75, 84, 85, -1,
      75, 85, 74, -1,
      74, 85, 86, -1,
      74, 86, 76, -1,
      76, 86, 87, -1,
      76, 87, 77, -1,
      88, 89, 90, -1,
      90, 89, 91, -1,
      92, 80, 93, -1,
      93, 80, 75, -1,
      93, 75, 94, -1,
      94, 75, 95, -1,
      94, 95, 96, -1,
      96, 95, 97, -1,
      96, 97, 98, -1,
      98, 97, 99, -1,
      98, 99, 91, -1,
      91, 99, 100, -1,
      91, 100, 90, -1,
      101, 102, 103, -1,
      103, 102, 104, -1,
      103, 104, 105, -1,
      105, 104, 106, -1,
      105, 106, 107, -1,
      107, 106, 108, -1,
      107, 108, 88, -1,
      88, 108, 109, -1,
      88, 109, 89, -1,
      110, 111, 112, -1,
      112, 111, 113, -1,
      112, 113, 114, -1,
      114, 113, 115, -1,
      114, 115, 116, -1,
      116, 115, 117, -1,
      116, 117, 118, -1,
      118, 117, 119, -1,
      118, 119, 120, -1,
      120, 119, 121, -1,
      120, 121, 79, -1,
      79, 121, 122, -1,
      79, 122, 78, -1,
      93, 123, 92, -1,
      92, 123, 124, -1,
      92, 124, 125, -1,
      125, 124, 126, -1,
      125, 126, 127, -1,
      127, 126, 128, -1,
      127, 128, 129, -1,
      129, 128, 130, -1,
      129, 130, 131, -1,
      131, 130, 132, -1,
      131, 132, 133, -1,
      133, 132, 134, -1,
      133, 134, 135, -1,
      135, 134, 136, -1,
      135, 136, 137, -1,
      137, 136, 138, -1,
      137, 138, 110, -1,
      110, 138, 139, -1,
      110, 139, 111, -1,
      107, 30, 31, -1,
      107, 31, 105, -1,
      105, 31, 32, -1,
      105, 32, 103, -1,
      103, 32, 21, -1,
      103, 21, 101, -1,
      102, 101, 20, -1,
      20, 101, 21, -1,
      102, 20, 28, -1,
      102, 28, 104, -1,
      104, 28, 29, -1,
      104, 29, 106, -1,
      106, 29, 23, -1,
      106, 23, 108, -1,
      108, 23, 22, -1,
      108, 22, 109, -1,
      109, 22, 54, -1,
      109, 54, 89, -1,
      89, 54, 53, -1,
      89, 53, 91, -1,
      91, 53, 45, -1,
      91, 45, 98, -1,
      98, 45, 44, -1,
      98, 44, 96, -1,
      96, 44, 43, -1,
      96, 43, 94, -1,
      94, 43, 42, -1,
      94, 42, 93, -1,
      123, 93, 24, -1,
      24, 93, 42, -1,
      123, 24, 27, -1,
      123, 27, 124, -1,
      124, 27, 26, -1,
      124, 26, 126, -1,
      126, 26, 25, -1,
      126, 25, 128, -1,
      128, 25, 52, -1,
      128, 52, 130, -1,
      130, 52, 51, -1,
      130, 51, 132, -1,
      132, 51, 50, -1,
      132, 50, 134, -1,
      134, 50, 49, -1,
      134, 49, 136, -1,
      136, 49, 41, -1,
      136, 41, 138, -1,
      138, 41, 40, -1,
      138, 40, 139, -1,
      139, 40, 39, -1,
      139, 39, 111, -1,
      111, 39, 38, -1,
      111, 38, 113, -1,
      113, 38, 48, -1,
      113, 48, 115, -1,
      115, 48, 47, -1,
      115, 47, 117, -1,
      117, 47, 46, -1,
      117, 46, 119, -1,
      119, 46, 59, -1,
      119, 59, 121, -1,
      121, 59, 58, -1,
      121, 58, 122, -1,
      122, 58, 57, -1,
      122, 57, 78, -1,
      78, 57, 56, -1,
      78, 56, 76, -1,
      74, 76, 55, -1,
      55, 76, 56, -1,
      72, 74, 19, -1,
      19, 74, 55, -1,
      73, 72, 18, -1,
      18, 72, 19, -1,
      75, 73, 17, -1,
      17, 73, 18, -1,
      75, 17, 16, -1,
      75, 16, 95, -1,
      95, 16, 37, -1,
      95, 37, 97, -1,
      97, 37, 36, -1,
      97, 36, 99, -1,
      99, 36, 35, -1,
      99, 35, 100, -1,
      100, 35, 34, -1,
      100, 34, 90, -1,
      90, 34, 33, -1,
      90, 33, 88, -1,
      88, 33, 30, -1,
      88, 30, 107, -1,
      125, 140, 141, -1,
      125, 141, 92, -1,
      92, 141, 142, -1,
      92, 142, 80, -1,
      80, 142, 143, -1,
      80, 143, 81, -1,
      133, 144, 145, -1,
      133, 145, 131, -1,
      131, 145, 146, -1,
      131, 146, 129, -1,
      129, 146, 147, -1,
      129, 147, 127, -1,
      127, 147, 140, -1,
      127, 140, 125, -1,
      112, 148, 149, -1,
      112, 149, 110, -1,
      110, 149, 150, -1,
      110, 150, 137, -1,
      137, 150, 151, -1,
      137, 151, 135, -1,
      135, 151, 144, -1,
      135, 144, 133, -1,
      118, 152, 153, -1,
      118, 153, 116, -1,
      116, 153, 154, -1,
      116, 154, 114, -1,
      114, 154, 148, -1,
      114, 148, 112, -1,
      87, 155, 156, -1,
      87, 156, 77, -1,
      77, 156, 157, -1,
      77, 157, 79, -1,
      79, 157, 158, -1,
      79, 158, 120, -1,
      120, 158, 152, -1,
      120, 152, 118, -1,
      83, 159, 160, -1,
      83, 160, 84, -1,
      84, 160, 161, -1,
      84, 161, 85, -1,
      85, 161, 162, -1,
      85, 162, 86, -1,
      86, 162, 155, -1,
      86, 155, 87, -1,
      83, 82, 159, -1,
      159, 82, 163, -1,
      82, 81, 163, -1,
      163, 81, 143, -1,
    ]
  }
}

Shape {
  appearance Appearance {
    material Material {
      diffuseColor 0.2235 0.2235 0.2235
      specularColor 0.1137 0.1137 0.1137
      ambientIntensity 0.2
      transparency 0.0000
      shininess 0.5
    }
  }
  geometry IndexedFaceSet {
    ccw TRUE
    solid FALSE
    coord DEF co Coordinate {
      point [
        -0.019709 0.248408 0.260041,
        -0.020041 0.248372 0.260298,
        -0.020714 0.248325 0.260629,
        -0.022627 0.248264 0.261067,
        -0.018895 0.248709 0.257894,
        -0.018924 0.248643 0.258367,
        -0.019078 0.248547 0.259049,
        -0.019346 0.248470 0.259602,
        -0.019753 0.248989 0.255906,
        -0.019499 0.248953 0.256163,
        -0.019161 0.248882 0.256667,
        -0.018967 0.248806 0.257210,
        -0.022044 0.249099 0.255124,
        -0.021028 0.249082 0.255244,
        -0.020350 0.249046 0.255497,
        -0.025320 0.248907 0.256487,
        -0.024942 0.248958 0.256126,
        -0.024088 0.249037 0.255564,
        -0.023173 0.249083 0.255241,
        -0.026635 0.248422 0.259944,
        -0.026630 0.248449 0.259746,
        -0.026427 0.248636 0.258419,
        -0.025978 0.248785 0.257359,
        -0.026646 0.248193 0.261574,
      ]
    }
    coordIndex [
      20, 19, 0, -1,
      19, 23, 3, -1,
      3, 2, 19, -1,
      19, 2, 1, -1,
      19, 1, 0, -1,
      20, 0, 21, -1,
      21, 0, 7, -1,
      21, 7, 22, -1,
      9, 8, 16, -1,
      9, 16, 10, -1,
      17, 16, 18, -1,
      18, 16, 12, -1,
      7, 6, 22, -1,
      22, 6, 5, -1,
      22, 5, 15, -1,
      15, 5, 4, -1,
      15, 4, 16, -1,
      16, 4, 11, -1,
      16, 11, 10, -1,
      8, 14, 16, -1,
      16, 14, 13, -1,
      16, 13, 12, -1,
    ]
  }
}

Shape {
  appearance Appearance {
    material Material {
      diffuseColor 1.0000 1.0000 1.0000
      specularColor 0.5020 0.5020 0.5020
      ambientIntensity 0.2
      transparency 0.0000
      shininess 0.5
    }
  }
  geometry IndexedFaceSet {
    ccw TRUE
    solid FALSE
    coord DEF co Coordinate {
      point [
        -0.079076 0.246099 0.276468,
        -0.079075 0.246119 0.276327,
        -0.102378 0.246970 0.270272,
        -0.103253 0.247289 0.268000,
        -0.101749 0.248700 0.257961,
        -0.099947 0.248994 0.255866,
        -0.097439 0.249242 0.254109,
        -0.094696 0.249388 0.253067,
        -0.090596 0.249454 0.252600,
        -0.103633 0.247752 0.264706,
        -0.103550 0.247965 0.263194,
        -0.102949 0.248356 0.260413,
        -0.097568 0.246321 0.274889,
        -0.100071 0.246563 0.273171,
        -0.100904 0.246678 0.272354,
        -0.084159 0.246119 0.276327,
        -0.084160 0.246104 0.276432,
        -0.091012 0.246111 0.276384,
        -0.091505 0.246119 0.276327,
        -0.094676 0.246171 0.275957,
        -0.033675 0.249314 0.253595,
        -0.033697 0.248881 0.256672,
        -0.035199 0.249390 0.253053,
        -0.035037 0.248996 0.255857,
        -0.035199 0.249004 0.255800,
        -0.035199 0.248114 0.262131,
        -0.034612 0.248033 0.262710,
        -0.034226 0.247946 0.263330,
        -0.033900 0.247818 0.264241,
        -0.033778 0.247654 0.265403,
        -0.033903 0.247506 0.266463,
        -0.035101 0.248105 0.262196,
        -0.035785 0.249419 0.252844,
        -0.044304 0.248364 0.260355,
        -0.044858 0.248480 0.259533,
        -0.044533 0.247479 0.266653,
        -0.035732 0.247147 0.269013,
        -0.036475 0.247084 0.269458,
        -0.034267 0.247371 0.267419,
        -0.034830 0.247258 0.268221,
        -0.035199 0.247213 0.268545,
        -0.038092 0.247000 0.270063,
        -0.040494 0.246962 0.270330,
        -0.042604 0.246990 0.270130,
        -0.044554 0.247072 0.269548,
        -0.045291 0.248759 0.257539,
        -0.045139 0.248927 0.256345,
        -0.044764 0.249060 0.255404,
        -0.044198 0.249170 0.254621,
        -0.041043 0.249416 0.252866,
        -0.038322 0.249459 0.252565,
        -0.043330 0.249274 0.253880,
        -0.042630 0.249333 0.253460,
        -0.040182 0.247302 0.267912,
        -0.039291 0.247310 0.267852,
        -0.036881 0.247620 0.265649,
        -0.038485 0.247339 0.267647,
        -0.037807 0.247388 0.267296,
        -0.036906 0.247676 0.265252,
        -0.037022 0.247741 0.264789,
        -0.037235 0.247797 0.264385,
        -0.037526 0.247843 0.264063,
        -0.038583 0.247936 0.263399,
        -0.042279 0.247339 0.267645,
        -0.040439 0.248051 0.262583,
        -0.043977 0.247433 0.266981,
        -0.041600 0.248117 0.262109,
        -0.043591 0.248274 0.260994,
        -0.037351 0.247444 0.266902,
        -0.037090 0.247496 0.266525,
        -0.036939 0.247553 0.266124,
        -0.036927 0.249090 0.255186,
        -0.038299 0.248353 0.260434,
        -0.036511 0.248237 0.261261,
        -0.038634 0.249117 0.254995,
        -0.038767 0.249117 0.254995,
        -0.040269 0.248470 0.259601,
        -0.040311 0.249094 0.255156,
        -0.042200 0.248798 0.257269,
        -0.042173 0.248745 0.257640,
        -0.041089 0.249056 0.255431,
        -0.041365 0.249033 0.255594,
        -0.041712 0.248991 0.255896,
        -0.041978 0.248937 0.256278,
        -0.042133 0.248877 0.256701,
        -0.042040 0.248680 0.258106,
        -0.041810 0.248624 0.258502,
        -0.041438 0.248569 0.258892,
        -0.051920 0.247686 0.265177,
        -0.054700 0.248825 0.257072,
        -0.055517 0.248830 0.257042,
        -0.066533 0.249430 0.252769,
        -0.054105 0.250148 0.247661,
        -0.052994 0.250331 0.246360,
        -0.055059 0.249022 0.255670,
        -0.055139 0.249022 0.255670,
        -0.055281 0.248941 0.256251,
        -0.060293 0.247036 0.269802,
        -0.066702 0.246119 0.276327,
        -0.063413 0.247039 0.269780,
        -0.055487 0.249780 0.250280,
        -0.047388 0.250502 0.245144,
        -0.047407 0.250129 0.247795,
        -0.050309 0.247026 0.269872,
        -0.046945 0.247023 0.269896,
        -0.045173 0.248603 0.258652,
        -0.052790 0.250356 0.246177,
        -0.051920 0.250440 0.245584,
        -0.051734 0.250457 0.245457,
        -0.051920 0.248822 0.257097,
        -0.051030 0.250084 0.248117,
        -0.051595 0.249998 0.248725,
        -0.050543 0.250519 0.245017,
        -0.049326 0.250538 0.244887,
        -0.048662 0.250534 0.244915,
        -0.048021 0.250157 0.247591,
        -0.049111 0.250178 0.247443,
        -0.049908 0.250165 0.247535,
        -0.050561 0.250129 0.247793,
        -0.051920 0.249917 0.249301,
        -0.052211 0.249845 0.249817,
        -0.053553 0.249412 0.252896,
        -0.083989 0.249447 0.252646,
        -0.079056 0.246484 0.273732,
        -0.079471 0.249062 0.255390,
        -0.079452 0.249443 0.252678,
        -0.074447 0.249438 0.252713,
        -0.069711 0.247928 0.263460,
        -0.069653 0.249052 0.255459,
        -0.074447 0.247932 0.263427,
        -0.074447 0.249057 0.255425,
        -0.078300 0.247936 0.263400,
        -0.078320 0.247553 0.266124,
        -0.074447 0.247549 0.266151,
        -0.074447 0.246479 0.273764,
        -0.069785 0.246475 0.273797,
        -0.069730 0.247544 0.266184,
        -0.074447 0.246094 0.276501,
        -0.066703 0.246087 0.276555,
        -0.033697 0.248920 0.256677,
        -0.035037 0.249035 0.255863,
        -0.038634 0.249156 0.255001,
        -0.036927 0.249129 0.255191,
        -0.033675 0.249353 0.253601,
        -0.038322 0.249498 0.252571,
        -0.035785 0.249458 0.252850,
        -0.041043 0.249455 0.252872,
        -0.042630 0.249372 0.253466,
        -0.043330 0.249313 0.253885,
        -0.044198 0.249209 0.254627,
        -0.044764 0.249099 0.255409,
        -0.045139 0.248966 0.256350,
        -0.045291 0.248798 0.257544,
        -0.045173 0.248642 0.258658,
        -0.044858 0.248519 0.259538,
        -0.044304 0.248403 0.260361,
        -0.043591 0.248313 0.261000,
        -0.041600 0.248156 0.262114,
        -0.040439 0.248090 0.262589,
        -0.038583 0.247975 0.263405,
        -0.037526 0.247881 0.264069,
        -0.037235 0.247836 0.264391,
        -0.037022 0.247780 0.264794,
        -0.036906 0.247715 0.265258,
        -0.036881 0.247659 0.265654,
        -0.036939 0.247592 0.266129,
        -0.037090 0.247536 0.266530,
        -0.037351 0.247483 0.266908,
        -0.037807 0.247427 0.267302,
        -0.038485 0.247378 0.267652,
        -0.039291 0.247349 0.267858,
        -0.040182 0.247341 0.267918,
        -0.042279 0.247378 0.267650,
        -0.043977 0.247472 0.266986,
        -0.044533 0.247518 0.266659,
        -0.044554 0.247111 0.269553,
        -0.042604 0.247029 0.270135,
        -0.040494 0.247001 0.270335,
        -0.038092 0.247039 0.270068,
        -0.036475 0.247123 0.269464,
        -0.035732 0.247186 0.269019,
        -0.034830 0.247297 0.268226,
        -0.034267 0.247410 0.267425,
        -0.033903 0.247544 0.266468,
        -0.033778 0.247693 0.265409,
        -0.033900 0.247857 0.264246,
        -0.034226 0.247985 0.263335,
        -0.034612 0.248072 0.262715,
        -0.038299 0.248392 0.260439,
        -0.036511 0.248276 0.261266,
        -0.035101 0.248144 0.262202,
        -0.040269 0.248509 0.259606,
        -0.041438 0.248608 0.258897,
        -0.041810 0.248663 0.258508,
        -0.042040 0.248719 0.258111,
        -0.042173 0.248784 0.257645,
        -0.042200 0.248837 0.257274,
        -0.042133 0.248917 0.256706,
        -0.041978 0.248976 0.256284,
        -0.041712 0.249030 0.255901,
        -0.041365 0.249072 0.255600,
        -0.041089 0.249095 0.255437,
        -0.040311 0.249133 0.255161,
        -0.038767 0.249156 0.255001,
        -0.060293 0.247075 0.269807,
        -0.063413 0.247078 0.269785,
        -0.055517 0.248869 0.257047,
        -0.055281 0.248980 0.256257,
        -0.055139 0.249061 0.255676,
        -0.055059 0.249061 0.255676,
        -0.054700 0.248864 0.257077,
        -0.050309 0.247065 0.269878,
        -0.046945 0.247062 0.269901,
        -0.053553 0.249451 0.252902,
        -0.052211 0.249884 0.249822,
        -0.051595 0.250037 0.248730,
        -0.051030 0.250123 0.248122,
        -0.050561 0.250168 0.247798,
        -0.049908 0.250204 0.247541,
        -0.049111 0.250217 0.247448,
        -0.048021 0.250196 0.247596,
        -0.047407 0.250168 0.247800,
        -0.047388 0.250541 0.245150,
        -0.048662 0.250573 0.244921,
        -0.049326 0.250577 0.244893,
        -0.050543 0.250558 0.245023,
        -0.051734 0.250496 0.245462,
        -0.052790 0.250395 0.246182,
        -0.052994 0.250370 0.246365,
        -0.054105 0.250187 0.247666,
        -0.055487 0.249819 0.250285,
        -0.079471 0.249101 0.255395,
        -0.079452 0.249482 0.252683,
        -0.069653 0.249091 0.255464,
        -0.069711 0.247967 0.263466,
        -0.078300 0.247975 0.263406,
        -0.078320 0.247592 0.266130,
        -0.069730 0.247583 0.266190,
        -0.069785 0.246514 0.273802,
        -0.079056 0.246523 0.273737,
        -0.079076 0.246138 0.276474,
        -0.066703 0.246126 0.276561,
        -0.066533 0.249469 0.252774,
        -0.098830 0.248593 0.259008,
        -0.097756 0.248770 0.257748,
        -0.099947 0.249034 0.255872,
        -0.097487 0.248804 0.257502,
        -0.097439 0.249281 0.254115,
        -0.095934 0.248953 0.256444,
        -0.094696 0.249427 0.253072,
        -0.093950 0.249059 0.255693,
        -0.090596 0.249493 0.252605,
        -0.090597 0.249111 0.255317,
        -0.083989 0.249486 0.252652,
        -0.087109 0.249108 0.255341,
        -0.084160 0.246143 0.276438,
        -0.087241 0.246531 0.273680,
        -0.091012 0.246150 0.276390,
        -0.090870 0.246535 0.273654,
        -0.094676 0.246210 0.275963,
        -0.093954 0.246585 0.273296,
        -0.097568 0.246360 0.274894,
        -0.096034 0.246691 0.272538,
        -0.100071 0.246602 0.273176,
        -0.097786 0.246856 0.271368,
        -0.100904 0.246717 0.272359,
        -0.098440 0.246946 0.270722,
        -0.102378 0.247009 0.270278,
        -0.099364 0.247134 0.269386,
        -0.103253 0.247328 0.268005,
        -0.100031 0.247378 0.267650,
        -0.103633 0.247791 0.264711,
        -0.100372 0.247800 0.264649,
        -0.103550 0.248004 0.263200,
        -0.100241 0.248055 0.262833,
        -0.102949 0.248394 0.260418,
        -0.099714 0.248352 0.260726,
        -0.101749 0.248739 0.257966,
        -0.090870 0.246495 0.273649,
        -0.087241 0.246492 0.273674,
        -0.087109 0.249069 0.255336,
        -0.090597 0.249072 0.255311,
        -0.097756 0.248731 0.257742,
        -0.097487 0.248765 0.257497,
        -0.095934 0.248914 0.256439,
        -0.093950 0.249020 0.255687,
        -0.100372 0.247761 0.264644,
        -0.100241 0.248016 0.262828,
        -0.099714 0.248313 0.260720,
        -0.098830 0.248554 0.259002,
        -0.097786 0.246817 0.271363,
        -0.098440 0.246907 0.270717,
        -0.099364 0.247095 0.269380,
        -0.100031 0.247339 0.267644,
        -0.093954 0.246546 0.273291,
        -0.096034 0.246652 0.272533,
      ]
    }
    coordIndex [
      21, 139, 140, -1,
      141, 74, 71, -1,
      141, 71, 142, -1,
      142, 71, 24, -1,
      142, 24, 140, -1,
      140, 24, 23, -1,
      140, 23, 21, -1,
      143, 139, 20, -1,
      20, 139, 21, -1,
      50, 144, 145, -1,
      143, 20, 22, -1,
      143, 22, 145, -1,
      145, 22, 32, -1,
      145, 32, 50, -1,
      144, 50, 49, -1,
      144, 49, 146, -1,
      146, 49, 52, -1,
      146, 52, 147, -1,
      147, 52, 51, -1,
      147, 51, 148, -1,
      148, 51, 48, -1,
      148, 48, 149, -1,
      149, 48, 47, -1,
      149, 47, 150, -1,
      150, 47, 46, -1,
      150, 46, 151, -1,
      151, 46, 45, -1,
      151, 45, 152, -1,
      152, 45, 105, -1,
      152, 105, 153, -1,
      153, 105, 34, -1,
      153, 34, 154, -1,
      154, 34, 33, -1,
      154, 33, 155, -1,
      155, 33, 67, -1,
      155, 67, 156, -1,
      156, 67, 66, -1,
      156, 66, 157, -1,
      157, 66, 64, -1,
      157, 64, 158, -1,
      158, 64, 62, -1,
      158, 62, 159, -1,
      159, 62, 61, -1,
      159, 61, 160, -1,
      160, 61, 60, -1,
      160, 60, 161, -1,
      161, 60, 59, -1,
      161, 59, 162, -1,
      162, 59, 58, -1,
      162, 58, 163, -1,
      163, 58, 55, -1,
      163, 55, 164, -1,
      164, 55, 70, -1,
      164, 70, 165, -1,
      165, 70, 69, -1,
      165, 69, 166, -1,
      166, 69, 68, -1,
      166, 68, 167, -1,
      167, 68, 57, -1,
      167, 57, 168, -1,
      168, 57, 56, -1,
      168, 56, 169, -1,
      169, 56, 54, -1,
      169, 54, 170, -1,
      170, 54, 53, -1,
      170, 53, 171, -1,
      171, 53, 63, -1,
      171, 63, 172, -1,
      172, 63, 65, -1,
      172, 65, 173, -1,
      173, 65, 35, -1,
      173, 35, 174, -1,
      175, 174, 44, -1,
      44, 174, 35, -1,
      175, 44, 43, -1,
      175, 43, 176, -1,
      176, 43, 42, -1,
      176, 42, 177, -1,
      177, 42, 41, -1,
      177, 41, 178, -1,
      178, 41, 37, -1,
      178, 37, 179, -1,
      179, 37, 36, -1,
      179, 36, 180, -1,
      181, 180, 40, -1,
      40, 180, 36, -1,
      40, 39, 181, -1,
      181, 39, 38, -1,
      181, 38, 182, -1,
      182, 38, 30, -1,
      182, 30, 183, -1,
      183, 30, 29, -1,
      183, 29, 184, -1,
      184, 29, 28, -1,
      184, 28, 185, -1,
      185, 28, 27, -1,
      185, 27, 186, -1,
      186, 27, 26, -1,
      186, 26, 187, -1,
      72, 188, 189, -1,
      187, 26, 31, -1,
      187, 31, 190, -1,
      190, 31, 25, -1,
      190, 25, 189, -1,
      189, 25, 73, -1,
      189, 73, 72, -1,
      188, 72, 76, -1,
      188, 76, 191, -1,
      191, 76, 87, -1,
      191, 87, 192, -1,
      192, 87, 86, -1,
      192, 86, 193, -1,
      193, 86, 85, -1,
      193, 85, 194, -1,
      194, 85, 79, -1,
      194, 79, 195, -1,
      195, 79, 78, -1,
      195, 78, 196, -1,
      196, 78, 84, -1,
      196, 84, 197, -1,
      197, 84, 83, -1,
      197, 83, 198, -1,
      198, 83, 82, -1,
      198, 82, 199, -1,
      199, 82, 81, -1,
      199, 81, 200, -1,
      200, 81, 80, -1,
      200, 80, 201, -1,
      201, 80, 77, -1,
      201, 77, 202, -1,
      202, 77, 75, -1,
      202, 75, 203, -1,
      203, 75, 74, -1,
      203, 74, 141, -1,
      167, 168, 179, -1,
      179, 168, 178, -1,
      191, 158, 188, -1,
      188, 158, 159, -1,
      147, 148, 199, -1,
      199, 148, 149, -1,
      199, 149, 198, -1,
      198, 149, 150, -1,
      198, 150, 197, -1,
      197, 150, 151, -1,
      197, 151, 196, -1,
      196, 151, 152, -1,
      196, 152, 195, -1,
      195, 152, 153, -1,
      195, 153, 194, -1,
      194, 153, 154, -1,
      194, 154, 193, -1,
      193, 154, 155, -1,
      193, 155, 192, -1,
      192, 155, 156, -1,
      192, 156, 191, -1,
      191, 156, 157, -1,
      191, 157, 158, -1,
      144, 141, 145, -1,
      145, 141, 142, -1,
      145, 142, 143, -1,
      143, 142, 140, -1,
      143, 140, 139, -1,
      168, 169, 178, -1,
      178, 169, 170, -1,
      178, 170, 177, -1,
      177, 170, 171, -1,
      177, 171, 176, -1,
      176, 171, 172, -1,
      176, 172, 175, -1,
      175, 172, 173, -1,
      175, 173, 174, -1,
      199, 200, 147, -1,
      147, 200, 201, -1,
      147, 201, 146, -1,
      146, 201, 202, -1,
      146, 202, 144, -1,
      144, 202, 203, -1,
      144, 203, 141, -1,
      179, 180, 167, -1,
      167, 180, 181, -1,
      167, 181, 166, -1,
      166, 181, 182, -1,
      166, 182, 165, -1,
      165, 182, 183, -1,
      165, 183, 164, -1,
      164, 183, 184, -1,
      164, 184, 163, -1,
      163, 184, 185, -1,
      163, 185, 162, -1,
      162, 185, 186, -1,
      162, 186, 161, -1,
      161, 186, 187, -1,
      161, 187, 160, -1,
      160, 187, 190, -1,
      160, 190, 159, -1,
      159, 190, 189, -1,
      159, 189, 188, -1,
      204, 205, 97, -1,
      97, 205, 99, -1,
      206, 204, 90, -1,
      90, 204, 97, -1,
      206, 90, 96, -1,
      206, 96, 207, -1,
      207, 96, 95, -1,
      207, 95, 208, -1,
      209, 208, 94, -1,
      94, 208, 95, -1,
      210, 209, 89, -1,
      89, 209, 94, -1,
      103, 211, 88, -1,
      88, 211, 210, -1,
      88, 210, 89, -1,
      212, 211, 104, -1,
      104, 211, 103, -1,
      121, 213, 109, -1,
      109, 213, 212, -1,
      109, 212, 104, -1,
      214, 213, 120, -1,
      120, 213, 121, -1,
      214, 120, 119, -1,
      214, 119, 215, -1,
      119, 111, 215, -1,
      215, 111, 110, -1,
      215, 110, 216, -1,
      216, 110, 118, -1,
      216, 118, 217, -1,
      217, 118, 117, -1,
      217, 117, 218, -1,
      218, 117, 116, -1,
      218, 116, 219, -1,
      219, 116, 115, -1,
      219, 115, 220, -1,
      220, 115, 102, -1,
      220, 102, 221, -1,
      222, 221, 101, -1,
      101, 221, 102, -1,
      222, 101, 114, -1,
      222, 114, 223, -1,
      223, 114, 113, -1,
      223, 113, 224, -1,
      224, 113, 112, -1,
      224, 112, 225, -1,
      225, 112, 108, -1,
      225, 108, 226, -1,
      226, 108, 107, -1,
      226, 107, 227, -1,
      107, 106, 227, -1,
      227, 106, 93, -1,
      227, 93, 228, -1,
      228, 93, 92, -1,
      228, 92, 229, -1,
      229, 92, 100, -1,
      229, 100, 230, -1,
      205, 230, 99, -1,
      99, 230, 100, -1,
      207, 208, 230, -1,
      205, 204, 230, -1,
      230, 204, 206, -1,
      230, 206, 207, -1,
      211, 212, 210, -1,
      210, 212, 213, -1,
      210, 213, 209, -1,
      221, 222, 220, -1,
      220, 222, 223, -1,
      220, 223, 219, -1,
      219, 223, 224, -1,
      219, 224, 218, -1,
      218, 224, 225, -1,
      218, 225, 217, -1,
      217, 225, 226, -1,
      217, 226, 216, -1,
      208, 209, 230, -1,
      230, 209, 213, -1,
      230, 213, 229, -1,
      213, 214, 229, -1,
      229, 214, 215, -1,
      229, 215, 228, -1,
      228, 215, 216, -1,
      228, 216, 227, -1,
      227, 216, 226, -1,
      231, 232, 124, -1,
      124, 232, 125, -1,
      128, 233, 130, -1,
      130, 233, 231, -1,
      130, 231, 124, -1,
      234, 233, 127, -1,
      127, 233, 128, -1,
      131, 235, 129, -1,
      129, 235, 234, -1,
      129, 234, 127, -1,
      236, 235, 132, -1,
      132, 235, 131, -1,
      136, 237, 133, -1,
      133, 237, 236, -1,
      133, 236, 132, -1,
      238, 237, 135, -1,
      135, 237, 136, -1,
      123, 239, 134, -1,
      134, 239, 238, -1,
      134, 238, 135, -1,
      0, 240, 1, -1,
      1, 240, 239, -1,
      1, 239, 123, -1,
      138, 241, 137, -1,
      137, 241, 240, -1,
      137, 240, 0, -1,
      91, 242, 98, -1,
      98, 242, 241, -1,
      98, 241, 138, -1,
      125, 232, 126, -1,
      126, 232, 242, -1,
      126, 242, 91, -1,
      242, 232, 231, -1,
      231, 233, 242, -1,
      242, 233, 234, -1,
      242, 234, 241, -1,
      239, 240, 238, -1,
      238, 240, 241, -1,
      238, 241, 237, -1,
      237, 241, 234, -1,
      237, 234, 236, -1,
      236, 234, 235, -1,
      243, 244, 245, -1,
      245, 244, 246, -1,
      245, 246, 247, -1,
      247, 246, 248, -1,
      247, 248, 249, -1,
      249, 248, 250, -1,
      249, 250, 251, -1,
      251, 250, 252, -1,
      251, 252, 253, -1,
      253, 252, 254, -1,
      253, 254, 255, -1,
      255, 254, 256, -1,
      255, 256, 257, -1,
      257, 256, 258, -1,
      257, 258, 259, -1,
      259, 258, 260, -1,
      259, 260, 261, -1,
      261, 260, 262, -1,
      261, 262, 263, -1,
      263, 262, 264, -1,
      263, 264, 265, -1,
      265, 264, 266, -1,
      265, 266, 267, -1,
      267, 266, 268, -1,
      267, 268, 269, -1,
      269, 268, 270, -1,
      269, 270, 271, -1,
      271, 270, 272, -1,
      271, 272, 273, -1,
      273, 272, 274, -1,
      273, 274, 275, -1,
      275, 274, 276, -1,
      275, 276, 277, -1,
      277, 276, 243, -1,
      277, 243, 245, -1,
      251, 253, 8, -1,
      8, 253, 122, -1,
      251, 8, 7, -1,
      251, 7, 249, -1,
      249, 7, 6, -1,
      249, 6, 247, -1,
      247, 6, 5, -1,
      247, 5, 245, -1,
      245, 5, 4, -1,
      245, 4, 277, -1,
      277, 4, 11, -1,
      277, 11, 275, -1,
      275, 11, 10, -1,
      275, 10, 273, -1,
      273, 10, 9, -1,
      273, 9, 271, -1,
      271, 9, 3, -1,
      271, 3, 269, -1,
      269, 3, 2, -1,
      269, 2, 267, -1,
      267, 2, 14, -1,
      267, 14, 265, -1,
      265, 14, 13, -1,
      265, 13, 263, -1,
      17, 257, 18, -1,
      18, 257, 259, -1,
      18, 259, 19, -1,
      19, 259, 261, -1,
      19, 261, 12, -1,
      12, 261, 263, -1,
      12, 263, 13, -1,
      255, 257, 16, -1,
      16, 257, 17, -1,
      122, 253, 15, -1,
      15, 253, 255, -1,
      15, 255, 16, -1,
      258, 256, 278, -1,
      278, 256, 279, -1,
      256, 254, 279, -1,
      279, 254, 280, -1,
      254, 252, 280, -1,
      280, 252, 281, -1,
      244, 282, 283, -1,
      244, 283, 246, -1,
      246, 283, 284, -1,
      246, 284, 248, -1,
      248, 284, 285, -1,
      248, 285, 250, -1,
      250, 285, 281, -1,
      250, 281, 252, -1,
      272, 286, 287, -1,
      272, 287, 274, -1,
      274, 287, 288, -1,
      274, 288, 276, -1,
      276, 288, 289, -1,
      276, 289, 243, -1,
      243, 289, 282, -1,
      243, 282, 244, -1,
      264, 290, 291, -1,
      264, 291, 266, -1,
      266, 291, 292, -1,
      266, 292, 268, -1,
      268, 292, 293, -1,
      268, 293, 270, -1,
      270, 293, 286, -1,
      270, 286, 272, -1,
      258, 278, 294, -1,
      258, 294, 260, -1,
      260, 294, 295, -1,
      260, 295, 262, -1,
      262, 295, 290, -1,
      262, 290, 264, -1,
    ]
  }
}

Shape {
  appearance Appearance {
    material Material {
      diffuseColor 0.2235 0.2235 0.2235
      specularColor 0.1137 0.1137 0.1137
      ambientIntensity 0.2
      transparency 0.0000
      shininess 0.5
    }
  }
  geometry IndexedFaceSet {
    ccw TRUE
    solid FALSE
    coord DEF co Coordinate {
      point [
        -0.090870 0.246495 0.273649,
        -0.087241 0.246492 0.273674,
        -0.087109 0.249069 0.255336,
        -0.090597 0.249072 0.255311,
        -0.097756 0.248731 0.257742,
        -0.097487 0.248765 0.257497,
        -0.095934 0.248914 0.256439,
        -0.093950 0.249020 0.255687,
        -0.100372 0.247761 0.264644,
        -0.100241 0.248016 0.262828,
        -0.099714 0.248313 0.260720,
        -0.098830 0.248554 0.259002,
        -0.097786 0.246817 0.271363,
        -0.098440 0.246907 0.270717,
        -0.099364 0.247095 0.269380,
        -0.100031 0.247339 0.267644,
        -0.093954 0.246546 0.273291,
        -0.096034 0.246652 0.272533,
      ]
    }
    coordIndex [
      5, 4, 0, -1,
      1, 2, 0, -1,
      0, 2, 3, -1,
      3, 7, 0, -1,
      0, 7, 6, -1,
      0, 6, 5, -1,
      4, 11, 0, -1,
      0, 11, 10, -1,
      0, 10, 9, -1,
      9, 8, 0, -1,
      0, 8, 15, -1,
      0, 15, 14, -1,
      14, 13, 0, -1,
      0, 13, 12, -1,
      0, 12, 16, -1,
      16, 12, 17, -1,
    ]
  }
}

Shape {
  appearance Appearance {
    material Material {
      diffuseColor 1.0000 1.0000 1.0000
      specularColor 0.5020 0.5020 0.5020
      ambientIntensity 0.2
      transparency 0.0000
      shininess 0.5
    }
  }
  geometry IndexedFaceSet {
    ccw TRUE
    solid FALSE
    coord DEF co Coordinate {
      point [
        -0.108304 0.249471 0.252475,
        -0.104878 0.249468 0.252499,
        -0.114197 0.246134 0.276222,
        -0.117513 0.246137 0.276198,
        -0.126491 0.249489 0.252347,
        -0.123065 0.249486 0.252372,
        -0.120662 0.248569 0.258895,
        -0.110660 0.248559 0.258965,
        -0.111661 0.248221 0.261651,
        -0.115324 0.246835 0.271513,
        -0.114197 0.246173 0.276227,
        -0.104878 0.249507 0.252505,
        -0.108304 0.249510 0.252481,
        -0.110660 0.248598 0.258970,
        -0.115537 0.246736 0.272221,
        -0.115729 0.246602 0.273176,
        -0.117513 0.246176 0.276204,
        -0.115803 0.246602 0.273175,
        -0.115990 0.246743 0.272168,
        -0.116165 0.246836 0.271507,
        -0.119723 0.248230 0.261594,
        -0.126491 0.249528 0.252353,
        -0.123065 0.249525 0.252377,
        -0.120662 0.248608 0.258900,
        -0.111661 0.248182 0.261646,
        -0.119723 0.248191 0.261589,
        -0.116165 0.246797 0.271501,
        -0.115803 0.246563 0.273170,
        -0.115990 0.246704 0.272162,
        -0.115729 0.246563 0.273170,
        -0.115324 0.246796 0.271507,
        -0.115537 0.246697 0.272215,
      ]
    }
    coordIndex [
      8, 9, 10, -1,
      11, 12, 13, -1,
      9, 14, 10, -1,
      10, 14, 15, -1,
      10, 15, 16, -1,
      16, 15, 17, -1,
      16, 17, 18, -1,
      18, 19, 16, -1,
      16, 19, 20, -1,
      16, 20, 21, -1,
      22, 21, 23, -1,
      23, 21, 20, -1,
      23, 20, 13, -1,
      13, 20, 8, -1,
      13, 8, 11, -1,
      11, 8, 10, -1,
      16, 21, 3, -1,
      3, 21, 4, -1,
      10, 16, 2, -1,
      2, 16, 3, -1,
      11, 10, 1, -1,
      1, 10, 2, -1,
      12, 11, 0, -1,
      0, 11, 1, -1,
      13, 12, 7, -1,
      7, 12, 0, -1,
      23, 13, 6, -1,
      6, 13, 7, -1,
      22, 23, 5, -1,
      5, 23, 6, -1,
      21, 22, 4, -1,
      4, 22, 5, -1,
      8, 20, 24, -1,
      24, 20, 25, -1,
      20, 19, 25, -1,
      25, 19, 26, -1,
      17, 27, 28, -1,
      17, 28, 18, -1,
      18, 28, 26, -1,
      18, 26, 19, -1,
      17, 15, 27, -1,
      27, 15, 29, -1,
      9, 30, 31, -1,
      9, 31, 14, -1,
      14, 31, 29, -1,
      14, 29, 15, -1,
      9, 8, 30, -1,
      30, 8, 24, -1,
    ]
  }
}

Shape {
  appearance Appearance {
    material Material {
      diffuseColor 0.2235 0.2235 0.2235
      specularColor 0.1137 0.1137 0.1137
      ambientIntensity 0.2
      transparency 0.0000
      shininess 0.5
    }
  }
  geometry IndexedFaceSet {
    ccw TRUE
    solid FALSE
    coord DEF co Coordinate {
      point [
        -0.111661 0.248182 0.261646,
        -0.119723 0.248191 0.261589,
        -0.116165 0.246797 0.271501,
        -0.115803 0.246563 0.273170,
        -0.115990 0.246704 0.272162,
        -0.115729 0.246563 0.273170,
        -0.115324 0.246796 0.271507,
        -0.115537 0.246697 0.272215,
      ]
    }
    coordIndex [
      3, 5, 4, -1,
      4, 5, 7, -1,
      4, 7, 2, -1,
      2, 7, 6, -1,
      2, 6, 1, -1,
      1, 6, 0, -1,
    ]
  }
}

Shape {
  appearance Appearance {
    material Material {
      diffuseColor 1.0000 1.0000 1.0000
      specularColor 0.5020 0.5020 0.5020
      ambientIntensity 0.2
      transparency 0.0000
      shininess 0.5
    }
  }
  geometry IndexedFaceSet {
    ccw TRUE
    solid FALSE
    coord DEF co Coordinate {
      point [
        0.088672 0.246119 0.276327,
        0.067734 0.246119 0.276327,
        0.066826 0.246054 0.276789,
        0.030330 0.243296 0.296417,
        0.025728 0.243846 0.292502,
        0.048270 0.240736 0.314629,
        0.045368 0.241012 0.312667,
        0.044524 0.241124 0.311865,
        0.039183 0.242054 0.305256,
        0.036241 0.242899 0.299241,
        0.035394 0.242939 0.298952,
        0.052949 0.240292 0.317792,
        0.054406 0.240219 0.318312,
        0.068531 0.239753 0.321624,
        0.061498 0.239863 0.320843,
        0.077023 0.239891 0.320644,
        0.083242 0.240219 0.318312,
        0.084917 0.240307 0.317684,
        0.089722 0.240736 0.314629,
        0.089072 0.240660 0.315172,
        0.120263 0.242768 0.300170,
        0.118772 0.242578 0.301527,
        0.113256 0.242063 0.305185,
        0.106885 0.241742 0.307470,
        0.100565 0.241647 0.308150,
        0.093110 0.241134 0.311797,
        0.098602 0.241663 0.308030,
        0.096640 0.241698 0.307784,
        0.128197 0.245089 0.283658,
        0.127056 0.244297 0.289289,
        0.126502 0.244133 0.290460,
        0.124206 0.243452 0.295309,
        0.127972 0.246054 0.276789,
        0.128428 0.245470 0.280947,
        0.128340 0.245188 0.282954,
        0.053674 0.247937 0.263393,
        0.052498 0.247874 0.263842,
        0.050431 0.246521 0.273465,
        0.116515 0.248665 0.258209,
        0.121387 0.248068 0.262462,
        0.054731 0.248039 0.262665,
        0.051181 0.247852 0.263999,
        0.051015 0.247854 0.263986,
        0.050504 0.247870 0.263870,
        0.100261 0.250526 0.244972,
        0.103583 0.250172 0.247490,
        0.106099 0.249733 0.250613,
        0.125446 0.247235 0.268385,
        0.127745 0.246345 0.274720,
        0.127921 0.246119 0.276327,
        0.020322 0.246878 0.270930,
        0.022507 0.247628 0.265592,
        0.025926 0.248281 0.260946,
        0.075569 0.249325 0.253517,
        0.077613 0.249853 0.249759,
        0.080270 0.250262 0.246848,
        0.083689 0.250588 0.244529,
        0.087509 0.250788 0.243108,
        0.033610 0.247296 0.267956,
        0.031713 0.246927 0.270581,
        0.030515 0.246504 0.273587,
        0.052094 0.246119 0.276327,
        0.030605 0.248824 0.257081,
        0.035834 0.249174 0.254594,
        0.041522 0.249335 0.253445,
        0.056513 0.248583 0.258793,
        0.056469 0.248493 0.259435,
        0.074430 0.248257 0.261118,
        0.056123 0.248312 0.260721,
        0.055463 0.248150 0.261874,
        0.091641 0.250854 0.242635,
        0.092306 0.250852 0.242652,
        0.096333 0.250760 0.243304,
        0.107783 0.249222 0.254248,
        0.110426 0.249106 0.255078,
        0.051598 0.249325 0.253516,
        0.052559 0.249302 0.253676,
        0.053686 0.249239 0.254124,
        0.054788 0.249129 0.254912,
        0.055182 0.249072 0.255315,
        0.055919 0.248922 0.256382,
        0.056360 0.248761 0.257532,
        0.074545 0.248739 0.257685,
        0.074442 0.248494 0.259426,
        0.050158 0.247876 0.263822,
        0.042473 0.247884 0.263769,
        0.039415 0.247806 0.264325,
        0.036391 0.247615 0.265683,
        0.033849 0.247331 0.267706,
        0.030154 0.246119 0.276327,
        0.030093 0.246054 0.276789,
        0.052362 0.246054 0.276789,
        0.030082 0.246042 0.276873,
        0.116958 0.246054 0.276789,
        0.117484 0.245797 0.278620,
        0.055661 0.245256 0.282465,
        0.117667 0.245433 0.281209,
        0.117344 0.245089 0.283658,
        0.030154 0.245836 0.278341,
        0.030929 0.245379 0.281596,
        0.032029 0.245089 0.283658,
        0.085201 0.246243 0.275446,
        0.081592 0.246517 0.273497,
        0.078630 0.246898 0.270787,
        0.099256 0.246339 0.274759,
        0.095472 0.246143 0.276160,
        0.116826 0.246119 0.276327,
        0.094018 0.246119 0.276327,
        0.091398 0.246077 0.276628,
        0.089316 0.246096 0.276490,
        0.116293 0.246380 0.274470,
        0.105613 0.247120 0.269207,
        0.102765 0.246673 0.272383,
        0.114272 0.246867 0.271006,
        0.111232 0.247307 0.267871,
        0.107531 0.247630 0.265578,
        0.044675 0.244174 0.290168,
        0.115641 0.244330 0.289056,
        0.117130 0.244859 0.285294,
        0.043309 0.244175 0.290158,
        0.032493 0.244967 0.284527,
        0.034459 0.244657 0.286733,
        0.037095 0.244396 0.288583,
        0.040068 0.244234 0.289740,
        0.052088 0.242100 0.304924,
        0.052537 0.242043 0.305334,
        0.091434 0.243439 0.295401,
        0.048272 0.242745 0.300336,
        0.114640 0.244133 0.290460,
        0.092670 0.243343 0.296081,
        0.044737 0.244133 0.290460,
        0.045681 0.243513 0.294867,
        0.096491 0.243145 0.297488,
        0.100467 0.243073 0.298001,
        0.102227 0.243084 0.297924,
        0.057312 0.241574 0.308664,
        0.062654 0.241284 0.310732,
        0.088811 0.242694 0.300696,
        0.084957 0.242060 0.305207,
        0.080281 0.241592 0.308539,
        0.068433 0.241179 0.311476,
        0.074679 0.241284 0.310730,
        0.106451 0.243218 0.296969,
        0.110274 0.243495 0.294998,
        0.113250 0.243859 0.292409,
        0.019517 0.246054 0.276789,
        0.019581 0.246119 0.276327,
        0.020231 0.245254 0.282484,
        0.019493 0.246029 0.276968,
        0.024273 0.244133 0.290460,
        0.022280 0.244526 0.287665,
        0.020696 0.245089 0.283658,
        0.106099 0.249772 0.250618,
        0.103583 0.250211 0.247496,
        0.107531 0.247669 0.265584,
        0.045681 0.243552 0.294872,
        0.044675 0.244213 0.290173,
        0.036241 0.242938 0.299247,
        0.050431 0.246560 0.273470,
        0.055661 0.245295 0.282470,
        0.078630 0.246937 0.270793,
        0.090167 0.247638 0.265804,
        0.088591 0.247720 0.265217,
        0.087233 0.247852 0.264278,
        0.086151 0.248026 0.263045,
        0.074430 0.248296 0.261123,
        0.111232 0.247346 0.267876,
        0.110426 0.249144 0.255083,
        0.107783 0.249261 0.254254,
        0.085431 0.248222 0.261645,
        0.085067 0.248443 0.260071,
        0.074442 0.248533 0.259432,
        0.085075 0.248646 0.258633,
        0.043309 0.244214 0.290164,
        0.040068 0.244273 0.289745,
        0.035394 0.242978 0.298958,
        0.037095 0.244435 0.288589,
        0.030330 0.243335 0.296422,
        0.025728 0.243885 0.292507,
        0.080281 0.241631 0.308545,
        0.089072 0.240699 0.315178,
        0.084957 0.242099 0.305212,
        0.093110 0.241173 0.311802,
        0.088811 0.242733 0.300701,
        0.096640 0.241737 0.307789,
        0.091434 0.243478 0.295406,
        0.106451 0.243257 0.296974,
        0.102227 0.243123 0.297930,
        0.100565 0.241686 0.308155,
        0.100467 0.243112 0.298007,
        0.098602 0.241702 0.308036,
        0.096491 0.243184 0.297494,
        0.092670 0.243382 0.296086,
        0.095968 0.249250 0.254332,
        0.094571 0.249375 0.253440,
        0.100261 0.250565 0.244978,
        0.092972 0.249450 0.252912,
        0.093144 0.247635 0.265820,
        0.095472 0.246181 0.276166,
        0.094651 0.247710 0.265289,
        0.099256 0.246378 0.274765,
        0.096015 0.247835 0.264397,
        0.102765 0.246712 0.272388,
        0.097133 0.248006 0.263188,
        0.105613 0.247159 0.269213,
        0.097925 0.248212 0.261719,
        0.098315 0.248441 0.260092,
        0.025926 0.248320 0.260952,
        0.033849 0.247370 0.267711,
        0.030605 0.248863 0.257087,
        0.036391 0.247654 0.265689,
        0.035834 0.249213 0.254599,
        0.039415 0.247845 0.264330,
        0.041522 0.249374 0.253450,
        0.042473 0.247923 0.263774,
        0.051598 0.249364 0.253521,
        0.050158 0.247915 0.263828,
        0.052559 0.249341 0.253681,
        0.117130 0.244898 0.285300,
        0.128340 0.245227 0.282959,
        0.117667 0.245472 0.281215,
        0.128428 0.245509 0.280952,
        0.117484 0.245836 0.278625,
        0.127745 0.246384 0.274726,
        0.116293 0.246419 0.274476,
        0.125446 0.247274 0.268391,
        0.114272 0.246906 0.271012,
        0.121387 0.248107 0.262468,
        0.116515 0.248704 0.258215,
        0.085201 0.246282 0.275452,
        0.089316 0.246135 0.276496,
        0.091398 0.246116 0.276633,
        0.034459 0.244696 0.286739,
        0.032493 0.245006 0.284532,
        0.022280 0.244565 0.287670,
        0.030929 0.245418 0.281601,
        0.020231 0.245293 0.282490,
        0.030154 0.245875 0.278346,
        0.019493 0.246068 0.276974,
        0.030082 0.246081 0.276879,
        0.020322 0.246917 0.270935,
        0.030515 0.246543 0.273592,
        0.022507 0.247667 0.265597,
        0.031713 0.246966 0.270586,
        0.033610 0.247335 0.267961,
        0.106885 0.241781 0.307476,
        0.113256 0.242102 0.305191,
        0.110274 0.243534 0.295004,
        0.118772 0.242617 0.301533,
        0.113250 0.243898 0.292414,
        0.120263 0.242807 0.300175,
        0.115641 0.244369 0.289062,
        0.124206 0.243491 0.295314,
        0.127056 0.244336 0.289295,
        0.097093 0.249082 0.255524,
        0.097864 0.248889 0.256898,
        0.098285 0.248673 0.258437,
        0.048272 0.242784 0.300342,
        0.039183 0.242093 0.305262,
        0.052088 0.242139 0.304929,
        0.044524 0.241163 0.311871,
        0.052537 0.242081 0.305339,
        0.045368 0.241051 0.312672,
        0.057312 0.241613 0.308669,
        0.052949 0.240331 0.317797,
        0.062654 0.241323 0.310737,
        0.061498 0.239902 0.320848,
        0.068433 0.241218 0.311481,
        0.068531 0.239792 0.321630,
        0.074679 0.241323 0.310735,
        0.077023 0.239930 0.320650,
        0.084917 0.240346 0.317689,
        0.091645 0.247613 0.265980,
        0.081592 0.246556 0.273502,
        0.051015 0.247893 0.263991,
        0.055182 0.249111 0.255320,
        0.054788 0.249168 0.254917,
        0.050504 0.247909 0.263875,
        0.053686 0.249278 0.254130,
        0.096333 0.250799 0.243309,
        0.092306 0.250891 0.242657,
        0.091739 0.249467 0.252788,
        0.091641 0.250893 0.242640,
        0.090227 0.249444 0.252947,
        0.087509 0.250827 0.243114,
        0.088725 0.249370 0.253476,
        0.083689 0.250627 0.244535,
        0.087396 0.249248 0.254346,
        0.080270 0.250301 0.246854,
        0.086276 0.249078 0.255553,
        0.077613 0.249892 0.249764,
        0.085481 0.248874 0.257009,
        0.075569 0.249364 0.253522,
        0.074545 0.248778 0.257691,
        0.056513 0.248622 0.258799,
        0.056360 0.248800 0.257538,
        0.055919 0.248961 0.256388,
        0.052498 0.247913 0.263847,
        0.053674 0.247976 0.263399,
        0.056469 0.248532 0.259441,
        0.054731 0.248078 0.262671,
        0.055463 0.248189 0.261880,
        0.056123 0.248351 0.260727,
        0.051181 0.247891 0.264004,
        0.091645 0.247574 0.265974,
        0.090167 0.247599 0.265798,
        0.088591 0.247681 0.265211,
        0.087233 0.247813 0.264272,
        0.086151 0.247987 0.263039,
        0.085431 0.248183 0.261639,
        0.085067 0.248404 0.260066,
        0.085075 0.248607 0.258628,
        0.085481 0.248835 0.257004,
        0.086276 0.249039 0.255547,
        0.087396 0.249209 0.254340,
        0.088725 0.249331 0.253471,
        0.090227 0.249406 0.252942,
        0.091739 0.249428 0.252783,
        0.092972 0.249411 0.252906,
        0.094571 0.249336 0.253435,
        0.095968 0.249211 0.254327,
        0.097093 0.249043 0.255519,
        0.097864 0.248850 0.256892,
        0.098285 0.248634 0.258432,
        0.098315 0.248402 0.260086,
        0.097925 0.248173 0.261713,
        0.097133 0.247967 0.263183,
        0.096015 0.247796 0.264391,
        0.094651 0.247671 0.265283,
        0.093144 0.247596 0.265815,
      ]
    }
    coordIndex [
      152, 153, 154, -1,
      155, 156, 157, -1,
      158, 159, 160, -1,
      161, 162, 158, -1,
      162, 163, 158, -1,
      158, 163, 164, -1,
      158, 164, 165, -1,
      166, 167, 154, -1,
      154, 167, 168, -1,
      154, 168, 152, -1,
      164, 169, 165, -1,
      165, 169, 170, -1,
      165, 170, 171, -1,
      171, 170, 172, -1,
      156, 173, 157, -1,
      157, 173, 174, -1,
      157, 174, 175, -1,
      175, 174, 176, -1,
      175, 176, 177, -1,
      177, 176, 178, -1,
      179, 180, 181, -1,
      181, 180, 182, -1,
      181, 182, 183, -1,
      183, 182, 184, -1,
      183, 184, 185, -1,
      186, 187, 188, -1,
      188, 187, 189, -1,
      188, 189, 190, -1,
      190, 189, 191, -1,
      190, 191, 184, -1,
      184, 191, 192, -1,
      184, 192, 185, -1,
      193, 153, 194, -1,
      194, 153, 195, -1,
      194, 195, 196, -1,
      197, 198, 199, -1,
      199, 198, 200, -1,
      199, 200, 201, -1,
      201, 200, 202, -1,
      201, 202, 203, -1,
      203, 202, 204, -1,
      203, 204, 205, -1,
      205, 204, 154, -1,
      205, 154, 206, -1,
      207, 208, 209, -1,
      209, 208, 210, -1,
      209, 210, 211, -1,
      211, 210, 212, -1,
      211, 212, 213, -1,
      213, 212, 214, -1,
      213, 214, 215, -1,
      215, 214, 216, -1,
      215, 216, 217, -1,
      218, 219, 220, -1,
      220, 219, 221, -1,
      220, 221, 222, -1,
      222, 221, 223, -1,
      222, 223, 224, -1,
      224, 223, 225, -1,
      224, 225, 226, -1,
      226, 225, 227, -1,
      226, 227, 166, -1,
      166, 227, 228, -1,
      166, 228, 167, -1,
      229, 230, 197, -1,
      197, 230, 231, -1,
      197, 231, 198, -1,
      176, 232, 178, -1,
      178, 232, 233, -1,
      178, 233, 234, -1,
      234, 233, 235, -1,
      234, 235, 236, -1,
      236, 235, 237, -1,
      236, 237, 238, -1,
      238, 237, 239, -1,
      238, 239, 240, -1,
      240, 239, 241, -1,
      240, 241, 242, -1,
      242, 241, 243, -1,
      242, 243, 207, -1,
      207, 243, 244, -1,
      207, 244, 208, -1,
      188, 245, 186, -1,
      186, 245, 246, -1,
      186, 246, 247, -1,
      247, 246, 248, -1,
      247, 248, 249, -1,
      249, 248, 250, -1,
      249, 250, 251, -1,
      251, 250, 252, -1,
      251, 252, 218, -1,
      218, 252, 253, -1,
      218, 253, 219, -1,
      193, 254, 153, -1,
      153, 254, 255, -1,
      153, 255, 154, -1,
      154, 255, 256, -1,
      154, 256, 206, -1,
      155, 157, 257, -1,
      257, 157, 258, -1,
      257, 258, 259, -1,
      259, 258, 260, -1,
      259, 260, 261, -1,
      261, 260, 262, -1,
      261, 262, 263, -1,
      263, 262, 264, -1,
      263, 264, 265, -1,
      265, 264, 266, -1,
      265, 266, 267, -1,
      267, 266, 268, -1,
      267, 268, 269, -1,
      269, 268, 270, -1,
      269, 270, 179, -1,
      179, 270, 271, -1,
      179, 271, 180, -1,
      161, 158, 272, -1,
      272, 158, 160, -1,
      272, 160, 197, -1,
      197, 160, 273, -1,
      197, 273, 229, -1,
      274, 275, 276, -1,
      216, 277, 217, -1,
      217, 277, 274, -1,
      217, 274, 278, -1,
      278, 274, 276, -1,
      195, 279, 196, -1,
      196, 279, 280, -1,
      196, 280, 281, -1,
      281, 280, 282, -1,
      281, 282, 283, -1,
      283, 282, 284, -1,
      283, 284, 285, -1,
      285, 284, 286, -1,
      285, 286, 287, -1,
      287, 286, 288, -1,
      287, 288, 289, -1,
      289, 288, 290, -1,
      289, 290, 291, -1,
      291, 290, 292, -1,
      291, 292, 172, -1,
      172, 292, 293, -1,
      172, 293, 171, -1,
      294, 295, 274, -1,
      274, 295, 296, -1,
      274, 296, 275, -1,
      297, 298, 299, -1,
      298, 300, 299, -1,
      299, 300, 301, -1,
      299, 301, 302, -1,
      294, 274, 299, -1,
      299, 274, 303, -1,
      299, 303, 297, -1,
      238, 148, 147, -1,
      149, 178, 234, -1,
      238, 147, 236, -1,
      236, 147, 151, -1,
      236, 151, 234, -1,
      234, 151, 150, -1,
      234, 150, 149, -1,
      149, 4, 178, -1,
      178, 4, 3, -1,
      178, 3, 177, -1,
      177, 3, 10, -1,
      177, 10, 175, -1,
      175, 10, 9, -1,
      175, 9, 157, -1,
      157, 9, 8, -1,
      157, 8, 258, -1,
      258, 8, 7, -1,
      258, 7, 260, -1,
      260, 7, 6, -1,
      260, 6, 262, -1,
      13, 268, 266, -1,
      262, 6, 5, -1,
      262, 5, 264, -1,
      5, 11, 264, -1,
      264, 11, 12, -1,
      264, 12, 266, -1,
      266, 12, 14, -1,
      266, 14, 13, -1,
      19, 180, 271, -1,
      268, 13, 15, -1,
      268, 15, 270, -1,
      270, 15, 16, -1,
      270, 16, 271, -1,
      271, 16, 17, -1,
      271, 17, 19, -1,
      27, 184, 182, -1,
      180, 19, 18, -1,
      180, 18, 182, -1,
      182, 18, 25, -1,
      182, 25, 27, -1,
      184, 27, 26, -1,
      184, 26, 190, -1,
      190, 26, 24, -1,
      190, 24, 188, -1,
      188, 24, 23, -1,
      188, 23, 245, -1,
      245, 23, 22, -1,
      245, 22, 246, -1,
      246, 22, 21, -1,
      246, 21, 248, -1,
      248, 21, 20, -1,
      248, 20, 250, -1,
      33, 221, 219, -1,
      250, 20, 31, -1,
      250, 31, 252, -1,
      252, 31, 30, -1,
      252, 30, 253, -1,
      30, 29, 253, -1,
      253, 29, 28, -1,
      253, 28, 219, -1,
      219, 28, 34, -1,
      219, 34, 33, -1,
      49, 223, 32, -1,
      32, 223, 221, -1,
      32, 221, 33, -1,
      49, 48, 223, -1,
      223, 48, 47, -1,
      223, 47, 225, -1,
      225, 47, 39, -1,
      225, 39, 227, -1,
      227, 39, 38, -1,
      227, 38, 228, -1,
      228, 38, 74, -1,
      228, 74, 167, -1,
      167, 74, 73, -1,
      167, 73, 168, -1,
      168, 73, 46, -1,
      168, 46, 152, -1,
      152, 46, 45, -1,
      152, 45, 153, -1,
      153, 45, 44, -1,
      153, 44, 195, -1,
      195, 44, 72, -1,
      195, 72, 279, -1,
      279, 72, 71, -1,
      279, 71, 280, -1,
      280, 71, 70, -1,
      280, 70, 282, -1,
      282, 70, 57, -1,
      282, 57, 284, -1,
      284, 57, 56, -1,
      284, 56, 286, -1,
      286, 56, 55, -1,
      286, 55, 288, -1,
      288, 55, 54, -1,
      288, 54, 290, -1,
      290, 54, 53, -1,
      290, 53, 292, -1,
      292, 53, 82, -1,
      292, 82, 293, -1,
      293, 82, 83, -1,
      293, 83, 171, -1,
      165, 171, 67, -1,
      67, 171, 83, -1,
      158, 165, 37, -1,
      37, 165, 67, -1,
      37, 61, 158, -1,
      158, 61, 91, -1,
      158, 91, 159, -1,
      159, 91, 95, -1,
      103, 160, 1, -1,
      1, 160, 159, -1,
      1, 159, 2, -1,
      2, 159, 95, -1,
      108, 231, 230, -1,
      160, 103, 102, -1,
      160, 102, 273, -1,
      273, 102, 101, -1,
      273, 101, 229, -1,
      229, 101, 0, -1,
      229, 0, 230, -1,
      230, 0, 109, -1,
      230, 109, 108, -1,
      198, 231, 107, -1,
      107, 231, 108, -1,
      107, 105, 198, -1,
      198, 105, 104, -1,
      198, 104, 200, -1,
      200, 104, 112, -1,
      200, 112, 202, -1,
      202, 112, 111, -1,
      202, 111, 204, -1,
      204, 111, 115, -1,
      204, 115, 154, -1,
      93, 222, 106, -1,
      106, 222, 224, -1,
      106, 224, 110, -1,
      110, 224, 226, -1,
      110, 226, 113, -1,
      113, 226, 166, -1,
      113, 166, 114, -1,
      114, 166, 154, -1,
      114, 154, 115, -1,
      93, 94, 222, -1,
      222, 94, 96, -1,
      222, 96, 220, -1,
      218, 220, 97, -1,
      97, 220, 96, -1,
      97, 118, 218, -1,
      218, 118, 117, -1,
      218, 117, 251, -1,
      251, 117, 128, -1,
      251, 128, 249, -1,
      128, 144, 249, -1,
      249, 144, 143, -1,
      249, 143, 247, -1,
      247, 143, 142, -1,
      247, 142, 186, -1,
      186, 142, 134, -1,
      186, 134, 187, -1,
      187, 134, 133, -1,
      187, 133, 189, -1,
      189, 133, 132, -1,
      189, 132, 191, -1,
      191, 132, 129, -1,
      191, 129, 192, -1,
      192, 129, 126, -1,
      192, 126, 185, -1,
      185, 126, 137, -1,
      185, 137, 183, -1,
      183, 137, 138, -1,
      183, 138, 181, -1,
      181, 138, 139, -1,
      181, 139, 179, -1,
      179, 139, 141, -1,
      179, 141, 269, -1,
      269, 141, 140, -1,
      269, 140, 267, -1,
      116, 156, 130, -1,
      130, 156, 155, -1,
      130, 155, 131, -1,
      131, 155, 257, -1,
      131, 257, 127, -1,
      127, 257, 259, -1,
      127, 259, 124, -1,
      124, 259, 261, -1,
      124, 261, 125, -1,
      125, 261, 263, -1,
      125, 263, 135, -1,
      135, 263, 265, -1,
      135, 265, 136, -1,
      136, 265, 267, -1,
      136, 267, 140, -1,
      173, 156, 119, -1,
      119, 156, 116, -1,
      173, 119, 123, -1,
      173, 123, 174, -1,
      174, 123, 122, -1,
      174, 122, 176, -1,
      176, 122, 121, -1,
      176, 121, 232, -1,
      232, 121, 120, -1,
      232, 120, 233, -1,
      233, 120, 100, -1,
      233, 100, 235, -1,
      100, 99, 235, -1,
      235, 99, 98, -1,
      235, 98, 237, -1,
      237, 98, 92, -1,
      237, 92, 239, -1,
      92, 90, 239, -1,
      239, 90, 89, -1,
      239, 89, 241, -1,
      89, 60, 241, -1,
      241, 60, 59, -1,
      241, 59, 243, -1,
      243, 59, 58, -1,
      243, 58, 244, -1,
      244, 58, 88, -1,
      244, 88, 208, -1,
      208, 88, 87, -1,
      208, 87, 210, -1,
      210, 87, 86, -1,
      210, 86, 212, -1,
      212, 86, 85, -1,
      212, 85, 214, -1,
      216, 214, 84, -1,
      84, 214, 85, -1,
      216, 84, 43, -1,
      216, 43, 277, -1,
      277, 43, 42, -1,
      277, 42, 274, -1,
      274, 42, 41, -1,
      274, 41, 303, -1,
      303, 41, 36, -1,
      303, 36, 297, -1,
      297, 36, 35, -1,
      297, 35, 298, -1,
      298, 35, 40, -1,
      298, 40, 300, -1,
      300, 40, 69, -1,
      300, 69, 301, -1,
      301, 69, 68, -1,
      301, 68, 302, -1,
      302, 68, 66, -1,
      302, 66, 299, -1,
      299, 66, 65, -1,
      299, 65, 294, -1,
      294, 65, 81, -1,
      294, 81, 295, -1,
      295, 81, 80, -1,
      295, 80, 296, -1,
      296, 80, 79, -1,
      296, 79, 275, -1,
      275, 79, 78, -1,
      275, 78, 276, -1,
      276, 78, 77, -1,
      276, 77, 278, -1,
      278, 77, 76, -1,
      278, 76, 217, -1,
      217, 76, 75, -1,
      217, 75, 215, -1,
      213, 215, 64, -1,
      64, 215, 75, -1,
      213, 64, 63, -1,
      213, 63, 211, -1,
      211, 63, 62, -1,
      211, 62, 209, -1,
      209, 62, 52, -1,
      209, 52, 207, -1,
      207, 52, 51, -1,
      207, 51, 242, -1,
      242, 51, 50, -1,
      242, 50, 240, -1,
      240, 50, 146, -1,
      240, 146, 238, -1,
      238, 146, 145, -1,
      238, 145, 148, -1,
      272, 304, 305, -1,
      272, 305, 161, -1,
      161, 305, 306, -1,
      161, 306, 162, -1,
      162, 306, 307, -1,
      162, 307, 163, -1,
      163, 307, 308, -1,
      163, 308, 164, -1,
      164, 308, 309, -1,
      164, 309, 169, -1,
      169, 309, 310, -1,
      169, 310, 170, -1,
      170, 310, 311, -1,
      170, 311, 172, -1,
      172, 311, 312, -1,
      172, 312, 291, -1,
      291, 312, 313, -1,
      291, 313, 289, -1,
      289, 313, 314, -1,
      289, 314, 287, -1,
      287, 314, 315, -1,
      287, 315, 285, -1,
      285, 315, 316, -1,
      285, 316, 283, -1,
      283, 316, 317, -1,
      283, 317, 281, -1,
      281, 317, 318, -1,
      281, 318, 196, -1,
      196, 318, 319, -1,
      196, 319, 194, -1,
      194, 319, 320, -1,
      194, 320, 193, -1,
      193, 320, 321, -1,
      193, 321, 254, -1,
      254, 321, 322, -1,
      254, 322, 255, -1,
      255, 322, 323, -1,
      255, 323, 256, -1,
      256, 323, 324, -1,
      256, 324, 206, -1,
      206, 324, 325, -1,
      206, 325, 205, -1,
      205, 325, 326, -1,
      205, 326, 203, -1,
      203, 326, 327, -1,
      203, 327, 201, -1,
      201, 327, 328, -1,
      201, 328, 199, -1,
      199, 328, 329, -1,
      199, 329, 197, -1,
      197, 329, 304, -1,
      197, 304, 272, -1,
    ]
  }
}

Shape {
  appearance Appearance {
    material Material {
      diffuseColor 0.2235 0.2235 0.2235
      specularColor 0.1137 0.1137 0.1137
      ambientIntensity 0.2
      transparency 0.0000
      shininess 0.5
    }
  }
  geometry IndexedFaceSet {
    ccw TRUE
    solid FALSE
    coord DEF co Coordinate {
      point [
        0.091645 0.247574 0.265974,
        0.090167 0.247599 0.265798,
        0.088591 0.247681 0.265211,
        0.087233 0.247813 0.264272,
        0.086151 0.247987 0.263039,
        0.085431 0.248183 0.261639,
        0.085067 0.248404 0.260066,
        0.085075 0.248607 0.258628,
        0.085481 0.248835 0.257004,
        0.086276 0.249039 0.255547,
        0.087396 0.249209 0.254340,
        0.088725 0.249331 0.253471,
        0.090227 0.249406 0.252942,
        0.091739 0.249428 0.252783,
        0.092972 0.249411 0.252906,
        0.094571 0.249336 0.253435,
        0.095968 0.249211 0.254327,
        0.097093 0.249043 0.255519,
        0.097864 0.248850 0.256892,
        0.098285 0.248634 0.258432,
        0.098315 0.248402 0.260086,
        0.097925 0.248173 0.261713,
        0.097133 0.247967 0.263183,
        0.096015 0.247796 0.264391,
        0.094651 0.247671 0.265283,
        0.093144 0.247596 0.265815,
      ]
    }
    coordIndex [
      14, 13, 0, -1,
      11, 7, 12, -1,
      12, 7, 6, -1,
      12, 6, 13, -1,
      6, 5, 13, -1,
      13, 5, 4, -1,
      13, 4, 3, -1,
      24, 17, 16, -1,
      3, 2, 13, -1,
      13, 2, 1, -1,
      13, 1, 0, -1,
      17, 24, 18, -1,
      18, 24, 23, -1,
      18, 23, 19, -1,
      0, 25, 14, -1,
      14, 25, 24, -1,
      14, 24, 15, -1,
      15, 24, 16, -1,
      11, 10, 7, -1,
      7, 10, 9, -1,
      7, 9, 8, -1,
      19, 23, 20, -1,
      20, 23, 22, -1,
      20, 22, 21, -1,
    ]
  }
}
