#VRML V2.0 utf8

Shape {
  appearance Appearance {
    material Material {
      diffuseColor 0.2510 0.2510 0.2510
      specularColor 0.1255 0.1255 0.1255
      ambientIntensity 0.2
      transparency 0.0000
      shininess 0.5
    }
  }
  geometry IndexedFaceSet {
    ccw TRUE
    solid FALSE
    coord DEF co Coordinate {
      point [
        2.460630 -0.138565 0.213719,
        2.460630 -0.138565 0.095485,
        2.460630 -0.085417 0.095485,
        2.460630 0.298164 -0.295276,
        2.460630 0.423119 -0.295276,
        2.460630 0.423119 -0.185422,
        2.460630 0.943447 -0.295276,
        2.460630 0.943447 -0.185422,
        2.460630 0.072043 -0.131925,
        2.460630 0.066646 -0.132559,
        2.460630 0.099935 -0.132559,
        2.460630 0.213786 0.002015,
        2.460630 0.256000 0.002015,
        2.460630 0.256000 0.040017,
        2.460630 -0.326104 0.109639,
        2.460630 -0.300374 0.087868,
        2.460630 -0.210438 0.214845,
        2.460630 -0.210438 0.079144,
        2.460630 -0.447133 0.225794,
        2.460630 -0.431364 0.214845,
        2.460630 -0.410252 0.200187,
        2.460630 -0.377353 0.161594,
        2.460630 -0.359017 0.125231,
        2.460630 -0.354337 0.123657,
        2.460630 -0.626014 0.228920,
        2.460630 -0.581987 0.244759,
        2.460630 -1.339996 0.492126,
        2.460630 -0.210438 0.492126,
        2.460630 -0.539291 0.249525,
        2.460630 -0.494202 0.244050,
        2.460630 -0.649303 0.214845,
        2.460630 -1.339996 0.214845,
        2.460630 -0.653148 0.212522,
        2.460630 -1.339996 0.079144,
        2.460630 -0.856952 0.079144,
        2.460630 -0.848632 0.097906,
        2.460630 -0.825831 0.127129,
        2.460630 -0.754086 0.168056,
        2.460630 -0.716718 0.172672,
        2.460630 -0.675445 0.193427,
        2.460630 -0.705807 0.172078,
        2.460630 -0.694896 0.170774,
        2.460630 -0.819415 0.133201,
        2.460630 -0.789234 0.154413,
        2.460630 -0.800935 -0.109724,
        2.460630 -0.830576 -0.084456,
        2.460630 -1.339996 -0.132559,
        2.460630 -0.766639 -0.126419,
        2.460630 -0.852254 -0.053500,
        2.460630 -0.865841 -0.018175,
        2.460630 -1.339996 0.040017,
        2.460630 -0.870426 0.018964,
        2.460630 -0.870156 0.028092,
        2.460630 -0.868023 0.040017,
        2.460630 -0.863779 0.063750,
        2.460630 -0.754670 -0.129999,
        2.460630 -0.753474 -0.132559,
        2.460630 -0.745156 -0.150356,
        2.460630 -1.339996 -0.185422,
        2.460630 -0.731045 -0.167770,
        2.460630 -0.712485 -0.181759,
        2.460630 -1.339996 -0.492126,
        2.460630 -1.181102 -0.492126,
        2.460630 -1.181102 -0.295276,
        2.460630 -0.210438 -0.295276,
        2.460630 -0.210438 -0.185422,
        2.460630 -0.625250 -0.185422,
        2.460630 -0.690593 -0.190957,
        2.460630 -0.703766 -0.185422,
        2.460630 -0.641571 -0.191690,
        2.460630 -0.664533 -0.194518,
        2.460630 -0.668192 -0.194450,
        2.460630 -0.210438 -0.132559,
        2.460630 -0.575626 -0.132559,
        2.460630 -0.575711 -0.132915,
        2.460630 -0.586932 -0.154065,
        2.460630 -0.601511 -0.170413,
        2.460630 -0.620409 -0.183563,
        2.460630 -0.269420 0.031893,
        2.460630 -0.265084 0.000937,
        2.460630 -0.210438 0.040017,
        2.460630 -0.454477 -0.076586,
        2.460630 -0.447967 -0.074014,
        2.460630 -0.436819 -0.019937,
        2.460630 -0.300191 -0.089200,
        2.460630 -0.326014 -0.111059,
        2.460630 -0.593373 -0.036067,
        2.460630 -0.466232 0.030350,
        2.460630 -0.609952 -0.020970,
        2.460630 -0.630085 -0.010180,
        2.460630 -0.460312 -0.080721,
        2.460630 -0.281365 -0.062978,
        2.460630 -0.324374 0.008293,
        2.460630 -0.328828 0.026517,
        2.460630 -0.336103 0.040017,
        2.460630 -0.808291 0.040017,
        2.460630 -0.269442 -0.032942,
        2.460630 -0.440614 -0.073070,
        2.460630 -0.439691 -0.073137,
        2.460630 -0.436844 -0.073768,
        2.460630 -0.802719 -0.016966,
        2.460630 -0.791406 -0.036221,
        2.460630 -0.743230 -0.046024,
        2.460630 -0.774394 -0.053697,
        2.460630 -0.753722 -0.066429,
        2.460630 -0.708141 -0.014613,
        2.460630 -0.727541 -0.028089,
        2.460630 -0.810650 0.020862,
        2.460630 -0.809519 0.006257,
        2.460630 -0.687182 -0.006597,
        2.460630 -0.664533 -0.003807,
        2.460630 -0.652987 -0.004492,
        2.460630 -0.470028 -0.102483,
        2.460630 -0.469787 -0.098739,
        2.460630 -0.569652 -0.090149,
        2.460630 -0.467881 -0.091518,
        2.460630 -0.464232 -0.085044,
        2.460630 -0.343167 -0.050194,
        2.460630 -0.332728 -0.035395,
        2.460630 -0.326189 -0.018485,
        2.460630 -0.323911 -0.000012,
        2.460630 -0.447857 -0.131035,
        2.460630 -0.454133 -0.128565,
        2.460630 -0.460287 -0.124190,
        2.460630 -0.462492 -0.121945,
        2.460630 -0.466628 -0.115985,
        2.460630 -0.469127 -0.109551,
        2.460630 -0.570164 -0.109492,
        2.460630 -0.569652 -0.099637,
        2.460630 -0.354965 -0.125223,
        2.460630 -0.386532 -0.131897,
        2.460630 -0.442512 -0.131897,
        2.460630 -0.434921 -0.074019,
        2.460630 -0.392225 -0.074019,
        2.460630 -0.375204 -0.070759,
        2.460630 -0.358461 -0.063006,
        2.460630 -0.344431 -0.051551,
        2.460630 -0.405508 0.073995,
        2.460630 -0.799695 0.064986,
        2.460630 -0.807822 0.043825,
        2.460630 -0.397918 0.073995,
        2.460630 -0.337650 0.042888,
        2.460630 -0.348599 0.055116,
        2.460630 -0.363315 0.065392,
        2.460630 -0.379874 0.071770,
        2.460630 -0.425947 0.130974,
        2.460630 -0.447345 0.156544,
        2.460630 -0.665482 0.101511,
        2.460630 -0.449763 0.158748,
        2.460630 -0.476422 0.177245,
        2.460630 -0.650993 0.131515,
        2.460630 -0.789843 0.079144,
        2.460630 -0.672272 0.105222,
        2.460630 -0.406640 0.079144,
        2.460630 -0.411311 0.100401,
        2.460630 -0.693548 0.112993,
        2.460630 -0.715769 0.115743,
        2.460630 -0.725624 0.115231,
        2.460630 -0.629714 0.156940,
        2.460630 -0.506176 0.188644,
        2.460630 -0.604259 0.175539,
        2.460630 -0.538342 0.192596,
        2.460630 -0.573262 0.188100,
        2.460630 -0.749048 0.109685,
        2.460630 -0.770197 0.098463,
        2.460630 -0.786545 0.083885,
        2.460630 -0.294117 0.079144,
        2.460630 -0.281013 0.060872,
        2.460630 -0.272670 0.040017,
        2.460630 0.285559 -0.116220,
        2.460630 0.285559 -0.131434,
        2.460630 0.298164 -0.132559,
        2.460630 0.298164 0.040017,
        2.460630 0.282523 0.002015,
        2.460630 0.282523 -0.013335,
        2.460630 0.231013 -0.071327,
        2.460630 0.231013 -0.116220,
        2.460630 0.256000 -0.071327,
        2.460630 0.256000 -0.116220,
        2.460630 0.278737 -0.071327,
        2.460630 0.278737 -0.056044,
        2.460630 0.231013 -0.013335,
        2.460630 0.231013 -0.056044,
        2.460630 0.256000 -0.013335,
        2.460630 0.256000 -0.056044,
        2.460630 0.256000 -0.132559,
        2.460630 0.256000 -0.131434,
        2.460630 0.213786 -0.131434,
        2.460630 0.147880 -0.107759,
        2.460630 0.149927 -0.115606,
        2.460630 0.150370 -0.115606,
        2.460630 0.195774 -0.036123,
        2.460630 0.131045 0.040017,
        2.460630 0.178445 -0.036123,
        2.460630 0.131045 -0.059331,
        2.460630 0.152417 -0.107896,
        2.460630 0.151138 -0.112339,
        2.460630 0.031214 -0.110830,
        2.460630 0.014260 0.040017,
        2.460630 0.014260 -0.132559,
        2.460630 0.037959 -0.114980,
        2.460630 0.038941 -0.115343,
        2.460630 0.038941 -0.079879,
        2.460630 0.036058 -0.076922,
        2.460630 0.033879 -0.073438,
        2.460630 0.032035 -0.068333,
        2.460630 0.031317 -0.061844,
        2.460630 0.031976 -0.055867,
        2.460630 0.038793 -0.079781,
        2.460630 0.047507 -0.132559,
        2.460630 0.041354 -0.131835,
        2.460630 0.038941 -0.132559,
        2.460630 0.038941 -0.130944,
        2.460630 0.031214 -0.128091,
        2.460630 0.091014 -0.038169,
        2.460630 0.091014 -0.054407,
        2.460630 0.042028 -0.041513,
        2.460630 0.047484 -0.038306,
        2.460630 0.038941 0.040017,
        2.460630 0.033967 -0.050485,
        2.460630 0.037072 -0.045967,
        2.460630 0.038941 -0.044288,
        2.460630 0.094790 -0.112224,
        2.460630 0.092737 -0.117521,
        2.460630 0.089622 -0.121930,
        2.460630 0.056788 -0.035130,
        2.460630 0.068431 -0.033939,
        2.460630 0.099935 0.040017,
        2.460630 0.080157 -0.034980,
        2.460630 0.089991 -0.089748,
        2.460630 0.093111 -0.094352,
        2.460630 0.094894 -0.099281,
        2.460630 0.095585 -0.105508,
        2.460630 0.084840 -0.126112,
        2.460630 0.080864 -0.128550,
        2.460630 0.066794 -0.047517,
        2.460630 0.061846 -0.047887,
        2.460630 0.048544 -0.060343,
        2.460630 0.057374 -0.049071,
        2.460630 0.053626 -0.051064,
        2.460630 0.048696 -0.062566,
        2.460630 0.049359 -0.065163,
        2.460630 0.050563 -0.067418,
        2.460630 0.052194 -0.069212,
        2.460630 0.058087 -0.072896,
        2.460630 0.077462 -0.048691,
        2.460630 0.068431 -0.077399,
        2.460630 0.086918 -0.052080,
        2.460630 0.074904 -0.080018,
        2.460630 0.086005 -0.086192,
        2.460630 0.051104 -0.053293,
        2.460630 0.049671 -0.055420,
        2.460630 0.048846 -0.057677,
        2.460630 0.048450 -0.118867,
        2.460630 0.056628 -0.089543,
        2.460630 0.046665 -0.084976,
        2.460630 0.058709 -0.120040,
        2.460630 0.059448 -0.120035,
        2.460630 0.067604 -0.094140,
        2.460630 0.068016 -0.119075,
        2.460630 0.078426 -0.107146,
        2.460630 0.078263 -0.105066,
        2.460630 0.072329 -0.117497,
        2.460630 0.073854 -0.116572,
        2.460630 0.075771 -0.114869,
        2.460630 0.077231 -0.112711,
        2.460630 0.078080 -0.110334,
        2.460630 0.077503 -0.102456,
        2.460630 0.076211 -0.100240,
        2.460630 0.074128 -0.098072,
        2.460630 0.423119 0.079144,
        2.460630 0.379779 0.080270,
        2.460630 0.360744 0.080270,
        2.460630 0.347133 0.116771,
        2.460630 0.298164 0.116771,
        2.460630 0.298164 0.079144,
        2.460630 0.328951 0.213719,
        2.460630 0.423119 0.214845,
        2.460630 0.298164 0.214845,
        2.460630 0.291563 0.116771,
        2.460630 0.278737 0.080270,
        2.460630 0.256000 0.079144,
        2.460630 0.259702 0.080270,
        2.460630 0.256000 0.214845,
        2.460630 0.298164 0.181253,
        2.460630 0.310530 0.213719,
        2.460630 0.131045 0.214845,
        2.460630 0.099935 0.214845,
        2.460630 0.115405 0.213719,
        2.460630 0.099935 0.213719,
        2.460630 0.063894 0.140377,
        2.460630 0.063894 0.095485,
        2.460630 0.099935 0.140377,
        2.460630 0.099935 0.095485,
        2.460630 0.111618 0.140377,
        2.460630 0.118441 0.095485,
        2.460630 0.111618 0.155659,
        2.460630 0.115405 0.198369,
        2.460630 0.099935 0.155659,
        2.460630 0.099935 0.198369,
        2.460630 0.063894 0.155659,
        2.460630 0.063894 0.198369,
        2.460630 0.046667 0.080270,
        2.460630 0.038941 0.079144,
        2.460630 0.099935 0.079144,
        2.460630 0.131045 0.079144,
        2.460630 0.118441 0.080270,
        2.460630 0.099935 0.080270,
        2.460630 0.046667 0.213719,
        2.460630 0.038941 0.214845,
        2.460630 1.181102 -0.492126,
        2.460630 1.339996 -0.492126,
        2.460630 1.181102 -0.295276,
        2.460630 1.339996 -0.185422,
        2.460630 0.298164 -0.185422,
        2.460630 0.256000 -0.295276,
        2.460630 0.256000 -0.185422,
        2.460630 0.131045 -0.295276,
        2.460630 0.131045 -0.185422,
        2.460630 0.099935 -0.295276,
        2.460630 0.099935 -0.185422,
        2.460630 0.038941 -0.295276,
        2.460630 0.038941 -0.185422,
        2.460630 0.014260 -0.295276,
        2.460630 0.014260 -0.185422,
        2.460630 -0.073990 -0.295276,
        2.460630 -0.011495 0.200415,
        2.460630 -0.017857 0.200099,
        2.460630 0.014260 0.099750,
        2.460630 0.004935 0.198454,
        2.460630 0.019957 0.192501,
        2.460630 0.019957 0.102307,
        2.460630 0.018471 0.193303,
        2.460630 0.014260 0.194906,
        2.460630 -0.029302 0.197634,
        2.460630 -0.039679 0.192525,
        2.460630 -0.047859 0.185611,
        2.460630 -0.048770 0.184613,
        2.460630 -0.055219 0.175337,
        2.460630 -0.059686 0.163808,
        2.460630 -0.061880 0.145494,
        2.460630 -0.061655 0.139390,
        2.460630 0.006811 0.096406,
        2.460630 -0.008285 0.093600,
        2.460630 -0.014497 0.093369,
        2.460630 -0.059339 0.126306,
        2.460630 -0.054862 0.115702,
        2.460630 -0.048780 0.107424,
        2.460630 -0.044983 0.103796,
        2.460630 -0.026112 0.094557,
        2.460630 -0.035941 0.097907,
        2.460630 0.002661 0.214845,
        2.460630 0.005809 0.214598,
        2.460630 0.014260 0.214845,
        2.460630 0.014260 0.212157,
        2.460630 0.019957 0.210513,
        2.460630 -0.011665 0.215971,
        2.460630 0.014260 0.492126,
        2.460630 -0.020939 0.214845,
        2.460630 -0.073990 0.492126,
        2.460630 -0.073990 0.214845,
        2.460630 -0.070359 0.183684,
        2.460630 -0.060685 0.196322,
        2.460630 -0.057383 0.199474,
        2.460630 -0.044889 0.208221,
        2.460630 -0.030941 0.213631,
        2.460630 -0.081989 0.214845,
        2.460630 -0.076698 0.168861,
        2.460630 -0.073990 0.175195,
        2.460630 -0.073990 0.114191,
        2.460630 -0.077333 0.122767,
        2.460630 -0.081989 0.079144,
        2.460630 -0.079959 0.144470,
        2.460630 -0.079724 0.151439,
        2.460630 -0.039520 0.081381,
        2.460630 -0.052112 0.087323,
        2.460630 -0.073990 0.079144,
        2.460630 -0.062835 0.096235,
        2.460630 -0.063942 0.097444,
        2.460630 -0.071903 0.108837,
        2.460630 -0.028667 0.079144,
        2.460630 -0.073990 0.040017,
        2.460630 -0.025060 0.078401,
        2.460630 -0.016987 0.078019,
        2.460630 -0.005211 0.079144,
        2.460630 0.019957 0.085796,
        2.460630 0.017680 0.084662,
        2.460630 0.014260 0.079144,
        2.460630 0.014260 0.083541,
        2.460630 0.003353 0.079963,
        2.460630 -0.061009 -0.085711,
        2.460630 -0.058707 -0.059046,
        2.460630 -0.064426 -0.090443,
        2.460630 -0.066799 -0.096281,
        2.460630 -0.047795 -0.132524,
        2.460630 -0.054204 -0.130108,
        2.460630 -0.073990 -0.132559,
        2.460630 -0.065156 -0.119187,
        2.460630 -0.067185 -0.113543,
        2.460630 -0.008152 -0.131434,
        2.460630 -0.008152 -0.116697,
        2.460630 -0.008595 -0.116697,
        2.460630 -0.015493 -0.034915,
        2.460630 -0.008528 -0.037095,
        2.460630 -0.055765 -0.081307,
        2.460630 -0.048424 -0.077690,
        2.460630 -0.048920 -0.052640,
        2.460630 -0.036397 -0.074807,
        2.460630 -0.021797 -0.048109,
        2.460630 -0.027460 -0.047517,
        2.460630 -0.038496 -0.048795,
        2.460630 -0.059833 -0.126180,
        2.460630 -0.061677 -0.124314,
        2.460630 -0.003017 -0.040316,
        2.460630 0.001404 -0.044633,
        2.460630 0.004790 -0.050111,
        2.460630 -0.012890 -0.122772,
        2.460630 -0.018395 -0.127849,
        2.460630 -0.021689 -0.129912,
        2.460630 -0.058707 -0.042809,
        2.460630 -0.055233 -0.040797,
        2.460630 -0.042799 -0.035987,
        2.460630 -0.025891 -0.033939,
        2.460630 -0.068020 -0.105917,
        2.460630 -0.067946 -0.103383,
        2.460630 -0.008152 -0.070850,
        2.460630 -0.008733 -0.063458,
        2.460630 -0.010461 -0.057507,
        2.460630 -0.012426 -0.054065,
        2.460630 0.007366 -0.057862,
        2.460630 0.008563 -0.070099,
        2.460630 0.008563 -0.131434,
        2.460630 -0.014952 -0.051376,
        2.460630 -0.017920 -0.049464,
        2.460630 -0.047490 -0.132559,
        2.460630 -0.073990 -0.185422,
        2.460630 -0.037796 -0.133685,
        2.460630 -0.028663 -0.132559,
        2.460630 0.131045 -0.132559,
        2.460630 0.131045 -0.104198,
        2.460630 0.104284 -0.036123,
        2.460630 0.122978 -0.036123,
        2.460630 0.141672 -0.131229,
        2.460630 0.141108 -0.132559,
        2.460630 0.134337 -0.148558,
        2.460630 0.107729 -0.174962,
        2.460630 0.107729 -0.160089,
        2.460630 0.127900 -0.158095,
        2.460630 0.131013 -0.154633,
        2.460630 0.131045 -0.154576,
        2.460630 0.057072 -0.133685,
        2.460630 0.111149 -0.161209,
        2.460630 0.117213 -0.161999,
        2.460630 0.131045 -0.173346,
        2.460630 0.125262 -0.175550,
        2.460630 0.118509 -0.176326,
        2.460630 0.114819 -0.176194,
        2.460630 0.121433 -0.161499,
        2.460630 0.125071 -0.160077,
        2.460630 0.152519 -0.145830,
        2.460630 0.144952 -0.160566,
        2.460630 0.157752 -0.132559,
        2.460630 0.138836 -0.167912,
        2.460630 0.137696 -0.168957,
        2.460630 0.131858 -0.173037,
        2.460630 -0.028322 -0.132517,
        2.460630 0.943447 -0.132559,
        2.460630 0.423119 -0.132559,
        2.460630 -0.155792 0.002015,
        2.460630 -0.155792 -0.131434,
        2.460630 -0.081989 -0.132559,
        2.460630 -0.081989 -0.185422,
        2.460630 -0.081989 -0.295276,
        2.460630 -0.087055 0.002015,
        2.460630 -0.081989 0.040017,
        2.460630 -0.087055 -0.013335,
        2.460630 -0.084019 -0.116220,
        2.460630 -0.084019 -0.131434,
        2.460630 -0.138565 -0.071327,
        2.460630 -0.138565 -0.116220,
        2.460630 -0.090841 -0.071327,
        2.460630 -0.090841 -0.056044,
        2.460630 -0.138565 -0.056044,
        2.460630 -0.138565 -0.013335,
        2.460630 0.310769 -0.131434,
        2.460630 0.415782 -0.087134,
        2.460630 0.409209 -0.100936,
        2.460630 0.399291 -0.112740,
        2.460630 0.412267 -0.031909,
        2.460630 0.417200 -0.044639,
        2.460630 0.423119 0.040017,
        2.460630 0.419418 -0.063004,
        2.460630 0.419017 -0.071511,
        2.460630 0.385329 -0.122746,
        2.460630 0.370111 -0.128682,
        2.460630 0.347474 -0.131434,
        2.460630 0.310769 0.002015,
        2.460630 0.348839 0.002015,
        2.460630 0.369216 -0.000235,
        2.460630 0.385321 -0.006119,
        2.460630 0.399291 -0.015655,
        2.460630 0.404009 -0.020270,
        2.460630 0.445855 -0.131434,
        2.460630 0.426820 -0.131434,
        2.460630 0.527863 -0.131434,
        2.460630 0.514252 -0.094933,
        2.460630 0.458681 -0.094933,
        2.460630 0.477648 0.002015,
        2.460630 0.496069 0.002015,
        2.460630 -0.155792 0.080270,
        2.460630 -0.155792 0.213719,
        2.460630 -0.085417 0.080270,
        2.460630 0.245148 0.179796,
        2.460630 0.250082 0.167065,
        2.460630 0.252299 0.148700,
        2.460630 0.251898 0.140193,
        2.460630 0.248663 0.124570,
        2.460630 0.242090 0.110768,
        2.460630 0.232173 0.098964,
        2.460630 0.218210 0.088957,
        2.460630 0.181720 0.213719,
        2.460630 0.202097 0.211469,
        2.460630 0.218202 0.205585,
        2.460630 0.202992 0.083022,
        2.460630 0.180356 0.080270,
        2.460630 0.143650 0.080270,
        2.460630 0.143650 0.213719,
        2.460630 0.232173 0.196049,
        2.460630 0.236890 0.191433,
        2.460630 0.546897 -0.131434,
        2.460630 0.943447 0.040017,
        2.460630 0.943447 0.079144,
        2.460630 0.943447 0.214845,
        2.460630 1.339996 -0.132559,
        2.460630 1.339996 0.040017,
        2.460630 1.339996 0.079144,
        2.460630 1.339996 0.214845,
        2.460630 -0.081989 0.492126,
        2.460630 1.339996 0.492126,
        2.460630 0.943447 0.492126,
        2.460630 0.423119 0.492126,
        2.460630 0.298164 0.492126,
        2.460630 0.256000 0.492126,
        2.460630 0.131045 0.492126,
        2.460630 0.099935 0.492126,
        2.460630 0.038941 0.492126,
        -0.559055 1.374091 -0.295276,
        -0.500000 1.271805 -0.295276,
        -0.559055 1.181102 -0.295276,
        -0.500000 0.500000 -0.295276,
        -1.125984 0.874016 -0.295276,
        -0.874016 0.874016 -0.295276,
        -0.874016 1.125984 -0.295276,
        -1.440945 1.181102 -0.295276,
        -1.500000 0.500000 -0.295276,
        -1.125984 1.125984 -0.295276,
        -1.559055 1.181102 -0.295276,
        -1.559055 1.374091 -0.295276,
        -1.500000 1.271805 -0.295276,
        -2.125984 0.874016 -0.295276,
        -1.874016 0.874016 -0.295276,
        -1.874016 1.125984 -0.295276,
        -1.440945 1.374091 -0.295276,
        -2.440945 1.181102 -0.295276,
        -2.500000 0.500000 -0.295276,
        -2.125984 1.125984 -0.295276,
        -2.559055 1.181102 -0.295276,
        -2.559055 1.374091 -0.295276,
        -2.500000 1.271805 -0.295276,
        -2.874016 0.874016 -0.295276,
        -2.874016 1.125984 -0.295276,
        -2.440945 1.374091 -0.295276,
        -3.125984 1.125984 -0.295276,
        -3.125984 0.874016 -0.295276,
        -3.460630 0.500000 -0.295276,
        -3.460630 1.181102 -0.295276,
        -2.500000 -1.250038 -0.295276,
        -2.559055 -1.250038 -0.295276,
        -2.559055 -1.181102 -0.295276,
        -3.460630 -1.181102 -0.295276,
        -3.125984 -1.125984 -0.295276,
        -3.125984 -0.874016 -0.295276,
        -3.460630 -0.500000 -0.295276,
        -2.874016 -0.874016 -0.295276,
        -2.500000 -0.500000 -0.295276,
        -2.874016 -1.125984 -0.295276,
        -2.500000 -1.271805 -0.295276,
        -2.559055 -1.374091 -0.295276,
        -2.440945 -1.250038 -0.295276,
        -2.440945 -1.374091 -0.295276,
        -2.440945 -1.181102 -0.295276,
        -1.874016 -1.125984 -0.295276,
        -1.559055 -1.181102 -0.295276,
        -2.125984 -1.125984 -0.295276,
        -2.125984 -0.874016 -0.295276,
        -1.874016 -0.874016 -0.295276,
        -1.500000 -0.500000 -0.295276,
        -1.500000 -1.250038 -0.295276,
        -1.559055 -1.250038 -0.295276,
        -1.500000 -1.271805 -0.295276,
        -1.559055 -1.374091 -0.295276,
        -1.440945 -1.250038 -0.295276,
        -1.440945 -1.374091 -0.295276,
        -1.440945 -1.181102 -0.295276,
        -0.874016 -1.125984 -0.295276,
        -0.559055 -1.181102 -0.295276,
        -1.125984 -1.125984 -0.295276,
        -1.125984 -0.874016 -0.295276,
        -0.874016 -0.874016 -0.295276,
        -0.500000 -0.500000 -0.295276,
        -0.500000 -1.250038 -0.295276,
        -0.559055 -1.250038 -0.295276,
        -0.500000 -1.271805 -0.295276,
        -0.559055 -1.374091 -0.295276,
        -0.440945 -1.250038 -0.295276,
        -0.440945 -1.374091 -0.295276,
        0.500000 -1.250038 -0.295276,
        0.440945 -1.250038 -0.295276,
        0.440945 -1.181102 -0.295276,
        -0.440945 -1.181102 -0.295276,
        -0.125984 -1.125984 -0.295276,
        -0.125984 -0.874016 -0.295276,
        0.125984 -0.874016 -0.295276,
        0.500000 -0.500000 -0.295276,
        0.125984 -1.125984 -0.295276,
        0.500000 -1.271805 -0.295276,
        0.440945 -1.374091 -0.295276,
        0.559055 -1.250038 -0.295276,
        0.559055 -1.374091 -0.295276,
        0.559055 -1.181102 -0.295276,
        1.125984 -1.125984 -0.295276,
        1.440945 -1.181102 -0.295276,
        0.874016 -1.125984 -0.295276,
        0.874016 -0.874016 -0.295276,
        1.125984 -0.874016 -0.295276,
        1.500000 -0.500000 -0.295276,
        1.500000 -1.250038 -0.295276,
        1.440945 -1.250038 -0.295276,
        1.500000 -1.271805 -0.295276,
        1.440945 -1.374091 -0.295276,
        1.559055 -1.250038 -0.295276,
        1.559055 -1.374091 -0.295276,
        1.559055 -1.181102 -0.295276,
        2.125984 -0.874016 -0.295276,
        2.293307 -0.500000 -0.295276,
        2.125984 -1.125984 -0.295276,
        2.293307 -1.181102 -0.295276,
        1.874016 -1.125984 -0.295276,
        1.874016 -0.874016 -0.295276,
        1.874016 0.874016 -0.295276,
        2.125984 0.874016 -0.295276,
        2.293307 0.500000 -0.295276,
        2.293307 1.181102 -0.295276,
        1.500000 0.500000 -0.295276,
        1.559055 1.181102 -0.295276,
        1.874016 1.125984 -0.295276,
        2.125984 1.125984 -0.295276,
        1.440945 1.181102 -0.295276,
        1.440945 1.374091 -0.295276,
        1.500000 1.271805 -0.295276,
        0.874016 0.874016 -0.295276,
        1.125984 0.874016 -0.295276,
        1.125984 1.125984 -0.295276,
        1.559055 1.374091 -0.295276,
        0.559055 1.181102 -0.295276,
        0.500000 0.500000 -0.295276,
        0.874016 1.125984 -0.295276,
        0.440945 1.181102 -0.295276,
        0.440945 1.374091 -0.295276,
        0.500000 1.271805 -0.295276,
        0.559055 1.374091 -0.295276,
        0.125984 1.125984 -0.295276,
        -0.440945 1.181102 -0.295276,
        -0.125984 1.125984 -0.295276,
        -0.125984 0.874016 -0.295276,
        -0.440945 1.374091 -0.295276,
        0.125984 0.874016 -0.295276,
        -3.125984 0.125984 -0.295276,
        -2.874016 0.125984 -0.295276,
        -2.874016 -0.125984 -0.295276,
        -3.125984 -0.125984 -0.295276,
        -2.125984 0.125984 -0.295276,
        -1.874016 0.125984 -0.295276,
        -1.874016 -0.125984 -0.295276,
        -2.125984 -0.125984 -0.295276,
        -1.125984 0.125984 -0.295276,
        -0.874016 0.125984 -0.295276,
        -0.874016 -0.125984 -0.295276,
        -1.125984 -0.125984 -0.295276,
        -0.125984 0.125984 -0.295276,
        0.125984 0.125984 -0.295276,
        0.125984 -0.125984 -0.295276,
        -0.125984 -0.125984 -0.295276,
        0.874016 0.125984 -0.295276,
        1.125984 0.125984 -0.295276,
        1.125984 -0.125984 -0.295276,
        0.874016 -0.125984 -0.295276,
        1.874016 0.125984 -0.295276,
        2.125984 0.125984 -0.295276,
        2.125984 -0.125984 -0.295276,
        1.874016 -0.125984 -0.295276,
        2.460630 0.500000 -0.295276,
        2.460630 -0.500000 -0.295276,
        -1.125984 1.125984 0.492126,
        -0.874016 1.125984 0.492126,
        -0.618110 1.476378 0.492126,
        -2.125984 1.125984 0.492126,
        -1.874016 1.125984 0.492126,
        -1.618110 1.476378 0.492126,
        -3.125984 1.125984 0.492126,
        -2.874016 1.125984 0.492126,
        -2.618110 1.476378 0.492126,
        2.381890 1.476378 0.492126,
        2.293307 1.476378 0.492126,
        0.874016 1.125984 0.492126,
        1.125984 1.125984 0.492126,
        1.381890 1.476378 0.492126,
        -0.125984 1.125984 0.492126,
        0.125984 1.125984 0.492126,
        0.381890 1.476378 0.492126,
        -0.381890 1.476378 0.492126,
        -0.500000 1.271805 0.492126,
        -0.125984 0.874016 0.492126,
        -0.500000 0.500000 0.492126,
        0.125984 0.874016 0.492126,
        0.500000 0.500000 0.492126,
        0.500000 1.271805 0.492126,
        0.618110 1.476378 0.492126,
        0.874016 0.874016 0.492126,
        1.125984 0.874016 0.492126,
        1.500000 0.500000 0.492126,
        1.500000 1.271805 0.492126,
        1.618110 1.476378 0.492126,
        1.874016 1.125984 0.492126,
        1.874016 0.874016 0.492126,
        2.125984 0.874016 0.492126,
        2.293307 0.500000 0.492126,
        2.125984 1.125984 0.492126,
        2.460630 0.500000 0.492126,
        2.381890 -1.476378 0.492126,
        2.293307 -1.301181 0.492126,
        1.516960 -1.301181 0.492126,
        1.618110 -1.476378 0.492126,
        2.293307 -1.476378 0.492126,
        1.874016 -1.125984 0.492126,
        2.125984 -1.125984 0.492126,
        2.125984 -0.874016 0.492126,
        2.293307 -0.500000 0.492126,
        1.874016 -0.874016 0.492126,
        1.500000 -0.500000 0.492126,
        1.500000 -1.271805 0.492126,
        1.125984 -1.125984 0.492126,
        0.874016 -1.125984 0.492126,
        0.516960 -1.301181 0.492126,
        1.483040 -1.301181 0.492126,
        1.125984 -0.874016 0.492126,
        0.874016 -0.874016 0.492126,
        0.500000 -0.500000 0.492126,
        0.500000 -1.271805 0.492126,
        0.618110 -1.476378 0.492126,
        1.381890 -1.476378 0.492126,
        0.125984 -1.125984 0.492126,
        -0.125984 -1.125984 0.492126,
        -0.483040 -1.301181 0.492126,
        0.483040 -1.301181 0.492126,
        0.125984 -0.874016 0.492126,
        -0.125984 -0.874016 0.492126,
        -0.500000 -0.500000 0.492126,
        -0.500000 -1.271805 0.492126,
        -0.381890 -1.476378 0.492126,
        0.381890 -1.476378 0.492126,
        -0.874016 -1.125984 0.492126,
        -1.125984 -1.125984 0.492126,
        -1.483040 -1.301181 0.492126,
        -0.516960 -1.301181 0.492126,
        -0.874016 -0.874016 0.492126,
        -1.125984 -0.874016 0.492126,
        -1.500000 -0.500000 0.492126,
        -1.500000 -1.271805 0.492126,
        -1.381890 -1.476378 0.492126,
        -0.618110 -1.476378 0.492126,
        -1.874016 -1.125984 0.492126,
        -2.125984 -1.125984 0.492126,
        -2.483040 -1.301181 0.492126,
        -1.516960 -1.301181 0.492126,
        -1.874016 -0.874016 0.492126,
        -2.125984 -0.874016 0.492126,
        -2.500000 -0.500000 0.492126,
        -2.500000 -1.271805 0.492126,
        -2.381890 -1.476378 0.492126,
        -1.618110 -1.476378 0.492126,
        -3.460630 -1.301181 0.492126,
        -3.125984 -1.125984 0.492126,
        -3.460630 -0.500000 0.492126,
        -3.125984 -0.874016 0.492126,
        -2.874016 -0.874016 0.492126,
        -2.874016 -1.125984 0.492126,
        -2.516960 -1.301181 0.492126,
        -3.381890 -1.476378 0.492126,
        -2.618110 -1.476378 0.492126,
        -3.460630 -1.339996 0.492126,
        -3.381890 1.476378 0.492126,
        -3.460630 1.339996 0.492126,
        -3.125984 0.874016 0.492126,
        -3.460630 0.500000 0.492126,
        -2.874016 0.874016 0.492126,
        -2.500000 0.500000 0.492126,
        -2.500000 1.271805 0.492126,
        -2.381890 1.476378 0.492126,
        -2.125984 0.874016 0.492126,
        -1.874016 0.874016 0.492126,
        -1.500000 0.500000 0.492126,
        -1.500000 1.271805 0.492126,
        -1.381890 1.476378 0.492126,
        -1.125984 0.874016 0.492126,
        -0.874016 0.874016 0.492126,
        -3.125984 -0.125984 0.492126,
        -2.874016 -0.125984 0.492126,
        -2.874016 0.125984 0.492126,
        -3.125984 0.125984 0.492126,
        -2.125984 -0.125984 0.492126,
        -1.874016 -0.125984 0.492126,
        -1.874016 0.125984 0.492126,
        -2.125984 0.125984 0.492126,
        -1.125984 -0.125984 0.492126,
        -0.874016 -0.125984 0.492126,
        -0.874016 0.125984 0.492126,
        -1.125984 0.125984 0.492126,
        -0.125984 -0.125984 0.492126,
        0.125984 -0.125984 0.492126,
        0.125984 0.125984 0.492126,
        -0.125984 0.125984 0.492126,
        0.874016 -0.125984 0.492126,
        1.125984 -0.125984 0.492126,
        1.125984 0.125984 0.492126,
        0.874016 0.125984 0.492126,
        1.874016 -0.125984 0.492126,
        2.125984 -0.125984 0.492126,
        2.125984 0.125984 0.492126,
        1.874016 0.125984 0.492126,
        2.460630 -0.500000 0.492126,
        2.460630 -1.301181 0.492126,
        -2.618110 -1.476378 -0.492126,
        -3.381890 -1.476378 -0.492126,
        -2.559055 -1.374091 -0.492126,
        -3.460630 -1.339996 -0.492126,
        -2.559055 -1.181102 -0.492126,
        -3.460630 -1.181102 -0.492126,
        -0.618110 -1.476378 -0.492126,
        -1.381890 -1.476378 -0.492126,
        -0.559055 -1.374091 -0.492126,
        -1.440945 -1.374091 -0.492126,
        -0.559055 -1.181102 -0.492126,
        -1.440945 -1.181102 -0.492126,
        0.381890 -1.476378 -0.492126,
        -0.381890 -1.476378 -0.492126,
        0.440945 -1.374091 -0.492126,
        -0.440945 -1.374091 -0.492126,
        0.440945 -1.181102 -0.492126,
        -0.440945 -1.181102 -0.492126,
        1.381890 -1.476378 -0.492126,
        0.618110 -1.476378 -0.492126,
        1.440945 -1.374091 -0.492126,
        0.559055 -1.374091 -0.492126,
        1.440945 -1.181102 -0.492126,
        0.559055 -1.181102 -0.492126,
        -1.618110 -1.476378 -0.492126,
        -2.381890 -1.476378 -0.492126,
        -1.559055 -1.374091 -0.492126,
        -2.440945 -1.374091 -0.492126,
        -1.559055 -1.181102 -0.492126,
        -2.440945 -1.181102 -0.492126,
        1.559055 -1.181102 -0.492126,
        2.381890 -1.476378 -0.492126,
        1.618110 -1.476378 -0.492126,
        1.559055 -1.374091 -0.492126,
        -3.381890 1.476378 -0.492126,
        -2.618110 1.476378 -0.492126,
        -3.460630 1.339996 -0.492126,
        -2.559055 1.374091 -0.492126,
        -3.460630 1.181102 -0.492126,
        -2.559055 1.181102 -0.492126,
        -1.381890 1.476378 -0.492126,
        -0.618110 1.476378 -0.492126,
        -1.440945 1.374091 -0.492126,
        -0.559055 1.374091 -0.492126,
        -1.440945 1.181102 -0.492126,
        -0.559055 1.181102 -0.492126,
        -0.381890 1.476378 -0.492126,
        0.381890 1.476378 -0.492126,
        -0.440945 1.374091 -0.492126,
        0.440945 1.374091 -0.492126,
        -0.440945 1.181102 -0.492126,
        0.440945 1.181102 -0.492126,
        0.618110 1.476378 -0.492126,
        1.381890 1.476378 -0.492126,
        0.559055 1.374091 -0.492126,
        1.440945 1.374091 -0.492126,
        0.559055 1.181102 -0.492126,
        1.440945 1.181102 -0.492126,
        -2.381890 1.476378 -0.492126,
        -1.618110 1.476378 -0.492126,
        -2.440945 1.374091 -0.492126,
        -1.559055 1.374091 -0.492126,
        -2.440945 1.181102 -0.492126,
        -1.559055 1.181102 -0.492126,
        1.618110 1.476378 -0.492126,
        2.381890 1.476378 -0.492126,
        1.559055 1.374091 -0.492126,
        1.559055 1.181102 -0.492126,
        2.312992 1.476378 0.492126,
        2.312992 -1.476378 0.492126,
      ]
    }
    coordIndex [
      0, 1, 2, -1,
      3, 4, 5, -1,
      4, 6, 7, -1,
      8, 9, 10, -1,
      11, 12, 13, -1,
      14, 15, 16, -1,
      16, 15, 17, -1,
      18, 19, 16, -1,
      16, 19, 20, -1,
      16, 20, 21, -1,
      21, 22, 16, -1,
      16, 22, 23, -1,
      16, 23, 14, -1,
      24, 25, 26, -1,
      26, 25, 27, -1,
      27, 25, 28, -1,
      27, 28, 29, -1,
      24, 26, 30, -1,
      30, 26, 31, -1,
      30, 31, 32, -1,
      33, 34, 31, -1,
      31, 34, 35, -1,
      31, 35, 36, -1,
      31, 37, 32, -1,
      32, 37, 38, -1,
      32, 38, 39, -1,
      39, 38, 40, -1,
      39, 40, 41, -1,
      36, 42, 31, -1,
      31, 42, 43, -1,
      31, 43, 37, -1,
      44, 45, 46, -1,
      44, 46, 47, -1,
      45, 48, 46, -1,
      46, 48, 49, -1,
      46, 49, 50, -1,
      50, 49, 51, -1,
      51, 52, 50, -1,
      50, 52, 53, -1,
      50, 53, 33, -1,
      33, 53, 54, -1,
      33, 54, 34, -1,
      55, 47, 56, -1,
      56, 47, 46, -1,
      56, 46, 57, -1,
      57, 46, 58, -1,
      57, 58, 59, -1,
      59, 58, 60, -1,
      61, 62, 58, -1,
      58, 62, 63, -1,
      64, 65, 66, -1,
      63, 67, 58, -1,
      58, 67, 68, -1,
      58, 68, 60, -1,
      66, 69, 64, -1,
      64, 69, 70, -1,
      64, 70, 63, -1,
      63, 70, 71, -1,
      63, 71, 67, -1,
      72, 73, 65, -1,
      65, 73, 74, -1,
      65, 74, 75, -1,
      75, 76, 65, -1,
      65, 76, 77, -1,
      65, 77, 66, -1,
      78, 79, 80, -1,
      81, 82, 83, -1,
      84, 85, 72, -1,
      86, 87, 88, -1,
      88, 87, 89, -1,
      81, 83, 90, -1,
      84, 72, 91, -1,
      92, 93, 87, -1,
      87, 93, 94, -1,
      87, 94, 95, -1,
      80, 79, 72, -1,
      72, 79, 96, -1,
      72, 96, 91, -1,
      82, 97, 83, -1,
      83, 97, 98, -1,
      83, 98, 99, -1,
      100, 101, 102, -1,
      102, 101, 103, -1,
      102, 103, 104, -1,
      105, 95, 106, -1,
      106, 95, 107, -1,
      106, 107, 102, -1,
      102, 107, 108, -1,
      102, 108, 100, -1,
      105, 109, 95, -1,
      95, 109, 110, -1,
      95, 110, 87, -1,
      87, 110, 111, -1,
      87, 111, 89, -1,
      112, 113, 114, -1,
      114, 113, 115, -1,
      114, 115, 83, -1,
      83, 115, 116, -1,
      83, 116, 90, -1,
      117, 118, 83, -1,
      83, 118, 119, -1,
      83, 119, 87, -1,
      87, 119, 120, -1,
      87, 120, 92, -1,
      121, 122, 73, -1,
      73, 122, 123, -1,
      73, 123, 124, -1,
      124, 125, 73, -1,
      73, 125, 126, -1,
      73, 126, 127, -1,
      127, 126, 112, -1,
      127, 112, 128, -1,
      128, 112, 114, -1,
      85, 129, 72, -1,
      72, 129, 130, -1,
      72, 130, 73, -1,
      73, 130, 131, -1,
      73, 131, 121, -1,
      99, 132, 83, -1,
      83, 132, 133, -1,
      83, 133, 134, -1,
      134, 135, 83, -1,
      83, 135, 136, -1,
      83, 136, 117, -1,
      137, 138, 139, -1,
      139, 95, 137, -1,
      137, 95, 94, -1,
      137, 94, 140, -1,
      140, 94, 141, -1,
      141, 142, 140, -1,
      140, 142, 143, -1,
      140, 143, 144, -1,
      145, 146, 147, -1,
      146, 148, 147, -1,
      147, 148, 149, -1,
      147, 149, 150, -1,
      151, 147, 152, -1,
      138, 137, 151, -1,
      151, 137, 153, -1,
      151, 153, 147, -1,
      147, 153, 154, -1,
      147, 154, 145, -1,
      152, 155, 151, -1,
      151, 155, 156, -1,
      151, 156, 157, -1,
      150, 149, 158, -1,
      158, 149, 159, -1,
      158, 159, 160, -1,
      160, 159, 161, -1,
      160, 161, 162, -1,
      163, 164, 157, -1,
      157, 164, 165, -1,
      157, 165, 151, -1,
      15, 166, 17, -1,
      17, 166, 167, -1,
      17, 167, 80, -1,
      80, 167, 168, -1,
      80, 168, 78, -1,
      169, 170, 171, -1,
      13, 12, 172, -1,
      172, 12, 173, -1,
      172, 173, 174, -1,
      175, 176, 177, -1,
      177, 176, 178, -1,
      177, 178, 179, -1,
      179, 178, 169, -1,
      179, 169, 180, -1,
      181, 182, 183, -1,
      183, 182, 184, -1,
      183, 184, 174, -1,
      171, 170, 185, -1,
      185, 170, 186, -1,
      185, 186, 187, -1,
      188, 189, 190, -1,
      191, 192, 193, -1,
      193, 192, 194, -1,
      193, 194, 195, -1,
      195, 194, 188, -1,
      195, 188, 196, -1,
      196, 188, 190, -1,
      197, 198, 199, -1,
      200, 201, 202, -1,
      203, 204, 197, -1,
      204, 205, 197, -1,
      197, 205, 206, -1,
      197, 206, 198, -1,
      198, 206, 207, -1,
      200, 202, 197, -1,
      197, 202, 208, -1,
      197, 208, 203, -1,
      209, 210, 211, -1,
      211, 210, 212, -1,
      211, 212, 199, -1,
      199, 212, 213, -1,
      199, 213, 197, -1,
      214, 215, 10, -1,
      216, 217, 218, -1,
      207, 219, 198, -1,
      198, 219, 220, -1,
      198, 220, 218, -1,
      218, 220, 221, -1,
      218, 221, 216, -1,
      222, 223, 10, -1,
      10, 223, 224, -1,
      217, 225, 218, -1,
      218, 225, 226, -1,
      218, 226, 227, -1,
      227, 226, 228, -1,
      227, 228, 214, -1,
      229, 230, 215, -1,
      215, 230, 231, -1,
      215, 231, 10, -1,
      10, 231, 232, -1,
      10, 232, 222, -1,
      224, 233, 10, -1,
      10, 233, 234, -1,
      10, 234, 8, -1,
      235, 236, 237, -1,
      237, 236, 238, -1,
      237, 238, 239, -1,
      237, 240, 235, -1,
      235, 240, 241, -1,
      235, 241, 242, -1,
      242, 243, 235, -1,
      235, 243, 244, -1,
      235, 244, 245, -1,
      245, 244, 246, -1,
      245, 246, 247, -1,
      247, 246, 248, -1,
      247, 248, 215, -1,
      215, 248, 249, -1,
      215, 249, 229, -1,
      250, 251, 239, -1,
      239, 251, 252, -1,
      239, 252, 237, -1,
      253, 254, 201, -1,
      201, 254, 255, -1,
      201, 255, 202, -1,
      253, 256, 254, -1,
      254, 256, 257, -1,
      254, 257, 258, -1,
      258, 257, 259, -1,
      258, 260, 261, -1,
      259, 262, 258, -1,
      258, 262, 263, -1,
      258, 263, 264, -1,
      264, 265, 258, -1,
      258, 265, 266, -1,
      258, 266, 260, -1,
      261, 267, 258, -1,
      258, 267, 268, -1,
      258, 268, 269, -1,
      270, 271, 272, -1,
      273, 274, 272, -1,
      272, 274, 275, -1,
      272, 275, 270, -1,
      271, 270, 276, -1,
      276, 270, 277, -1,
      276, 277, 278, -1,
      274, 279, 275, -1,
      275, 279, 280, -1,
      275, 280, 281, -1,
      281, 280, 282, -1,
      281, 282, 283, -1,
      283, 282, 284, -1,
      283, 284, 278, -1,
      278, 284, 285, -1,
      278, 285, 276, -1,
      286, 287, 288, -1,
      288, 287, 289, -1,
      290, 291, 292, -1,
      292, 291, 293, -1,
      292, 293, 294, -1,
      294, 293, 295, -1,
      294, 295, 296, -1,
      296, 295, 297, -1,
      296, 297, 298, -1,
      298, 297, 299, -1,
      298, 299, 300, -1,
      300, 299, 301, -1,
      302, 303, 304, -1,
      288, 297, 286, -1,
      286, 297, 295, -1,
      286, 295, 305, -1,
      305, 295, 306, -1,
      305, 306, 304, -1,
      304, 306, 307, -1,
      304, 307, 302, -1,
      289, 287, 308, -1,
      308, 287, 309, -1,
      308, 309, 302, -1,
      310, 311, 312, -1,
      312, 311, 313, -1,
      312, 313, 6, -1,
      3, 314, 315, -1,
      315, 314, 316, -1,
      315, 316, 317, -1,
      317, 316, 318, -1,
      317, 318, 319, -1,
      319, 318, 320, -1,
      319, 320, 321, -1,
      321, 320, 322, -1,
      321, 322, 323, -1,
      323, 322, 324, -1,
      323, 324, 325, -1,
      326, 327, 328, -1,
      326, 328, 329, -1,
      302, 309, 303, -1,
      303, 309, 330, -1,
      303, 330, 331, -1,
      331, 330, 332, -1,
      331, 332, 328, -1,
      328, 332, 333, -1,
      328, 333, 329, -1,
      327, 334, 328, -1,
      328, 334, 335, -1,
      328, 335, 336, -1,
      336, 337, 328, -1,
      328, 337, 338, -1,
      328, 338, 339, -1,
      339, 340, 328, -1,
      328, 340, 341, -1,
      328, 341, 342, -1,
      342, 341, 343, -1,
      343, 341, 344, -1,
      344, 341, 345, -1,
      344, 345, 346, -1,
      346, 347, 344, -1,
      344, 347, 348, -1,
      344, 348, 349, -1,
      349, 348, 350, -1,
      351, 352, 353, -1,
      353, 352, 354, -1,
      353, 354, 309, -1,
      309, 354, 355, -1,
      309, 355, 330, -1,
      356, 357, 358, -1,
      358, 357, 359, -1,
      360, 361, 362, -1,
      362, 363, 360, -1,
      360, 363, 364, -1,
      360, 364, 365, -1,
      366, 367, 360, -1,
      360, 367, 368, -1,
      360, 368, 361, -1,
      369, 370, 371, -1,
      371, 370, 372, -1,
      371, 372, 366, -1,
      366, 372, 373, -1,
      366, 373, 367, -1,
      374, 375, 376, -1,
      376, 375, 377, -1,
      377, 378, 376, -1,
      376, 378, 379, -1,
      376, 379, 369, -1,
      374, 376, 380, -1,
      380, 376, 381, -1,
      380, 381, 382, -1,
      382, 381, 383, -1,
      383, 381, 198, -1,
      383, 198, 384, -1,
      331, 385, 303, -1,
      303, 385, 386, -1,
      303, 386, 387, -1,
      387, 386, 388, -1,
      387, 388, 389, -1,
      390, 391, 392, -1,
      392, 391, 393, -1,
      394, 395, 396, -1,
      396, 397, 398, -1,
      399, 400, 401, -1,
      402, 403, 198, -1,
      390, 404, 391, -1,
      391, 404, 405, -1,
      391, 405, 406, -1,
      406, 405, 407, -1,
      408, 409, 407, -1,
      407, 409, 410, -1,
      407, 410, 406, -1,
      395, 411, 396, -1,
      396, 411, 412, -1,
      396, 412, 397, -1,
      403, 413, 198, -1,
      198, 413, 414, -1,
      198, 414, 415, -1,
      401, 416, 399, -1,
      399, 416, 417, -1,
      399, 417, 418, -1,
      419, 420, 381, -1,
      381, 420, 421, -1,
      381, 421, 198, -1,
      198, 421, 422, -1,
      198, 422, 402, -1,
      398, 423, 396, -1,
      396, 423, 424, -1,
      396, 424, 381, -1,
      381, 424, 393, -1,
      381, 393, 419, -1,
      419, 393, 391, -1,
      425, 426, 407, -1,
      407, 426, 427, -1,
      407, 427, 428, -1,
      415, 429, 198, -1,
      198, 429, 430, -1,
      198, 430, 199, -1,
      199, 430, 431, -1,
      199, 431, 399, -1,
      428, 432, 407, -1,
      407, 432, 433, -1,
      407, 433, 408, -1,
      394, 396, 434, -1,
      434, 396, 435, -1,
      434, 435, 436, -1,
      325, 324, 435, -1,
      435, 324, 437, -1,
      435, 437, 436, -1,
      438, 439, 10, -1,
      10, 439, 440, -1,
      214, 10, 227, -1,
      227, 10, 440, -1,
      227, 440, 192, -1,
      192, 440, 441, -1,
      192, 441, 194, -1,
      442, 439, 443, -1,
      443, 439, 438, -1,
      443, 438, 444, -1,
      320, 445, 446, -1,
      447, 448, 438, -1,
      438, 448, 449, -1,
      438, 449, 444, -1,
      450, 322, 9, -1,
      9, 322, 320, -1,
      9, 320, 10, -1,
      10, 320, 446, -1,
      10, 446, 438, -1,
      438, 446, 451, -1,
      438, 451, 452, -1,
      453, 454, 318, -1,
      318, 454, 455, -1,
      318, 455, 320, -1,
      320, 455, 456, -1,
      320, 456, 445, -1,
      452, 457, 438, -1,
      438, 457, 458, -1,
      438, 458, 447, -1,
      459, 460, 316, -1,
      459, 316, 461, -1,
      460, 462, 316, -1,
      316, 462, 463, -1,
      316, 463, 318, -1,
      318, 463, 464, -1,
      318, 464, 453, -1,
      450, 209, 322, -1,
      322, 209, 211, -1,
      322, 211, 324, -1,
      324, 211, 199, -1,
      324, 199, 437, -1,
      437, 199, 399, -1,
      437, 399, 465, -1,
      465, 399, 418, -1,
      314, 171, 316, -1,
      316, 171, 185, -1,
      316, 185, 461, -1,
      461, 185, 187, -1,
      461, 187, 191, -1,
      191, 187, 11, -1,
      191, 11, 192, -1,
      192, 11, 13, -1,
      4, 7, 5, -1,
      5, 7, 466, -1,
      5, 466, 467, -1,
      468, 80, 469, -1,
      469, 80, 72, -1,
      469, 72, 470, -1,
      470, 72, 65, -1,
      470, 65, 471, -1,
      471, 65, 64, -1,
      471, 64, 472, -1,
      468, 473, 474, -1,
      473, 475, 474, -1,
      474, 475, 476, -1,
      474, 476, 470, -1,
      470, 476, 477, -1,
      470, 477, 469, -1,
      478, 479, 480, -1,
      480, 479, 476, -1,
      480, 476, 481, -1,
      481, 476, 475, -1,
      481, 475, 482, -1,
      482, 475, 483, -1,
      184, 180, 174, -1,
      174, 180, 169, -1,
      174, 169, 172, -1,
      172, 169, 171, -1,
      172, 171, 484, -1,
      485, 486, 467, -1,
      467, 486, 487, -1,
      488, 489, 490, -1,
      490, 489, 491, -1,
      490, 491, 467, -1,
      467, 491, 492, -1,
      467, 492, 485, -1,
      487, 493, 467, -1,
      467, 493, 494, -1,
      467, 494, 495, -1,
      3, 5, 314, -1,
      314, 5, 467, -1,
      314, 467, 171, -1,
      171, 467, 495, -1,
      171, 495, 484, -1,
      484, 496, 172, -1,
      172, 496, 497, -1,
      172, 497, 490, -1,
      490, 497, 498, -1,
      490, 498, 499, -1,
      499, 500, 490, -1,
      490, 500, 501, -1,
      490, 501, 488, -1,
      502, 503, 467, -1,
      504, 505, 506, -1,
      467, 503, 490, -1,
      490, 503, 507, -1,
      490, 507, 508, -1,
      369, 371, 376, -1,
      376, 371, 474, -1,
      376, 474, 381, -1,
      381, 474, 470, -1,
      381, 470, 396, -1,
      396, 470, 471, -1,
      396, 471, 435, -1,
      435, 471, 472, -1,
      435, 472, 325, -1,
      490, 270, 172, -1,
      172, 270, 275, -1,
      172, 275, 13, -1,
      13, 275, 281, -1,
      13, 281, 192, -1,
      192, 281, 305, -1,
      192, 305, 227, -1,
      227, 305, 304, -1,
      227, 304, 218, -1,
      218, 304, 303, -1,
      218, 303, 198, -1,
      198, 303, 387, -1,
      198, 387, 384, -1,
      384, 387, 389, -1,
      468, 474, 80, -1,
      80, 474, 371, -1,
      80, 371, 17, -1,
      17, 371, 509, -1,
      17, 509, 16, -1,
      509, 510, 16, -1,
      16, 510, 0, -1,
      16, 0, 366, -1,
      366, 0, 2, -1,
      366, 2, 371, -1,
      371, 2, 511, -1,
      371, 511, 509, -1,
      512, 513, 283, -1,
      283, 513, 514, -1,
      283, 514, 281, -1,
      281, 514, 515, -1,
      281, 515, 516, -1,
      516, 517, 281, -1,
      281, 517, 518, -1,
      281, 518, 519, -1,
      286, 520, 283, -1,
      283, 520, 521, -1,
      283, 521, 522, -1,
      519, 523, 281, -1,
      281, 523, 524, -1,
      281, 524, 305, -1,
      305, 524, 525, -1,
      305, 525, 286, -1,
      286, 525, 526, -1,
      286, 526, 520, -1,
      522, 527, 283, -1,
      283, 527, 528, -1,
      283, 528, 512, -1,
      506, 502, 504, -1,
      504, 502, 467, -1,
      504, 467, 529, -1,
      529, 467, 466, -1,
      529, 466, 508, -1,
      508, 466, 530, -1,
      508, 530, 490, -1,
      490, 530, 531, -1,
      490, 531, 270, -1,
      270, 531, 532, -1,
      270, 532, 277, -1,
      6, 313, 7, -1,
      7, 313, 533, -1,
      7, 533, 466, -1,
      466, 533, 534, -1,
      466, 534, 530, -1,
      530, 534, 535, -1,
      530, 535, 531, -1,
      531, 535, 536, -1,
      531, 536, 532, -1,
      365, 358, 360, -1,
      360, 358, 359, -1,
      360, 359, 366, -1,
      366, 359, 537, -1,
      366, 537, 16, -1,
      16, 537, 27, -1,
      16, 27, 18, -1,
      18, 27, 29, -1,
      536, 538, 532, -1,
      532, 538, 539, -1,
      532, 539, 277, -1,
      277, 539, 540, -1,
      277, 540, 278, -1,
      278, 540, 541, -1,
      278, 541, 283, -1,
      283, 541, 542, -1,
      283, 542, 286, -1,
      286, 542, 543, -1,
      286, 543, 287, -1,
      287, 543, 544, -1,
      287, 544, 309, -1,
      309, 544, 545, -1,
      309, 545, 353, -1,
      353, 545, 357, -1,
      353, 357, 351, -1,
      351, 357, 356, -1,
      546, 547, 548, -1,
      548, 547, 549, -1,
      550, 551, 549, -1,
      549, 551, 552, -1,
      549, 552, 548, -1,
      548, 552, 553, -1,
      549, 554, 550, -1,
      550, 554, 553, -1,
      550, 553, 555, -1,
      555, 553, 552, -1,
      556, 557, 558, -1,
      559, 560, 554, -1,
      554, 560, 561, -1,
      562, 553, 558, -1,
      558, 553, 554, -1,
      558, 554, 556, -1,
      556, 554, 561, -1,
      556, 561, 563, -1,
      554, 564, 559, -1,
      559, 564, 563, -1,
      559, 563, 565, -1,
      565, 563, 561, -1,
      566, 567, 568, -1,
      564, 569, 570, -1,
      571, 563, 568, -1,
      568, 563, 564, -1,
      568, 564, 566, -1,
      566, 564, 570, -1,
      566, 570, 572, -1,
      569, 564, 573, -1,
      573, 564, 574, -1,
      573, 574, 572, -1,
      572, 574, 575, -1,
      572, 575, 566, -1,
      576, 577, 578, -1,
      578, 579, 580, -1,
      580, 579, 581, -1,
      581, 579, 582, -1,
      581, 582, 583, -1,
      583, 582, 584, -1,
      583, 584, 585, -1,
      586, 587, 577, -1,
      577, 576, 586, -1,
      586, 576, 588, -1,
      586, 588, 589, -1,
      580, 585, 578, -1,
      578, 585, 584, -1,
      578, 584, 576, -1,
      576, 584, 590, -1,
      576, 590, 588, -1,
      591, 592, 593, -1,
      593, 592, 590, -1,
      593, 590, 594, -1,
      594, 590, 584, -1,
      594, 584, 595, -1,
      595, 584, 596, -1,
      597, 598, 592, -1,
      599, 600, 598, -1,
      598, 597, 599, -1,
      599, 597, 601, -1,
      599, 601, 602, -1,
      591, 595, 592, -1,
      592, 595, 596, -1,
      592, 596, 597, -1,
      597, 596, 603, -1,
      597, 603, 601, -1,
      604, 605, 606, -1,
      606, 605, 603, -1,
      606, 603, 607, -1,
      607, 603, 596, -1,
      607, 596, 608, -1,
      608, 596, 609, -1,
      610, 611, 605, -1,
      612, 613, 611, -1,
      611, 610, 612, -1,
      612, 610, 614, -1,
      612, 614, 615, -1,
      616, 617, 618, -1,
      604, 608, 605, -1,
      605, 608, 609, -1,
      605, 609, 610, -1,
      610, 609, 619, -1,
      610, 619, 614, -1,
      618, 619, 620, -1,
      620, 619, 621, -1,
      621, 619, 609, -1,
      621, 609, 622, -1,
      622, 609, 623, -1,
      622, 623, 624, -1,
      625, 626, 617, -1,
      617, 616, 625, -1,
      625, 616, 627, -1,
      625, 627, 628, -1,
      620, 624, 618, -1,
      618, 624, 623, -1,
      618, 623, 616, -1,
      616, 623, 629, -1,
      616, 629, 627, -1,
      630, 631, 632, -1,
      632, 631, 629, -1,
      632, 629, 633, -1,
      633, 629, 623, -1,
      633, 623, 634, -1,
      634, 623, 635, -1,
      636, 637, 631, -1,
      638, 639, 637, -1,
      637, 636, 638, -1,
      638, 636, 640, -1,
      638, 640, 641, -1,
      630, 634, 631, -1,
      631, 634, 635, -1,
      631, 635, 636, -1,
      636, 635, 642, -1,
      636, 642, 640, -1,
      643, 644, 645, -1,
      645, 644, 646, -1,
      645, 646, 647, -1,
      647, 646, 642, -1,
      647, 642, 648, -1,
      648, 642, 635, -1,
      648, 635, 643, -1,
      643, 635, 644, -1,
      649, 650, 651, -1,
      651, 650, 652, -1,
      651, 653, 649, -1,
      649, 653, 654, -1,
      649, 654, 655, -1,
      655, 654, 652, -1,
      655, 652, 656, -1,
      656, 652, 650, -1,
      657, 658, 659, -1,
      660, 661, 653, -1,
      653, 661, 662, -1,
      663, 654, 659, -1,
      659, 654, 653, -1,
      659, 653, 657, -1,
      657, 653, 662, -1,
      657, 662, 664, -1,
      653, 665, 660, -1,
      660, 665, 664, -1,
      660, 664, 666, -1,
      666, 664, 662, -1,
      667, 668, 669, -1,
      670, 664, 669, -1,
      669, 664, 665, -1,
      669, 665, 667, -1,
      667, 665, 671, -1,
      667, 671, 672, -1,
      672, 671, 673, -1,
      672, 673, 674, -1,
      547, 675, 672, -1,
      547, 672, 549, -1,
      549, 672, 674, -1,
      549, 674, 665, -1,
      665, 674, 676, -1,
      665, 676, 671, -1,
      677, 574, 678, -1,
      678, 574, 564, -1,
      678, 564, 679, -1,
      679, 564, 584, -1,
      679, 584, 680, -1,
      680, 584, 582, -1,
      680, 582, 677, -1,
      677, 582, 574, -1,
      681, 564, 682, -1,
      682, 564, 554, -1,
      682, 554, 683, -1,
      683, 554, 596, -1,
      683, 596, 684, -1,
      684, 596, 584, -1,
      684, 584, 681, -1,
      681, 584, 564, -1,
      685, 554, 686, -1,
      686, 554, 549, -1,
      686, 549, 687, -1,
      687, 549, 609, -1,
      687, 609, 688, -1,
      688, 609, 596, -1,
      688, 596, 685, -1,
      685, 596, 554, -1,
      689, 549, 690, -1,
      690, 549, 665, -1,
      690, 665, 691, -1,
      691, 665, 623, -1,
      691, 623, 692, -1,
      692, 623, 609, -1,
      692, 609, 689, -1,
      689, 609, 549, -1,
      693, 665, 694, -1,
      694, 665, 653, -1,
      694, 653, 695, -1,
      695, 653, 635, -1,
      695, 635, 696, -1,
      696, 635, 623, -1,
      696, 623, 693, -1,
      693, 623, 665, -1,
      697, 653, 698, -1,
      698, 653, 651, -1,
      698, 651, 699, -1,
      699, 651, 644, -1,
      699, 644, 700, -1,
      700, 644, 635, -1,
      700, 635, 697, -1,
      697, 635, 653, -1,
      652, 312, 651, -1,
      651, 312, 701, -1,
      651, 701, 644, -1,
      644, 701, 702, -1,
      644, 702, 646, -1,
      646, 702, 63, -1,
      703, 704, 705, -1,
      706, 707, 708, -1,
      709, 710, 711, -1,
      538, 712, 713, -1,
      714, 715, 716, -1,
      717, 718, 719, -1,
      719, 720, 717, -1,
      717, 720, 721, -1,
      717, 721, 722, -1,
      722, 721, 723, -1,
      722, 723, 724, -1,
      724, 723, 725, -1,
      724, 725, 718, -1,
      718, 725, 726, -1,
      718, 726, 719, -1,
      716, 727, 714, -1,
      714, 727, 726, -1,
      714, 726, 728, -1,
      728, 726, 725, -1,
      728, 725, 729, -1,
      729, 725, 730, -1,
      729, 730, 715, -1,
      715, 730, 731, -1,
      715, 731, 716, -1,
      713, 732, 733, -1,
      733, 732, 731, -1,
      733, 731, 734, -1,
      734, 731, 730, -1,
      734, 730, 735, -1,
      735, 730, 736, -1,
      735, 736, 737, -1,
      538, 713, 738, -1,
      739, 26, 740, -1,
      741, 742, 740, -1,
      740, 742, 743, -1,
      740, 743, 739, -1,
      744, 741, 745, -1,
      745, 741, 740, -1,
      745, 740, 746, -1,
      746, 740, 747, -1,
      746, 747, 748, -1,
      748, 747, 749, -1,
      748, 749, 744, -1,
      744, 749, 750, -1,
      744, 750, 741, -1,
      751, 752, 753, -1,
      751, 754, 750, -1,
      751, 750, 755, -1,
      755, 750, 749, -1,
      755, 749, 756, -1,
      756, 749, 757, -1,
      756, 757, 752, -1,
      752, 757, 758, -1,
      752, 758, 753, -1,
      751, 753, 754, -1,
      754, 753, 759, -1,
      754, 759, 760, -1,
      761, 762, 763, -1,
      761, 764, 758, -1,
      761, 758, 765, -1,
      765, 758, 757, -1,
      765, 757, 766, -1,
      766, 757, 767, -1,
      766, 767, 762, -1,
      762, 767, 768, -1,
      762, 768, 763, -1,
      761, 763, 764, -1,
      764, 763, 769, -1,
      764, 769, 770, -1,
      771, 772, 773, -1,
      771, 774, 768, -1,
      771, 768, 775, -1,
      775, 768, 767, -1,
      775, 767, 776, -1,
      776, 767, 777, -1,
      776, 777, 772, -1,
      772, 777, 778, -1,
      772, 778, 773, -1,
      771, 773, 774, -1,
      774, 773, 779, -1,
      774, 779, 780, -1,
      781, 782, 783, -1,
      781, 784, 778, -1,
      781, 778, 785, -1,
      785, 778, 777, -1,
      785, 777, 786, -1,
      786, 777, 787, -1,
      786, 787, 782, -1,
      782, 787, 788, -1,
      782, 788, 783, -1,
      781, 783, 784, -1,
      784, 783, 789, -1,
      784, 789, 790, -1,
      791, 792, 793, -1,
      793, 792, 794, -1,
      793, 794, 787, -1,
      787, 794, 795, -1,
      787, 795, 788, -1,
      788, 795, 796, -1,
      788, 796, 797, -1,
      798, 799, 800, -1,
      800, 799, 797, -1,
      800, 797, 791, -1,
      791, 797, 796, -1,
      791, 796, 792, -1,
      711, 801, 709, -1,
      709, 801, 802, -1,
      709, 802, 803, -1,
      803, 802, 804, -1,
      803, 804, 805, -1,
      805, 804, 806, -1,
      805, 806, 710, -1,
      710, 806, 807, -1,
      710, 807, 711, -1,
      708, 808, 706, -1,
      706, 808, 807, -1,
      706, 807, 809, -1,
      809, 807, 806, -1,
      809, 806, 810, -1,
      810, 806, 811, -1,
      810, 811, 707, -1,
      707, 811, 812, -1,
      707, 812, 708, -1,
      705, 813, 703, -1,
      703, 813, 812, -1,
      703, 812, 814, -1,
      814, 812, 811, -1,
      814, 811, 815, -1,
      815, 811, 723, -1,
      815, 723, 704, -1,
      704, 723, 721, -1,
      704, 721, 705, -1,
      816, 793, 817, -1,
      817, 793, 787, -1,
      817, 787, 818, -1,
      818, 787, 806, -1,
      818, 806, 819, -1,
      819, 806, 804, -1,
      819, 804, 816, -1,
      816, 804, 793, -1,
      820, 787, 821, -1,
      821, 787, 777, -1,
      821, 777, 822, -1,
      822, 777, 811, -1,
      822, 811, 823, -1,
      823, 811, 806, -1,
      823, 806, 820, -1,
      820, 806, 787, -1,
      824, 777, 825, -1,
      825, 777, 767, -1,
      825, 767, 826, -1,
      826, 767, 723, -1,
      826, 723, 827, -1,
      827, 723, 811, -1,
      827, 811, 824, -1,
      824, 811, 777, -1,
      828, 767, 829, -1,
      829, 767, 757, -1,
      829, 757, 830, -1,
      830, 757, 725, -1,
      830, 725, 831, -1,
      831, 725, 723, -1,
      831, 723, 828, -1,
      828, 723, 767, -1,
      832, 757, 833, -1,
      833, 757, 749, -1,
      833, 749, 834, -1,
      834, 749, 730, -1,
      834, 730, 835, -1,
      835, 730, 725, -1,
      835, 725, 832, -1,
      832, 725, 757, -1,
      836, 749, 837, -1,
      837, 749, 747, -1,
      837, 747, 838, -1,
      838, 747, 736, -1,
      838, 736, 839, -1,
      839, 736, 730, -1,
      839, 730, 836, -1,
      836, 730, 749, -1,
      733, 737, 713, -1,
      713, 737, 736, -1,
      713, 736, 738, -1,
      738, 736, 747, -1,
      738, 747, 840, -1,
      840, 747, 740, -1,
      840, 740, 841, -1,
      841, 740, 26, -1,
      842, 843, 844, -1,
      844, 843, 845, -1,
      844, 845, 846, -1,
      846, 845, 847, -1,
      848, 849, 850, -1,
      850, 849, 851, -1,
      850, 851, 852, -1,
      852, 851, 853, -1,
      854, 855, 856, -1,
      856, 855, 857, -1,
      856, 857, 858, -1,
      858, 857, 859, -1,
      860, 861, 862, -1,
      862, 861, 863, -1,
      862, 863, 864, -1,
      864, 863, 865, -1,
      866, 867, 868, -1,
      868, 867, 869, -1,
      868, 869, 870, -1,
      870, 869, 871, -1,
      872, 62, 61, -1,
      873, 874, 61, -1,
      61, 874, 875, -1,
      61, 875, 872, -1,
      600, 868, 598, -1,
      598, 868, 870, -1,
      598, 870, 592, -1,
      603, 853, 601, -1,
      601, 853, 851, -1,
      601, 851, 602, -1,
      639, 862, 637, -1,
      637, 862, 864, -1,
      637, 864, 631, -1,
      642, 872, 640, -1,
      640, 872, 875, -1,
      640, 875, 641, -1,
      626, 856, 617, -1,
      617, 856, 858, -1,
      617, 858, 618, -1,
      629, 865, 627, -1,
      627, 865, 863, -1,
      627, 863, 628, -1,
      587, 844, 577, -1,
      577, 844, 846, -1,
      577, 846, 578, -1,
      590, 871, 588, -1,
      588, 871, 869, -1,
      588, 869, 589, -1,
      613, 850, 611, -1,
      611, 850, 852, -1,
      611, 852, 605, -1,
      619, 859, 614, -1,
      614, 859, 857, -1,
      614, 857, 615, -1,
      876, 877, 878, -1,
      878, 877, 879, -1,
      878, 879, 880, -1,
      880, 879, 881, -1,
      882, 883, 884, -1,
      884, 883, 885, -1,
      884, 885, 886, -1,
      886, 885, 887, -1,
      888, 889, 890, -1,
      890, 889, 891, -1,
      890, 891, 892, -1,
      892, 891, 893, -1,
      894, 895, 896, -1,
      896, 895, 897, -1,
      896, 897, 898, -1,
      898, 897, 899, -1,
      900, 901, 902, -1,
      902, 901, 903, -1,
      902, 903, 904, -1,
      904, 903, 905, -1,
      720, 719, 888, -1,
      888, 719, 889, -1,
      888, 890, 675, -1,
      547, 721, 675, -1,
      675, 721, 720, -1,
      675, 720, 888, -1,
      615, 857, 855, -1,
      768, 612, 763, -1,
      763, 612, 615, -1,
      763, 615, 769, -1,
      769, 615, 855, -1,
      770, 769, 854, -1,
      854, 769, 855, -1,
      770, 854, 626, -1,
      626, 854, 856, -1,
      770, 626, 764, -1,
      764, 626, 625, -1,
      764, 625, 758, -1,
      891, 889, 668, -1,
      668, 889, 719, -1,
      668, 719, 669, -1,
      669, 719, 726, -1,
      906, 907, 908, -1,
      908, 907, 311, -1,
      908, 311, 909, -1,
      909, 311, 310, -1,
      813, 705, 882, -1,
      882, 705, 883, -1,
      882, 884, 562, -1,
      558, 812, 562, -1,
      562, 812, 813, -1,
      562, 813, 882, -1,
      602, 851, 849, -1,
      778, 599, 773, -1,
      773, 599, 602, -1,
      773, 602, 779, -1,
      779, 602, 849, -1,
      780, 779, 848, -1,
      848, 779, 849, -1,
      780, 848, 613, -1,
      613, 848, 850, -1,
      780, 613, 774, -1,
      774, 613, 612, -1,
      774, 612, 768, -1,
      885, 883, 546, -1,
      546, 883, 705, -1,
      546, 705, 547, -1,
      547, 705, 721, -1,
      808, 708, 900, -1,
      900, 708, 901, -1,
      900, 902, 571, -1,
      568, 807, 571, -1,
      571, 807, 808, -1,
      571, 808, 900, -1,
      589, 869, 867, -1,
      788, 586, 783, -1,
      783, 586, 589, -1,
      783, 589, 789, -1,
      789, 589, 867, -1,
      790, 789, 866, -1,
      866, 789, 867, -1,
      790, 866, 600, -1,
      600, 866, 868, -1,
      790, 600, 784, -1,
      784, 600, 599, -1,
      784, 599, 778, -1,
      903, 901, 557, -1,
      557, 901, 708, -1,
      557, 708, 558, -1,
      558, 708, 812, -1,
      801, 711, 876, -1,
      876, 711, 877, -1,
      802, 801, 878, -1,
      878, 801, 876, -1,
      579, 847, 845, -1,
      878, 880, 575, -1,
      845, 800, 579, -1,
      579, 800, 791, -1,
      579, 791, 582, -1,
      582, 791, 793, -1,
      582, 793, 574, -1,
      574, 793, 804, -1,
      574, 804, 575, -1,
      575, 804, 802, -1,
      575, 802, 878, -1,
      798, 800, 843, -1,
      843, 800, 845, -1,
      799, 798, 842, -1,
      842, 798, 843, -1,
      799, 842, 587, -1,
      587, 842, 844, -1,
      799, 587, 797, -1,
      797, 587, 586, -1,
      797, 586, 788, -1,
      879, 877, 567, -1,
      567, 877, 711, -1,
      567, 711, 568, -1,
      568, 711, 807, -1,
      727, 716, 894, -1,
      894, 716, 895, -1,
      894, 896, 670, -1,
      669, 726, 670, -1,
      670, 726, 727, -1,
      670, 727, 894, -1,
      628, 863, 861, -1,
      758, 625, 753, -1,
      753, 625, 628, -1,
      753, 628, 759, -1,
      759, 628, 861, -1,
      760, 759, 860, -1,
      860, 759, 861, -1,
      760, 860, 639, -1,
      639, 860, 862, -1,
      760, 639, 754, -1,
      754, 639, 638, -1,
      754, 638, 750, -1,
      897, 895, 658, -1,
      658, 895, 716, -1,
      658, 716, 659, -1,
      659, 716, 731, -1,
      712, 907, 910, -1,
      910, 907, 906, -1,
      910, 906, 732, -1,
      906, 908, 663, -1,
      659, 731, 663, -1,
      663, 731, 732, -1,
      663, 732, 906, -1,
      641, 875, 874, -1,
      750, 638, 741, -1,
      741, 638, 641, -1,
      741, 641, 742, -1,
      742, 641, 874, -1,
      742, 874, 911, -1,
      911, 874, 873, -1,
      911, 873, 739, -1,
      26, 739, 61, -1,
      61, 739, 873, -1,
      712, 538, 907, -1,
      907, 538, 311, -1,
      905, 903, 556, -1,
      556, 903, 557, -1,
      553, 562, 886, -1,
      886, 562, 884, -1,
      899, 897, 657, -1,
      657, 897, 658, -1,
      654, 663, 909, -1,
      909, 663, 908, -1,
      893, 891, 667, -1,
      667, 891, 668, -1,
      664, 670, 898, -1,
      898, 670, 896, -1,
      881, 879, 566, -1,
      566, 879, 567, -1,
      563, 571, 904, -1,
      904, 571, 902, -1,
      887, 885, 548, -1,
      548, 885, 546, -1,
      672, 675, 892, -1,
      892, 675, 890, -1,
    ]
  }
}

Shape {
  appearance Appearance {
    material Material {
      diffuseColor 1.0000 1.0000 0.5020
      specularColor 0.5020 0.5020 0.2510
      ambientIntensity 0.2
      transparency 0.0000
      shininess 0.5
    }
  }
  geometry IndexedFaceSet {
    ccw TRUE
    solid FALSE
    coord DEF co Coordinate {
      point [
        1.874016 1.125984 0.492126,
        1.874016 0.874016 0.492126,
        2.125984 0.874016 0.492126,
        2.125984 1.125984 0.492126,
        1.874016 -1.125984 0.492126,
        2.125984 -1.125984 0.492126,
        2.125984 -0.874016 0.492126,
        1.874016 -0.874016 0.492126,
        1.874016 -0.125984 0.492126,
        2.125984 -0.125984 0.492126,
        2.125984 0.125984 0.492126,
        1.874016 0.125984 0.492126,
        1.874016 -0.874016 2.657480,
        1.874016 -1.125984 2.657480,
        2.125984 -1.125984 2.657480,
        2.125984 -0.874016 2.657480,
        1.945663 -0.945663 2.854331,
        1.945663 -1.054337 2.854331,
        2.054337 -0.945663 2.854331,
        2.054337 -1.054337 2.854331,
        2.125984 0.125984 2.657480,
        1.874016 0.125984 2.657480,
        1.874016 -0.125984 2.657480,
        2.125984 -0.125984 2.657480,
        2.054337 0.054337 2.854331,
        1.945663 0.054337 2.854331,
        2.054337 -0.054337 2.854331,
        1.945663 -0.054337 2.854331,
        2.125984 1.125984 2.657480,
        1.874016 1.125984 2.657480,
        1.874016 0.874016 2.657480,
        2.125984 0.874016 2.657480,
        2.054337 1.054337 2.854331,
        1.945663 1.054337 2.854331,
        2.054337 0.945663 2.854331,
        1.945663 0.945663 2.854331,
      ]
    }
    coordIndex [
      12, 7, 13, -1,
      13, 7, 4, -1,
      13, 4, 14, -1,
      14, 4, 5, -1,
      14, 5, 15, -1,
      15, 5, 6, -1,
      15, 6, 12, -1,
      12, 6, 7, -1,
      16, 17, 18, -1,
      18, 17, 19, -1,
      20, 10, 21, -1,
      21, 10, 11, -1,
      21, 11, 22, -1,
      22, 11, 8, -1,
      22, 8, 23, -1,
      23, 8, 9, -1,
      23, 9, 20, -1,
      20, 9, 10, -1,
      24, 25, 26, -1,
      26, 25, 27, -1,
      28, 3, 29, -1,
      29, 3, 0, -1,
      29, 0, 30, -1,
      30, 0, 1, -1,
      30, 1, 31, -1,
      31, 1, 2, -1,
      31, 2, 28, -1,
      28, 2, 3, -1,
      32, 33, 34, -1,
      34, 33, 35, -1,
    ]
  }
}

Shape {
  appearance Appearance {
    material Material {
      diffuseColor 0.2510 0.2510 0.2510
      specularColor 0.1255 0.1255 0.1255
      ambientIntensity 0.2
      transparency 0.0000
      shininess 0.5
    }
  }
  geometry IndexedFaceSet {
    ccw TRUE
    solid FALSE
    coord DEF co Coordinate {
      point [
        2.460630 -1.181102 -0.492126,
        2.460630 -1.181102 -0.295276,
        2.460630 1.181102 -0.492126,
        2.460630 1.181102 -0.295276,
        -0.559055 1.181102 -0.295276,
        -1.440945 1.181102 -0.295276,
        -1.559055 1.181102 -0.295276,
        -2.440945 1.181102 -0.295276,
        -2.559055 1.181102 -0.295276,
        -3.460630 1.181102 -0.295276,
        -2.559055 -1.181102 -0.295276,
        -3.460630 -1.181102 -0.295276,
        -2.440945 -1.181102 -0.295276,
        -1.559055 -1.181102 -0.295276,
        -1.440945 -1.181102 -0.295276,
        -0.559055 -1.181102 -0.295276,
        0.440945 -1.181102 -0.295276,
        -0.440945 -1.181102 -0.295276,
        0.559055 -1.181102 -0.295276,
        1.440945 -1.181102 -0.295276,
        1.559055 -1.181102 -0.295276,
        2.293307 -1.181102 -0.295276,
        2.293307 1.181102 -0.295276,
        1.559055 1.181102 -0.295276,
        1.440945 1.181102 -0.295276,
        0.559055 1.181102 -0.295276,
        0.440945 1.181102 -0.295276,
        -0.440945 1.181102 -0.295276,
        -2.559055 -1.181102 -0.492126,
        -3.460630 -1.181102 -0.492126,
        -0.559055 -1.181102 -0.492126,
        -1.440945 -1.181102 -0.492126,
        0.440945 -1.181102 -0.492126,
        -0.440945 -1.181102 -0.492126,
        1.440945 -1.181102 -0.492126,
        0.559055 -1.181102 -0.492126,
        -1.559055 -1.181102 -0.492126,
        -2.440945 -1.181102 -0.492126,
        1.559055 -1.181102 -0.492126,
        -3.460630 1.181102 -0.492126,
        -2.559055 1.181102 -0.492126,
        -1.440945 1.181102 -0.492126,
        -0.559055 1.181102 -0.492126,
        -0.440945 1.181102 -0.492126,
        0.440945 1.181102 -0.492126,
        0.559055 1.181102 -0.492126,
        1.440945 1.181102 -0.492126,
        -2.440945 1.181102 -0.492126,
        -1.559055 1.181102 -0.492126,
        1.559055 1.181102 -0.492126,
      ]
    }
    coordIndex [
      43, 44, 27, -1,
      27, 44, 26, -1,
      17, 16, 33, -1,
      33, 16, 32, -1,
      4, 5, 42, -1,
      42, 5, 41, -1,
      30, 31, 15, -1,
      15, 31, 14, -1,
      47, 48, 7, -1,
      7, 48, 6, -1,
      12, 13, 37, -1,
      37, 13, 36, -1,
      39, 40, 9, -1,
      9, 40, 8, -1,
      11, 10, 29, -1,
      29, 10, 28, -1,
      45, 46, 25, -1,
      25, 46, 24, -1,
      18, 19, 35, -1,
      35, 19, 34, -1,
      38, 20, 0, -1,
      0, 20, 21, -1,
      0, 21, 1, -1,
      23, 49, 22, -1,
      22, 49, 2, -1,
      22, 2, 3, -1,
    ]
  }
}

Shape {
  appearance Appearance {
    material Material {
      diffuseColor 1.0000 1.0000 0.5020
      specularColor 0.5020 0.5020 0.2510
      ambientIntensity 0.2
      transparency 0.0000
      shininess 0.5
    }
  }
  geometry IndexedFaceSet {
    ccw TRUE
    solid FALSE
    coord DEF co Coordinate {
      point [
        -1.125984 0.874016 -0.295276,
        -0.874016 0.874016 -0.295276,
        -0.874016 1.125984 -0.295276,
        -1.125984 1.125984 -0.295276,
        -2.125984 0.874016 -0.295276,
        -1.874016 0.874016 -0.295276,
        -1.874016 1.125984 -0.295276,
        -2.125984 1.125984 -0.295276,
        -2.874016 0.874016 -0.295276,
        -2.874016 1.125984 -0.295276,
        -3.125984 1.125984 -0.295276,
        -3.125984 0.874016 -0.295276,
        -3.125984 -1.125984 -0.295276,
        -3.125984 -0.874016 -0.295276,
        -2.874016 -0.874016 -0.295276,
        -2.874016 -1.125984 -0.295276,
        -1.874016 -1.125984 -0.295276,
        -2.125984 -1.125984 -0.295276,
        -2.125984 -0.874016 -0.295276,
        -1.874016 -0.874016 -0.295276,
        -0.874016 -1.125984 -0.295276,
        -1.125984 -1.125984 -0.295276,
        -1.125984 -0.874016 -0.295276,
        -0.874016 -0.874016 -0.295276,
        -0.125984 -1.125984 -0.295276,
        -0.125984 -0.874016 -0.295276,
        0.125984 -0.874016 -0.295276,
        0.125984 -1.125984 -0.295276,
        1.125984 -1.125984 -0.295276,
        0.874016 -1.125984 -0.295276,
        0.874016 -0.874016 -0.295276,
        1.125984 -0.874016 -0.295276,
        2.125984 -0.874016 -0.295276,
        2.125984 -1.125984 -0.295276,
        1.874016 -1.125984 -0.295276,
        1.874016 -0.874016 -0.295276,
        1.874016 0.874016 -0.295276,
        2.125984 0.874016 -0.295276,
        1.874016 1.125984 -0.295276,
        2.125984 1.125984 -0.295276,
        0.874016 0.874016 -0.295276,
        1.125984 0.874016 -0.295276,
        1.125984 1.125984 -0.295276,
        0.874016 1.125984 -0.295276,
        0.125984 1.125984 -0.295276,
        -0.125984 1.125984 -0.295276,
        -0.125984 0.874016 -0.295276,
        0.125984 0.874016 -0.295276,
        -3.125984 0.125984 -0.295276,
        -2.874016 0.125984 -0.295276,
        -2.874016 -0.125984 -0.295276,
        -3.125984 -0.125984 -0.295276,
        -2.125984 0.125984 -0.295276,
        -1.874016 0.125984 -0.295276,
        -1.874016 -0.125984 -0.295276,
        -2.125984 -0.125984 -0.295276,
        -1.125984 0.125984 -0.295276,
        -0.874016 0.125984 -0.295276,
        -0.874016 -0.125984 -0.295276,
        -1.125984 -0.125984 -0.295276,
        -0.125984 0.125984 -0.295276,
        0.125984 0.125984 -0.295276,
        0.125984 -0.125984 -0.295276,
        -0.125984 -0.125984 -0.295276,
        0.874016 0.125984 -0.295276,
        1.125984 0.125984 -0.295276,
        1.125984 -0.125984 -0.295276,
        0.874016 -0.125984 -0.295276,
        1.874016 0.125984 -0.295276,
        2.125984 0.125984 -0.295276,
        2.125984 -0.125984 -0.295276,
        1.874016 -0.125984 -0.295276,
        -1.125984 1.125984 0.492126,
        -0.874016 1.125984 0.492126,
        -2.125984 1.125984 0.492126,
        -1.874016 1.125984 0.492126,
        -3.125984 1.125984 0.492126,
        -2.874016 1.125984 0.492126,
        0.874016 1.125984 0.492126,
        1.125984 1.125984 0.492126,
        -0.125984 1.125984 0.492126,
        0.125984 1.125984 0.492126,
        -0.125984 0.874016 0.492126,
        0.125984 0.874016 0.492126,
        0.874016 0.874016 0.492126,
        1.125984 0.874016 0.492126,
        1.125984 -1.125984 0.492126,
        0.874016 -1.125984 0.492126,
        1.125984 -0.874016 0.492126,
        0.874016 -0.874016 0.492126,
        0.125984 -1.125984 0.492126,
        -0.125984 -1.125984 0.492126,
        0.125984 -0.874016 0.492126,
        -0.125984 -0.874016 0.492126,
        -0.874016 -1.125984 0.492126,
        -1.125984 -1.125984 0.492126,
        -0.874016 -0.874016 0.492126,
        -1.125984 -0.874016 0.492126,
        -1.874016 -1.125984 0.492126,
        -2.125984 -1.125984 0.492126,
        -1.874016 -0.874016 0.492126,
        -2.125984 -0.874016 0.492126,
        -3.125984 -1.125984 0.492126,
        -3.125984 -0.874016 0.492126,
        -2.874016 -0.874016 0.492126,
        -2.874016 -1.125984 0.492126,
        -3.125984 0.874016 0.492126,
        -2.874016 0.874016 0.492126,
        -2.125984 0.874016 0.492126,
        -1.874016 0.874016 0.492126,
        -1.125984 0.874016 0.492126,
        -0.874016 0.874016 0.492126,
        -3.125984 -0.125984 0.492126,
        -2.874016 -0.125984 0.492126,
        -2.874016 0.125984 0.492126,
        -3.125984 0.125984 0.492126,
        -2.125984 -0.125984 0.492126,
        -1.874016 -0.125984 0.492126,
        -1.874016 0.125984 0.492126,
        -2.125984 0.125984 0.492126,
        -1.125984 -0.125984 0.492126,
        -0.874016 -0.125984 0.492126,
        -0.874016 0.125984 0.492126,
        -1.125984 0.125984 0.492126,
        -0.125984 -0.125984 0.492126,
        0.125984 -0.125984 0.492126,
        0.125984 0.125984 0.492126,
        -0.125984 0.125984 0.492126,
        0.874016 -0.125984 0.492126,
        1.125984 -0.125984 0.492126,
        1.125984 0.125984 0.492126,
        0.874016 0.125984 0.492126,
        1.874016 -0.874016 2.657480,
        1.874016 -1.125984 2.657480,
        2.125984 -1.125984 2.657480,
        2.125984 -0.874016 2.657480,
        1.945663 -0.945663 2.854331,
        1.945663 -1.054337 2.854331,
        2.054337 -0.945663 2.854331,
        2.054337 -1.054337 2.854331,
        2.125984 0.125984 2.657480,
        1.874016 0.125984 2.657480,
        1.874016 -0.125984 2.657480,
        2.125984 -0.125984 2.657480,
        2.054337 0.054337 2.854331,
        1.945663 0.054337 2.854331,
        2.054337 -0.054337 2.854331,
        1.945663 -0.054337 2.854331,
        2.125984 1.125984 2.657480,
        1.874016 1.125984 2.657480,
        1.874016 0.874016 2.657480,
        2.125984 0.874016 2.657480,
        2.054337 1.054337 2.854331,
        1.945663 1.054337 2.854331,
        2.054337 0.945663 2.854331,
        1.945663 0.945663 2.854331,
        1.874016 -0.874016 -1.476378,
        2.125984 -0.874016 -1.476378,
        2.125984 -1.125984 -1.476378,
        1.874016 -1.125984 -1.476378,
        1.945663 -1.054337 -1.673228,
        1.945663 -0.945663 -1.673228,
        2.054337 -1.054337 -1.673228,
        2.054337 -0.945663 -1.673228,
        2.125984 0.125984 -1.476378,
        2.125984 -0.125984 -1.476378,
        1.874016 -0.125984 -1.476378,
        1.874016 0.125984 -1.476378,
        1.945663 0.054337 -1.673228,
        2.054337 0.054337 -1.673228,
        1.945663 -0.054337 -1.673228,
        2.054337 -0.054337 -1.673228,
        2.125984 1.125984 -1.476378,
        2.125984 0.874016 -1.476378,
        1.874016 0.874016 -1.476378,
        1.874016 1.125984 -1.476378,
        1.945663 1.054337 -1.673228,
        2.054337 1.054337 -1.673228,
        1.945663 0.945663 -1.673228,
        2.054337 0.945663 -1.673228,
        0.874016 -0.874016 2.657480,
        0.874016 -1.125984 2.657480,
        1.125984 -1.125984 2.657480,
        1.125984 -0.874016 2.657480,
        0.945663 -0.945663 2.854331,
        0.945663 -1.054337 2.854331,
        1.054337 -0.945663 2.854331,
        1.054337 -1.054337 2.854331,
        1.125984 0.125984 2.657480,
        0.874016 0.125984 2.657480,
        0.874016 -0.125984 2.657480,
        1.125984 -0.125984 2.657480,
        1.054337 0.054337 2.854331,
        0.945663 0.054337 2.854331,
        1.054337 -0.054337 2.854331,
        0.945663 -0.054337 2.854331,
        1.125984 1.125984 2.657480,
        0.874016 1.125984 2.657480,
        0.874016 0.874016 2.657480,
        1.125984 0.874016 2.657480,
        1.054337 1.054337 2.854331,
        0.945663 1.054337 2.854331,
        1.054337 0.945663 2.854331,
        0.945663 0.945663 2.854331,
        -0.125984 -0.874016 2.657480,
        -0.125984 -1.125984 2.657480,
        0.125984 -1.125984 2.657480,
        0.125984 -0.874016 2.657480,
        -0.054337 -0.945663 2.854331,
        -0.054337 -1.054337 2.854331,
        0.054337 -0.945663 2.854331,
        0.054337 -1.054337 2.854331,
        0.125984 0.125984 2.657480,
        -0.125984 0.125984 2.657480,
        -0.125984 -0.125984 2.657480,
        0.125984 -0.125984 2.657480,
        0.054337 0.054337 2.854331,
        -0.054337 0.054337 2.854331,
        0.054337 -0.054337 2.854331,
        -0.054337 -0.054337 2.854331,
        0.125984 1.125984 2.657480,
        -0.125984 1.125984 2.657480,
        -0.125984 0.874016 2.657480,
        0.125984 0.874016 2.657480,
        0.054337 1.054337 2.854331,
        -0.054337 1.054337 2.854331,
        0.054337 0.945663 2.854331,
        -0.054337 0.945663 2.854331,
        -1.125984 -0.874016 2.657480,
        -1.125984 -1.125984 2.657480,
        -0.874016 -1.125984 2.657480,
        -0.874016 -0.874016 2.657480,
        -1.054337 -0.945663 2.854331,
        -1.054337 -1.054337 2.854331,
        -0.945663 -0.945663 2.854331,
        -0.945663 -1.054337 2.854331,
        -0.874016 0.125984 2.657480,
        -1.125984 0.125984 2.657480,
        -1.125984 -0.125984 2.657480,
        -0.874016 -0.125984 2.657480,
        -0.945663 0.054337 2.854331,
        -1.054337 0.054337 2.854331,
        -0.945663 -0.054337 2.854331,
        -1.054337 -0.054337 2.854331,
        -0.874016 1.125984 2.657480,
        -1.125984 1.125984 2.657480,
        -1.125984 0.874016 2.657480,
        -0.874016 0.874016 2.657480,
        -0.945663 1.054337 2.854331,
        -1.054337 1.054337 2.854331,
        -0.945663 0.945663 2.854331,
        -1.054337 0.945663 2.854331,
        -2.125984 -0.874016 2.657480,
        -2.125984 -1.125984 2.657480,
        -1.874016 -1.125984 2.657480,
        -1.874016 -0.874016 2.657480,
        -2.054337 -0.945663 2.854331,
        -2.054337 -1.054337 2.854331,
        -1.945663 -0.945663 2.854331,
        -1.945663 -1.054337 2.854331,
        -1.874016 0.125984 2.657480,
        -2.125984 0.125984 2.657480,
        -2.125984 -0.125984 2.657480,
        -1.874016 -0.125984 2.657480,
        -1.945663 0.054337 2.854331,
        -2.054337 0.054337 2.854331,
        -1.945663 -0.054337 2.854331,
        -2.054337 -0.054337 2.854331,
        -1.874016 1.125984 2.657480,
        -2.125984 1.125984 2.657480,
        -2.125984 0.874016 2.657480,
        -1.874016 0.874016 2.657480,
        -1.945663 1.054337 2.854331,
        -2.054337 1.054337 2.854331,
        -1.945663 0.945663 2.854331,
        -2.054337 0.945663 2.854331,
        -3.125984 -0.874016 2.657480,
        -3.125984 -1.125984 2.657480,
        -2.874016 -1.125984 2.657480,
        -2.874016 -0.874016 2.657480,
        -3.054337 -0.945663 2.854331,
        -3.054337 -1.054337 2.854331,
        -2.945663 -0.945663 2.854331,
        -2.945663 -1.054337 2.854331,
        -2.874016 0.125984 2.657480,
        -3.125984 0.125984 2.657480,
        -3.125984 -0.125984 2.657480,
        -2.874016 -0.125984 2.657480,
        -2.945663 0.054337 2.854331,
        -3.054337 0.054337 2.854331,
        -2.945663 -0.054337 2.854331,
        -3.054337 -0.054337 2.854331,
        -2.874016 1.125984 2.657480,
        -3.125984 1.125984 2.657480,
        -3.125984 0.874016 2.657480,
        -2.874016 0.874016 2.657480,
        -2.945663 1.054337 2.854331,
        -3.054337 1.054337 2.854331,
        -2.945663 0.945663 2.854331,
        -3.054337 0.945663 2.854331,
        0.874016 -0.874016 -1.476378,
        1.125984 -0.874016 -1.476378,
        1.125984 -1.125984 -1.476378,
        0.874016 -1.125984 -1.476378,
        0.945663 -1.054337 -1.673228,
        0.945663 -0.945663 -1.673228,
        1.054337 -1.054337 -1.673228,
        1.054337 -0.945663 -1.673228,
        1.125984 0.125984 -1.476378,
        1.125984 -0.125984 -1.476378,
        0.874016 -0.125984 -1.476378,
        0.874016 0.125984 -1.476378,
        0.945663 0.054337 -1.673228,
        1.054337 0.054337 -1.673228,
        0.945663 -0.054337 -1.673228,
        1.054337 -0.054337 -1.673228,
        1.125984 1.125984 -1.476378,
        1.125984 0.874016 -1.476378,
        0.874016 0.874016 -1.476378,
        0.874016 1.125984 -1.476378,
        0.945663 1.054337 -1.673228,
        1.054337 1.054337 -1.673228,
        0.945663 0.945663 -1.673228,
        1.054337 0.945663 -1.673228,
        -0.125984 -0.874016 -1.476378,
        0.125984 -0.874016 -1.476378,
        0.125984 -1.125984 -1.476378,
        -0.125984 -1.125984 -1.476378,
        -0.054337 -1.054337 -1.673228,
        -0.054337 -0.945663 -1.673228,
        0.054337 -1.054337 -1.673228,
        0.054337 -0.945663 -1.673228,
        0.125984 0.125984 -1.476378,
        0.125984 -0.125984 -1.476378,
        -0.125984 -0.125984 -1.476378,
        -0.125984 0.125984 -1.476378,
        -0.054337 0.054337 -1.673228,
        0.054337 0.054337 -1.673228,
        -0.054337 -0.054337 -1.673228,
        0.054337 -0.054337 -1.673228,
        0.125984 1.125984 -1.476378,
        0.125984 0.874016 -1.476378,
        -0.125984 0.874016 -1.476378,
        -0.125984 1.125984 -1.476378,
        -0.054337 1.054337 -1.673228,
        0.054337 1.054337 -1.673228,
        -0.054337 0.945663 -1.673228,
        0.054337 0.945663 -1.673228,
        -1.125984 -0.874016 -1.476378,
        -0.874016 -0.874016 -1.476378,
        -0.874016 -1.125984 -1.476378,
        -1.125984 -1.125984 -1.476378,
        -1.054337 -1.054337 -1.673228,
        -1.054337 -0.945663 -1.673228,
        -0.945663 -1.054337 -1.673228,
        -0.945663 -0.945663 -1.673228,
        -0.874016 0.125984 -1.476378,
        -0.874016 -0.125984 -1.476378,
        -1.125984 -0.125984 -1.476378,
        -1.125984 0.125984 -1.476378,
        -1.054337 0.054337 -1.673228,
        -0.945663 0.054337 -1.673228,
        -1.054337 -0.054337 -1.673228,
        -0.945663 -0.054337 -1.673228,
        -0.874016 1.125984 -1.476378,
        -0.874016 0.874016 -1.476378,
        -1.125984 0.874016 -1.476378,
        -1.125984 1.125984 -1.476378,
        -1.054337 1.054337 -1.673228,
        -0.945663 1.054337 -1.673228,
        -1.054337 0.945663 -1.673228,
        -0.945663 0.945663 -1.673228,
        -2.125984 -0.874016 -1.476378,
        -1.874016 -0.874016 -1.476378,
        -1.874016 -1.125984 -1.476378,
        -2.125984 -1.125984 -1.476378,
        -2.054337 -1.054337 -1.673228,
        -2.054337 -0.945663 -1.673228,
        -1.945663 -1.054337 -1.673228,
        -1.945663 -0.945663 -1.673228,
        -1.874016 0.125984 -1.476378,
        -1.874016 -0.125984 -1.476378,
        -2.125984 -0.125984 -1.476378,
        -2.125984 0.125984 -1.476378,
        -2.054337 0.054337 -1.673228,
        -1.945663 0.054337 -1.673228,
        -2.054337 -0.054337 -1.673228,
        -1.945663 -0.054337 -1.673228,
        -1.874016 1.125984 -1.476378,
        -1.874016 0.874016 -1.476378,
        -2.125984 0.874016 -1.476378,
        -2.125984 1.125984 -1.476378,
        -2.054337 1.054337 -1.673228,
        -1.945663 1.054337 -1.673228,
        -2.054337 0.945663 -1.673228,
        -1.945663 0.945663 -1.673228,
        -3.125984 -0.874016 -1.476378,
        -2.874016 -0.874016 -1.476378,
        -2.874016 -1.125984 -1.476378,
        -3.125984 -1.125984 -1.476378,
        -3.054337 -1.054337 -1.673228,
        -3.054337 -0.945663 -1.673228,
        -2.945663 -1.054337 -1.673228,
        -2.945663 -0.945663 -1.673228,
        -2.874016 0.125984 -1.476378,
        -2.874016 -0.125984 -1.476378,
        -3.125984 -0.125984 -1.476378,
        -3.125984 0.125984 -1.476378,
        -3.054337 0.054337 -1.673228,
        -2.945663 0.054337 -1.673228,
        -3.054337 -0.054337 -1.673228,
        -2.945663 -0.054337 -1.673228,
        -2.874016 1.125984 -1.476378,
        -2.874016 0.874016 -1.476378,
        -3.125984 0.874016 -1.476378,
        -3.125984 1.125984 -1.476378,
        -3.054337 1.054337 -1.673228,
        -2.945663 1.054337 -1.673228,
        -3.054337 0.945663 -1.673228,
        -2.945663 0.945663 -1.673228,
      ]
    }
    coordIndex [
      156, 35, 157, -1,
      157, 35, 32, -1,
      157, 32, 158, -1,
      158, 32, 33, -1,
      158, 33, 159, -1,
      159, 33, 34, -1,
      159, 34, 156, -1,
      156, 34, 35, -1,
      160, 161, 162, -1,
      162, 161, 163, -1,
      164, 69, 165, -1,
      165, 69, 70, -1,
      165, 70, 166, -1,
      166, 70, 71, -1,
      166, 71, 167, -1,
      167, 71, 68, -1,
      167, 68, 164, -1,
      164, 68, 69, -1,
      168, 169, 170, -1,
      170, 169, 171, -1,
      172, 39, 173, -1,
      173, 39, 37, -1,
      173, 37, 174, -1,
      174, 37, 36, -1,
      174, 36, 175, -1,
      175, 36, 38, -1,
      175, 38, 172, -1,
      172, 38, 39, -1,
      176, 177, 178, -1,
      178, 177, 179, -1,
      173, 179, 172, -1,
      172, 179, 177, -1,
      174, 178, 173, -1,
      173, 178, 179, -1,
      176, 175, 177, -1,
      177, 175, 172, -1,
      175, 176, 174, -1,
      174, 176, 178, -1,
      165, 171, 164, -1,
      164, 171, 169, -1,
      166, 170, 165, -1,
      165, 170, 171, -1,
      168, 167, 169, -1,
      169, 167, 164, -1,
      167, 168, 166, -1,
      166, 168, 170, -1,
      157, 163, 156, -1,
      156, 163, 161, -1,
      158, 162, 157, -1,
      157, 162, 163, -1,
      160, 159, 161, -1,
      161, 159, 156, -1,
      159, 160, 158, -1,
      158, 160, 162, -1,
      134, 139, 133, -1,
      133, 139, 137, -1,
      135, 138, 134, -1,
      134, 138, 139, -1,
      136, 132, 137, -1,
      137, 132, 133, -1,
      132, 136, 135, -1,
      135, 136, 138, -1,
      142, 147, 141, -1,
      141, 147, 145, -1,
      143, 146, 142, -1,
      142, 146, 147, -1,
      144, 140, 145, -1,
      145, 140, 141, -1,
      140, 144, 143, -1,
      143, 144, 146, -1,
      150, 155, 149, -1,
      149, 155, 153, -1,
      151, 154, 150, -1,
      150, 154, 155, -1,
      152, 148, 153, -1,
      153, 148, 149, -1,
      148, 152, 151, -1,
      151, 152, 154, -1,
      180, 89, 181, -1,
      181, 89, 87, -1,
      181, 87, 182, -1,
      182, 87, 86, -1,
      182, 86, 183, -1,
      183, 86, 88, -1,
      183, 88, 180, -1,
      180, 88, 89, -1,
      184, 185, 186, -1,
      186, 185, 187, -1,
      188, 130, 189, -1,
      189, 130, 131, -1,
      189, 131, 190, -1,
      190, 131, 128, -1,
      190, 128, 191, -1,
      191, 128, 129, -1,
      191, 129, 188, -1,
      188, 129, 130, -1,
      192, 193, 194, -1,
      194, 193, 195, -1,
      196, 79, 197, -1,
      197, 79, 78, -1,
      197, 78, 198, -1,
      198, 78, 84, -1,
      198, 84, 199, -1,
      199, 84, 85, -1,
      199, 85, 196, -1,
      196, 85, 79, -1,
      200, 201, 202, -1,
      202, 201, 203, -1,
      204, 93, 205, -1,
      205, 93, 91, -1,
      205, 91, 206, -1,
      206, 91, 90, -1,
      206, 90, 207, -1,
      207, 90, 92, -1,
      207, 92, 204, -1,
      204, 92, 93, -1,
      208, 209, 210, -1,
      210, 209, 211, -1,
      212, 126, 213, -1,
      213, 126, 127, -1,
      213, 127, 214, -1,
      214, 127, 124, -1,
      214, 124, 215, -1,
      215, 124, 125, -1,
      215, 125, 212, -1,
      212, 125, 126, -1,
      216, 217, 218, -1,
      218, 217, 219, -1,
      220, 81, 221, -1,
      221, 81, 80, -1,
      221, 80, 222, -1,
      222, 80, 82, -1,
      222, 82, 223, -1,
      223, 82, 83, -1,
      223, 83, 220, -1,
      220, 83, 81, -1,
      224, 225, 226, -1,
      226, 225, 227, -1,
      228, 97, 229, -1,
      229, 97, 95, -1,
      229, 95, 230, -1,
      230, 95, 94, -1,
      230, 94, 231, -1,
      231, 94, 96, -1,
      231, 96, 228, -1,
      228, 96, 97, -1,
      232, 233, 234, -1,
      234, 233, 235, -1,
      236, 122, 237, -1,
      237, 122, 123, -1,
      237, 123, 238, -1,
      238, 123, 120, -1,
      238, 120, 239, -1,
      239, 120, 121, -1,
      239, 121, 236, -1,
      236, 121, 122, -1,
      240, 241, 242, -1,
      242, 241, 243, -1,
      244, 73, 245, -1,
      245, 73, 72, -1,
      245, 72, 246, -1,
      246, 72, 110, -1,
      246, 110, 247, -1,
      247, 110, 111, -1,
      247, 111, 244, -1,
      244, 111, 73, -1,
      248, 249, 250, -1,
      250, 249, 251, -1,
      252, 101, 253, -1,
      253, 101, 99, -1,
      253, 99, 254, -1,
      254, 99, 98, -1,
      254, 98, 255, -1,
      255, 98, 100, -1,
      255, 100, 252, -1,
      252, 100, 101, -1,
      256, 257, 258, -1,
      258, 257, 259, -1,
      260, 118, 261, -1,
      261, 118, 119, -1,
      261, 119, 262, -1,
      262, 119, 116, -1,
      262, 116, 263, -1,
      263, 116, 117, -1,
      263, 117, 260, -1,
      260, 117, 118, -1,
      264, 265, 266, -1,
      266, 265, 267, -1,
      268, 75, 269, -1,
      269, 75, 74, -1,
      269, 74, 270, -1,
      270, 74, 108, -1,
      270, 108, 271, -1,
      271, 108, 109, -1,
      271, 109, 268, -1,
      268, 109, 75, -1,
      272, 273, 274, -1,
      274, 273, 275, -1,
      276, 103, 277, -1,
      277, 103, 102, -1,
      277, 102, 278, -1,
      278, 102, 105, -1,
      278, 105, 279, -1,
      279, 105, 104, -1,
      279, 104, 276, -1,
      276, 104, 103, -1,
      280, 281, 282, -1,
      282, 281, 283, -1,
      284, 114, 285, -1,
      285, 114, 115, -1,
      285, 115, 286, -1,
      286, 115, 112, -1,
      286, 112, 287, -1,
      287, 112, 113, -1,
      287, 113, 284, -1,
      284, 113, 114, -1,
      288, 289, 290, -1,
      290, 289, 291, -1,
      292, 77, 293, -1,
      293, 77, 76, -1,
      293, 76, 294, -1,
      294, 76, 106, -1,
      294, 106, 295, -1,
      295, 106, 107, -1,
      295, 107, 292, -1,
      292, 107, 77, -1,
      296, 297, 298, -1,
      298, 297, 299, -1,
      300, 30, 301, -1,
      301, 30, 31, -1,
      301, 31, 302, -1,
      302, 31, 28, -1,
      302, 28, 303, -1,
      303, 28, 29, -1,
      303, 29, 300, -1,
      300, 29, 30, -1,
      304, 305, 306, -1,
      306, 305, 307, -1,
      308, 65, 309, -1,
      309, 65, 66, -1,
      309, 66, 310, -1,
      310, 66, 67, -1,
      310, 67, 311, -1,
      311, 67, 64, -1,
      311, 64, 308, -1,
      308, 64, 65, -1,
      312, 313, 314, -1,
      314, 313, 315, -1,
      316, 42, 317, -1,
      317, 42, 41, -1,
      317, 41, 318, -1,
      318, 41, 40, -1,
      318, 40, 319, -1,
      319, 40, 43, -1,
      319, 43, 316, -1,
      316, 43, 42, -1,
      320, 321, 322, -1,
      322, 321, 323, -1,
      324, 25, 325, -1,
      325, 25, 26, -1,
      325, 26, 326, -1,
      326, 26, 27, -1,
      326, 27, 327, -1,
      327, 27, 24, -1,
      327, 24, 324, -1,
      324, 24, 25, -1,
      328, 329, 330, -1,
      330, 329, 331, -1,
      332, 61, 333, -1,
      333, 61, 62, -1,
      333, 62, 334, -1,
      334, 62, 63, -1,
      334, 63, 335, -1,
      335, 63, 60, -1,
      335, 60, 332, -1,
      332, 60, 61, -1,
      336, 337, 338, -1,
      338, 337, 339, -1,
      340, 44, 341, -1,
      341, 44, 47, -1,
      341, 47, 342, -1,
      342, 47, 46, -1,
      342, 46, 343, -1,
      343, 46, 45, -1,
      343, 45, 340, -1,
      340, 45, 44, -1,
      344, 345, 346, -1,
      346, 345, 347, -1,
      348, 22, 349, -1,
      349, 22, 23, -1,
      349, 23, 350, -1,
      350, 23, 20, -1,
      350, 20, 351, -1,
      351, 20, 21, -1,
      351, 21, 348, -1,
      348, 21, 22, -1,
      352, 353, 354, -1,
      354, 353, 355, -1,
      356, 57, 357, -1,
      357, 57, 58, -1,
      357, 58, 358, -1,
      358, 58, 59, -1,
      358, 59, 359, -1,
      359, 59, 56, -1,
      359, 56, 356, -1,
      356, 56, 57, -1,
      360, 361, 362, -1,
      362, 361, 363, -1,
      364, 2, 365, -1,
      365, 2, 1, -1,
      365, 1, 366, -1,
      366, 1, 0, -1,
      366, 0, 367, -1,
      367, 0, 3, -1,
      367, 3, 364, -1,
      364, 3, 2, -1,
      368, 369, 370, -1,
      370, 369, 371, -1,
      372, 18, 373, -1,
      373, 18, 19, -1,
      373, 19, 374, -1,
      374, 19, 16, -1,
      374, 16, 375, -1,
      375, 16, 17, -1,
      375, 17, 372, -1,
      372, 17, 18, -1,
      376, 377, 378, -1,
      378, 377, 379, -1,
      380, 53, 381, -1,
      381, 53, 54, -1,
      381, 54, 382, -1,
      382, 54, 55, -1,
      382, 55, 383, -1,
      383, 55, 52, -1,
      383, 52, 380, -1,
      380, 52, 53, -1,
      384, 385, 386, -1,
      386, 385, 387, -1,
      388, 6, 389, -1,
      389, 6, 5, -1,
      389, 5, 390, -1,
      390, 5, 4, -1,
      390, 4, 391, -1,
      391, 4, 7, -1,
      391, 7, 388, -1,
      388, 7, 6, -1,
      392, 393, 394, -1,
      394, 393, 395, -1,
      396, 13, 397, -1,
      397, 13, 14, -1,
      397, 14, 398, -1,
      398, 14, 15, -1,
      398, 15, 399, -1,
      399, 15, 12, -1,
      399, 12, 396, -1,
      396, 12, 13, -1,
      400, 401, 402, -1,
      402, 401, 403, -1,
      404, 49, 405, -1,
      405, 49, 50, -1,
      405, 50, 406, -1,
      406, 50, 51, -1,
      406, 51, 407, -1,
      407, 51, 48, -1,
      407, 48, 404, -1,
      404, 48, 49, -1,
      408, 409, 410, -1,
      410, 409, 411, -1,
      412, 9, 413, -1,
      413, 9, 8, -1,
      413, 8, 414, -1,
      414, 8, 11, -1,
      414, 11, 415, -1,
      415, 11, 10, -1,
      415, 10, 412, -1,
      412, 10, 9, -1,
      416, 417, 418, -1,
      418, 417, 419, -1,
      317, 323, 316, -1,
      316, 323, 321, -1,
      318, 322, 317, -1,
      317, 322, 323, -1,
      320, 319, 321, -1,
      321, 319, 316, -1,
      319, 320, 318, -1,
      318, 320, 322, -1,
      309, 315, 308, -1,
      308, 315, 313, -1,
      310, 314, 309, -1,
      309, 314, 315, -1,
      312, 311, 313, -1,
      313, 311, 308, -1,
      311, 312, 310, -1,
      310, 312, 314, -1,
      301, 307, 300, -1,
      300, 307, 305, -1,
      302, 306, 301, -1,
      301, 306, 307, -1,
      304, 303, 305, -1,
      305, 303, 300, -1,
      303, 304, 302, -1,
      302, 304, 306, -1,
      182, 187, 181, -1,
      181, 187, 185, -1,
      183, 186, 182, -1,
      182, 186, 187, -1,
      184, 180, 185, -1,
      185, 180, 181, -1,
      180, 184, 183, -1,
      183, 184, 186, -1,
      190, 195, 189, -1,
      189, 195, 193, -1,
      191, 194, 190, -1,
      190, 194, 195, -1,
      192, 188, 193, -1,
      193, 188, 189, -1,
      188, 192, 191, -1,
      191, 192, 194, -1,
      198, 203, 197, -1,
      197, 203, 201, -1,
      199, 202, 198, -1,
      198, 202, 203, -1,
      200, 196, 201, -1,
      201, 196, 197, -1,
      196, 200, 199, -1,
      199, 200, 202, -1,
      341, 347, 340, -1,
      340, 347, 345, -1,
      342, 346, 341, -1,
      341, 346, 347, -1,
      344, 343, 345, -1,
      345, 343, 340, -1,
      343, 344, 342, -1,
      342, 344, 346, -1,
      333, 339, 332, -1,
      332, 339, 337, -1,
      334, 338, 333, -1,
      333, 338, 339, -1,
      336, 335, 337, -1,
      337, 335, 332, -1,
      335, 336, 334, -1,
      334, 336, 338, -1,
      325, 331, 324, -1,
      324, 331, 329, -1,
      326, 330, 325, -1,
      325, 330, 331, -1,
      328, 327, 329, -1,
      329, 327, 324, -1,
      327, 328, 326, -1,
      326, 328, 330, -1,
      206, 211, 205, -1,
      205, 211, 209, -1,
      207, 210, 206, -1,
      206, 210, 211, -1,
      208, 204, 209, -1,
      209, 204, 205, -1,
      204, 208, 207, -1,
      207, 208, 210, -1,
      214, 219, 213, -1,
      213, 219, 217, -1,
      215, 218, 214, -1,
      214, 218, 219, -1,
      216, 212, 217, -1,
      217, 212, 213, -1,
      212, 216, 215, -1,
      215, 216, 218, -1,
      222, 227, 221, -1,
      221, 227, 225, -1,
      223, 226, 222, -1,
      222, 226, 227, -1,
      224, 220, 225, -1,
      225, 220, 221, -1,
      220, 224, 223, -1,
      223, 224, 226, -1,
      365, 371, 364, -1,
      364, 371, 369, -1,
      366, 370, 365, -1,
      365, 370, 371, -1,
      368, 367, 369, -1,
      369, 367, 364, -1,
      367, 368, 366, -1,
      366, 368, 370, -1,
      357, 363, 356, -1,
      356, 363, 361, -1,
      358, 362, 357, -1,
      357, 362, 363, -1,
      360, 359, 361, -1,
      361, 359, 356, -1,
      359, 360, 358, -1,
      358, 360, 362, -1,
      349, 355, 348, -1,
      348, 355, 353, -1,
      350, 354, 349, -1,
      349, 354, 355, -1,
      352, 351, 353, -1,
      353, 351, 348, -1,
      351, 352, 350, -1,
      350, 352, 354, -1,
      230, 235, 229, -1,
      229, 235, 233, -1,
      231, 234, 230, -1,
      230, 234, 235, -1,
      232, 228, 233, -1,
      233, 228, 229, -1,
      228, 232, 231, -1,
      231, 232, 234, -1,
      238, 243, 237, -1,
      237, 243, 241, -1,
      239, 242, 238, -1,
      238, 242, 243, -1,
      240, 236, 241, -1,
      241, 236, 237, -1,
      236, 240, 239, -1,
      239, 240, 242, -1,
      246, 251, 245, -1,
      245, 251, 249, -1,
      247, 250, 246, -1,
      246, 250, 251, -1,
      248, 244, 249, -1,
      249, 244, 245, -1,
      244, 248, 247, -1,
      247, 248, 250, -1,
      389, 395, 388, -1,
      388, 395, 393, -1,
      390, 394, 389, -1,
      389, 394, 395, -1,
      392, 391, 393, -1,
      393, 391, 388, -1,
      391, 392, 390, -1,
      390, 392, 394, -1,
      381, 387, 380, -1,
      380, 387, 385, -1,
      382, 386, 381, -1,
      381, 386, 387, -1,
      384, 383, 385, -1,
      385, 383, 380, -1,
      383, 384, 382, -1,
      382, 384, 386, -1,
      373, 379, 372, -1,
      372, 379, 377, -1,
      374, 378, 373, -1,
      373, 378, 379, -1,
      376, 375, 377, -1,
      377, 375, 372, -1,
      375, 376, 374, -1,
      374, 376, 378, -1,
      254, 259, 253, -1,
      253, 259, 257, -1,
      255, 258, 254, -1,
      254, 258, 259, -1,
      256, 252, 257, -1,
      257, 252, 253, -1,
      252, 256, 255, -1,
      255, 256, 258, -1,
      262, 267, 261, -1,
      261, 267, 265, -1,
      263, 266, 262, -1,
      262, 266, 267, -1,
      264, 260, 265, -1,
      265, 260, 261, -1,
      260, 264, 263, -1,
      263, 264, 266, -1,
      270, 275, 269, -1,
      269, 275, 273, -1,
      271, 274, 270, -1,
      270, 274, 275, -1,
      272, 268, 273, -1,
      273, 268, 269, -1,
      268, 272, 271, -1,
      271, 272, 274, -1,
      413, 419, 412, -1,
      412, 419, 417, -1,
      414, 418, 413, -1,
      413, 418, 419, -1,
      416, 415, 417, -1,
      417, 415, 412, -1,
      415, 416, 414, -1,
      414, 416, 418, -1,
      405, 411, 404, -1,
      404, 411, 409, -1,
      406, 410, 405, -1,
      405, 410, 411, -1,
      408, 407, 409, -1,
      409, 407, 404, -1,
      407, 408, 406, -1,
      406, 408, 410, -1,
      397, 403, 396, -1,
      396, 403, 401, -1,
      398, 402, 397, -1,
      397, 402, 403, -1,
      400, 399, 401, -1,
      401, 399, 396, -1,
      399, 400, 398, -1,
      398, 400, 402, -1,
      278, 283, 277, -1,
      277, 283, 281, -1,
      279, 282, 278, -1,
      278, 282, 283, -1,
      280, 276, 281, -1,
      281, 276, 277, -1,
      276, 280, 279, -1,
      279, 280, 282, -1,
      286, 291, 285, -1,
      285, 291, 289, -1,
      287, 290, 286, -1,
      286, 290, 291, -1,
      288, 284, 289, -1,
      289, 284, 285, -1,
      284, 288, 287, -1,
      287, 288, 290, -1,
      294, 299, 293, -1,
      293, 299, 297, -1,
      295, 298, 294, -1,
      294, 298, 299, -1,
      296, 292, 297, -1,
      297, 292, 293, -1,
      292, 296, 295, -1,
      295, 296, 298, -1,
    ]
  }
}

Shape {
  appearance Appearance {
    material Material {
      diffuseColor 1.0000 1.0000 1.0000
      specularColor 0.5020 0.5020 0.5020
      ambientIntensity 0.2
      transparency 0.0000
      shininess 0.5
    }
  }
  geometry IndexedFaceSet {
    ccw TRUE
    solid FALSE
    coord DEF co Coordinate {
      point [
        2.460630 -0.138565 0.213719,
        2.460630 -0.138565 0.095485,
        2.460630 -0.085417 0.095485,
        2.460630 0.115405 0.213719,
        2.460630 0.099935 0.213719,
        2.460630 0.063894 0.140377,
        2.460630 0.063894 0.095485,
        2.460630 0.099935 0.140377,
        2.460630 0.099935 0.095485,
        2.460630 0.111618 0.140377,
        2.460630 0.118441 0.095485,
        2.460630 0.111618 0.155659,
        2.460630 0.115405 0.198369,
        2.460630 0.099935 0.155659,
        2.460630 0.099935 0.198369,
        2.460630 0.063894 0.155659,
        2.460630 0.063894 0.198369,
        2.460630 0.046667 0.080270,
        2.460630 0.118441 0.080270,
        2.460630 0.099935 0.080270,
        2.460630 0.046667 0.213719,
        2.460630 -0.011495 0.200415,
        2.460630 -0.017857 0.200099,
        2.460630 0.014260 0.099750,
        2.460630 0.004935 0.198454,
        2.460630 0.019957 0.192501,
        2.460630 0.019957 0.102307,
        2.460630 0.018471 0.193303,
        2.460630 0.014260 0.194906,
        2.460630 -0.029302 0.197634,
        2.460630 -0.039679 0.192525,
        2.460630 -0.047859 0.185611,
        2.460630 -0.048770 0.184613,
        2.460630 -0.055219 0.175337,
        2.460630 -0.059686 0.163808,
        2.460630 -0.061880 0.145494,
        2.460630 -0.061655 0.139390,
        2.460630 0.006811 0.096406,
        2.460630 -0.008285 0.093600,
        2.460630 -0.014497 0.093369,
        2.460630 -0.059339 0.126306,
        2.460630 -0.054862 0.115702,
        2.460630 -0.048780 0.107424,
        2.460630 -0.044983 0.103796,
        2.460630 -0.026112 0.094557,
        2.460630 -0.035941 0.097907,
        2.460630 0.002661 0.214845,
        2.460630 0.005809 0.214598,
        2.460630 0.014260 0.212157,
        2.460630 0.019957 0.210513,
        2.460630 -0.011665 0.215971,
        2.460630 -0.020939 0.214845,
        2.460630 -0.070359 0.183684,
        2.460630 -0.060685 0.196322,
        2.460630 -0.057383 0.199474,
        2.460630 -0.044889 0.208221,
        2.460630 -0.030941 0.213631,
        2.460630 -0.076698 0.168861,
        2.460630 -0.073990 0.175195,
        2.460630 -0.073990 0.114191,
        2.460630 -0.077333 0.122767,
        2.460630 -0.079959 0.144470,
        2.460630 -0.079724 0.151439,
        2.460630 -0.039520 0.081381,
        2.460630 -0.052112 0.087323,
        2.460630 -0.062835 0.096235,
        2.460630 -0.063942 0.097444,
        2.460630 -0.071903 0.108837,
        2.460630 -0.028667 0.079144,
        2.460630 -0.025060 0.078401,
        2.460630 -0.016987 0.078019,
        2.460630 -0.005211 0.079144,
        2.460630 0.019957 0.085796,
        2.460630 0.017680 0.084662,
        2.460630 0.014260 0.083541,
        2.460630 0.003353 0.079963,
        2.460630 -0.155792 0.080270,
        2.460630 -0.155792 0.213719,
        2.460630 -0.085417 0.080270,
        2.460630 0.245148 0.179796,
        2.460630 0.250082 0.167065,
        2.460630 0.252299 0.148700,
        2.460630 0.251898 0.140193,
        2.460630 0.248663 0.124570,
        2.460630 0.242090 0.110768,
        2.460630 0.232173 0.098964,
        2.460630 0.218210 0.088957,
        2.460630 0.181720 0.213719,
        2.460630 0.202097 0.211469,
        2.460630 0.218202 0.205585,
        2.460630 0.202992 0.083022,
        2.460630 0.180356 0.080270,
        2.460630 0.143650 0.080270,
        2.460630 0.143650 0.213719,
        2.460630 0.232173 0.196049,
        2.460630 0.236890 0.191433,
        2.464567 -0.085417 0.095485,
        2.464567 -0.085417 0.080270,
        2.464567 -0.138565 0.095485,
        2.464567 -0.138565 0.213719,
        2.464567 -0.155792 0.213719,
        2.464567 -0.155792 0.080270,
        2.464567 0.003353 0.079963,
        2.464567 -0.016987 0.078019,
        2.464567 0.017680 0.084662,
        2.464567 0.019957 0.085796,
        2.464567 0.019957 0.102307,
        2.464567 0.006811 0.096406,
        2.464567 -0.008285 0.093600,
        2.464567 -0.014497 0.093369,
        2.464567 -0.026112 0.094557,
        2.464567 -0.035941 0.097907,
        2.464567 -0.044983 0.103796,
        2.464567 -0.048780 0.107424,
        2.464567 -0.054862 0.115702,
        2.464567 -0.059339 0.126306,
        2.464567 -0.061655 0.139390,
        2.464567 -0.061880 0.145494,
        2.464567 -0.059686 0.163808,
        2.464567 -0.055219 0.175337,
        2.464567 -0.048770 0.184613,
        2.464567 -0.047859 0.185611,
        2.464567 -0.039679 0.192525,
        2.464567 -0.029302 0.197634,
        2.464567 -0.017857 0.200099,
        2.464567 -0.011495 0.200415,
        2.464567 0.018471 0.193303,
        2.464567 0.004935 0.198454,
        2.464567 0.019957 0.192501,
        2.464567 0.019957 0.210513,
        2.464567 0.005809 0.214598,
        2.464567 -0.011665 0.215971,
        2.464567 -0.030941 0.213631,
        2.464567 -0.044889 0.208221,
        2.464567 -0.057383 0.199474,
        2.464567 -0.060685 0.196322,
        2.464567 -0.076698 0.168861,
        2.464567 -0.070359 0.183684,
        2.464567 -0.079724 0.151439,
        2.464567 -0.079959 0.144470,
        2.464567 -0.071903 0.108837,
        2.464567 -0.077333 0.122767,
        2.464567 -0.063942 0.097444,
        2.464567 -0.062835 0.096235,
        2.464567 -0.052112 0.087323,
        2.464567 -0.025060 0.078401,
        2.464567 -0.039520 0.081381,
        2.464567 0.118441 0.095485,
        2.464567 0.118441 0.080270,
        2.464567 0.063894 0.095485,
        2.464567 0.063894 0.140377,
        2.464567 0.111618 0.140377,
        2.464567 0.111618 0.155659,
        2.464567 0.063894 0.155659,
        2.464567 0.063894 0.198369,
        2.464567 0.115405 0.198369,
        2.464567 0.115405 0.213719,
        2.464567 0.046667 0.213719,
        2.464567 0.046667 0.080270,
        2.464567 0.232173 0.098964,
        2.464567 0.218356 0.107939,
        2.464567 0.218210 0.088957,
        2.464567 0.209746 0.101960,
        2.464567 0.202992 0.083022,
        2.464567 0.198720 0.097687,
        2.464567 0.180356 0.080270,
        2.464567 0.180253 0.095485,
        2.464567 0.143650 0.080270,
        2.464567 0.160877 0.095485,
        2.464567 0.143650 0.213719,
        2.464567 0.160877 0.198369,
        2.464567 0.181720 0.213719,
        2.464567 0.181038 0.198369,
        2.464567 0.182436 0.198358,
        2.464567 0.202097 0.211469,
        2.464567 0.199501 0.196149,
        2.464567 0.218202 0.205585,
        2.464567 0.210854 0.191751,
        2.464567 0.232173 0.196049,
        2.464567 0.219551 0.185815,
        2.464567 0.236890 0.191433,
        2.464567 0.223285 0.182133,
        2.464567 0.245148 0.179796,
        2.464567 0.228454 0.174649,
        2.464567 0.250082 0.167065,
        2.464567 0.232213 0.164898,
        2.464567 0.252299 0.148700,
        2.464567 0.234185 0.148223,
        2.464567 0.251898 0.140193,
        2.464567 0.233659 0.139024,
        2.464567 0.248663 0.124570,
        2.464567 0.230960 0.126965,
        2.464567 0.242090 0.110768,
        2.464567 0.226261 0.117157,
        2.464567 0.219926 0.109402,
        2.460630 0.181038 0.198369,
        2.460630 0.160877 0.198369,
        2.460630 0.160877 0.095485,
        2.460630 0.180253 0.095485,
        2.460630 0.219926 0.109402,
        2.460630 0.218356 0.107939,
        2.460630 0.209746 0.101960,
        2.460630 0.198720 0.097687,
        2.460630 0.234185 0.148223,
        2.460630 0.233659 0.139024,
        2.460630 0.230960 0.126965,
        2.460630 0.226261 0.117157,
        2.460630 0.219551 0.185815,
        2.460630 0.223285 0.182133,
        2.460630 0.228454 0.174649,
        2.460630 0.232213 0.164898,
        2.460630 0.182436 0.198358,
        2.460630 0.199501 0.196149,
        2.460630 0.210854 0.191751,
      ]
    }
    coordIndex [
      96, 97, 2, -1,
      2, 97, 78, -1,
      98, 96, 1, -1,
      1, 96, 2, -1,
      99, 98, 0, -1,
      0, 98, 1, -1,
      100, 99, 77, -1,
      77, 99, 0, -1,
      101, 100, 76, -1,
      76, 100, 77, -1,
      97, 101, 78, -1,
      78, 101, 76, -1,
      99, 100, 98, -1,
      98, 100, 101, -1,
      98, 101, 96, -1,
      96, 101, 97, -1,
      102, 103, 70, -1,
      70, 71, 102, -1,
      102, 71, 75, -1,
      102, 75, 104, -1,
      104, 75, 74, -1,
      74, 73, 104, -1,
      104, 73, 72, -1,
      104, 72, 105, -1,
      106, 105, 26, -1,
      26, 105, 72, -1,
      106, 26, 23, -1,
      106, 23, 107, -1,
      23, 37, 107, -1,
      107, 37, 38, -1,
      107, 38, 108, -1,
      108, 38, 39, -1,
      108, 39, 109, -1,
      109, 39, 44, -1,
      109, 44, 110, -1,
      110, 44, 45, -1,
      110, 45, 111, -1,
      111, 45, 43, -1,
      111, 43, 112, -1,
      112, 43, 42, -1,
      112, 42, 113, -1,
      113, 42, 41, -1,
      113, 41, 114, -1,
      114, 41, 40, -1,
      114, 40, 115, -1,
      115, 40, 36, -1,
      115, 36, 116, -1,
      116, 36, 35, -1,
      116, 35, 117, -1,
      117, 35, 34, -1,
      117, 34, 118, -1,
      118, 34, 33, -1,
      118, 33, 119, -1,
      119, 33, 32, -1,
      119, 32, 120, -1,
      120, 32, 31, -1,
      120, 31, 121, -1,
      121, 31, 30, -1,
      121, 30, 122, -1,
      122, 30, 29, -1,
      122, 29, 123, -1,
      123, 29, 22, -1,
      123, 22, 124, -1,
      124, 22, 21, -1,
      124, 21, 125, -1,
      125, 21, 24, -1,
      28, 126, 24, -1,
      24, 126, 127, -1,
      24, 127, 125, -1,
      28, 27, 126, -1,
      126, 27, 25, -1,
      126, 25, 128, -1,
      129, 128, 49, -1,
      49, 128, 25, -1,
      129, 49, 48, -1,
      129, 48, 130, -1,
      50, 131, 46, -1,
      46, 131, 130, -1,
      46, 130, 47, -1,
      47, 130, 48, -1,
      131, 50, 51, -1,
      131, 51, 132, -1,
      51, 56, 132, -1,
      132, 56, 55, -1,
      132, 55, 133, -1,
      133, 55, 54, -1,
      133, 54, 134, -1,
      134, 54, 53, -1,
      134, 53, 135, -1,
      135, 53, 52, -1,
      58, 136, 52, -1,
      52, 136, 137, -1,
      52, 137, 135, -1,
      58, 57, 136, -1,
      136, 57, 62, -1,
      136, 62, 138, -1,
      138, 62, 61, -1,
      138, 61, 139, -1,
      139, 61, 60, -1,
      59, 140, 60, -1,
      60, 140, 141, -1,
      60, 141, 139, -1,
      59, 67, 140, -1,
      140, 67, 66, -1,
      140, 66, 142, -1,
      142, 66, 65, -1,
      142, 65, 143, -1,
      63, 144, 64, -1,
      64, 144, 143, -1,
      64, 143, 65, -1,
      68, 145, 63, -1,
      63, 145, 146, -1,
      63, 146, 144, -1,
      68, 69, 145, -1,
      145, 69, 70, -1,
      145, 70, 103, -1,
      122, 123, 132, -1,
      118, 119, 137, -1,
      137, 119, 135, -1,
      132, 123, 131, -1,
      139, 117, 138, -1,
      138, 117, 118, -1,
      138, 118, 136, -1,
      136, 118, 137, -1,
      123, 124, 131, -1,
      131, 124, 125, -1,
      131, 125, 130, -1,
      130, 125, 127, -1,
      130, 127, 129, -1,
      129, 127, 126, -1,
      129, 126, 128, -1,
      105, 106, 104, -1,
      104, 106, 107, -1,
      104, 107, 102, -1,
      102, 107, 108, -1,
      102, 108, 103, -1,
      103, 108, 109, -1,
      103, 109, 145, -1,
      145, 109, 110, -1,
      145, 110, 146, -1,
      146, 110, 111, -1,
      146, 111, 144, -1,
      144, 111, 112, -1,
      144, 112, 143, -1,
      143, 112, 113, -1,
      143, 113, 142, -1,
      142, 113, 114, -1,
      142, 114, 140, -1,
      140, 114, 141, -1,
      141, 114, 115, -1,
      141, 115, 139, -1,
      139, 115, 116, -1,
      139, 116, 117, -1,
      119, 120, 135, -1,
      135, 120, 121, -1,
      135, 121, 134, -1,
      134, 121, 122, -1,
      134, 122, 133, -1,
      133, 122, 132, -1,
      147, 148, 10, -1,
      10, 148, 18, -1,
      6, 149, 8, -1,
      8, 149, 147, -1,
      8, 147, 10, -1,
      150, 149, 5, -1,
      5, 149, 6, -1,
      150, 5, 151, -1,
      151, 5, 7, -1,
      151, 7, 9, -1,
      152, 151, 11, -1,
      11, 151, 9, -1,
      15, 153, 13, -1,
      13, 153, 152, -1,
      13, 152, 11, -1,
      154, 153, 16, -1,
      16, 153, 15, -1,
      12, 155, 14, -1,
      14, 155, 154, -1,
      14, 154, 16, -1,
      156, 155, 3, -1,
      3, 155, 12, -1,
      20, 157, 4, -1,
      4, 157, 156, -1,
      4, 156, 3, -1,
      158, 157, 17, -1,
      17, 157, 20, -1,
      18, 148, 19, -1,
      19, 148, 158, -1,
      19, 158, 17, -1,
      158, 148, 147, -1,
      147, 149, 158, -1,
      158, 149, 150, -1,
      158, 150, 157, -1,
      155, 156, 154, -1,
      154, 156, 157, -1,
      154, 157, 153, -1,
      153, 157, 150, -1,
      153, 150, 152, -1,
      152, 150, 151, -1,
      159, 160, 161, -1,
      161, 160, 162, -1,
      161, 162, 163, -1,
      163, 162, 164, -1,
      163, 164, 165, -1,
      165, 164, 166, -1,
      165, 166, 167, -1,
      167, 166, 168, -1,
      167, 168, 169, -1,
      169, 168, 170, -1,
      169, 170, 171, -1,
      170, 172, 171, -1,
      171, 172, 173, -1,
      171, 173, 174, -1,
      174, 173, 175, -1,
      174, 175, 176, -1,
      176, 175, 177, -1,
      176, 177, 178, -1,
      178, 177, 179, -1,
      178, 179, 180, -1,
      180, 179, 181, -1,
      180, 181, 182, -1,
      182, 181, 183, -1,
      182, 183, 184, -1,
      184, 183, 185, -1,
      184, 185, 186, -1,
      186, 185, 187, -1,
      186, 187, 188, -1,
      188, 187, 189, -1,
      188, 189, 190, -1,
      190, 189, 191, -1,
      190, 191, 192, -1,
      192, 191, 193, -1,
      192, 193, 159, -1,
      159, 193, 194, -1,
      159, 194, 160, -1,
      165, 167, 91, -1,
      91, 167, 92, -1,
      165, 91, 90, -1,
      165, 90, 163, -1,
      163, 90, 86, -1,
      163, 86, 161, -1,
      161, 86, 85, -1,
      161, 85, 159, -1,
      159, 85, 84, -1,
      159, 84, 192, -1,
      192, 84, 83, -1,
      192, 83, 190, -1,
      190, 83, 82, -1,
      190, 82, 188, -1,
      188, 82, 81, -1,
      188, 81, 186, -1,
      186, 81, 80, -1,
      186, 80, 184, -1,
      184, 80, 79, -1,
      184, 79, 182, -1,
      182, 79, 95, -1,
      182, 95, 180, -1,
      180, 95, 94, -1,
      180, 94, 178, -1,
      178, 94, 89, -1,
      178, 89, 176, -1,
      176, 89, 88, -1,
      176, 88, 174, -1,
      174, 88, 87, -1,
      174, 87, 171, -1,
      169, 171, 93, -1,
      93, 171, 87, -1,
      167, 169, 92, -1,
      92, 169, 93, -1,
      172, 170, 195, -1,
      195, 170, 196, -1,
      170, 168, 196, -1,
      196, 168, 197, -1,
      168, 166, 197, -1,
      197, 166, 198, -1,
      194, 199, 200, -1,
      194, 200, 160, -1,
      160, 200, 201, -1,
      160, 201, 162, -1,
      162, 201, 202, -1,
      162, 202, 164, -1,
      164, 202, 198, -1,
      164, 198, 166, -1,
      187, 203, 204, -1,
      187, 204, 189, -1,
      189, 204, 205, -1,
      189, 205, 191, -1,
      191, 205, 206, -1,
      191, 206, 193, -1,
      193, 206, 199, -1,
      193, 199, 194, -1,
      179, 207, 208, -1,
      179, 208, 181, -1,
      181, 208, 209, -1,
      181, 209, 183, -1,
      183, 209, 210, -1,
      183, 210, 185, -1,
      185, 210, 203, -1,
      185, 203, 187, -1,
      172, 195, 211, -1,
      172, 211, 173, -1,
      173, 211, 212, -1,
      173, 212, 175, -1,
      175, 212, 213, -1,
      175, 213, 177, -1,
      177, 213, 207, -1,
      177, 207, 179, -1,
    ]
  }
}

Shape {
  appearance Appearance {
    material Material {
      diffuseColor 0.2510 0.2510 0.2510
      specularColor 0.1255 0.1255 0.1255
      ambientIntensity 0.2
      transparency 0.0000
      shininess 0.5
    }
  }
  geometry IndexedFaceSet {
    ccw TRUE
    solid FALSE
    coord DEF co Coordinate {
      point [
        2.460630 0.181038 0.198369,
        2.460630 0.160877 0.198369,
        2.460630 0.160877 0.095485,
        2.460630 0.180253 0.095485,
        2.460630 0.219926 0.109402,
        2.460630 0.218356 0.107939,
        2.460630 0.209746 0.101960,
        2.460630 0.198720 0.097687,
        2.460630 0.234185 0.148223,
        2.460630 0.233659 0.139024,
        2.460630 0.230960 0.126965,
        2.460630 0.226261 0.117157,
        2.460630 0.219551 0.185815,
        2.460630 0.223285 0.182133,
        2.460630 0.228454 0.174649,
        2.460630 0.232213 0.164898,
        2.460630 0.182436 0.198358,
        2.460630 0.199501 0.196149,
        2.460630 0.210854 0.191751,
      ]
    }
    coordIndex [
      6, 5, 16, -1,
      1, 2, 0, -1,
      0, 2, 3, -1,
      0, 3, 16, -1,
      16, 3, 7, -1,
      16, 7, 6, -1,
      5, 4, 16, -1,
      16, 4, 11, -1,
      16, 11, 10, -1,
      8, 12, 18, -1,
      15, 14, 8, -1,
      8, 14, 13, -1,
      8, 13, 12, -1,
      10, 9, 16, -1,
      16, 9, 8, -1,
      16, 8, 17, -1,
      17, 8, 18, -1,
    ]
  }
}

Shape {
  appearance Appearance {
    material Material {
      diffuseColor 1.0000 1.0000 1.0000
      specularColor 0.5020 0.5020 0.5020
      ambientIntensity 0.2
      transparency 0.0000
      shininess 0.5
    }
  }
  geometry IndexedFaceSet {
    ccw TRUE
    solid FALSE
    coord DEF co Coordinate {
      point [
        2.460630 0.379779 0.080270,
        2.460630 0.360744 0.080270,
        2.460630 0.347133 0.116771,
        2.460630 0.298164 0.116771,
        2.460630 0.328951 0.213719,
        2.460630 0.291563 0.116771,
        2.460630 0.278737 0.080270,
        2.460630 0.259702 0.080270,
        2.460630 0.298164 0.181253,
        2.460630 0.310530 0.213719,
        2.464567 0.297021 0.131849,
        2.464567 0.291563 0.116771,
        2.464567 0.341811 0.131849,
        2.464567 0.347133 0.116771,
        2.464567 0.316977 0.187316,
        2.464567 0.310530 0.213719,
        2.464567 0.259702 0.080270,
        2.464567 0.278737 0.080270,
        2.464567 0.318133 0.191299,
        2.464567 0.319160 0.196663,
        2.464567 0.328951 0.213719,
        2.464567 0.319570 0.196663,
        2.464567 0.320648 0.191017,
        2.464567 0.321651 0.187316,
        2.464567 0.379779 0.080270,
        2.464567 0.360744 0.080270,
        2.460630 0.297021 0.131849,
        2.460630 0.341811 0.131849,
        2.460630 0.321651 0.187316,
        2.460630 0.319570 0.196663,
        2.460630 0.320648 0.191017,
        2.460630 0.319160 0.196663,
        2.460630 0.316977 0.187316,
        2.460630 0.318133 0.191299,
      ]
    }
    coordIndex [
      10, 11, 12, -1,
      12, 11, 13, -1,
      14, 15, 10, -1,
      10, 15, 16, -1,
      10, 16, 11, -1,
      11, 16, 17, -1,
      14, 18, 15, -1,
      15, 18, 19, -1,
      15, 19, 20, -1,
      20, 19, 21, -1,
      20, 21, 22, -1,
      22, 23, 20, -1,
      20, 23, 12, -1,
      20, 12, 24, -1,
      24, 12, 13, -1,
      24, 13, 25, -1,
      20, 24, 4, -1,
      4, 24, 0, -1,
      15, 20, 9, -1,
      9, 20, 4, -1,
      7, 16, 8, -1,
      8, 16, 15, -1,
      8, 15, 9, -1,
      17, 16, 6, -1,
      6, 16, 7, -1,
      11, 17, 5, -1,
      5, 17, 6, -1,
      2, 13, 3, -1,
      3, 13, 11, -1,
      3, 11, 5, -1,
      25, 13, 1, -1,
      1, 13, 2, -1,
      24, 25, 0, -1,
      0, 25, 1, -1,
      10, 12, 26, -1,
      26, 12, 27, -1,
      12, 23, 27, -1,
      27, 23, 28, -1,
      21, 29, 30, -1,
      21, 30, 22, -1,
      22, 30, 28, -1,
      22, 28, 23, -1,
      21, 19, 29, -1,
      29, 19, 31, -1,
      14, 32, 33, -1,
      14, 33, 18, -1,
      18, 33, 31, -1,
      18, 31, 19, -1,
      14, 10, 32, -1,
      32, 10, 26, -1,
    ]
  }
}

Shape {
  appearance Appearance {
    material Material {
      diffuseColor 0.2510 0.2510 0.2510
      specularColor 0.1255 0.1255 0.1255
      ambientIntensity 0.2
      transparency 0.0000
      shininess 0.5
    }
  }
  geometry IndexedFaceSet {
    ccw TRUE
    solid FALSE
    coord DEF co Coordinate {
      point [
        2.460630 0.297021 0.131849,
        2.460630 0.341811 0.131849,
        2.460630 0.321651 0.187316,
        2.460630 0.319570 0.196663,
        2.460630 0.320648 0.191017,
        2.460630 0.319160 0.196663,
        2.460630 0.316977 0.187316,
        2.460630 0.318133 0.191299,
      ]
    }
    coordIndex [
      3, 5, 4, -1,
      4, 5, 7, -1,
      4, 7, 2, -1,
      2, 7, 6, -1,
      2, 6, 1, -1,
      1, 6, 0, -1,
    ]
  }
}

Shape {
  appearance Appearance {
    material Material {
      diffuseColor 1.0000 1.0000 1.0000
      specularColor 0.5020 0.5020 0.5020
      ambientIntensity 0.2
      transparency 0.0000
      shininess 0.5
    }
  }
  geometry IndexedFaceSet {
    ccw TRUE
    solid FALSE
    coord DEF co Coordinate {
      point [
        2.460630 -0.061009 -0.085711,
        2.460630 -0.058707 -0.059046,
        2.460630 -0.064426 -0.090443,
        2.460630 -0.066799 -0.096281,
        2.460630 -0.047795 -0.132524,
        2.460630 -0.054204 -0.130108,
        2.460630 -0.065156 -0.119187,
        2.460630 -0.067185 -0.113543,
        2.460630 -0.008152 -0.131434,
        2.460630 -0.008152 -0.116697,
        2.460630 -0.008595 -0.116697,
        2.460630 -0.015493 -0.034915,
        2.460630 -0.008528 -0.037095,
        2.460630 -0.055765 -0.081307,
        2.460630 -0.048424 -0.077690,
        2.460630 -0.048920 -0.052640,
        2.460630 -0.036397 -0.074807,
        2.460630 -0.021797 -0.048109,
        2.460630 -0.027460 -0.047517,
        2.460630 -0.038496 -0.048795,
        2.460630 -0.059833 -0.126180,
        2.460630 -0.061677 -0.124314,
        2.460630 -0.003017 -0.040316,
        2.460630 0.001404 -0.044633,
        2.460630 0.004790 -0.050111,
        2.460630 -0.012890 -0.122772,
        2.460630 -0.018395 -0.127849,
        2.460630 -0.021689 -0.129912,
        2.460630 -0.058707 -0.042809,
        2.460630 -0.055233 -0.040797,
        2.460630 -0.042799 -0.035987,
        2.460630 -0.025891 -0.033939,
        2.460630 -0.068020 -0.105917,
        2.460630 -0.067946 -0.103383,
        2.460630 -0.008152 -0.070850,
        2.460630 -0.008733 -0.063458,
        2.460630 -0.010461 -0.057507,
        2.460630 -0.012426 -0.054065,
        2.460630 0.007366 -0.057862,
        2.460630 0.008563 -0.070099,
        2.460630 0.008563 -0.131434,
        2.460630 -0.014952 -0.051376,
        2.460630 -0.017920 -0.049464,
        2.460630 -0.047490 -0.132559,
        2.460630 -0.037796 -0.133685,
        2.460630 -0.028663 -0.132559,
        2.460630 -0.028322 -0.132517,
        2.460630 -0.155792 0.002015,
        2.460630 -0.155792 -0.131434,
        2.460630 -0.087055 0.002015,
        2.460630 -0.087055 -0.013335,
        2.460630 -0.084019 -0.116220,
        2.460630 -0.084019 -0.131434,
        2.460630 -0.138565 -0.071327,
        2.460630 -0.138565 -0.116220,
        2.460630 -0.090841 -0.071327,
        2.460630 -0.090841 -0.056044,
        2.460630 -0.138565 -0.056044,
        2.460630 -0.138565 -0.013335,
        2.464567 -0.084019 -0.116220,
        2.464567 -0.084019 -0.131434,
        2.464567 -0.138565 -0.116220,
        2.464567 -0.138565 -0.071327,
        2.464567 -0.090841 -0.071327,
        2.464567 -0.090841 -0.056044,
        2.464567 -0.138565 -0.056044,
        2.464567 -0.138565 -0.013335,
        2.464567 -0.087055 -0.013335,
        2.464567 -0.087055 0.002015,
        2.464567 -0.155792 0.002015,
        2.464567 -0.155792 -0.131434,
        2.464567 -0.008595 -0.116697,
        2.464567 -0.008152 -0.116697,
        2.464567 -0.009244 -0.101317,
        2.464567 -0.008168 -0.093859,
        2.464567 0.008563 -0.070099,
        2.464567 -0.008152 -0.092750,
        2.464567 -0.008152 -0.083608,
        2.464567 -0.008152 -0.131434,
        2.464567 0.008563 -0.131434,
        2.464567 -0.050924 -0.101900,
        2.464567 -0.050099 -0.098072,
        2.464567 -0.064426 -0.090443,
        2.464567 -0.011696 -0.107281,
        2.464567 -0.015316 -0.112194,
        2.464567 -0.012890 -0.122772,
        2.464567 -0.017411 -0.114243,
        2.464567 -0.018395 -0.127849,
        2.464567 -0.022135 -0.117430,
        2.464567 -0.021689 -0.129912,
        2.464567 -0.027207 -0.119272,
        2.464567 -0.028322 -0.132517,
        2.464567 -0.033463 -0.119972,
        2.464567 -0.037796 -0.133685,
        2.464567 -0.039109 -0.119336,
        2.464567 -0.047795 -0.132524,
        2.464567 -0.042891 -0.117948,
        2.464567 -0.054204 -0.130108,
        2.464567 -0.046222 -0.115674,
        2.464567 -0.059833 -0.126180,
        2.464567 -0.047643 -0.114245,
        2.464567 -0.061009 -0.085711,
        2.464567 -0.048632 -0.094954,
        2.464567 -0.055765 -0.081307,
        2.464567 -0.046631 -0.092477,
        2.464567 -0.048424 -0.077690,
        2.464567 -0.044645 -0.090925,
        2.464567 -0.040815 -0.089045,
        2.464567 -0.036397 -0.074807,
        2.464567 -0.030462 -0.086609,
        2.464567 -0.008152 -0.070850,
        2.464567 -0.066799 -0.096281,
        2.464567 -0.067946 -0.103383,
        2.464567 -0.051066 -0.104553,
        2.464567 -0.068020 -0.105917,
        2.464567 -0.050641 -0.108391,
        2.464567 -0.067185 -0.113543,
        2.464567 -0.049543 -0.111427,
        2.464567 -0.065156 -0.119187,
        2.464567 -0.061677 -0.124314,
        2.464567 -0.058707 -0.042809,
        2.464567 -0.058707 -0.059046,
        2.464567 -0.055233 -0.040797,
        2.464567 -0.048920 -0.052640,
        2.464567 -0.042799 -0.035987,
        2.464567 -0.038496 -0.048795,
        2.464567 -0.025891 -0.033939,
        2.464567 -0.027460 -0.047517,
        2.464567 -0.015493 -0.034915,
        2.464567 -0.021797 -0.048109,
        2.464567 -0.008528 -0.037095,
        2.464567 -0.017920 -0.049464,
        2.464567 -0.003017 -0.040316,
        2.464567 -0.014952 -0.051376,
        2.464567 0.001404 -0.044633,
        2.464567 -0.012426 -0.054065,
        2.464567 0.004790 -0.050111,
        2.464567 -0.010461 -0.057507,
        2.464567 0.007366 -0.057862,
        2.464567 -0.008733 -0.063458,
        2.460630 -0.046631 -0.092477,
        2.460630 -0.044645 -0.090925,
        2.460630 -0.040815 -0.089045,
        2.460630 -0.030462 -0.086609,
        2.460630 -0.051066 -0.104553,
        2.460630 -0.050924 -0.101900,
        2.460630 -0.050099 -0.098072,
        2.460630 -0.048632 -0.094954,
        2.460630 -0.046222 -0.115674,
        2.460630 -0.047643 -0.114245,
        2.460630 -0.049543 -0.111427,
        2.460630 -0.050641 -0.108391,
        2.460630 -0.033463 -0.119972,
        2.460630 -0.039109 -0.119336,
        2.460630 -0.042891 -0.117948,
        2.460630 -0.015316 -0.112194,
        2.460630 -0.017411 -0.114243,
        2.460630 -0.022135 -0.117430,
        2.460630 -0.027207 -0.119272,
        2.460630 -0.008152 -0.092750,
        2.460630 -0.008168 -0.093859,
        2.460630 -0.009244 -0.101317,
        2.460630 -0.011696 -0.107281,
        2.460630 -0.008152 -0.083608,
      ]
    }
    coordIndex [
      59, 60, 51, -1,
      51, 60, 52, -1,
      61, 59, 54, -1,
      54, 59, 51, -1,
      62, 61, 53, -1,
      53, 61, 54, -1,
      63, 62, 55, -1,
      55, 62, 53, -1,
      64, 63, 56, -1,
      56, 63, 55, -1,
      65, 64, 57, -1,
      57, 64, 56, -1,
      66, 65, 58, -1,
      58, 65, 57, -1,
      67, 66, 50, -1,
      50, 66, 58, -1,
      68, 67, 49, -1,
      49, 67, 50, -1,
      69, 68, 47, -1,
      47, 68, 49, -1,
      70, 69, 48, -1,
      48, 69, 47, -1,
      60, 70, 52, -1,
      52, 70, 48, -1,
      70, 60, 59, -1,
      59, 61, 70, -1,
      70, 61, 62, -1,
      70, 62, 69, -1,
      67, 68, 66, -1,
      66, 68, 69, -1,
      66, 69, 65, -1,
      65, 69, 62, -1,
      65, 62, 64, -1,
      64, 62, 63, -1,
      71, 72, 73, -1,
      74, 75, 76, -1,
      76, 75, 77, -1,
      78, 79, 72, -1,
      72, 79, 75, -1,
      72, 75, 73, -1,
      73, 75, 74, -1,
      80, 81, 82, -1,
      73, 83, 71, -1,
      71, 83, 84, -1,
      71, 84, 85, -1,
      85, 84, 86, -1,
      85, 86, 87, -1,
      87, 86, 88, -1,
      87, 88, 89, -1,
      89, 88, 90, -1,
      89, 90, 91, -1,
      91, 90, 92, -1,
      91, 92, 93, -1,
      93, 92, 94, -1,
      93, 94, 95, -1,
      95, 94, 96, -1,
      95, 96, 97, -1,
      97, 96, 98, -1,
      97, 98, 99, -1,
      99, 98, 100, -1,
      82, 81, 101, -1,
      101, 81, 102, -1,
      101, 102, 103, -1,
      103, 102, 104, -1,
      103, 104, 105, -1,
      104, 106, 105, -1,
      105, 106, 107, -1,
      105, 107, 108, -1,
      108, 107, 109, -1,
      108, 109, 110, -1,
      82, 111, 80, -1,
      80, 111, 112, -1,
      80, 112, 113, -1,
      113, 112, 114, -1,
      113, 114, 115, -1,
      115, 114, 116, -1,
      115, 116, 117, -1,
      117, 116, 118, -1,
      117, 118, 100, -1,
      100, 118, 119, -1,
      100, 119, 99, -1,
      120, 121, 122, -1,
      122, 121, 123, -1,
      122, 123, 124, -1,
      124, 123, 125, -1,
      124, 125, 126, -1,
      126, 125, 127, -1,
      126, 127, 128, -1,
      128, 127, 129, -1,
      128, 129, 130, -1,
      130, 129, 131, -1,
      130, 131, 132, -1,
      132, 131, 133, -1,
      132, 133, 134, -1,
      134, 133, 135, -1,
      134, 135, 136, -1,
      136, 135, 137, -1,
      136, 137, 138, -1,
      138, 137, 139, -1,
      138, 139, 75, -1,
      75, 139, 110, -1,
      75, 110, 77, -1,
      77, 110, 109, -1,
      126, 31, 30, -1,
      126, 30, 124, -1,
      124, 30, 29, -1,
      124, 29, 122, -1,
      122, 29, 28, -1,
      122, 28, 120, -1,
      121, 120, 1, -1,
      1, 120, 28, -1,
      121, 1, 15, -1,
      121, 15, 123, -1,
      123, 15, 19, -1,
      123, 19, 125, -1,
      125, 19, 18, -1,
      125, 18, 127, -1,
      127, 18, 17, -1,
      127, 17, 129, -1,
      129, 17, 42, -1,
      129, 42, 131, -1,
      131, 42, 41, -1,
      131, 41, 133, -1,
      133, 41, 37, -1,
      133, 37, 135, -1,
      135, 37, 36, -1,
      135, 36, 137, -1,
      137, 36, 35, -1,
      137, 35, 139, -1,
      139, 35, 34, -1,
      139, 34, 110, -1,
      108, 110, 16, -1,
      16, 110, 34, -1,
      108, 16, 14, -1,
      108, 14, 105, -1,
      105, 14, 13, -1,
      105, 13, 103, -1,
      103, 13, 0, -1,
      103, 0, 101, -1,
      101, 0, 2, -1,
      101, 2, 82, -1,
      82, 2, 3, -1,
      82, 3, 111, -1,
      111, 3, 33, -1,
      111, 33, 112, -1,
      112, 33, 32, -1,
      112, 32, 114, -1,
      114, 32, 7, -1,
      114, 7, 116, -1,
      116, 7, 6, -1,
      116, 6, 118, -1,
      118, 6, 21, -1,
      118, 21, 119, -1,
      119, 21, 20, -1,
      119, 20, 99, -1,
      44, 93, 43, -1,
      43, 93, 95, -1,
      43, 95, 4, -1,
      4, 95, 97, -1,
      4, 97, 5, -1,
      5, 97, 99, -1,
      5, 99, 20, -1,
      44, 45, 93, -1,
      93, 45, 91, -1,
      45, 46, 91, -1,
      91, 46, 27, -1,
      91, 27, 89, -1,
      89, 27, 26, -1,
      89, 26, 87, -1,
      87, 26, 25, -1,
      87, 25, 85, -1,
      85, 25, 10, -1,
      85, 10, 71, -1,
      72, 71, 9, -1,
      9, 71, 10, -1,
      78, 72, 8, -1,
      8, 72, 9, -1,
      79, 78, 40, -1,
      40, 78, 8, -1,
      75, 79, 39, -1,
      39, 79, 40, -1,
      75, 39, 38, -1,
      75, 38, 138, -1,
      138, 38, 24, -1,
      138, 24, 136, -1,
      136, 24, 23, -1,
      136, 23, 134, -1,
      134, 23, 22, -1,
      134, 22, 132, -1,
      132, 22, 12, -1,
      132, 12, 130, -1,
      130, 12, 11, -1,
      130, 11, 128, -1,
      128, 11, 31, -1,
      128, 31, 126, -1,
      104, 140, 141, -1,
      104, 141, 106, -1,
      106, 141, 142, -1,
      106, 142, 107, -1,
      107, 142, 143, -1,
      107, 143, 109, -1,
      113, 144, 145, -1,
      113, 145, 80, -1,
      80, 145, 146, -1,
      80, 146, 81, -1,
      81, 146, 147, -1,
      81, 147, 102, -1,
      102, 147, 140, -1,
      102, 140, 104, -1,
      98, 148, 149, -1,
      98, 149, 100, -1,
      100, 149, 150, -1,
      100, 150, 117, -1,
      117, 150, 151, -1,
      117, 151, 115, -1,
      115, 151, 144, -1,
      115, 144, 113, -1,
      92, 152, 153, -1,
      92, 153, 94, -1,
      94, 153, 154, -1,
      94, 154, 96, -1,
      96, 154, 148, -1,
      96, 148, 98, -1,
      84, 155, 156, -1,
      84, 156, 86, -1,
      86, 156, 157, -1,
      86, 157, 88, -1,
      88, 157, 158, -1,
      88, 158, 90, -1,
      90, 158, 152, -1,
      90, 152, 92, -1,
      76, 159, 160, -1,
      76, 160, 74, -1,
      74, 160, 161, -1,
      74, 161, 73, -1,
      73, 161, 162, -1,
      73, 162, 83, -1,
      83, 162, 155, -1,
      83, 155, 84, -1,
      76, 77, 159, -1,
      159, 77, 163, -1,
      77, 109, 163, -1,
      163, 109, 143, -1,
    ]
  }
}

Shape {
  appearance Appearance {
    material Material {
      diffuseColor 0.2510 0.2510 0.2510
      specularColor 0.1255 0.1255 0.1255
      ambientIntensity 0.2
      transparency 0.0000
      shininess 0.5
    }
  }
  geometry IndexedFaceSet {
    ccw TRUE
    solid FALSE
    coord DEF co Coordinate {
      point [
        2.460630 -0.046631 -0.092477,
        2.460630 -0.044645 -0.090925,
        2.460630 -0.040815 -0.089045,
        2.460630 -0.030462 -0.086609,
        2.460630 -0.051066 -0.104553,
        2.460630 -0.050924 -0.101900,
        2.460630 -0.050099 -0.098072,
        2.460630 -0.048632 -0.094954,
        2.460630 -0.046222 -0.115674,
        2.460630 -0.047643 -0.114245,
        2.460630 -0.049543 -0.111427,
        2.460630 -0.050641 -0.108391,
        2.460630 -0.033463 -0.119972,
        2.460630 -0.039109 -0.119336,
        2.460630 -0.042891 -0.117948,
        2.460630 -0.015316 -0.112194,
        2.460630 -0.017411 -0.114243,
        2.460630 -0.022135 -0.117430,
        2.460630 -0.027207 -0.119272,
        2.460630 -0.008152 -0.092750,
        2.460630 -0.008168 -0.093859,
        2.460630 -0.009244 -0.101317,
        2.460630 -0.011696 -0.107281,
        2.460630 -0.008152 -0.083608,
      ]
    }
    coordIndex [
      20, 19, 0, -1,
      19, 23, 3, -1,
      3, 2, 19, -1,
      19, 2, 1, -1,
      19, 1, 0, -1,
      20, 0, 21, -1,
      21, 0, 7, -1,
      21, 7, 22, -1,
      9, 8, 16, -1,
      9, 16, 10, -1,
      17, 16, 18, -1,
      18, 16, 12, -1,
      7, 6, 22, -1,
      22, 6, 5, -1,
      22, 5, 15, -1,
      15, 5, 4, -1,
      15, 4, 16, -1,
      16, 4, 11, -1,
      16, 11, 10, -1,
      8, 14, 16, -1,
      16, 14, 13, -1,
      16, 13, 12, -1,
    ]
  }
}

Shape {
  appearance Appearance {
    material Material {
      diffuseColor 1.0000 1.0000 1.0000
      specularColor 0.5020 0.5020 0.5020
      ambientIntensity 0.2
      transparency 0.0000
      shininess 0.5
    }
  }
  geometry IndexedFaceSet {
    ccw TRUE
    solid FALSE
    coord DEF co Coordinate {
      point [
        2.460630 0.072043 -0.131925,
        2.460630 0.066646 -0.132559,
        2.460630 0.213786 0.002015,
        2.460630 0.256000 0.002015,
        2.460630 0.285559 -0.116220,
        2.460630 0.285559 -0.131434,
        2.460630 0.282523 0.002015,
        2.460630 0.282523 -0.013335,
        2.460630 0.231013 -0.071327,
        2.460630 0.231013 -0.116220,
        2.460630 0.256000 -0.071327,
        2.460630 0.256000 -0.116220,
        2.460630 0.278737 -0.071327,
        2.460630 0.278737 -0.056044,
        2.460630 0.231013 -0.013335,
        2.460630 0.231013 -0.056044,
        2.460630 0.256000 -0.013335,
        2.460630 0.256000 -0.056044,
        2.460630 0.256000 -0.131434,
        2.460630 0.213786 -0.131434,
        2.460630 0.147880 -0.107759,
        2.460630 0.149927 -0.115606,
        2.460630 0.150370 -0.115606,
        2.460630 0.195774 -0.036123,
        2.460630 0.178445 -0.036123,
        2.460630 0.131045 -0.059331,
        2.460630 0.152417 -0.107896,
        2.460630 0.151138 -0.112339,
        2.460630 0.031214 -0.110830,
        2.460630 0.037959 -0.114980,
        2.460630 0.038941 -0.115343,
        2.460630 0.038941 -0.079879,
        2.460630 0.036058 -0.076922,
        2.460630 0.033879 -0.073438,
        2.460630 0.032035 -0.068333,
        2.460630 0.031317 -0.061844,
        2.460630 0.031976 -0.055867,
        2.460630 0.038793 -0.079781,
        2.460630 0.047507 -0.132559,
        2.460630 0.041354 -0.131835,
        2.460630 0.038941 -0.130944,
        2.460630 0.031214 -0.128091,
        2.460630 0.091014 -0.038169,
        2.460630 0.091014 -0.054407,
        2.460630 0.042028 -0.041513,
        2.460630 0.047484 -0.038306,
        2.460630 0.033967 -0.050485,
        2.460630 0.037072 -0.045967,
        2.460630 0.038941 -0.044288,
        2.460630 0.094790 -0.112224,
        2.460630 0.092737 -0.117521,
        2.460630 0.089622 -0.121930,
        2.460630 0.056788 -0.035130,
        2.460630 0.068431 -0.033939,
        2.460630 0.080157 -0.034980,
        2.460630 0.089991 -0.089748,
        2.460630 0.093111 -0.094352,
        2.460630 0.094894 -0.099281,
        2.460630 0.095585 -0.105508,
        2.460630 0.084840 -0.126112,
        2.460630 0.080864 -0.128550,
        2.460630 0.066794 -0.047517,
        2.460630 0.061846 -0.047887,
        2.460630 0.048544 -0.060343,
        2.460630 0.057374 -0.049071,
        2.460630 0.053626 -0.051064,
        2.460630 0.048696 -0.062566,
        2.460630 0.049359 -0.065163,
        2.460630 0.050563 -0.067418,
        2.460630 0.052194 -0.069212,
        2.460630 0.058087 -0.072896,
        2.460630 0.077462 -0.048691,
        2.460630 0.068431 -0.077399,
        2.460630 0.086918 -0.052080,
        2.460630 0.074904 -0.080018,
        2.460630 0.086005 -0.086192,
        2.460630 0.051104 -0.053293,
        2.460630 0.049671 -0.055420,
        2.460630 0.048846 -0.057677,
        2.460630 0.048450 -0.118867,
        2.460630 0.056628 -0.089543,
        2.460630 0.046665 -0.084976,
        2.460630 0.058709 -0.120040,
        2.460630 0.059448 -0.120035,
        2.460630 0.067604 -0.094140,
        2.460630 0.068016 -0.119075,
        2.460630 0.078426 -0.107146,
        2.460630 0.078263 -0.105066,
        2.460630 0.072329 -0.117497,
        2.460630 0.073854 -0.116572,
        2.460630 0.075771 -0.114869,
        2.460630 0.077231 -0.112711,
        2.460630 0.078080 -0.110334,
        2.460630 0.077503 -0.102456,
        2.460630 0.076211 -0.100240,
        2.460630 0.074128 -0.098072,
        2.460630 0.131045 -0.104198,
        2.460630 0.104284 -0.036123,
        2.460630 0.122978 -0.036123,
        2.460630 0.141672 -0.131229,
        2.460630 0.141108 -0.132559,
        2.460630 0.134337 -0.148558,
        2.460630 0.107729 -0.174962,
        2.460630 0.107729 -0.160089,
        2.460630 0.127900 -0.158095,
        2.460630 0.131013 -0.154633,
        2.460630 0.131045 -0.154576,
        2.460630 0.057072 -0.133685,
        2.460630 0.111149 -0.161209,
        2.460630 0.117213 -0.161999,
        2.460630 0.131045 -0.173346,
        2.460630 0.125262 -0.175550,
        2.460630 0.118509 -0.176326,
        2.460630 0.114819 -0.176194,
        2.460630 0.121433 -0.161499,
        2.460630 0.125071 -0.160077,
        2.460630 0.152519 -0.145830,
        2.460630 0.144952 -0.160566,
        2.460630 0.157752 -0.132559,
        2.460630 0.138836 -0.167912,
        2.460630 0.137696 -0.168957,
        2.460630 0.131858 -0.173037,
        2.460630 0.310769 -0.131434,
        2.460630 0.415782 -0.087134,
        2.460630 0.409209 -0.100936,
        2.460630 0.399291 -0.112740,
        2.460630 0.412267 -0.031909,
        2.460630 0.417200 -0.044639,
        2.460630 0.419418 -0.063004,
        2.460630 0.419017 -0.071511,
        2.460630 0.385329 -0.122746,
        2.460630 0.370111 -0.128682,
        2.460630 0.347474 -0.131434,
        2.460630 0.310769 0.002015,
        2.460630 0.348839 0.002015,
        2.460630 0.369216 -0.000235,
        2.460630 0.385321 -0.006119,
        2.460630 0.399291 -0.015655,
        2.460630 0.404009 -0.020270,
        2.464567 0.031214 -0.110830,
        2.464567 0.037959 -0.114980,
        2.464567 0.058709 -0.120040,
        2.464567 0.048450 -0.118867,
        2.464567 0.031214 -0.128091,
        2.464567 0.041354 -0.131835,
        2.464567 0.057072 -0.133685,
        2.464567 0.072043 -0.131925,
        2.464567 0.080864 -0.128550,
        2.464567 0.084840 -0.126112,
        2.464567 0.089622 -0.121930,
        2.464567 0.092737 -0.117521,
        2.464567 0.094790 -0.112224,
        2.464567 0.095585 -0.105508,
        2.464567 0.094894 -0.099281,
        2.464567 0.093111 -0.094352,
        2.464567 0.089991 -0.089748,
        2.464567 0.086005 -0.086192,
        2.464567 0.074904 -0.080018,
        2.464567 0.068431 -0.077399,
        2.464567 0.058087 -0.072896,
        2.464567 0.052194 -0.069212,
        2.464567 0.050563 -0.067418,
        2.464567 0.049359 -0.065163,
        2.464567 0.048696 -0.062566,
        2.464567 0.048544 -0.060343,
        2.464567 0.048846 -0.057677,
        2.464567 0.049671 -0.055420,
        2.464567 0.051104 -0.053293,
        2.464567 0.053626 -0.051064,
        2.464567 0.057374 -0.049071,
        2.464567 0.061846 -0.047887,
        2.464567 0.066794 -0.047517,
        2.464567 0.077462 -0.048691,
        2.464567 0.086918 -0.052080,
        2.464567 0.091014 -0.054407,
        2.464567 0.091014 -0.038169,
        2.464567 0.080157 -0.034980,
        2.464567 0.068431 -0.033939,
        2.464567 0.056788 -0.035130,
        2.464567 0.047484 -0.038306,
        2.464567 0.042028 -0.041513,
        2.464567 0.037072 -0.045967,
        2.464567 0.033967 -0.050485,
        2.464567 0.031976 -0.055867,
        2.464567 0.031317 -0.061844,
        2.464567 0.032035 -0.068333,
        2.464567 0.033879 -0.073438,
        2.464567 0.036058 -0.076922,
        2.464567 0.056628 -0.089543,
        2.464567 0.046665 -0.084976,
        2.464567 0.038793 -0.079781,
        2.464567 0.067604 -0.094140,
        2.464567 0.074128 -0.098072,
        2.464567 0.076211 -0.100240,
        2.464567 0.077503 -0.102456,
        2.464567 0.078263 -0.105066,
        2.464567 0.078426 -0.107146,
        2.464567 0.078080 -0.110334,
        2.464567 0.077231 -0.112711,
        2.464567 0.075771 -0.114869,
        2.464567 0.073854 -0.116572,
        2.464567 0.072329 -0.117497,
        2.464567 0.068016 -0.119075,
        2.464567 0.059448 -0.120035,
        2.464567 0.178445 -0.036123,
        2.464567 0.195774 -0.036123,
        2.464567 0.152417 -0.107896,
        2.464567 0.151138 -0.112339,
        2.464567 0.150370 -0.115606,
        2.464567 0.149927 -0.115606,
        2.464567 0.147880 -0.107759,
        2.464567 0.122978 -0.036123,
        2.464567 0.104284 -0.036123,
        2.464567 0.141672 -0.131229,
        2.464567 0.134337 -0.148558,
        2.464567 0.131013 -0.154633,
        2.464567 0.127900 -0.158095,
        2.464567 0.125071 -0.160077,
        2.464567 0.121433 -0.161499,
        2.464567 0.117213 -0.161999,
        2.464567 0.111149 -0.161209,
        2.464567 0.107729 -0.160089,
        2.464567 0.107729 -0.174962,
        2.464567 0.114819 -0.176194,
        2.464567 0.118509 -0.176326,
        2.464567 0.125262 -0.175550,
        2.464567 0.131858 -0.173037,
        2.464567 0.137696 -0.168957,
        2.464567 0.138836 -0.167912,
        2.464567 0.144952 -0.160566,
        2.464567 0.152519 -0.145830,
        2.464567 0.285559 -0.116220,
        2.464567 0.285559 -0.131434,
        2.464567 0.231013 -0.116220,
        2.464567 0.231013 -0.071327,
        2.464567 0.278737 -0.071327,
        2.464567 0.278737 -0.056044,
        2.464567 0.231013 -0.056044,
        2.464567 0.231013 -0.013335,
        2.464567 0.282523 -0.013335,
        2.464567 0.282523 0.002015,
        2.464567 0.213786 0.002015,
        2.464567 0.213786 -0.131434,
        2.464567 0.399291 -0.112740,
        2.464567 0.385474 -0.103765,
        2.464567 0.385329 -0.122746,
        2.464567 0.376865 -0.109744,
        2.464567 0.370111 -0.128682,
        2.464567 0.365839 -0.114017,
        2.464567 0.347474 -0.131434,
        2.464567 0.347372 -0.116220,
        2.464567 0.310769 -0.131434,
        2.464567 0.327996 -0.116220,
        2.464567 0.310769 0.002015,
        2.464567 0.327996 -0.013335,
        2.464567 0.348839 0.002015,
        2.464567 0.348156 -0.013335,
        2.464567 0.349555 -0.013346,
        2.464567 0.369216 -0.000235,
        2.464567 0.366619 -0.015555,
        2.464567 0.385321 -0.006119,
        2.464567 0.377972 -0.019953,
        2.464567 0.399291 -0.015655,
        2.464567 0.386670 -0.025889,
        2.464567 0.404009 -0.020270,
        2.464567 0.390404 -0.029571,
        2.464567 0.412267 -0.031909,
        2.464567 0.395573 -0.037055,
        2.464567 0.417200 -0.044639,
        2.464567 0.399332 -0.046806,
        2.464567 0.419418 -0.063004,
        2.464567 0.401304 -0.063481,
        2.464567 0.419017 -0.071511,
        2.464567 0.400777 -0.072680,
        2.464567 0.415782 -0.087134,
        2.464567 0.398078 -0.084739,
        2.464567 0.409209 -0.100936,
        2.464567 0.393380 -0.094547,
        2.464567 0.387045 -0.102302,
        2.460630 0.348156 -0.013335,
        2.460630 0.327996 -0.013335,
        2.460630 0.327996 -0.116220,
        2.460630 0.347372 -0.116220,
        2.460630 0.387045 -0.102302,
        2.460630 0.385474 -0.103765,
        2.460630 0.376865 -0.109744,
        2.460630 0.365839 -0.114017,
        2.460630 0.401304 -0.063481,
        2.460630 0.400777 -0.072680,
        2.460630 0.398078 -0.084739,
        2.460630 0.393380 -0.094547,
        2.460630 0.386670 -0.025889,
        2.460630 0.390404 -0.029571,
        2.460630 0.395573 -0.037055,
        2.460630 0.399332 -0.046806,
        2.460630 0.349555 -0.013346,
        2.460630 0.366619 -0.015555,
        2.460630 0.377972 -0.019953,
      ]
    }
    coordIndex [
      28, 139, 140, -1,
      141, 82, 79, -1,
      141, 79, 142, -1,
      142, 79, 30, -1,
      142, 30, 140, -1,
      140, 30, 29, -1,
      140, 29, 28, -1,
      143, 139, 41, -1,
      41, 139, 28, -1,
      143, 41, 144, -1,
      144, 41, 40, -1,
      107, 145, 38, -1,
      38, 145, 144, -1,
      38, 144, 39, -1,
      39, 144, 40, -1,
      145, 107, 146, -1,
      146, 107, 1, -1,
      1, 0, 146, -1,
      146, 0, 60, -1,
      146, 60, 147, -1,
      147, 60, 59, -1,
      147, 59, 148, -1,
      148, 59, 51, -1,
      148, 51, 149, -1,
      149, 51, 50, -1,
      149, 50, 150, -1,
      150, 50, 49, -1,
      150, 49, 151, -1,
      151, 49, 58, -1,
      151, 58, 152, -1,
      152, 58, 57, -1,
      152, 57, 153, -1,
      153, 57, 56, -1,
      153, 56, 154, -1,
      154, 56, 55, -1,
      154, 55, 155, -1,
      155, 55, 75, -1,
      155, 75, 156, -1,
      156, 75, 74, -1,
      156, 74, 157, -1,
      157, 74, 72, -1,
      157, 72, 158, -1,
      158, 72, 70, -1,
      158, 70, 159, -1,
      159, 70, 69, -1,
      159, 69, 160, -1,
      160, 69, 68, -1,
      160, 68, 161, -1,
      161, 68, 67, -1,
      161, 67, 162, -1,
      162, 67, 66, -1,
      162, 66, 163, -1,
      163, 66, 63, -1,
      163, 63, 164, -1,
      164, 63, 78, -1,
      164, 78, 165, -1,
      165, 78, 77, -1,
      165, 77, 166, -1,
      166, 77, 76, -1,
      166, 76, 167, -1,
      167, 76, 65, -1,
      167, 65, 168, -1,
      168, 65, 64, -1,
      168, 64, 169, -1,
      169, 64, 62, -1,
      169, 62, 170, -1,
      170, 62, 61, -1,
      170, 61, 171, -1,
      171, 61, 71, -1,
      171, 71, 172, -1,
      172, 71, 73, -1,
      172, 73, 173, -1,
      173, 73, 43, -1,
      173, 43, 174, -1,
      175, 174, 42, -1,
      42, 174, 43, -1,
      175, 42, 54, -1,
      175, 54, 176, -1,
      176, 54, 53, -1,
      176, 53, 177, -1,
      177, 53, 52, -1,
      177, 52, 178, -1,
      178, 52, 45, -1,
      178, 45, 179, -1,
      179, 45, 44, -1,
      179, 44, 180, -1,
      180, 44, 181, -1,
      181, 44, 48, -1,
      48, 47, 181, -1,
      181, 47, 46, -1,
      181, 46, 182, -1,
      182, 46, 36, -1,
      182, 36, 183, -1,
      183, 36, 35, -1,
      183, 35, 184, -1,
      184, 35, 34, -1,
      184, 34, 185, -1,
      185, 34, 33, -1,
      185, 33, 186, -1,
      186, 33, 32, -1,
      186, 32, 187, -1,
      80, 188, 189, -1,
      187, 32, 37, -1,
      187, 37, 190, -1,
      190, 37, 31, -1,
      190, 31, 189, -1,
      189, 31, 81, -1,
      189, 81, 80, -1,
      188, 80, 84, -1,
      188, 84, 191, -1,
      191, 84, 95, -1,
      191, 95, 192, -1,
      192, 95, 94, -1,
      192, 94, 193, -1,
      193, 94, 93, -1,
      193, 93, 194, -1,
      194, 93, 87, -1,
      194, 87, 195, -1,
      195, 87, 86, -1,
      195, 86, 196, -1,
      196, 86, 92, -1,
      196, 92, 197, -1,
      197, 92, 91, -1,
      197, 91, 198, -1,
      198, 91, 90, -1,
      198, 90, 199, -1,
      199, 90, 89, -1,
      199, 89, 200, -1,
      200, 89, 88, -1,
      200, 88, 201, -1,
      201, 88, 85, -1,
      201, 85, 202, -1,
      202, 85, 83, -1,
      202, 83, 203, -1,
      203, 83, 82, -1,
      203, 82, 141, -1,
      167, 168, 179, -1,
      179, 168, 178, -1,
      191, 158, 188, -1,
      188, 158, 159, -1,
      147, 148, 199, -1,
      199, 148, 149, -1,
      199, 149, 198, -1,
      198, 149, 150, -1,
      198, 150, 197, -1,
      197, 150, 151, -1,
      197, 151, 196, -1,
      196, 151, 152, -1,
      196, 152, 195, -1,
      195, 152, 153, -1,
      195, 153, 194, -1,
      194, 153, 154, -1,
      194, 154, 193, -1,
      193, 154, 155, -1,
      193, 155, 192, -1,
      192, 155, 156, -1,
      192, 156, 191, -1,
      191, 156, 157, -1,
      191, 157, 158, -1,
      145, 141, 144, -1,
      144, 141, 142, -1,
      144, 142, 143, -1,
      143, 142, 140, -1,
      143, 140, 139, -1,
      168, 169, 178, -1,
      178, 169, 170, -1,
      178, 170, 177, -1,
      177, 170, 171, -1,
      177, 171, 176, -1,
      176, 171, 172, -1,
      176, 172, 175, -1,
      175, 172, 173, -1,
      175, 173, 174, -1,
      199, 200, 147, -1,
      147, 200, 201, -1,
      147, 201, 146, -1,
      146, 201, 202, -1,
      146, 202, 145, -1,
      145, 202, 203, -1,
      145, 203, 141, -1,
      179, 180, 167, -1,
      167, 180, 181, -1,
      167, 181, 166, -1,
      166, 181, 182, -1,
      166, 182, 165, -1,
      165, 182, 183, -1,
      165, 183, 164, -1,
      164, 183, 184, -1,
      164, 184, 163, -1,
      163, 184, 185, -1,
      163, 185, 162, -1,
      162, 185, 186, -1,
      162, 186, 161, -1,
      161, 186, 187, -1,
      161, 187, 160, -1,
      160, 187, 190, -1,
      160, 190, 159, -1,
      159, 190, 189, -1,
      159, 189, 188, -1,
      204, 205, 24, -1,
      24, 205, 23, -1,
      206, 204, 26, -1,
      26, 204, 24, -1,
      206, 26, 27, -1,
      206, 27, 207, -1,
      207, 27, 22, -1,
      207, 22, 208, -1,
      209, 208, 21, -1,
      21, 208, 22, -1,
      210, 209, 20, -1,
      20, 209, 21, -1,
      98, 211, 25, -1,
      25, 211, 210, -1,
      25, 210, 20, -1,
      212, 211, 97, -1,
      97, 211, 98, -1,
      99, 213, 96, -1,
      96, 213, 212, -1,
      96, 212, 97, -1,
      101, 214, 100, -1,
      100, 214, 213, -1,
      100, 213, 99, -1,
      101, 106, 214, -1,
      214, 106, 215, -1,
      106, 105, 215, -1,
      215, 105, 104, -1,
      215, 104, 216, -1,
      216, 104, 115, -1,
      216, 115, 217, -1,
      217, 115, 114, -1,
      217, 114, 218, -1,
      218, 114, 109, -1,
      218, 109, 219, -1,
      219, 109, 108, -1,
      219, 108, 220, -1,
      220, 108, 103, -1,
      220, 103, 221, -1,
      222, 221, 102, -1,
      102, 221, 103, -1,
      222, 102, 113, -1,
      222, 113, 223, -1,
      223, 113, 112, -1,
      223, 112, 224, -1,
      224, 112, 111, -1,
      224, 111, 225, -1,
      225, 111, 110, -1,
      225, 110, 226, -1,
      110, 121, 226, -1,
      226, 121, 120, -1,
      226, 120, 227, -1,
      227, 120, 119, -1,
      227, 119, 228, -1,
      228, 119, 117, -1,
      228, 117, 229, -1,
      229, 117, 116, -1,
      229, 116, 230, -1,
      23, 205, 118, -1,
      118, 205, 230, -1,
      118, 230, 116, -1,
      207, 208, 230, -1,
      205, 204, 230, -1,
      230, 204, 206, -1,
      230, 206, 207, -1,
      211, 212, 210, -1,
      210, 212, 213, -1,
      210, 213, 209, -1,
      221, 222, 220, -1,
      220, 222, 223, -1,
      220, 223, 219, -1,
      219, 223, 224, -1,
      219, 224, 218, -1,
      218, 224, 225, -1,
      218, 225, 217, -1,
      217, 225, 226, -1,
      217, 226, 216, -1,
      208, 209, 230, -1,
      230, 209, 213, -1,
      230, 213, 229, -1,
      213, 214, 229, -1,
      229, 214, 215, -1,
      229, 215, 228, -1,
      228, 215, 216, -1,
      228, 216, 227, -1,
      227, 216, 226, -1,
      231, 232, 4, -1,
      4, 232, 5, -1,
      9, 233, 11, -1,
      11, 233, 231, -1,
      11, 231, 4, -1,
      234, 233, 8, -1,
      8, 233, 9, -1,
      12, 235, 10, -1,
      10, 235, 234, -1,
      10, 234, 8, -1,
      236, 235, 13, -1,
      13, 235, 12, -1,
      15, 237, 17, -1,
      17, 237, 236, -1,
      17, 236, 13, -1,
      238, 237, 14, -1,
      14, 237, 15, -1,
      7, 239, 16, -1,
      16, 239, 238, -1,
      16, 238, 14, -1,
      240, 239, 6, -1,
      6, 239, 7, -1,
      2, 241, 3, -1,
      3, 241, 240, -1,
      3, 240, 6, -1,
      242, 241, 19, -1,
      19, 241, 2, -1,
      5, 232, 18, -1,
      18, 232, 242, -1,
      18, 242, 19, -1,
      239, 240, 238, -1,
      238, 240, 241, -1,
      238, 241, 237, -1,
      232, 231, 242, -1,
      242, 231, 233, -1,
      242, 233, 234, -1,
      235, 236, 234, -1,
      234, 236, 237, -1,
      234, 237, 242, -1,
      242, 237, 241, -1,
      243, 244, 245, -1,
      245, 244, 246, -1,
      245, 246, 247, -1,
      247, 246, 248, -1,
      247, 248, 249, -1,
      249, 248, 250, -1,
      249, 250, 251, -1,
      251, 250, 252, -1,
      251, 252, 253, -1,
      253, 252, 254, -1,
      253, 254, 255, -1,
      254, 256, 255, -1,
      255, 256, 257, -1,
      255, 257, 258, -1,
      258, 257, 259, -1,
      258, 259, 260, -1,
      260, 259, 261, -1,
      260, 261, 262, -1,
      262, 261, 263, -1,
      262, 263, 264, -1,
      264, 263, 265, -1,
      264, 265, 266, -1,
      266, 265, 267, -1,
      266, 267, 268, -1,
      268, 267, 269, -1,
      268, 269, 270, -1,
      270, 269, 271, -1,
      270, 271, 272, -1,
      272, 271, 273, -1,
      272, 273, 274, -1,
      274, 273, 275, -1,
      274, 275, 276, -1,
      276, 275, 277, -1,
      276, 277, 243, -1,
      243, 277, 278, -1,
      243, 278, 244, -1,
      249, 251, 132, -1,
      132, 251, 122, -1,
      249, 132, 131, -1,
      249, 131, 247, -1,
      247, 131, 130, -1,
      247, 130, 245, -1,
      245, 130, 125, -1,
      245, 125, 243, -1,
      243, 125, 124, -1,
      243, 124, 276, -1,
      276, 124, 123, -1,
      276, 123, 274, -1,
      274, 123, 129, -1,
      274, 129, 272, -1,
      272, 129, 128, -1,
      272, 128, 270, -1,
      270, 128, 127, -1,
      270, 127, 268, -1,
      268, 127, 126, -1,
      268, 126, 266, -1,
      266, 126, 138, -1,
      266, 138, 264, -1,
      264, 138, 137, -1,
      264, 137, 262, -1,
      262, 137, 136, -1,
      262, 136, 260, -1,
      260, 136, 135, -1,
      260, 135, 258, -1,
      258, 135, 134, -1,
      258, 134, 255, -1,
      253, 255, 133, -1,
      133, 255, 134, -1,
      251, 253, 122, -1,
      122, 253, 133, -1,
      256, 254, 279, -1,
      279, 254, 280, -1,
      254, 252, 280, -1,
      280, 252, 281, -1,
      252, 250, 281, -1,
      281, 250, 282, -1,
      278, 283, 284, -1,
      278, 284, 244, -1,
      244, 284, 285, -1,
      244, 285, 246, -1,
      246, 285, 286, -1,
      246, 286, 248, -1,
      248, 286, 282, -1,
      248, 282, 250, -1,
      271, 287, 288, -1,
      271, 288, 273, -1,
      273, 288, 289, -1,
      273, 289, 275, -1,
      275, 289, 290, -1,
      275, 290, 277, -1,
      277, 290, 283, -1,
      277, 283, 278, -1,
      263, 291, 292, -1,
      263, 292, 265, -1,
      265, 292, 293, -1,
      265, 293, 267, -1,
      267, 293, 294, -1,
      267, 294, 269, -1,
      269, 294, 287, -1,
      269, 287, 271, -1,
      256, 279, 295, -1,
      256, 295, 257, -1,
      257, 295, 296, -1,
      257, 296, 259, -1,
      259, 296, 297, -1,
      259, 297, 261, -1,
      261, 297, 291, -1,
      261, 291, 263, -1,
    ]
  }
}

Shape {
  appearance Appearance {
    material Material {
      diffuseColor 0.2510 0.2510 0.2510
      specularColor 0.1255 0.1255 0.1255
      ambientIntensity 0.2
      transparency 0.0000
      shininess 0.5
    }
  }
  geometry IndexedFaceSet {
    ccw TRUE
    solid FALSE
    coord DEF co Coordinate {
      point [
        2.460630 0.348156 -0.013335,
        2.460630 0.327996 -0.013335,
        2.460630 0.327996 -0.116220,
        2.460630 0.347372 -0.116220,
        2.460630 0.387045 -0.102302,
        2.460630 0.385474 -0.103765,
        2.460630 0.376865 -0.109744,
        2.460630 0.365839 -0.114017,
        2.460630 0.401304 -0.063481,
        2.460630 0.400777 -0.072680,
        2.460630 0.398078 -0.084739,
        2.460630 0.393380 -0.094547,
        2.460630 0.386670 -0.025889,
        2.460630 0.390404 -0.029571,
        2.460630 0.395573 -0.037055,
        2.460630 0.399332 -0.046806,
        2.460630 0.349555 -0.013346,
        2.460630 0.366619 -0.015555,
        2.460630 0.377972 -0.019953,
      ]
    }
    coordIndex [
      6, 5, 16, -1,
      1, 2, 0, -1,
      0, 2, 3, -1,
      0, 3, 16, -1,
      16, 3, 7, -1,
      16, 7, 6, -1,
      5, 4, 16, -1,
      16, 4, 11, -1,
      16, 11, 10, -1,
      8, 12, 18, -1,
      15, 14, 8, -1,
      8, 14, 13, -1,
      8, 13, 12, -1,
      10, 9, 16, -1,
      16, 9, 8, -1,
      16, 8, 17, -1,
      17, 8, 18, -1,
    ]
  }
}

Shape {
  appearance Appearance {
    material Material {
      diffuseColor 1.0000 1.0000 1.0000
      specularColor 0.5020 0.5020 0.5020
      ambientIntensity 0.2
      transparency 0.0000
      shininess 0.5
    }
  }
  geometry IndexedFaceSet {
    ccw TRUE
    solid FALSE
    coord DEF co Coordinate {
      point [
        2.460630 0.445855 -0.131434,
        2.460630 0.426820 -0.131434,
        2.460630 0.527863 -0.131434,
        2.460630 0.514252 -0.094933,
        2.460630 0.458681 -0.094933,
        2.460630 0.477648 0.002015,
        2.460630 0.496069 0.002015,
        2.460630 0.546897 -0.131434,
        2.464567 0.464140 -0.079855,
        2.464567 0.458681 -0.094933,
        2.464567 0.508930 -0.079855,
        2.464567 0.514252 -0.094933,
        2.464567 0.484096 -0.024388,
        2.464567 0.477648 0.002015,
        2.464567 0.426820 -0.131434,
        2.464567 0.445855 -0.131434,
        2.464567 0.485251 -0.020405,
        2.464567 0.486279 -0.015041,
        2.464567 0.496069 0.002015,
        2.464567 0.486688 -0.015041,
        2.464567 0.487767 -0.020687,
        2.464567 0.488769 -0.024388,
        2.464567 0.546897 -0.131434,
        2.464567 0.527863 -0.131434,
        2.460630 0.464140 -0.079855,
        2.460630 0.508930 -0.079855,
        2.460630 0.488769 -0.024388,
        2.460630 0.486688 -0.015041,
        2.460630 0.487767 -0.020687,
        2.460630 0.486279 -0.015041,
        2.460630 0.484096 -0.024388,
        2.460630 0.485251 -0.020405,
      ]
    }
    coordIndex [
      8, 9, 10, -1,
      10, 9, 11, -1,
      12, 13, 8, -1,
      8, 13, 14, -1,
      8, 14, 9, -1,
      9, 14, 15, -1,
      12, 16, 13, -1,
      13, 16, 17, -1,
      13, 17, 18, -1,
      18, 17, 19, -1,
      18, 19, 20, -1,
      20, 21, 18, -1,
      18, 21, 10, -1,
      18, 10, 22, -1,
      22, 10, 11, -1,
      22, 11, 23, -1,
      18, 22, 6, -1,
      6, 22, 7, -1,
      13, 18, 5, -1,
      5, 18, 6, -1,
      14, 13, 1, -1,
      1, 13, 5, -1,
      15, 14, 0, -1,
      0, 14, 1, -1,
      9, 15, 4, -1,
      4, 15, 0, -1,
      11, 9, 3, -1,
      3, 9, 4, -1,
      23, 11, 2, -1,
      2, 11, 3, -1,
      22, 23, 7, -1,
      7, 23, 2, -1,
      8, 10, 24, -1,
      24, 10, 25, -1,
      10, 21, 25, -1,
      25, 21, 26, -1,
      19, 27, 28, -1,
      19, 28, 20, -1,
      20, 28, 26, -1,
      20, 26, 21, -1,
      19, 17, 27, -1,
      27, 17, 29, -1,
      12, 30, 31, -1,
      12, 31, 16, -1,
      16, 31, 29, -1,
      16, 29, 17, -1,
      12, 8, 30, -1,
      30, 8, 24, -1,
    ]
  }
}

Shape {
  appearance Appearance {
    material Material {
      diffuseColor 0.2510 0.2510 0.2510
      specularColor 0.1255 0.1255 0.1255
      ambientIntensity 0.2
      transparency 0.0000
      shininess 0.5
    }
  }
  geometry IndexedFaceSet {
    ccw TRUE
    solid FALSE
    coord DEF co Coordinate {
      point [
        2.460630 0.464140 -0.079855,
        2.460630 0.508930 -0.079855,
        2.460630 0.488769 -0.024388,
        2.460630 0.486688 -0.015041,
        2.460630 0.487767 -0.020687,
        2.460630 0.486279 -0.015041,
        2.460630 0.484096 -0.024388,
        2.460630 0.485251 -0.020405,
      ]
    }
    coordIndex [
      3, 5, 4, -1,
      4, 5, 7, -1,
      4, 7, 2, -1,
      2, 7, 6, -1,
      2, 6, 1, -1,
      1, 6, 0, -1,
    ]
  }
}

Shape {
  appearance Appearance {
    material Material {
      diffuseColor 1.0000 1.0000 1.0000
      specularColor 0.5020 0.5020 0.5020
      ambientIntensity 0.2
      transparency 0.0000
      shininess 0.5
    }
  }
  geometry IndexedFaceSet {
    ccw TRUE
    solid FALSE
    coord DEF co Coordinate {
      point [
        2.460630 -0.326104 0.109639,
        2.460630 -0.300374 0.087868,
        2.460630 -0.447133 0.225794,
        2.460630 -0.431364 0.214845,
        2.460630 -0.410252 0.200187,
        2.460630 -0.377353 0.161594,
        2.460630 -0.359017 0.125231,
        2.460630 -0.354337 0.123657,
        2.460630 -0.626014 0.228920,
        2.460630 -0.581987 0.244759,
        2.460630 -0.539291 0.249525,
        2.460630 -0.494202 0.244050,
        2.460630 -0.649303 0.214845,
        2.460630 -0.653148 0.212522,
        2.460630 -0.856952 0.079144,
        2.460630 -0.848632 0.097906,
        2.460630 -0.825831 0.127129,
        2.460630 -0.754086 0.168056,
        2.460630 -0.716718 0.172672,
        2.460630 -0.675445 0.193427,
        2.460630 -0.705807 0.172078,
        2.460630 -0.694896 0.170774,
        2.460630 -0.819415 0.133201,
        2.460630 -0.789234 0.154413,
        2.460630 -0.800935 -0.109724,
        2.460630 -0.830576 -0.084456,
        2.460630 -0.766639 -0.126419,
        2.460630 -0.852254 -0.053500,
        2.460630 -0.865841 -0.018175,
        2.460630 -0.870426 0.018964,
        2.460630 -0.870156 0.028092,
        2.460630 -0.868023 0.040017,
        2.460630 -0.863779 0.063750,
        2.460630 -0.754670 -0.129999,
        2.460630 -0.753474 -0.132559,
        2.460630 -0.745156 -0.150356,
        2.460630 -0.731045 -0.167770,
        2.460630 -0.712485 -0.181759,
        2.460630 -0.625250 -0.185422,
        2.460630 -0.690593 -0.190957,
        2.460630 -0.703766 -0.185422,
        2.460630 -0.641571 -0.191690,
        2.460630 -0.664533 -0.194518,
        2.460630 -0.668192 -0.194450,
        2.460630 -0.575626 -0.132559,
        2.460630 -0.575711 -0.132915,
        2.460630 -0.586932 -0.154065,
        2.460630 -0.601511 -0.170413,
        2.460630 -0.620409 -0.183563,
        2.460630 -0.269420 0.031893,
        2.460630 -0.265084 0.000937,
        2.460630 -0.454477 -0.076586,
        2.460630 -0.447967 -0.074014,
        2.460630 -0.436819 -0.019937,
        2.460630 -0.300191 -0.089200,
        2.460630 -0.326014 -0.111059,
        2.460630 -0.593373 -0.036067,
        2.460630 -0.466232 0.030350,
        2.460630 -0.609952 -0.020970,
        2.460630 -0.630085 -0.010180,
        2.460630 -0.460312 -0.080721,
        2.460630 -0.281365 -0.062978,
        2.460630 -0.324374 0.008293,
        2.460630 -0.328828 0.026517,
        2.460630 -0.336103 0.040017,
        2.460630 -0.808291 0.040017,
        2.460630 -0.269442 -0.032942,
        2.460630 -0.440614 -0.073070,
        2.460630 -0.439691 -0.073137,
        2.460630 -0.436844 -0.073768,
        2.460630 -0.802719 -0.016966,
        2.460630 -0.791406 -0.036221,
        2.460630 -0.743230 -0.046024,
        2.460630 -0.774394 -0.053697,
        2.460630 -0.753722 -0.066429,
        2.460630 -0.708141 -0.014613,
        2.460630 -0.727541 -0.028089,
        2.460630 -0.810650 0.020862,
        2.460630 -0.809519 0.006257,
        2.460630 -0.687182 -0.006597,
        2.460630 -0.664533 -0.003807,
        2.460630 -0.652987 -0.004492,
        2.460630 -0.470028 -0.102483,
        2.460630 -0.469787 -0.098739,
        2.460630 -0.569652 -0.090149,
        2.460630 -0.467881 -0.091518,
        2.460630 -0.464232 -0.085044,
        2.460630 -0.343167 -0.050194,
        2.460630 -0.332728 -0.035395,
        2.460630 -0.326189 -0.018485,
        2.460630 -0.323911 -0.000012,
        2.460630 -0.447857 -0.131035,
        2.460630 -0.454133 -0.128565,
        2.460630 -0.460287 -0.124190,
        2.460630 -0.462492 -0.121945,
        2.460630 -0.466628 -0.115985,
        2.460630 -0.469127 -0.109551,
        2.460630 -0.570164 -0.109492,
        2.460630 -0.569652 -0.099637,
        2.460630 -0.354965 -0.125223,
        2.460630 -0.386532 -0.131897,
        2.460630 -0.442512 -0.131897,
        2.460630 -0.434921 -0.074019,
        2.460630 -0.392225 -0.074019,
        2.460630 -0.375204 -0.070759,
        2.460630 -0.358461 -0.063006,
        2.460630 -0.344431 -0.051551,
        2.460630 -0.405508 0.073995,
        2.460630 -0.799695 0.064986,
        2.460630 -0.807822 0.043825,
        2.460630 -0.397918 0.073995,
        2.460630 -0.337650 0.042888,
        2.460630 -0.348599 0.055116,
        2.460630 -0.363315 0.065392,
        2.460630 -0.379874 0.071770,
        2.460630 -0.425947 0.130974,
        2.460630 -0.447345 0.156544,
        2.460630 -0.665482 0.101511,
        2.460630 -0.449763 0.158748,
        2.460630 -0.476422 0.177245,
        2.460630 -0.650993 0.131515,
        2.460630 -0.789843 0.079144,
        2.460630 -0.672272 0.105222,
        2.460630 -0.406640 0.079144,
        2.460630 -0.411311 0.100401,
        2.460630 -0.693548 0.112993,
        2.460630 -0.715769 0.115743,
        2.460630 -0.725624 0.115231,
        2.460630 -0.629714 0.156940,
        2.460630 -0.506176 0.188644,
        2.460630 -0.604259 0.175539,
        2.460630 -0.538342 0.192596,
        2.460630 -0.573262 0.188100,
        2.460630 -0.749048 0.109685,
        2.460630 -0.770197 0.098463,
        2.460630 -0.786545 0.083885,
        2.460630 -0.294117 0.079144,
        2.460630 -0.281013 0.060872,
        2.460630 -0.272670 0.040017,
        2.464567 -0.745156 -0.150356,
        2.464567 -0.731045 -0.167770,
        2.464567 -0.753722 -0.066429,
        2.464567 -0.770197 0.098463,
        2.464567 -0.749048 0.109685,
        2.464567 -0.754086 0.168056,
        2.464567 -0.586932 -0.154065,
        2.464567 -0.575711 -0.132915,
        2.464567 -0.570164 -0.109492,
        2.464567 -0.694896 0.170774,
        2.464567 -0.665482 0.101511,
        2.464567 -0.650993 0.131515,
        2.464567 -0.774394 -0.053697,
        2.464567 -0.766639 -0.126419,
        2.464567 -0.754670 -0.129999,
        2.464567 -0.716718 0.172672,
        2.464567 -0.436819 -0.019937,
        2.464567 -0.466232 0.030350,
        2.464567 -0.569652 -0.090149,
        2.464567 -0.593373 -0.036067,
        2.464567 -0.569652 -0.099637,
        2.464567 -0.620409 -0.183563,
        2.464567 -0.601511 -0.170413,
        2.464567 -0.690372 -0.127939,
        2.464567 -0.682857 -0.133231,
        2.464567 -0.712485 -0.181759,
        2.464567 -0.674118 -0.136561,
        2.464567 -0.631446 -0.086027,
        2.464567 -0.628947 -0.094661,
        2.464567 -0.628624 -0.103857,
        2.464567 -0.630647 -0.113025,
        2.464567 -0.634862 -0.121317,
        2.464567 -0.405508 0.073995,
        2.464567 -0.397918 0.073995,
        2.464567 -0.359017 0.125231,
        2.464567 -0.379874 0.071770,
        2.464567 -0.354337 0.123657,
        2.464567 -0.363315 0.065392,
        2.464567 -0.326104 0.109639,
        2.464567 -0.300374 0.087868,
        2.464567 -0.675445 0.193427,
        2.464567 -0.629714 0.156940,
        2.464567 -0.653148 0.212522,
        2.464567 -0.604259 0.175539,
        2.464567 -0.626014 0.228920,
        2.464567 -0.725624 0.115231,
        2.464567 -0.715769 0.115743,
        2.464567 -0.705807 0.172078,
        2.464567 -0.693548 0.112993,
        2.464567 -0.672272 0.105222,
        2.464567 -0.702302 -0.104319,
        2.464567 -0.700316 -0.113121,
        2.464567 -0.696353 -0.120992,
        2.464567 -0.690593 -0.190957,
        2.464567 -0.668192 -0.194450,
        2.464567 -0.665482 -0.137590,
        2.464567 -0.664533 -0.194518,
        2.464567 -0.656430 -0.136480,
        2.464567 -0.641571 -0.191690,
        2.464567 -0.648170 -0.133302,
        2.464567 -0.640905 -0.128231,
        2.464567 -0.300191 -0.089200,
        2.464567 -0.344431 -0.051551,
        2.464567 -0.326014 -0.111059,
        2.464567 -0.358461 -0.063006,
        2.464567 -0.354965 -0.125223,
        2.464567 -0.375204 -0.070759,
        2.464567 -0.386532 -0.131897,
        2.464567 -0.392225 -0.074019,
        2.464567 -0.442512 -0.131897,
        2.464567 -0.434921 -0.074019,
        2.464567 -0.447857 -0.131035,
        2.464567 -0.348599 0.055116,
        2.464567 -0.337650 0.042888,
        2.464567 -0.281013 0.060872,
        2.464567 -0.328828 0.026517,
        2.464567 -0.269420 0.031893,
        2.464567 -0.324374 0.008293,
        2.464567 -0.265084 0.000937,
        2.464567 -0.323911 -0.000012,
        2.464567 -0.269442 -0.032942,
        2.464567 -0.326189 -0.018485,
        2.464567 -0.281365 -0.062978,
        2.464567 -0.332728 -0.035395,
        2.464567 -0.343167 -0.050194,
        2.464567 -0.410252 0.200187,
        2.464567 -0.447345 0.156544,
        2.464567 -0.377353 0.161594,
        2.464567 -0.425947 0.130974,
        2.464567 -0.411311 0.100401,
        2.464567 -0.807822 0.043825,
        2.464567 -0.870156 0.028092,
        2.464567 -0.810650 0.020862,
        2.464567 -0.870426 0.018964,
        2.464567 -0.809519 0.006257,
        2.464567 -0.865841 -0.018175,
        2.464567 -0.802719 -0.016966,
        2.464567 -0.852254 -0.053500,
        2.464567 -0.791406 -0.036221,
        2.464567 -0.830576 -0.084456,
        2.464567 -0.800935 -0.109724,
        2.464567 -0.702080 -0.095063,
        2.464567 -0.699530 -0.086053,
        2.464567 -0.743230 -0.046024,
        2.464567 -0.694827 -0.078053,
        2.464567 -0.727541 -0.028089,
        2.464567 -0.690224 -0.073100,
        2.464567 -0.708141 -0.014613,
        2.464567 -0.682767 -0.067893,
        2.464567 -0.687182 -0.006597,
        2.464567 -0.674460 -0.064695,
        2.464567 -0.664533 -0.003807,
        2.464567 -0.665482 -0.063582,
        2.464567 -0.652987 -0.004492,
        2.464567 -0.659034 -0.064152,
        2.464567 -0.630085 -0.010180,
        2.464567 -0.650093 -0.066956,
        2.464567 -0.609952 -0.020970,
        2.464567 -0.642238 -0.071825,
        2.464567 -0.635874 -0.078399,
        2.464567 -0.581987 0.244759,
        2.464567 -0.573262 0.188100,
        2.464567 -0.539291 0.249525,
        2.464567 -0.538342 0.192596,
        2.464567 -0.494202 0.244050,
        2.464567 -0.506176 0.188644,
        2.464567 -0.447133 0.225794,
        2.464567 -0.476422 0.177245,
        2.464567 -0.449763 0.158748,
        2.464567 -0.789234 0.154413,
        2.464567 -0.819415 0.133201,
        2.464567 -0.786545 0.083885,
        2.464567 -0.825831 0.127129,
        2.464567 -0.799695 0.064986,
        2.464567 -0.848632 0.097906,
        2.464567 -0.863779 0.063750,
        2.464567 -0.439691 -0.073137,
        2.464567 -0.462492 -0.121945,
        2.464567 -0.460287 -0.124190,
        2.464567 -0.436844 -0.073768,
        2.464567 -0.454133 -0.128565,
        2.464567 -0.470028 -0.102483,
        2.464567 -0.469127 -0.109551,
        2.464567 -0.466628 -0.115985,
        2.464567 -0.447967 -0.074014,
        2.464567 -0.454477 -0.076586,
        2.464567 -0.469787 -0.098739,
        2.464567 -0.460312 -0.080721,
        2.464567 -0.464232 -0.085044,
        2.464567 -0.467881 -0.091518,
        2.464567 -0.440614 -0.073070,
        2.460630 -0.665482 -0.063582,
        2.460630 -0.659034 -0.064152,
        2.460630 -0.650093 -0.066956,
        2.460630 -0.642238 -0.071825,
        2.460630 -0.635874 -0.078399,
        2.460630 -0.631446 -0.086027,
        2.460630 -0.628947 -0.094661,
        2.460630 -0.628624 -0.103857,
        2.460630 -0.630647 -0.113025,
        2.460630 -0.634862 -0.121317,
        2.460630 -0.640905 -0.128231,
        2.460630 -0.648170 -0.133302,
        2.460630 -0.656430 -0.136480,
        2.460630 -0.665482 -0.137590,
        2.460630 -0.674118 -0.136561,
        2.460630 -0.682857 -0.133231,
        2.460630 -0.690372 -0.127939,
        2.460630 -0.696353 -0.120992,
        2.460630 -0.700316 -0.113121,
        2.460630 -0.702302 -0.104319,
        2.460630 -0.702080 -0.095063,
        2.460630 -0.699530 -0.086053,
        2.460630 -0.694827 -0.078053,
        2.460630 -0.690224 -0.073100,
        2.460630 -0.682767 -0.067893,
        2.460630 -0.674460 -0.064695,
      ]
    }
    coordIndex [
      139, 140, 141, -1,
      142, 143, 144, -1,
      145, 146, 147, -1,
      148, 149, 150, -1,
      151, 152, 141, -1,
      141, 152, 153, -1,
      141, 153, 139, -1,
      144, 143, 154, -1,
      155, 156, 157, -1,
      157, 156, 158, -1,
      157, 158, 159, -1,
      159, 158, 160, -1,
      159, 160, 147, -1,
      147, 160, 161, -1,
      147, 161, 145, -1,
      162, 140, 163, -1,
      163, 140, 164, -1,
      163, 164, 165, -1,
      166, 167, 158, -1,
      158, 167, 168, -1,
      158, 168, 160, -1,
      160, 168, 169, -1,
      160, 169, 170, -1,
      171, 172, 173, -1,
      173, 172, 174, -1,
      173, 174, 175, -1,
      175, 174, 176, -1,
      175, 176, 177, -1,
      177, 176, 178, -1,
      148, 150, 179, -1,
      179, 150, 180, -1,
      179, 180, 181, -1,
      181, 180, 182, -1,
      181, 182, 183, -1,
      143, 184, 154, -1,
      154, 184, 185, -1,
      154, 185, 186, -1,
      186, 185, 187, -1,
      186, 187, 148, -1,
      148, 187, 188, -1,
      148, 188, 149, -1,
      189, 141, 190, -1,
      190, 141, 140, -1,
      190, 140, 191, -1,
      191, 140, 162, -1,
      164, 192, 165, -1,
      165, 192, 193, -1,
      165, 193, 194, -1,
      194, 193, 195, -1,
      194, 195, 196, -1,
      196, 195, 197, -1,
      196, 197, 198, -1,
      198, 197, 160, -1,
      198, 160, 199, -1,
      199, 160, 170, -1,
      200, 201, 202, -1,
      202, 201, 203, -1,
      202, 203, 204, -1,
      204, 203, 205, -1,
      204, 205, 206, -1,
      206, 205, 207, -1,
      206, 207, 208, -1,
      208, 207, 209, -1,
      208, 209, 210, -1,
      176, 211, 178, -1,
      178, 211, 212, -1,
      178, 212, 213, -1,
      213, 212, 214, -1,
      213, 214, 215, -1,
      215, 214, 216, -1,
      215, 216, 217, -1,
      217, 216, 218, -1,
      217, 218, 219, -1,
      219, 218, 220, -1,
      219, 220, 221, -1,
      221, 220, 222, -1,
      221, 222, 200, -1,
      200, 222, 223, -1,
      200, 223, 201, -1,
      224, 225, 226, -1,
      226, 225, 227, -1,
      226, 227, 173, -1,
      173, 227, 228, -1,
      173, 228, 171, -1,
      229, 230, 231, -1,
      231, 230, 232, -1,
      231, 232, 233, -1,
      233, 232, 234, -1,
      233, 234, 235, -1,
      235, 234, 236, -1,
      235, 236, 237, -1,
      237, 236, 238, -1,
      237, 238, 151, -1,
      151, 238, 239, -1,
      151, 239, 152, -1,
      189, 240, 141, -1,
      141, 240, 241, -1,
      141, 241, 242, -1,
      242, 241, 243, -1,
      242, 243, 244, -1,
      244, 243, 245, -1,
      244, 245, 246, -1,
      246, 245, 247, -1,
      246, 247, 248, -1,
      248, 247, 249, -1,
      248, 249, 250, -1,
      250, 249, 251, -1,
      250, 251, 252, -1,
      252, 251, 253, -1,
      252, 253, 254, -1,
      254, 253, 255, -1,
      254, 255, 256, -1,
      256, 255, 257, -1,
      256, 257, 158, -1,
      158, 257, 258, -1,
      158, 258, 166, -1,
      183, 182, 259, -1,
      259, 182, 260, -1,
      259, 260, 261, -1,
      261, 260, 262, -1,
      261, 262, 263, -1,
      263, 262, 264, -1,
      263, 264, 265, -1,
      265, 264, 266, -1,
      265, 266, 224, -1,
      224, 266, 267, -1,
      224, 267, 225, -1,
      144, 268, 142, -1,
      142, 268, 269, -1,
      142, 269, 270, -1,
      270, 269, 271, -1,
      270, 271, 272, -1,
      272, 271, 273, -1,
      272, 273, 229, -1,
      229, 273, 274, -1,
      229, 274, 230, -1,
      275, 276, 277, -1,
      209, 278, 210, -1,
      210, 278, 275, -1,
      210, 275, 279, -1,
      279, 275, 277, -1,
      280, 281, 275, -1,
      275, 281, 282, -1,
      275, 282, 276, -1,
      283, 284, 285, -1,
      284, 286, 285, -1,
      285, 286, 287, -1,
      285, 287, 288, -1,
      280, 275, 285, -1,
      285, 275, 289, -1,
      285, 289, 283, -1,
      136, 178, 137, -1,
      137, 178, 213, -1,
      137, 213, 138, -1,
      138, 213, 215, -1,
      138, 215, 49, -1,
      49, 215, 217, -1,
      49, 217, 50, -1,
      136, 1, 178, -1,
      178, 1, 0, -1,
      178, 0, 177, -1,
      177, 0, 7, -1,
      177, 7, 175, -1,
      175, 7, 6, -1,
      175, 6, 173, -1,
      173, 6, 5, -1,
      173, 5, 226, -1,
      226, 5, 4, -1,
      226, 4, 224, -1,
      265, 224, 3, -1,
      3, 224, 4, -1,
      3, 2, 265, -1,
      265, 2, 11, -1,
      265, 11, 263, -1,
      263, 11, 10, -1,
      263, 10, 261, -1,
      261, 10, 9, -1,
      261, 9, 259, -1,
      259, 9, 8, -1,
      259, 8, 183, -1,
      183, 8, 181, -1,
      181, 8, 12, -1,
      181, 12, 13, -1,
      181, 13, 19, -1,
      181, 19, 179, -1,
      179, 19, 21, -1,
      179, 21, 148, -1,
      148, 21, 20, -1,
      148, 20, 186, -1,
      186, 20, 18, -1,
      186, 18, 154, -1,
      154, 18, 17, -1,
      154, 17, 144, -1,
      144, 17, 23, -1,
      144, 23, 268, -1,
      268, 23, 22, -1,
      268, 22, 269, -1,
      269, 22, 16, -1,
      269, 16, 271, -1,
      31, 230, 32, -1,
      32, 230, 274, -1,
      32, 274, 14, -1,
      14, 274, 273, -1,
      14, 273, 15, -1,
      15, 273, 271, -1,
      15, 271, 16, -1,
      31, 30, 230, -1,
      230, 30, 29, -1,
      230, 29, 232, -1,
      232, 29, 28, -1,
      232, 28, 234, -1,
      234, 28, 27, -1,
      234, 27, 236, -1,
      236, 27, 25, -1,
      236, 25, 238, -1,
      238, 25, 24, -1,
      238, 24, 239, -1,
      239, 24, 26, -1,
      239, 26, 152, -1,
      152, 26, 33, -1,
      152, 33, 153, -1,
      153, 33, 34, -1,
      153, 34, 139, -1,
      34, 35, 139, -1,
      139, 35, 36, -1,
      139, 36, 140, -1,
      140, 36, 37, -1,
      140, 37, 164, -1,
      164, 37, 40, -1,
      164, 40, 192, -1,
      40, 39, 192, -1,
      192, 39, 43, -1,
      192, 43, 193, -1,
      193, 43, 42, -1,
      193, 42, 195, -1,
      98, 159, 147, -1,
      195, 42, 41, -1,
      38, 160, 41, -1,
      41, 160, 197, -1,
      41, 197, 195, -1,
      38, 48, 160, -1,
      160, 48, 47, -1,
      160, 47, 161, -1,
      161, 47, 46, -1,
      161, 46, 145, -1,
      145, 46, 45, -1,
      145, 45, 146, -1,
      146, 45, 44, -1,
      146, 44, 147, -1,
      147, 44, 97, -1,
      147, 97, 98, -1,
      157, 159, 84, -1,
      84, 159, 98, -1,
      155, 157, 53, -1,
      53, 157, 84, -1,
      156, 155, 57, -1,
      57, 155, 53, -1,
      158, 156, 56, -1,
      56, 156, 57, -1,
      158, 56, 58, -1,
      158, 58, 256, -1,
      256, 58, 59, -1,
      256, 59, 254, -1,
      254, 59, 81, -1,
      254, 81, 252, -1,
      252, 81, 80, -1,
      252, 80, 250, -1,
      250, 80, 79, -1,
      250, 79, 248, -1,
      248, 79, 75, -1,
      248, 75, 246, -1,
      246, 75, 76, -1,
      246, 76, 244, -1,
      244, 76, 72, -1,
      244, 72, 242, -1,
      242, 72, 74, -1,
      242, 74, 141, -1,
      141, 74, 73, -1,
      141, 73, 151, -1,
      151, 73, 71, -1,
      151, 71, 237, -1,
      237, 71, 70, -1,
      237, 70, 235, -1,
      235, 70, 78, -1,
      235, 78, 233, -1,
      233, 78, 77, -1,
      233, 77, 231, -1,
      229, 231, 77, -1,
      77, 65, 229, -1,
      229, 65, 109, -1,
      229, 109, 108, -1,
      121, 270, 108, -1,
      108, 270, 272, -1,
      108, 272, 229, -1,
      121, 135, 270, -1,
      270, 135, 134, -1,
      270, 134, 142, -1,
      142, 134, 133, -1,
      142, 133, 143, -1,
      143, 133, 127, -1,
      143, 127, 184, -1,
      184, 127, 126, -1,
      184, 126, 185, -1,
      185, 126, 125, -1,
      185, 125, 187, -1,
      187, 125, 122, -1,
      187, 122, 188, -1,
      188, 122, 117, -1,
      188, 117, 149, -1,
      149, 117, 120, -1,
      149, 120, 150, -1,
      150, 120, 128, -1,
      150, 128, 180, -1,
      180, 128, 130, -1,
      180, 130, 182, -1,
      182, 130, 132, -1,
      182, 132, 260, -1,
      260, 132, 131, -1,
      260, 131, 262, -1,
      262, 131, 129, -1,
      262, 129, 264, -1,
      264, 129, 119, -1,
      264, 119, 266, -1,
      266, 119, 118, -1,
      266, 118, 267, -1,
      267, 118, 116, -1,
      267, 116, 225, -1,
      225, 116, 115, -1,
      225, 115, 227, -1,
      227, 115, 124, -1,
      227, 124, 228, -1,
      228, 124, 171, -1,
      171, 124, 123, -1,
      171, 123, 107, -1,
      172, 171, 110, -1,
      110, 171, 107, -1,
      172, 110, 114, -1,
      172, 114, 174, -1,
      174, 114, 113, -1,
      174, 113, 176, -1,
      176, 113, 112, -1,
      176, 112, 211, -1,
      211, 112, 111, -1,
      211, 111, 212, -1,
      212, 111, 64, -1,
      212, 64, 214, -1,
      64, 63, 214, -1,
      214, 63, 62, -1,
      214, 62, 216, -1,
      216, 62, 90, -1,
      216, 90, 218, -1,
      218, 90, 89, -1,
      218, 89, 220, -1,
      220, 89, 88, -1,
      220, 88, 222, -1,
      222, 88, 87, -1,
      222, 87, 223, -1,
      223, 87, 106, -1,
      223, 106, 201, -1,
      201, 106, 105, -1,
      201, 105, 203, -1,
      203, 105, 104, -1,
      203, 104, 205, -1,
      205, 104, 103, -1,
      205, 103, 207, -1,
      209, 207, 102, -1,
      102, 207, 103, -1,
      209, 102, 69, -1,
      209, 69, 278, -1,
      278, 69, 68, -1,
      278, 68, 275, -1,
      275, 68, 67, -1,
      275, 67, 289, -1,
      289, 67, 52, -1,
      289, 52, 283, -1,
      283, 52, 51, -1,
      283, 51, 284, -1,
      284, 51, 60, -1,
      284, 60, 286, -1,
      286, 60, 86, -1,
      286, 86, 287, -1,
      287, 86, 85, -1,
      287, 85, 288, -1,
      288, 85, 83, -1,
      288, 83, 285, -1,
      285, 83, 82, -1,
      285, 82, 280, -1,
      280, 82, 96, -1,
      280, 96, 281, -1,
      281, 96, 95, -1,
      281, 95, 282, -1,
      282, 95, 94, -1,
      282, 94, 276, -1,
      276, 94, 93, -1,
      276, 93, 277, -1,
      277, 93, 92, -1,
      277, 92, 279, -1,
      279, 92, 91, -1,
      279, 91, 210, -1,
      210, 91, 101, -1,
      210, 101, 208, -1,
      206, 208, 100, -1,
      100, 208, 101, -1,
      206, 100, 99, -1,
      206, 99, 204, -1,
      204, 99, 55, -1,
      204, 55, 202, -1,
      202, 55, 54, -1,
      202, 54, 200, -1,
      200, 54, 61, -1,
      200, 61, 221, -1,
      221, 61, 66, -1,
      221, 66, 219, -1,
      219, 66, 50, -1,
      219, 50, 217, -1,
      251, 290, 291, -1,
      251, 291, 253, -1,
      253, 291, 292, -1,
      253, 292, 255, -1,
      255, 292, 293, -1,
      255, 293, 257, -1,
      257, 293, 294, -1,
      257, 294, 258, -1,
      258, 294, 295, -1,
      258, 295, 166, -1,
      166, 295, 296, -1,
      166, 296, 167, -1,
      167, 296, 297, -1,
      167, 297, 168, -1,
      168, 297, 298, -1,
      168, 298, 169, -1,
      169, 298, 299, -1,
      169, 299, 170, -1,
      170, 299, 300, -1,
      170, 300, 199, -1,
      199, 300, 301, -1,
      199, 301, 198, -1,
      198, 301, 302, -1,
      198, 302, 196, -1,
      196, 302, 303, -1,
      196, 303, 194, -1,
      194, 303, 304, -1,
      194, 304, 165, -1,
      165, 304, 305, -1,
      165, 305, 163, -1,
      163, 305, 306, -1,
      163, 306, 162, -1,
      162, 306, 307, -1,
      162, 307, 191, -1,
      191, 307, 308, -1,
      191, 308, 190, -1,
      190, 308, 309, -1,
      190, 309, 189, -1,
      189, 309, 310, -1,
      189, 310, 240, -1,
      240, 310, 311, -1,
      240, 311, 241, -1,
      241, 311, 312, -1,
      241, 312, 243, -1,
      243, 312, 313, -1,
      243, 313, 245, -1,
      245, 313, 314, -1,
      245, 314, 247, -1,
      247, 314, 315, -1,
      247, 315, 249, -1,
      249, 315, 290, -1,
      249, 290, 251, -1,
    ]
  }
}

Shape {
  appearance Appearance {
    material Material {
      diffuseColor 0.2510 0.2510 0.2510
      specularColor 0.1255 0.1255 0.1255
      ambientIntensity 0.2
      transparency 0.0000
      shininess 0.5
    }
  }
  geometry IndexedFaceSet {
    ccw TRUE
    solid FALSE
    coord DEF co Coordinate {
      point [
        2.460630 -0.665482 -0.063582,
        2.460630 -0.659034 -0.064152,
        2.460630 -0.650093 -0.066956,
        2.460630 -0.642238 -0.071825,
        2.460630 -0.635874 -0.078399,
        2.460630 -0.631446 -0.086027,
        2.460630 -0.628947 -0.094661,
        2.460630 -0.628624 -0.103857,
        2.460630 -0.630647 -0.113025,
        2.460630 -0.634862 -0.121317,
        2.460630 -0.640905 -0.128231,
        2.460630 -0.648170 -0.133302,
        2.460630 -0.656430 -0.136480,
        2.460630 -0.665482 -0.137590,
        2.460630 -0.674118 -0.136561,
        2.460630 -0.682857 -0.133231,
        2.460630 -0.690372 -0.127939,
        2.460630 -0.696353 -0.120992,
        2.460630 -0.700316 -0.113121,
        2.460630 -0.702302 -0.104319,
        2.460630 -0.702080 -0.095063,
        2.460630 -0.699530 -0.086053,
        2.460630 -0.694827 -0.078053,
        2.460630 -0.690224 -0.073100,
        2.460630 -0.682767 -0.067893,
        2.460630 -0.674460 -0.064695,
      ]
    }
    coordIndex [
      13, 23, 22, -1,
      0, 13, 1, -1,
      1, 13, 12, -1,
      0, 25, 13, -1,
      13, 25, 24, -1,
      13, 24, 23, -1,
      10, 4, 3, -1,
      18, 17, 22, -1,
      22, 17, 16, -1,
      12, 11, 1, -1,
      1, 11, 10, -1,
      1, 10, 2, -1,
      2, 10, 3, -1,
      21, 20, 22, -1,
      22, 20, 19, -1,
      22, 19, 18, -1,
      16, 15, 22, -1,
      22, 15, 14, -1,
      22, 14, 13, -1,
      8, 7, 9, -1,
      9, 7, 6, -1,
      9, 6, 10, -1,
      10, 6, 5, -1,
      10, 5, 4, -1,
    ]
  }
}
