#VRML V2.0 utf8

Shape {
  appearance Appearance {
    material Material {
      diffuseColor 0.2235 0.2235 0.2235
      specularColor 0.1137 0.1137 0.1137
      ambientIntensity 0.2
      transparency 0.0000
      shininess 0.5
    }
  }
  geometry IndexedFaceSet {
    ccw TRUE
    solid FALSE
    coord DEF co Coordinate {
      point [
        1.673228 0.039245 0.235415,
        1.673228 0.039245 0.197354,
        1.673228 0.131729 0.197354,
        1.673228 0.039245 0.387841,
        1.673228 0.039245 0.359670,
        1.673228 0.131729 0.359670,
        1.673228 0.156568 0.235415,
        1.673228 0.137488 0.235415,
        1.673228 0.137488 0.197354,
        1.673228 0.168427 0.484657,
        1.673228 0.175715 0.485546,
        1.673228 0.137488 0.485546,
        1.673228 0.193175 0.388431,
        1.673228 0.187008 0.387841,
        1.673228 0.218798 0.387841,
        1.673228 0.236765 0.473683,
        1.673228 0.236765 0.442932,
        1.673228 0.262713 0.442932,
        1.673228 0.242716 0.235893,
        1.673228 0.238681 0.235415,
        1.673228 0.262713 0.235415,
        1.673228 0.221700 0.235659,
        1.673228 0.218798 0.236678,
        1.673228 0.218798 0.235415,
        1.673228 0.357090 0.279502,
        1.673228 0.357090 0.247179,
        1.673228 0.375081 0.247179,
        1.673228 -0.435669 0.352355,
        1.673228 -0.434273 0.359670,
        1.673228 -0.759311 0.359670,
        1.673228 -0.044011 0.409782,
        1.673228 -0.025490 0.394102,
        1.673228 0.039245 0.485546,
        1.673228 -0.120319 0.485546,
        1.673228 -0.104621 0.474992,
        1.673228 -0.101435 0.471986,
        1.673228 -0.079823 0.445476,
        1.673228 -0.067731 0.421024,
        1.673228 -0.064336 0.419881,
        1.673228 -0.169375 0.507558,
        1.673228 -0.135093 0.495479,
        1.673228 0.039245 0.650346,
        1.673228 -0.262965 0.494131,
        1.673228 -0.231474 0.506315,
        1.673228 -0.759311 0.650346,
        1.673228 -0.197529 0.510515,
        1.673228 -0.403838 0.422390,
        1.673228 -0.398117 0.427735,
        1.673228 -0.759311 0.485546,
        1.673228 -0.276808 0.485546,
        1.673228 -0.279506 0.483873,
        1.673228 -0.376194 0.442720,
        1.673228 -0.350794 0.452197,
        1.673228 -0.325276 0.455181,
        1.673228 -0.295560 0.470125,
        1.673228 -0.317420 0.454754,
        1.673228 -0.309564 0.453815,
        1.673228 -0.759311 0.387841,
        1.673228 -0.430778 0.377990,
        1.673228 -0.426272 0.387841,
        1.673228 -0.419605 0.402418,
        1.673228 -0.387418 0.252858,
        1.673228 -0.407254 0.270049,
        1.673228 -0.759311 0.235415,
        1.673228 -0.362944 0.240440,
        1.673228 -0.423531 0.293613,
        1.673228 -0.432974 0.319124,
        1.673228 -0.435946 0.344511,
        1.673228 -0.352602 0.237258,
        1.673228 -0.351741 0.235415,
        1.673228 -0.345762 0.222618,
        1.673228 -0.759311 0.197354,
        1.673228 -0.335606 0.210077,
        1.673228 -0.322246 0.200001,
        1.673228 -0.759311 0.003937,
        1.673228 -0.306487 0.193374,
        1.673228 -0.315950 0.197354,
        1.673228 -0.259416 0.197354,
        1.673228 -0.271186 0.192837,
        1.673228 0.039245 0.003937,
        1.673228 -0.287704 0.190804,
        1.673228 -0.290358 0.190854,
        1.673228 -0.223683 0.235415,
        1.673228 -0.223732 0.235208,
        1.673228 -0.231801 0.219972,
        1.673228 -0.242340 0.208149,
        1.673228 -0.255948 0.198684,
        1.673228 -0.003215 0.353795,
        1.673228 -0.000100 0.331532,
        1.673228 -0.136463 0.275716,
        1.673228 -0.131776 0.277567,
        1.673228 -0.123749 0.316503,
        1.673228 -0.025376 0.266633,
        1.673228 -0.043978 0.250889,
        1.673228 -0.236468 0.304889,
        1.673228 -0.144926 0.352709,
        1.673228 -0.248392 0.315750,
        1.673228 -0.262885 0.323522,
        1.673228 -0.140664 0.272738,
        1.673228 -0.011831 0.285496,
        1.673228 -0.042783 0.336781,
        1.673228 -0.045979 0.349906,
        1.673228 -0.051229 0.359670,
        1.673228 -0.391211 0.359670,
        1.673228 -0.003243 0.307120,
        1.673228 -0.126481 0.278247,
        1.673228 -0.125817 0.278198,
        1.673228 -0.123767 0.277745,
        1.673228 -0.387218 0.318689,
        1.673228 -0.379041 0.304765,
        1.673228 -0.344353 0.297737,
        1.673228 -0.366790 0.292185,
        1.673228 -0.351919 0.283029,
        1.673228 -0.319083 0.320346,
        1.673228 -0.333054 0.310646,
        1.673228 -0.392907 0.345878,
        1.673228 -0.392101 0.335416,
        1.673228 -0.303991 0.326112,
        1.673228 -0.287704 0.328116,
        1.673228 -0.279374 0.327621,
        1.673228 -0.147659 0.257069,
        1.673228 -0.147485 0.259765,
        1.673228 -0.219389 0.265950,
        1.673228 -0.146114 0.264965,
        1.673228 -0.143487 0.269626,
        1.673228 -0.056311 0.294727,
        1.673228 -0.048798 0.305383,
        1.673228 -0.044092 0.317560,
        1.673228 -0.042455 0.330849,
        1.673228 -0.131696 0.236512,
        1.673228 -0.136215 0.238291,
        1.673228 -0.140646 0.241441,
        1.673228 -0.142234 0.243057,
        1.673228 -0.145211 0.247348,
        1.673228 -0.147011 0.251981,
        1.673228 -0.219752 0.252076,
        1.673228 -0.219389 0.259119,
        1.673228 -0.064823 0.240693,
        1.673228 -0.087543 0.235892,
        1.673228 -0.127848 0.235892,
        1.673228 -0.122383 0.277563,
        1.673228 -0.091641 0.277563,
        1.673228 -0.079422 0.279899,
        1.673228 -0.067363 0.285474,
        1.673228 -0.057255 0.293715,
        1.673228 -0.101205 0.384134,
        1.673228 -0.385028 0.377633,
        1.673228 -0.390876 0.362395,
        1.673228 -0.095740 0.384134,
        1.673228 -0.052320 0.361700,
        1.673228 -0.060242 0.370551,
        1.673228 -0.070839 0.377947,
        1.673228 -0.082763 0.382535,
        1.673228 -0.115890 0.425110,
        1.673228 -0.131286 0.443530,
        1.673228 -0.288387 0.403945,
        1.673228 -0.133083 0.445168,
        1.673228 -0.152280 0.458483,
        1.673228 -0.277962 0.425537,
        1.673228 -0.377928 0.387841,
        1.673228 -0.293343 0.406651,
        1.673228 -0.102019 0.387841,
        1.673228 -0.105365 0.403091,
        1.673228 -0.308663 0.412230,
        1.673228 -0.324593 0.414192,
        1.673228 -0.331636 0.413829,
        1.673228 -0.262644 0.443844,
        1.673228 -0.173704 0.466685,
        1.673228 -0.244294 0.457252,
        1.673228 -0.196845 0.469527,
        1.673228 -0.221973 0.466293,
        1.673228 -0.348504 0.409849,
        1.673228 -0.363739 0.401780,
        1.673228 -0.375563 0.391242,
        1.673228 -0.021002 0.387841,
        1.673228 -0.011556 0.374661,
        1.673228 -0.005563 0.359670,
        1.673228 0.396363 0.247179,
        1.673228 0.396363 0.236225,
        1.673228 0.405439 0.235415,
        1.673228 0.375081 0.235415,
        1.673228 0.405439 0.359670,
        1.673228 0.394178 0.332309,
        1.673228 0.394178 0.321256,
        1.673228 0.391451 0.290505,
        1.673228 0.391451 0.279502,
        1.673228 0.375081 0.279502,
        1.673228 0.375081 0.321256,
        1.673228 0.375081 0.290505,
        1.673228 0.357090 0.321256,
        1.673228 0.357090 0.290505,
        1.673228 0.375081 0.236225,
        1.673228 0.344687 0.236225,
        1.673228 0.338202 0.235415,
        1.673228 0.344687 0.332309,
        1.673228 0.143784 0.264581,
        1.673228 0.146263 0.268493,
        1.673228 0.148492 0.288344,
        1.673228 0.175085 0.296214,
        1.673228 0.170990 0.296646,
        1.673228 0.164555 0.276996,
        1.673228 0.213235 0.251060,
        1.673228 0.196926 0.280386,
        1.673228 0.213235 0.238632,
        1.673228 0.196926 0.236225,
        1.673228 0.178483 0.239546,
        1.673228 0.174790 0.237134,
        1.673228 0.184891 0.236225,
        1.673228 0.170153 0.235415,
        1.673228 0.149778 0.271746,
        1.673228 0.154611 0.274416,
        1.673228 0.156795 0.293563,
        1.673228 0.164333 0.296006,
        1.673228 0.156348 0.235440,
        1.673228 0.151734 0.237180,
        1.673228 0.147681 0.240007,
        1.673228 0.142332 0.260168,
        1.673228 0.137488 0.359670,
        1.673228 0.141786 0.254597,
        1.673228 0.142515 0.248594,
        1.673228 0.148492 0.300035,
        1.673228 0.150952 0.301461,
        1.673228 0.159896 0.304934,
        1.673228 0.218551 0.247840,
        1.673228 0.218798 0.247752,
        1.673228 0.218798 0.273344,
        1.673228 0.184891 0.246835,
        1.673228 0.184572 0.246835,
        1.673228 0.182331 0.243500,
        1.673228 0.146630 0.241047,
        1.673228 0.144060 0.244634,
        1.673228 0.213830 0.281642,
        1.673228 0.195752 0.290494,
        1.673228 0.213309 0.286330,
        1.673228 0.184891 0.279846,
        1.673228 0.184477 0.285141,
        1.673228 0.183235 0.289437,
        1.673228 0.181823 0.291919,
        1.673228 0.172120 0.306421,
        1.673228 0.180428 0.305537,
        1.673228 0.185248 0.303861,
        1.673228 0.218692 0.273415,
        1.673228 0.216723 0.275474,
        1.673228 0.215160 0.277969,
        1.673228 0.180006 0.293857,
        1.673228 0.177872 0.295237,
        1.673228 0.213779 0.290615,
        1.673228 0.215207 0.294490,
        1.673228 0.193772 0.295654,
        1.673228 0.217438 0.297744,
        1.673228 0.191228 0.299372,
        1.673228 0.189074 0.301448,
        1.673228 0.224053 0.235415,
        1.673228 0.218798 0.197354,
        1.673228 0.231852 0.234604,
        1.673228 0.256291 0.303375,
        1.673228 0.256291 0.291684,
        1.673228 0.218798 0.298968,
        1.673228 0.218798 0.359670,
        1.673228 0.221021 0.300969,
        1.673228 0.223985 0.302789,
        1.673228 0.259011 0.250063,
        1.673228 0.257535 0.246248,
        1.673228 0.255293 0.243074,
        1.673228 0.230436 0.305274,
        1.673228 0.240031 0.306421,
        1.673228 0.262713 0.359670,
        1.673228 0.248474 0.305672,
        1.673228 0.255554 0.266239,
        1.673228 0.257797 0.262930,
        1.673228 0.259083 0.259383,
        1.673228 0.259582 0.254892,
        1.673228 0.251845 0.240057,
        1.673228 0.249047 0.238335,
        1.673228 0.238852 0.296646,
        1.673228 0.235290 0.296378,
        1.673228 0.225712 0.287411,
        1.673228 0.232070 0.295526,
        1.673228 0.229372 0.294091,
        1.673228 0.225822 0.285809,
        1.673228 0.226299 0.283940,
        1.673228 0.227167 0.282317,
        1.673228 0.228340 0.281025,
        1.673228 0.232583 0.278372,
        1.673228 0.246037 0.295910,
        1.673228 0.240031 0.275130,
        1.673228 0.252894 0.293578,
        1.673228 0.244691 0.273244,
        1.673228 0.252684 0.268799,
        1.673228 0.227556 0.292487,
        1.673228 0.226524 0.290955,
        1.673228 0.225930 0.289330,
        1.673228 0.226129 0.245163,
        1.673228 0.231533 0.266386,
        1.673228 0.224359 0.269674,
        1.673228 0.233031 0.244428,
        1.673228 0.233563 0.244432,
        1.673228 0.239436 0.263076,
        1.673228 0.239732 0.245123,
        1.673228 0.247228 0.253713,
        1.673228 0.247110 0.255210,
        1.673228 0.242838 0.246260,
        1.673228 0.243935 0.246926,
        1.673228 0.245316 0.248152,
        1.673228 0.246367 0.249705,
        1.673228 0.246978 0.251417,
        1.673228 0.246563 0.257089,
        1.673228 0.245633 0.258684,
        1.673228 0.244133 0.260246,
        1.673228 0.440696 0.414932,
        1.673228 0.405439 0.414932,
        1.673228 0.450496 0.388652,
        1.673228 0.405439 0.387841,
        1.673228 0.464202 0.388652,
        1.673228 1.082677 0.387841,
        1.673228 1.082677 0.485546,
        1.673228 0.427605 0.484735,
        1.673228 0.405439 0.485546,
        1.673228 0.400686 0.414932,
        1.673228 0.391451 0.388652,
        1.673228 0.375081 0.387841,
        1.673228 0.377746 0.388652,
        1.673228 0.375081 0.485546,
        1.673228 0.405439 0.461359,
        1.673228 0.414342 0.484735,
        1.673228 0.338202 0.387841,
        1.673228 0.336993 0.390654,
        1.673228 0.320617 0.388652,
        1.673228 0.294189 0.388652,
        1.673228 0.294189 0.484735,
        1.673228 0.285113 0.485546,
        1.673228 0.321599 0.484735,
        1.673228 0.338202 0.485546,
        1.673228 0.285113 0.387841,
        1.673228 0.369802 0.420560,
        1.673228 0.365072 0.410621,
        1.673228 0.361285 0.468730,
        1.673228 0.367240 0.460362,
        1.673228 0.357925 0.402111,
        1.673228 0.347935 0.394941,
        1.673228 0.338202 0.391128,
        1.673228 0.357925 0.472013,
        1.673228 0.336269 0.483116,
        1.673228 0.338202 0.482409,
        1.673228 0.347865 0.478880,
        1.673228 0.370803 0.451207,
        1.673228 0.372416 0.437922,
        1.673228 0.372129 0.431811,
        1.673228 0.276038 0.399606,
        1.673228 0.276038 0.388652,
        1.673228 0.262713 0.387841,
        1.673228 0.262713 0.485546,
        1.673228 0.273852 0.484735,
        1.673228 0.262713 0.484735,
        1.673228 0.273852 0.473683,
        1.673228 0.271126 0.431929,
        1.673228 0.262713 0.431929,
        1.673228 0.262713 0.399606,
        1.673228 0.236765 0.431929,
        1.673228 0.236765 0.399606,
        1.673228 0.271126 0.442932,
        1.673228 0.262713 0.473683,
        1.673228 0.224361 0.484735,
        1.673228 0.218798 0.485546,
        1.673228 0.224361 0.388652,
        1.673228 0.205130 0.482427,
        1.673228 0.194985 0.485361,
        1.673228 0.192645 0.485546,
        1.673228 0.262713 0.388652,
        1.673228 0.205130 0.469458,
        1.673228 0.203491 0.391814,
        1.673228 0.180323 0.398083,
        1.673228 0.184822 0.398252,
        1.673228 0.204060 0.470036,
        1.673228 0.195687 0.400277,
        1.673228 0.205130 0.404519,
        1.673228 0.205130 0.392631,
        1.673228 0.146424 0.430549,
        1.673228 0.148194 0.421278,
        1.673228 0.151511 0.413732,
        1.673228 0.155639 0.408203,
        1.673228 0.157545 0.406319,
        1.673228 0.163827 0.401885,
        1.673228 0.170677 0.399243,
        1.673228 0.146207 0.435613,
        1.673228 0.194314 0.473744,
        1.673228 0.182484 0.475156,
        1.673228 0.177355 0.474869,
        1.673228 0.169186 0.472986,
        1.673228 0.161768 0.469189,
        1.673228 0.156302 0.464497,
        1.673228 0.151037 0.457163,
        1.673228 0.147808 0.448881,
        1.673228 0.182361 0.486356,
        1.673228 0.137488 0.650346,
        1.673228 0.218798 0.650346,
        1.673228 0.182412 0.486356,
        1.673228 0.140101 0.463108,
        1.673228 0.147067 0.472209,
        1.673228 0.149404 0.474442,
        1.673228 0.158393 0.480752,
        1.673228 0.131729 0.485546,
        1.673228 0.135537 0.452435,
        1.673228 0.137488 0.456998,
        1.673228 0.137488 0.413080,
        1.673228 0.135104 0.419164,
        1.673228 0.131729 0.387841,
        1.673228 0.133190 0.434876,
        1.673228 0.133359 0.439891,
        1.673228 0.153246 0.393726,
        1.673228 0.145520 0.400146,
        1.673228 0.137488 0.387841,
        1.673228 0.139027 0.409153,
        1.673228 0.178530 0.387031,
        1.673228 0.172726 0.387305,
        1.673228 0.170123 0.387841,
        1.673228 0.162314 0.389450,
        1.673228 0.169942 0.235336,
        1.673228 0.163548 0.234604,
        1.673228 0.319241 0.304849,
        1.673228 0.331718 0.304849,
        1.673228 0.338202 0.359670,
        1.673228 0.375081 0.332309,
        1.673228 0.375081 0.359670,
        1.673228 0.304342 0.235415,
        1.673228 0.297234 0.253270,
        1.673228 0.298708 0.247621,
        1.673228 0.299027 0.247621,
        1.673228 0.285113 0.359670,
        1.673228 0.285113 0.288139,
        1.673228 0.300501 0.253172,
        1.673228 0.299580 0.249973,
        1.673228 0.285113 0.235415,
        1.673228 0.285113 0.255835,
        1.673228 0.265845 0.304849,
        1.673228 0.279305 0.304849,
        1.673228 0.292764 0.236372,
        1.673228 0.292359 0.235415,
        1.673228 0.287483 0.223895,
        1.673228 0.262713 0.197354,
        1.673228 0.268326 0.204885,
        1.673228 0.268326 0.215594,
        1.673228 0.282814 0.216999,
        1.673228 0.285056 0.219474,
        1.673228 0.285113 0.219578,
        1.673228 0.270788 0.214787,
        1.673228 0.275154 0.214218,
        1.673228 0.285113 0.206048,
        1.673228 0.280951 0.204462,
        1.673228 0.285113 0.197354,
        1.673228 0.276087 0.203902,
        1.673228 0.273430 0.203998,
        1.673228 0.278320 0.214611,
        1.673228 0.280927 0.215666,
        1.673228 0.300575 0.225860,
        1.673228 0.295122 0.215244,
        1.673228 0.338202 0.197354,
        1.673228 0.290718 0.209957,
        1.673228 0.289903 0.209210,
        1.673228 0.285700 0.206272,
        1.673228 -1.082677 0.003937,
        1.673228 -1.082677 0.197354,
        1.673228 -1.082677 0.235415,
        1.673228 -1.082677 0.359670,
        1.673228 -1.082677 0.387841,
        1.673228 -1.082677 0.485546,
        1.673228 -1.082677 0.650346,
        1.673228 0.090994 0.484735,
        1.673228 0.090994 0.399606,
        1.673228 0.129260 0.399606,
        1.673228 0.129260 0.388652,
        1.673228 0.078591 0.388652,
        1.673228 0.078591 0.484735,
        1.673228 0.131729 0.235415,
        1.673228 0.130267 0.236225,
        1.673228 0.078591 0.236225,
        1.673228 0.130267 0.247179,
        1.673228 0.128081 0.321256,
        1.673228 0.090994 0.279502,
        1.673228 0.090994 0.247179,
        1.673228 0.125355 0.279502,
        1.673228 0.125355 0.290505,
        1.673228 0.090994 0.290505,
        1.673228 0.090994 0.321256,
        1.673228 0.078591 0.332309,
        1.673228 0.128081 0.332309,
        1.673228 0.131729 0.650346,
        1.673228 0.262713 0.650346,
        1.673228 0.285113 0.650346,
        1.673228 0.338202 0.650346,
        1.673228 0.375081 0.650346,
        1.673228 0.405439 0.650346,
        1.673228 1.082677 0.650346,
        1.673228 0.414514 0.236225,
        1.673228 0.414514 0.332309,
        1.673228 0.440942 0.236225,
        1.673228 0.570822 0.236225,
        1.673228 0.584527 0.236225,
        1.673228 1.082677 0.235415,
        1.673228 0.547931 0.332309,
        1.673228 1.082677 0.359670,
        1.673228 0.561022 0.262506,
        1.673228 0.521011 0.262506,
        1.673228 0.511776 0.236225,
        1.673228 0.498071 0.236225,
        1.673228 0.534667 0.332309,
        1.673228 0.485398 0.258194,
        1.673228 0.478250 0.249685,
        1.673228 0.468261 0.242514,
        1.673228 0.457319 0.238227,
        1.673228 0.478250 0.319586,
        1.673228 0.481610 0.316303,
        1.673228 0.487565 0.307935,
        1.673228 0.491129 0.298780,
        1.673228 0.441924 0.332309,
        1.673228 0.456594 0.330689,
        1.673228 0.468190 0.326453,
        1.673228 0.492742 0.285495,
        1.673228 0.492454 0.279384,
        1.673228 0.490128 0.268133,
        1.673228 0.375081 0.197354,
        1.673228 0.405439 0.197354,
        1.673228 1.082677 0.197354,
        1.673228 0.131729 0.003937,
        1.673228 0.137488 0.003937,
        1.673228 0.218798 0.003937,
        1.673228 0.262713 0.003937,
        1.673228 0.285113 0.003937,
        1.673228 0.338202 0.003937,
        1.673228 0.375081 0.003937,
        1.673228 0.405439 0.003937,
        1.673228 1.082677 0.003937,
        -1.184159 1.571746 0.003937,
        -1.082677 1.673228 0.003937,
        -0.989357 1.376944 0.003937,
        -0.063642 1.673228 0.003937,
        -1.673228 1.082677 0.003937,
        -1.571746 1.184159 0.003937,
        -1.673228 -0.019714 0.003937,
        -1.376944 0.989357 0.003937,
        -0.433337 -0.018514 0.003937,
        -0.404530 -0.018514 0.003937,
        -0.063642 -0.019714 0.003937,
        -0.255691 -0.018514 0.003937,
        -0.231458 0.035439 0.003937,
        -0.220169 0.017831 0.003937,
        -0.203967 0.002318 0.003937,
        -0.183413 -0.009627 0.003937,
        -0.160730 -0.016388 0.003937,
        -0.136373 -0.018514 0.003937,
        -0.082847 -0.018514 0.003937,
        -0.082847 0.178337 0.003937,
        -0.138399 0.178337 0.003937,
        -0.166838 0.175296 0.003937,
        -0.284499 -0.018514 0.003937,
        -0.303291 0.036700 0.003937,
        -0.384612 0.036700 0.003937,
        -0.189870 0.167209 0.003937,
        -0.211296 0.152850 0.003937,
        -0.330111 0.178337 0.003937,
        -0.211502 0.152669 0.003937,
        -0.225422 0.137234 0.003937,
        -0.234570 0.120304 0.003937,
        -0.239857 0.100909 0.003937,
        -0.241288 0.082387 0.003937,
        -0.238526 0.056043 0.003937,
        -0.063642 -1.673228 0.003937,
        -1.082677 -1.673228 0.003937,
        -1.184159 -1.571746 0.003937,
        -1.571746 -1.184159 0.003937,
        -1.673228 -1.082677 0.003937,
        -1.376944 -0.989357 0.003937,
        -0.989357 -1.376944 0.003937,
        -0.356517 0.178337 0.003937,
        1.184159 -1.571746 0.003937,
        1.082677 -1.673228 0.003937,
        0.989357 -1.376944 0.003937,
        1.571746 -1.184159 0.003937,
        1.673228 -0.019714 0.003937,
        1.376944 -0.989357 0.003937,
        0.153763 -0.020915 0.003937,
        0.148381 -0.020822 0.003937,
        0.140474 -0.019714 0.003937,
        -0.044437 0.003092 0.003937,
        -0.044437 -0.018514 0.003937,
        0.061190 -0.018514 0.003937,
        1.082677 1.673228 0.003937,
        1.184159 1.571746 0.003937,
        0.989357 1.376944 0.003937,
        -0.039636 0.156731 0.003937,
        0.034783 0.156731 0.003937,
        0.034783 0.091914 0.003937,
        0.099600 -0.008311 0.003937,
        0.099600 0.013294 0.003937,
        0.061190 0.178337 0.003937,
        0.120583 -0.016927 0.003937,
        1.571746 1.184159 0.003937,
        1.376944 0.989357 0.003937,
        0.034783 0.070309 0.003937,
        0.034783 0.003092 0.003937,
        -0.034835 0.070309 0.003937,
        -0.034835 0.091914 0.003937,
        0.165082 0.156955 0.003937,
        0.179817 0.151637 0.003937,
        0.103128 0.011340 0.003937,
        0.193441 0.142522 0.003937,
        0.205329 0.129399 0.003937,
        0.219630 0.077811 0.003937,
        0.217637 0.056501 0.003937,
        0.212289 0.039569 0.003937,
        0.168486 0.002750 0.003937,
        0.150125 0.000691 0.003937,
        0.182829 0.008031 0.003937,
        0.194910 0.016174 0.003937,
        0.204148 0.025919 0.003937,
        0.123995 0.003591 0.003937,
        0.363667 -0.018514 0.003937,
        0.165340 -0.019714 0.003937,
        0.262841 -0.018514 0.003937,
        0.178022 -0.018399 0.003937,
        0.197102 -0.011832 0.003937,
        -0.039636 0.178337 0.003937,
        0.213444 0.114200 0.003937,
        0.218691 0.093127 0.003937,
        0.235648 0.126489 0.003937,
        0.224110 0.144893 0.003937,
        0.337260 0.178337 0.003937,
        0.206338 0.161985 0.003937,
        0.363667 0.178337 0.003937,
        0.212936 -0.001720 0.003937,
        0.227722 0.013846 0.003937,
        0.262841 0.003092 0.003937,
        0.238209 0.032564 0.003937,
        0.337260 0.003092 0.003937,
        0.244133 0.053400 0.003937,
        0.246037 0.076198 0.003937,
        0.243205 0.104184 0.003937,
        0.187641 0.172748 0.003937,
        0.165696 0.179123 0.003937,
        0.145924 0.180737 0.003937,
        0.122359 0.179111 0.003937,
        0.099600 0.172935 0.003937,
        0.099600 0.146528 0.003937,
        0.121773 0.156023 0.003937,
        0.145699 0.159131 0.003937,
        -1.184159 1.571746 0.078740,
        -1.571746 1.184159 0.078740,
        -1.673228 1.082677 0.650346,
        -1.082677 1.673228 0.650346,
        1.571746 1.184159 0.078740,
        1.184159 1.571746 0.078740,
        1.082677 1.673228 0.650346,
        -1.571746 -1.184159 0.078740,
        -1.184159 -1.571746 0.078740,
        -1.082677 -1.673228 0.650346,
        -1.673228 -1.082677 0.650346,
        1.184159 -1.571746 0.078740,
        1.571746 -1.184159 0.078740,
        1.082677 -1.673228 0.650346,
        -1.673228 -1.082677 1.185039,
        -1.673228 1.082677 1.185039,
        -1.082677 1.673228 1.185039,
        1.082677 1.673228 1.185039,
        1.673228 1.082677 1.185039,
        1.673228 -1.082677 1.185039,
        1.082677 -1.673228 1.185039,
        -1.082677 -1.673228 1.185039,
        -0.582306 -0.870348 1.185039,
        -0.570866 -0.964567 1.185039,
        -0.139608 -0.368117 1.185039,
        -0.041758 1.286434 1.185039,
        -0.029528 1.295819 1.185039,
        0.248488 0.916569 1.185039,
        0.246476 0.901284 1.185039,
        0.029528 1.295819 1.185039,
        0.041758 1.286434 1.185039,
        -0.047456 0.390830 1.185039,
        0.240576 0.887041 1.185039,
        -0.139608 0.368117 1.185039,
        0.231191 0.874810 1.185039,
        -0.051143 1.274203 1.185039,
        0.218960 0.865425 1.185039,
        -1.259256 -0.703495 1.185039,
        -1.188215 -0.640557 1.185039,
        -0.248488 0.916569 1.185039,
        -0.246476 0.931853 1.185039,
        -0.294689 0.261072 1.185039,
        -0.223648 0.324009 1.185039,
        0.204717 0.859526 1.185039,
        0.189433 0.857513 1.185039,
        -0.189433 0.857513 1.185039,
        -0.015285 1.301719 1.185039,
        -0.000000 1.303731 1.185039,
        0.015285 1.301719 1.185039,
        0.051143 1.274203 1.185039,
        0.240576 0.946096 1.185039,
        0.246476 0.931853 1.185039,
        0.047456 0.390830 1.185039,
        0.139608 0.368117 1.185039,
        0.223648 0.324009 1.185039,
        0.294689 0.261072 1.185039,
        -0.393701 0.000000 1.185039,
        -0.824959 -0.596450 1.185039,
        -0.382261 -0.094219 1.185039,
        -0.348605 -0.182962 1.185039,
        0.382261 -0.094219 1.185039,
        0.348605 -0.182962 1.185039,
        0.294689 -0.261072 1.185039,
        0.223648 -0.324009 1.185039,
        -1.346828 -0.870348 1.185039,
        -1.313172 -0.781605 1.185039,
        -0.240576 0.946096 1.185039,
        0.348605 0.182962 1.185039,
        0.382261 0.094219 1.185039,
        0.393701 0.000000 1.185039,
        -0.382261 0.094219 1.185039,
        -0.348605 0.182962 1.185039,
        -0.917111 -0.573737 1.185039,
        -1.012022 -0.573737 1.185039,
        -1.104175 -0.596450 1.185039,
        -1.313172 -1.147529 1.185039,
        -1.346828 -1.058786 1.185039,
        -1.358268 -0.964567 1.185039,
        -0.204717 0.859526 1.185039,
        -0.218960 0.865425 1.185039,
        -0.231191 0.874810 1.185039,
        -0.240576 0.887041 1.185039,
        -0.246476 0.901284 1.185039,
        -0.917111 -1.355397 1.185039,
        -1.012022 -1.355397 1.185039,
        0.139608 -0.368117 1.185039,
        0.047456 -0.390830 1.185039,
        -0.047456 -0.390830 1.185039,
        -0.294689 -0.261072 1.185039,
        -0.740919 -0.640557 1.185039,
        -0.223648 -0.324009 1.185039,
        -0.669878 -0.703495 1.185039,
        -0.615962 -0.781605 1.185039,
        -0.582306 -1.058786 1.185039,
        -0.615962 -1.147529 1.185039,
        -0.669878 -1.225639 1.185039,
        -0.740919 -1.288576 1.185039,
        -0.824959 -1.332683 1.185039,
        -1.104175 -1.332683 1.185039,
        -1.188215 -1.288576 1.185039,
        -1.259256 -1.225639 1.185039,
      ]
    }
    coordIndex [
      0, 1, 2, -1,
      3, 4, 5, -1,
      6, 7, 8, -1,
      9, 10, 11, -1,
      12, 13, 14, -1,
      15, 16, 17, -1,
      18, 19, 20, -1,
      21, 22, 23, -1,
      24, 25, 26, -1,
      27, 28, 29, -1,
      30, 31, 32, -1,
      32, 31, 3, -1,
      33, 34, 32, -1,
      32, 34, 35, -1,
      32, 35, 36, -1,
      36, 37, 32, -1,
      32, 37, 38, -1,
      32, 38, 30, -1,
      39, 40, 41, -1,
      42, 43, 44, -1,
      44, 43, 41, -1,
      41, 43, 45, -1,
      41, 45, 39, -1,
      46, 47, 48, -1,
      42, 44, 49, -1,
      49, 44, 48, -1,
      49, 48, 50, -1,
      47, 51, 48, -1,
      48, 51, 52, -1,
      48, 52, 50, -1,
      50, 52, 53, -1,
      50, 53, 54, -1,
      54, 53, 55, -1,
      54, 55, 56, -1,
      29, 28, 57, -1,
      28, 58, 57, -1,
      57, 58, 59, -1,
      57, 59, 48, -1,
      48, 59, 60, -1,
      48, 60, 46, -1,
      61, 62, 63, -1,
      61, 63, 64, -1,
      62, 65, 63, -1,
      63, 65, 66, -1,
      63, 66, 29, -1,
      29, 66, 67, -1,
      29, 67, 27, -1,
      68, 64, 69, -1,
      69, 64, 63, -1,
      69, 63, 70, -1,
      70, 63, 71, -1,
      70, 71, 72, -1,
      72, 71, 73, -1,
      74, 75, 71, -1,
      71, 75, 76, -1,
      71, 76, 73, -1,
      77, 78, 79, -1,
      79, 78, 80, -1,
      79, 80, 74, -1,
      74, 80, 81, -1,
      74, 81, 75, -1,
      0, 82, 1, -1,
      1, 82, 83, -1,
      1, 83, 84, -1,
      84, 85, 1, -1,
      1, 85, 86, -1,
      1, 86, 77, -1,
      87, 88, 4, -1,
      89, 90, 91, -1,
      92, 93, 0, -1,
      94, 95, 96, -1,
      96, 95, 97, -1,
      89, 91, 98, -1,
      92, 0, 99, -1,
      100, 101, 95, -1,
      95, 101, 102, -1,
      95, 102, 103, -1,
      4, 88, 0, -1,
      0, 88, 104, -1,
      0, 104, 99, -1,
      90, 105, 91, -1,
      91, 105, 106, -1,
      91, 106, 107, -1,
      108, 109, 110, -1,
      110, 109, 111, -1,
      110, 111, 112, -1,
      113, 103, 114, -1,
      114, 103, 115, -1,
      114, 115, 110, -1,
      110, 115, 116, -1,
      110, 116, 108, -1,
      113, 117, 103, -1,
      103, 117, 118, -1,
      103, 118, 95, -1,
      95, 118, 119, -1,
      95, 119, 97, -1,
      120, 121, 122, -1,
      122, 121, 123, -1,
      122, 123, 91, -1,
      91, 123, 124, -1,
      91, 124, 98, -1,
      125, 126, 91, -1,
      91, 126, 127, -1,
      91, 127, 95, -1,
      95, 127, 128, -1,
      95, 128, 100, -1,
      129, 130, 82, -1,
      82, 130, 131, -1,
      82, 131, 132, -1,
      132, 133, 82, -1,
      82, 133, 134, -1,
      82, 134, 135, -1,
      135, 134, 120, -1,
      135, 120, 136, -1,
      136, 120, 122, -1,
      93, 137, 0, -1,
      0, 137, 138, -1,
      0, 138, 82, -1,
      82, 138, 139, -1,
      82, 139, 129, -1,
      107, 140, 91, -1,
      91, 140, 141, -1,
      91, 141, 142, -1,
      142, 143, 91, -1,
      91, 143, 144, -1,
      91, 144, 125, -1,
      145, 146, 147, -1,
      147, 103, 145, -1,
      145, 103, 102, -1,
      145, 102, 148, -1,
      148, 102, 149, -1,
      149, 150, 148, -1,
      148, 150, 151, -1,
      148, 151, 152, -1,
      153, 154, 155, -1,
      154, 156, 155, -1,
      155, 156, 157, -1,
      155, 157, 158, -1,
      159, 155, 160, -1,
      146, 145, 159, -1,
      159, 145, 161, -1,
      159, 161, 155, -1,
      155, 161, 162, -1,
      155, 162, 153, -1,
      160, 163, 159, -1,
      159, 163, 164, -1,
      159, 164, 165, -1,
      158, 157, 166, -1,
      166, 157, 167, -1,
      166, 167, 168, -1,
      168, 167, 169, -1,
      168, 169, 170, -1,
      171, 172, 165, -1,
      165, 172, 173, -1,
      165, 173, 159, -1,
      31, 174, 3, -1,
      3, 174, 175, -1,
      3, 175, 4, -1,
      4, 175, 176, -1,
      4, 176, 87, -1,
      177, 178, 179, -1,
      179, 178, 180, -1,
      181, 182, 183, -1,
      184, 185, 177, -1,
      177, 185, 26, -1,
      26, 185, 186, -1,
      26, 186, 24, -1,
      183, 187, 188, -1,
      188, 187, 189, -1,
      188, 189, 190, -1,
      178, 191, 180, -1,
      180, 191, 192, -1,
      180, 192, 193, -1,
      193, 192, 194, -1,
      195, 196, 197, -1,
      198, 199, 200, -1,
      201, 202, 203, -1,
      203, 202, 204, -1,
      203, 204, 22, -1,
      205, 206, 207, -1,
      207, 206, 208, -1,
      207, 208, 204, -1,
      196, 209, 197, -1,
      197, 209, 210, -1,
      197, 210, 211, -1,
      211, 210, 200, -1,
      211, 200, 212, -1,
      212, 200, 199, -1,
      6, 213, 7, -1,
      7, 213, 214, -1,
      7, 214, 215, -1,
      216, 217, 218, -1,
      218, 217, 7, -1,
      218, 7, 219, -1,
      195, 197, 216, -1,
      216, 197, 220, -1,
      216, 220, 217, -1,
      217, 220, 221, -1,
      217, 221, 222, -1,
      223, 224, 225, -1,
      226, 227, 207, -1,
      207, 227, 228, -1,
      207, 228, 205, -1,
      215, 229, 7, -1,
      7, 229, 230, -1,
      7, 230, 219, -1,
      202, 231, 232, -1,
      232, 231, 233, -1,
      234, 235, 200, -1,
      200, 235, 236, -1,
      200, 236, 237, -1,
      222, 238, 217, -1,
      217, 238, 239, -1,
      217, 239, 240, -1,
      223, 225, 201, -1,
      225, 241, 201, -1,
      201, 241, 242, -1,
      201, 242, 202, -1,
      202, 242, 243, -1,
      202, 243, 231, -1,
      237, 244, 200, -1,
      200, 244, 245, -1,
      200, 245, 198, -1,
      233, 246, 232, -1,
      232, 246, 247, -1,
      232, 247, 248, -1,
      248, 247, 249, -1,
      248, 249, 250, -1,
      250, 249, 251, -1,
      21, 23, 252, -1,
      252, 23, 253, -1,
      252, 253, 254, -1,
      255, 256, 20, -1,
      249, 257, 258, -1,
      258, 257, 259, -1,
      258, 259, 260, -1,
      261, 262, 20, -1,
      20, 262, 263, -1,
      260, 264, 258, -1,
      258, 264, 265, -1,
      258, 265, 266, -1,
      266, 265, 267, -1,
      266, 267, 255, -1,
      268, 269, 256, -1,
      256, 269, 270, -1,
      256, 270, 20, -1,
      20, 270, 271, -1,
      20, 271, 261, -1,
      263, 272, 20, -1,
      20, 272, 273, -1,
      20, 273, 18, -1,
      274, 275, 276, -1,
      276, 275, 277, -1,
      276, 277, 278, -1,
      276, 279, 274, -1,
      274, 279, 280, -1,
      274, 280, 281, -1,
      281, 282, 274, -1,
      274, 282, 283, -1,
      274, 283, 284, -1,
      284, 283, 285, -1,
      284, 285, 286, -1,
      286, 285, 287, -1,
      286, 287, 256, -1,
      256, 287, 288, -1,
      256, 288, 268, -1,
      289, 290, 278, -1,
      278, 290, 291, -1,
      278, 291, 276, -1,
      292, 293, 224, -1,
      224, 293, 294, -1,
      224, 294, 225, -1,
      292, 295, 293, -1,
      293, 295, 296, -1,
      293, 296, 297, -1,
      297, 296, 298, -1,
      297, 299, 300, -1,
      298, 301, 297, -1,
      297, 301, 302, -1,
      297, 302, 303, -1,
      303, 304, 297, -1,
      297, 304, 305, -1,
      297, 305, 299, -1,
      300, 306, 297, -1,
      297, 306, 307, -1,
      297, 307, 308, -1,
      309, 310, 311, -1,
      311, 310, 312, -1,
      311, 312, 313, -1,
      314, 315, 316, -1,
      316, 315, 317, -1,
      310, 318, 312, -1,
      312, 318, 319, -1,
      312, 319, 320, -1,
      320, 319, 321, -1,
      320, 321, 322, -1,
      322, 321, 323, -1,
      322, 323, 317, -1,
      317, 323, 324, -1,
      317, 324, 316, -1,
      325, 326, 327, -1,
      328, 329, 330, -1,
      330, 329, 331, -1,
      330, 331, 332, -1,
      325, 327, 333, -1,
      334, 335, 320, -1,
      336, 337, 322, -1,
      335, 338, 320, -1,
      320, 338, 339, -1,
      320, 339, 325, -1,
      325, 339, 340, -1,
      325, 340, 326, -1,
      336, 322, 341, -1,
      331, 342, 332, -1,
      332, 342, 343, -1,
      332, 343, 322, -1,
      322, 343, 344, -1,
      322, 344, 341, -1,
      337, 345, 322, -1,
      322, 345, 346, -1,
      322, 346, 320, -1,
      320, 346, 347, -1,
      320, 347, 334, -1,
      348, 349, 333, -1,
      333, 349, 350, -1,
      330, 351, 352, -1,
      352, 351, 353, -1,
      327, 328, 333, -1,
      333, 328, 330, -1,
      333, 330, 354, -1,
      354, 330, 352, -1,
      355, 356, 357, -1,
      357, 356, 358, -1,
      357, 358, 359, -1,
      357, 348, 355, -1,
      355, 348, 333, -1,
      355, 333, 360, -1,
      360, 333, 354, -1,
      360, 354, 17, -1,
      17, 354, 361, -1,
      17, 361, 15, -1,
      353, 351, 362, -1,
      362, 351, 363, -1,
      362, 363, 364, -1,
      365, 363, 366, -1,
      366, 363, 367, -1,
      349, 368, 350, -1,
      350, 368, 364, -1,
      350, 364, 14, -1,
      14, 364, 363, -1,
      14, 363, 369, -1,
      369, 363, 365, -1,
      12, 14, 370, -1,
      371, 372, 373, -1,
      373, 372, 374, -1,
      373, 374, 369, -1,
      369, 374, 375, -1,
      369, 375, 14, -1,
      14, 375, 376, -1,
      14, 376, 370, -1,
      373, 377, 378, -1,
      378, 379, 373, -1,
      373, 379, 380, -1,
      373, 380, 381, -1,
      381, 382, 373, -1,
      373, 382, 383, -1,
      373, 383, 371, -1,
      377, 373, 384, -1,
      384, 373, 385, -1,
      384, 385, 386, -1,
      386, 387, 384, -1,
      384, 387, 388, -1,
      384, 388, 389, -1,
      389, 390, 384, -1,
      384, 390, 391, -1,
      384, 391, 392, -1,
      10, 393, 394, -1,
      394, 393, 395, -1,
      395, 393, 396, -1,
      395, 396, 367, -1,
      11, 397, 398, -1,
      398, 399, 11, -1,
      11, 399, 400, -1,
      11, 400, 9, -1,
      401, 402, 11, -1,
      11, 402, 403, -1,
      11, 403, 397, -1,
      404, 405, 406, -1,
      406, 405, 407, -1,
      406, 407, 401, -1,
      401, 407, 408, -1,
      401, 408, 402, -1,
      409, 410, 411, -1,
      411, 410, 412, -1,
      413, 414, 217, -1,
      217, 414, 415, -1,
      217, 415, 411, -1,
      411, 415, 416, -1,
      411, 416, 409, -1,
      13, 413, 258, -1,
      258, 413, 217, -1,
      258, 217, 249, -1,
      249, 217, 240, -1,
      249, 240, 251, -1,
      22, 204, 23, -1,
      23, 204, 208, -1,
      23, 208, 253, -1,
      253, 208, 417, -1,
      253, 417, 8, -1,
      8, 417, 418, -1,
      8, 418, 6, -1,
      419, 420, 421, -1,
      182, 181, 422, -1,
      422, 181, 423, -1,
      422, 423, 194, -1,
      194, 423, 421, -1,
      194, 421, 193, -1,
      193, 421, 420, -1,
      193, 420, 424, -1,
      425, 426, 427, -1,
      421, 428, 419, -1,
      419, 428, 429, -1,
      419, 429, 430, -1,
      430, 429, 425, -1,
      430, 425, 431, -1,
      431, 425, 427, -1,
      432, 433, 20, -1,
      20, 433, 434, -1,
      255, 20, 266, -1,
      266, 20, 434, -1,
      266, 434, 428, -1,
      428, 434, 435, -1,
      428, 435, 429, -1,
      436, 433, 437, -1,
      437, 433, 432, -1,
      437, 432, 438, -1,
      439, 440, 441, -1,
      442, 443, 432, -1,
      432, 443, 444, -1,
      432, 444, 438, -1,
      254, 253, 19, -1,
      19, 253, 439, -1,
      19, 439, 20, -1,
      20, 439, 441, -1,
      20, 441, 432, -1,
      432, 441, 445, -1,
      432, 445, 446, -1,
      447, 448, 449, -1,
      449, 448, 450, -1,
      449, 450, 439, -1,
      439, 450, 451, -1,
      439, 451, 440, -1,
      446, 452, 432, -1,
      432, 452, 453, -1,
      432, 453, 442, -1,
      454, 455, 456, -1,
      454, 456, 424, -1,
      455, 457, 456, -1,
      456, 457, 458, -1,
      456, 458, 449, -1,
      449, 458, 459, -1,
      449, 459, 447, -1,
      460, 74, 461, -1,
      461, 74, 71, -1,
      461, 71, 462, -1,
      462, 71, 63, -1,
      462, 63, 463, -1,
      463, 63, 29, -1,
      463, 29, 464, -1,
      464, 29, 57, -1,
      464, 57, 465, -1,
      465, 57, 48, -1,
      465, 48, 466, -1,
      466, 48, 44, -1,
      467, 401, 32, -1,
      467, 468, 401, -1,
      401, 468, 469, -1,
      401, 469, 406, -1,
      406, 469, 470, -1,
      406, 470, 471, -1,
      5, 406, 3, -1,
      3, 406, 471, -1,
      3, 471, 32, -1,
      32, 471, 472, -1,
      32, 472, 467, -1,
      473, 474, 475, -1,
      474, 473, 476, -1,
      476, 473, 5, -1,
      476, 5, 477, -1,
      478, 479, 480, -1,
      480, 479, 476, -1,
      480, 476, 481, -1,
      481, 476, 477, -1,
      481, 477, 482, -1,
      482, 477, 483, -1,
      2, 473, 0, -1,
      0, 473, 475, -1,
      0, 475, 4, -1,
      4, 475, 484, -1,
      4, 484, 5, -1,
      5, 484, 485, -1,
      5, 485, 477, -1,
      10, 394, 11, -1,
      11, 394, 486, -1,
      11, 486, 401, -1,
      401, 486, 41, -1,
      401, 41, 32, -1,
      32, 41, 40, -1,
      32, 40, 33, -1,
      2, 8, 473, -1,
      473, 8, 7, -1,
      473, 7, 5, -1,
      5, 7, 217, -1,
      5, 217, 406, -1,
      406, 217, 411, -1,
      406, 411, 404, -1,
      404, 411, 412, -1,
      13, 258, 14, -1,
      14, 258, 266, -1,
      14, 266, 350, -1,
      350, 266, 428, -1,
      350, 428, 333, -1,
      333, 428, 421, -1,
      333, 421, 325, -1,
      325, 421, 423, -1,
      325, 423, 320, -1,
      320, 423, 181, -1,
      320, 181, 312, -1,
      367, 363, 395, -1,
      395, 363, 351, -1,
      395, 351, 487, -1,
      487, 351, 330, -1,
      487, 330, 488, -1,
      488, 330, 332, -1,
      488, 332, 489, -1,
      489, 332, 322, -1,
      489, 322, 490, -1,
      490, 322, 317, -1,
      490, 317, 491, -1,
      491, 317, 315, -1,
      491, 315, 492, -1,
      493, 494, 181, -1,
      188, 184, 183, -1,
      183, 184, 177, -1,
      183, 177, 181, -1,
      181, 177, 179, -1,
      181, 179, 493, -1,
      493, 179, 495, -1,
      496, 179, 497, -1,
      497, 179, 498, -1,
      497, 498, 499, -1,
      499, 498, 500, -1,
      501, 502, 496, -1,
      496, 502, 503, -1,
      496, 503, 179, -1,
      179, 503, 504, -1,
      179, 504, 495, -1,
      316, 313, 314, -1,
      314, 313, 312, -1,
      314, 312, 500, -1,
      500, 312, 181, -1,
      500, 181, 499, -1,
      499, 181, 505, -1,
      504, 506, 507, -1,
      507, 508, 504, -1,
      504, 508, 509, -1,
      504, 509, 495, -1,
      510, 511, 505, -1,
      505, 511, 512, -1,
      505, 512, 513, -1,
      494, 514, 181, -1,
      181, 514, 515, -1,
      181, 515, 505, -1,
      505, 515, 516, -1,
      505, 516, 510, -1,
      513, 517, 505, -1,
      505, 517, 518, -1,
      505, 518, 504, -1,
      504, 518, 519, -1,
      504, 519, 506, -1,
      424, 456, 193, -1,
      193, 456, 520, -1,
      193, 520, 180, -1,
      180, 520, 521, -1,
      180, 521, 179, -1,
      179, 521, 522, -1,
      179, 522, 498, -1,
      77, 79, 1, -1,
      1, 79, 523, -1,
      1, 523, 2, -1,
      2, 523, 524, -1,
      2, 524, 8, -1,
      8, 524, 525, -1,
      8, 525, 253, -1,
      253, 525, 526, -1,
      253, 526, 439, -1,
      439, 526, 527, -1,
      439, 527, 449, -1,
      449, 527, 528, -1,
      449, 528, 456, -1,
      456, 528, 529, -1,
      456, 529, 520, -1,
      520, 529, 530, -1,
      520, 530, 521, -1,
      521, 530, 531, -1,
      521, 531, 522, -1,
      532, 533, 534, -1,
      534, 533, 535, -1,
      536, 537, 538, -1,
      538, 537, 539, -1,
      540, 541, 542, -1,
      543, 544, 545, -1,
      545, 546, 543, -1,
      543, 546, 547, -1,
      543, 547, 548, -1,
      549, 550, 542, -1,
      542, 550, 551, -1,
      542, 551, 535, -1,
      535, 551, 552, -1,
      535, 552, 553, -1,
      548, 549, 543, -1,
      543, 549, 542, -1,
      543, 542, 554, -1,
      554, 542, 541, -1,
      554, 541, 555, -1,
      555, 541, 556, -1,
      557, 558, 559, -1,
      558, 560, 559, -1,
      559, 560, 561, -1,
      559, 561, 562, -1,
      562, 563, 559, -1,
      559, 563, 564, -1,
      559, 564, 543, -1,
      543, 564, 565, -1,
      543, 565, 544, -1,
      566, 567, 568, -1,
      569, 570, 571, -1,
      571, 570, 538, -1,
      571, 538, 572, -1,
      553, 557, 535, -1,
      535, 557, 559, -1,
      535, 559, 534, -1,
      534, 559, 573, -1,
      534, 573, 539, -1,
      539, 573, 540, -1,
      539, 540, 538, -1,
      538, 540, 542, -1,
      538, 542, 572, -1,
      574, 575, 576, -1,
      576, 575, 566, -1,
      460, 577, 578, -1,
      578, 577, 579, -1,
      578, 579, 580, -1,
      580, 579, 576, -1,
      580, 576, 581, -1,
      581, 576, 566, -1,
      581, 566, 582, -1,
      535, 583, 542, -1,
      542, 583, 584, -1,
      542, 584, 585, -1,
      586, 587, 535, -1,
      535, 587, 588, -1,
      589, 590, 591, -1,
      592, 585, 593, -1,
      593, 585, 594, -1,
      568, 572, 566, -1,
      566, 572, 542, -1,
      566, 542, 582, -1,
      582, 542, 585, -1,
      582, 585, 595, -1,
      595, 585, 592, -1,
      596, 531, 597, -1,
      597, 531, 578, -1,
      598, 599, 600, -1,
      600, 599, 583, -1,
      600, 583, 601, -1,
      602, 603, 604, -1,
      604, 603, 605, -1,
      604, 605, 606, -1,
      607, 608, 604, -1,
      604, 608, 609, -1,
      610, 611, 612, -1,
      612, 611, 613, -1,
      609, 614, 604, -1,
      604, 614, 613, -1,
      604, 613, 615, -1,
      615, 613, 611, -1,
      616, 617, 618, -1,
      618, 617, 619, -1,
      618, 619, 620, -1,
      591, 601, 589, -1,
      589, 601, 583, -1,
      589, 583, 621, -1,
      621, 583, 535, -1,
      621, 535, 594, -1,
      606, 622, 604, -1,
      604, 622, 623, -1,
      604, 623, 607, -1,
      624, 625, 626, -1,
      626, 625, 627, -1,
      580, 617, 578, -1,
      578, 617, 616, -1,
      578, 616, 597, -1,
      597, 616, 628, -1,
      597, 628, 588, -1,
      588, 628, 626, -1,
      588, 626, 535, -1,
      535, 626, 627, -1,
      620, 629, 618, -1,
      618, 629, 630, -1,
      618, 630, 631, -1,
      631, 630, 632, -1,
      631, 632, 633, -1,
      632, 634, 633, -1,
      633, 634, 635, -1,
      633, 635, 626, -1,
      626, 635, 636, -1,
      626, 636, 624, -1,
      627, 637, 535, -1,
      535, 637, 638, -1,
      535, 638, 639, -1,
      639, 640, 535, -1,
      535, 640, 641, -1,
      535, 641, 594, -1,
      594, 641, 642, -1,
      594, 642, 593, -1,
      593, 642, 643, -1,
      593, 643, 604, -1,
      604, 643, 644, -1,
      604, 644, 602, -1,
      533, 532, 645, -1,
      537, 536, 646, -1,
      646, 536, 647, -1,
      646, 647, 645, -1,
      645, 647, 648, -1,
      645, 648, 533, -1,
      531, 596, 649, -1,
      587, 586, 650, -1,
      650, 586, 651, -1,
      650, 651, 649, -1,
      649, 651, 492, -1,
      649, 492, 531, -1,
      570, 569, 652, -1,
      568, 567, 653, -1,
      653, 567, 654, -1,
      653, 654, 652, -1,
      652, 654, 655, -1,
      652, 655, 570, -1,
      575, 574, 656, -1,
      577, 460, 657, -1,
      657, 460, 466, -1,
      657, 466, 656, -1,
      656, 466, 658, -1,
      656, 658, 575, -1,
      659, 660, 655, -1,
      655, 660, 647, -1,
      660, 661, 647, -1,
      647, 661, 648, -1,
      661, 662, 648, -1,
      648, 662, 651, -1,
      662, 663, 651, -1,
      651, 663, 492, -1,
      663, 664, 492, -1,
      492, 664, 466, -1,
      664, 665, 466, -1,
      466, 665, 658, -1,
      666, 659, 654, -1,
      654, 659, 655, -1,
      665, 666, 658, -1,
      658, 666, 654, -1,
      651, 586, 648, -1,
      648, 586, 535, -1,
      648, 535, 533, -1,
      647, 536, 655, -1,
      655, 536, 538, -1,
      655, 538, 570, -1,
      575, 658, 566, -1,
      566, 658, 654, -1,
      566, 654, 567, -1,
      667, 668, 669, -1,
      670, 671, 661, -1,
      663, 672, 673, -1,
      674, 675, 662, -1,
      676, 677, 678, -1,
      678, 677, 679, -1,
      670, 661, 680, -1,
      681, 682, 683, -1,
      684, 685, 660, -1,
      681, 686, 679, -1,
      679, 686, 687, -1,
      679, 687, 678, -1,
      681, 688, 682, -1,
      682, 688, 689, -1,
      682, 689, 690, -1,
      671, 691, 661, -1,
      661, 691, 692, -1,
      661, 692, 662, -1,
      662, 692, 693, -1,
      662, 693, 674, -1,
      675, 694, 662, -1,
      662, 694, 695, -1,
      662, 695, 663, -1,
      663, 695, 696, -1,
      663, 696, 672, -1,
      676, 697, 677, -1,
      677, 697, 698, -1,
      677, 698, 673, -1,
      673, 698, 663, -1,
      663, 698, 699, -1,
      663, 699, 700, -1,
      701, 702, 703, -1,
      703, 702, 704, -1,
      705, 706, 664, -1,
      664, 706, 707, -1,
      664, 707, 708, -1,
      659, 709, 710, -1,
      660, 685, 661, -1,
      661, 685, 711, -1,
      661, 711, 680, -1,
      700, 712, 663, -1,
      663, 712, 713, -1,
      663, 713, 664, -1,
      664, 713, 714, -1,
      664, 714, 705, -1,
      701, 715, 702, -1,
      702, 715, 716, -1,
      702, 716, 717, -1,
      717, 716, 686, -1,
      717, 686, 718, -1,
      718, 686, 681, -1,
      718, 681, 719, -1,
      719, 681, 683, -1,
      720, 721, 659, -1,
      659, 721, 722, -1,
      659, 722, 709, -1,
      690, 723, 682, -1,
      682, 723, 724, -1,
      682, 724, 710, -1,
      710, 724, 725, -1,
      710, 725, 659, -1,
      659, 725, 726, -1,
      659, 726, 660, -1,
      660, 726, 727, -1,
      660, 727, 684, -1,
      666, 728, 729, -1,
      730, 731, 668, -1,
      668, 731, 732, -1,
      668, 732, 669, -1,
      704, 702, 733, -1,
      733, 702, 734, -1,
      733, 734, 735, -1,
      735, 734, 736, -1,
      735, 736, 669, -1,
      669, 736, 737, -1,
      669, 737, 667, -1,
      708, 730, 664, -1,
      664, 730, 668, -1,
      664, 668, 665, -1,
      665, 668, 738, -1,
      665, 738, 739, -1,
      739, 740, 665, -1,
      665, 740, 741, -1,
      665, 741, 666, -1,
      666, 741, 742, -1,
      666, 742, 728, -1,
      729, 743, 666, -1,
      666, 743, 744, -1,
      666, 744, 659, -1,
      659, 744, 745, -1,
      659, 745, 720, -1,
    ]
  }
}

Shape {
  appearance Appearance {
    material Material {
      diffuseColor 0.9765 1.0000 0.8431
      specularColor 0.4863 0.5020 0.4235
      ambientIntensity 0.2
      transparency 0.0000
      shininess 0.5
    }
  }
  geometry IndexedFaceSet {
    ccw TRUE
    solid FALSE
    coord DEF co Coordinate {
      point [
        -0.582306 -0.870348 1.185039,
        -0.570866 -0.964567 1.185039,
        -1.259256 -0.703495 1.185039,
        -1.188215 -0.640557 1.185039,
        -0.824959 -0.596450 1.185039,
        -1.346828 -0.870348 1.185039,
        -1.313172 -0.781605 1.185039,
        -0.917111 -0.573737 1.185039,
        -1.012022 -0.573737 1.185039,
        -1.104175 -0.596450 1.185039,
        -1.313172 -1.147529 1.185039,
        -1.346828 -1.058786 1.185039,
        -1.358268 -0.964567 1.185039,
        -0.917111 -1.355397 1.185039,
        -1.012022 -1.355397 1.185039,
        -0.740919 -0.640557 1.185039,
        -0.669878 -0.703495 1.185039,
        -0.615962 -0.781605 1.185039,
        -0.582306 -1.058786 1.185039,
        -0.615962 -1.147529 1.185039,
        -0.669878 -1.225639 1.185039,
        -0.740919 -1.288576 1.185039,
        -0.824959 -1.332683 1.185039,
        -1.104175 -1.332683 1.185039,
        -1.188215 -1.288576 1.185039,
        -1.259256 -1.225639 1.185039,
        -1.346828 -0.870348 1.188976,
        -1.313172 -0.781605 1.188976,
        -1.259256 -0.703495 1.188976,
        -1.188215 -0.640557 1.188976,
        -1.104175 -0.596450 1.188976,
        -1.012022 -0.573737 1.188976,
        -0.917111 -0.573737 1.188976,
        -0.824959 -0.596450 1.188976,
        -0.740919 -0.640557 1.188976,
        -0.669878 -0.703495 1.188976,
        -0.615962 -0.781605 1.188976,
        -0.582306 -0.870348 1.188976,
        -0.570866 -0.964567 1.188976,
        -0.582306 -1.058786 1.188976,
        -0.615962 -1.147529 1.188976,
        -0.669878 -1.225639 1.188976,
        -0.740919 -1.288576 1.188976,
        -0.824959 -1.332683 1.188976,
        -0.917111 -1.355397 1.188976,
        -1.012022 -1.355397 1.188976,
        -1.104175 -1.332683 1.188976,
        -1.188215 -1.288576 1.188976,
        -1.259256 -1.225639 1.188976,
        -1.313172 -1.147529 1.188976,
        -1.346828 -1.058786 1.188976,
        -1.358268 -0.964567 1.188976,
        -0.909493 -1.019641 1.188976,
        -0.664326 -1.019641 1.188976,
        -1.019641 -1.264808 1.188976,
        -0.909493 -1.264808 1.188976,
        -1.019641 -1.019641 1.188976,
        -1.264808 -0.909493 1.188976,
        -1.264808 -1.019641 1.188976,
        -1.019641 -0.909493 1.188976,
        -1.019641 -0.664326 1.188976,
        -0.909493 -0.664326 1.188976,
        -0.909493 -0.909493 1.188976,
        -0.664326 -0.909493 1.188976,
      ]
    }
    coordIndex [
      12, 26, 5, -1,
      5, 26, 27, -1,
      5, 27, 6, -1,
      6, 27, 28, -1,
      6, 28, 2, -1,
      2, 28, 29, -1,
      2, 29, 3, -1,
      3, 29, 30, -1,
      3, 30, 9, -1,
      9, 30, 31, -1,
      9, 31, 8, -1,
      8, 31, 32, -1,
      8, 32, 7, -1,
      7, 32, 33, -1,
      7, 33, 4, -1,
      4, 33, 34, -1,
      4, 34, 15, -1,
      15, 34, 35, -1,
      15, 35, 16, -1,
      16, 35, 36, -1,
      16, 36, 17, -1,
      17, 36, 37, -1,
      17, 37, 0, -1,
      0, 37, 38, -1,
      0, 38, 1, -1,
      1, 38, 39, -1,
      1, 39, 18, -1,
      18, 39, 40, -1,
      18, 40, 19, -1,
      19, 40, 41, -1,
      19, 41, 20, -1,
      20, 41, 42, -1,
      20, 42, 21, -1,
      21, 42, 43, -1,
      21, 43, 22, -1,
      22, 43, 44, -1,
      22, 44, 13, -1,
      13, 44, 45, -1,
      13, 45, 14, -1,
      14, 45, 46, -1,
      14, 46, 23, -1,
      23, 46, 47, -1,
      23, 47, 24, -1,
      24, 47, 48, -1,
      24, 48, 25, -1,
      25, 48, 49, -1,
      25, 49, 10, -1,
      10, 49, 50, -1,
      10, 50, 11, -1,
      11, 50, 51, -1,
      11, 51, 12, -1,
      12, 51, 26, -1,
      41, 40, 52, -1,
      52, 40, 53, -1,
      46, 45, 54, -1,
      54, 45, 44, -1,
      54, 44, 55, -1,
      55, 44, 43, -1,
      55, 43, 52, -1,
      52, 43, 42, -1,
      52, 42, 41, -1,
      46, 54, 47, -1,
      47, 54, 56, -1,
      47, 56, 48, -1,
      57, 51, 58, -1,
      58, 51, 50, -1,
      58, 50, 56, -1,
      56, 50, 49, -1,
      56, 49, 48, -1,
      29, 59, 30, -1,
      30, 59, 60, -1,
      30, 60, 31, -1,
      31, 60, 61, -1,
      31, 61, 32, -1,
      32, 61, 33, -1,
      33, 61, 34, -1,
      34, 61, 62, -1,
      34, 62, 35, -1,
      40, 39, 53, -1,
      53, 39, 38, -1,
      53, 38, 63, -1,
      63, 38, 37, -1,
      63, 37, 62, -1,
      62, 37, 36, -1,
      62, 36, 35, -1,
      29, 28, 59, -1,
      59, 28, 27, -1,
      59, 27, 57, -1,
      57, 27, 26, -1,
      57, 26, 51, -1,
    ]
  }
}

Shape {
  appearance Appearance {
    material Material {
      diffuseColor 0.2235 0.2235 0.2235
      specularColor 0.1137 0.1137 0.1137
      ambientIntensity 0.2
      transparency 0.0000
      shininess 0.5
    }
  }
  geometry IndexedFaceSet {
    ccw TRUE
    solid FALSE
    coord DEF co Coordinate {
      point [
        -0.041758 1.286434 1.185039,
        -0.029528 1.295819 1.185039,
        0.248488 0.916569 1.185039,
        0.246476 0.901284 1.185039,
        0.029528 1.295819 1.185039,
        0.041758 1.286434 1.185039,
        0.240576 0.887041 1.185039,
        0.231191 0.874810 1.185039,
        -0.051143 1.274203 1.185039,
        0.218960 0.865425 1.185039,
        -0.248488 0.916569 1.185039,
        -0.246476 0.931853 1.185039,
        0.204717 0.859526 1.185039,
        0.189433 0.857513 1.185039,
        -0.189433 0.857513 1.185039,
        -0.015285 1.301719 1.185039,
        -0.000000 1.303731 1.185039,
        0.015285 1.301719 1.185039,
        0.051143 1.274203 1.185039,
        0.240576 0.946096 1.185039,
        0.246476 0.931853 1.185039,
        -0.240576 0.946096 1.185039,
        -0.204717 0.859526 1.185039,
        -0.218960 0.865425 1.185039,
        -0.231191 0.874810 1.185039,
        -0.240576 0.887041 1.185039,
        -0.246476 0.901284 1.185039,
        -0.909493 -1.019641 1.188976,
        -0.664326 -1.019641 1.188976,
        -1.019641 -1.264808 1.188976,
        -0.909493 -1.264808 1.188976,
        -1.019641 -1.019641 1.188976,
        -1.264808 -0.909493 1.188976,
        -1.264808 -1.019641 1.188976,
        -1.019641 -0.909493 1.188976,
        -1.019641 -0.664326 1.188976,
        -0.909493 -0.664326 1.188976,
        -0.909493 -0.909493 1.188976,
        -0.664326 -0.909493 1.188976,
        -0.909493 -1.019641 1.185039,
        -0.909493 -1.264808 1.185039,
        -1.019641 -1.264808 1.185039,
        -1.019641 -1.019641 1.185039,
        -1.264808 -1.019641 1.185039,
        -1.264808 -0.909493 1.185039,
        -1.019641 -0.909493 1.185039,
        -1.019641 -0.664326 1.185039,
        -0.909493 -0.664326 1.185039,
        -0.909493 -0.909493 1.185039,
        -0.664326 -0.909493 1.185039,
        -0.664326 -1.019641 1.185039,
        0.189433 0.857513 1.181102,
        0.204717 0.859526 1.181102,
        0.218960 0.865425 1.181102,
        0.231191 0.874810 1.181102,
        0.240576 0.887041 1.181102,
        0.246476 0.901284 1.181102,
        0.248488 0.916569 1.181102,
        0.246476 0.931853 1.181102,
        0.240576 0.946096 1.181102,
        -0.189433 0.857513 1.181102,
        -0.240576 0.946096 1.181102,
        -0.246476 0.931853 1.181102,
        -0.248488 0.916569 1.181102,
        -0.246476 0.901284 1.181102,
        -0.240576 0.887041 1.181102,
        -0.231191 0.874810 1.181102,
        -0.218960 0.865425 1.181102,
        -0.204717 0.859526 1.181102,
        -0.051143 1.274203 1.181102,
        0.051143 1.274203 1.181102,
        0.041758 1.286434 1.181102,
        0.029528 1.295819 1.181102,
        0.015285 1.301719 1.181102,
        -0.000000 1.303731 1.181102,
        -0.015285 1.301719 1.181102,
        -0.029528 1.295819 1.181102,
        -0.041758 1.286434 1.181102,
      ]
    }
    coordIndex [
      39, 40, 27, -1,
      27, 40, 30, -1,
      40, 41, 30, -1,
      30, 41, 29, -1,
      41, 42, 29, -1,
      29, 42, 31, -1,
      42, 43, 31, -1,
      31, 43, 33, -1,
      43, 44, 33, -1,
      33, 44, 32, -1,
      44, 45, 32, -1,
      32, 45, 34, -1,
      45, 46, 34, -1,
      34, 46, 35, -1,
      46, 47, 35, -1,
      35, 47, 36, -1,
      47, 48, 36, -1,
      36, 48, 37, -1,
      48, 49, 37, -1,
      37, 49, 38, -1,
      49, 50, 38, -1,
      38, 50, 28, -1,
      50, 39, 28, -1,
      28, 39, 27, -1,
      44, 43, 45, -1,
      45, 43, 42, -1,
      50, 49, 39, -1,
      39, 49, 48, -1,
      47, 46, 48, -1,
      48, 46, 45, -1,
      48, 45, 39, -1,
      39, 45, 42, -1,
      39, 42, 40, -1,
      40, 42, 41, -1,
      51, 13, 52, -1,
      52, 13, 12, -1,
      52, 12, 53, -1,
      53, 12, 9, -1,
      53, 9, 54, -1,
      54, 9, 7, -1,
      54, 7, 55, -1,
      55, 7, 6, -1,
      55, 6, 56, -1,
      56, 6, 3, -1,
      56, 3, 57, -1,
      57, 3, 2, -1,
      57, 2, 58, -1,
      58, 2, 20, -1,
      58, 20, 59, -1,
      59, 20, 19, -1,
      51, 60, 13, -1,
      13, 60, 14, -1,
      61, 21, 62, -1,
      62, 21, 11, -1,
      62, 11, 63, -1,
      63, 11, 10, -1,
      63, 10, 64, -1,
      64, 10, 26, -1,
      64, 26, 65, -1,
      65, 26, 25, -1,
      65, 25, 66, -1,
      66, 25, 24, -1,
      66, 24, 67, -1,
      67, 24, 23, -1,
      67, 23, 68, -1,
      68, 23, 22, -1,
      68, 22, 60, -1,
      60, 22, 14, -1,
      61, 69, 21, -1,
      21, 69, 8, -1,
      70, 18, 71, -1,
      71, 18, 5, -1,
      71, 5, 72, -1,
      72, 5, 4, -1,
      72, 4, 73, -1,
      73, 4, 17, -1,
      73, 17, 74, -1,
      74, 17, 16, -1,
      74, 16, 75, -1,
      75, 16, 15, -1,
      75, 15, 76, -1,
      76, 15, 1, -1,
      76, 1, 77, -1,
      77, 1, 0, -1,
      77, 0, 69, -1,
      69, 0, 8, -1,
      70, 59, 18, -1,
      18, 59, 19, -1,
      64, 65, 66, -1,
      59, 70, 69, -1,
      69, 70, 71, -1,
      71, 72, 69, -1,
      69, 72, 73, -1,
      69, 73, 74, -1,
      74, 75, 69, -1,
      69, 75, 76, -1,
      69, 76, 77, -1,
      67, 68, 61, -1,
      61, 68, 60, -1,
      61, 60, 69, -1,
      64, 66, 63, -1,
      60, 51, 69, -1,
      69, 51, 52, -1,
      69, 52, 53, -1,
      67, 61, 66, -1,
      66, 61, 62, -1,
      66, 62, 63, -1,
      53, 54, 69, -1,
      69, 54, 55, -1,
      69, 55, 56, -1,
      56, 57, 69, -1,
      69, 57, 58, -1,
      69, 58, 59, -1,
    ]
  }
}

Shape {
  appearance Appearance {
    material Material {
      diffuseColor 0.8510 0.8510 0.8510
      specularColor 0.4235 0.4235 0.4235
      ambientIntensity 0.2
      transparency 0.0000
      shininess 0.5
    }
  }
  geometry IndexedFaceSet {
    ccw TRUE
    solid FALSE
    coord DEF co Coordinate {
      point [
        -1.184159 1.571746 0.003937,
        -0.989357 1.376944 0.003937,
        -1.571746 1.184159 0.003937,
        -1.376944 0.989357 0.003937,
        -1.184159 -1.571746 0.003937,
        -1.571746 -1.184159 0.003937,
        -1.376944 -0.989357 0.003937,
        -0.989357 -1.376944 0.003937,
        1.184159 -1.571746 0.003937,
        0.989357 -1.376944 0.003937,
        1.571746 -1.184159 0.003937,
        1.376944 -0.989357 0.003937,
        1.184159 1.571746 0.003937,
        0.989357 1.376944 0.003937,
        1.571746 1.184159 0.003937,
        1.376944 0.989357 0.003937,
        -1.184159 1.571746 0.078740,
        -1.571746 1.184159 0.078740,
        1.571746 1.184159 0.078740,
        1.184159 1.571746 0.078740,
        -1.571746 -1.184159 0.078740,
        -1.184159 -1.571746 0.078740,
        1.184159 -1.571746 0.078740,
        1.571746 -1.184159 0.078740,
        1.712598 -1.712598 0.078740,
        1.712598 -1.325011 0.078740,
        1.325011 -1.712598 0.078740,
        1.376944 -0.989357 -0.000000,
        1.712598 -1.325011 -0.000000,
        0.989357 -1.376944 0.000000,
        1.325011 -1.712598 -0.000000,
        1.712598 -1.712598 0.000000,
        -0.989357 -1.376944 -0.000000,
        -1.376944 -0.989357 -0.000000,
        -1.325011 -1.712598 0.078740,
        -1.325011 -1.712598 0.000000,
        -1.712598 -1.325011 0.000000,
        -1.712598 -1.325011 0.078740,
        -1.712598 -1.712598 0.078740,
        -1.712598 -1.712598 0.000000,
        0.989357 1.376944 -0.000000,
        1.376944 0.989357 -0.000000,
        1.325011 1.712598 0.078740,
        1.325011 1.712598 0.000000,
        1.712598 1.325011 -0.000000,
        1.712598 1.325011 0.078740,
        1.712598 1.712598 0.078740,
        1.712598 1.712598 0.000000,
        -1.376944 0.989357 0.000000,
        -0.989357 1.376944 0.000000,
        -1.285641 1.673228 0.000000,
        -1.285641 1.673228 0.078740,
        -1.673228 1.285641 0.078740,
        -1.673228 1.285641 0.000000,
      ]
    }
    coordIndex [
      24, 25, 26, -1,
      26, 25, 23, -1,
      26, 23, 22, -1,
      27, 11, 10, -1,
      23, 25, 10, -1,
      10, 25, 28, -1,
      10, 28, 27, -1,
      11, 27, 9, -1,
      9, 27, 29, -1,
      9, 29, 8, -1,
      8, 29, 30, -1,
      8, 30, 22, -1,
      22, 30, 26, -1,
      24, 26, 31, -1,
      31, 26, 30, -1,
      25, 24, 28, -1,
      28, 24, 31, -1,
      28, 31, 27, -1,
      27, 31, 30, -1,
      27, 30, 29, -1,
      7, 32, 6, -1,
      6, 32, 33, -1,
      32, 7, 4, -1,
      21, 34, 4, -1,
      4, 34, 35, -1,
      4, 35, 32, -1,
      6, 33, 5, -1,
      5, 33, 36, -1,
      5, 36, 20, -1,
      20, 36, 37, -1,
      38, 34, 37, -1,
      37, 34, 21, -1,
      37, 21, 20, -1,
      38, 37, 39, -1,
      39, 37, 36, -1,
      34, 38, 35, -1,
      35, 38, 39, -1,
      35, 39, 32, -1,
      32, 39, 36, -1,
      32, 36, 33, -1,
      13, 40, 15, -1,
      15, 40, 41, -1,
      40, 13, 12, -1,
      19, 42, 12, -1,
      12, 42, 43, -1,
      12, 43, 40, -1,
      15, 41, 14, -1,
      14, 41, 44, -1,
      14, 44, 18, -1,
      18, 44, 45, -1,
      46, 42, 45, -1,
      45, 42, 19, -1,
      45, 19, 18, -1,
      42, 46, 43, -1,
      43, 46, 47, -1,
      46, 45, 47, -1,
      47, 45, 44, -1,
      43, 47, 40, -1,
      40, 47, 44, -1,
      40, 44, 41, -1,
      3, 48, 1, -1,
      1, 48, 49, -1,
      1, 49, 0, -1,
      0, 49, 50, -1,
      0, 50, 16, -1,
      16, 50, 51, -1,
      48, 3, 2, -1,
      17, 52, 2, -1,
      2, 52, 53, -1,
      2, 53, 48, -1,
      51, 52, 16, -1,
      16, 52, 17, -1,
      52, 51, 53, -1,
      53, 51, 50, -1,
      48, 53, 49, -1,
      49, 53, 50, -1,
    ]
  }
}

Shape {
  appearance Appearance {
    material Material {
      diffuseColor 0.6471 0.6471 0.6471
      specularColor 0.3216 0.3216 0.3216
      ambientIntensity 0.2
      transparency 0.0000
      shininess 0.5
    }
  }
  geometry IndexedFaceSet {
    ccw TRUE
    solid FALSE
    coord DEF co Coordinate {
      point [
        -0.433337 -0.018514 0.003937,
        -0.404530 -0.018514 0.003937,
        -0.255691 -0.018514 0.003937,
        -0.231458 0.035439 0.003937,
        -0.220169 0.017831 0.003937,
        -0.203967 0.002318 0.003937,
        -0.183413 -0.009627 0.003937,
        -0.160730 -0.016388 0.003937,
        -0.136373 -0.018514 0.003937,
        -0.082847 -0.018514 0.003937,
        -0.082847 0.178337 0.003937,
        -0.138399 0.178337 0.003937,
        -0.166838 0.175296 0.003937,
        -0.284499 -0.018514 0.003937,
        -0.303291 0.036700 0.003937,
        -0.384612 0.036700 0.003937,
        -0.189870 0.167209 0.003937,
        -0.211296 0.152850 0.003937,
        -0.330111 0.178337 0.003937,
        -0.211502 0.152669 0.003937,
        -0.225422 0.137234 0.003937,
        -0.234570 0.120304 0.003937,
        -0.239857 0.100909 0.003937,
        -0.241288 0.082387 0.003937,
        -0.238526 0.056043 0.003937,
        -0.356517 0.178337 0.003937,
        0.153763 -0.020915 0.003937,
        0.148381 -0.020822 0.003937,
        0.140474 -0.019714 0.003937,
        -0.044437 0.003092 0.003937,
        -0.044437 -0.018514 0.003937,
        0.061190 -0.018514 0.003937,
        -0.039636 0.156731 0.003937,
        0.034783 0.156731 0.003937,
        0.034783 0.091914 0.003937,
        0.099600 -0.008311 0.003937,
        0.099600 0.013294 0.003937,
        0.061190 0.178337 0.003937,
        0.120583 -0.016927 0.003937,
        0.034783 0.070309 0.003937,
        0.034783 0.003092 0.003937,
        -0.034835 0.070309 0.003937,
        -0.034835 0.091914 0.003937,
        0.165082 0.156955 0.003937,
        0.179817 0.151637 0.003937,
        0.103128 0.011340 0.003937,
        0.193441 0.142522 0.003937,
        0.205329 0.129399 0.003937,
        0.219630 0.077811 0.003937,
        0.217637 0.056501 0.003937,
        0.212289 0.039569 0.003937,
        0.168486 0.002750 0.003937,
        0.150125 0.000691 0.003937,
        0.182829 0.008031 0.003937,
        0.194910 0.016174 0.003937,
        0.204148 0.025919 0.003937,
        0.123995 0.003591 0.003937,
        0.363667 -0.018514 0.003937,
        0.165340 -0.019714 0.003937,
        0.262841 -0.018514 0.003937,
        0.178022 -0.018399 0.003937,
        0.197102 -0.011832 0.003937,
        -0.039636 0.178337 0.003937,
        0.213444 0.114200 0.003937,
        0.218691 0.093127 0.003937,
        0.235648 0.126489 0.003937,
        0.224110 0.144893 0.003937,
        0.337260 0.178337 0.003937,
        0.206338 0.161985 0.003937,
        0.363667 0.178337 0.003937,
        0.212936 -0.001720 0.003937,
        0.227722 0.013846 0.003937,
        0.262841 0.003092 0.003937,
        0.238209 0.032564 0.003937,
        0.337260 0.003092 0.003937,
        0.244133 0.053400 0.003937,
        0.246037 0.076198 0.003937,
        0.243205 0.104184 0.003937,
        0.187641 0.172748 0.003937,
        0.165696 0.179123 0.003937,
        0.145924 0.180737 0.003937,
        0.122359 0.179111 0.003937,
        0.099600 0.172935 0.003937,
        0.099600 0.146528 0.003937,
        0.121773 0.156023 0.003937,
        0.145699 0.159131 0.003937,
        -0.356517 0.178337 0.007874,
        -0.433337 -0.018514 0.007874,
        -0.404530 -0.018514 0.007874,
        -0.384612 0.036700 0.007874,
        -0.303291 0.036700 0.007874,
        -0.284499 -0.018514 0.007874,
        -0.255691 -0.018514 0.007874,
        -0.330111 0.178337 0.007874,
        -0.309930 0.058306 0.007874,
        -0.375760 0.058306 0.007874,
        -0.339300 0.140527 0.007874,
        -0.341195 0.147354 0.007874,
        -0.342451 0.154330 0.007874,
        -0.343089 0.154330 0.007874,
        -0.344373 0.147375 0.007874,
        -0.346127 0.140527 0.007874,
        -0.309930 0.058306 0.003937,
        -0.375760 0.058306 0.003937,
        -0.339300 0.140527 0.003937,
        -0.341195 0.147354 0.003937,
        -0.342451 0.154330 0.003937,
        -0.343089 0.154330 0.003937,
        -0.344373 0.147375 0.003937,
        -0.346127 0.140527 0.003937,
        -0.136373 -0.018514 0.007874,
        -0.082847 -0.018514 0.007874,
        -0.082847 0.178337 0.007874,
        -0.138399 0.178337 0.007874,
        -0.241288 0.082387 0.007874,
        -0.239857 0.100909 0.007874,
        -0.234570 0.120304 0.007874,
        -0.225422 0.137234 0.007874,
        -0.211502 0.152669 0.007874,
        -0.211296 0.152850 0.007874,
        -0.189870 0.167209 0.007874,
        -0.166838 0.175296 0.007874,
        -0.160730 -0.016388 0.007874,
        -0.183413 -0.009627 0.007874,
        -0.203967 0.002318 0.007874,
        -0.220169 0.017831 0.007874,
        -0.231458 0.035439 0.007874,
        -0.238526 0.056043 0.007874,
        -0.201775 0.129126 0.007874,
        -0.192213 0.139279 0.007874,
        -0.177834 0.148568 0.007874,
        -0.161585 0.154254 0.007874,
        -0.138286 0.156731 0.007874,
        -0.109254 0.156731 0.007874,
        -0.109254 0.003092 0.007874,
        -0.137198 0.003092 0.007874,
        -0.157967 0.005024 0.007874,
        -0.174531 0.010195 0.007874,
        -0.187957 0.018167 0.007874,
        -0.198997 0.029072 0.007874,
        -0.207300 0.042644 0.007874,
        -0.213074 0.061148 0.007874,
        -0.214881 0.081824 0.007874,
        -0.213209 0.101416 0.007874,
        -0.208613 0.116985 0.007874,
        -0.138286 0.156731 0.003937,
        -0.109254 0.156731 0.003937,
        -0.161585 0.154254 0.003937,
        -0.177834 0.148568 0.003937,
        -0.192213 0.139279 0.003937,
        -0.201775 0.129126 0.003937,
        -0.208613 0.116985 0.003937,
        -0.213209 0.101416 0.003937,
        -0.214881 0.081824 0.003937,
        -0.213074 0.061148 0.003937,
        -0.207300 0.042644 0.003937,
        -0.198997 0.029072 0.003937,
        -0.187957 0.018167 0.003937,
        -0.174531 0.010195 0.003937,
        -0.157967 0.005024 0.003937,
        -0.137198 0.003092 0.003937,
        -0.109254 0.003092 0.003937,
        -0.044437 0.003092 0.007874,
        -0.044437 -0.018514 0.007874,
        0.061190 -0.018514 0.007874,
        0.061190 0.178337 0.007874,
        -0.039636 0.178337 0.007874,
        -0.039636 0.156731 0.007874,
        0.034783 0.156731 0.007874,
        0.034783 0.091914 0.007874,
        -0.034835 0.091914 0.007874,
        -0.034835 0.070309 0.007874,
        0.034783 0.070309 0.007874,
        0.034783 0.003092 0.007874,
        0.099600 0.013294 0.007874,
        0.099600 -0.008311 0.007874,
        0.120583 -0.016927 0.007874,
        0.153763 -0.020915 0.007874,
        0.148381 -0.020822 0.007874,
        0.246037 0.076198 0.007874,
        0.244133 0.053400 0.007874,
        0.238209 0.032564 0.007874,
        0.227722 0.013846 0.007874,
        0.212936 -0.001720 0.007874,
        0.197102 -0.011832 0.007874,
        0.178022 -0.018399 0.007874,
        0.145924 0.180737 0.007874,
        0.165696 0.179123 0.007874,
        0.187641 0.172748 0.007874,
        0.206338 0.161985 0.007874,
        0.224110 0.144893 0.007874,
        0.235648 0.126489 0.007874,
        0.243205 0.104184 0.007874,
        0.099600 0.172935 0.007874,
        0.122359 0.179111 0.007874,
        0.099600 0.146528 0.007874,
        0.145699 0.159131 0.007874,
        0.121773 0.156023 0.007874,
        0.219630 0.077811 0.007874,
        0.218691 0.093127 0.007874,
        0.213444 0.114200 0.007874,
        0.205329 0.129399 0.007874,
        0.193441 0.142522 0.007874,
        0.179817 0.151637 0.007874,
        0.165082 0.156955 0.007874,
        0.150125 0.000691 0.007874,
        0.168486 0.002750 0.007874,
        0.182829 0.008031 0.007874,
        0.194910 0.016174 0.007874,
        0.204148 0.025919 0.007874,
        0.212289 0.039569 0.007874,
        0.217637 0.056501 0.007874,
        0.103128 0.011340 0.007874,
        0.123995 0.003591 0.007874,
        0.262841 0.003092 0.007874,
        0.262841 -0.018514 0.007874,
        0.363667 -0.018514 0.007874,
        0.363667 0.178337 0.007874,
        0.337260 0.178337 0.007874,
        0.337260 0.003092 0.007874,
      ]
    }
    coordIndex [
      86, 87, 25, -1,
      25, 87, 0, -1,
      87, 88, 0, -1,
      0, 88, 1, -1,
      88, 89, 1, -1,
      1, 89, 15, -1,
      89, 90, 15, -1,
      15, 90, 14, -1,
      90, 91, 14, -1,
      14, 91, 13, -1,
      91, 92, 13, -1,
      13, 92, 2, -1,
      92, 93, 2, -1,
      2, 93, 18, -1,
      93, 86, 18, -1,
      18, 86, 25, -1,
      94, 90, 95, -1,
      95, 90, 89, -1,
      96, 93, 94, -1,
      94, 93, 92, -1,
      94, 92, 90, -1,
      90, 92, 91, -1,
      96, 97, 93, -1,
      93, 97, 98, -1,
      93, 98, 86, -1,
      86, 98, 99, -1,
      86, 99, 100, -1,
      100, 101, 86, -1,
      86, 101, 95, -1,
      86, 95, 87, -1,
      87, 95, 89, -1,
      87, 89, 88, -1,
      94, 95, 102, -1,
      102, 95, 103, -1,
      96, 94, 104, -1,
      104, 94, 102, -1,
      96, 104, 105, -1,
      96, 105, 97, -1,
      97, 105, 106, -1,
      97, 106, 98, -1,
      99, 98, 107, -1,
      107, 98, 106, -1,
      99, 107, 108, -1,
      99, 108, 100, -1,
      100, 108, 109, -1,
      100, 109, 101, -1,
      95, 101, 103, -1,
      103, 101, 109, -1,
      110, 111, 8, -1,
      8, 111, 9, -1,
      111, 112, 9, -1,
      9, 112, 10, -1,
      112, 113, 10, -1,
      10, 113, 11, -1,
      114, 23, 22, -1,
      114, 22, 115, -1,
      115, 22, 21, -1,
      115, 21, 116, -1,
      116, 21, 20, -1,
      116, 20, 117, -1,
      117, 20, 19, -1,
      117, 19, 118, -1,
      118, 19, 17, -1,
      118, 17, 119, -1,
      119, 17, 16, -1,
      119, 16, 120, -1,
      120, 16, 12, -1,
      120, 12, 121, -1,
      121, 12, 11, -1,
      121, 11, 113, -1,
      110, 8, 7, -1,
      110, 7, 122, -1,
      122, 7, 6, -1,
      122, 6, 123, -1,
      123, 6, 5, -1,
      123, 5, 124, -1,
      124, 5, 4, -1,
      124, 4, 125, -1,
      125, 4, 3, -1,
      125, 3, 126, -1,
      126, 3, 24, -1,
      126, 24, 127, -1,
      127, 24, 23, -1,
      127, 23, 114, -1,
      116, 117, 128, -1,
      128, 117, 118, -1,
      128, 118, 129, -1,
      129, 118, 119, -1,
      129, 119, 130, -1,
      130, 119, 120, -1,
      130, 120, 131, -1,
      131, 120, 121, -1,
      131, 121, 132, -1,
      132, 121, 113, -1,
      132, 113, 133, -1,
      133, 113, 112, -1,
      133, 112, 134, -1,
      134, 112, 111, -1,
      134, 111, 135, -1,
      135, 111, 110, -1,
      135, 110, 136, -1,
      136, 110, 122, -1,
      136, 122, 137, -1,
      137, 122, 123, -1,
      137, 123, 138, -1,
      138, 123, 124, -1,
      138, 124, 139, -1,
      139, 124, 125, -1,
      139, 125, 140, -1,
      140, 125, 126, -1,
      140, 126, 141, -1,
      141, 126, 127, -1,
      141, 127, 142, -1,
      142, 127, 114, -1,
      142, 114, 143, -1,
      143, 114, 115, -1,
      143, 115, 144, -1,
      144, 115, 116, -1,
      144, 116, 128, -1,
      132, 133, 145, -1,
      145, 133, 146, -1,
      132, 145, 147, -1,
      132, 147, 131, -1,
      131, 147, 148, -1,
      131, 148, 130, -1,
      130, 148, 149, -1,
      130, 149, 129, -1,
      129, 149, 150, -1,
      129, 150, 128, -1,
      128, 150, 151, -1,
      128, 151, 144, -1,
      144, 151, 152, -1,
      144, 152, 143, -1,
      143, 152, 153, -1,
      143, 153, 142, -1,
      142, 153, 154, -1,
      142, 154, 141, -1,
      141, 154, 155, -1,
      141, 155, 140, -1,
      140, 155, 156, -1,
      140, 156, 139, -1,
      139, 156, 157, -1,
      139, 157, 138, -1,
      138, 157, 158, -1,
      138, 158, 137, -1,
      137, 158, 159, -1,
      137, 159, 136, -1,
      136, 159, 160, -1,
      136, 160, 135, -1,
      134, 135, 161, -1,
      161, 135, 160, -1,
      133, 134, 146, -1,
      146, 134, 161, -1,
      162, 163, 29, -1,
      29, 163, 30, -1,
      163, 164, 30, -1,
      30, 164, 31, -1,
      164, 165, 31, -1,
      31, 165, 37, -1,
      165, 166, 37, -1,
      37, 166, 62, -1,
      166, 167, 62, -1,
      62, 167, 32, -1,
      167, 168, 32, -1,
      32, 168, 33, -1,
      168, 169, 33, -1,
      33, 169, 34, -1,
      169, 170, 34, -1,
      34, 170, 42, -1,
      170, 171, 42, -1,
      42, 171, 41, -1,
      171, 172, 41, -1,
      41, 172, 39, -1,
      172, 173, 39, -1,
      39, 173, 40, -1,
      173, 162, 40, -1,
      40, 162, 29, -1,
      164, 163, 162, -1,
      162, 173, 164, -1,
      164, 173, 172, -1,
      164, 172, 165, -1,
      167, 166, 168, -1,
      168, 166, 165, -1,
      168, 165, 169, -1,
      169, 165, 172, -1,
      169, 172, 170, -1,
      170, 172, 171, -1,
      174, 175, 36, -1,
      36, 175, 35, -1,
      35, 175, 176, -1,
      177, 26, 27, -1,
      177, 27, 178, -1,
      178, 27, 28, -1,
      178, 28, 176, -1,
      176, 28, 38, -1,
      176, 38, 35, -1,
      179, 76, 75, -1,
      179, 75, 180, -1,
      180, 75, 73, -1,
      180, 73, 181, -1,
      181, 73, 71, -1,
      181, 71, 182, -1,
      182, 71, 70, -1,
      182, 70, 183, -1,
      183, 70, 61, -1,
      183, 61, 184, -1,
      184, 61, 60, -1,
      184, 60, 185, -1,
      185, 60, 177, -1,
      177, 60, 58, -1,
      177, 58, 26, -1,
      186, 80, 79, -1,
      186, 79, 187, -1,
      187, 79, 78, -1,
      187, 78, 188, -1,
      188, 78, 68, -1,
      188, 68, 189, -1,
      189, 68, 66, -1,
      189, 66, 190, -1,
      190, 66, 65, -1,
      190, 65, 191, -1,
      191, 65, 77, -1,
      191, 77, 192, -1,
      192, 77, 76, -1,
      192, 76, 179, -1,
      193, 82, 81, -1,
      193, 81, 194, -1,
      194, 81, 80, -1,
      194, 80, 186, -1,
      193, 195, 82, -1,
      82, 195, 83, -1,
      196, 85, 84, -1,
      196, 84, 197, -1,
      197, 84, 83, -1,
      197, 83, 195, -1,
      198, 48, 64, -1,
      198, 64, 199, -1,
      199, 64, 63, -1,
      199, 63, 200, -1,
      200, 63, 47, -1,
      200, 47, 201, -1,
      201, 47, 46, -1,
      201, 46, 202, -1,
      202, 46, 44, -1,
      202, 44, 203, -1,
      203, 44, 43, -1,
      203, 43, 204, -1,
      204, 43, 85, -1,
      204, 85, 196, -1,
      205, 52, 51, -1,
      205, 51, 206, -1,
      206, 51, 53, -1,
      206, 53, 207, -1,
      207, 53, 54, -1,
      207, 54, 208, -1,
      208, 54, 55, -1,
      208, 55, 209, -1,
      209, 55, 50, -1,
      209, 50, 210, -1,
      210, 50, 49, -1,
      210, 49, 211, -1,
      211, 49, 48, -1,
      211, 48, 198, -1,
      174, 36, 45, -1,
      174, 45, 212, -1,
      212, 45, 56, -1,
      212, 56, 213, -1,
      213, 56, 52, -1,
      213, 52, 205, -1,
      206, 177, 205, -1,
      205, 177, 178, -1,
      205, 178, 213, -1,
      213, 178, 176, -1,
      213, 176, 212, -1,
      212, 176, 175, -1,
      212, 175, 174, -1,
      195, 193, 197, -1,
      197, 193, 194, -1,
      197, 194, 196, -1,
      196, 194, 186, -1,
      196, 186, 204, -1,
      204, 186, 187, -1,
      204, 187, 203, -1,
      203, 187, 188, -1,
      203, 188, 202, -1,
      202, 188, 189, -1,
      202, 189, 201, -1,
      201, 189, 190, -1,
      201, 190, 200, -1,
      200, 190, 191, -1,
      200, 191, 199, -1,
      199, 191, 192, -1,
      199, 192, 198, -1,
      198, 192, 179, -1,
      198, 179, 211, -1,
      211, 179, 180, -1,
      211, 180, 210, -1,
      210, 180, 181, -1,
      210, 181, 209, -1,
      209, 181, 182, -1,
      209, 182, 208, -1,
      208, 182, 183, -1,
      208, 183, 207, -1,
      207, 183, 184, -1,
      207, 184, 206, -1,
      206, 184, 185, -1,
      206, 185, 177, -1,
      214, 215, 72, -1,
      72, 215, 59, -1,
      215, 216, 59, -1,
      59, 216, 57, -1,
      216, 217, 57, -1,
      57, 217, 69, -1,
      217, 218, 69, -1,
      69, 218, 67, -1,
      218, 219, 67, -1,
      67, 219, 74, -1,
      219, 214, 74, -1,
      74, 214, 72, -1,
      218, 217, 219, -1,
      219, 217, 216, -1,
      219, 216, 214, -1,
      214, 216, 215, -1,
    ]
  }
}

Shape {
  appearance Appearance {
    material Material {
      diffuseColor 0.2235 0.2235 0.2235
      specularColor 0.1137 0.1137 0.1137
      ambientIntensity 0.2
      transparency 0.0000
      shininess 0.5
    }
  }
  geometry IndexedFaceSet {
    ccw TRUE
    solid FALSE
    coord DEF co Coordinate {
      point [
        -0.139608 -0.368117 1.185039,
        -0.047456 0.390830 1.185039,
        -0.139608 0.368117 1.185039,
        -0.294689 0.261072 1.185039,
        -0.223648 0.324009 1.185039,
        0.047456 0.390830 1.185039,
        0.139608 0.368117 1.185039,
        0.223648 0.324009 1.185039,
        0.294689 0.261072 1.185039,
        -0.393701 0.000000 1.185039,
        -0.382261 -0.094219 1.185039,
        -0.348605 -0.182962 1.185039,
        0.382261 -0.094219 1.185039,
        0.348605 -0.182962 1.185039,
        0.294689 -0.261072 1.185039,
        0.223648 -0.324009 1.185039,
        0.348605 0.182962 1.185039,
        0.382261 0.094219 1.185039,
        0.393701 0.000000 1.185039,
        -0.382261 0.094219 1.185039,
        -0.348605 0.182962 1.185039,
        0.139608 -0.368117 1.185039,
        0.047456 -0.390830 1.185039,
        -0.047456 -0.390830 1.185039,
        -0.294689 -0.261072 1.185039,
        -0.223648 -0.324009 1.185039,
        -0.309930 0.058306 0.003937,
        -0.375760 0.058306 0.003937,
        -0.339300 0.140527 0.003937,
        -0.341195 0.147354 0.003937,
        -0.342451 0.154330 0.003937,
        -0.343089 0.154330 0.003937,
        -0.344373 0.147375 0.003937,
        -0.346127 0.140527 0.003937,
        -0.138286 0.156731 0.003937,
        -0.109254 0.156731 0.003937,
        -0.161585 0.154254 0.003937,
        -0.177834 0.148568 0.003937,
        -0.192213 0.139279 0.003937,
        -0.201775 0.129126 0.003937,
        -0.208613 0.116985 0.003937,
        -0.213209 0.101416 0.003937,
        -0.214881 0.081824 0.003937,
        -0.213074 0.061148 0.003937,
        -0.207300 0.042644 0.003937,
        -0.198997 0.029072 0.003937,
        -0.187957 0.018167 0.003937,
        -0.174531 0.010195 0.003937,
        -0.157967 0.005024 0.003937,
        -0.137198 0.003092 0.003937,
        -0.109254 0.003092 0.003937,
        0.393701 -0.000000 0.870079,
        0.382261 0.094219 0.870079,
        0.348605 0.182962 0.870079,
        0.294689 0.261072 0.870079,
        0.223648 0.324009 0.870079,
        0.139608 0.368117 0.870079,
        0.047456 0.390830 0.870079,
        -0.047456 0.390830 0.870079,
        -0.139608 0.368117 0.870079,
        -0.223648 0.324009 0.870079,
        -0.294689 0.261072 0.870079,
        -0.348605 0.182962 0.870079,
        -0.382261 0.094219 0.870079,
        -0.393701 0.000000 0.870079,
        -0.382261 -0.094219 0.870079,
        -0.348605 -0.182962 0.870079,
        -0.294689 -0.261072 0.870079,
        -0.223648 -0.324009 0.870079,
        -0.139608 -0.368117 0.870079,
        -0.047456 -0.390830 0.870079,
        0.047456 -0.390830 0.870079,
        0.139608 -0.368117 0.870079,
        0.223648 -0.324009 0.870079,
        0.294689 -0.261072 0.870079,
        0.348605 -0.182962 0.870079,
        0.382261 -0.094219 0.870079,
        0.000000 0.000000 0.870079,
      ]
    }
    coordIndex [
      26, 27, 28, -1,
      28, 27, 33, -1,
      28, 33, 29, -1,
      29, 33, 32, -1,
      29, 32, 30, -1,
      30, 32, 31, -1,
      35, 50, 34, -1,
      34, 50, 49, -1,
      34, 49, 48, -1,
      42, 41, 34, -1,
      34, 41, 40, -1,
      34, 40, 36, -1,
      48, 47, 34, -1,
      34, 47, 46, -1,
      34, 46, 45, -1,
      45, 44, 34, -1,
      34, 44, 43, -1,
      34, 43, 42, -1,
      39, 38, 40, -1,
      40, 38, 37, -1,
      40, 37, 36, -1,
      51, 18, 52, -1,
      52, 18, 17, -1,
      52, 17, 53, -1,
      53, 17, 16, -1,
      53, 16, 54, -1,
      54, 16, 8, -1,
      54, 8, 55, -1,
      55, 8, 7, -1,
      55, 7, 56, -1,
      56, 7, 6, -1,
      56, 6, 57, -1,
      57, 6, 5, -1,
      57, 5, 58, -1,
      58, 5, 1, -1,
      58, 1, 59, -1,
      59, 1, 2, -1,
      59, 2, 60, -1,
      60, 2, 4, -1,
      60, 4, 61, -1,
      61, 4, 3, -1,
      61, 3, 62, -1,
      62, 3, 20, -1,
      62, 20, 63, -1,
      63, 20, 19, -1,
      63, 19, 64, -1,
      64, 19, 9, -1,
      64, 9, 65, -1,
      65, 9, 10, -1,
      65, 10, 66, -1,
      66, 10, 11, -1,
      66, 11, 67, -1,
      67, 11, 24, -1,
      67, 24, 68, -1,
      68, 24, 25, -1,
      68, 25, 69, -1,
      69, 25, 0, -1,
      69, 0, 70, -1,
      70, 0, 23, -1,
      70, 23, 71, -1,
      71, 23, 22, -1,
      71, 22, 72, -1,
      72, 22, 21, -1,
      72, 21, 73, -1,
      73, 21, 15, -1,
      73, 15, 74, -1,
      74, 15, 14, -1,
      74, 14, 75, -1,
      75, 14, 13, -1,
      75, 13, 76, -1,
      76, 13, 12, -1,
      76, 12, 51, -1,
      51, 12, 18, -1,
      51, 52, 77, -1,
      51, 77, 76, -1,
      73, 74, 77, -1,
      77, 74, 75, -1,
      77, 75, 76, -1,
      70, 71, 77, -1,
      77, 71, 72, -1,
      77, 72, 73, -1,
      67, 68, 77, -1,
      77, 68, 69, -1,
      77, 69, 70, -1,
      64, 65, 77, -1,
      77, 65, 66, -1,
      77, 66, 67, -1,
      61, 62, 77, -1,
      77, 62, 63, -1,
      77, 63, 64, -1,
      58, 59, 77, -1,
      77, 59, 60, -1,
      77, 60, 61, -1,
      55, 56, 77, -1,
      77, 56, 57, -1,
      77, 57, 58, -1,
      52, 53, 77, -1,
      77, 53, 54, -1,
      77, 54, 55, -1,
    ]
  }
}

Shape {
  appearance Appearance {
    material Material {
      diffuseColor 1.0000 1.0000 1.0000
      specularColor 0.5020 0.5020 0.5020
      ambientIntensity 0.2
      transparency 0.0000
      shininess 0.5
    }
  }
  geometry IndexedFaceSet {
    ccw TRUE
    solid FALSE
    coord DEF co Coordinate {
      point [
        1.673228 0.168427 0.484657,
        1.673228 0.175715 0.485546,
        1.673228 0.193175 0.388431,
        1.673228 0.187008 0.387841,
        1.673228 0.236765 0.473683,
        1.673228 0.236765 0.442932,
        1.673228 0.262713 0.442932,
        1.673228 0.336993 0.390654,
        1.673228 0.320617 0.388652,
        1.673228 0.294189 0.388652,
        1.673228 0.294189 0.484735,
        1.673228 0.321599 0.484735,
        1.673228 0.369802 0.420560,
        1.673228 0.365072 0.410621,
        1.673228 0.361285 0.468730,
        1.673228 0.367240 0.460362,
        1.673228 0.357925 0.402111,
        1.673228 0.347935 0.394941,
        1.673228 0.338202 0.391128,
        1.673228 0.357925 0.472013,
        1.673228 0.336269 0.483116,
        1.673228 0.338202 0.482409,
        1.673228 0.347865 0.478880,
        1.673228 0.370803 0.451207,
        1.673228 0.372416 0.437922,
        1.673228 0.372129 0.431811,
        1.673228 0.276038 0.399606,
        1.673228 0.276038 0.388652,
        1.673228 0.273852 0.484735,
        1.673228 0.262713 0.484735,
        1.673228 0.273852 0.473683,
        1.673228 0.271126 0.431929,
        1.673228 0.262713 0.431929,
        1.673228 0.262713 0.399606,
        1.673228 0.236765 0.431929,
        1.673228 0.236765 0.399606,
        1.673228 0.271126 0.442932,
        1.673228 0.262713 0.473683,
        1.673228 0.224361 0.484735,
        1.673228 0.224361 0.388652,
        1.673228 0.205130 0.482427,
        1.673228 0.194985 0.485361,
        1.673228 0.192645 0.485546,
        1.673228 0.262713 0.388652,
        1.673228 0.205130 0.469458,
        1.673228 0.203491 0.391814,
        1.673228 0.180323 0.398083,
        1.673228 0.184822 0.398252,
        1.673228 0.204060 0.470036,
        1.673228 0.195687 0.400277,
        1.673228 0.205130 0.404519,
        1.673228 0.205130 0.392631,
        1.673228 0.146424 0.430549,
        1.673228 0.148194 0.421278,
        1.673228 0.151511 0.413732,
        1.673228 0.155639 0.408203,
        1.673228 0.157545 0.406319,
        1.673228 0.163827 0.401885,
        1.673228 0.170677 0.399243,
        1.673228 0.146207 0.435613,
        1.673228 0.194314 0.473744,
        1.673228 0.182484 0.475156,
        1.673228 0.177355 0.474869,
        1.673228 0.169186 0.472986,
        1.673228 0.161768 0.469189,
        1.673228 0.156302 0.464497,
        1.673228 0.151037 0.457163,
        1.673228 0.147808 0.448881,
        1.673228 0.182361 0.486356,
        1.673228 0.182412 0.486356,
        1.673228 0.140101 0.463108,
        1.673228 0.147067 0.472209,
        1.673228 0.149404 0.474442,
        1.673228 0.158393 0.480752,
        1.673228 0.135537 0.452435,
        1.673228 0.137488 0.456998,
        1.673228 0.137488 0.413080,
        1.673228 0.135104 0.419164,
        1.673228 0.133190 0.434876,
        1.673228 0.133359 0.439891,
        1.673228 0.153246 0.393726,
        1.673228 0.145520 0.400146,
        1.673228 0.139027 0.409153,
        1.673228 0.178530 0.387031,
        1.673228 0.172726 0.387305,
        1.673228 0.170123 0.387841,
        1.673228 0.162314 0.389450,
        1.673228 0.090994 0.484735,
        1.673228 0.090994 0.399606,
        1.673228 0.129260 0.399606,
        1.673228 0.129260 0.388652,
        1.673228 0.078591 0.388652,
        1.673228 0.078591 0.484735,
        1.673622 0.129260 0.399606,
        1.673622 0.129260 0.388652,
        1.673622 0.090994 0.399606,
        1.673622 0.090994 0.484735,
        1.673622 0.078591 0.484735,
        1.673622 0.078591 0.388652,
        1.673622 0.193175 0.388431,
        1.673622 0.178530 0.387031,
        1.673622 0.203491 0.391814,
        1.673622 0.205130 0.392631,
        1.673622 0.205130 0.404519,
        1.673622 0.195687 0.400277,
        1.673622 0.184822 0.398252,
        1.673622 0.180323 0.398083,
        1.673622 0.170677 0.399243,
        1.673622 0.163827 0.401885,
        1.673622 0.157545 0.406319,
        1.673622 0.155639 0.408203,
        1.673622 0.151511 0.413732,
        1.673622 0.148194 0.421278,
        1.673622 0.146424 0.430549,
        1.673622 0.146207 0.435613,
        1.673622 0.147808 0.448881,
        1.673622 0.151037 0.457163,
        1.673622 0.156302 0.464497,
        1.673622 0.161768 0.469189,
        1.673622 0.169186 0.472986,
        1.673622 0.177355 0.474869,
        1.673622 0.182484 0.475156,
        1.673622 0.194314 0.473744,
        1.673622 0.204060 0.470036,
        1.673622 0.205130 0.469458,
        1.673622 0.205130 0.482427,
        1.673622 0.182361 0.486356,
        1.673622 0.182412 0.486356,
        1.673622 0.194985 0.485361,
        1.673622 0.168427 0.484657,
        1.673622 0.158393 0.480752,
        1.673622 0.149404 0.474442,
        1.673622 0.147067 0.472209,
        1.673622 0.140101 0.463108,
        1.673622 0.135537 0.452435,
        1.673622 0.133359 0.439891,
        1.673622 0.133190 0.434876,
        1.673622 0.145520 0.400146,
        1.673622 0.139027 0.409153,
        1.673622 0.135104 0.419164,
        1.673622 0.172726 0.387305,
        1.673622 0.153246 0.393726,
        1.673622 0.162314 0.389450,
        1.673622 0.276038 0.399606,
        1.673622 0.276038 0.388652,
        1.673622 0.236765 0.399606,
        1.673622 0.236765 0.431929,
        1.673622 0.271126 0.431929,
        1.673622 0.271126 0.442932,
        1.673622 0.236765 0.442932,
        1.673622 0.236765 0.473683,
        1.673622 0.273852 0.473683,
        1.673622 0.273852 0.484735,
        1.673622 0.224361 0.484735,
        1.673622 0.224361 0.388652,
        1.673622 0.353406 0.414804,
        1.673622 0.349107 0.409627,
        1.673622 0.357925 0.402111,
        1.673622 0.348032 0.408622,
        1.673622 0.347935 0.394941,
        1.673622 0.341847 0.404306,
        1.673622 0.336993 0.390654,
        1.673622 0.333932 0.401217,
        1.673622 0.320617 0.388652,
        1.673622 0.320543 0.399606,
        1.673622 0.294189 0.388652,
        1.673622 0.306592 0.399606,
        1.673622 0.294189 0.484735,
        1.673622 0.306592 0.473683,
        1.673622 0.321599 0.484735,
        1.673622 0.321108 0.473683,
        1.673622 0.336269 0.483116,
        1.673622 0.333454 0.472323,
        1.673622 0.347865 0.478880,
        1.673622 0.341793 0.469322,
        1.673622 0.357925 0.472013,
        1.673622 0.348837 0.464644,
        1.673622 0.361285 0.468730,
        1.673622 0.351478 0.462047,
        1.673622 0.367240 0.460362,
        1.673622 0.355212 0.456672,
        1.673622 0.370803 0.451207,
        1.673622 0.357930 0.449676,
        1.673622 0.372416 0.437922,
        1.673622 0.359374 0.437578,
        1.673622 0.372129 0.431811,
        1.673622 0.358915 0.430326,
        1.673622 0.369802 0.420560,
        1.673622 0.356879 0.421781,
        1.673622 0.365072 0.410621,
        1.673228 0.321108 0.473683,
        1.673228 0.306592 0.473683,
        1.673228 0.306592 0.399606,
        1.673228 0.320543 0.399606,
        1.673228 0.349107 0.409627,
        1.673228 0.348032 0.408622,
        1.673228 0.341847 0.404306,
        1.673228 0.333932 0.401217,
        1.673228 0.359374 0.437578,
        1.673228 0.358915 0.430326,
        1.673228 0.356879 0.421781,
        1.673228 0.353406 0.414804,
        1.673228 0.348837 0.464644,
        1.673228 0.351478 0.462047,
        1.673228 0.355212 0.456672,
        1.673228 0.357930 0.449676,
        1.673228 0.333454 0.472323,
        1.673228 0.341793 0.469322,
      ]
    }
    coordIndex [
      93, 94, 89, -1,
      89, 94, 90, -1,
      95, 93, 88, -1,
      88, 93, 89, -1,
      96, 95, 87, -1,
      87, 95, 88, -1,
      97, 96, 92, -1,
      92, 96, 87, -1,
      98, 97, 91, -1,
      91, 97, 92, -1,
      94, 98, 90, -1,
      90, 98, 91, -1,
      96, 97, 95, -1,
      95, 97, 98, -1,
      95, 98, 93, -1,
      93, 98, 94, -1,
      99, 100, 3, -1,
      3, 100, 83, -1,
      3, 2, 99, -1,
      99, 2, 45, -1,
      99, 45, 101, -1,
      101, 45, 51, -1,
      101, 51, 102, -1,
      103, 102, 50, -1,
      50, 102, 51, -1,
      103, 50, 49, -1,
      103, 49, 104, -1,
      104, 49, 47, -1,
      104, 47, 105, -1,
      105, 47, 46, -1,
      105, 46, 106, -1,
      106, 46, 58, -1,
      106, 58, 107, -1,
      107, 58, 57, -1,
      107, 57, 108, -1,
      108, 57, 56, -1,
      108, 56, 109, -1,
      109, 56, 55, -1,
      109, 55, 110, -1,
      110, 55, 54, -1,
      110, 54, 111, -1,
      111, 54, 53, -1,
      111, 53, 112, -1,
      112, 53, 52, -1,
      112, 52, 113, -1,
      113, 52, 59, -1,
      113, 59, 114, -1,
      114, 59, 67, -1,
      114, 67, 115, -1,
      115, 67, 66, -1,
      115, 66, 116, -1,
      116, 66, 65, -1,
      116, 65, 117, -1,
      117, 65, 64, -1,
      117, 64, 118, -1,
      118, 64, 63, -1,
      118, 63, 119, -1,
      119, 63, 62, -1,
      119, 62, 120, -1,
      120, 62, 61, -1,
      120, 61, 121, -1,
      121, 61, 60, -1,
      121, 60, 122, -1,
      122, 60, 48, -1,
      122, 48, 123, -1,
      123, 48, 44, -1,
      123, 44, 124, -1,
      125, 124, 40, -1,
      40, 124, 44, -1,
      68, 126, 127, -1,
      125, 40, 41, -1,
      125, 41, 128, -1,
      128, 41, 42, -1,
      128, 42, 127, -1,
      127, 42, 69, -1,
      127, 69, 68, -1,
      126, 68, 1, -1,
      126, 1, 129, -1,
      1, 0, 129, -1,
      129, 0, 73, -1,
      129, 73, 130, -1,
      130, 73, 72, -1,
      130, 72, 131, -1,
      131, 72, 71, -1,
      131, 71, 132, -1,
      132, 71, 70, -1,
      132, 70, 133, -1,
      133, 70, 75, -1,
      133, 75, 134, -1,
      75, 74, 134, -1,
      134, 74, 79, -1,
      134, 79, 135, -1,
      135, 79, 78, -1,
      135, 78, 136, -1,
      81, 137, 138, -1,
      136, 78, 77, -1,
      136, 77, 139, -1,
      139, 77, 76, -1,
      139, 76, 138, -1,
      138, 76, 82, -1,
      138, 82, 81, -1,
      83, 100, 140, -1,
      137, 81, 80, -1,
      137, 80, 141, -1,
      141, 80, 86, -1,
      141, 86, 142, -1,
      142, 86, 85, -1,
      142, 85, 140, -1,
      140, 85, 84, -1,
      140, 84, 83, -1,
      123, 124, 125, -1,
      118, 131, 117, -1,
      117, 131, 132, -1,
      117, 132, 116, -1,
      116, 132, 133, -1,
      116, 133, 115, -1,
      136, 114, 135, -1,
      135, 114, 115, -1,
      135, 115, 134, -1,
      134, 115, 133, -1,
      123, 125, 122, -1,
      122, 125, 128, -1,
      122, 128, 121, -1,
      121, 128, 127, -1,
      121, 127, 120, -1,
      120, 127, 126, -1,
      120, 126, 119, -1,
      119, 126, 129, -1,
      119, 129, 118, -1,
      118, 129, 130, -1,
      118, 130, 131, -1,
      102, 103, 101, -1,
      101, 103, 104, -1,
      101, 104, 99, -1,
      99, 104, 105, -1,
      99, 105, 100, -1,
      100, 105, 106, -1,
      100, 106, 140, -1,
      140, 106, 107, -1,
      140, 107, 142, -1,
      142, 107, 108, -1,
      142, 108, 141, -1,
      141, 108, 109, -1,
      141, 109, 137, -1,
      137, 109, 110, -1,
      137, 110, 138, -1,
      138, 110, 111, -1,
      138, 111, 139, -1,
      139, 111, 112, -1,
      139, 112, 136, -1,
      136, 112, 113, -1,
      136, 113, 114, -1,
      143, 144, 26, -1,
      26, 144, 27, -1,
      35, 145, 33, -1,
      33, 145, 143, -1,
      33, 143, 26, -1,
      146, 145, 34, -1,
      34, 145, 35, -1,
      31, 147, 32, -1,
      32, 147, 146, -1,
      32, 146, 34, -1,
      148, 147, 36, -1,
      36, 147, 31, -1,
      5, 149, 6, -1,
      6, 149, 148, -1,
      6, 148, 36, -1,
      150, 149, 4, -1,
      4, 149, 5, -1,
      30, 151, 37, -1,
      37, 151, 150, -1,
      37, 150, 4, -1,
      152, 151, 28, -1,
      28, 151, 30, -1,
      38, 153, 29, -1,
      29, 153, 152, -1,
      29, 152, 28, -1,
      154, 153, 39, -1,
      39, 153, 38, -1,
      27, 144, 43, -1,
      43, 144, 154, -1,
      43, 154, 39, -1,
      154, 144, 143, -1,
      143, 145, 154, -1,
      154, 145, 146, -1,
      154, 146, 153, -1,
      151, 152, 150, -1,
      150, 152, 153, -1,
      150, 153, 149, -1,
      149, 153, 146, -1,
      149, 146, 148, -1,
      148, 146, 147, -1,
      155, 156, 157, -1,
      157, 156, 158, -1,
      157, 158, 159, -1,
      159, 158, 160, -1,
      159, 160, 161, -1,
      161, 160, 162, -1,
      161, 162, 163, -1,
      163, 162, 164, -1,
      163, 164, 165, -1,
      165, 164, 166, -1,
      165, 166, 167, -1,
      167, 166, 168, -1,
      167, 168, 169, -1,
      169, 168, 170, -1,
      169, 170, 171, -1,
      171, 170, 172, -1,
      171, 172, 173, -1,
      173, 172, 174, -1,
      173, 174, 175, -1,
      175, 174, 176, -1,
      175, 176, 177, -1,
      177, 176, 178, -1,
      177, 178, 179, -1,
      179, 178, 180, -1,
      179, 180, 181, -1,
      181, 180, 182, -1,
      181, 182, 183, -1,
      183, 182, 184, -1,
      183, 184, 185, -1,
      185, 184, 186, -1,
      185, 186, 187, -1,
      187, 186, 188, -1,
      187, 188, 189, -1,
      189, 188, 155, -1,
      189, 155, 157, -1,
      163, 165, 8, -1,
      8, 165, 9, -1,
      16, 157, 159, -1,
      163, 8, 7, -1,
      163, 7, 161, -1,
      161, 7, 18, -1,
      161, 18, 159, -1,
      159, 18, 17, -1,
      159, 17, 16, -1,
      157, 16, 13, -1,
      157, 13, 189, -1,
      189, 13, 12, -1,
      189, 12, 187, -1,
      187, 12, 25, -1,
      187, 25, 185, -1,
      185, 25, 24, -1,
      185, 24, 183, -1,
      183, 24, 23, -1,
      183, 23, 181, -1,
      181, 23, 15, -1,
      181, 15, 179, -1,
      179, 15, 14, -1,
      179, 14, 177, -1,
      177, 14, 19, -1,
      177, 19, 175, -1,
      11, 169, 171, -1,
      175, 19, 22, -1,
      175, 22, 173, -1,
      173, 22, 21, -1,
      173, 21, 171, -1,
      171, 21, 20, -1,
      171, 20, 11, -1,
      167, 169, 10, -1,
      10, 169, 11, -1,
      165, 167, 9, -1,
      9, 167, 10, -1,
      170, 168, 190, -1,
      190, 168, 191, -1,
      168, 166, 191, -1,
      191, 166, 192, -1,
      166, 164, 192, -1,
      192, 164, 193, -1,
      156, 194, 195, -1,
      156, 195, 158, -1,
      158, 195, 196, -1,
      158, 196, 160, -1,
      160, 196, 197, -1,
      160, 197, 162, -1,
      162, 197, 193, -1,
      162, 193, 164, -1,
      184, 198, 199, -1,
      184, 199, 186, -1,
      186, 199, 200, -1,
      186, 200, 188, -1,
      188, 200, 201, -1,
      188, 201, 155, -1,
      155, 201, 194, -1,
      155, 194, 156, -1,
      176, 202, 203, -1,
      176, 203, 178, -1,
      178, 203, 204, -1,
      178, 204, 180, -1,
      180, 204, 205, -1,
      180, 205, 182, -1,
      182, 205, 198, -1,
      182, 198, 184, -1,
      170, 190, 206, -1,
      170, 206, 172, -1,
      172, 206, 207, -1,
      172, 207, 174, -1,
      174, 207, 202, -1,
      174, 202, 176, -1,
    ]
  }
}

Shape {
  appearance Appearance {
    material Material {
      diffuseColor 0.2235 0.2235 0.2235
      specularColor 0.1137 0.1137 0.1137
      ambientIntensity 0.2
      transparency 0.0000
      shininess 0.5
    }
  }
  geometry IndexedFaceSet {
    ccw TRUE
    solid FALSE
    coord DEF co Coordinate {
      point [
        1.673228 0.321108 0.473683,
        1.673228 0.306592 0.473683,
        1.673228 0.306592 0.399606,
        1.673228 0.320543 0.399606,
        1.673228 0.349107 0.409627,
        1.673228 0.348032 0.408622,
        1.673228 0.341847 0.404306,
        1.673228 0.333932 0.401217,
        1.673228 0.359374 0.437578,
        1.673228 0.358915 0.430326,
        1.673228 0.356879 0.421781,
        1.673228 0.353406 0.414804,
        1.673228 0.348837 0.464644,
        1.673228 0.351478 0.462047,
        1.673228 0.355212 0.456672,
        1.673228 0.357930 0.449676,
        1.673228 0.333454 0.472323,
        1.673228 0.341793 0.469322,
      ]
    }
    coordIndex [
      5, 4, 0, -1,
      1, 2, 0, -1,
      0, 2, 3, -1,
      3, 7, 0, -1,
      0, 7, 6, -1,
      0, 6, 5, -1,
      4, 11, 0, -1,
      0, 11, 10, -1,
      0, 10, 9, -1,
      9, 8, 0, -1,
      0, 8, 15, -1,
      0, 15, 14, -1,
      14, 13, 0, -1,
      0, 13, 12, -1,
      0, 12, 16, -1,
      16, 12, 17, -1,
    ]
  }
}

Shape {
  appearance Appearance {
    material Material {
      diffuseColor 1.0000 1.0000 1.0000
      specularColor 0.5020 0.5020 0.5020
      ambientIntensity 0.2
      transparency 0.0000
      shininess 0.5
    }
  }
  geometry IndexedFaceSet {
    ccw TRUE
    solid FALSE
    coord DEF co Coordinate {
      point [
        1.673228 0.440696 0.414932,
        1.673228 0.405439 0.414932,
        1.673228 0.450496 0.388652,
        1.673228 0.464202 0.388652,
        1.673228 0.427605 0.484735,
        1.673228 0.400686 0.414932,
        1.673228 0.391451 0.388652,
        1.673228 0.377746 0.388652,
        1.673228 0.405439 0.461359,
        1.673228 0.414342 0.484735,
        1.673622 0.404616 0.425789,
        1.673622 0.400686 0.414932,
        1.673622 0.436865 0.425789,
        1.673622 0.440696 0.414932,
        1.673622 0.418984 0.465725,
        1.673622 0.414342 0.484735,
        1.673622 0.377746 0.388652,
        1.673622 0.391451 0.388652,
        1.673622 0.419816 0.468593,
        1.673622 0.420556 0.472455,
        1.673622 0.427605 0.484735,
        1.673622 0.420851 0.472455,
        1.673622 0.421628 0.468390,
        1.673622 0.422349 0.465725,
        1.673622 0.464202 0.388652,
        1.673622 0.450496 0.388652,
        1.673228 0.404616 0.425789,
        1.673228 0.436865 0.425789,
        1.673228 0.422349 0.465725,
        1.673228 0.420851 0.472455,
        1.673228 0.421628 0.468390,
        1.673228 0.420556 0.472455,
        1.673228 0.418984 0.465725,
        1.673228 0.419816 0.468593,
      ]
    }
    coordIndex [
      10, 11, 12, -1,
      12, 11, 13, -1,
      14, 15, 10, -1,
      10, 15, 16, -1,
      10, 16, 11, -1,
      11, 16, 17, -1,
      14, 18, 15, -1,
      15, 18, 19, -1,
      15, 19, 20, -1,
      20, 19, 21, -1,
      20, 21, 22, -1,
      22, 23, 20, -1,
      20, 23, 12, -1,
      20, 12, 24, -1,
      24, 12, 13, -1,
      24, 13, 25, -1,
      20, 24, 4, -1,
      4, 24, 3, -1,
      15, 20, 9, -1,
      9, 20, 4, -1,
      7, 16, 8, -1,
      8, 16, 15, -1,
      8, 15, 9, -1,
      17, 16, 6, -1,
      6, 16, 7, -1,
      11, 17, 5, -1,
      5, 17, 6, -1,
      0, 13, 1, -1,
      1, 13, 11, -1,
      1, 11, 5, -1,
      25, 13, 2, -1,
      2, 13, 0, -1,
      24, 25, 3, -1,
      3, 25, 2, -1,
      10, 12, 26, -1,
      26, 12, 27, -1,
      12, 23, 27, -1,
      27, 23, 28, -1,
      21, 29, 30, -1,
      21, 30, 22, -1,
      22, 30, 28, -1,
      22, 28, 23, -1,
      21, 19, 29, -1,
      29, 19, 31, -1,
      14, 32, 33, -1,
      14, 33, 18, -1,
      18, 33, 31, -1,
      18, 31, 19, -1,
      14, 10, 32, -1,
      32, 10, 26, -1,
    ]
  }
}

Shape {
  appearance Appearance {
    material Material {
      diffuseColor 0.2235 0.2235 0.2235
      specularColor 0.1137 0.1137 0.1137
      ambientIntensity 0.2
      transparency 0.0000
      shininess 0.5
    }
  }
  geometry IndexedFaceSet {
    ccw TRUE
    solid FALSE
    coord DEF co Coordinate {
      point [
        1.673228 0.404616 0.425789,
        1.673228 0.436865 0.425789,
        1.673228 0.422349 0.465725,
        1.673228 0.420851 0.472455,
        1.673228 0.421628 0.468390,
        1.673228 0.420556 0.472455,
        1.673228 0.418984 0.465725,
        1.673228 0.419816 0.468593,
      ]
    }
    coordIndex [
      3, 5, 4, -1,
      4, 5, 7, -1,
      4, 7, 2, -1,
      2, 7, 6, -1,
      2, 6, 1, -1,
      1, 6, 0, -1,
    ]
  }
}

Shape {
  appearance Appearance {
    material Material {
      diffuseColor 1.0000 1.0000 1.0000
      specularColor 0.5020 0.5020 0.5020
      ambientIntensity 0.2
      transparency 0.0000
      shininess 0.5
    }
  }
  geometry IndexedFaceSet {
    ccw TRUE
    solid FALSE
    coord DEF co Coordinate {
      point [
        1.673228 0.156568 0.235415,
        1.673228 0.143784 0.264581,
        1.673228 0.146263 0.268493,
        1.673228 0.148492 0.288344,
        1.673228 0.175085 0.296214,
        1.673228 0.170990 0.296646,
        1.673228 0.164555 0.276996,
        1.673228 0.196926 0.280386,
        1.673228 0.196926 0.236225,
        1.673228 0.178483 0.239546,
        1.673228 0.174790 0.237134,
        1.673228 0.184891 0.236225,
        1.673228 0.170153 0.235415,
        1.673228 0.149778 0.271746,
        1.673228 0.154611 0.274416,
        1.673228 0.156795 0.293563,
        1.673228 0.164333 0.296006,
        1.673228 0.156348 0.235440,
        1.673228 0.151734 0.237180,
        1.673228 0.147681 0.240007,
        1.673228 0.142332 0.260168,
        1.673228 0.141786 0.254597,
        1.673228 0.142515 0.248594,
        1.673228 0.148492 0.300035,
        1.673228 0.150952 0.301461,
        1.673228 0.159896 0.304934,
        1.673228 0.184891 0.246835,
        1.673228 0.184572 0.246835,
        1.673228 0.182331 0.243500,
        1.673228 0.146630 0.241047,
        1.673228 0.144060 0.244634,
        1.673228 0.195752 0.290494,
        1.673228 0.184891 0.279846,
        1.673228 0.184477 0.285141,
        1.673228 0.183235 0.289437,
        1.673228 0.181823 0.291919,
        1.673228 0.172120 0.306421,
        1.673228 0.180428 0.305537,
        1.673228 0.185248 0.303861,
        1.673228 0.180006 0.293857,
        1.673228 0.177872 0.295237,
        1.673228 0.193772 0.295654,
        1.673228 0.191228 0.299372,
        1.673228 0.189074 0.301448,
        1.673228 0.169942 0.235336,
        1.673228 0.163548 0.234604,
        1.673228 0.130267 0.236225,
        1.673228 0.078591 0.236225,
        1.673228 0.130267 0.247179,
        1.673228 0.128081 0.321256,
        1.673228 0.090994 0.279502,
        1.673228 0.090994 0.247179,
        1.673228 0.125355 0.279502,
        1.673228 0.125355 0.290505,
        1.673228 0.090994 0.290505,
        1.673228 0.090994 0.321256,
        1.673228 0.078591 0.332309,
        1.673228 0.128081 0.332309,
        1.673622 0.130267 0.247179,
        1.673622 0.130267 0.236225,
        1.673622 0.090994 0.247179,
        1.673622 0.090994 0.279502,
        1.673622 0.125355 0.279502,
        1.673622 0.125355 0.290505,
        1.673622 0.090994 0.290505,
        1.673622 0.090994 0.321256,
        1.673622 0.128081 0.321256,
        1.673622 0.128081 0.332309,
        1.673622 0.078591 0.332309,
        1.673622 0.078591 0.236225,
        1.673622 0.184572 0.246835,
        1.673622 0.184891 0.246835,
        1.673622 0.184105 0.257909,
        1.673622 0.158470 0.265295,
        1.673622 0.161128 0.266649,
        1.673622 0.154611 0.274416,
        1.673622 0.184880 0.263279,
        1.673622 0.196926 0.280386,
        1.673622 0.184891 0.264078,
        1.673622 0.184891 0.270660,
        1.673622 0.184891 0.236225,
        1.673622 0.196926 0.236225,
        1.673622 0.180428 0.305537,
        1.673622 0.177872 0.295237,
        1.673622 0.185248 0.303861,
        1.673622 0.180006 0.293857,
        1.673622 0.182339 0.253615,
        1.673622 0.179733 0.250078,
        1.673622 0.182331 0.243500,
        1.673622 0.178228 0.248606,
        1.673622 0.178483 0.239546,
        1.673622 0.174828 0.246310,
        1.673622 0.174790 0.237134,
        1.673622 0.171177 0.244983,
        1.673622 0.169942 0.235336,
        1.673622 0.166667 0.244478,
        1.673622 0.163548 0.234604,
        1.673622 0.162602 0.244935,
        1.673622 0.156348 0.235440,
        1.673622 0.159880 0.245934,
        1.673622 0.151734 0.237180,
        1.673622 0.157481 0.247572,
        1.673622 0.147681 0.240007,
        1.673622 0.156457 0.248601,
        1.673622 0.164555 0.276996,
        1.673622 0.168828 0.268498,
        1.673622 0.184891 0.279846,
        1.673622 0.148492 0.300035,
        1.673622 0.148492 0.288344,
        1.673622 0.150952 0.301461,
        1.673622 0.156795 0.293563,
        1.673622 0.159896 0.304934,
        1.673622 0.164333 0.296006,
        1.673622 0.172120 0.306421,
        1.673622 0.170990 0.296646,
        1.673622 0.175085 0.296214,
        1.673622 0.184477 0.285141,
        1.673622 0.195752 0.290494,
        1.673622 0.183235 0.289437,
        1.673622 0.193772 0.295654,
        1.673622 0.181823 0.291919,
        1.673622 0.191228 0.299372,
        1.673622 0.189074 0.301448,
        1.673622 0.157186 0.264274,
        1.673622 0.149778 0.271746,
        1.673622 0.155746 0.262491,
        1.673622 0.146263 0.268493,
        1.673622 0.154689 0.260246,
        1.673622 0.143784 0.264581,
        1.673622 0.154095 0.257489,
        1.673622 0.142332 0.260168,
        1.673622 0.153993 0.255579,
        1.673622 0.141786 0.254597,
        1.673622 0.154299 0.252816,
        1.673622 0.142515 0.248594,
        1.673622 0.155090 0.250630,
        1.673622 0.144060 0.244634,
        1.673622 0.146630 0.241047,
        1.673228 0.157186 0.264274,
        1.673228 0.158470 0.265295,
        1.673228 0.161128 0.266649,
        1.673228 0.168828 0.268498,
        1.673228 0.153993 0.255579,
        1.673228 0.154095 0.257489,
        1.673228 0.154689 0.260246,
        1.673228 0.155746 0.262491,
        1.673228 0.157481 0.247572,
        1.673228 0.156457 0.248601,
        1.673228 0.155090 0.250630,
        1.673228 0.154299 0.252816,
        1.673228 0.166667 0.244478,
        1.673228 0.162602 0.244935,
        1.673228 0.159880 0.245934,
        1.673228 0.179733 0.250078,
        1.673228 0.178228 0.248606,
        1.673228 0.174828 0.246310,
        1.673228 0.171177 0.244983,
        1.673228 0.184891 0.264078,
        1.673228 0.184880 0.263279,
        1.673228 0.184105 0.257909,
        1.673228 0.182339 0.253615,
        1.673228 0.184891 0.270660,
      ]
    }
    coordIndex [
      58, 59, 48, -1,
      48, 59, 46, -1,
      60, 58, 51, -1,
      51, 58, 48, -1,
      61, 60, 50, -1,
      50, 60, 51, -1,
      62, 61, 52, -1,
      52, 61, 50, -1,
      63, 62, 53, -1,
      53, 62, 52, -1,
      64, 63, 54, -1,
      54, 63, 53, -1,
      65, 64, 55, -1,
      55, 64, 54, -1,
      66, 65, 49, -1,
      49, 65, 55, -1,
      67, 66, 57, -1,
      57, 66, 49, -1,
      68, 67, 56, -1,
      56, 67, 57, -1,
      69, 68, 47, -1,
      47, 68, 56, -1,
      59, 69, 46, -1,
      46, 69, 47, -1,
      59, 58, 69, -1,
      69, 58, 60, -1,
      62, 63, 61, -1,
      61, 63, 64, -1,
      66, 67, 65, -1,
      65, 67, 68, -1,
      65, 68, 64, -1,
      64, 68, 69, -1,
      64, 69, 61, -1,
      61, 69, 60, -1,
      70, 71, 72, -1,
      73, 74, 75, -1,
      76, 77, 78, -1,
      78, 77, 79, -1,
      80, 81, 71, -1,
      71, 81, 77, -1,
      71, 77, 72, -1,
      72, 77, 76, -1,
      82, 83, 84, -1,
      84, 83, 85, -1,
      72, 86, 70, -1,
      70, 86, 87, -1,
      70, 87, 88, -1,
      88, 87, 89, -1,
      88, 89, 90, -1,
      90, 89, 91, -1,
      90, 91, 92, -1,
      92, 91, 93, -1,
      92, 93, 94, -1,
      94, 93, 95, -1,
      94, 95, 96, -1,
      96, 95, 97, -1,
      96, 97, 98, -1,
      98, 97, 99, -1,
      98, 99, 100, -1,
      100, 99, 101, -1,
      100, 101, 102, -1,
      102, 101, 103, -1,
      75, 74, 104, -1,
      104, 74, 105, -1,
      104, 105, 106, -1,
      107, 108, 109, -1,
      109, 108, 110, -1,
      109, 110, 111, -1,
      111, 110, 112, -1,
      111, 112, 113, -1,
      113, 112, 114, -1,
      113, 114, 82, -1,
      82, 114, 115, -1,
      82, 115, 83, -1,
      105, 79, 106, -1,
      106, 79, 77, -1,
      106, 77, 116, -1,
      116, 77, 117, -1,
      116, 117, 118, -1,
      118, 117, 119, -1,
      118, 119, 120, -1,
      120, 119, 121, -1,
      120, 121, 85, -1,
      85, 121, 122, -1,
      85, 122, 84, -1,
      73, 75, 123, -1,
      123, 75, 124, -1,
      123, 124, 125, -1,
      125, 124, 126, -1,
      125, 126, 127, -1,
      127, 126, 128, -1,
      127, 128, 129, -1,
      129, 128, 130, -1,
      129, 130, 131, -1,
      131, 130, 132, -1,
      131, 132, 133, -1,
      133, 132, 134, -1,
      133, 134, 135, -1,
      135, 134, 136, -1,
      135, 136, 103, -1,
      103, 136, 137, -1,
      103, 137, 102, -1,
      113, 36, 25, -1,
      113, 25, 111, -1,
      111, 25, 24, -1,
      111, 24, 109, -1,
      109, 24, 23, -1,
      109, 23, 107, -1,
      108, 107, 3, -1,
      3, 107, 23, -1,
      108, 3, 15, -1,
      108, 15, 110, -1,
      110, 15, 16, -1,
      110, 16, 112, -1,
      112, 16, 5, -1,
      112, 5, 114, -1,
      114, 5, 4, -1,
      114, 4, 115, -1,
      115, 4, 40, -1,
      115, 40, 83, -1,
      83, 40, 39, -1,
      83, 39, 85, -1,
      85, 39, 35, -1,
      85, 35, 120, -1,
      120, 35, 34, -1,
      120, 34, 118, -1,
      118, 34, 33, -1,
      118, 33, 116, -1,
      116, 33, 32, -1,
      116, 32, 106, -1,
      104, 106, 6, -1,
      6, 106, 32, -1,
      104, 6, 14, -1,
      104, 14, 75, -1,
      75, 14, 13, -1,
      75, 13, 124, -1,
      124, 13, 2, -1,
      124, 2, 126, -1,
      126, 2, 1, -1,
      126, 1, 128, -1,
      128, 1, 20, -1,
      128, 20, 130, -1,
      130, 20, 21, -1,
      130, 21, 132, -1,
      132, 21, 22, -1,
      132, 22, 134, -1,
      134, 22, 30, -1,
      134, 30, 136, -1,
      136, 30, 29, -1,
      136, 29, 137, -1,
      137, 29, 19, -1,
      137, 19, 102, -1,
      45, 96, 0, -1,
      0, 96, 98, -1,
      0, 98, 17, -1,
      17, 98, 100, -1,
      17, 100, 18, -1,
      18, 100, 102, -1,
      18, 102, 19, -1,
      96, 45, 44, -1,
      96, 44, 94, -1,
      94, 44, 12, -1,
      94, 12, 92, -1,
      12, 10, 92, -1,
      92, 10, 9, -1,
      92, 9, 90, -1,
      90, 9, 28, -1,
      90, 28, 88, -1,
      88, 28, 27, -1,
      88, 27, 70, -1,
      71, 70, 26, -1,
      26, 70, 27, -1,
      80, 71, 11, -1,
      11, 71, 26, -1,
      81, 80, 8, -1,
      8, 80, 11, -1,
      77, 81, 7, -1,
      7, 81, 8, -1,
      77, 7, 31, -1,
      77, 31, 117, -1,
      117, 31, 41, -1,
      117, 41, 119, -1,
      119, 41, 42, -1,
      119, 42, 121, -1,
      121, 42, 43, -1,
      121, 43, 122, -1,
      122, 43, 38, -1,
      122, 38, 84, -1,
      84, 38, 37, -1,
      84, 37, 82, -1,
      82, 37, 36, -1,
      82, 36, 113, -1,
      123, 138, 139, -1,
      123, 139, 73, -1,
      73, 139, 140, -1,
      73, 140, 74, -1,
      74, 140, 141, -1,
      74, 141, 105, -1,
      131, 142, 143, -1,
      131, 143, 129, -1,
      129, 143, 144, -1,
      129, 144, 127, -1,
      127, 144, 145, -1,
      127, 145, 125, -1,
      125, 145, 138, -1,
      125, 138, 123, -1,
      101, 146, 147, -1,
      101, 147, 103, -1,
      103, 147, 148, -1,
      103, 148, 135, -1,
      135, 148, 149, -1,
      135, 149, 133, -1,
      133, 149, 142, -1,
      133, 142, 131, -1,
      95, 150, 151, -1,
      95, 151, 97, -1,
      97, 151, 152, -1,
      97, 152, 99, -1,
      99, 152, 146, -1,
      99, 146, 101, -1,
      87, 153, 154, -1,
      87, 154, 89, -1,
      89, 154, 155, -1,
      89, 155, 91, -1,
      91, 155, 156, -1,
      91, 156, 93, -1,
      93, 156, 150, -1,
      93, 150, 95, -1,
      78, 157, 158, -1,
      78, 158, 76, -1,
      76, 158, 159, -1,
      76, 159, 72, -1,
      72, 159, 160, -1,
      72, 160, 86, -1,
      86, 160, 153, -1,
      86, 153, 87, -1,
      78, 79, 157, -1,
      157, 79, 161, -1,
      79, 105, 161, -1,
      161, 105, 141, -1,
    ]
  }
}

Shape {
  appearance Appearance {
    material Material {
      diffuseColor 0.2235 0.2235 0.2235
      specularColor 0.1137 0.1137 0.1137
      ambientIntensity 0.2
      transparency 0.0000
      shininess 0.5
    }
  }
  geometry IndexedFaceSet {
    ccw TRUE
    solid FALSE
    coord DEF co Coordinate {
      point [
        1.673228 0.157186 0.264274,
        1.673228 0.158470 0.265295,
        1.673228 0.161128 0.266649,
        1.673228 0.168828 0.268498,
        1.673228 0.153993 0.255579,
        1.673228 0.154095 0.257489,
        1.673228 0.154689 0.260246,
        1.673228 0.155746 0.262491,
        1.673228 0.157481 0.247572,
        1.673228 0.156457 0.248601,
        1.673228 0.155090 0.250630,
        1.673228 0.154299 0.252816,
        1.673228 0.166667 0.244478,
        1.673228 0.162602 0.244935,
        1.673228 0.159880 0.245934,
        1.673228 0.179733 0.250078,
        1.673228 0.178228 0.248606,
        1.673228 0.174828 0.246310,
        1.673228 0.171177 0.244983,
        1.673228 0.184891 0.264078,
        1.673228 0.184880 0.263279,
        1.673228 0.184105 0.257909,
        1.673228 0.182339 0.253615,
        1.673228 0.184891 0.270660,
      ]
    }
    coordIndex [
      20, 19, 0, -1,
      19, 23, 3, -1,
      3, 2, 19, -1,
      19, 2, 1, -1,
      19, 1, 0, -1,
      20, 0, 21, -1,
      21, 0, 7, -1,
      21, 7, 22, -1,
      9, 8, 16, -1,
      9, 16, 10, -1,
      17, 16, 18, -1,
      18, 16, 12, -1,
      7, 6, 22, -1,
      22, 6, 5, -1,
      22, 5, 15, -1,
      15, 5, 4, -1,
      15, 4, 16, -1,
      16, 4, 11, -1,
      16, 11, 10, -1,
      8, 14, 16, -1,
      16, 14, 13, -1,
      16, 13, 12, -1,
    ]
  }
}

Shape {
  appearance Appearance {
    material Material {
      diffuseColor 1.0000 1.0000 1.0000
      specularColor 0.5020 0.5020 0.5020
      ambientIntensity 0.2
      transparency 0.0000
      shininess 0.5
    }
  }
  geometry IndexedFaceSet {
    ccw TRUE
    solid FALSE
    coord DEF co Coordinate {
      point [
        1.673228 0.242716 0.235893,
        1.673228 0.238681 0.235415,
        1.673228 0.221700 0.235659,
        1.673228 0.218798 0.236678,
        1.673228 0.357090 0.279502,
        1.673228 0.357090 0.247179,
        1.673228 0.375081 0.247179,
        1.673228 0.396363 0.247179,
        1.673228 0.396363 0.236225,
        1.673228 0.394178 0.332309,
        1.673228 0.394178 0.321256,
        1.673228 0.391451 0.290505,
        1.673228 0.391451 0.279502,
        1.673228 0.375081 0.279502,
        1.673228 0.375081 0.321256,
        1.673228 0.375081 0.290505,
        1.673228 0.357090 0.321256,
        1.673228 0.357090 0.290505,
        1.673228 0.375081 0.236225,
        1.673228 0.344687 0.236225,
        1.673228 0.344687 0.332309,
        1.673228 0.213235 0.251060,
        1.673228 0.213235 0.238632,
        1.673228 0.218551 0.247840,
        1.673228 0.218798 0.247752,
        1.673228 0.218798 0.273344,
        1.673228 0.213830 0.281642,
        1.673228 0.213309 0.286330,
        1.673228 0.218692 0.273415,
        1.673228 0.216723 0.275474,
        1.673228 0.215160 0.277969,
        1.673228 0.213779 0.290615,
        1.673228 0.215207 0.294490,
        1.673228 0.217438 0.297744,
        1.673228 0.224053 0.235415,
        1.673228 0.231852 0.234604,
        1.673228 0.256291 0.303375,
        1.673228 0.256291 0.291684,
        1.673228 0.218798 0.298968,
        1.673228 0.221021 0.300969,
        1.673228 0.223985 0.302789,
        1.673228 0.259011 0.250063,
        1.673228 0.257535 0.246248,
        1.673228 0.255293 0.243074,
        1.673228 0.230436 0.305274,
        1.673228 0.240031 0.306421,
        1.673228 0.248474 0.305672,
        1.673228 0.255554 0.266239,
        1.673228 0.257797 0.262930,
        1.673228 0.259083 0.259383,
        1.673228 0.259582 0.254892,
        1.673228 0.251845 0.240057,
        1.673228 0.249047 0.238335,
        1.673228 0.238852 0.296646,
        1.673228 0.235290 0.296378,
        1.673228 0.225712 0.287411,
        1.673228 0.232070 0.295526,
        1.673228 0.229372 0.294091,
        1.673228 0.225822 0.285809,
        1.673228 0.226299 0.283940,
        1.673228 0.227167 0.282317,
        1.673228 0.228340 0.281025,
        1.673228 0.232583 0.278372,
        1.673228 0.246037 0.295910,
        1.673228 0.240031 0.275130,
        1.673228 0.252894 0.293578,
        1.673228 0.244691 0.273244,
        1.673228 0.252684 0.268799,
        1.673228 0.227556 0.292487,
        1.673228 0.226524 0.290955,
        1.673228 0.225930 0.289330,
        1.673228 0.226129 0.245163,
        1.673228 0.231533 0.266386,
        1.673228 0.224359 0.269674,
        1.673228 0.233031 0.244428,
        1.673228 0.233563 0.244432,
        1.673228 0.239436 0.263076,
        1.673228 0.239732 0.245123,
        1.673228 0.247228 0.253713,
        1.673228 0.247110 0.255210,
        1.673228 0.242838 0.246260,
        1.673228 0.243935 0.246926,
        1.673228 0.245316 0.248152,
        1.673228 0.246367 0.249705,
        1.673228 0.246978 0.251417,
        1.673228 0.246563 0.257089,
        1.673228 0.245633 0.258684,
        1.673228 0.244133 0.260246,
        1.673228 0.319241 0.304849,
        1.673228 0.331718 0.304849,
        1.673228 0.375081 0.332309,
        1.673228 0.304342 0.235415,
        1.673228 0.297234 0.253270,
        1.673228 0.298708 0.247621,
        1.673228 0.299027 0.247621,
        1.673228 0.285113 0.288139,
        1.673228 0.300501 0.253172,
        1.673228 0.299580 0.249973,
        1.673228 0.285113 0.255835,
        1.673228 0.265845 0.304849,
        1.673228 0.279305 0.304849,
        1.673228 0.292764 0.236372,
        1.673228 0.292359 0.235415,
        1.673228 0.287483 0.223895,
        1.673228 0.268326 0.204885,
        1.673228 0.268326 0.215594,
        1.673228 0.282814 0.216999,
        1.673228 0.285056 0.219474,
        1.673228 0.285113 0.219578,
        1.673228 0.270788 0.214787,
        1.673228 0.275154 0.214218,
        1.673228 0.285113 0.206048,
        1.673228 0.280951 0.204462,
        1.673228 0.276087 0.203902,
        1.673228 0.273430 0.203998,
        1.673228 0.278320 0.214611,
        1.673228 0.280927 0.215666,
        1.673228 0.300575 0.225860,
        1.673228 0.295122 0.215244,
        1.673228 0.290718 0.209957,
        1.673228 0.289903 0.209210,
        1.673228 0.285700 0.206272,
        1.673228 0.414514 0.236225,
        1.673228 0.414514 0.332309,
        1.673228 0.440942 0.236225,
        1.673228 0.485398 0.258194,
        1.673228 0.478250 0.249685,
        1.673228 0.468261 0.242514,
        1.673228 0.457319 0.238227,
        1.673228 0.478250 0.319586,
        1.673228 0.481610 0.316303,
        1.673228 0.487565 0.307935,
        1.673228 0.491129 0.298780,
        1.673228 0.441924 0.332309,
        1.673228 0.456594 0.330689,
        1.673228 0.468190 0.326453,
        1.673228 0.492742 0.285495,
        1.673228 0.492454 0.279384,
        1.673228 0.490128 0.268133,
        1.673622 0.233031 0.244428,
        1.673622 0.218551 0.247840,
        1.673622 0.226129 0.245163,
        1.673622 0.213235 0.251060,
        1.673622 0.213235 0.238632,
        1.673622 0.221700 0.235659,
        1.673622 0.231852 0.234604,
        1.673622 0.242716 0.235893,
        1.673622 0.249047 0.238335,
        1.673622 0.251845 0.240057,
        1.673622 0.255293 0.243074,
        1.673622 0.257535 0.246248,
        1.673622 0.259011 0.250063,
        1.673622 0.259582 0.254892,
        1.673622 0.259083 0.259383,
        1.673622 0.257797 0.262930,
        1.673622 0.255554 0.266239,
        1.673622 0.252684 0.268799,
        1.673622 0.244691 0.273244,
        1.673622 0.240031 0.275130,
        1.673622 0.232583 0.278372,
        1.673622 0.228340 0.281025,
        1.673622 0.227167 0.282317,
        1.673622 0.226299 0.283940,
        1.673622 0.225822 0.285809,
        1.673622 0.225712 0.287411,
        1.673622 0.225930 0.289330,
        1.673622 0.226524 0.290955,
        1.673622 0.227556 0.292487,
        1.673622 0.229372 0.294091,
        1.673622 0.232070 0.295526,
        1.673622 0.235290 0.296378,
        1.673622 0.238852 0.296646,
        1.673622 0.246037 0.295910,
        1.673622 0.252894 0.293578,
        1.673622 0.256291 0.291684,
        1.673622 0.256291 0.303375,
        1.673622 0.248474 0.305672,
        1.673622 0.240031 0.306421,
        1.673622 0.230436 0.305274,
        1.673622 0.223985 0.302789,
        1.673622 0.221021 0.300969,
        1.673622 0.217438 0.297744,
        1.673622 0.215207 0.294490,
        1.673622 0.213779 0.290615,
        1.673622 0.213309 0.286330,
        1.673622 0.213830 0.281642,
        1.673622 0.215160 0.277969,
        1.673622 0.216723 0.275474,
        1.673622 0.231533 0.266386,
        1.673622 0.224359 0.269674,
        1.673622 0.218692 0.273415,
        1.673622 0.239436 0.263076,
        1.673622 0.244133 0.260246,
        1.673622 0.245633 0.258684,
        1.673622 0.246563 0.257089,
        1.673622 0.247110 0.255210,
        1.673622 0.247228 0.253713,
        1.673622 0.246978 0.251417,
        1.673622 0.246367 0.249705,
        1.673622 0.245316 0.248152,
        1.673622 0.243935 0.246926,
        1.673622 0.242838 0.246260,
        1.673622 0.239732 0.245123,
        1.673622 0.233563 0.244432,
        1.673622 0.319241 0.304849,
        1.673622 0.331718 0.304849,
        1.673622 0.300501 0.253172,
        1.673622 0.299580 0.249973,
        1.673622 0.299027 0.247621,
        1.673622 0.298708 0.247621,
        1.673622 0.297234 0.253270,
        1.673622 0.279305 0.304849,
        1.673622 0.265845 0.304849,
        1.673622 0.292764 0.236372,
        1.673622 0.287483 0.223895,
        1.673622 0.285056 0.219474,
        1.673622 0.282814 0.216999,
        1.673622 0.280927 0.215666,
        1.673622 0.278320 0.214611,
        1.673622 0.275154 0.214218,
        1.673622 0.270788 0.214787,
        1.673622 0.268326 0.215594,
        1.673622 0.268326 0.204885,
        1.673622 0.273430 0.203998,
        1.673622 0.276087 0.203902,
        1.673622 0.285700 0.206272,
        1.673622 0.280951 0.204462,
        1.673622 0.289903 0.209210,
        1.673622 0.290718 0.209957,
        1.673622 0.295122 0.215244,
        1.673622 0.300575 0.225860,
        1.673622 0.396363 0.247179,
        1.673622 0.396363 0.236225,
        1.673622 0.357090 0.247179,
        1.673622 0.357090 0.279502,
        1.673622 0.391451 0.279502,
        1.673622 0.391451 0.290505,
        1.673622 0.357090 0.290505,
        1.673622 0.357090 0.321256,
        1.673622 0.394178 0.321256,
        1.673622 0.394178 0.332309,
        1.673622 0.344687 0.332309,
        1.673622 0.344687 0.236225,
        1.673622 0.473731 0.262378,
        1.673622 0.469433 0.257200,
        1.673622 0.478250 0.249685,
        1.673622 0.468357 0.256196,
        1.673622 0.468261 0.242514,
        1.673622 0.462173 0.251879,
        1.673622 0.457319 0.238227,
        1.673622 0.454257 0.248790,
        1.673622 0.440942 0.236225,
        1.673622 0.440868 0.247179,
        1.673622 0.414514 0.236225,
        1.673622 0.426917 0.247179,
        1.673622 0.414514 0.332309,
        1.673622 0.426917 0.321256,
        1.673622 0.441924 0.332309,
        1.673622 0.441433 0.321256,
        1.673622 0.456594 0.330689,
        1.673622 0.453779 0.319896,
        1.673622 0.468190 0.326453,
        1.673622 0.462119 0.316894,
        1.673622 0.478250 0.319586,
        1.673622 0.469163 0.312217,
        1.673622 0.481610 0.316303,
        1.673622 0.471804 0.309620,
        1.673622 0.487565 0.307935,
        1.673622 0.475537 0.304245,
        1.673622 0.491129 0.298780,
        1.673622 0.478256 0.297249,
        1.673622 0.492742 0.285495,
        1.673622 0.479700 0.285151,
        1.673622 0.492454 0.279384,
        1.673622 0.479241 0.277899,
        1.673622 0.490128 0.268133,
        1.673622 0.477204 0.269355,
        1.673622 0.485398 0.258194,
        1.673228 0.441433 0.321256,
        1.673228 0.426917 0.321256,
        1.673228 0.426917 0.247179,
        1.673228 0.440868 0.247179,
        1.673228 0.469433 0.257200,
        1.673228 0.468357 0.256196,
        1.673228 0.462173 0.251879,
        1.673228 0.454257 0.248790,
        1.673228 0.479700 0.285151,
        1.673228 0.479241 0.277899,
        1.673228 0.477204 0.269355,
        1.673228 0.473731 0.262378,
        1.673228 0.469163 0.312217,
        1.673228 0.471804 0.309620,
        1.673228 0.475537 0.304245,
        1.673228 0.478256 0.297249,
        1.673228 0.453779 0.319896,
        1.673228 0.462119 0.316894,
      ]
    }
    coordIndex [
      139, 74, 71, -1,
      24, 140, 71, -1,
      71, 140, 141, -1,
      71, 141, 139, -1,
      24, 23, 140, -1,
      140, 23, 21, -1,
      140, 21, 142, -1,
      143, 142, 22, -1,
      22, 142, 21, -1,
      144, 143, 3, -1,
      3, 143, 22, -1,
      35, 145, 34, -1,
      34, 145, 144, -1,
      34, 144, 2, -1,
      2, 144, 3, -1,
      146, 145, 1, -1,
      1, 145, 35, -1,
      1, 0, 146, -1,
      146, 0, 52, -1,
      146, 52, 147, -1,
      147, 52, 51, -1,
      147, 51, 148, -1,
      148, 51, 43, -1,
      148, 43, 149, -1,
      149, 43, 42, -1,
      149, 42, 150, -1,
      150, 42, 41, -1,
      150, 41, 151, -1,
      151, 41, 50, -1,
      151, 50, 152, -1,
      152, 50, 49, -1,
      152, 49, 153, -1,
      153, 49, 48, -1,
      153, 48, 154, -1,
      154, 48, 47, -1,
      154, 47, 155, -1,
      155, 47, 67, -1,
      155, 67, 156, -1,
      156, 67, 66, -1,
      156, 66, 157, -1,
      157, 66, 64, -1,
      157, 64, 158, -1,
      158, 64, 62, -1,
      158, 62, 159, -1,
      159, 62, 61, -1,
      159, 61, 160, -1,
      160, 61, 60, -1,
      160, 60, 161, -1,
      161, 60, 59, -1,
      161, 59, 162, -1,
      162, 59, 58, -1,
      162, 58, 163, -1,
      163, 58, 55, -1,
      163, 55, 164, -1,
      164, 55, 70, -1,
      164, 70, 165, -1,
      165, 70, 69, -1,
      165, 69, 166, -1,
      166, 69, 68, -1,
      166, 68, 167, -1,
      167, 68, 57, -1,
      167, 57, 168, -1,
      168, 57, 56, -1,
      168, 56, 169, -1,
      169, 56, 54, -1,
      169, 54, 170, -1,
      170, 54, 53, -1,
      170, 53, 171, -1,
      171, 53, 63, -1,
      171, 63, 172, -1,
      172, 63, 65, -1,
      172, 65, 173, -1,
      173, 65, 37, -1,
      173, 37, 174, -1,
      175, 174, 36, -1,
      36, 174, 37, -1,
      175, 36, 46, -1,
      175, 46, 176, -1,
      176, 46, 45, -1,
      176, 45, 177, -1,
      177, 45, 44, -1,
      177, 44, 178, -1,
      178, 44, 40, -1,
      178, 40, 179, -1,
      179, 40, 39, -1,
      179, 39, 180, -1,
      181, 180, 38, -1,
      38, 180, 39, -1,
      38, 33, 181, -1,
      181, 33, 32, -1,
      181, 32, 182, -1,
      182, 32, 31, -1,
      182, 31, 183, -1,
      183, 31, 27, -1,
      183, 27, 184, -1,
      184, 27, 26, -1,
      184, 26, 185, -1,
      185, 26, 30, -1,
      185, 30, 186, -1,
      186, 30, 29, -1,
      186, 29, 187, -1,
      72, 188, 189, -1,
      187, 29, 28, -1,
      187, 28, 190, -1,
      190, 28, 25, -1,
      190, 25, 189, -1,
      189, 25, 73, -1,
      189, 73, 72, -1,
      188, 72, 76, -1,
      188, 76, 191, -1,
      191, 76, 87, -1,
      191, 87, 192, -1,
      192, 87, 86, -1,
      192, 86, 193, -1,
      193, 86, 85, -1,
      193, 85, 194, -1,
      194, 85, 79, -1,
      194, 79, 195, -1,
      195, 79, 78, -1,
      195, 78, 196, -1,
      196, 78, 84, -1,
      196, 84, 197, -1,
      197, 84, 83, -1,
      197, 83, 198, -1,
      198, 83, 82, -1,
      198, 82, 199, -1,
      199, 82, 81, -1,
      199, 81, 200, -1,
      200, 81, 80, -1,
      200, 80, 201, -1,
      201, 80, 77, -1,
      201, 77, 202, -1,
      202, 77, 75, -1,
      202, 75, 203, -1,
      203, 75, 74, -1,
      203, 74, 139, -1,
      167, 168, 179, -1,
      179, 168, 178, -1,
      191, 158, 188, -1,
      188, 158, 159, -1,
      147, 148, 199, -1,
      199, 148, 149, -1,
      199, 149, 198, -1,
      198, 149, 150, -1,
      198, 150, 197, -1,
      197, 150, 151, -1,
      197, 151, 196, -1,
      196, 151, 152, -1,
      196, 152, 195, -1,
      195, 152, 153, -1,
      195, 153, 194, -1,
      194, 153, 154, -1,
      194, 154, 193, -1,
      193, 154, 155, -1,
      193, 155, 192, -1,
      192, 155, 156, -1,
      192, 156, 191, -1,
      191, 156, 157, -1,
      191, 157, 158, -1,
      145, 139, 144, -1,
      144, 139, 141, -1,
      144, 141, 143, -1,
      143, 141, 140, -1,
      143, 140, 142, -1,
      168, 169, 178, -1,
      178, 169, 170, -1,
      178, 170, 177, -1,
      177, 170, 171, -1,
      177, 171, 176, -1,
      176, 171, 172, -1,
      176, 172, 175, -1,
      175, 172, 173, -1,
      175, 173, 174, -1,
      199, 200, 147, -1,
      147, 200, 201, -1,
      147, 201, 146, -1,
      146, 201, 202, -1,
      146, 202, 145, -1,
      145, 202, 203, -1,
      145, 203, 139, -1,
      179, 180, 167, -1,
      167, 180, 181, -1,
      167, 181, 166, -1,
      166, 181, 182, -1,
      166, 182, 165, -1,
      165, 182, 183, -1,
      165, 183, 164, -1,
      164, 183, 184, -1,
      164, 184, 163, -1,
      163, 184, 185, -1,
      163, 185, 162, -1,
      162, 185, 186, -1,
      162, 186, 161, -1,
      161, 186, 187, -1,
      161, 187, 160, -1,
      160, 187, 190, -1,
      160, 190, 159, -1,
      159, 190, 189, -1,
      159, 189, 188, -1,
      204, 205, 88, -1,
      88, 205, 89, -1,
      206, 204, 96, -1,
      96, 204, 88, -1,
      206, 96, 97, -1,
      206, 97, 207, -1,
      207, 97, 94, -1,
      207, 94, 208, -1,
      209, 208, 93, -1,
      93, 208, 94, -1,
      210, 209, 92, -1,
      92, 209, 93, -1,
      100, 211, 95, -1,
      95, 211, 210, -1,
      95, 210, 92, -1,
      212, 211, 99, -1,
      99, 211, 100, -1,
      101, 213, 98, -1,
      98, 213, 212, -1,
      98, 212, 99, -1,
      103, 214, 102, -1,
      102, 214, 213, -1,
      102, 213, 101, -1,
      103, 108, 214, -1,
      214, 108, 215, -1,
      108, 107, 215, -1,
      215, 107, 106, -1,
      215, 106, 216, -1,
      216, 106, 116, -1,
      216, 116, 217, -1,
      217, 116, 115, -1,
      217, 115, 218, -1,
      218, 115, 110, -1,
      218, 110, 219, -1,
      219, 110, 109, -1,
      219, 109, 220, -1,
      220, 109, 105, -1,
      220, 105, 221, -1,
      222, 221, 104, -1,
      104, 221, 105, -1,
      222, 104, 114, -1,
      222, 114, 223, -1,
      223, 114, 113, -1,
      223, 113, 224, -1,
      224, 113, 112, -1,
      111, 225, 112, -1,
      112, 225, 226, -1,
      112, 226, 224, -1,
      111, 121, 225, -1,
      225, 121, 120, -1,
      225, 120, 227, -1,
      227, 120, 119, -1,
      227, 119, 228, -1,
      228, 119, 118, -1,
      228, 118, 229, -1,
      229, 118, 117, -1,
      229, 117, 230, -1,
      89, 205, 91, -1,
      91, 205, 230, -1,
      91, 230, 117, -1,
      207, 208, 230, -1,
      205, 204, 230, -1,
      230, 204, 206, -1,
      230, 206, 207, -1,
      211, 212, 210, -1,
      210, 212, 213, -1,
      210, 213, 209, -1,
      221, 222, 220, -1,
      220, 222, 223, -1,
      220, 223, 219, -1,
      219, 223, 224, -1,
      219, 224, 218, -1,
      218, 224, 226, -1,
      218, 226, 217, -1,
      217, 226, 225, -1,
      217, 225, 216, -1,
      208, 209, 230, -1,
      230, 209, 213, -1,
      230, 213, 229, -1,
      213, 214, 229, -1,
      229, 214, 215, -1,
      229, 215, 228, -1,
      228, 215, 216, -1,
      228, 216, 227, -1,
      227, 216, 225, -1,
      231, 232, 7, -1,
      7, 232, 8, -1,
      5, 233, 6, -1,
      6, 233, 231, -1,
      6, 231, 7, -1,
      234, 233, 4, -1,
      4, 233, 5, -1,
      12, 235, 13, -1,
      13, 235, 234, -1,
      13, 234, 4, -1,
      236, 235, 11, -1,
      11, 235, 12, -1,
      17, 237, 15, -1,
      15, 237, 236, -1,
      15, 236, 11, -1,
      238, 237, 16, -1,
      16, 237, 17, -1,
      10, 239, 14, -1,
      14, 239, 238, -1,
      14, 238, 16, -1,
      240, 239, 9, -1,
      9, 239, 10, -1,
      20, 241, 90, -1,
      90, 241, 240, -1,
      90, 240, 9, -1,
      242, 241, 19, -1,
      19, 241, 20, -1,
      8, 232, 18, -1,
      18, 232, 242, -1,
      18, 242, 19, -1,
      242, 232, 231, -1,
      231, 233, 242, -1,
      242, 233, 234, -1,
      242, 234, 241, -1,
      239, 240, 238, -1,
      238, 240, 241, -1,
      238, 241, 237, -1,
      237, 241, 234, -1,
      237, 234, 236, -1,
      236, 234, 235, -1,
      243, 244, 245, -1,
      245, 244, 246, -1,
      245, 246, 247, -1,
      247, 246, 248, -1,
      247, 248, 249, -1,
      249, 248, 250, -1,
      249, 250, 251, -1,
      251, 250, 252, -1,
      251, 252, 253, -1,
      253, 252, 254, -1,
      253, 254, 255, -1,
      255, 254, 256, -1,
      255, 256, 257, -1,
      257, 256, 258, -1,
      257, 258, 259, -1,
      259, 258, 260, -1,
      259, 260, 261, -1,
      261, 260, 262, -1,
      261, 262, 263, -1,
      263, 262, 264, -1,
      263, 264, 265, -1,
      265, 264, 266, -1,
      265, 266, 267, -1,
      267, 266, 268, -1,
      267, 268, 269, -1,
      269, 268, 270, -1,
      269, 270, 271, -1,
      271, 270, 272, -1,
      271, 272, 273, -1,
      273, 272, 274, -1,
      273, 274, 275, -1,
      275, 274, 276, -1,
      275, 276, 277, -1,
      277, 276, 243, -1,
      277, 243, 245, -1,
      251, 253, 124, -1,
      124, 253, 122, -1,
      251, 124, 128, -1,
      251, 128, 249, -1,
      249, 128, 127, -1,
      249, 127, 247, -1,
      247, 127, 126, -1,
      247, 126, 245, -1,
      245, 126, 125, -1,
      245, 125, 277, -1,
      277, 125, 138, -1,
      277, 138, 275, -1,
      275, 138, 137, -1,
      275, 137, 273, -1,
      273, 137, 136, -1,
      273, 136, 271, -1,
      271, 136, 132, -1,
      271, 132, 269, -1,
      269, 132, 131, -1,
      269, 131, 267, -1,
      267, 131, 130, -1,
      267, 130, 265, -1,
      265, 130, 129, -1,
      265, 129, 263, -1,
      263, 129, 135, -1,
      263, 135, 261, -1,
      261, 135, 134, -1,
      261, 134, 259, -1,
      259, 134, 133, -1,
      259, 133, 257, -1,
      255, 257, 123, -1,
      123, 257, 133, -1,
      253, 255, 122, -1,
      122, 255, 123, -1,
      258, 256, 278, -1,
      278, 256, 279, -1,
      256, 254, 279, -1,
      279, 254, 280, -1,
      254, 252, 280, -1,
      280, 252, 281, -1,
      244, 282, 283, -1,
      244, 283, 246, -1,
      246, 283, 284, -1,
      246, 284, 248, -1,
      248, 284, 285, -1,
      248, 285, 250, -1,
      250, 285, 281, -1,
      250, 281, 252, -1,
      272, 286, 287, -1,
      272, 287, 274, -1,
      274, 287, 288, -1,
      274, 288, 276, -1,
      276, 288, 289, -1,
      276, 289, 243, -1,
      243, 289, 282, -1,
      243, 282, 244, -1,
      264, 290, 291, -1,
      264, 291, 266, -1,
      266, 291, 292, -1,
      266, 292, 268, -1,
      268, 292, 293, -1,
      268, 293, 270, -1,
      270, 293, 286, -1,
      270, 286, 272, -1,
      258, 278, 294, -1,
      258, 294, 260, -1,
      260, 294, 295, -1,
      260, 295, 262, -1,
      262, 295, 290, -1,
      262, 290, 264, -1,
    ]
  }
}

Shape {
  appearance Appearance {
    material Material {
      diffuseColor 0.2235 0.2235 0.2235
      specularColor 0.1137 0.1137 0.1137
      ambientIntensity 0.2
      transparency 0.0000
      shininess 0.5
    }
  }
  geometry IndexedFaceSet {
    ccw TRUE
    solid FALSE
    coord DEF co Coordinate {
      point [
        1.673228 0.441433 0.321256,
        1.673228 0.426917 0.321256,
        1.673228 0.426917 0.247179,
        1.673228 0.440868 0.247179,
        1.673228 0.469433 0.257200,
        1.673228 0.468357 0.256196,
        1.673228 0.462173 0.251879,
        1.673228 0.454257 0.248790,
        1.673228 0.479700 0.285151,
        1.673228 0.479241 0.277899,
        1.673228 0.477204 0.269355,
        1.673228 0.473731 0.262378,
        1.673228 0.469163 0.312217,
        1.673228 0.471804 0.309620,
        1.673228 0.475537 0.304245,
        1.673228 0.478256 0.297249,
        1.673228 0.453779 0.319896,
        1.673228 0.462119 0.316894,
      ]
    }
    coordIndex [
      5, 4, 0, -1,
      1, 2, 0, -1,
      0, 2, 3, -1,
      3, 7, 0, -1,
      0, 7, 6, -1,
      0, 6, 5, -1,
      4, 11, 0, -1,
      0, 11, 10, -1,
      0, 10, 9, -1,
      9, 8, 0, -1,
      0, 8, 15, -1,
      0, 15, 14, -1,
      14, 13, 0, -1,
      0, 13, 12, -1,
      0, 12, 16, -1,
      16, 12, 17, -1,
    ]
  }
}

Shape {
  appearance Appearance {
    material Material {
      diffuseColor 1.0000 1.0000 1.0000
      specularColor 0.5020 0.5020 0.5020
      ambientIntensity 0.2
      transparency 0.0000
      shininess 0.5
    }
  }
  geometry IndexedFaceSet {
    ccw TRUE
    solid FALSE
    coord DEF co Coordinate {
      point [
        1.673228 0.570822 0.236225,
        1.673228 0.584527 0.236225,
        1.673228 0.547931 0.332309,
        1.673228 0.561022 0.262506,
        1.673228 0.521011 0.262506,
        1.673228 0.511776 0.236225,
        1.673228 0.498071 0.236225,
        1.673228 0.534667 0.332309,
        1.673622 0.524941 0.273361,
        1.673622 0.521011 0.262506,
        1.673622 0.557190 0.273361,
        1.673622 0.561022 0.262506,
        1.673622 0.539309 0.313298,
        1.673622 0.534667 0.332309,
        1.673622 0.498071 0.236225,
        1.673622 0.511776 0.236225,
        1.673622 0.540142 0.316166,
        1.673622 0.540881 0.320028,
        1.673622 0.547931 0.332309,
        1.673622 0.541176 0.320028,
        1.673622 0.541953 0.315963,
        1.673622 0.542674 0.313298,
        1.673622 0.584527 0.236225,
        1.673622 0.570822 0.236225,
        1.673228 0.524941 0.273361,
        1.673228 0.557190 0.273361,
        1.673228 0.542674 0.313298,
        1.673228 0.541176 0.320028,
        1.673228 0.541953 0.315963,
        1.673228 0.540881 0.320028,
        1.673228 0.539309 0.313298,
        1.673228 0.540142 0.316166,
      ]
    }
    coordIndex [
      8, 9, 10, -1,
      10, 9, 11, -1,
      12, 13, 8, -1,
      8, 13, 14, -1,
      8, 14, 9, -1,
      9, 14, 15, -1,
      12, 16, 13, -1,
      13, 16, 17, -1,
      13, 17, 18, -1,
      18, 17, 19, -1,
      18, 19, 20, -1,
      20, 21, 18, -1,
      18, 21, 10, -1,
      18, 10, 22, -1,
      22, 10, 11, -1,
      22, 11, 23, -1,
      18, 22, 2, -1,
      2, 22, 1, -1,
      13, 18, 7, -1,
      7, 18, 2, -1,
      14, 13, 6, -1,
      6, 13, 7, -1,
      15, 14, 5, -1,
      5, 14, 6, -1,
      9, 15, 4, -1,
      4, 15, 5, -1,
      11, 9, 3, -1,
      3, 9, 4, -1,
      23, 11, 0, -1,
      0, 11, 3, -1,
      22, 23, 1, -1,
      1, 23, 0, -1,
      8, 10, 24, -1,
      24, 10, 25, -1,
      10, 21, 25, -1,
      25, 21, 26, -1,
      19, 27, 28, -1,
      19, 28, 20, -1,
      20, 28, 26, -1,
      20, 26, 21, -1,
      19, 17, 27, -1,
      27, 17, 29, -1,
      12, 30, 31, -1,
      12, 31, 16, -1,
      16, 31, 29, -1,
      16, 29, 17, -1,
      12, 8, 30, -1,
      30, 8, 24, -1,
    ]
  }
}

Shape {
  appearance Appearance {
    material Material {
      diffuseColor 0.2235 0.2235 0.2235
      specularColor 0.1137 0.1137 0.1137
      ambientIntensity 0.2
      transparency 0.0000
      shininess 0.5
    }
  }
  geometry IndexedFaceSet {
    ccw TRUE
    solid FALSE
    coord DEF co Coordinate {
      point [
        1.673228 0.524941 0.273361,
        1.673228 0.557190 0.273361,
        1.673228 0.542674 0.313298,
        1.673228 0.541176 0.320028,
        1.673228 0.541953 0.315963,
        1.673228 0.540881 0.320028,
        1.673228 0.539309 0.313298,
        1.673228 0.540142 0.316166,
      ]
    }
    coordIndex [
      3, 5, 4, -1,
      4, 5, 7, -1,
      4, 7, 2, -1,
      2, 7, 6, -1,
      2, 6, 1, -1,
      1, 6, 0, -1,
    ]
  }
}

Shape {
  appearance Appearance {
    material Material {
      diffuseColor 1.0000 1.0000 1.0000
      specularColor 0.5020 0.5020 0.5020
      ambientIntensity 0.2
      transparency 0.0000
      shininess 0.5
    }
  }
  geometry IndexedFaceSet {
    ccw TRUE
    solid FALSE
    coord DEF co Coordinate {
      point [
        1.673228 -0.435669 0.352355,
        1.673228 -0.434273 0.359670,
        1.673228 -0.044011 0.409782,
        1.673228 -0.025490 0.394102,
        1.673228 -0.120319 0.485546,
        1.673228 -0.104621 0.474992,
        1.673228 -0.101435 0.471986,
        1.673228 -0.079823 0.445476,
        1.673228 -0.067731 0.421024,
        1.673228 -0.064336 0.419881,
        1.673228 -0.169375 0.507558,
        1.673228 -0.135093 0.495479,
        1.673228 -0.262965 0.494131,
        1.673228 -0.231474 0.506315,
        1.673228 -0.197529 0.510515,
        1.673228 -0.403838 0.422390,
        1.673228 -0.398117 0.427735,
        1.673228 -0.276808 0.485546,
        1.673228 -0.279506 0.483873,
        1.673228 -0.376194 0.442720,
        1.673228 -0.350794 0.452197,
        1.673228 -0.325276 0.455181,
        1.673228 -0.295560 0.470125,
        1.673228 -0.317420 0.454754,
        1.673228 -0.309564 0.453815,
        1.673228 -0.430778 0.377990,
        1.673228 -0.426272 0.387841,
        1.673228 -0.419605 0.402418,
        1.673228 -0.387418 0.252858,
        1.673228 -0.407254 0.270049,
        1.673228 -0.362944 0.240440,
        1.673228 -0.423531 0.293613,
        1.673228 -0.432974 0.319124,
        1.673228 -0.435946 0.344511,
        1.673228 -0.352602 0.237258,
        1.673228 -0.351741 0.235415,
        1.673228 -0.345762 0.222618,
        1.673228 -0.335606 0.210077,
        1.673228 -0.322246 0.200001,
        1.673228 -0.306487 0.193374,
        1.673228 -0.315950 0.197354,
        1.673228 -0.259416 0.197354,
        1.673228 -0.271186 0.192837,
        1.673228 -0.287704 0.190804,
        1.673228 -0.290358 0.190854,
        1.673228 -0.223683 0.235415,
        1.673228 -0.223732 0.235208,
        1.673228 -0.231801 0.219972,
        1.673228 -0.242340 0.208149,
        1.673228 -0.255948 0.198684,
        1.673228 -0.003215 0.353795,
        1.673228 -0.000100 0.331532,
        1.673228 -0.136463 0.275716,
        1.673228 -0.131776 0.277567,
        1.673228 -0.123749 0.316503,
        1.673228 -0.025376 0.266633,
        1.673228 -0.043978 0.250889,
        1.673228 -0.236468 0.304889,
        1.673228 -0.144926 0.352709,
        1.673228 -0.248392 0.315750,
        1.673228 -0.262885 0.323522,
        1.673228 -0.140664 0.272738,
        1.673228 -0.011831 0.285496,
        1.673228 -0.042783 0.336781,
        1.673228 -0.045979 0.349906,
        1.673228 -0.051229 0.359670,
        1.673228 -0.391211 0.359670,
        1.673228 -0.003243 0.307120,
        1.673228 -0.126481 0.278247,
        1.673228 -0.125817 0.278198,
        1.673228 -0.123767 0.277745,
        1.673228 -0.387218 0.318689,
        1.673228 -0.379041 0.304765,
        1.673228 -0.344353 0.297737,
        1.673228 -0.366790 0.292185,
        1.673228 -0.351919 0.283029,
        1.673228 -0.319083 0.320346,
        1.673228 -0.333054 0.310646,
        1.673228 -0.392907 0.345878,
        1.673228 -0.392101 0.335416,
        1.673228 -0.303991 0.326112,
        1.673228 -0.287704 0.328116,
        1.673228 -0.279374 0.327621,
        1.673228 -0.147659 0.257069,
        1.673228 -0.147485 0.259765,
        1.673228 -0.219389 0.265950,
        1.673228 -0.146114 0.264965,
        1.673228 -0.143487 0.269626,
        1.673228 -0.056311 0.294727,
        1.673228 -0.048798 0.305383,
        1.673228 -0.044092 0.317560,
        1.673228 -0.042455 0.330849,
        1.673228 -0.131696 0.236512,
        1.673228 -0.136215 0.238291,
        1.673228 -0.140646 0.241441,
        1.673228 -0.142234 0.243057,
        1.673228 -0.145211 0.247348,
        1.673228 -0.147011 0.251981,
        1.673228 -0.219752 0.252076,
        1.673228 -0.219389 0.259119,
        1.673228 -0.064823 0.240693,
        1.673228 -0.087543 0.235892,
        1.673228 -0.127848 0.235892,
        1.673228 -0.122383 0.277563,
        1.673228 -0.091641 0.277563,
        1.673228 -0.079422 0.279899,
        1.673228 -0.067363 0.285474,
        1.673228 -0.057255 0.293715,
        1.673228 -0.101205 0.384134,
        1.673228 -0.385028 0.377633,
        1.673228 -0.390876 0.362395,
        1.673228 -0.095740 0.384134,
        1.673228 -0.052320 0.361700,
        1.673228 -0.060242 0.370551,
        1.673228 -0.070839 0.377947,
        1.673228 -0.082763 0.382535,
        1.673228 -0.115890 0.425110,
        1.673228 -0.131286 0.443530,
        1.673228 -0.288387 0.403945,
        1.673228 -0.133083 0.445168,
        1.673228 -0.152280 0.458483,
        1.673228 -0.277962 0.425537,
        1.673228 -0.377928 0.387841,
        1.673228 -0.293343 0.406651,
        1.673228 -0.102019 0.387841,
        1.673228 -0.105365 0.403091,
        1.673228 -0.308663 0.412230,
        1.673228 -0.324593 0.414192,
        1.673228 -0.331636 0.413829,
        1.673228 -0.262644 0.443844,
        1.673228 -0.173704 0.466685,
        1.673228 -0.244294 0.457252,
        1.673228 -0.196845 0.469527,
        1.673228 -0.221973 0.466293,
        1.673228 -0.348504 0.409849,
        1.673228 -0.363739 0.401780,
        1.673228 -0.375563 0.391242,
        1.673228 -0.021002 0.387841,
        1.673228 -0.011556 0.374661,
        1.673228 -0.005563 0.359670,
        1.673622 -0.345762 0.222618,
        1.673622 -0.335606 0.210077,
        1.673622 -0.351919 0.283029,
        1.673622 -0.105365 0.403091,
        1.673622 -0.101205 0.384134,
        1.673622 -0.067731 0.421024,
        1.673622 -0.363739 0.401780,
        1.673622 -0.348504 0.409849,
        1.673622 -0.350794 0.452197,
        1.673622 -0.231801 0.219972,
        1.673622 -0.223732 0.235208,
        1.673622 -0.219752 0.252076,
        1.673622 -0.325276 0.455181,
        1.673622 -0.123749 0.316503,
        1.673622 -0.144926 0.352709,
        1.673622 -0.219389 0.265950,
        1.673622 -0.236468 0.304889,
        1.673622 -0.219389 0.259119,
        1.673622 -0.255948 0.198684,
        1.673622 -0.242340 0.208149,
        1.673622 -0.305300 0.237873,
        1.673622 -0.299680 0.234320,
        1.673622 -0.322246 0.200001,
        1.673622 -0.293262 0.232245,
        1.673622 -0.366790 0.292185,
        1.673622 -0.362944 0.240440,
        1.673622 -0.352602 0.237258,
        1.673622 -0.095740 0.384134,
        1.673622 -0.082763 0.382535,
        1.673622 -0.064336 0.419881,
        1.673622 -0.070839 0.377947,
        1.673622 -0.044011 0.409782,
        1.673622 -0.025490 0.394102,
        1.673622 -0.244294 0.457252,
        1.673622 -0.279506 0.483873,
        1.673622 -0.262644 0.443844,
        1.673622 -0.295560 0.470125,
        1.673622 -0.277962 0.425537,
        1.673622 -0.309564 0.453815,
        1.673622 -0.288387 0.403945,
        1.673622 -0.331636 0.413829,
        1.673622 -0.324593 0.414192,
        1.673622 -0.317420 0.454754,
        1.673622 -0.308663 0.412230,
        1.673622 -0.293343 0.406651,
        1.673622 -0.314723 0.254367,
        1.673622 -0.312982 0.248164,
        1.673622 -0.309843 0.242646,
        1.673622 -0.306487 0.193374,
        1.673622 -0.290358 0.190854,
        1.673622 -0.288387 0.231793,
        1.673622 -0.287704 0.190804,
        1.673622 -0.282283 0.232491,
        1.673622 -0.271186 0.192837,
        1.673622 -0.276298 0.234684,
        1.673622 -0.271015 0.238246,
        1.673622 -0.266580 0.243162,
        1.673622 -0.025376 0.266633,
        1.673622 -0.057255 0.293715,
        1.673622 -0.043978 0.250889,
        1.673622 -0.067363 0.285474,
        1.673622 -0.064823 0.240693,
        1.673622 -0.079422 0.279899,
        1.673622 -0.087543 0.235892,
        1.673622 -0.091641 0.277563,
        1.673622 -0.127848 0.235892,
        1.673622 -0.122383 0.277563,
        1.673622 -0.131696 0.236512,
        1.673622 -0.390876 0.362395,
        1.673622 -0.435669 0.352355,
        1.673622 -0.392907 0.345878,
        1.673622 -0.435946 0.344511,
        1.673622 -0.392101 0.335416,
        1.673622 -0.432974 0.319124,
        1.673622 -0.387218 0.318689,
        1.673622 -0.423531 0.293613,
        1.673622 -0.379041 0.304765,
        1.673622 -0.407254 0.270049,
        1.673622 -0.387418 0.252858,
        1.673622 -0.263389 0.267687,
        1.673622 -0.261899 0.261337,
        1.673622 -0.261891 0.255651,
        1.673622 -0.263453 0.249076,
        1.673622 -0.060242 0.370551,
        1.673622 -0.052320 0.361700,
        1.673622 -0.011556 0.374661,
        1.673622 -0.045979 0.349906,
        1.673622 -0.003215 0.353795,
        1.673622 -0.042783 0.336781,
        1.673622 -0.000100 0.331532,
        1.673622 -0.042455 0.330849,
        1.673622 -0.003243 0.307120,
        1.673622 -0.044092 0.317560,
        1.673622 -0.011831 0.285496,
        1.673622 -0.048798 0.305383,
        1.673622 -0.056311 0.294727,
        1.673622 -0.376194 0.442720,
        1.673622 -0.398117 0.427735,
        1.673622 -0.375563 0.391242,
        1.673622 -0.403838 0.422390,
        1.673622 -0.385028 0.377633,
        1.673622 -0.419605 0.402418,
        1.673622 -0.430778 0.377990,
        1.673622 -0.115890 0.425110,
        1.673622 -0.079823 0.445476,
        1.673622 -0.131286 0.443530,
        1.673622 -0.101435 0.471986,
        1.673622 -0.133083 0.445168,
        1.673622 -0.104621 0.474992,
        1.673622 -0.152280 0.458483,
        1.673622 -0.135093 0.495479,
        1.673622 -0.173704 0.466685,
        1.673622 -0.169375 0.507558,
        1.673622 -0.196845 0.469527,
        1.673622 -0.197529 0.510515,
        1.673622 -0.221973 0.466293,
        1.673622 -0.231474 0.506315,
        1.673622 -0.262965 0.494131,
        1.673622 -0.314904 0.261045,
        1.673622 -0.313405 0.267630,
        1.673622 -0.344353 0.297737,
        1.673622 -0.310294 0.273596,
        1.673622 -0.333054 0.310646,
        1.673622 -0.305867 0.278520,
        1.673622 -0.319083 0.320346,
        1.673622 -0.300446 0.282175,
        1.673622 -0.303991 0.326112,
        1.673622 -0.294437 0.284378,
        1.673622 -0.287704 0.328116,
        1.673622 -0.288387 0.285078,
        1.673622 -0.279374 0.327621,
        1.673622 -0.282409 0.284394,
        1.673622 -0.262885 0.323522,
        1.673622 -0.276094 0.282055,
        1.673622 -0.248392 0.315750,
        1.673622 -0.270644 0.278289,
        1.673622 -0.266294 0.273328,
        1.673622 -0.125817 0.278198,
        1.673622 -0.142234 0.243057,
        1.673622 -0.140646 0.241441,
        1.673622 -0.123767 0.277745,
        1.673622 -0.136215 0.238291,
        1.673622 -0.147659 0.257069,
        1.673622 -0.147011 0.251981,
        1.673622 -0.145211 0.247348,
        1.673622 -0.131776 0.277567,
        1.673622 -0.136463 0.275716,
        1.673622 -0.147485 0.259765,
        1.673622 -0.140664 0.272738,
        1.673622 -0.143487 0.269626,
        1.673622 -0.146114 0.264965,
        1.673622 -0.126481 0.278247,
        1.673228 -0.288387 0.285078,
        1.673228 -0.282409 0.284394,
        1.673228 -0.276094 0.282055,
        1.673228 -0.270644 0.278289,
        1.673228 -0.266294 0.273328,
        1.673228 -0.263389 0.267687,
        1.673228 -0.261899 0.261337,
        1.673228 -0.261891 0.255651,
        1.673228 -0.263453 0.249076,
        1.673228 -0.266580 0.243162,
        1.673228 -0.271015 0.238246,
        1.673228 -0.276298 0.234684,
        1.673228 -0.282283 0.232491,
        1.673228 -0.288387 0.231793,
        1.673228 -0.293262 0.232245,
        1.673228 -0.299680 0.234320,
        1.673228 -0.305300 0.237873,
        1.673228 -0.309843 0.242646,
        1.673228 -0.312982 0.248164,
        1.673228 -0.314723 0.254367,
        1.673228 -0.314904 0.261045,
        1.673228 -0.313405 0.267630,
        1.673228 -0.310294 0.273596,
        1.673228 -0.305867 0.278520,
        1.673228 -0.300446 0.282175,
        1.673228 -0.294437 0.284378,
      ]
    }
    coordIndex [
      140, 141, 142, -1,
      143, 144, 145, -1,
      146, 147, 148, -1,
      149, 150, 151, -1,
      148, 147, 152, -1,
      153, 154, 155, -1,
      155, 154, 156, -1,
      155, 156, 157, -1,
      157, 156, 158, -1,
      157, 158, 151, -1,
      151, 158, 159, -1,
      151, 159, 149, -1,
      160, 141, 161, -1,
      161, 141, 162, -1,
      161, 162, 163, -1,
      164, 165, 142, -1,
      142, 165, 166, -1,
      142, 166, 140, -1,
      144, 167, 145, -1,
      145, 167, 168, -1,
      145, 168, 169, -1,
      169, 168, 170, -1,
      169, 170, 171, -1,
      171, 170, 172, -1,
      173, 174, 175, -1,
      175, 174, 176, -1,
      175, 176, 177, -1,
      177, 176, 178, -1,
      177, 178, 179, -1,
      147, 180, 152, -1,
      152, 180, 181, -1,
      152, 181, 182, -1,
      182, 181, 183, -1,
      182, 183, 178, -1,
      178, 183, 184, -1,
      178, 184, 179, -1,
      185, 142, 186, -1,
      186, 142, 141, -1,
      186, 141, 187, -1,
      187, 141, 160, -1,
      162, 188, 163, -1,
      163, 188, 189, -1,
      163, 189, 190, -1,
      190, 189, 191, -1,
      190, 191, 192, -1,
      192, 191, 193, -1,
      192, 193, 194, -1,
      194, 193, 158, -1,
      194, 158, 195, -1,
      195, 158, 196, -1,
      197, 198, 199, -1,
      199, 198, 200, -1,
      199, 200, 201, -1,
      201, 200, 202, -1,
      201, 202, 203, -1,
      203, 202, 204, -1,
      203, 204, 205, -1,
      205, 204, 206, -1,
      205, 206, 207, -1,
      208, 209, 210, -1,
      210, 209, 211, -1,
      210, 211, 212, -1,
      212, 211, 213, -1,
      212, 213, 214, -1,
      214, 213, 215, -1,
      214, 215, 216, -1,
      216, 215, 217, -1,
      216, 217, 164, -1,
      164, 217, 218, -1,
      164, 218, 165, -1,
      219, 220, 156, -1,
      156, 220, 221, -1,
      156, 221, 158, -1,
      158, 221, 222, -1,
      158, 222, 196, -1,
      170, 223, 172, -1,
      172, 223, 224, -1,
      172, 224, 225, -1,
      225, 224, 226, -1,
      225, 226, 227, -1,
      227, 226, 228, -1,
      227, 228, 229, -1,
      229, 228, 230, -1,
      229, 230, 231, -1,
      231, 230, 232, -1,
      231, 232, 233, -1,
      233, 232, 234, -1,
      233, 234, 197, -1,
      197, 234, 235, -1,
      197, 235, 198, -1,
      148, 236, 146, -1,
      146, 236, 237, -1,
      146, 237, 238, -1,
      238, 237, 239, -1,
      238, 239, 240, -1,
      240, 239, 241, -1,
      240, 241, 208, -1,
      208, 241, 242, -1,
      208, 242, 209, -1,
      143, 145, 243, -1,
      243, 145, 244, -1,
      243, 244, 245, -1,
      245, 244, 246, -1,
      245, 246, 247, -1,
      247, 246, 248, -1,
      247, 248, 249, -1,
      249, 248, 250, -1,
      249, 250, 251, -1,
      251, 250, 252, -1,
      251, 252, 253, -1,
      253, 252, 254, -1,
      253, 254, 255, -1,
      255, 254, 256, -1,
      255, 256, 173, -1,
      173, 256, 257, -1,
      173, 257, 174, -1,
      185, 258, 142, -1,
      142, 258, 259, -1,
      142, 259, 260, -1,
      260, 259, 261, -1,
      260, 261, 262, -1,
      262, 261, 263, -1,
      262, 263, 264, -1,
      264, 263, 265, -1,
      264, 265, 266, -1,
      266, 265, 267, -1,
      266, 267, 268, -1,
      268, 267, 269, -1,
      268, 269, 270, -1,
      270, 269, 271, -1,
      270, 271, 272, -1,
      272, 271, 273, -1,
      272, 273, 274, -1,
      274, 273, 275, -1,
      274, 275, 156, -1,
      156, 275, 276, -1,
      156, 276, 219, -1,
      277, 278, 279, -1,
      206, 280, 207, -1,
      207, 280, 277, -1,
      207, 277, 281, -1,
      281, 277, 279, -1,
      282, 283, 277, -1,
      277, 283, 284, -1,
      277, 284, 278, -1,
      285, 286, 287, -1,
      286, 288, 287, -1,
      287, 288, 289, -1,
      287, 289, 290, -1,
      282, 277, 287, -1,
      287, 277, 291, -1,
      287, 291, 285, -1,
      229, 51, 50, -1,
      137, 172, 225, -1,
      229, 50, 227, -1,
      227, 50, 139, -1,
      227, 139, 225, -1,
      225, 139, 138, -1,
      225, 138, 137, -1,
      137, 3, 172, -1,
      172, 3, 2, -1,
      172, 2, 171, -1,
      171, 2, 9, -1,
      171, 9, 169, -1,
      169, 9, 8, -1,
      169, 8, 145, -1,
      145, 8, 7, -1,
      145, 7, 244, -1,
      244, 7, 6, -1,
      244, 6, 246, -1,
      246, 6, 5, -1,
      246, 5, 248, -1,
      250, 248, 4, -1,
      4, 248, 5, -1,
      4, 11, 250, -1,
      250, 11, 10, -1,
      250, 10, 252, -1,
      252, 10, 14, -1,
      252, 14, 254, -1,
      18, 174, 17, -1,
      17, 174, 257, -1,
      17, 257, 12, -1,
      12, 257, 256, -1,
      12, 256, 13, -1,
      13, 256, 254, -1,
      13, 254, 14, -1,
      174, 18, 22, -1,
      174, 22, 176, -1,
      176, 22, 24, -1,
      176, 24, 178, -1,
      178, 24, 23, -1,
      178, 23, 182, -1,
      182, 23, 21, -1,
      182, 21, 152, -1,
      152, 21, 20, -1,
      152, 20, 148, -1,
      148, 20, 19, -1,
      148, 19, 236, -1,
      236, 19, 16, -1,
      236, 16, 237, -1,
      237, 16, 15, -1,
      237, 15, 239, -1,
      33, 211, 209, -1,
      239, 15, 27, -1,
      239, 27, 241, -1,
      241, 27, 26, -1,
      241, 26, 242, -1,
      26, 25, 242, -1,
      242, 25, 1, -1,
      242, 1, 209, -1,
      209, 1, 0, -1,
      209, 0, 33, -1,
      211, 33, 32, -1,
      211, 32, 213, -1,
      213, 32, 31, -1,
      213, 31, 215, -1,
      215, 31, 29, -1,
      215, 29, 217, -1,
      217, 29, 28, -1,
      217, 28, 218, -1,
      218, 28, 30, -1,
      218, 30, 165, -1,
      165, 30, 34, -1,
      165, 34, 166, -1,
      166, 34, 35, -1,
      166, 35, 140, -1,
      35, 36, 140, -1,
      140, 36, 37, -1,
      140, 37, 141, -1,
      141, 37, 38, -1,
      141, 38, 162, -1,
      162, 38, 40, -1,
      162, 40, 188, -1,
      40, 39, 188, -1,
      188, 39, 44, -1,
      188, 44, 189, -1,
      189, 44, 43, -1,
      189, 43, 191, -1,
      99, 157, 151, -1,
      191, 43, 42, -1,
      191, 42, 193, -1,
      193, 42, 41, -1,
      193, 41, 158, -1,
      41, 49, 158, -1,
      158, 49, 48, -1,
      158, 48, 159, -1,
      159, 48, 47, -1,
      159, 47, 149, -1,
      149, 47, 46, -1,
      149, 46, 150, -1,
      150, 46, 45, -1,
      150, 45, 151, -1,
      151, 45, 98, -1,
      151, 98, 99, -1,
      155, 157, 85, -1,
      85, 157, 99, -1,
      153, 155, 54, -1,
      54, 155, 85, -1,
      154, 153, 58, -1,
      58, 153, 54, -1,
      156, 154, 57, -1,
      57, 154, 58, -1,
      156, 57, 59, -1,
      156, 59, 274, -1,
      274, 59, 60, -1,
      274, 60, 272, -1,
      272, 60, 82, -1,
      272, 82, 270, -1,
      270, 82, 81, -1,
      270, 81, 268, -1,
      268, 81, 80, -1,
      268, 80, 266, -1,
      266, 80, 76, -1,
      266, 76, 264, -1,
      264, 76, 77, -1,
      264, 77, 262, -1,
      262, 77, 73, -1,
      262, 73, 260, -1,
      260, 73, 75, -1,
      260, 75, 142, -1,
      142, 75, 74, -1,
      142, 74, 164, -1,
      164, 74, 72, -1,
      164, 72, 216, -1,
      216, 72, 71, -1,
      216, 71, 214, -1,
      214, 71, 79, -1,
      214, 79, 212, -1,
      212, 79, 78, -1,
      212, 78, 210, -1,
      208, 210, 66, -1,
      66, 210, 78, -1,
      66, 110, 208, -1,
      208, 110, 109, -1,
      208, 109, 240, -1,
      240, 109, 122, -1,
      240, 122, 238, -1,
      122, 136, 238, -1,
      238, 136, 135, -1,
      238, 135, 146, -1,
      146, 135, 134, -1,
      146, 134, 147, -1,
      147, 134, 128, -1,
      147, 128, 180, -1,
      180, 128, 127, -1,
      180, 127, 181, -1,
      181, 127, 126, -1,
      181, 126, 183, -1,
      183, 126, 123, -1,
      183, 123, 184, -1,
      184, 123, 118, -1,
      184, 118, 179, -1,
      179, 118, 121, -1,
      179, 121, 177, -1,
      177, 121, 129, -1,
      177, 129, 175, -1,
      175, 129, 131, -1,
      175, 131, 173, -1,
      173, 131, 133, -1,
      173, 133, 255, -1,
      255, 133, 132, -1,
      255, 132, 253, -1,
      108, 144, 124, -1,
      124, 144, 143, -1,
      124, 143, 125, -1,
      125, 143, 243, -1,
      125, 243, 116, -1,
      116, 243, 245, -1,
      116, 245, 117, -1,
      117, 245, 247, -1,
      117, 247, 119, -1,
      119, 247, 249, -1,
      119, 249, 120, -1,
      120, 249, 251, -1,
      120, 251, 130, -1,
      130, 251, 253, -1,
      130, 253, 132, -1,
      167, 144, 111, -1,
      111, 144, 108, -1,
      167, 111, 115, -1,
      167, 115, 168, -1,
      168, 115, 114, -1,
      168, 114, 170, -1,
      170, 114, 113, -1,
      170, 113, 223, -1,
      223, 113, 112, -1,
      223, 112, 224, -1,
      224, 112, 65, -1,
      224, 65, 226, -1,
      65, 64, 226, -1,
      226, 64, 63, -1,
      226, 63, 228, -1,
      228, 63, 91, -1,
      228, 91, 230, -1,
      230, 91, 90, -1,
      230, 90, 232, -1,
      232, 90, 89, -1,
      232, 89, 234, -1,
      234, 89, 88, -1,
      234, 88, 235, -1,
      235, 88, 107, -1,
      235, 107, 198, -1,
      198, 107, 106, -1,
      198, 106, 200, -1,
      200, 106, 105, -1,
      200, 105, 202, -1,
      202, 105, 104, -1,
      202, 104, 204, -1,
      206, 204, 103, -1,
      103, 204, 104, -1,
      206, 103, 70, -1,
      206, 70, 280, -1,
      280, 70, 69, -1,
      280, 69, 277, -1,
      277, 69, 68, -1,
      277, 68, 291, -1,
      291, 68, 53, -1,
      291, 53, 285, -1,
      285, 53, 52, -1,
      285, 52, 286, -1,
      286, 52, 61, -1,
      286, 61, 288, -1,
      288, 61, 87, -1,
      288, 87, 289, -1,
      289, 87, 86, -1,
      289, 86, 290, -1,
      290, 86, 84, -1,
      290, 84, 287, -1,
      287, 84, 83, -1,
      287, 83, 282, -1,
      282, 83, 97, -1,
      282, 97, 283, -1,
      283, 97, 96, -1,
      283, 96, 284, -1,
      284, 96, 95, -1,
      284, 95, 278, -1,
      278, 95, 94, -1,
      278, 94, 279, -1,
      279, 94, 93, -1,
      279, 93, 281, -1,
      281, 93, 92, -1,
      281, 92, 207, -1,
      207, 92, 102, -1,
      207, 102, 205, -1,
      203, 205, 101, -1,
      101, 205, 102, -1,
      203, 101, 100, -1,
      203, 100, 201, -1,
      201, 100, 56, -1,
      201, 56, 199, -1,
      199, 56, 55, -1,
      199, 55, 197, -1,
      197, 55, 62, -1,
      197, 62, 233, -1,
      233, 62, 67, -1,
      233, 67, 231, -1,
      231, 67, 51, -1,
      231, 51, 229, -1,
      269, 292, 293, -1,
      269, 293, 271, -1,
      271, 293, 294, -1,
      271, 294, 273, -1,
      273, 294, 295, -1,
      273, 295, 275, -1,
      275, 295, 296, -1,
      275, 296, 276, -1,
      276, 296, 297, -1,
      276, 297, 219, -1,
      219, 297, 298, -1,
      219, 298, 220, -1,
      220, 298, 299, -1,
      220, 299, 221, -1,
      221, 299, 300, -1,
      221, 300, 222, -1,
      222, 300, 301, -1,
      222, 301, 196, -1,
      196, 301, 302, -1,
      196, 302, 195, -1,
      195, 302, 303, -1,
      195, 303, 194, -1,
      194, 303, 304, -1,
      194, 304, 192, -1,
      192, 304, 305, -1,
      192, 305, 190, -1,
      190, 305, 306, -1,
      190, 306, 163, -1,
      163, 306, 307, -1,
      163, 307, 161, -1,
      161, 307, 308, -1,
      161, 308, 160, -1,
      160, 308, 309, -1,
      160, 309, 187, -1,
      187, 309, 310, -1,
      187, 310, 186, -1,
      186, 310, 311, -1,
      186, 311, 185, -1,
      185, 311, 312, -1,
      185, 312, 258, -1,
      258, 312, 313, -1,
      258, 313, 259, -1,
      259, 313, 314, -1,
      259, 314, 261, -1,
      261, 314, 315, -1,
      261, 315, 263, -1,
      263, 315, 316, -1,
      263, 316, 265, -1,
      265, 316, 317, -1,
      265, 317, 267, -1,
      267, 317, 292, -1,
      267, 292, 269, -1,
    ]
  }
}

Shape {
  appearance Appearance {
    material Material {
      diffuseColor 0.2235 0.2235 0.2235
      specularColor 0.1137 0.1137 0.1137
      ambientIntensity 0.2
      transparency 0.0000
      shininess 0.5
    }
  }
  geometry IndexedFaceSet {
    ccw TRUE
    solid FALSE
    coord DEF co Coordinate {
      point [
        1.673228 -0.288387 0.285078,
        1.673228 -0.282409 0.284394,
        1.673228 -0.276094 0.282055,
        1.673228 -0.270644 0.278289,
        1.673228 -0.266294 0.273328,
        1.673228 -0.263389 0.267687,
        1.673228 -0.261899 0.261337,
        1.673228 -0.261891 0.255651,
        1.673228 -0.263453 0.249076,
        1.673228 -0.266580 0.243162,
        1.673228 -0.271015 0.238246,
        1.673228 -0.276298 0.234684,
        1.673228 -0.282283 0.232491,
        1.673228 -0.288387 0.231793,
        1.673228 -0.293262 0.232245,
        1.673228 -0.299680 0.234320,
        1.673228 -0.305300 0.237873,
        1.673228 -0.309843 0.242646,
        1.673228 -0.312982 0.248164,
        1.673228 -0.314723 0.254367,
        1.673228 -0.314904 0.261045,
        1.673228 -0.313405 0.267630,
        1.673228 -0.310294 0.273596,
        1.673228 -0.305867 0.278520,
        1.673228 -0.300446 0.282175,
        1.673228 -0.294437 0.284378,
      ]
    }
    coordIndex [
      14, 13, 0, -1,
      6, 13, 7, -1,
      7, 13, 12, -1,
      7, 12, 11, -1,
      6, 5, 13, -1,
      13, 5, 4, -1,
      13, 4, 3, -1,
      24, 17, 16, -1,
      3, 2, 13, -1,
      13, 2, 1, -1,
      13, 1, 0, -1,
      17, 24, 18, -1,
      18, 24, 23, -1,
      18, 23, 19, -1,
      0, 25, 14, -1,
      14, 25, 24, -1,
      14, 24, 15, -1,
      15, 24, 16, -1,
      11, 10, 7, -1,
      7, 10, 9, -1,
      7, 9, 8, -1,
      19, 23, 20, -1,
      20, 23, 22, -1,
      20, 22, 21, -1,
    ]
  }
}
