#VRML V2.0 utf8

Shape {
  appearance Appearance {
    material Material {
      diffuseColor 0.2078 0.2078 0.2078
      specularColor 0.0157 0.0157 0.0157
      ambientIntensity 0.2
      transparency 0.0000
      shininess 0.5
    }
  }
  geometry IndexedFaceSet {
    ccw TRUE
    solid FALSE
    coord DEF co Coordinate {
      point [
        0.206453 -0.428221 0.000000,
        0.206453 3.346457 0.000000,
        0.244863 -0.362204 0.000000,
        0.244863 -0.405415 0.000000,
        0.286829 -0.422647 0.000000,
        0.326611 -0.428221 0.000000,
        2.677559 2.519685 0.000000,
        2.677559 2.992126 0.000000,
        3.149606 3.346457 0.000000,
        3.149606 2.992126 0.000000,
        2.677559 1.417323 0.000000,
        2.677559 0.944882 0.000000,
        0.772998 -0.425820 0.000000,
        2.677559 1.732283 0.000000,
        3.149606 1.732283 0.000000,
        3.149606 1.417323 0.000000,
        0.516960 -0.135815 0.000000,
        0.493884 -0.099007 0.000000,
        0.720184 -0.032120 0.000000,
        3.149606 2.519685 0.000000,
        3.149606 2.204724 0.000000,
        2.677559 2.204724 0.000000,
        0.337511 -0.027319 0.000000,
        0.290381 -0.030571 0.000000,
        0.244863 -0.042922 0.000000,
        0.244863 -0.095736 0.000000,
        0.289209 -0.076747 0.000000,
        0.251919 -0.366113 0.000000,
        0.337061 -0.070530 0.000000,
        0.375828 -0.074883 0.000000,
        2.677559 0.157480 0.000000,
        2.677559 0.629921 0.000000,
        3.149606 0.629921 0.000000,
        3.149606 0.944882 0.000000,
        0.405296 -0.085518 0.000000,
        0.432546 -0.103748 0.000000,
        0.456321 -0.129995 0.000000,
        0.484924 -0.233171 0.000000,
        0.480938 -0.275792 0.000000,
        0.470242 -0.309656 0.000000,
        0.382635 -0.383292 0.000000,
        0.345913 -0.387411 0.000000,
        0.411322 -0.372731 0.000000,
        0.435484 -0.356445 0.000000,
        0.453959 -0.336955 0.000000,
        0.293653 -0.381610 0.000000,
        0.376343 -0.428221 0.000000,
        0.571346 -0.425820 0.000000,
        0.472552 -0.160393 0.000000,
        0.483046 -0.202539 0.000000,
        0.720184 -0.382609 0.000000,
        0.571346 -0.382609 0.000000,
        0.522081 -0.323666 0.000000,
        0.458340 -0.064823 0.000000,
        0.420944 -0.043298 0.000000,
        0.377055 -0.030547 0.000000,
        0.501108 -0.361101 0.000000,
        0.471536 -0.392234 0.000000,
        0.772998 -0.032120 0.000000,
        0.533931 -0.281993 0.000000,
        0.537738 -0.236397 0.000000,
        0.532074 -0.180425 0.000000,
        0.401708 -0.425591 0.000000,
        0.439867 -0.412457 0.000000,
        3.149606 0.157480 0.000000,
        3.149606 -0.157480 0.000000,
        2.677559 -0.157480 0.000000,
        2.677559 -0.428221 0.000000,
        0.353191 -0.430622 0.000000,
        2.677559 -1.732283 0.000000,
        2.677559 -2.204724 0.000000,
        0.206453 -3.346457 0.000000,
        2.677559 -1.417323 0.000000,
        3.149606 -1.417323 0.000000,
        3.149606 -1.732283 0.000000,
        0.342426 -0.430437 0.000000,
        2.677559 -0.629921 0.000000,
        2.677559 -0.944882 0.000000,
        3.149606 -0.944882 0.000000,
        3.149606 -0.629921 0.000000,
        3.149606 -2.992126 0.000000,
        3.149606 -3.346457 0.000000,
        2.677559 -2.992126 0.000000,
        2.677559 -2.519685 0.000000,
        3.149606 -2.519685 0.000000,
        3.149606 -2.204724 0.000000,
        -0.043211 -0.382609 0.000000,
        -0.043211 -0.425820 0.000000,
        -0.120031 -0.425820 0.000000,
        -0.465719 -0.425820 0.000000,
        -0.417252 -0.317916 0.000000,
        -0.394675 -0.353130 0.000000,
        -3.149606 2.992126 0.000000,
        -3.149606 3.346457 0.000000,
        -2.401575 2.992126 0.000000,
        -0.033609 -0.075331 0.000000,
        0.115230 -0.075331 0.000000,
        0.115230 -0.204964 0.000000,
        -0.120031 -0.032120 0.000000,
        -0.024006 -0.204964 0.000000,
        -0.024006 -0.248175 0.000000,
        0.115230 -0.248175 0.000000,
        0.115230 -0.382609 0.000000,
        -0.362270 -0.384158 0.000000,
        -0.321162 -0.408047 0.000000,
        -0.275796 -0.421569 0.000000,
        -0.033609 -0.032120 0.000000,
        0.168043 -0.032120 0.000000,
        0.168043 -0.425820 0.000000,
        -2.677559 0.629921 0.000000,
        -3.149606 0.629921 0.000000,
        -3.149606 0.944882 0.000000,
        -0.288013 -0.038200 0.000000,
        -0.334077 -0.054375 0.000000,
        -2.677559 0.944882 0.000000,
        -2.677559 1.417323 0.000000,
        -2.401575 2.519685 0.000000,
        -2.677559 0.157480 0.000000,
        -2.677559 -0.157480 0.000000,
        -3.149606 0.157480 0.000000,
        -3.149606 -0.157480 0.000000,
        -0.821010 -0.425820 0.000000,
        -0.763395 -0.425820 0.000000,
        -0.231134 -0.032120 0.000000,
        -0.227083 -0.425820 0.000000,
        -0.423476 -0.148184 0.000000,
        -0.434051 -0.186974 0.000000,
        -0.614557 -0.032120 0.000000,
        -0.436912 -0.224019 0.000000,
        -0.431387 -0.276707 0.000000,
        -3.149606 2.204724 0.000000,
        -3.149606 2.519685 0.000000,
        -2.677559 2.204724 0.000000,
        -2.677559 1.732283 0.000000,
        -3.149606 1.732283 0.000000,
        -3.149606 1.417323 0.000000,
        -0.723560 -0.315393 0.000000,
        -0.560919 -0.315393 0.000000,
        -0.523334 -0.425820 0.000000,
        -0.376928 -0.083092 0.000000,
        -0.377339 -0.083454 0.000000,
        -0.405180 -0.114325 0.000000,
        -3.149606 -3.346457 0.000000,
        -2.677559 -2.992126 0.000000,
        -3.149606 -2.992126 0.000000,
        -2.677559 -2.519685 0.000000,
        -2.677559 -1.732283 0.000000,
        -3.149606 -1.732283 0.000000,
        -3.149606 -1.417323 0.000000,
        -2.677559 -1.417323 0.000000,
        -2.677559 -0.944882 0.000000,
        -2.677559 -2.204724 0.000000,
        -3.149606 -2.204724 0.000000,
        -3.149606 -2.519685 0.000000,
        -0.667371 -0.032120 0.000000,
        -2.677559 -0.428221 0.000000,
        -2.677559 -0.629921 0.000000,
        -3.149606 -0.629921 0.000000,
        -3.149606 -0.944882 0.000000,
        -1.417323 2.913386 0.314961,
        -1.417323 2.047244 0.314961,
        -1.141732 3.070866 0.314961,
        -1.141732 1.771654 0.314961,
        3.149606 3.346457 0.314961,
        -3.149606 3.346457 0.314961,
        -2.401575 2.992126 0.314961,
        -3.149606 2.992126 0.314961,
        -2.795276 1.771654 0.314961,
        -2.283465 2.047244 0.314961,
        -2.401575 2.519685 0.314961,
        -2.283465 2.913386 0.314961,
        -3.149606 1.732283 0.314961,
        -3.149606 1.417323 0.314961,
        -2.913780 1.732283 0.314961,
        -2.913780 1.417323 0.314961,
        -3.149606 2.519685 0.314961,
        -3.149606 2.204724 0.314961,
        -2.913780 2.204724 0.314961,
        -2.795276 -2.992126 0.314961,
        -2.913780 0.944882 0.314961,
        2.716535 3.070866 0.314961,
        2.734057 3.068892 0.314961,
        2.750700 3.063069 0.314961,
        2.765629 3.053687 0.314961,
        -2.913780 0.157480 0.314961,
        -3.149606 0.157480 0.314961,
        -3.149606 -0.157480 0.314961,
        -2.913780 -0.157480 0.314961,
        -2.913780 -0.629921 0.314961,
        -2.913780 0.629921 0.314961,
        -3.149606 0.629921 0.314961,
        -3.149606 0.944882 0.314961,
        -3.149606 -0.629921 0.314961,
        -3.149606 -0.944882 0.314961,
        -2.913780 -0.944882 0.314961,
        -2.913780 -1.417323 0.314961,
        -3.149606 -1.417323 0.314961,
        -3.149606 -1.732283 0.314961,
        -2.913780 -1.732283 0.314961,
        -2.913780 -2.204724 0.314961,
        -2.792593 -3.012506 0.314961,
        -2.772213 -3.047804 0.314961,
        -2.784726 -3.031496 0.314961,
        -2.913780 -2.992126 0.314961,
        -2.913780 -2.519685 0.314961,
        -3.149606 -2.519685 0.314961,
        -3.149606 -2.204724 0.314961,
        3.149606 -2.992126 0.314961,
        2.913780 -2.992126 0.314961,
        3.149606 -3.346457 0.314961,
        2.755906 -3.060317 0.314961,
        -3.149606 -3.346457 0.314961,
        -2.736915 -3.068183 0.314961,
        -2.755906 -3.060317 0.314961,
        2.913780 -1.732283 0.314961,
        3.149606 -1.732283 0.314961,
        3.149606 -1.417323 0.314961,
        -3.149606 -2.992126 0.314961,
        2.792593 -3.012506 0.314961,
        2.784726 -3.031496 0.314961,
        2.772213 -3.047804 0.314961,
        2.736915 -3.068183 0.314961,
        2.716535 -3.070866 0.314961,
        -2.716535 -3.070866 0.314961,
        2.795276 -2.992126 0.314961,
        2.913780 -2.519685 0.314961,
        2.795276 2.992126 0.314961,
        2.913780 -1.417323 0.314961,
        2.913780 -0.944882 0.314961,
        3.149606 -2.519685 0.314961,
        3.149606 -2.204724 0.314961,
        2.913780 -2.204724 0.314961,
        2.913780 -0.157480 0.314961,
        3.149606 -0.157480 0.314961,
        3.149606 0.157480 0.314961,
        2.913780 0.157480 0.314961,
        2.913780 0.629921 0.314961,
        2.913780 -0.629921 0.314961,
        3.149606 -0.629921 0.314961,
        3.149606 -0.944882 0.314961,
        2.913780 1.417323 0.314961,
        3.149606 1.417323 0.314961,
        3.149606 1.732283 0.314961,
        2.913780 1.732283 0.314961,
        2.913780 2.204724 0.314961,
        2.913780 0.944882 0.314961,
        3.149606 0.944882 0.314961,
        3.149606 0.629921 0.314961,
        2.778097 3.041220 0.314961,
        2.787478 3.026290 0.314961,
        3.149606 2.992126 0.314961,
        2.793302 3.009648 0.314961,
        2.913780 2.992126 0.314961,
        2.913780 2.519685 0.314961,
        3.149606 2.519685 0.314961,
        3.149606 2.204724 0.314961,
      ]
    }
    coordIndex [
      0, 1, 2, -1,
      2, 3, 0, -1,
      0, 3, 4, -1,
      0, 4, 5, -1,
      6, 1, 7, -1,
      7, 1, 8, -1,
      7, 8, 9, -1,
      10, 11, 12, -1,
      13, 14, 15, -1,
      16, 17, 18, -1,
      19, 20, 6, -1,
      6, 20, 21, -1,
      22, 23, 6, -1,
      6, 23, 24, -1,
      6, 24, 1, -1,
      1, 24, 25, -1,
      1, 25, 2, -1,
      2, 25, 26, -1,
      2, 26, 27, -1,
      27, 26, 28, -1,
      27, 28, 29, -1,
      30, 12, 31, -1,
      31, 12, 11, -1,
      31, 11, 32, -1,
      32, 11, 33, -1,
      29, 34, 27, -1,
      27, 34, 35, -1,
      27, 35, 36, -1,
      37, 38, 27, -1,
      27, 38, 39, -1,
      40, 41, 42, -1,
      42, 41, 43, -1,
      39, 44, 27, -1,
      27, 44, 43, -1,
      27, 43, 45, -1,
      45, 43, 41, -1,
      46, 47, 12, -1,
      36, 48, 27, -1,
      27, 48, 49, -1,
      27, 49, 37, -1,
      50, 51, 52, -1,
      17, 53, 18, -1,
      18, 53, 54, -1,
      18, 54, 55, -1,
      52, 51, 56, -1,
      56, 51, 47, -1,
      56, 47, 57, -1,
      15, 10, 13, -1,
      13, 10, 12, -1,
      13, 12, 21, -1,
      21, 12, 58, -1,
      21, 58, 6, -1,
      6, 58, 18, -1,
      6, 18, 22, -1,
      22, 18, 55, -1,
      52, 59, 50, -1,
      50, 59, 60, -1,
      50, 60, 18, -1,
      18, 60, 61, -1,
      18, 61, 16, -1,
      46, 62, 47, -1,
      47, 62, 63, -1,
      47, 63, 57, -1,
      64, 65, 30, -1,
      30, 65, 66, -1,
      30, 66, 12, -1,
      12, 66, 67, -1,
      12, 67, 46, -1,
      46, 67, 68, -1,
      69, 70, 71, -1,
      72, 73, 74, -1,
      5, 75, 71, -1,
      71, 75, 68, -1,
      71, 68, 76, -1,
      76, 68, 67, -1,
      74, 69, 72, -1,
      72, 69, 71, -1,
      72, 71, 77, -1,
      77, 71, 76, -1,
      77, 76, 78, -1,
      78, 76, 79, -1,
      80, 81, 82, -1,
      82, 81, 71, -1,
      82, 71, 83, -1,
      83, 71, 70, -1,
      83, 70, 84, -1,
      84, 70, 85, -1,
      86, 87, 88, -1,
      89, 90, 91, -1,
      92, 93, 94, -1,
      94, 93, 1, -1,
      95, 96, 97, -1,
      98, 99, 100, -1,
      101, 102, 100, -1,
      100, 102, 86, -1,
      100, 86, 98, -1,
      98, 86, 88, -1,
      91, 103, 89, -1,
      89, 103, 104, -1,
      89, 104, 105, -1,
      95, 94, 106, -1,
      106, 94, 1, -1,
      106, 1, 107, -1,
      107, 1, 0, -1,
      107, 0, 108, -1,
      109, 110, 111, -1,
      112, 113, 94, -1,
      114, 115, 116, -1,
      111, 114, 109, -1,
      109, 114, 116, -1,
      109, 116, 117, -1,
      117, 116, 118, -1,
      117, 118, 119, -1,
      119, 118, 120, -1,
      121, 122, 0, -1,
      97, 99, 95, -1,
      95, 99, 98, -1,
      95, 98, 94, -1,
      94, 98, 123, -1,
      94, 123, 112, -1,
      124, 88, 0, -1,
      0, 88, 87, -1,
      0, 87, 108, -1,
      125, 126, 127, -1,
      127, 126, 128, -1,
      127, 128, 89, -1,
      89, 128, 129, -1,
      89, 129, 90, -1,
      130, 131, 132, -1,
      132, 131, 116, -1,
      132, 116, 133, -1,
      133, 116, 115, -1,
      133, 115, 134, -1,
      134, 115, 135, -1,
      136, 137, 122, -1,
      122, 137, 138, -1,
      122, 138, 0, -1,
      0, 138, 89, -1,
      0, 89, 124, -1,
      124, 89, 105, -1,
      139, 140, 127, -1,
      127, 140, 141, -1,
      127, 141, 125, -1,
      71, 142, 143, -1,
      143, 142, 144, -1,
      5, 71, 0, -1,
      0, 71, 143, -1,
      0, 143, 145, -1,
      146, 147, 148, -1,
      149, 150, 0, -1,
      148, 149, 146, -1,
      146, 149, 0, -1,
      146, 0, 151, -1,
      151, 0, 145, -1,
      151, 145, 152, -1,
      152, 145, 153, -1,
      113, 139, 94, -1,
      94, 139, 127, -1,
      94, 127, 116, -1,
      116, 127, 154, -1,
      116, 154, 118, -1,
      118, 154, 121, -1,
      118, 121, 155, -1,
      155, 121, 0, -1,
      155, 0, 156, -1,
      156, 0, 150, -1,
      156, 150, 157, -1,
      157, 150, 158, -1,
      159, 160, 161, -1,
      161, 160, 162, -1,
      163, 164, 165, -1,
      165, 164, 166, -1,
      162, 160, 167, -1,
      167, 160, 168, -1,
      167, 168, 169, -1,
      169, 168, 170, -1,
      169, 170, 165, -1,
      171, 172, 173, -1,
      173, 172, 174, -1,
      175, 176, 169, -1,
      169, 176, 177, -1,
      169, 177, 167, -1,
      167, 177, 173, -1,
      167, 173, 178, -1,
      178, 173, 174, -1,
      178, 174, 179, -1,
      180, 163, 161, -1,
      161, 163, 165, -1,
      161, 165, 159, -1,
      159, 165, 170, -1,
      180, 181, 163, -1,
      163, 181, 182, -1,
      163, 182, 183, -1,
      184, 185, 186, -1,
      187, 188, 178, -1,
      186, 187, 184, -1,
      184, 187, 178, -1,
      184, 178, 189, -1,
      189, 178, 179, -1,
      189, 179, 190, -1,
      190, 179, 191, -1,
      192, 193, 188, -1,
      188, 193, 194, -1,
      188, 194, 178, -1,
      178, 194, 195, -1,
      196, 197, 195, -1,
      195, 197, 198, -1,
      195, 198, 178, -1,
      178, 198, 199, -1,
      178, 199, 200, -1,
      201, 202, 203, -1,
      203, 202, 200, -1,
      203, 200, 204, -1,
      204, 200, 199, -1,
      204, 199, 205, -1,
      205, 199, 206, -1,
      207, 208, 209, -1,
      209, 208, 210, -1,
      211, 212, 213, -1,
      214, 215, 216, -1,
      201, 203, 213, -1,
      213, 203, 217, -1,
      213, 217, 211, -1,
      218, 219, 208, -1,
      208, 219, 220, -1,
      208, 220, 210, -1,
      210, 221, 209, -1,
      209, 221, 222, -1,
      209, 222, 211, -1,
      211, 222, 223, -1,
      211, 223, 212, -1,
      218, 208, 224, -1,
      224, 208, 225, -1,
      224, 225, 226, -1,
      227, 228, 226, -1,
      229, 230, 225, -1,
      225, 230, 231, -1,
      225, 231, 226, -1,
      226, 231, 214, -1,
      226, 214, 227, -1,
      227, 214, 216, -1,
      232, 233, 234, -1,
      235, 236, 226, -1,
      234, 235, 232, -1,
      232, 235, 226, -1,
      232, 226, 237, -1,
      237, 226, 228, -1,
      237, 228, 238, -1,
      238, 228, 239, -1,
      240, 241, 242, -1,
      243, 244, 226, -1,
      242, 243, 240, -1,
      240, 243, 226, -1,
      240, 226, 245, -1,
      245, 226, 236, -1,
      245, 236, 246, -1,
      246, 236, 247, -1,
      183, 248, 163, -1,
      163, 248, 249, -1,
      163, 249, 250, -1,
      250, 249, 251, -1,
      250, 251, 252, -1,
      252, 251, 226, -1,
      252, 226, 253, -1,
      253, 226, 244, -1,
      253, 244, 254, -1,
      254, 244, 255, -1,
      85, 230, 84, -1,
      84, 230, 229, -1,
      209, 81, 207, -1,
      207, 81, 80, -1,
      73, 216, 74, -1,
      74, 216, 215, -1,
      79, 238, 78, -1,
      78, 238, 239, -1,
      64, 234, 65, -1,
      65, 234, 233, -1,
      33, 246, 32, -1,
      32, 246, 247, -1,
      14, 242, 15, -1,
      15, 242, 241, -1,
      19, 254, 20, -1,
      20, 254, 255, -1,
      8, 163, 9, -1,
      9, 163, 250, -1,
      176, 175, 130, -1,
      130, 175, 131, -1,
      172, 171, 135, -1,
      135, 171, 134, -1,
      190, 191, 110, -1,
      110, 191, 111, -1,
      186, 185, 120, -1,
      120, 185, 119, -1,
      193, 192, 158, -1,
      158, 192, 157, -1,
      197, 196, 147, -1,
      147, 196, 148, -1,
      205, 206, 153, -1,
      153, 206, 152, -1,
      166, 164, 92, -1,
      92, 164, 93, -1,
    ]
  }
}

Shape {
  appearance Appearance {
    material Material {
      diffuseColor 0.6667 0.6667 0.6667
      specularColor 0.4667 0.4667 0.4667
      ambientIntensity 0.2
      transparency 0.0000
      shininess 0.5
    }
  }
  geometry IndexedFaceSet {
    ccw TRUE
    solid FALSE
    coord DEF co Coordinate {
      point [
        -1.141732 3.070866 0.314961,
        -2.795276 1.771654 0.314961,
        -2.795276 -2.992126 0.314961,
        2.716535 3.070866 0.314961,
        2.716535 3.070866 0.866142,
        -1.141732 3.070866 0.866142,
        -2.795276 -2.992126 0.866142,
        -2.795276 1.771654 0.866142,
        -2.716535 1.771654 0.944882,
        -2.716535 -2.992126 0.944882,
        -1.141732 1.771654 0.944882,
        2.716535 -2.992126 0.944882,
        -1.141732 2.992126 0.944882,
        2.716535 2.992126 0.944882,
        -1.141732 3.068183 0.886521,
        2.716535 3.068183 0.886521,
        -1.141732 3.060317 0.905512,
        2.716535 3.060317 0.905512,
        -1.141732 3.047804 0.921819,
        2.716535 3.047804 0.921819,
        -1.141732 3.031496 0.934333,
        2.716535 3.031496 0.934333,
        -1.141732 3.012506 0.942199,
        2.716535 3.012506 0.942199,
        -2.792593 -2.992126 0.886521,
        -2.792593 1.771654 0.886521,
        -2.784726 -2.992126 0.905512,
        -2.784726 1.771654 0.905512,
        -2.772213 -2.992126 0.921819,
        -2.772213 1.771654 0.921819,
        -2.755906 -2.992126 0.934333,
        -2.755906 1.771654 0.934333,
        -2.736915 -2.992126 0.942199,
        -2.736915 1.771654 0.942199,
      ]
    }
    coordIndex [
      4, 3, 5, -1,
      5, 3, 0, -1,
      2, 6, 1, -1,
      1, 6, 7, -1,
      8, 9, 10, -1,
      10, 9, 11, -1,
      10, 11, 12, -1,
      12, 11, 13, -1,
      4, 5, 14, -1,
      4, 14, 15, -1,
      15, 14, 16, -1,
      15, 16, 17, -1,
      17, 16, 18, -1,
      17, 18, 19, -1,
      19, 18, 20, -1,
      19, 20, 21, -1,
      21, 20, 22, -1,
      21, 22, 23, -1,
      23, 22, 12, -1,
      23, 12, 13, -1,
      7, 6, 24, -1,
      7, 24, 25, -1,
      25, 24, 26, -1,
      25, 26, 27, -1,
      27, 26, 28, -1,
      27, 28, 29, -1,
      29, 28, 30, -1,
      29, 30, 31, -1,
      31, 30, 32, -1,
      31, 32, 33, -1,
      33, 32, 9, -1,
      33, 9, 8, -1,
    ]
  }
}

Shape {
  appearance Appearance {
    material Material {
      diffuseColor 0.2078 0.2078 0.2078
      specularColor 0.0157 0.0157 0.0157
      ambientIntensity 0.2
      transparency 0.0000
      shininess 0.5
    }
  }
  geometry IndexedFaceSet {
    ccw TRUE
    solid FALSE
    coord DEF co Coordinate {
      point [
        3.149606 3.346457 0.000000,
        3.149606 -3.346457 0.000000,
        -3.149606 3.346457 0.000000,
        -3.149606 -3.346457 0.000000,
        -3.149606 -2.992126 0.000000,
        3.149606 3.346457 0.314961,
        -3.149606 3.346457 0.314961,
        3.149606 -3.346457 0.314961,
        -3.149606 -3.346457 0.314961,
        -3.149606 -2.992126 0.314961,
      ]
    }
    coordIndex [
      6, 5, 2, -1,
      2, 5, 0, -1,
      4, 3, 9, -1,
      9, 3, 8, -1,
      7, 8, 1, -1,
      1, 8, 3, -1,
    ]
  }
}

Shape {
  appearance Appearance {
    material Material {
      diffuseColor 0.6667 0.6667 0.6667
      specularColor 0.4667 0.4667 0.4667
      ambientIntensity 0.2
      transparency 0.0000
      shininess 0.5
    }
  }
  geometry IndexedFaceSet {
    ccw TRUE
    solid FALSE
    coord DEF co Coordinate {
      point [
        -1.141732 3.070866 0.314961,
        -1.141732 1.771654 0.314961,
        -2.795276 1.771654 0.314961,
        -2.795276 -2.992126 0.314961,
        2.716535 3.070866 0.314961,
        2.734057 3.068892 0.314961,
        2.750700 3.063069 0.314961,
        2.765629 3.053687 0.314961,
        -2.792593 -3.012506 0.314961,
        -2.772213 -3.047804 0.314961,
        -2.784726 -3.031496 0.314961,
        2.755906 -3.060317 0.314961,
        -2.736915 -3.068183 0.314961,
        -2.755906 -3.060317 0.314961,
        2.792593 -3.012506 0.314961,
        2.784726 -3.031496 0.314961,
        2.772213 -3.047804 0.314961,
        2.736915 -3.068183 0.314961,
        2.716535 -3.070866 0.314961,
        -2.716535 -3.070866 0.314961,
        2.795276 -2.992126 0.314961,
        2.795276 2.992126 0.314961,
        2.778097 3.041220 0.314961,
        2.787478 3.026290 0.314961,
        2.793302 3.009648 0.314961,
        2.716535 3.070866 0.866142,
        -1.141732 3.070866 0.866142,
        -2.795276 -2.992126 0.866142,
        -2.795276 1.771654 0.866142,
        -2.716535 1.771654 0.944882,
        -2.716535 -2.992126 0.944882,
        -1.141732 1.771654 0.944882,
        2.716535 -2.992126 0.944882,
        -1.141732 2.992126 0.944882,
        2.716535 2.992126 0.944882,
        -1.141732 3.068183 0.886521,
        2.716535 3.068183 0.886521,
        -1.141732 3.060317 0.905512,
        2.716535 3.060317 0.905512,
        -1.141732 3.047804 0.921819,
        2.716535 3.047804 0.921819,
        -1.141732 3.031496 0.934333,
        2.716535 3.031496 0.934333,
        -1.141732 3.012506 0.942199,
        2.716535 3.012506 0.942199,
        -2.792593 -2.992126 0.886521,
        -2.792593 1.771654 0.886521,
        -2.784726 -2.992126 0.905512,
        -2.784726 1.771654 0.905512,
        -2.772213 -2.992126 0.921819,
        -2.772213 1.771654 0.921819,
        -2.755906 -2.992126 0.934333,
        -2.755906 1.771654 0.934333,
        -2.736915 -2.992126 0.942199,
        -2.736915 1.771654 0.942199,
        2.795276 -2.992126 0.866142,
        2.795276 2.992126 0.866142,
        -2.716535 -3.070866 0.866142,
        2.716535 -3.070866 0.866142,
        2.792974 3.009604 0.866142,
        2.792593 3.012506 0.866142,
        2.786970 3.026080 0.866142,
        2.784726 3.031496 0.866142,
        2.777574 3.040818 0.866142,
        2.772213 3.047804 0.866142,
        2.765228 3.053164 0.866142,
        2.755906 3.060317 0.866142,
        2.750489 3.062560 0.866142,
        2.736915 3.068183 0.866142,
        2.734014 3.068565 0.866142,
        2.790001 3.011811 0.886521,
        2.782403 3.030155 0.886521,
        2.770316 3.045906 0.886521,
        2.754564 3.057993 0.886521,
        2.736220 3.065591 0.886521,
        2.734185 3.057993 0.905512,
        2.730946 3.045906 0.921819,
        2.726725 3.030155 0.934333,
        2.721810 3.011811 0.942199,
        2.750631 3.051181 0.905512,
        2.744374 3.040344 0.921819,
        2.736220 3.026222 0.934333,
        2.726725 3.009775 0.942199,
        2.764754 3.040344 0.905512,
        2.755906 3.031496 0.921819,
        2.744374 3.019965 0.934333,
        2.730946 3.006536 0.942199,
        2.775591 3.026222 0.905512,
        2.764754 3.019965 0.921819,
        2.750631 3.011811 0.934333,
        2.734185 3.002316 0.942199,
        2.782403 3.009775 0.905512,
        2.770316 3.006536 0.921819,
        2.754564 3.002316 0.934333,
        2.736220 2.997401 0.942199,
        2.792593 2.992126 0.886521,
        2.784726 2.992126 0.905512,
        2.772213 2.992126 0.921819,
        2.755906 2.992126 0.934333,
        2.736915 2.992126 0.942199,
        -2.792593 -3.012506 0.866142,
        -2.784726 -3.031496 0.866142,
        -2.772213 -3.047804 0.866142,
        -2.755906 -3.060317 0.866142,
        -2.736915 -3.068183 0.866142,
        2.792593 -2.992126 0.886521,
        2.784726 -2.992126 0.905512,
        2.772213 -2.992126 0.921819,
        2.755906 -2.992126 0.934333,
        2.736915 -2.992126 0.942199,
        2.736915 -3.068183 0.866142,
        2.755906 -3.060317 0.866142,
        2.772213 -3.047804 0.866142,
        2.784726 -3.031496 0.866142,
        2.792593 -3.012506 0.866142,
        -2.716535 -3.068183 0.886521,
        -2.736220 -3.065591 0.886521,
        -2.736220 -3.026222 0.934333,
        -2.726725 -3.009775 0.942199,
        -2.730946 -3.006536 0.942199,
        -2.736220 -2.997401 0.942199,
        -2.721810 -3.011811 0.942199,
        -2.726725 -3.030155 0.934333,
        -2.730946 -3.045906 0.921819,
        -2.716535 -3.012506 0.942199,
        -2.744374 -3.019965 0.934333,
        -2.734185 -3.002316 0.942199,
        -2.750631 -3.011811 0.934333,
        -2.754564 -3.002316 0.934333,
        -2.716535 -3.031496 0.934333,
        -2.716535 -3.047804 0.921819,
        -2.716535 -3.060317 0.905512,
        -2.744374 -3.040344 0.921819,
        -2.755906 -3.031496 0.921819,
        -2.764754 -3.019965 0.921819,
        -2.770316 -3.006536 0.921819,
        -2.734185 -3.057993 0.905512,
        -2.750631 -3.051181 0.905512,
        -2.764754 -3.040344 0.905512,
        -2.775591 -3.026222 0.905512,
        -2.782403 -3.009775 0.905512,
        -2.754564 -3.057993 0.886521,
        -2.770316 -3.045906 0.886521,
        -2.782403 -3.030155 0.886521,
        -2.790001 -3.011811 0.886521,
        2.790001 -3.011811 0.886521,
        2.750631 -3.011811 0.934333,
        2.734185 -3.002316 0.942199,
        2.730946 -3.006536 0.942199,
        2.716535 -3.012506 0.942199,
        2.721810 -3.011811 0.942199,
        2.736220 -2.997401 0.942199,
        2.754564 -3.002316 0.934333,
        2.770316 -3.006536 0.921819,
        2.744374 -3.019965 0.934333,
        2.726725 -3.009775 0.942199,
        2.736220 -3.026222 0.934333,
        2.726725 -3.030155 0.934333,
        2.716535 -3.031496 0.934333,
        2.764754 -3.019965 0.921819,
        2.755906 -3.031496 0.921819,
        2.744374 -3.040344 0.921819,
        2.730946 -3.045906 0.921819,
        2.716535 -3.047804 0.921819,
        2.782403 -3.009775 0.905512,
        2.775591 -3.026222 0.905512,
        2.764754 -3.040344 0.905512,
        2.750631 -3.051181 0.905512,
        2.734185 -3.057993 0.905512,
        2.716535 -3.060317 0.905512,
        2.782403 -3.030155 0.886521,
        2.770316 -3.045906 0.886521,
        2.754564 -3.057993 0.886521,
        2.736220 -3.065591 0.886521,
        2.716535 -3.068183 0.886521,
      ]
    }
    coordIndex [
      20, 21, 55, -1,
      55, 21, 56, -1,
      19, 18, 57, -1,
      57, 18, 58, -1,
      21, 24, 56, -1,
      56, 24, 59, -1,
      59, 24, 60, -1,
      60, 24, 23, -1,
      60, 23, 61, -1,
      61, 23, 62, -1,
      62, 23, 22, -1,
      62, 22, 63, -1,
      63, 22, 64, -1,
      64, 22, 7, -1,
      64, 7, 65, -1,
      65, 7, 66, -1,
      66, 7, 6, -1,
      66, 6, 67, -1,
      67, 6, 68, -1,
      68, 6, 5, -1,
      68, 5, 69, -1,
      69, 5, 4, -1,
      69, 4, 25, -1,
      59, 60, 70, -1,
      61, 62, 71, -1,
      63, 64, 72, -1,
      65, 66, 73, -1,
      67, 68, 74, -1,
      69, 25, 36, -1,
      68, 69, 74, -1,
      74, 69, 36, -1,
      74, 36, 75, -1,
      75, 36, 38, -1,
      75, 38, 76, -1,
      76, 38, 40, -1,
      76, 40, 77, -1,
      77, 40, 42, -1,
      77, 42, 78, -1,
      78, 42, 44, -1,
      78, 44, 34, -1,
      66, 67, 73, -1,
      73, 67, 74, -1,
      73, 74, 79, -1,
      79, 74, 75, -1,
      79, 75, 80, -1,
      80, 75, 76, -1,
      80, 76, 81, -1,
      81, 76, 77, -1,
      81, 77, 82, -1,
      82, 77, 78, -1,
      82, 78, 34, -1,
      64, 65, 72, -1,
      72, 65, 73, -1,
      72, 73, 83, -1,
      83, 73, 79, -1,
      83, 79, 84, -1,
      84, 79, 80, -1,
      84, 80, 85, -1,
      85, 80, 81, -1,
      85, 81, 86, -1,
      86, 81, 82, -1,
      86, 82, 34, -1,
      62, 63, 71, -1,
      71, 63, 72, -1,
      71, 72, 87, -1,
      87, 72, 83, -1,
      87, 83, 88, -1,
      88, 83, 84, -1,
      88, 84, 89, -1,
      89, 84, 85, -1,
      89, 85, 90, -1,
      90, 85, 86, -1,
      90, 86, 34, -1,
      60, 61, 70, -1,
      70, 61, 71, -1,
      70, 71, 91, -1,
      91, 71, 87, -1,
      91, 87, 92, -1,
      92, 87, 88, -1,
      92, 88, 93, -1,
      93, 88, 89, -1,
      93, 89, 94, -1,
      94, 89, 90, -1,
      94, 90, 34, -1,
      56, 59, 95, -1,
      95, 59, 70, -1,
      95, 70, 96, -1,
      96, 70, 91, -1,
      96, 91, 97, -1,
      97, 91, 92, -1,
      97, 92, 98, -1,
      98, 92, 93, -1,
      98, 93, 99, -1,
      99, 93, 94, -1,
      99, 94, 34, -1,
      27, 3, 8, -1,
      27, 8, 100, -1,
      100, 8, 10, -1,
      100, 10, 101, -1,
      101, 10, 9, -1,
      101, 9, 102, -1,
      102, 9, 13, -1,
      102, 13, 103, -1,
      103, 13, 12, -1,
      103, 12, 104, -1,
      104, 12, 19, -1,
      104, 19, 57, -1,
      55, 56, 95, -1,
      55, 95, 105, -1,
      105, 95, 96, -1,
      105, 96, 106, -1,
      106, 96, 97, -1,
      106, 97, 107, -1,
      107, 97, 98, -1,
      107, 98, 108, -1,
      108, 98, 99, -1,
      108, 99, 109, -1,
      109, 99, 34, -1,
      109, 34, 32, -1,
      58, 18, 17, -1,
      58, 17, 110, -1,
      110, 17, 11, -1,
      110, 11, 111, -1,
      111, 11, 16, -1,
      111, 16, 112, -1,
      112, 16, 15, -1,
      112, 15, 113, -1,
      113, 15, 14, -1,
      113, 14, 114, -1,
      114, 14, 20, -1,
      114, 20, 55, -1,
      57, 115, 116, -1,
      117, 118, 119, -1,
      30, 53, 120, -1,
      119, 118, 30, -1,
      121, 30, 118, -1,
      121, 118, 122, -1,
      122, 118, 117, -1,
      122, 117, 123, -1,
      124, 30, 121, -1,
      125, 126, 127, -1,
      127, 126, 120, -1,
      127, 120, 128, -1,
      128, 120, 53, -1,
      128, 53, 51, -1,
      124, 121, 129, -1,
      129, 121, 122, -1,
      129, 122, 130, -1,
      130, 122, 123, -1,
      130, 123, 131, -1,
      132, 125, 133, -1,
      133, 125, 127, -1,
      133, 127, 134, -1,
      134, 127, 128, -1,
      134, 128, 135, -1,
      135, 128, 51, -1,
      135, 51, 49, -1,
      136, 132, 137, -1,
      137, 132, 133, -1,
      137, 133, 138, -1,
      138, 133, 134, -1,
      138, 134, 139, -1,
      139, 134, 135, -1,
      139, 135, 140, -1,
      140, 135, 49, -1,
      140, 49, 47, -1,
      115, 136, 116, -1,
      116, 136, 137, -1,
      116, 137, 141, -1,
      141, 137, 138, -1,
      141, 138, 142, -1,
      142, 138, 139, -1,
      142, 139, 143, -1,
      143, 139, 140, -1,
      143, 140, 144, -1,
      144, 140, 47, -1,
      144, 47, 45, -1,
      57, 116, 104, -1,
      104, 116, 141, -1,
      104, 141, 103, -1,
      103, 141, 142, -1,
      103, 142, 102, -1,
      102, 142, 143, -1,
      102, 143, 101, -1,
      101, 143, 144, -1,
      101, 144, 100, -1,
      100, 144, 45, -1,
      100, 45, 27, -1,
      126, 30, 120, -1,
      115, 131, 136, -1,
      136, 131, 123, -1,
      136, 123, 132, -1,
      132, 123, 117, -1,
      132, 117, 125, -1,
      125, 117, 119, -1,
      125, 119, 126, -1,
      126, 119, 30, -1,
      55, 105, 145, -1,
      146, 147, 148, -1,
      32, 149, 150, -1,
      148, 147, 32, -1,
      151, 32, 147, -1,
      151, 147, 152, -1,
      152, 147, 146, -1,
      152, 146, 153, -1,
      109, 32, 151, -1,
      154, 155, 156, -1,
      156, 155, 150, -1,
      156, 150, 157, -1,
      157, 150, 149, -1,
      157, 149, 158, -1,
      109, 151, 108, -1,
      108, 151, 152, -1,
      108, 152, 107, -1,
      107, 152, 153, -1,
      107, 153, 106, -1,
      159, 154, 160, -1,
      160, 154, 156, -1,
      160, 156, 161, -1,
      161, 156, 157, -1,
      161, 157, 162, -1,
      162, 157, 158, -1,
      162, 158, 163, -1,
      164, 159, 165, -1,
      165, 159, 160, -1,
      165, 160, 166, -1,
      166, 160, 161, -1,
      166, 161, 167, -1,
      167, 161, 162, -1,
      167, 162, 168, -1,
      168, 162, 163, -1,
      168, 163, 169, -1,
      105, 164, 145, -1,
      145, 164, 165, -1,
      145, 165, 170, -1,
      170, 165, 166, -1,
      170, 166, 171, -1,
      171, 166, 167, -1,
      171, 167, 172, -1,
      172, 167, 168, -1,
      172, 168, 173, -1,
      173, 168, 169, -1,
      173, 169, 174, -1,
      55, 145, 114, -1,
      114, 145, 170, -1,
      114, 170, 113, -1,
      113, 170, 171, -1,
      113, 171, 112, -1,
      112, 171, 172, -1,
      112, 172, 111, -1,
      111, 172, 173, -1,
      111, 173, 110, -1,
      110, 173, 174, -1,
      110, 174, 58, -1,
      155, 32, 150, -1,
      105, 106, 164, -1,
      164, 106, 153, -1,
      164, 153, 159, -1,
      159, 153, 146, -1,
      159, 146, 154, -1,
      154, 146, 148, -1,
      154, 148, 155, -1,
      155, 148, 32, -1,
      57, 58, 174, -1,
      57, 174, 115, -1,
      115, 174, 169, -1,
      115, 169, 131, -1,
      131, 169, 163, -1,
      131, 163, 130, -1,
      130, 163, 158, -1,
      130, 158, 129, -1,
      129, 158, 149, -1,
      129, 149, 124, -1,
      124, 149, 32, -1,
      124, 32, 30, -1,
      1, 31, 0, -1,
      0, 31, 33, -1,
      0, 33, 26, -1,
      41, 39, 37, -1,
      33, 43, 26, -1,
      26, 43, 41, -1,
      26, 41, 35, -1,
      35, 41, 37, -1,
      1, 2, 31, -1,
      31, 2, 28, -1,
      31, 28, 29, -1,
      48, 50, 52, -1,
      28, 46, 29, -1,
      29, 46, 48, -1,
      29, 48, 54, -1,
      54, 48, 52, -1,
    ]
  }
}

Shape {
  appearance Appearance {
    material Material {
      diffuseColor 0.8275 0.6667 0.1294
      specularColor 0.8275 0.6667 0.1294
      ambientIntensity 0.2
      transparency 0.0000
      shininess 0.5
    }
  }
  geometry IndexedFaceSet {
    ccw TRUE
    solid FALSE
    coord DEF co Coordinate {
      point [
        -3.149606 2.992126 0.000000,
        -2.401575 2.992126 0.000000,
        -2.677559 0.629921 0.000000,
        -3.149606 0.629921 0.000000,
        -3.149606 0.944882 0.000000,
        -2.677559 0.944882 0.000000,
        -2.677559 1.417323 0.000000,
        -2.401575 2.519685 0.000000,
        -2.677559 0.157480 0.000000,
        -2.677559 -0.157480 0.000000,
        -3.149606 0.157480 0.000000,
        -3.149606 -0.157480 0.000000,
        -3.149606 2.204724 0.000000,
        -3.149606 2.519685 0.000000,
        -2.677559 2.204724 0.000000,
        -2.677559 1.732283 0.000000,
        -3.149606 1.732283 0.000000,
        -3.149606 1.417323 0.000000,
        -3.149606 -1.417323 0.000000,
        -2.677559 -1.417323 0.000000,
        -2.677559 -0.944882 0.000000,
        -2.677559 -0.629921 0.000000,
        -3.149606 -0.629921 0.000000,
        -3.149606 -0.944882 0.000000,
        -2.401575 2.992126 0.314961,
        -3.149606 2.992126 0.314961,
        -2.401575 2.519685 0.314961,
        -3.149606 1.732283 0.314961,
        -3.149606 1.417323 0.314961,
        -2.913780 1.732283 0.314961,
        -2.913780 1.417323 0.314961,
        -3.149606 2.519685 0.314961,
        -3.149606 2.204724 0.314961,
        -2.913780 2.204724 0.314961,
        -2.913780 0.944882 0.314961,
        -2.913780 0.157480 0.314961,
        -3.149606 0.157480 0.314961,
        -3.149606 -0.157480 0.314961,
        -2.913780 -0.157480 0.314961,
        -2.913780 -0.629921 0.314961,
        -2.913780 0.629921 0.314961,
        -3.149606 0.629921 0.314961,
        -3.149606 0.944882 0.314961,
        -3.149606 -0.629921 0.314961,
        -3.149606 -0.944882 0.314961,
        -2.913780 -0.944882 0.314961,
        -2.913780 -1.417323 0.314961,
        -3.149606 -1.417323 0.314961,
        -2.401575 2.992126 -0.003937,
        -3.150000 2.992126 -0.003937,
        -3.150000 2.992126 0.318898,
        -2.401575 2.992126 0.318898,
        -2.401575 2.519685 0.318898,
        -3.150000 2.519685 0.318898,
        -3.150000 2.519685 -0.003937,
        -2.401575 2.519685 -0.003937,
        -3.149606 2.874016 0.318898,
        -3.150000 2.874016 0.318898,
        -3.149606 2.874016 -0.003937,
        -3.150000 2.874016 -0.003937,
        -3.150000 2.637795 0.318898,
        -3.150000 2.637795 -0.003937,
        -3.149606 2.637795 0.318898,
        -3.149606 2.637795 -0.003937,
        -2.844488 2.602476 -0.003937,
        -2.801759 2.584777 -0.003937,
        -3.066090 2.672389 -0.003937,
        -2.844488 2.909335 -0.003937,
        -2.881180 2.881180 -0.003937,
        -3.090551 2.653619 -0.003937,
        -2.667323 2.602476 -0.003937,
        -2.630631 2.630631 -0.003937,
        -2.602476 2.667323 -0.003937,
        -2.602476 2.844488 -0.003937,
        -2.630631 2.881180 -0.003937,
        -2.667323 2.909335 -0.003937,
        -2.584777 2.710052 -0.003937,
        -2.578740 2.755906 -0.003937,
        -2.584777 2.801759 -0.003937,
        -2.710052 2.927034 -0.003937,
        -2.755906 2.933071 -0.003937,
        -2.801759 2.927034 -0.003937,
        -3.035520 2.786474 -0.003937,
        -3.047320 2.814961 -0.003937,
        -2.927034 2.801759 -0.003937,
        -3.066090 2.839422 -0.003937,
        -2.909335 2.844488 -0.003937,
        -3.090551 2.858192 -0.003937,
        -3.119037 2.869991 -0.003937,
        -3.031496 2.755906 -0.003937,
        -2.933071 2.755906 -0.003937,
        -3.035520 2.725336 -0.003937,
        -2.927034 2.710052 -0.003937,
        -3.047320 2.696850 -0.003937,
        -2.909335 2.667323 -0.003937,
        -2.881180 2.630631 -0.003937,
        -3.119037 2.641820 -0.003937,
        -2.755906 2.578740 -0.003937,
        -2.710052 2.584777 -0.003937,
        -2.667323 2.909335 0.318898,
        -2.630631 2.881180 0.318898,
        -2.578740 2.755906 0.318898,
        -2.584777 2.710052 0.318898,
        -2.602476 2.844488 0.318898,
        -2.584777 2.801759 0.318898,
        -2.801759 2.584777 0.318898,
        -3.066090 2.672389 0.318898,
        -3.090551 2.653619 0.318898,
        -2.881180 2.881180 0.318898,
        -2.844488 2.909335 0.318898,
        -3.119037 2.869991 0.318898,
        -2.602476 2.667323 0.318898,
        -2.630631 2.630631 0.318898,
        -2.667323 2.602476 0.318898,
        -2.801759 2.927034 0.318898,
        -2.755906 2.933071 0.318898,
        -2.710052 2.927034 0.318898,
        -2.844488 2.602476 0.318898,
        -2.881180 2.630631 0.318898,
        -2.909335 2.667323 0.318898,
        -3.090551 2.858192 0.318898,
        -3.066090 2.839422 0.318898,
        -2.909335 2.844488 0.318898,
        -2.927034 2.801759 0.318898,
        -3.047320 2.814961 0.318898,
        -3.035520 2.786474 0.318898,
        -2.933071 2.755906 0.318898,
        -3.031496 2.755906 0.318898,
        -2.927034 2.710052 0.318898,
        -3.035520 2.725336 0.318898,
        -3.047320 2.696850 0.318898,
        -3.119037 2.641820 0.318898,
        -2.755906 2.578740 0.318898,
        -2.710052 2.584777 0.318898,
        -2.677559 2.204724 -0.003937,
        -3.150000 2.204724 -0.003937,
        -3.150000 2.204724 0.318898,
        -2.913780 2.204724 0.318898,
        -2.913780 1.732283 0.318898,
        -3.150000 1.732283 0.318898,
        -3.150000 1.732283 -0.003937,
        -2.677559 1.732283 -0.003937,
        -3.149606 2.086614 0.318898,
        -3.150000 2.086614 0.318898,
        -3.149606 2.086614 -0.003937,
        -3.150000 2.086614 -0.003937,
        -3.150000 1.850394 0.318898,
        -3.150000 1.850394 -0.003937,
        -3.149606 1.850394 0.318898,
        -3.149606 1.850394 -0.003937,
        -3.119037 1.854418 -0.003937,
        -3.090551 1.866217 -0.003937,
        -3.066090 1.884987 -0.003937,
        -3.047320 1.909449 -0.003937,
        -3.035520 1.937935 -0.003937,
        -3.031496 1.968504 -0.003937,
        -3.035520 1.999073 -0.003937,
        -3.047320 2.027559 -0.003937,
        -3.066090 2.052020 -0.003937,
        -3.090551 2.070791 -0.003937,
        -3.119037 2.082590 -0.003937,
        -3.119037 2.082590 0.318898,
        -3.090551 2.070791 0.318898,
        -3.066090 2.052020 0.318898,
        -3.047320 2.027559 0.318898,
        -3.035520 1.999073 0.318898,
        -3.031496 1.968504 0.318898,
        -3.035520 1.937935 0.318898,
        -3.047320 1.909449 0.318898,
        -3.066090 1.884987 0.318898,
        -3.090551 1.866217 0.318898,
        -3.119037 1.854418 0.318898,
        -2.677559 1.417323 -0.003937,
        -3.150000 1.417323 -0.003937,
        -3.150000 1.417323 0.318898,
        -2.913780 1.417323 0.318898,
        -2.913780 0.944882 0.318898,
        -3.150000 0.944882 0.318898,
        -3.150000 0.944882 -0.003937,
        -2.677559 0.944882 -0.003937,
        -3.149606 1.299213 0.318898,
        -3.150000 1.299213 0.318898,
        -3.149606 1.299213 -0.003937,
        -3.150000 1.299213 -0.003937,
        -3.150000 1.062992 0.318898,
        -3.150000 1.062992 -0.003937,
        -3.149606 1.062992 0.318898,
        -3.149606 1.062992 -0.003937,
        -3.066090 1.097586 -0.003937,
        -3.047320 1.122047 -0.003937,
        -3.119037 1.067017 -0.003937,
        -3.090551 1.078816 -0.003937,
        -3.035520 1.150533 -0.003937,
        -3.031496 1.181102 -0.003937,
        -3.035520 1.211672 -0.003937,
        -3.047320 1.240157 -0.003937,
        -3.066090 1.264619 -0.003937,
        -3.090551 1.283389 -0.003937,
        -3.119037 1.295188 -0.003937,
        -3.035520 1.150533 0.318898,
        -3.047320 1.122047 0.318898,
        -3.119037 1.295188 0.318898,
        -3.090551 1.283389 0.318898,
        -3.066090 1.264619 0.318898,
        -3.047320 1.240157 0.318898,
        -3.035520 1.211672 0.318898,
        -3.031496 1.181102 0.318898,
        -3.066090 1.097586 0.318898,
        -3.090551 1.078816 0.318898,
        -3.119037 1.067017 0.318898,
        -2.677559 0.629921 -0.003937,
        -3.150000 0.629921 -0.003937,
        -3.150000 0.629921 0.318898,
        -2.913780 0.629921 0.318898,
        -2.913780 0.157480 0.318898,
        -3.150000 0.157480 0.318898,
        -3.150000 0.157480 -0.003937,
        -2.677559 0.157480 -0.003937,
        -3.149606 0.511811 0.318898,
        -3.150000 0.511811 0.318898,
        -3.149606 0.511811 -0.003937,
        -3.150000 0.511811 -0.003937,
        -3.150000 0.275591 0.318898,
        -3.150000 0.275591 -0.003937,
        -3.149606 0.275591 0.318898,
        -3.149606 0.275591 -0.003937,
        -3.066090 0.310184 -0.003937,
        -3.047320 0.334646 -0.003937,
        -3.119037 0.279615 -0.003937,
        -3.090551 0.291414 -0.003937,
        -3.047320 0.452756 -0.003937,
        -3.066090 0.477217 -0.003937,
        -3.090551 0.495987 -0.003937,
        -3.119037 0.507787 -0.003937,
        -3.035520 0.363131 -0.003937,
        -3.031496 0.393701 -0.003937,
        -3.035520 0.424270 -0.003937,
        -3.035520 0.363131 0.318898,
        -3.047320 0.334646 0.318898,
        -3.066090 0.310184 0.318898,
        -3.090551 0.291414 0.318898,
        -3.119037 0.279615 0.318898,
        -3.119037 0.507787 0.318898,
        -3.090551 0.495987 0.318898,
        -3.066090 0.477217 0.318898,
        -3.047320 0.452756 0.318898,
        -3.035520 0.424270 0.318898,
        -3.031496 0.393701 0.318898,
        -2.677559 -0.157480 -0.003937,
        -3.150000 -0.157480 -0.003937,
        -3.150000 -0.157480 0.318898,
        -2.913780 -0.157480 0.318898,
        -2.913780 -0.629921 0.318898,
        -3.150000 -0.629921 0.318898,
        -3.150000 -0.629921 -0.003937,
        -2.677559 -0.629921 -0.003937,
        -3.149606 -0.275591 0.318898,
        -3.150000 -0.275591 0.318898,
        -3.149606 -0.275591 -0.003937,
        -3.150000 -0.275591 -0.003937,
        -3.150000 -0.511811 0.318898,
        -3.150000 -0.511811 -0.003937,
        -3.149606 -0.511811 0.318898,
        -3.149606 -0.511811 -0.003937,
        -3.066090 -0.477217 -0.003937,
        -3.047320 -0.452756 -0.003937,
        -3.119037 -0.507787 -0.003937,
        -3.090551 -0.495987 -0.003937,
        -3.047320 -0.334646 -0.003937,
        -3.066090 -0.310184 -0.003937,
        -3.090551 -0.291414 -0.003937,
        -3.119037 -0.279615 -0.003937,
        -3.035520 -0.424270 -0.003937,
        -3.031496 -0.393701 -0.003937,
        -3.035520 -0.363131 -0.003937,
        -3.035520 -0.424270 0.318898,
        -3.047320 -0.452756 0.318898,
        -3.066090 -0.477217 0.318898,
        -3.090551 -0.495987 0.318898,
        -3.119037 -0.507787 0.318898,
        -3.119037 -0.279615 0.318898,
        -3.090551 -0.291414 0.318898,
        -3.066090 -0.310184 0.318898,
        -3.047320 -0.334646 0.318898,
        -3.035520 -0.363131 0.318898,
        -3.031496 -0.393701 0.318898,
        -2.677559 -0.944882 -0.003937,
        -3.150000 -0.944882 -0.003937,
        -3.150000 -0.944882 0.318898,
        -2.913780 -0.944882 0.318898,
        -2.913780 -1.417323 0.318898,
        -3.150000 -1.417323 0.318898,
        -3.150000 -1.417323 -0.003937,
        -2.677559 -1.417323 -0.003937,
        -3.149606 -1.062992 0.318898,
        -3.150000 -1.062992 0.318898,
        -3.149606 -1.062992 -0.003937,
        -3.150000 -1.062992 -0.003937,
        -3.150000 -1.299213 0.318898,
        -3.150000 -1.299213 -0.003937,
      ]
    }
    coordIndex [
      1, 48, 0, -1,
      0, 48, 49, -1,
      0, 49, 25, -1,
      25, 49, 50, -1,
      25, 50, 24, -1,
      24, 50, 51, -1,
      26, 52, 31, -1,
      31, 52, 53, -1,
      31, 53, 13, -1,
      13, 53, 54, -1,
      13, 54, 7, -1,
      7, 54, 55, -1,
      56, 57, 58, -1,
      58, 57, 59, -1,
      50, 49, 57, -1,
      57, 49, 59, -1,
      60, 61, 53, -1,
      53, 61, 54, -1,
      62, 63, 60, -1,
      60, 63, 61, -1,
      58, 59, 49, -1,
      64, 65, 66, -1,
      67, 68, 49, -1,
      66, 65, 69, -1,
      70, 71, 55, -1,
      55, 71, 72, -1,
      73, 74, 48, -1,
      48, 74, 75, -1,
      72, 76, 55, -1,
      55, 76, 77, -1,
      55, 77, 48, -1,
      48, 77, 78, -1,
      48, 78, 73, -1,
      75, 79, 48, -1,
      48, 79, 80, -1,
      48, 80, 49, -1,
      49, 80, 81, -1,
      49, 81, 67, -1,
      82, 83, 84, -1,
      84, 83, 85, -1,
      84, 85, 86, -1,
      86, 85, 68, -1,
      68, 85, 87, -1,
      68, 87, 49, -1,
      49, 87, 88, -1,
      49, 88, 58, -1,
      82, 84, 89, -1,
      89, 84, 90, -1,
      89, 90, 91, -1,
      91, 90, 92, -1,
      91, 92, 93, -1,
      93, 92, 94, -1,
      93, 94, 66, -1,
      66, 94, 95, -1,
      66, 95, 64, -1,
      61, 63, 54, -1,
      54, 63, 96, -1,
      54, 96, 69, -1,
      69, 65, 54, -1,
      54, 65, 97, -1,
      54, 97, 55, -1,
      55, 97, 98, -1,
      55, 98, 70, -1,
      99, 100, 51, -1,
      51, 101, 52, -1,
      52, 101, 102, -1,
      100, 103, 51, -1,
      51, 103, 104, -1,
      51, 104, 101, -1,
      105, 106, 107, -1,
      50, 108, 109, -1,
      57, 56, 50, -1,
      50, 56, 110, -1,
      50, 110, 108, -1,
      102, 111, 52, -1,
      52, 111, 112, -1,
      52, 112, 113, -1,
      109, 114, 50, -1,
      50, 114, 115, -1,
      50, 115, 51, -1,
      51, 115, 116, -1,
      51, 116, 99, -1,
      105, 117, 106, -1,
      106, 117, 118, -1,
      106, 118, 119, -1,
      110, 120, 108, -1,
      108, 120, 121, -1,
      108, 121, 122, -1,
      122, 121, 123, -1,
      121, 124, 123, -1,
      123, 124, 125, -1,
      123, 125, 126, -1,
      126, 125, 127, -1,
      126, 127, 128, -1,
      128, 127, 129, -1,
      128, 129, 119, -1,
      119, 129, 130, -1,
      119, 130, 106, -1,
      60, 53, 62, -1,
      62, 53, 131, -1,
      107, 131, 105, -1,
      105, 131, 53, -1,
      105, 53, 132, -1,
      132, 53, 52, -1,
      132, 52, 133, -1,
      133, 52, 113, -1,
      63, 62, 96, -1,
      96, 62, 131, -1,
      96, 131, 69, -1,
      69, 131, 107, -1,
      69, 107, 66, -1,
      66, 107, 106, -1,
      66, 106, 93, -1,
      93, 106, 130, -1,
      93, 130, 91, -1,
      91, 130, 129, -1,
      91, 129, 89, -1,
      89, 129, 127, -1,
      89, 127, 82, -1,
      82, 127, 125, -1,
      82, 125, 83, -1,
      83, 125, 124, -1,
      83, 124, 85, -1,
      85, 124, 121, -1,
      85, 121, 87, -1,
      87, 121, 120, -1,
      87, 120, 88, -1,
      88, 120, 110, -1,
      88, 110, 58, -1,
      58, 110, 56, -1,
      14, 134, 12, -1,
      12, 134, 135, -1,
      12, 135, 32, -1,
      32, 135, 136, -1,
      32, 136, 33, -1,
      33, 136, 137, -1,
      137, 138, 33, -1,
      33, 138, 29, -1,
      29, 138, 27, -1,
      27, 138, 139, -1,
      27, 139, 16, -1,
      16, 139, 140, -1,
      16, 140, 15, -1,
      15, 140, 141, -1,
      142, 143, 144, -1,
      144, 143, 145, -1,
      136, 135, 143, -1,
      143, 135, 145, -1,
      146, 147, 139, -1,
      139, 147, 140, -1,
      148, 149, 146, -1,
      146, 149, 147, -1,
      144, 145, 135, -1,
      147, 149, 140, -1,
      140, 149, 150, -1,
      140, 150, 141, -1,
      150, 151, 141, -1,
      141, 151, 152, -1,
      141, 152, 153, -1,
      153, 154, 141, -1,
      141, 154, 155, -1,
      141, 155, 134, -1,
      134, 155, 156, -1,
      134, 156, 157, -1,
      157, 158, 134, -1,
      134, 158, 159, -1,
      134, 159, 135, -1,
      135, 159, 160, -1,
      135, 160, 144, -1,
      148, 146, 139, -1,
      143, 142, 136, -1,
      136, 142, 161, -1,
      136, 161, 137, -1,
      161, 162, 137, -1,
      137, 162, 163, -1,
      137, 163, 164, -1,
      164, 165, 137, -1,
      137, 165, 166, -1,
      137, 166, 138, -1,
      138, 166, 167, -1,
      138, 167, 168, -1,
      168, 169, 138, -1,
      138, 169, 170, -1,
      138, 170, 139, -1,
      139, 170, 171, -1,
      139, 171, 148, -1,
      149, 148, 150, -1,
      150, 148, 171, -1,
      150, 171, 151, -1,
      151, 171, 170, -1,
      151, 170, 152, -1,
      152, 170, 169, -1,
      152, 169, 153, -1,
      153, 169, 168, -1,
      153, 168, 154, -1,
      154, 168, 167, -1,
      154, 167, 155, -1,
      155, 167, 166, -1,
      155, 166, 156, -1,
      156, 166, 165, -1,
      156, 165, 157, -1,
      157, 165, 164, -1,
      157, 164, 158, -1,
      158, 164, 163, -1,
      158, 163, 159, -1,
      159, 163, 162, -1,
      159, 162, 160, -1,
      160, 162, 161, -1,
      160, 161, 144, -1,
      144, 161, 142, -1,
      6, 172, 17, -1,
      17, 172, 173, -1,
      17, 173, 28, -1,
      28, 173, 174, -1,
      28, 174, 30, -1,
      30, 174, 175, -1,
      175, 176, 30, -1,
      30, 176, 34, -1,
      34, 176, 42, -1,
      42, 176, 177, -1,
      42, 177, 4, -1,
      4, 177, 178, -1,
      4, 178, 5, -1,
      5, 178, 179, -1,
      180, 181, 182, -1,
      182, 181, 183, -1,
      174, 173, 181, -1,
      181, 173, 183, -1,
      184, 185, 177, -1,
      177, 185, 178, -1,
      186, 187, 184, -1,
      184, 187, 185, -1,
      182, 183, 173, -1,
      179, 188, 189, -1,
      185, 187, 178, -1,
      178, 187, 190, -1,
      178, 190, 179, -1,
      179, 190, 191, -1,
      179, 191, 188, -1,
      189, 192, 179, -1,
      179, 192, 193, -1,
      179, 193, 172, -1,
      172, 193, 194, -1,
      172, 194, 195, -1,
      195, 196, 172, -1,
      172, 196, 197, -1,
      172, 197, 173, -1,
      173, 197, 198, -1,
      173, 198, 182, -1,
      186, 184, 177, -1,
      176, 199, 200, -1,
      181, 180, 174, -1,
      174, 180, 201, -1,
      174, 201, 175, -1,
      175, 201, 202, -1,
      175, 202, 203, -1,
      203, 204, 175, -1,
      175, 204, 205, -1,
      175, 205, 176, -1,
      176, 205, 206, -1,
      176, 206, 199, -1,
      200, 207, 176, -1,
      176, 207, 208, -1,
      176, 208, 177, -1,
      177, 208, 209, -1,
      177, 209, 186, -1,
      187, 186, 190, -1,
      190, 186, 209, -1,
      190, 209, 191, -1,
      191, 209, 208, -1,
      191, 208, 188, -1,
      188, 208, 207, -1,
      188, 207, 189, -1,
      189, 207, 200, -1,
      189, 200, 192, -1,
      192, 200, 199, -1,
      192, 199, 193, -1,
      193, 199, 206, -1,
      193, 206, 194, -1,
      194, 206, 205, -1,
      194, 205, 195, -1,
      195, 205, 204, -1,
      195, 204, 196, -1,
      196, 204, 203, -1,
      196, 203, 197, -1,
      197, 203, 202, -1,
      197, 202, 198, -1,
      198, 202, 201, -1,
      198, 201, 182, -1,
      182, 201, 180, -1,
      2, 210, 3, -1,
      3, 210, 211, -1,
      3, 211, 41, -1,
      41, 211, 212, -1,
      41, 212, 40, -1,
      40, 212, 213, -1,
      213, 214, 40, -1,
      40, 214, 35, -1,
      35, 214, 36, -1,
      36, 214, 215, -1,
      36, 215, 10, -1,
      10, 215, 216, -1,
      10, 216, 8, -1,
      8, 216, 217, -1,
      218, 219, 220, -1,
      220, 219, 221, -1,
      212, 211, 219, -1,
      219, 211, 221, -1,
      222, 223, 215, -1,
      215, 223, 216, -1,
      224, 225, 222, -1,
      222, 225, 223, -1,
      220, 221, 211, -1,
      226, 227, 217, -1,
      223, 225, 216, -1,
      216, 225, 228, -1,
      216, 228, 217, -1,
      217, 228, 229, -1,
      217, 229, 226, -1,
      230, 231, 210, -1,
      210, 231, 232, -1,
      210, 232, 211, -1,
      211, 232, 233, -1,
      211, 233, 220, -1,
      227, 234, 217, -1,
      217, 234, 235, -1,
      217, 235, 210, -1,
      210, 235, 236, -1,
      210, 236, 230, -1,
      224, 222, 215, -1,
      237, 238, 214, -1,
      238, 239, 214, -1,
      214, 239, 240, -1,
      214, 240, 215, -1,
      215, 240, 241, -1,
      215, 241, 224, -1,
      219, 218, 212, -1,
      212, 218, 242, -1,
      212, 242, 213, -1,
      213, 242, 243, -1,
      213, 243, 244, -1,
      244, 245, 213, -1,
      213, 245, 246, -1,
      213, 246, 214, -1,
      214, 246, 247, -1,
      214, 247, 237, -1,
      225, 224, 228, -1,
      228, 224, 241, -1,
      228, 241, 229, -1,
      229, 241, 240, -1,
      229, 240, 226, -1,
      226, 240, 239, -1,
      226, 239, 227, -1,
      227, 239, 238, -1,
      227, 238, 234, -1,
      234, 238, 237, -1,
      234, 237, 235, -1,
      235, 237, 247, -1,
      235, 247, 236, -1,
      236, 247, 246, -1,
      236, 246, 230, -1,
      230, 246, 245, -1,
      230, 245, 231, -1,
      231, 245, 244, -1,
      231, 244, 232, -1,
      232, 244, 243, -1,
      232, 243, 233, -1,
      233, 243, 242, -1,
      233, 242, 220, -1,
      220, 242, 218, -1,
      9, 248, 11, -1,
      11, 248, 249, -1,
      11, 249, 37, -1,
      37, 249, 250, -1,
      37, 250, 38, -1,
      38, 250, 251, -1,
      251, 252, 38, -1,
      38, 252, 39, -1,
      39, 252, 43, -1,
      43, 252, 253, -1,
      43, 253, 22, -1,
      22, 253, 254, -1,
      22, 254, 21, -1,
      21, 254, 255, -1,
      256, 257, 258, -1,
      258, 257, 259, -1,
      250, 249, 257, -1,
      257, 249, 259, -1,
      260, 261, 253, -1,
      253, 261, 254, -1,
      262, 263, 260, -1,
      260, 263, 261, -1,
      258, 259, 249, -1,
      264, 265, 255, -1,
      261, 263, 254, -1,
      254, 263, 266, -1,
      254, 266, 255, -1,
      255, 266, 267, -1,
      255, 267, 264, -1,
      268, 269, 248, -1,
      248, 269, 270, -1,
      248, 270, 249, -1,
      249, 270, 271, -1,
      249, 271, 258, -1,
      265, 272, 255, -1,
      255, 272, 273, -1,
      255, 273, 248, -1,
      248, 273, 274, -1,
      248, 274, 268, -1,
      262, 260, 253, -1,
      275, 276, 252, -1,
      276, 277, 252, -1,
      252, 277, 278, -1,
      252, 278, 253, -1,
      253, 278, 279, -1,
      253, 279, 262, -1,
      257, 256, 250, -1,
      250, 256, 280, -1,
      250, 280, 251, -1,
      251, 280, 281, -1,
      251, 281, 282, -1,
      282, 283, 251, -1,
      251, 283, 284, -1,
      251, 284, 252, -1,
      252, 284, 285, -1,
      252, 285, 275, -1,
      263, 262, 266, -1,
      266, 262, 279, -1,
      266, 279, 267, -1,
      267, 279, 278, -1,
      267, 278, 264, -1,
      264, 278, 277, -1,
      264, 277, 265, -1,
      265, 277, 276, -1,
      265, 276, 272, -1,
      272, 276, 275, -1,
      272, 275, 273, -1,
      273, 275, 285, -1,
      273, 285, 274, -1,
      274, 285, 284, -1,
      274, 284, 268, -1,
      268, 284, 283, -1,
      268, 283, 269, -1,
      269, 283, 282, -1,
      269, 282, 270, -1,
      270, 282, 281, -1,
      270, 281, 271, -1,
      271, 281, 280, -1,
      271, 280, 258, -1,
      258, 280, 256, -1,
      20, 286, 23, -1,
      23, 286, 287, -1,
      23, 287, 44, -1,
      44, 287, 288, -1,
      44, 288, 45, -1,
      45, 288, 289, -1,
      289, 290, 45, -1,
      45, 290, 46, -1,
      46, 290, 47, -1,
      47, 290, 291, -1,
      47, 291, 18, -1,
      18, 291, 292, -1,
      18, 292, 19, -1,
      19, 292, 293, -1,
      294, 295, 296, -1,
      296, 295, 297, -1,
      288, 287, 295, -1,
      295, 287, 297, -1,
      298, 299, 291, -1,
      291, 299, 292, -1,
    ]
  }
}

Shape {
  appearance Appearance {
    material Material {
      diffuseColor 1.0000 1.0000 1.0000
      specularColor 0.8784 0.8784 0.8784
      ambientIntensity 0.2
      transparency 0.0000
      shininess 0.5
    }
  }
  geometry IndexedFaceSet {
    ccw TRUE
    solid FALSE
    coord DEF co Coordinate {
      point [
        -3.150000 -1.299213 0.318898,
        -3.150000 -1.299213 -0.003937,
        -3.149606 -1.299213 0.318898,
        -3.149606 -1.299213 -0.003937,
      ]
    }
    coordIndex [
      2, 3, 0, -1,
      0, 3, 1, -1,
    ]
  }
}

Shape {
  appearance Appearance {
    material Material {
      diffuseColor 0.8275 0.6667 0.1294
      specularColor 0.8275 0.6667 0.1294
      ambientIntensity 0.2
      transparency 0.0000
      shininess 0.5
    }
  }
  geometry IndexedFaceSet {
    ccw TRUE
    solid FALSE
    coord DEF co Coordinate {
      point [
        2.677559 2.519685 0.000000,
        2.677559 2.992126 0.000000,
        3.149606 2.992126 0.000000,
        2.677559 1.417323 0.000000,
        2.677559 0.944882 0.000000,
        2.677559 1.732283 0.000000,
        3.149606 1.732283 0.000000,
        3.149606 1.417323 0.000000,
        3.149606 2.519685 0.000000,
        3.149606 2.204724 0.000000,
        2.677559 2.204724 0.000000,
        2.677559 0.157480 0.000000,
        2.677559 0.629921 0.000000,
        3.149606 0.629921 0.000000,
        3.149606 0.944882 0.000000,
        3.149606 0.157480 0.000000,
        3.149606 -0.157480 0.000000,
        2.677559 -0.157480 0.000000,
        2.677559 -1.417323 0.000000,
        3.149606 -1.417323 0.000000,
        2.677559 -0.629921 0.000000,
        2.677559 -0.944882 0.000000,
        3.149606 -0.944882 0.000000,
        3.149606 -0.629921 0.000000,
        -2.677559 0.629921 0.000000,
        -2.677559 0.944882 0.000000,
        -2.677559 1.417323 0.000000,
        -2.677559 0.157480 0.000000,
        -2.677559 -0.157480 0.000000,
        -2.677559 2.204724 0.000000,
        -2.677559 1.732283 0.000000,
        -2.677559 -2.992126 0.000000,
        -3.149606 -2.992126 0.000000,
        -2.677559 -2.519685 0.000000,
        -2.677559 -1.732283 0.000000,
        -3.149606 -1.732283 0.000000,
        -2.677559 -1.417323 0.000000,
        -2.677559 -0.944882 0.000000,
        -2.677559 -2.204724 0.000000,
        -3.149606 -2.204724 0.000000,
        -3.149606 -2.519685 0.000000,
        -2.677559 -0.629921 0.000000,
        -3.149606 -1.732283 0.314961,
        -2.913780 -1.732283 0.314961,
        -2.913780 -2.204724 0.314961,
        -2.913780 -2.992126 0.314961,
        -2.913780 -2.519685 0.314961,
        -3.149606 -2.519685 0.314961,
        -3.149606 -2.204724 0.314961,
        3.149606 -1.417323 0.314961,
        -3.149606 -2.992126 0.314961,
        2.913780 -1.417323 0.314961,
        2.913780 -0.944882 0.314961,
        2.913780 -0.157480 0.314961,
        3.149606 -0.157480 0.314961,
        3.149606 0.157480 0.314961,
        2.913780 0.157480 0.314961,
        2.913780 0.629921 0.314961,
        2.913780 -0.629921 0.314961,
        3.149606 -0.629921 0.314961,
        3.149606 -0.944882 0.314961,
        2.913780 1.417323 0.314961,
        3.149606 1.417323 0.314961,
        3.149606 1.732283 0.314961,
        2.913780 1.732283 0.314961,
        2.913780 2.204724 0.314961,
        2.913780 0.944882 0.314961,
        3.149606 0.944882 0.314961,
        3.149606 0.629921 0.314961,
        3.149606 2.992126 0.314961,
        2.913780 2.992126 0.314961,
        2.913780 2.519685 0.314961,
        3.149606 2.519685 0.314961,
        3.149606 2.204724 0.314961,
        -2.677559 2.204724 -0.003937,
        -2.677559 1.732283 -0.003937,
        -2.677559 1.417323 -0.003937,
        -2.677559 0.944882 -0.003937,
        -2.677559 0.629921 -0.003937,
        -2.677559 0.157480 -0.003937,
        -2.677559 -0.157480 -0.003937,
        -2.677559 -0.629921 -0.003937,
        -2.677559 -0.944882 -0.003937,
        -3.150000 -0.944882 -0.003937,
        -3.150000 -0.944882 0.318898,
        -2.913780 -0.944882 0.318898,
        -2.913780 -1.417323 0.318898,
        -3.150000 -1.417323 0.318898,
        -3.150000 -1.417323 -0.003937,
        -2.677559 -1.417323 -0.003937,
        -3.149606 -1.062992 0.318898,
        -3.150000 -1.062992 0.318898,
        -3.149606 -1.062992 -0.003937,
        -3.150000 -1.062992 -0.003937,
        -3.150000 -1.299213 0.318898,
        -3.150000 -1.299213 -0.003937,
        -3.149606 -1.299213 0.318898,
        -3.149606 -1.299213 -0.003937,
        -3.066090 -1.264619 -0.003937,
        -3.047320 -1.240157 -0.003937,
        -3.119037 -1.295188 -0.003937,
        -3.090551 -1.283389 -0.003937,
        -3.035520 -1.211672 -0.003937,
        -3.031496 -1.181102 -0.003937,
        -3.035520 -1.150533 -0.003937,
        -3.047320 -1.122047 -0.003937,
        -3.066090 -1.097586 -0.003937,
        -3.090551 -1.078816 -0.003937,
        -3.119037 -1.067017 -0.003937,
        -3.035520 -1.211672 0.318898,
        -3.047320 -1.240157 0.318898,
        -3.119037 -1.067017 0.318898,
        -3.090551 -1.078816 0.318898,
        -3.066090 -1.097586 0.318898,
        -3.047320 -1.122047 0.318898,
        -3.035520 -1.150533 0.318898,
        -3.031496 -1.181102 0.318898,
        -3.066090 -1.264619 0.318898,
        -3.090551 -1.283389 0.318898,
        -3.119037 -1.295188 0.318898,
        -2.677559 -1.732283 -0.003937,
        -3.150000 -1.732283 -0.003937,
        -3.150000 -1.732283 0.318898,
        -2.913780 -1.732283 0.318898,
        -2.913780 -2.204724 0.318898,
        -3.150000 -2.204724 0.318898,
        -3.150000 -2.204724 -0.003937,
        -2.677559 -2.204724 -0.003937,
        -3.149606 -1.850394 0.318898,
        -3.150000 -1.850394 0.318898,
        -3.149606 -1.850394 -0.003937,
        -3.150000 -1.850394 -0.003937,
        -3.150000 -2.086614 0.318898,
        -3.150000 -2.086614 -0.003937,
        -3.149606 -2.086614 0.318898,
        -3.149606 -2.086614 -0.003937,
        -3.119037 -2.082590 -0.003937,
        -3.090551 -2.070791 -0.003937,
        -3.066090 -2.052020 -0.003937,
        -3.047320 -2.027559 -0.003937,
        -3.035520 -1.999073 -0.003937,
        -3.031496 -1.968504 -0.003937,
        -3.035520 -1.937935 -0.003937,
        -3.047320 -1.909449 -0.003937,
        -3.066090 -1.884987 -0.003937,
        -3.090551 -1.866217 -0.003937,
        -3.119037 -1.854418 -0.003937,
        -3.119037 -1.854418 0.318898,
        -3.090551 -1.866217 0.318898,
        -3.066090 -1.884987 0.318898,
        -3.047320 -1.909449 0.318898,
        -3.035520 -1.937935 0.318898,
        -3.031496 -1.968504 0.318898,
        -3.035520 -1.999073 0.318898,
        -3.047320 -2.027559 0.318898,
        -3.066090 -2.052020 0.318898,
        -3.090551 -2.070791 0.318898,
        -3.119037 -2.082590 0.318898,
        -2.677559 -2.519685 -0.003937,
        -3.150000 -2.519685 -0.003937,
        -3.150000 -2.519685 0.318898,
        -2.913780 -2.519685 0.318898,
        -2.913780 -2.992126 0.318898,
        -3.150000 -2.992126 0.318898,
        -3.150000 -2.992126 -0.003937,
        -2.677559 -2.992126 -0.003937,
        -3.149606 -2.637795 0.318898,
        -3.150000 -2.637795 0.318898,
        -3.149606 -2.637795 -0.003937,
        -3.150000 -2.637795 -0.003937,
        -3.150000 -2.874016 0.318898,
        -3.150000 -2.874016 -0.003937,
        -3.149606 -2.874016 0.318898,
        -3.149606 -2.874016 -0.003937,
        -3.119037 -2.869991 -0.003937,
        -3.090551 -2.858192 -0.003937,
        -3.066090 -2.839422 -0.003937,
        -3.047320 -2.814961 -0.003937,
        -3.035520 -2.786474 -0.003937,
        -3.031496 -2.755906 -0.003937,
        -3.035520 -2.725336 -0.003937,
        -3.047320 -2.696850 -0.003937,
        -3.066090 -2.672389 -0.003937,
        -3.090551 -2.653619 -0.003937,
        -3.119037 -2.641820 -0.003937,
        -3.119037 -2.641820 0.318898,
        -3.090551 -2.653619 0.318898,
        -3.066090 -2.672389 0.318898,
        -3.047320 -2.696850 0.318898,
        -3.035520 -2.725336 0.318898,
        -3.031496 -2.755906 0.318898,
        -3.035520 -2.786474 0.318898,
        -3.047320 -2.814961 0.318898,
        -3.066090 -2.839422 0.318898,
        -3.090551 -2.858192 0.318898,
        -3.119037 -2.869991 0.318898,
        2.677559 2.519685 -0.003937,
        3.150000 2.519685 -0.003937,
        3.150000 2.519685 0.318898,
        2.913780 2.519685 0.318898,
        2.913780 2.992126 0.318898,
        3.150000 2.992126 0.318898,
        3.150000 2.992126 -0.003937,
        2.677559 2.992126 -0.003937,
        3.149606 2.637795 0.318898,
        3.150000 2.637795 0.318898,
        3.149606 2.637795 -0.003937,
        3.150000 2.637795 -0.003937,
        3.150000 2.874016 0.318898,
        3.150000 2.874016 -0.003937,
        3.149606 2.874016 0.318898,
        3.149606 2.874016 -0.003937,
        3.119037 2.869991 -0.003937,
        3.090551 2.858192 -0.003937,
        3.066090 2.839422 -0.003937,
        3.035520 2.725336 -0.003937,
        3.047320 2.696850 -0.003937,
        3.047320 2.814961 -0.003937,
        3.035520 2.786474 -0.003937,
        3.031496 2.755906 -0.003937,
        3.066090 2.672389 -0.003937,
        3.090551 2.653619 -0.003937,
        3.119037 2.641820 -0.003937,
        3.066090 2.672389 0.318898,
        3.047320 2.696850 0.318898,
        3.119037 2.641820 0.318898,
        3.090551 2.653619 0.318898,
        3.035520 2.725336 0.318898,
        3.031496 2.755906 0.318898,
        3.035520 2.786474 0.318898,
        3.047320 2.814961 0.318898,
        3.066090 2.839422 0.318898,
        3.090551 2.858192 0.318898,
        3.119037 2.869991 0.318898,
        2.913780 1.732283 0.318898,
        2.913780 2.204724 0.318898,
        3.150000 2.204724 0.318898,
        3.150000 2.204724 -0.003937,
        2.677559 2.204724 -0.003937,
        2.677559 1.732283 -0.003937,
        3.150000 1.732283 -0.003937,
        3.150000 1.732283 0.318898,
        3.149606 1.850394 0.318898,
        3.150000 1.850394 0.318898,
        3.149606 1.850394 -0.003937,
        3.150000 1.850394 -0.003937,
        3.150000 2.086614 0.318898,
        3.150000 2.086614 -0.003937,
        3.149606 2.086614 0.318898,
        3.149606 2.086614 -0.003937,
        3.119037 2.082590 -0.003937,
        3.090551 2.070791 -0.003937,
        3.066090 2.052020 -0.003937,
        3.035520 1.937935 -0.003937,
        3.047320 1.909449 -0.003937,
        3.047320 2.027559 -0.003937,
        3.035520 1.999073 -0.003937,
        3.031496 1.968504 -0.003937,
        3.066090 1.884987 -0.003937,
        3.090551 1.866217 -0.003937,
        3.119037 1.854418 -0.003937,
        3.066090 1.884987 0.318898,
        3.047320 1.909449 0.318898,
        3.119037 1.854418 0.318898,
        3.090551 1.866217 0.318898,
        3.035520 1.937935 0.318898,
        3.031496 1.968504 0.318898,
        3.035520 1.999073 0.318898,
        3.047320 2.027559 0.318898,
        3.066090 2.052020 0.318898,
        3.090551 2.070791 0.318898,
        3.119037 2.082590 0.318898,
        2.913780 0.944882 0.318898,
        2.913780 1.417323 0.318898,
        3.150000 1.417323 0.318898,
        3.150000 1.417323 -0.003937,
        2.677559 1.417323 -0.003937,
        2.677559 0.944882 -0.003937,
        3.150000 0.944882 -0.003937,
        3.150000 0.944882 0.318898,
        3.149606 1.062992 0.318898,
        3.150000 1.062992 0.318898,
        3.149606 1.062992 -0.003937,
        3.150000 1.062992 -0.003937,
        3.150000 1.299213 0.318898,
        3.150000 1.299213 -0.003937,
        3.149606 1.299213 0.318898,
        3.149606 1.299213 -0.003937,
        3.035520 1.150533 -0.003937,
        3.047320 1.122047 -0.003937,
        3.119037 1.295188 -0.003937,
        3.090551 1.283389 -0.003937,
        3.066090 1.264619 -0.003937,
        3.047320 1.240157 -0.003937,
        3.035520 1.211672 -0.003937,
        3.031496 1.181102 -0.003937,
        3.066090 1.097586 -0.003937,
        3.090551 1.078816 -0.003937,
        3.119037 1.067017 -0.003937,
        3.066090 1.097586 0.318898,
        3.047320 1.122047 0.318898,
        3.119037 1.067017 0.318898,
        3.090551 1.078816 0.318898,
        3.035520 1.150533 0.318898,
        3.031496 1.181102 0.318898,
        3.035520 1.211672 0.318898,
        3.047320 1.240157 0.318898,
        3.066090 1.264619 0.318898,
        3.090551 1.283389 0.318898,
        3.119037 1.295188 0.318898,
        2.913780 0.157480 0.318898,
        2.913780 0.629921 0.318898,
        3.150000 0.629921 0.318898,
        3.150000 0.629921 -0.003937,
        2.677559 0.629921 -0.003937,
        2.677559 0.157480 -0.003937,
        3.150000 0.157480 -0.003937,
        3.150000 0.157480 0.318898,
        3.149606 0.275591 0.318898,
        3.150000 0.275591 0.318898,
        3.149606 0.275591 -0.003937,
        3.150000 0.275591 -0.003937,
        3.150000 0.511811 0.318898,
        3.150000 0.511811 -0.003937,
        3.149606 0.511811 0.318898,
        3.149606 0.511811 -0.003937,
        3.035520 0.363131 -0.003937,
        3.047320 0.334646 -0.003937,
        3.066090 0.477217 -0.003937,
        3.047320 0.452756 -0.003937,
        3.035520 0.424270 -0.003937,
        3.031496 0.393701 -0.003937,
        3.066090 0.310184 -0.003937,
        3.090551 0.291414 -0.003937,
        3.119037 0.279615 -0.003937,
        3.119037 0.507787 -0.003937,
        3.090551 0.495987 -0.003937,
        3.066090 0.310184 0.318898,
        3.047320 0.334646 0.318898,
        3.119037 0.279615 0.318898,
        3.090551 0.291414 0.318898,
        3.035520 0.363131 0.318898,
        3.031496 0.393701 0.318898,
        3.035520 0.424270 0.318898,
        3.047320 0.452756 0.318898,
        3.066090 0.477217 0.318898,
        3.090551 0.495987 0.318898,
        3.119037 0.507787 0.318898,
        2.913780 -0.629921 0.318898,
        2.913780 -0.157480 0.318898,
        3.150000 -0.157480 0.318898,
        3.150000 -0.157480 -0.003937,
        2.677559 -0.157480 -0.003937,
        2.677559 -0.629921 -0.003937,
        3.150000 -0.629921 -0.003937,
        3.150000 -0.629921 0.318898,
        3.149606 -0.511811 0.318898,
        3.150000 -0.511811 0.318898,
        3.149606 -0.511811 -0.003937,
        3.150000 -0.511811 -0.003937,
        3.150000 -0.275591 0.318898,
        3.150000 -0.275591 -0.003937,
        3.149606 -0.275591 0.318898,
        3.149606 -0.275591 -0.003937,
        3.066090 -0.310184 -0.003937,
        3.047320 -0.334646 -0.003937,
        3.035520 -0.363131 -0.003937,
        3.119037 -0.279615 -0.003937,
        3.090551 -0.291414 -0.003937,
        3.031496 -0.393701 -0.003937,
        3.035520 -0.424270 -0.003937,
        3.047320 -0.452756 -0.003937,
        3.066090 -0.477217 -0.003937,
        3.090551 -0.495987 -0.003937,
        3.119037 -0.507787 -0.003937,
        3.031496 -0.393701 0.318898,
        3.035520 -0.363131 0.318898,
        3.047320 -0.334646 0.318898,
        3.066090 -0.477217 0.318898,
        3.047320 -0.452756 0.318898,
        3.035520 -0.424270 0.318898,
        3.066090 -0.310184 0.318898,
        3.090551 -0.291414 0.318898,
        3.119037 -0.279615 0.318898,
        3.119037 -0.507787 0.318898,
        3.090551 -0.495987 0.318898,
        2.913780 -1.417323 0.318898,
        2.913780 -0.944882 0.318898,
        3.150000 -0.944882 0.318898,
        3.150000 -0.944882 -0.003937,
        2.677559 -0.944882 -0.003937,
        2.677559 -1.417323 -0.003937,
        3.150000 -1.417323 -0.003937,
        3.150000 -1.417323 0.318898,
      ]
    }
    coordIndex [
      92, 93, 83, -1,
      89, 98, 99, -1,
      95, 97, 88, -1,
      88, 97, 100, -1,
      88, 100, 89, -1,
      89, 100, 101, -1,
      89, 101, 98, -1,
      99, 102, 89, -1,
      89, 102, 103, -1,
      89, 103, 82, -1,
      82, 103, 104, -1,
      82, 104, 105, -1,
      105, 106, 82, -1,
      82, 106, 107, -1,
      82, 107, 83, -1,
      83, 107, 108, -1,
      83, 108, 92, -1,
      96, 94, 87, -1,
      86, 109, 110, -1,
      91, 90, 84, -1,
      84, 90, 111, -1,
      84, 111, 85, -1,
      85, 111, 112, -1,
      85, 112, 113, -1,
      113, 114, 85, -1,
      85, 114, 115, -1,
      85, 115, 86, -1,
      86, 115, 116, -1,
      86, 116, 109, -1,
      110, 117, 86, -1,
      86, 117, 118, -1,
      86, 118, 87, -1,
      87, 118, 119, -1,
      87, 119, 96, -1,
      97, 96, 100, -1,
      100, 96, 119, -1,
      100, 119, 101, -1,
      101, 119, 118, -1,
      101, 118, 98, -1,
      98, 118, 117, -1,
      98, 117, 99, -1,
      99, 117, 110, -1,
      99, 110, 102, -1,
      102, 110, 109, -1,
      102, 109, 103, -1,
      103, 109, 116, -1,
      103, 116, 104, -1,
      104, 116, 115, -1,
      104, 115, 105, -1,
      105, 115, 114, -1,
      105, 114, 106, -1,
      106, 114, 113, -1,
      106, 113, 107, -1,
      107, 113, 112, -1,
      107, 112, 108, -1,
      108, 112, 111, -1,
      108, 111, 92, -1,
      92, 111, 90, -1,
      34, 120, 35, -1,
      35, 120, 121, -1,
      35, 121, 42, -1,
      42, 121, 122, -1,
      42, 122, 43, -1,
      43, 122, 123, -1,
      123, 124, 43, -1,
      43, 124, 44, -1,
      44, 124, 48, -1,
      48, 124, 125, -1,
      48, 125, 39, -1,
      39, 125, 126, -1,
      39, 126, 38, -1,
      38, 126, 127, -1,
      128, 129, 130, -1,
      130, 129, 131, -1,
      122, 121, 129, -1,
      129, 121, 131, -1,
      132, 133, 125, -1,
      125, 133, 126, -1,
      134, 135, 132, -1,
      132, 135, 133, -1,
      130, 131, 121, -1,
      133, 135, 126, -1,
      126, 135, 136, -1,
      126, 136, 127, -1,
      136, 137, 127, -1,
      127, 137, 138, -1,
      127, 138, 139, -1,
      139, 140, 127, -1,
      127, 140, 141, -1,
      127, 141, 120, -1,
      120, 141, 142, -1,
      120, 142, 143, -1,
      143, 144, 120, -1,
      120, 144, 145, -1,
      120, 145, 121, -1,
      121, 145, 146, -1,
      121, 146, 130, -1,
      134, 132, 125, -1,
      129, 128, 122, -1,
      122, 128, 147, -1,
      122, 147, 123, -1,
      147, 148, 123, -1,
      123, 148, 149, -1,
      123, 149, 150, -1,
      150, 151, 123, -1,
      123, 151, 152, -1,
      123, 152, 124, -1,
      124, 152, 153, -1,
      124, 153, 154, -1,
      154, 155, 124, -1,
      124, 155, 156, -1,
      124, 156, 125, -1,
      125, 156, 157, -1,
      125, 157, 134, -1,
      135, 134, 136, -1,
      136, 134, 157, -1,
      136, 157, 137, -1,
      137, 157, 156, -1,
      137, 156, 138, -1,
      138, 156, 155, -1,
      138, 155, 139, -1,
      139, 155, 154, -1,
      139, 154, 140, -1,
      140, 154, 153, -1,
      140, 153, 141, -1,
      141, 153, 152, -1,
      141, 152, 142, -1,
      142, 152, 151, -1,
      142, 151, 143, -1,
      143, 151, 150, -1,
      143, 150, 144, -1,
      144, 150, 149, -1,
      144, 149, 145, -1,
      145, 149, 148, -1,
      145, 148, 146, -1,
      146, 148, 147, -1,
      146, 147, 130, -1,
      130, 147, 128, -1,
      33, 158, 40, -1,
      40, 158, 159, -1,
      40, 159, 47, -1,
      47, 159, 160, -1,
      47, 160, 46, -1,
      46, 160, 161, -1,
      161, 162, 46, -1,
      46, 162, 45, -1,
      45, 162, 50, -1,
      50, 162, 163, -1,
      50, 163, 32, -1,
      32, 163, 164, -1,
      32, 164, 31, -1,
      31, 164, 165, -1,
      166, 167, 168, -1,
      168, 167, 169, -1,
      160, 159, 167, -1,
      167, 159, 169, -1,
      170, 171, 163, -1,
      163, 171, 164, -1,
      172, 173, 170, -1,
      170, 173, 171, -1,
      168, 169, 159, -1,
      171, 173, 164, -1,
      164, 173, 174, -1,
      164, 174, 165, -1,
      174, 175, 165, -1,
      165, 175, 176, -1,
      165, 176, 177, -1,
      177, 178, 165, -1,
      165, 178, 179, -1,
      165, 179, 158, -1,
      158, 179, 180, -1,
      158, 180, 181, -1,
      181, 182, 158, -1,
      158, 182, 183, -1,
      158, 183, 159, -1,
      159, 183, 184, -1,
      159, 184, 168, -1,
      172, 170, 163, -1,
      167, 166, 160, -1,
      160, 166, 185, -1,
      160, 185, 161, -1,
      185, 186, 161, -1,
      161, 186, 187, -1,
      161, 187, 188, -1,
      188, 189, 161, -1,
      161, 189, 190, -1,
      161, 190, 162, -1,
      162, 190, 191, -1,
      162, 191, 192, -1,
      192, 193, 162, -1,
      162, 193, 194, -1,
      162, 194, 163, -1,
      163, 194, 195, -1,
      163, 195, 172, -1,
      173, 172, 174, -1,
      174, 172, 195, -1,
      174, 195, 175, -1,
      175, 195, 194, -1,
      175, 194, 176, -1,
      176, 194, 193, -1,
      176, 193, 177, -1,
      177, 193, 192, -1,
      177, 192, 178, -1,
      178, 192, 191, -1,
      178, 191, 179, -1,
      179, 191, 190, -1,
      179, 190, 180, -1,
      180, 190, 189, -1,
      180, 189, 181, -1,
      181, 189, 188, -1,
      181, 188, 182, -1,
      182, 188, 187, -1,
      182, 187, 183, -1,
      183, 187, 186, -1,
      183, 186, 184, -1,
      184, 186, 185, -1,
      184, 185, 168, -1,
      168, 185, 166, -1,
      29, 30, 74, -1,
      74, 30, 75, -1,
      26, 25, 76, -1,
      76, 25, 77, -1,
      24, 27, 78, -1,
      78, 27, 79, -1,
      28, 41, 80, -1,
      80, 41, 81, -1,
      37, 36, 82, -1,
      82, 36, 89, -1,
      34, 38, 120, -1,
      120, 38, 127, -1,
      33, 31, 158, -1,
      158, 31, 165, -1,
      0, 196, 8, -1,
      8, 196, 197, -1,
      8, 197, 72, -1,
      72, 197, 198, -1,
      72, 198, 71, -1,
      71, 198, 199, -1,
      71, 199, 70, -1,
      70, 199, 200, -1,
      70, 200, 69, -1,
      69, 200, 201, -1,
      69, 201, 2, -1,
      2, 201, 202, -1,
      2, 202, 1, -1,
      1, 202, 203, -1,
      204, 205, 206, -1,
      206, 205, 207, -1,
      198, 197, 205, -1,
      205, 197, 207, -1,
      208, 209, 201, -1,
      201, 209, 202, -1,
      210, 211, 208, -1,
      208, 211, 209, -1,
      206, 207, 197, -1,
      209, 211, 202, -1,
      202, 211, 212, -1,
      202, 212, 203, -1,
      203, 212, 213, -1,
      203, 213, 214, -1,
      196, 215, 216, -1,
      214, 217, 203, -1,
      203, 217, 218, -1,
      203, 218, 196, -1,
      196, 218, 219, -1,
      196, 219, 215, -1,
      216, 220, 196, -1,
      196, 220, 221, -1,
      196, 221, 197, -1,
      197, 221, 222, -1,
      197, 222, 206, -1,
      210, 208, 201, -1,
      223, 224, 199, -1,
      205, 204, 198, -1,
      198, 204, 225, -1,
      198, 225, 199, -1,
      199, 225, 226, -1,
      199, 226, 223, -1,
      224, 227, 199, -1,
      199, 227, 228, -1,
      199, 228, 200, -1,
      200, 228, 229, -1,
      200, 229, 230, -1,
      230, 231, 200, -1,
      200, 231, 232, -1,
      200, 232, 201, -1,
      201, 232, 233, -1,
      201, 233, 210, -1,
      211, 210, 212, -1,
      212, 210, 233, -1,
      212, 233, 213, -1,
      213, 233, 232, -1,
      213, 232, 214, -1,
      214, 232, 231, -1,
      214, 231, 217, -1,
      217, 231, 230, -1,
      217, 230, 218, -1,
      218, 230, 229, -1,
      218, 229, 219, -1,
      219, 229, 228, -1,
      219, 228, 215, -1,
      215, 228, 227, -1,
      215, 227, 216, -1,
      216, 227, 224, -1,
      216, 224, 220, -1,
      220, 224, 223, -1,
      220, 223, 221, -1,
      221, 223, 226, -1,
      221, 226, 222, -1,
      222, 226, 225, -1,
      222, 225, 206, -1,
      206, 225, 204, -1,
      64, 234, 65, -1,
      65, 234, 235, -1,
      65, 235, 73, -1,
      73, 235, 236, -1,
      73, 236, 9, -1,
      9, 236, 237, -1,
      9, 237, 10, -1,
      10, 237, 238, -1,
      5, 239, 6, -1,
      6, 239, 240, -1,
      6, 240, 63, -1,
      63, 240, 241, -1,
      63, 241, 64, -1,
      64, 241, 234, -1,
      242, 243, 244, -1,
      244, 243, 245, -1,
      241, 240, 243, -1,
      243, 240, 245, -1,
      246, 247, 236, -1,
      236, 247, 237, -1,
      248, 249, 246, -1,
      246, 249, 247, -1,
      244, 245, 240, -1,
      247, 249, 237, -1,
      237, 249, 250, -1,
      237, 250, 238, -1,
      238, 250, 251, -1,
      238, 251, 252, -1,
      239, 253, 254, -1,
      252, 255, 238, -1,
      238, 255, 256, -1,
      238, 256, 239, -1,
      239, 256, 257, -1,
      239, 257, 253, -1,
      254, 258, 239, -1,
      239, 258, 259, -1,
      239, 259, 240, -1,
      240, 259, 260, -1,
      240, 260, 244, -1,
      248, 246, 236, -1,
      261, 262, 234, -1,
      243, 242, 241, -1,
      241, 242, 263, -1,
      241, 263, 234, -1,
      234, 263, 264, -1,
      234, 264, 261, -1,
      262, 265, 234, -1,
      234, 265, 266, -1,
      234, 266, 235, -1,
      235, 266, 267, -1,
      235, 267, 268, -1,
      268, 269, 235, -1,
      235, 269, 270, -1,
      235, 270, 236, -1,
      236, 270, 271, -1,
      236, 271, 248, -1,
      249, 248, 250, -1,
      250, 248, 271, -1,
      250, 271, 251, -1,
      251, 271, 270, -1,
      251, 270, 252, -1,
      252, 270, 269, -1,
      252, 269, 255, -1,
      255, 269, 268, -1,
      255, 268, 256, -1,
      256, 268, 267, -1,
      256, 267, 257, -1,
      257, 267, 266, -1,
      257, 266, 253, -1,
      253, 266, 265, -1,
      253, 265, 254, -1,
      254, 265, 262, -1,
      254, 262, 258, -1,
      258, 262, 261, -1,
      258, 261, 259, -1,
      259, 261, 264, -1,
      259, 264, 260, -1,
      260, 264, 263, -1,
      260, 263, 244, -1,
      244, 263, 242, -1,
      66, 272, 61, -1,
      61, 272, 273, -1,
      61, 273, 62, -1,
      62, 273, 274, -1,
      62, 274, 7, -1,
      7, 274, 275, -1,
      7, 275, 3, -1,
      3, 275, 276, -1,
      4, 277, 14, -1,
      14, 277, 278, -1,
      14, 278, 67, -1,
      67, 278, 279, -1,
      67, 279, 66, -1,
      66, 279, 272, -1,
      280, 281, 282, -1,
      282, 281, 283, -1,
      279, 278, 281, -1,
      281, 278, 283, -1,
      284, 285, 274, -1,
      274, 285, 275, -1,
      286, 287, 284, -1,
      284, 287, 285, -1,
      282, 283, 278, -1,
      277, 288, 289, -1,
      285, 287, 275, -1,
      275, 287, 290, -1,
      275, 290, 276, -1,
      276, 290, 291, -1,
      276, 291, 292, -1,
      292, 293, 276, -1,
      276, 293, 294, -1,
      276, 294, 277, -1,
      277, 294, 295, -1,
      277, 295, 288, -1,
      289, 296, 277, -1,
      277, 296, 297, -1,
      277, 297, 278, -1,
      278, 297, 298, -1,
      278, 298, 282, -1,
      286, 284, 274, -1,
      299, 300, 272, -1,
      281, 280, 279, -1,
      279, 280, 301, -1,
      279, 301, 272, -1,
      272, 301, 302, -1,
      272, 302, 299, -1,
      300, 303, 272, -1,
      272, 303, 304, -1,
      272, 304, 273, -1,
      273, 304, 305, -1,
      273, 305, 306, -1,
      306, 307, 273, -1,
      273, 307, 308, -1,
      273, 308, 274, -1,
      274, 308, 309, -1,
      274, 309, 286, -1,
      287, 286, 290, -1,
      290, 286, 309, -1,
      290, 309, 291, -1,
      291, 309, 308, -1,
      291, 308, 292, -1,
      292, 308, 307, -1,
      292, 307, 293, -1,
      293, 307, 306, -1,
      293, 306, 294, -1,
      294, 306, 305, -1,
      294, 305, 295, -1,
      295, 305, 304, -1,
      295, 304, 288, -1,
      288, 304, 303, -1,
      288, 303, 289, -1,
      289, 303, 300, -1,
      289, 300, 296, -1,
      296, 300, 299, -1,
      296, 299, 297, -1,
      297, 299, 302, -1,
      297, 302, 298, -1,
      298, 302, 301, -1,
      298, 301, 282, -1,
      282, 301, 280, -1,
      56, 310, 57, -1,
      57, 310, 311, -1,
      57, 311, 68, -1,
      68, 311, 312, -1,
      68, 312, 13, -1,
      13, 312, 313, -1,
      13, 313, 12, -1,
      12, 313, 314, -1,
      11, 315, 15, -1,
      15, 315, 316, -1,
      15, 316, 55, -1,
      55, 316, 317, -1,
      55, 317, 56, -1,
      56, 317, 310, -1,
      318, 319, 320, -1,
      320, 319, 321, -1,
      317, 316, 319, -1,
      319, 316, 321, -1,
      322, 323, 312, -1,
      312, 323, 313, -1,
      324, 325, 322, -1,
      322, 325, 323, -1,
      320, 321, 316, -1,
      315, 326, 327, -1,
      328, 329, 314, -1,
      314, 329, 330, -1,
      314, 330, 315, -1,
      315, 330, 331, -1,
      315, 331, 326, -1,
      327, 332, 315, -1,
      315, 332, 333, -1,
      315, 333, 316, -1,
      316, 333, 334, -1,
      316, 334, 320, -1,
      323, 325, 313, -1,
      313, 325, 335, -1,
      313, 335, 314, -1,
      314, 335, 336, -1,
      314, 336, 328, -1,
      324, 322, 312, -1,
      337, 338, 310, -1,
      319, 318, 317, -1,
      317, 318, 339, -1,
      317, 339, 310, -1,
      310, 339, 340, -1,
      310, 340, 337, -1,
      338, 341, 310, -1,
      310, 341, 342, -1,
      310, 342, 311, -1,
      311, 342, 343, -1,
      311, 343, 344, -1,
      344, 345, 311, -1,
      311, 345, 346, -1,
      311, 346, 312, -1,
      312, 346, 347, -1,
      312, 347, 324, -1,
      325, 324, 335, -1,
      335, 324, 347, -1,
      335, 347, 336, -1,
      336, 347, 346, -1,
      336, 346, 328, -1,
      328, 346, 345, -1,
      328, 345, 329, -1,
      329, 345, 344, -1,
      329, 344, 330, -1,
      330, 344, 343, -1,
      330, 343, 331, -1,
      331, 343, 342, -1,
      331, 342, 326, -1,
      326, 342, 341, -1,
      326, 341, 327, -1,
      327, 341, 338, -1,
      327, 338, 332, -1,
      332, 338, 337, -1,
      332, 337, 333, -1,
      333, 337, 340, -1,
      333, 340, 334, -1,
      334, 340, 339, -1,
      334, 339, 320, -1,
      320, 339, 318, -1,
      58, 348, 53, -1,
      53, 348, 349, -1,
      53, 349, 54, -1,
      54, 349, 350, -1,
      54, 350, 16, -1,
      16, 350, 351, -1,
      16, 351, 17, -1,
      17, 351, 352, -1,
      20, 353, 23, -1,
      23, 353, 354, -1,
      23, 354, 59, -1,
      59, 354, 355, -1,
      59, 355, 58, -1,
      58, 355, 348, -1,
      356, 357, 358, -1,
      358, 357, 359, -1,
      355, 354, 357, -1,
      357, 354, 359, -1,
      360, 361, 350, -1,
      350, 361, 351, -1,
      362, 363, 360, -1,
      360, 363, 361, -1,
      358, 359, 354, -1,
      364, 365, 352, -1,
      352, 365, 366, -1,
      352, 366, 353, -1,
      361, 363, 351, -1,
      351, 363, 367, -1,
      351, 367, 352, -1,
      352, 367, 368, -1,
      352, 368, 364, -1,
      366, 369, 353, -1,
      353, 369, 370, -1,
      353, 370, 371, -1,
      371, 372, 353, -1,
      353, 372, 373, -1,
      353, 373, 354, -1,
      354, 373, 374, -1,
      354, 374, 358, -1,
      362, 360, 350, -1,
      348, 375, 349, -1,
      349, 375, 376, -1,
      349, 376, 377, -1,
      378, 379, 348, -1,
      348, 379, 380, -1,
      348, 380, 375, -1,
      377, 381, 349, -1,
      349, 381, 382, -1,
      349, 382, 350, -1,
      350, 382, 383, -1,
      350, 383, 362, -1,
      357, 356, 355, -1,
      355, 356, 384, -1,
      355, 384, 348, -1,
      348, 384, 385, -1,
      348, 385, 378, -1,
      363, 362, 367, -1,
      367, 362, 383, -1,
      367, 383, 368, -1,
      368, 383, 382, -1,
      368, 382, 364, -1,
      364, 382, 381, -1,
      364, 381, 365, -1,
      365, 381, 377, -1,
      365, 377, 366, -1,
      366, 377, 376, -1,
      366, 376, 369, -1,
      369, 376, 375, -1,
      369, 375, 370, -1,
      370, 375, 380, -1,
      370, 380, 371, -1,
      371, 380, 379, -1,
      371, 379, 372, -1,
      372, 379, 378, -1,
      372, 378, 373, -1,
      373, 378, 385, -1,
      373, 385, 374, -1,
      374, 385, 384, -1,
      374, 384, 358, -1,
      358, 384, 356, -1,
      51, 386, 52, -1,
      52, 386, 387, -1,
      52, 387, 60, -1,
      60, 387, 388, -1,
      60, 388, 22, -1,
      22, 388, 389, -1,
      22, 389, 21, -1,
      21, 389, 390, -1,
      18, 391, 19, -1,
      19, 391, 392, -1,
      19, 392, 49, -1,
      49, 392, 393, -1,
      49, 393, 51, -1,
      51, 393, 386, -1,
    ]
  }
}

Shape {
  appearance Appearance {
    material Material {
      diffuseColor 1.0000 1.0000 1.0000
      specularColor 0.8784 0.8784 0.8784
      ambientIntensity 0.2
      transparency 0.0000
      shininess 0.5
    }
  }
  geometry IndexedFaceSet {
    ccw TRUE
    solid FALSE
    coord DEF co Coordinate {
      point [
        3.149606 -1.299213 0.318898,
        3.150000 -1.299213 0.318898,
        3.149606 -1.299213 -0.003937,
        3.150000 -1.299213 -0.003937,
      ]
    }
    coordIndex [
      0, 1, 2, -1,
      2, 1, 3, -1,
    ]
  }
}

Shape {
  appearance Appearance {
    material Material {
      diffuseColor 0.8275 0.6667 0.1294
      specularColor 0.8275 0.6667 0.1294
      ambientIntensity 0.2
      transparency 0.0000
      shininess 0.5
    }
  }
  geometry IndexedFaceSet {
    ccw TRUE
    solid FALSE
    coord DEF co Coordinate {
      point [
        2.677559 2.519685 0.000000,
        2.677559 2.992126 0.000000,
        2.677559 1.417323 0.000000,
        2.677559 0.944882 0.000000,
        2.677559 1.732283 0.000000,
        2.677559 2.204724 0.000000,
        2.677559 0.157480 0.000000,
        2.677559 0.629921 0.000000,
        2.677559 -0.157480 0.000000,
        2.677559 -1.732283 0.000000,
        2.677559 -2.204724 0.000000,
        2.677559 -1.417323 0.000000,
        3.149606 -1.732283 0.000000,
        2.677559 -0.629921 0.000000,
        2.677559 -0.944882 0.000000,
        3.149606 -2.992126 0.000000,
        2.677559 -2.992126 0.000000,
        2.677559 -2.519685 0.000000,
        3.149606 -2.519685 0.000000,
        3.149606 -2.204724 0.000000,
        -2.401575 2.992126 0.000000,
        -2.401575 2.519685 0.000000,
        -2.401575 2.992126 0.314961,
        -2.401575 2.519685 0.314961,
        3.149606 -2.992126 0.314961,
        2.913780 -2.992126 0.314961,
        2.913780 -1.732283 0.314961,
        3.149606 -1.732283 0.314961,
        2.913780 -2.519685 0.314961,
        3.149606 -2.519685 0.314961,
        3.149606 -2.204724 0.314961,
        2.913780 -2.204724 0.314961,
        -2.401575 2.992126 -0.003937,
        -2.401575 2.992126 0.318898,
        -2.401575 2.519685 0.318898,
        -2.401575 2.519685 -0.003937,
        -2.844488 2.602476 -0.003937,
        -2.801759 2.584777 -0.003937,
        -2.844488 2.909335 -0.003937,
        -2.881180 2.881180 -0.003937,
        -2.667323 2.602476 -0.003937,
        -2.630631 2.630631 -0.003937,
        -2.602476 2.667323 -0.003937,
        -2.602476 2.844488 -0.003937,
        -2.630631 2.881180 -0.003937,
        -2.667323 2.909335 -0.003937,
        -2.584777 2.710052 -0.003937,
        -2.578740 2.755906 -0.003937,
        -2.584777 2.801759 -0.003937,
        -2.710052 2.927034 -0.003937,
        -2.755906 2.933071 -0.003937,
        -2.801759 2.927034 -0.003937,
        -2.927034 2.801759 -0.003937,
        -2.909335 2.844488 -0.003937,
        -2.933071 2.755906 -0.003937,
        -2.927034 2.710052 -0.003937,
        -2.909335 2.667323 -0.003937,
        -2.881180 2.630631 -0.003937,
        -2.755906 2.578740 -0.003937,
        -2.710052 2.584777 -0.003937,
        -2.667323 2.909335 0.318898,
        -2.630631 2.881180 0.318898,
        -2.578740 2.755906 0.318898,
        -2.584777 2.710052 0.318898,
        -2.602476 2.844488 0.318898,
        -2.584777 2.801759 0.318898,
        -2.801759 2.584777 0.318898,
        -2.881180 2.881180 0.318898,
        -2.844488 2.909335 0.318898,
        -2.602476 2.667323 0.318898,
        -2.630631 2.630631 0.318898,
        -2.667323 2.602476 0.318898,
        -2.801759 2.927034 0.318898,
        -2.755906 2.933071 0.318898,
        -2.710052 2.927034 0.318898,
        -2.844488 2.602476 0.318898,
        -2.881180 2.630631 0.318898,
        -2.909335 2.667323 0.318898,
        -2.909335 2.844488 0.318898,
        -2.927034 2.801759 0.318898,
        -2.933071 2.755906 0.318898,
        -2.927034 2.710052 0.318898,
        -2.755906 2.578740 0.318898,
        -2.710052 2.584777 0.318898,
        2.677559 2.519685 -0.003937,
        2.677559 2.992126 -0.003937,
        2.677559 2.204724 -0.003937,
        2.677559 1.732283 -0.003937,
        2.677559 1.417323 -0.003937,
        2.677559 0.944882 -0.003937,
        2.677559 0.629921 -0.003937,
        2.677559 0.157480 -0.003937,
        2.677559 -0.157480 -0.003937,
        2.677559 -0.629921 -0.003937,
        2.913780 -1.417323 0.318898,
        2.913780 -0.944882 0.318898,
        3.150000 -0.944882 0.318898,
        3.150000 -0.944882 -0.003937,
        2.677559 -0.944882 -0.003937,
        2.677559 -1.417323 -0.003937,
        3.150000 -1.417323 -0.003937,
        3.150000 -1.417323 0.318898,
        3.149606 -1.299213 0.318898,
        3.150000 -1.299213 0.318898,
        3.149606 -1.299213 -0.003937,
        3.150000 -1.299213 -0.003937,
        3.150000 -1.062992 0.318898,
        3.150000 -1.062992 -0.003937,
        3.149606 -1.062992 0.318898,
        3.149606 -1.062992 -0.003937,
        3.035520 -1.211672 -0.003937,
        3.047320 -1.240157 -0.003937,
        3.119037 -1.067017 -0.003937,
        3.090551 -1.078816 -0.003937,
        3.066090 -1.097586 -0.003937,
        3.047320 -1.122047 -0.003937,
        3.035520 -1.150533 -0.003937,
        3.031496 -1.181102 -0.003937,
        3.066090 -1.264619 -0.003937,
        3.090551 -1.283389 -0.003937,
        3.119037 -1.295188 -0.003937,
        3.066090 -1.264619 0.318898,
        3.047320 -1.240157 0.318898,
        3.119037 -1.295188 0.318898,
        3.090551 -1.283389 0.318898,
        3.035520 -1.211672 0.318898,
        3.031496 -1.181102 0.318898,
        3.035520 -1.150533 0.318898,
        3.047320 -1.122047 0.318898,
        3.066090 -1.097586 0.318898,
        3.090551 -1.078816 0.318898,
        3.119037 -1.067017 0.318898,
        2.913780 -2.204724 0.318898,
        2.913780 -1.732283 0.318898,
        3.150000 -1.732283 0.318898,
        3.150000 -1.732283 -0.003937,
        2.677559 -1.732283 -0.003937,
        2.677559 -2.204724 -0.003937,
        3.150000 -2.204724 -0.003937,
        3.150000 -2.204724 0.318898,
        3.149606 -2.086614 0.318898,
        3.150000 -2.086614 0.318898,
        3.149606 -2.086614 -0.003937,
        3.150000 -2.086614 -0.003937,
        3.150000 -1.850394 0.318898,
        3.150000 -1.850394 -0.003937,
        3.149606 -1.850394 0.318898,
        3.149606 -1.850394 -0.003937,
        3.119037 -1.854418 -0.003937,
        3.090551 -1.866217 -0.003937,
        3.066090 -1.884987 -0.003937,
        3.035520 -1.999073 -0.003937,
        3.047320 -2.027559 -0.003937,
        3.047320 -1.909449 -0.003937,
        3.035520 -1.937935 -0.003937,
        3.031496 -1.968504 -0.003937,
        3.066090 -2.052020 -0.003937,
        3.090551 -2.070791 -0.003937,
        3.119037 -2.082590 -0.003937,
        3.066090 -2.052020 0.318898,
        3.047320 -2.027559 0.318898,
        3.119037 -2.082590 0.318898,
        3.090551 -2.070791 0.318898,
        3.035520 -1.999073 0.318898,
        3.031496 -1.968504 0.318898,
        3.035520 -1.937935 0.318898,
        3.047320 -1.909449 0.318898,
        3.066090 -1.884987 0.318898,
        3.090551 -1.866217 0.318898,
        3.119037 -1.854418 0.318898,
        2.913780 -2.992126 0.318898,
        2.913780 -2.519685 0.318898,
        3.150000 -2.519685 0.318898,
        3.150000 -2.519685 -0.003937,
        2.677559 -2.519685 -0.003937,
        2.677559 -2.992126 -0.003937,
        3.150000 -2.992126 -0.003937,
        3.150000 -2.992126 0.318898,
        3.149606 -2.874016 0.318898,
        3.150000 -2.874016 0.318898,
        3.149606 -2.874016 -0.003937,
        3.150000 -2.874016 -0.003937,
        3.150000 -2.637795 0.318898,
        3.150000 -2.637795 -0.003937,
        3.149606 -2.637795 0.318898,
        3.149606 -2.637795 -0.003937,
        3.119037 -2.641820 -0.003937,
        3.090551 -2.653619 -0.003937,
        3.066090 -2.672389 -0.003937,
        3.035520 -2.786474 -0.003937,
        3.047320 -2.814961 -0.003937,
        3.047320 -2.696850 -0.003937,
        3.035520 -2.725336 -0.003937,
        3.031496 -2.755906 -0.003937,
        3.066090 -2.839422 -0.003937,
        3.090551 -2.858192 -0.003937,
        3.119037 -2.869991 -0.003937,
        3.066090 -2.839422 0.318898,
        3.047320 -2.814961 0.318898,
        3.119037 -2.869991 0.318898,
        3.090551 -2.858192 0.318898,
        3.035520 -2.786474 0.318898,
        3.031496 -2.755906 0.318898,
        3.035520 -2.725336 0.318898,
        3.047320 -2.696850 0.318898,
        3.066090 -2.672389 0.318898,
        3.090551 -2.653619 0.318898,
        3.119037 -2.641820 0.318898,
      ]
    }
    coordIndex [
      101, 100, 103, -1,
      103, 100, 105, -1,
      106, 107, 96, -1,
      96, 107, 97, -1,
      108, 109, 106, -1,
      106, 109, 107, -1,
      104, 105, 100, -1,
      99, 110, 111, -1,
      107, 109, 97, -1,
      97, 109, 112, -1,
      97, 112, 98, -1,
      98, 112, 113, -1,
      98, 113, 114, -1,
      114, 115, 98, -1,
      98, 115, 116, -1,
      98, 116, 99, -1,
      99, 116, 117, -1,
      99, 117, 110, -1,
      111, 118, 99, -1,
      99, 118, 119, -1,
      99, 119, 100, -1,
      100, 119, 120, -1,
      100, 120, 104, -1,
      108, 106, 96, -1,
      121, 122, 94, -1,
      103, 102, 101, -1,
      101, 102, 123, -1,
      101, 123, 94, -1,
      94, 123, 124, -1,
      94, 124, 121, -1,
      122, 125, 94, -1,
      94, 125, 126, -1,
      94, 126, 95, -1,
      95, 126, 127, -1,
      95, 127, 128, -1,
      128, 129, 95, -1,
      95, 129, 130, -1,
      95, 130, 96, -1,
      96, 130, 131, -1,
      96, 131, 108, -1,
      109, 108, 112, -1,
      112, 108, 131, -1,
      112, 131, 113, -1,
      113, 131, 130, -1,
      113, 130, 114, -1,
      114, 130, 129, -1,
      114, 129, 115, -1,
      115, 129, 128, -1,
      115, 128, 116, -1,
      116, 128, 127, -1,
      116, 127, 117, -1,
      117, 127, 126, -1,
      117, 126, 110, -1,
      110, 126, 125, -1,
      110, 125, 111, -1,
      111, 125, 122, -1,
      111, 122, 118, -1,
      118, 122, 121, -1,
      118, 121, 119, -1,
      119, 121, 124, -1,
      119, 124, 120, -1,
      120, 124, 123, -1,
      120, 123, 104, -1,
      104, 123, 102, -1,
      31, 132, 26, -1,
      26, 132, 133, -1,
      26, 133, 27, -1,
      27, 133, 134, -1,
      27, 134, 12, -1,
      12, 134, 135, -1,
      12, 135, 9, -1,
      9, 135, 136, -1,
      10, 137, 19, -1,
      19, 137, 138, -1,
      19, 138, 30, -1,
      30, 138, 139, -1,
      30, 139, 31, -1,
      31, 139, 132, -1,
      140, 141, 142, -1,
      142, 141, 143, -1,
      139, 138, 141, -1,
      141, 138, 143, -1,
      144, 145, 134, -1,
      134, 145, 135, -1,
      146, 147, 144, -1,
      144, 147, 145, -1,
      142, 143, 138, -1,
      145, 147, 135, -1,
      135, 147, 148, -1,
      135, 148, 136, -1,
      136, 148, 149, -1,
      136, 149, 150, -1,
      137, 151, 152, -1,
      150, 153, 136, -1,
      136, 153, 154, -1,
      136, 154, 137, -1,
      137, 154, 155, -1,
      137, 155, 151, -1,
      152, 156, 137, -1,
      137, 156, 157, -1,
      137, 157, 138, -1,
      138, 157, 158, -1,
      138, 158, 142, -1,
      146, 144, 134, -1,
      159, 160, 132, -1,
      141, 140, 139, -1,
      139, 140, 161, -1,
      139, 161, 132, -1,
      132, 161, 162, -1,
      132, 162, 159, -1,
      160, 163, 132, -1,
      132, 163, 164, -1,
      132, 164, 133, -1,
      133, 164, 165, -1,
      133, 165, 166, -1,
      166, 167, 133, -1,
      133, 167, 168, -1,
      133, 168, 134, -1,
      134, 168, 169, -1,
      134, 169, 146, -1,
      147, 146, 148, -1,
      148, 146, 169, -1,
      148, 169, 149, -1,
      149, 169, 168, -1,
      149, 168, 150, -1,
      150, 168, 167, -1,
      150, 167, 153, -1,
      153, 167, 166, -1,
      153, 166, 154, -1,
      154, 166, 165, -1,
      154, 165, 155, -1,
      155, 165, 164, -1,
      155, 164, 151, -1,
      151, 164, 163, -1,
      151, 163, 152, -1,
      152, 163, 160, -1,
      152, 160, 156, -1,
      156, 160, 159, -1,
      156, 159, 157, -1,
      157, 159, 162, -1,
      157, 162, 158, -1,
      158, 162, 161, -1,
      158, 161, 142, -1,
      142, 161, 140, -1,
      25, 170, 28, -1,
      28, 170, 171, -1,
      28, 171, 29, -1,
      29, 171, 172, -1,
      29, 172, 18, -1,
      18, 172, 173, -1,
      18, 173, 17, -1,
      17, 173, 174, -1,
      16, 175, 15, -1,
      15, 175, 176, -1,
      15, 176, 24, -1,
      24, 176, 177, -1,
      24, 177, 25, -1,
      25, 177, 170, -1,
      178, 179, 180, -1,
      180, 179, 181, -1,
      177, 176, 179, -1,
      179, 176, 181, -1,
      182, 183, 172, -1,
      172, 183, 173, -1,
      184, 185, 182, -1,
      182, 185, 183, -1,
      180, 181, 176, -1,
      183, 185, 173, -1,
      173, 185, 186, -1,
      173, 186, 174, -1,
      174, 186, 187, -1,
      174, 187, 188, -1,
      175, 189, 190, -1,
      188, 191, 174, -1,
      174, 191, 192, -1,
      174, 192, 175, -1,
      175, 192, 193, -1,
      175, 193, 189, -1,
      190, 194, 175, -1,
      175, 194, 195, -1,
      175, 195, 176, -1,
      176, 195, 196, -1,
      176, 196, 180, -1,
      184, 182, 172, -1,
      197, 198, 170, -1,
      179, 178, 177, -1,
      177, 178, 199, -1,
      177, 199, 170, -1,
      170, 199, 200, -1,
      170, 200, 197, -1,
      198, 201, 170, -1,
      170, 201, 202, -1,
      170, 202, 171, -1,
      171, 202, 203, -1,
      171, 203, 204, -1,
      204, 205, 171, -1,
      171, 205, 206, -1,
      171, 206, 172, -1,
      172, 206, 207, -1,
      172, 207, 184, -1,
      185, 184, 186, -1,
      186, 184, 207, -1,
      186, 207, 187, -1,
      187, 207, 206, -1,
      187, 206, 188, -1,
      188, 206, 205, -1,
      188, 205, 191, -1,
      191, 205, 204, -1,
      191, 204, 192, -1,
      192, 204, 203, -1,
      192, 203, 193, -1,
      193, 203, 202, -1,
      193, 202, 189, -1,
      189, 202, 201, -1,
      189, 201, 190, -1,
      190, 201, 198, -1,
      190, 198, 194, -1,
      194, 198, 197, -1,
      194, 197, 195, -1,
      195, 197, 200, -1,
      195, 200, 196, -1,
      196, 200, 199, -1,
      196, 199, 180, -1,
      180, 199, 178, -1,
      0, 1, 84, -1,
      84, 1, 85, -1,
      4, 5, 87, -1,
      87, 5, 86, -1,
      3, 2, 89, -1,
      89, 2, 88, -1,
      6, 7, 91, -1,
      91, 7, 90, -1,
      13, 8, 93, -1,
      93, 8, 92, -1,
      11, 14, 99, -1,
      99, 14, 98, -1,
      10, 9, 137, -1,
      137, 9, 136, -1,
      16, 17, 175, -1,
      175, 17, 174, -1,
      21, 35, 20, -1,
      20, 35, 32, -1,
      33, 34, 22, -1,
      22, 34, 23, -1,
      47, 62, 48, -1,
      48, 62, 65, -1,
      48, 65, 43, -1,
      43, 65, 64, -1,
      43, 64, 44, -1,
      44, 64, 61, -1,
      44, 61, 45, -1,
      45, 61, 60, -1,
      45, 60, 49, -1,
      49, 60, 74, -1,
      49, 74, 50, -1,
      50, 74, 73, -1,
      50, 73, 51, -1,
      51, 73, 72, -1,
      51, 72, 38, -1,
      38, 72, 68, -1,
      38, 68, 39, -1,
      39, 68, 67, -1,
      39, 67, 53, -1,
      53, 67, 78, -1,
      53, 78, 52, -1,
      52, 78, 79, -1,
      52, 79, 54, -1,
      54, 79, 80, -1,
      54, 80, 55, -1,
      55, 80, 81, -1,
      55, 81, 56, -1,
      56, 81, 77, -1,
      56, 77, 57, -1,
      57, 77, 76, -1,
      57, 76, 36, -1,
      36, 76, 75, -1,
      36, 75, 37, -1,
      37, 75, 66, -1,
      37, 66, 58, -1,
      58, 66, 82, -1,
      58, 82, 59, -1,
      59, 82, 83, -1,
      59, 83, 40, -1,
      40, 83, 71, -1,
      40, 71, 41, -1,
      41, 71, 70, -1,
      41, 70, 42, -1,
      42, 70, 69, -1,
      42, 69, 46, -1,
      46, 69, 63, -1,
      46, 63, 47, -1,
      47, 63, 62, -1,
    ]
  }
}

Shape {
  appearance Appearance {
    material Material {
      diffuseColor 0.7020 0.7020 0.7020
      specularColor 0.0510 0.0510 0.0510
      ambientIntensity 0.2
      transparency 0.0000
      shininess 0.5
    }
  }
  geometry IndexedFaceSet {
    ccw TRUE
    solid FALSE
    coord DEF co Coordinate {
      point [
        -1.417323 2.913386 0.314961,
        -1.417323 2.047244 0.314961,
        -2.283465 2.047244 0.314961,
        -2.283465 2.913386 0.314961,
        -1.417323 2.913386 0.393701,
        -1.417323 2.047244 0.393701,
        -2.283465 2.913386 0.393701,
        -2.283465 2.047244 0.393701,
        -1.599844 2.229765 0.393701,
        -1.673228 2.173456 0.393701,
        -2.157253 2.657480 0.393701,
        -2.100943 2.730865 0.393701,
        -2.027559 2.787174 0.393701,
        -1.673228 2.787174 0.393701,
        -1.599844 2.730865 0.393701,
        -1.543534 2.657480 0.393701,
        -1.543534 2.303150 0.393701,
        -2.027559 2.173456 0.393701,
        -2.100943 2.229765 0.393701,
        -2.157253 2.303150 0.393701,
        -2.192651 2.388607 0.393701,
        -2.204724 2.480315 0.393701,
        -2.192651 2.572022 0.393701,
        -1.942101 2.822572 0.393701,
        -1.850394 2.834646 0.393701,
        -1.758686 2.822572 0.393701,
        -1.508137 2.572022 0.393701,
        -1.496063 2.480315 0.393701,
        -1.508137 2.388607 0.393701,
        -1.758686 2.138058 0.393701,
        -1.850394 2.125984 0.393701,
        -1.942101 2.138058 0.393701,
      ]
    }
    coordIndex [
      4, 5, 0, -1,
      0, 5, 1, -1,
      6, 4, 3, -1,
      3, 4, 0, -1,
      7, 6, 2, -1,
      2, 6, 3, -1,
      5, 7, 1, -1,
      1, 7, 2, -1,
      8, 9, 5, -1,
      10, 11, 6, -1,
      6, 11, 12, -1,
      13, 14, 4, -1,
      4, 14, 15, -1,
      8, 5, 16, -1,
      17, 18, 7, -1,
      7, 18, 19, -1,
      19, 20, 7, -1,
      7, 20, 21, -1,
      7, 21, 6, -1,
      6, 21, 22, -1,
      6, 22, 10, -1,
      12, 23, 6, -1,
      6, 23, 24, -1,
      6, 24, 4, -1,
      4, 24, 25, -1,
      4, 25, 13, -1,
      15, 26, 4, -1,
      4, 26, 27, -1,
      4, 27, 5, -1,
      5, 27, 28, -1,
      5, 28, 16, -1,
      9, 29, 5, -1,
      5, 29, 30, -1,
      5, 30, 7, -1,
      7, 30, 31, -1,
      7, 31, 17, -1,
    ]
  }
}

Shape {
  appearance Appearance {
    material Material {
      diffuseColor 0.8275 0.6667 0.1294
      specularColor 0.8275 0.6667 0.1294
      ambientIntensity 0.2
      transparency 0.0000
      shininess 0.5
    }
  }
  geometry IndexedFaceSet {
    ccw TRUE
    solid FALSE
    coord DEF co Coordinate {
      point [
        -1.599844 2.229765 0.393701,
        -1.673228 2.173456 0.393701,
        -2.157253 2.657480 0.393701,
        -2.100943 2.730865 0.393701,
        -2.027559 2.787174 0.393701,
        -1.673228 2.787174 0.393701,
        -1.599844 2.730865 0.393701,
        -1.543534 2.657480 0.393701,
        -1.543534 2.303150 0.393701,
        -2.027559 2.173456 0.393701,
        -2.100943 2.229765 0.393701,
        -2.157253 2.303150 0.393701,
        -2.192651 2.388607 0.393701,
        -2.204724 2.480315 0.393701,
        -2.192651 2.572022 0.393701,
        -1.942101 2.822572 0.393701,
        -1.850394 2.834646 0.393701,
        -1.758686 2.822572 0.393701,
        -1.508137 2.572022 0.393701,
        -1.496063 2.480315 0.393701,
        -1.508137 2.388607 0.393701,
        -1.758686 2.138058 0.393701,
        -1.850394 2.125984 0.393701,
        -1.942101 2.138058 0.393701,
        -1.577630 2.637795 0.669291,
        -1.543534 2.657480 0.669291,
        -1.627683 2.703026 0.669291,
        -1.599844 2.730865 0.669291,
        -1.692913 2.753079 0.669291,
        -1.673228 2.787174 0.669291,
        -1.768876 2.784544 0.669291,
        -1.758686 2.822572 0.669291,
        -1.850394 2.795276 0.669291,
        -1.850394 2.834646 0.669291,
        -1.931911 2.784544 0.669291,
        -1.942101 2.822572 0.669291,
        -2.007874 2.753079 0.669291,
        -2.027559 2.787174 0.669291,
        -2.073104 2.703026 0.669291,
        -2.100943 2.730865 0.669291,
        -2.123157 2.637795 0.669291,
        -2.157253 2.657480 0.669291,
        -2.154622 2.561833 0.669291,
        -2.192651 2.572022 0.669291,
        -2.165354 2.480315 0.669291,
        -2.204724 2.480315 0.669291,
        -2.154622 2.398797 0.669291,
        -2.192651 2.388607 0.669291,
        -2.123157 2.322835 0.669291,
        -2.157253 2.303150 0.669291,
        -2.073104 2.257604 0.669291,
        -2.100943 2.229765 0.669291,
        -2.007874 2.207551 0.669291,
        -2.027559 2.173456 0.669291,
        -1.931911 2.176086 0.669291,
        -1.942101 2.138058 0.669291,
        -1.850394 2.165354 0.669291,
        -1.850394 2.125984 0.669291,
        -1.768876 2.176086 0.669291,
        -1.758686 2.138058 0.669291,
        -1.692913 2.207551 0.669291,
        -1.673228 2.173456 0.669291,
        -1.627683 2.257604 0.669291,
        -1.599844 2.229765 0.669291,
        -1.577630 2.322835 0.669291,
        -1.543534 2.303150 0.669291,
        -1.546165 2.398797 0.669291,
        -1.508137 2.388607 0.669291,
        -1.535433 2.480315 0.669291,
        -1.496063 2.480315 0.669291,
        -1.546165 2.561833 0.669291,
        -1.508137 2.572022 0.669291,
        -2.165354 2.480315 0.393701,
        -2.154622 2.561833 0.393701,
        -2.123157 2.637795 0.393701,
        -2.073104 2.703026 0.393701,
        -2.007874 2.753079 0.393701,
        -1.931911 2.784544 0.393701,
        -1.850394 2.795276 0.393701,
        -1.768876 2.784544 0.393701,
        -1.692913 2.753079 0.393701,
        -1.627683 2.703026 0.393701,
        -1.577630 2.637795 0.393701,
        -1.546165 2.561833 0.393701,
        -1.535433 2.480315 0.393701,
        -1.546165 2.398797 0.393701,
        -1.577630 2.322835 0.393701,
        -1.627683 2.257604 0.393701,
        -1.692913 2.207551 0.393701,
        -1.768876 2.176086 0.393701,
        -1.850394 2.165354 0.393701,
        -1.931911 2.176086 0.393701,
        -2.007874 2.207551 0.393701,
        -2.073104 2.257604 0.393701,
        -2.123157 2.322835 0.393701,
        -2.154622 2.398797 0.393701,
      ]
    }
    coordIndex [
      24, 25, 26, -1,
      26, 25, 27, -1,
      26, 27, 28, -1,
      28, 27, 29, -1,
      28, 29, 30, -1,
      30, 29, 31, -1,
      30, 31, 32, -1,
      32, 31, 33, -1,
      32, 33, 34, -1,
      34, 33, 35, -1,
      34, 35, 36, -1,
      36, 35, 37, -1,
      36, 37, 38, -1,
      38, 37, 39, -1,
      38, 39, 40, -1,
      40, 39, 41, -1,
      40, 41, 42, -1,
      42, 41, 43, -1,
      42, 43, 44, -1,
      44, 43, 45, -1,
      44, 45, 46, -1,
      46, 45, 47, -1,
      46, 47, 48, -1,
      48, 47, 49, -1,
      48, 49, 50, -1,
      50, 49, 51, -1,
      50, 51, 52, -1,
      52, 51, 53, -1,
      52, 53, 54, -1,
      54, 53, 55, -1,
      54, 55, 56, -1,
      56, 55, 57, -1,
      56, 57, 58, -1,
      58, 57, 59, -1,
      58, 59, 60, -1,
      60, 59, 61, -1,
      60, 61, 62, -1,
      62, 61, 63, -1,
      62, 63, 64, -1,
      64, 63, 65, -1,
      64, 65, 66, -1,
      66, 65, 67, -1,
      66, 67, 68, -1,
      68, 67, 69, -1,
      68, 69, 70, -1,
      70, 69, 71, -1,
      70, 71, 24, -1,
      24, 71, 25, -1,
      13, 43, 14, -1,
      14, 43, 41, -1,
      14, 41, 2, -1,
      2, 41, 39, -1,
      2, 39, 3, -1,
      3, 39, 37, -1,
      3, 37, 4, -1,
      4, 37, 35, -1,
      4, 35, 15, -1,
      15, 35, 33, -1,
      15, 33, 16, -1,
      16, 33, 31, -1,
      16, 31, 17, -1,
      17, 31, 29, -1,
      17, 29, 5, -1,
      5, 29, 27, -1,
      5, 27, 6, -1,
      6, 27, 25, -1,
      6, 25, 7, -1,
      7, 25, 71, -1,
      7, 71, 18, -1,
      18, 71, 69, -1,
      18, 69, 19, -1,
      19, 69, 67, -1,
      19, 67, 20, -1,
      20, 67, 65, -1,
      20, 65, 8, -1,
      8, 65, 63, -1,
      8, 63, 0, -1,
      0, 63, 61, -1,
      0, 61, 1, -1,
      1, 61, 59, -1,
      1, 59, 21, -1,
      21, 59, 57, -1,
      21, 57, 22, -1,
      22, 57, 55, -1,
      22, 55, 23, -1,
      23, 55, 53, -1,
      23, 53, 9, -1,
      9, 53, 51, -1,
      9, 51, 10, -1,
      10, 51, 49, -1,
      10, 49, 11, -1,
      11, 49, 47, -1,
      11, 47, 12, -1,
      12, 47, 45, -1,
      12, 45, 13, -1,
      13, 45, 43, -1,
      44, 72, 42, -1,
      42, 72, 73, -1,
      42, 73, 40, -1,
      40, 73, 74, -1,
      40, 74, 38, -1,
      38, 74, 75, -1,
      38, 75, 36, -1,
      36, 75, 76, -1,
      36, 76, 34, -1,
      34, 76, 77, -1,
      34, 77, 32, -1,
      32, 77, 78, -1,
      32, 78, 30, -1,
      30, 78, 79, -1,
      30, 79, 28, -1,
      28, 79, 80, -1,
      28, 80, 26, -1,
      26, 80, 81, -1,
      26, 81, 24, -1,
      24, 81, 82, -1,
      24, 82, 70, -1,
      70, 82, 83, -1,
      70, 83, 68, -1,
      68, 83, 84, -1,
      68, 84, 66, -1,
      66, 84, 85, -1,
      66, 85, 64, -1,
      64, 85, 86, -1,
      64, 86, 62, -1,
      62, 86, 87, -1,
      62, 87, 60, -1,
      60, 87, 88, -1,
      60, 88, 58, -1,
      58, 88, 89, -1,
      58, 89, 56, -1,
      56, 89, 90, -1,
      56, 90, 54, -1,
      54, 90, 91, -1,
      54, 91, 52, -1,
      52, 91, 92, -1,
      52, 92, 50, -1,
      50, 92, 93, -1,
      50, 93, 48, -1,
      48, 93, 94, -1,
      48, 94, 46, -1,
      46, 94, 95, -1,
      46, 95, 44, -1,
      44, 95, 72, -1,
    ]
  }
}

Shape {
  appearance Appearance {
    material Material {
      diffuseColor 0.7020 0.7020 0.7020
      specularColor 0.0510 0.0510 0.0510
      ambientIntensity 0.2
      transparency 0.0000
      shininess 0.5
    }
  }
  geometry IndexedFaceSet {
    ccw TRUE
    solid FALSE
    coord DEF co Coordinate {
      point [
        -2.165354 2.480315 0.393701,
        -2.154622 2.561833 0.393701,
        -2.123157 2.637795 0.393701,
        -2.073104 2.703026 0.393701,
        -2.007874 2.753079 0.393701,
        -1.931911 2.784544 0.393701,
        -1.850394 2.795276 0.393701,
        -1.768876 2.784544 0.393701,
        -1.692913 2.753079 0.393701,
        -1.627683 2.703026 0.393701,
        -1.577630 2.637795 0.393701,
        -1.546165 2.561833 0.393701,
        -1.535433 2.480315 0.393701,
        -1.546165 2.398797 0.393701,
        -1.577630 2.322835 0.393701,
        -1.627683 2.257604 0.393701,
        -1.692913 2.207551 0.393701,
        -1.768876 2.176086 0.393701,
        -1.850394 2.165354 0.393701,
        -1.931911 2.176086 0.393701,
        -2.007874 2.207551 0.393701,
        -2.073104 2.257604 0.393701,
        -2.123157 2.322835 0.393701,
        -2.154622 2.398797 0.393701,
        -1.918585 2.440945 0.393701,
        -1.906071 2.424637 0.393701,
        -1.889764 2.412124 0.393701,
        -1.870773 2.404258 0.393701,
        -1.850394 2.401575 0.393701,
        -1.830014 2.404258 0.393701,
        -1.811024 2.412124 0.393701,
        -1.794716 2.424637 0.393701,
        -1.782203 2.440945 0.393701,
        -1.774337 2.459935 0.393701,
        -1.771654 2.480315 0.393701,
        -1.774337 2.500694 0.393701,
        -1.782203 2.519685 0.393701,
        -1.794716 2.535993 0.393701,
        -1.811024 2.548506 0.393701,
        -1.830014 2.556372 0.393701,
        -1.850394 2.559055 0.393701,
        -1.870773 2.556372 0.393701,
        -1.889764 2.548506 0.393701,
        -1.906071 2.535993 0.393701,
        -1.918585 2.519685 0.393701,
        -1.926451 2.500694 0.393701,
        -1.929134 2.480315 0.393701,
        -1.926451 2.459935 0.393701,
      ]
    }
    coordIndex [
      24, 22, 25, -1,
      25, 22, 21, -1,
      25, 21, 26, -1,
      26, 21, 20, -1,
      26, 20, 27, -1,
      27, 20, 19, -1,
      27, 19, 28, -1,
      28, 19, 18, -1,
      28, 18, 29, -1,
      29, 18, 17, -1,
      29, 17, 30, -1,
      30, 17, 16, -1,
      30, 16, 31, -1,
      31, 16, 15, -1,
      31, 15, 32, -1,
      32, 15, 14, -1,
      32, 14, 33, -1,
      33, 14, 13, -1,
      33, 13, 34, -1,
      34, 13, 12, -1,
      34, 12, 35, -1,
      35, 12, 11, -1,
      35, 11, 36, -1,
      36, 11, 10, -1,
      36, 10, 37, -1,
      37, 10, 9, -1,
      37, 9, 38, -1,
      38, 9, 8, -1,
      38, 8, 39, -1,
      39, 8, 7, -1,
      39, 7, 40, -1,
      40, 7, 6, -1,
      40, 6, 41, -1,
      41, 6, 5, -1,
      41, 5, 42, -1,
      42, 5, 4, -1,
      42, 4, 43, -1,
      43, 4, 3, -1,
      43, 3, 44, -1,
      44, 3, 2, -1,
      44, 2, 45, -1,
      45, 2, 1, -1,
      45, 1, 46, -1,
      46, 1, 0, -1,
      46, 0, 47, -1,
      47, 0, 23, -1,
      47, 23, 24, -1,
      24, 23, 22, -1,
    ]
  }
}

Shape {
  appearance Appearance {
    material Material {
      diffuseColor 0.8275 0.6667 0.1294
      specularColor 0.8275 0.6667 0.1294
      ambientIntensity 0.2
      transparency 0.0000
      shininess 0.5
    }
  }
  geometry IndexedFaceSet {
    ccw TRUE
    solid FALSE
    coord DEF co Coordinate {
      point [
        -1.918585 2.440945 0.393701,
        -1.906071 2.424637 0.393701,
        -1.889764 2.412124 0.393701,
        -1.870773 2.404258 0.393701,
        -1.850394 2.401575 0.393701,
        -1.830014 2.404258 0.393701,
        -1.811024 2.412124 0.393701,
        -1.794716 2.424637 0.393701,
        -1.782203 2.440945 0.393701,
        -1.774337 2.459935 0.393701,
        -1.771654 2.480315 0.393701,
        -1.774337 2.500694 0.393701,
        -1.782203 2.519685 0.393701,
        -1.794716 2.535993 0.393701,
        -1.811024 2.548506 0.393701,
        -1.830014 2.556372 0.393701,
        -1.850394 2.559055 0.393701,
        -1.870773 2.556372 0.393701,
        -1.889764 2.548506 0.393701,
        -1.906071 2.535993 0.393701,
        -1.918585 2.519685 0.393701,
        -1.926451 2.500694 0.393701,
        -1.929134 2.480315 0.393701,
        -1.926451 2.459935 0.393701,
        -1.926451 2.500694 0.590551,
        -1.918585 2.519685 0.590551,
        -1.906071 2.535993 0.590551,
        -1.889764 2.548506 0.590551,
        -1.870773 2.556372 0.590551,
        -1.850394 2.559055 0.590551,
        -1.830014 2.556372 0.590551,
        -1.811024 2.548506 0.590551,
        -1.794716 2.535993 0.590551,
        -1.782203 2.519685 0.590551,
        -1.774337 2.500694 0.590551,
        -1.771654 2.480315 0.590551,
        -1.774337 2.459935 0.590551,
        -1.782203 2.440945 0.590551,
        -1.794716 2.424637 0.590551,
        -1.811024 2.412124 0.590551,
        -1.830014 2.404258 0.590551,
        -1.850394 2.401575 0.590551,
        -1.870773 2.404258 0.590551,
        -1.889764 2.412124 0.590551,
        -1.906071 2.424637 0.590551,
        -1.918585 2.440945 0.590551,
        -1.926451 2.459935 0.590551,
        -1.929134 2.480315 0.590551,
        -1.850394 2.480315 0.669291,
        -1.830709 2.485589 0.666608,
        -1.832744 2.490505 0.666608,
        -1.830014 2.480315 0.666608,
        -1.840204 2.497964 0.666608,
        -1.845119 2.500000 0.666608,
        -1.835983 2.494725 0.666608,
        -1.855669 2.500000 0.666608,
        -1.860583 2.497964 0.666608,
        -1.850394 2.500694 0.666608,
        -1.868043 2.490505 0.666608,
        -1.870079 2.485589 0.666608,
        -1.864804 2.494725 0.666608,
        -1.870079 2.475040 0.666608,
        -1.868043 2.470125 0.666608,
        -1.870773 2.480315 0.666608,
        -1.860583 2.462666 0.666608,
        -1.855669 2.460630 0.666608,
        -1.864804 2.465905 0.666608,
        -1.845119 2.460630 0.666608,
        -1.840204 2.462666 0.666608,
        -1.850394 2.459935 0.666608,
        -1.832744 2.470125 0.666608,
        -1.830709 2.475040 0.666608,
        -1.835983 2.465905 0.666608,
        -1.812365 2.490505 0.658742,
        -1.816298 2.500000 0.658742,
        -1.822555 2.508154 0.658742,
        -1.830709 2.514411 0.658742,
        -1.840204 2.518344 0.658742,
        -1.850394 2.519685 0.658742,
        -1.860583 2.518344 0.658742,
        -1.870079 2.514411 0.658742,
        -1.878232 2.508154 0.658742,
        -1.884489 2.500000 0.658742,
        -1.888422 2.490505 0.658742,
        -1.889764 2.480315 0.658742,
        -1.888422 2.470125 0.658742,
        -1.884489 2.460630 0.658742,
        -1.878232 2.452476 0.658742,
        -1.870079 2.446219 0.658742,
        -1.860583 2.442286 0.658742,
        -1.850394 2.440945 0.658742,
        -1.840204 2.442286 0.658742,
        -1.830709 2.446219 0.658742,
        -1.822555 2.452476 0.658742,
        -1.816298 2.460630 0.658742,
        -1.812365 2.470125 0.658742,
        -1.811024 2.480315 0.658742,
        -1.796613 2.494725 0.646229,
        -1.802176 2.508154 0.646229,
        -1.811024 2.519685 0.646229,
        -1.822555 2.528533 0.646229,
        -1.835983 2.534096 0.646229,
        -1.850394 2.535993 0.646229,
        -1.864804 2.534096 0.646229,
        -1.878232 2.528533 0.646229,
        -1.889764 2.519685 0.646229,
        -1.898612 2.508154 0.646229,
        -1.904174 2.494725 0.646229,
        -1.906071 2.480315 0.646229,
        -1.904174 2.465905 0.646229,
        -1.898612 2.452476 0.646229,
        -1.889764 2.440945 0.646229,
        -1.878232 2.432097 0.646229,
        -1.864804 2.426534 0.646229,
        -1.850394 2.424637 0.646229,
        -1.835983 2.426534 0.646229,
        -1.822555 2.432097 0.646229,
        -1.811024 2.440945 0.646229,
        -1.802176 2.452476 0.646229,
        -1.796613 2.465905 0.646229,
        -1.794716 2.480315 0.646229,
        -1.784526 2.497964 0.629921,
        -1.791339 2.514411 0.629921,
        -1.802176 2.528533 0.629921,
        -1.816298 2.539370 0.629921,
        -1.832744 2.546182 0.629921,
        -1.850394 2.548506 0.629921,
        -1.868043 2.546182 0.629921,
        -1.884489 2.539370 0.629921,
        -1.898612 2.528533 0.629921,
        -1.909449 2.514411 0.629921,
        -1.916261 2.497964 0.629921,
        -1.918585 2.480315 0.629921,
        -1.916261 2.462666 0.629921,
        -1.909449 2.446219 0.629921,
        -1.898612 2.432097 0.629921,
        -1.884489 2.421260 0.629921,
        -1.868043 2.414448 0.629921,
        -1.850394 2.412124 0.629921,
        -1.832744 2.414448 0.629921,
        -1.816298 2.421260 0.629921,
        -1.802176 2.432097 0.629921,
        -1.791339 2.446219 0.629921,
        -1.784526 2.462666 0.629921,
        -1.782203 2.480315 0.629921,
        -1.776928 2.500000 0.610931,
        -1.784526 2.518344 0.610931,
        -1.796613 2.534096 0.610931,
        -1.812365 2.546182 0.610931,
        -1.830709 2.553781 0.610931,
        -1.850394 2.556372 0.610931,
        -1.870079 2.553781 0.610931,
        -1.888422 2.546182 0.610931,
        -1.904174 2.534096 0.610931,
        -1.916261 2.518344 0.610931,
        -1.923859 2.500000 0.610931,
        -1.926451 2.480315 0.610931,
        -1.923859 2.460630 0.610931,
        -1.916261 2.442286 0.610931,
        -1.904174 2.426534 0.610931,
        -1.888422 2.414448 0.610931,
        -1.870079 2.406850 0.610931,
        -1.850394 2.404258 0.610931,
        -1.830709 2.406850 0.610931,
        -1.812365 2.414448 0.610931,
        -1.796613 2.426534 0.610931,
        -1.784526 2.442286 0.610931,
        -1.776928 2.460630 0.610931,
        -1.774337 2.480315 0.610931,
      ]
    }
    coordIndex [
      22, 24, 21, -1,
      21, 24, 25, -1,
      21, 25, 20, -1,
      20, 25, 26, -1,
      20, 26, 19, -1,
      19, 26, 27, -1,
      19, 27, 18, -1,
      18, 27, 28, -1,
      18, 28, 17, -1,
      17, 28, 29, -1,
      17, 29, 16, -1,
      16, 29, 30, -1,
      16, 30, 15, -1,
      15, 30, 31, -1,
      15, 31, 14, -1,
      14, 31, 32, -1,
      14, 32, 13, -1,
      13, 32, 33, -1,
      13, 33, 12, -1,
      12, 33, 34, -1,
      12, 34, 11, -1,
      11, 34, 35, -1,
      11, 35, 10, -1,
      10, 35, 36, -1,
      10, 36, 9, -1,
      9, 36, 37, -1,
      9, 37, 8, -1,
      8, 37, 38, -1,
      8, 38, 7, -1,
      7, 38, 39, -1,
      7, 39, 6, -1,
      6, 39, 40, -1,
      6, 40, 5, -1,
      5, 40, 41, -1,
      5, 41, 4, -1,
      4, 41, 42, -1,
      4, 42, 3, -1,
      3, 42, 43, -1,
      3, 43, 2, -1,
      2, 43, 44, -1,
      2, 44, 1, -1,
      1, 44, 45, -1,
      1, 45, 0, -1,
      0, 45, 46, -1,
      0, 46, 23, -1,
      23, 46, 47, -1,
      23, 47, 22, -1,
      22, 47, 24, -1,
      48, 49, 50, -1,
      51, 49, 48, -1,
      48, 52, 53, -1,
      54, 52, 48, -1,
      50, 54, 48, -1,
      48, 55, 56, -1,
      57, 55, 48, -1,
      53, 57, 48, -1,
      48, 58, 59, -1,
      60, 58, 48, -1,
      56, 60, 48, -1,
      48, 61, 62, -1,
      63, 61, 48, -1,
      59, 63, 48, -1,
      48, 64, 65, -1,
      66, 64, 48, -1,
      62, 66, 48, -1,
      48, 67, 68, -1,
      69, 67, 48, -1,
      65, 69, 48, -1,
      48, 70, 71, -1,
      72, 70, 48, -1,
      68, 72, 48, -1,
      71, 51, 48, -1,
      51, 73, 49, -1,
      49, 73, 74, -1,
      49, 74, 50, -1,
      50, 74, 75, -1,
      50, 75, 54, -1,
      54, 75, 76, -1,
      54, 76, 52, -1,
      52, 76, 77, -1,
      52, 77, 53, -1,
      53, 77, 78, -1,
      53, 78, 57, -1,
      57, 78, 79, -1,
      57, 79, 55, -1,
      55, 79, 80, -1,
      55, 80, 56, -1,
      56, 80, 81, -1,
      56, 81, 60, -1,
      60, 81, 82, -1,
      60, 82, 58, -1,
      58, 82, 83, -1,
      58, 83, 59, -1,
      59, 83, 84, -1,
      59, 84, 63, -1,
      63, 84, 85, -1,
      63, 85, 61, -1,
      61, 85, 86, -1,
      61, 86, 62, -1,
      62, 86, 87, -1,
      62, 87, 66, -1,
      66, 87, 88, -1,
      66, 88, 64, -1,
      64, 88, 89, -1,
      64, 89, 65, -1,
      65, 89, 90, -1,
      65, 90, 69, -1,
      69, 90, 91, -1,
      69, 91, 67, -1,
      67, 91, 92, -1,
      67, 92, 68, -1,
      68, 92, 93, -1,
      68, 93, 72, -1,
      72, 93, 94, -1,
      72, 94, 70, -1,
      70, 94, 95, -1,
      70, 95, 71, -1,
      71, 95, 96, -1,
      71, 96, 51, -1,
      51, 96, 73, -1,
      96, 97, 73, -1,
      73, 97, 98, -1,
      73, 98, 74, -1,
      74, 98, 99, -1,
      74, 99, 75, -1,
      75, 99, 100, -1,
      75, 100, 76, -1,
      76, 100, 101, -1,
      76, 101, 77, -1,
      77, 101, 102, -1,
      77, 102, 78, -1,
      78, 102, 103, -1,
      78, 103, 79, -1,
      79, 103, 104, -1,
      79, 104, 80, -1,
      80, 104, 105, -1,
      80, 105, 81, -1,
      81, 105, 106, -1,
      81, 106, 82, -1,
      82, 106, 107, -1,
      82, 107, 83, -1,
      83, 107, 108, -1,
      83, 108, 84, -1,
      84, 108, 109, -1,
      84, 109, 85, -1,
      85, 109, 110, -1,
      85, 110, 86, -1,
      86, 110, 111, -1,
      86, 111, 87, -1,
      87, 111, 112, -1,
      87, 112, 88, -1,
      88, 112, 113, -1,
      88, 113, 89, -1,
      89, 113, 114, -1,
      89, 114, 90, -1,
      90, 114, 115, -1,
      90, 115, 91, -1,
      91, 115, 116, -1,
      91, 116, 92, -1,
      92, 116, 117, -1,
      92, 117, 93, -1,
      93, 117, 118, -1,
      93, 118, 94, -1,
      94, 118, 119, -1,
      94, 119, 95, -1,
      95, 119, 120, -1,
      95, 120, 96, -1,
      96, 120, 97, -1,
      120, 121, 97, -1,
      97, 121, 122, -1,
      97, 122, 98, -1,
      98, 122, 123, -1,
      98, 123, 99, -1,
      99, 123, 124, -1,
      99, 124, 100, -1,
      100, 124, 125, -1,
      100, 125, 101, -1,
      101, 125, 126, -1,
      101, 126, 102, -1,
      102, 126, 127, -1,
      102, 127, 103, -1,
      103, 127, 128, -1,
      103, 128, 104, -1,
      104, 128, 129, -1,
      104, 129, 105, -1,
      105, 129, 130, -1,
      105, 130, 106, -1,
      106, 130, 131, -1,
      106, 131, 107, -1,
      107, 131, 132, -1,
      107, 132, 108, -1,
      108, 132, 133, -1,
      108, 133, 109, -1,
      109, 133, 134, -1,
      109, 134, 110, -1,
      110, 134, 135, -1,
      110, 135, 111, -1,
      111, 135, 136, -1,
      111, 136, 112, -1,
      112, 136, 137, -1,
      112, 137, 113, -1,
      113, 137, 138, -1,
      113, 138, 114, -1,
      114, 138, 139, -1,
      114, 139, 115, -1,
      115, 139, 140, -1,
      115, 140, 116, -1,
      116, 140, 141, -1,
      116, 141, 117, -1,
      117, 141, 142, -1,
      117, 142, 118, -1,
      118, 142, 143, -1,
      118, 143, 119, -1,
      119, 143, 144, -1,
      119, 144, 120, -1,
      120, 144, 121, -1,
      144, 145, 121, -1,
      121, 145, 146, -1,
      121, 146, 122, -1,
      122, 146, 147, -1,
      122, 147, 123, -1,
      123, 147, 148, -1,
      123, 148, 124, -1,
      124, 148, 149, -1,
      124, 149, 125, -1,
      125, 149, 150, -1,
      125, 150, 126, -1,
      126, 150, 151, -1,
      126, 151, 127, -1,
      127, 151, 152, -1,
      127, 152, 128, -1,
      128, 152, 153, -1,
      128, 153, 129, -1,
      129, 153, 154, -1,
      129, 154, 130, -1,
      130, 154, 155, -1,
      130, 155, 131, -1,
      131, 155, 156, -1,
      131, 156, 132, -1,
      132, 156, 157, -1,
      132, 157, 133, -1,
      133, 157, 158, -1,
      133, 158, 134, -1,
      134, 158, 159, -1,
      134, 159, 135, -1,
      135, 159, 160, -1,
      135, 160, 136, -1,
      136, 160, 161, -1,
      136, 161, 137, -1,
      137, 161, 162, -1,
      137, 162, 138, -1,
      138, 162, 163, -1,
      138, 163, 139, -1,
      139, 163, 164, -1,
      139, 164, 140, -1,
      140, 164, 165, -1,
      140, 165, 141, -1,
      141, 165, 166, -1,
      141, 166, 142, -1,
      142, 166, 167, -1,
      142, 167, 143, -1,
      143, 167, 168, -1,
      143, 168, 144, -1,
      144, 168, 145, -1,
      168, 34, 145, -1,
      145, 34, 33, -1,
      145, 33, 146, -1,
      146, 33, 32, -1,
      146, 32, 147, -1,
      147, 32, 31, -1,
      147, 31, 148, -1,
      148, 31, 30, -1,
      148, 30, 149, -1,
      149, 30, 29, -1,
      149, 29, 150, -1,
      150, 29, 28, -1,
      150, 28, 151, -1,
      151, 28, 27, -1,
      151, 27, 152, -1,
      152, 27, 26, -1,
      152, 26, 153, -1,
      153, 26, 25, -1,
      153, 25, 154, -1,
      154, 25, 24, -1,
      154, 24, 155, -1,
      155, 24, 47, -1,
      155, 47, 156, -1,
      156, 47, 46, -1,
      156, 46, 157, -1,
      157, 46, 45, -1,
      157, 45, 158, -1,
      158, 45, 44, -1,
      158, 44, 159, -1,
      159, 44, 43, -1,
      159, 43, 160, -1,
      160, 43, 42, -1,
      160, 42, 161, -1,
      161, 42, 41, -1,
      161, 41, 162, -1,
      162, 41, 40, -1,
      162, 40, 163, -1,
      163, 40, 39, -1,
      163, 39, 164, -1,
      164, 39, 38, -1,
      164, 38, 165, -1,
      165, 38, 37, -1,
      165, 37, 166, -1,
      166, 37, 36, -1,
      166, 36, 167, -1,
      167, 36, 35, -1,
      167, 35, 168, -1,
      168, 35, 34, -1,
    ]
  }
}

Shape {
  appearance Appearance {
    material Material {
      diffuseColor 1.0000 1.0000 1.0000
      specularColor 0.8784 0.8784 0.8784
      ambientIntensity 0.2
      transparency 0.0000
      shininess 0.5
    }
  }
  geometry IndexedFaceSet {
    ccw TRUE
    solid FALSE
    coord DEF co Coordinate {
      point [
        0.244863 -0.362204 0.000000,
        0.244863 -0.405415 0.000000,
        0.286829 -0.422647 0.000000,
        0.326611 -0.428221 0.000000,
        0.772998 -0.425820 0.000000,
        0.516960 -0.135815 0.000000,
        0.493884 -0.099007 0.000000,
        0.720184 -0.032120 0.000000,
        0.337511 -0.027319 0.000000,
        0.290381 -0.030571 0.000000,
        0.244863 -0.042922 0.000000,
        0.244863 -0.095736 0.000000,
        0.289209 -0.076747 0.000000,
        0.251919 -0.366113 0.000000,
        0.337061 -0.070530 0.000000,
        0.375828 -0.074883 0.000000,
        0.405296 -0.085518 0.000000,
        0.432546 -0.103748 0.000000,
        0.456321 -0.129995 0.000000,
        0.484924 -0.233171 0.000000,
        0.480938 -0.275792 0.000000,
        0.470242 -0.309656 0.000000,
        0.382635 -0.383292 0.000000,
        0.345913 -0.387411 0.000000,
        0.411322 -0.372731 0.000000,
        0.435484 -0.356445 0.000000,
        0.453959 -0.336955 0.000000,
        0.293653 -0.381610 0.000000,
        0.376343 -0.428221 0.000000,
        0.571346 -0.425820 0.000000,
        0.472552 -0.160393 0.000000,
        0.483046 -0.202539 0.000000,
        0.720184 -0.382609 0.000000,
        0.571346 -0.382609 0.000000,
        0.522081 -0.323666 0.000000,
        0.458340 -0.064823 0.000000,
        0.420944 -0.043298 0.000000,
        0.377055 -0.030547 0.000000,
        0.501108 -0.361101 0.000000,
        0.471536 -0.392234 0.000000,
        0.772998 -0.032120 0.000000,
        0.533931 -0.281993 0.000000,
        0.537738 -0.236397 0.000000,
        0.532074 -0.180425 0.000000,
        0.401708 -0.425591 0.000000,
        0.439867 -0.412457 0.000000,
        0.353191 -0.430622 0.000000,
        0.342426 -0.430437 0.000000,
        -0.043211 -0.382609 0.000000,
        -0.043211 -0.425820 0.000000,
        -0.120031 -0.425820 0.000000,
        -0.465719 -0.425820 0.000000,
        -0.417252 -0.317916 0.000000,
        -0.394675 -0.353130 0.000000,
        -0.033609 -0.075331 0.000000,
        0.115230 -0.075331 0.000000,
        0.115230 -0.204964 0.000000,
        -0.120031 -0.032120 0.000000,
        -0.024006 -0.204964 0.000000,
        -0.024006 -0.248175 0.000000,
        0.115230 -0.248175 0.000000,
        0.115230 -0.382609 0.000000,
        -0.362270 -0.384158 0.000000,
        -0.321162 -0.408047 0.000000,
        -0.275796 -0.421569 0.000000,
        -0.033609 -0.032120 0.000000,
        0.168043 -0.032120 0.000000,
        0.168043 -0.425820 0.000000,
        -0.288013 -0.038200 0.000000,
        -0.334077 -0.054375 0.000000,
        -0.821010 -0.425820 0.000000,
        -0.763395 -0.425820 0.000000,
        -0.231134 -0.032120 0.000000,
        -0.227083 -0.425820 0.000000,
        -0.423476 -0.148184 0.000000,
        -0.434051 -0.186974 0.000000,
        -0.614557 -0.032120 0.000000,
        -0.436912 -0.224019 0.000000,
        -0.431387 -0.276707 0.000000,
        -0.723560 -0.315393 0.000000,
        -0.560919 -0.315393 0.000000,
        -0.523334 -0.425820 0.000000,
        -0.376928 -0.083092 0.000000,
        -0.377339 -0.083454 0.000000,
        -0.405180 -0.114325 0.000000,
        -0.667371 -0.032120 0.000000,
        -0.667371 -0.032120 0.003937,
        -0.821010 -0.425820 0.003937,
        -0.763395 -0.425820 0.003937,
        -0.723560 -0.315393 0.003937,
        -0.560919 -0.315393 0.003937,
        -0.523334 -0.425820 0.003937,
        -0.465719 -0.425820 0.003937,
        -0.614557 -0.032120 0.003937,
        -0.574197 -0.272181 0.003937,
        -0.705856 -0.272181 0.003937,
        -0.632937 -0.107739 0.003937,
        -0.636726 -0.094085 0.003937,
        -0.639239 -0.080132 0.003937,
        -0.640514 -0.080132 0.003937,
        -0.643083 -0.094043 0.003937,
        -0.646591 -0.107739 0.003937,
        -0.574197 -0.272181 0.000000,
        -0.705856 -0.272181 0.000000,
        -0.632937 -0.107739 0.000000,
        -0.636726 -0.094085 0.000000,
        -0.639239 -0.080132 0.000000,
        -0.640514 -0.080132 0.000000,
        -0.643083 -0.094043 0.000000,
        -0.646591 -0.107739 0.000000,
        -0.227083 -0.425820 0.003937,
        -0.120031 -0.425820 0.003937,
        -0.120031 -0.032120 0.003937,
        -0.231134 -0.032120 0.003937,
        -0.436912 -0.224019 0.003937,
        -0.434051 -0.186974 0.003937,
        -0.423476 -0.148184 0.003937,
        -0.405180 -0.114325 0.003937,
        -0.377339 -0.083454 0.003937,
        -0.376928 -0.083092 0.003937,
        -0.334077 -0.054375 0.003937,
        -0.288013 -0.038200 0.003937,
        -0.275796 -0.421569 0.003937,
        -0.321162 -0.408047 0.003937,
        -0.362270 -0.384158 0.003937,
        -0.394675 -0.353130 0.003937,
        -0.417252 -0.317916 0.003937,
        -0.431387 -0.276707 0.003937,
        -0.357886 -0.130540 0.003937,
        -0.338763 -0.110235 0.003937,
        -0.310005 -0.091657 0.003937,
        -0.277507 -0.080284 0.003937,
        -0.230909 -0.075331 0.003937,
        -0.172844 -0.075331 0.003937,
        -0.172844 -0.382609 0.003937,
        -0.228733 -0.382609 0.003937,
        -0.270269 -0.378744 0.003937,
        -0.303400 -0.368402 0.003937,
        -0.330250 -0.352458 0.003937,
        -0.352331 -0.330648 0.003937,
        -0.368937 -0.303504 0.003937,
        -0.380483 -0.266496 0.003937,
        -0.384098 -0.225144 0.003937,
        -0.380754 -0.185961 0.003937,
        -0.371563 -0.154822 0.003937,
        -0.230909 -0.075331 0.000000,
        -0.172844 -0.075331 0.000000,
        -0.277507 -0.080284 0.000000,
        -0.310005 -0.091657 0.000000,
        -0.338763 -0.110235 0.000000,
        -0.357886 -0.130540 0.000000,
        -0.371563 -0.154822 0.000000,
        -0.380754 -0.185961 0.000000,
        -0.384098 -0.225144 0.000000,
        -0.380483 -0.266496 0.000000,
        -0.368937 -0.303504 0.000000,
        -0.352331 -0.330648 0.000000,
        -0.330250 -0.352458 0.000000,
        -0.303400 -0.368402 0.000000,
        -0.270269 -0.378744 0.000000,
        -0.228733 -0.382609 0.000000,
        -0.172844 -0.382609 0.000000,
        -0.043211 -0.382609 0.003937,
        -0.043211 -0.425820 0.003937,
        0.168043 -0.425820 0.003937,
        0.168043 -0.032120 0.003937,
        -0.033609 -0.032120 0.003937,
        -0.033609 -0.075331 0.003937,
        0.115230 -0.075331 0.003937,
        0.115230 -0.204964 0.003937,
        -0.024006 -0.204964 0.003937,
        -0.024006 -0.248175 0.003937,
        0.115230 -0.248175 0.003937,
        0.115230 -0.382609 0.003937,
        0.244863 -0.362204 0.003937,
        0.244863 -0.405415 0.003937,
        0.286829 -0.422647 0.003937,
        0.353191 -0.430622 0.003937,
        0.342426 -0.430437 0.003937,
        0.401708 -0.425591 0.003937,
        0.439867 -0.412457 0.003937,
        0.471536 -0.392234 0.003937,
        0.501108 -0.361101 0.003937,
        0.522081 -0.323666 0.003937,
        0.533931 -0.281993 0.003937,
        0.537738 -0.236397 0.003937,
        0.337511 -0.027319 0.003937,
        0.377055 -0.030547 0.003937,
        0.420944 -0.043298 0.003937,
        0.458340 -0.064823 0.003937,
        0.493884 -0.099007 0.003937,
        0.516960 -0.135815 0.003937,
        0.532074 -0.180425 0.003937,
        0.244863 -0.042922 0.003937,
        0.290381 -0.030571 0.003937,
        0.244863 -0.095736 0.003937,
        0.337061 -0.070530 0.003937,
        0.289209 -0.076747 0.003937,
        0.484924 -0.233171 0.003937,
        0.483046 -0.202539 0.003937,
        0.472552 -0.160393 0.003937,
        0.456321 -0.129995 0.003937,
        0.432546 -0.103748 0.003937,
        0.405296 -0.085518 0.003937,
        0.375828 -0.074883 0.003937,
        0.345913 -0.387411 0.003937,
        0.382635 -0.383292 0.003937,
        0.411322 -0.372731 0.003937,
        0.435484 -0.356445 0.003937,
        0.453959 -0.336955 0.003937,
        0.470242 -0.309656 0.003937,
        0.480938 -0.275792 0.003937,
        0.251919 -0.366113 0.003937,
        0.293653 -0.381610 0.003937,
        0.571346 -0.382609 0.003937,
        0.571346 -0.425820 0.003937,
        0.772998 -0.425820 0.003937,
        0.772998 -0.032120 0.003937,
        0.720184 -0.032120 0.003937,
        0.720184 -0.382609 0.003937,
      ]
    }
    coordIndex [
      86, 87, 85, -1,
      85, 87, 70, -1,
      87, 88, 70, -1,
      70, 88, 71, -1,
      88, 89, 71, -1,
      71, 89, 79, -1,
      89, 90, 79, -1,
      79, 90, 80, -1,
      90, 91, 80, -1,
      80, 91, 81, -1,
      91, 92, 81, -1,
      81, 92, 51, -1,
      92, 93, 51, -1,
      51, 93, 76, -1,
      93, 86, 76, -1,
      76, 86, 85, -1,
      94, 90, 95, -1,
      95, 90, 89, -1,
      96, 93, 94, -1,
      94, 93, 92, -1,
      94, 92, 90, -1,
      90, 92, 91, -1,
      96, 97, 93, -1,
      93, 97, 98, -1,
      93, 98, 86, -1,
      86, 98, 99, -1,
      86, 99, 100, -1,
      100, 101, 86, -1,
      86, 101, 95, -1,
      86, 95, 87, -1,
      87, 95, 89, -1,
      87, 89, 88, -1,
      94, 95, 102, -1,
      102, 95, 103, -1,
      96, 94, 104, -1,
      104, 94, 102, -1,
      96, 104, 105, -1,
      96, 105, 97, -1,
      97, 105, 106, -1,
      97, 106, 98, -1,
      99, 98, 107, -1,
      107, 98, 106, -1,
      99, 107, 108, -1,
      99, 108, 100, -1,
      100, 108, 109, -1,
      100, 109, 101, -1,
      95, 101, 103, -1,
      103, 101, 109, -1,
      110, 111, 73, -1,
      73, 111, 50, -1,
      111, 112, 50, -1,
      50, 112, 57, -1,
      112, 113, 57, -1,
      57, 113, 72, -1,
      114, 77, 75, -1,
      114, 75, 115, -1,
      115, 75, 74, -1,
      115, 74, 116, -1,
      116, 74, 84, -1,
      116, 84, 117, -1,
      117, 84, 83, -1,
      117, 83, 118, -1,
      118, 83, 82, -1,
      118, 82, 119, -1,
      119, 82, 69, -1,
      119, 69, 120, -1,
      120, 69, 68, -1,
      120, 68, 121, -1,
      121, 68, 72, -1,
      121, 72, 113, -1,
      110, 73, 64, -1,
      110, 64, 122, -1,
      122, 64, 63, -1,
      122, 63, 123, -1,
      123, 63, 62, -1,
      123, 62, 124, -1,
      124, 62, 53, -1,
      124, 53, 125, -1,
      125, 53, 52, -1,
      125, 52, 126, -1,
      126, 52, 78, -1,
      126, 78, 127, -1,
      127, 78, 77, -1,
      127, 77, 114, -1,
      116, 117, 128, -1,
      128, 117, 118, -1,
      128, 118, 129, -1,
      129, 118, 119, -1,
      129, 119, 130, -1,
      130, 119, 120, -1,
      130, 120, 131, -1,
      131, 120, 121, -1,
      131, 121, 132, -1,
      132, 121, 113, -1,
      132, 113, 133, -1,
      133, 113, 112, -1,
      133, 112, 134, -1,
      134, 112, 111, -1,
      134, 111, 135, -1,
      135, 111, 110, -1,
      135, 110, 136, -1,
      136, 110, 122, -1,
      136, 122, 137, -1,
      137, 122, 123, -1,
      137, 123, 138, -1,
      138, 123, 124, -1,
      138, 124, 139, -1,
      139, 124, 125, -1,
      139, 125, 140, -1,
      140, 125, 126, -1,
      140, 126, 141, -1,
      141, 126, 127, -1,
      141, 127, 142, -1,
      142, 127, 114, -1,
      142, 114, 143, -1,
      143, 114, 115, -1,
      143, 115, 144, -1,
      144, 115, 116, -1,
      144, 116, 128, -1,
      132, 133, 145, -1,
      145, 133, 146, -1,
      132, 145, 147, -1,
      132, 147, 131, -1,
      131, 147, 148, -1,
      131, 148, 130, -1,
      130, 148, 149, -1,
      130, 149, 129, -1,
      129, 149, 150, -1,
      129, 150, 128, -1,
      128, 150, 151, -1,
      128, 151, 144, -1,
      144, 151, 152, -1,
      144, 152, 143, -1,
      143, 152, 153, -1,
      143, 153, 142, -1,
      142, 153, 154, -1,
      142, 154, 141, -1,
      141, 154, 155, -1,
      141, 155, 140, -1,
      140, 155, 156, -1,
      140, 156, 139, -1,
      139, 156, 157, -1,
      139, 157, 138, -1,
      138, 157, 158, -1,
      138, 158, 137, -1,
      137, 158, 159, -1,
      137, 159, 136, -1,
      136, 159, 160, -1,
      136, 160, 135, -1,
      134, 135, 161, -1,
      161, 135, 160, -1,
      133, 134, 146, -1,
      146, 134, 161, -1,
      162, 163, 48, -1,
      48, 163, 49, -1,
      163, 164, 49, -1,
      49, 164, 67, -1,
      164, 165, 67, -1,
      67, 165, 66, -1,
      165, 166, 66, -1,
      66, 166, 65, -1,
      166, 167, 65, -1,
      65, 167, 54, -1,
      167, 168, 54, -1,
      54, 168, 55, -1,
      168, 169, 55, -1,
      55, 169, 56, -1,
      169, 170, 56, -1,
      56, 170, 58, -1,
      170, 171, 58, -1,
      58, 171, 59, -1,
      171, 172, 59, -1,
      59, 172, 60, -1,
      172, 173, 60, -1,
      60, 173, 61, -1,
      173, 162, 61, -1,
      61, 162, 48, -1,
      164, 163, 162, -1,
      162, 173, 164, -1,
      164, 173, 172, -1,
      164, 172, 165, -1,
      167, 166, 168, -1,
      168, 166, 165, -1,
      168, 165, 169, -1,
      169, 165, 172, -1,
      169, 172, 170, -1,
      170, 172, 171, -1,
      174, 175, 0, -1,
      0, 175, 1, -1,
      1, 175, 176, -1,
      177, 46, 47, -1,
      177, 47, 178, -1,
      178, 47, 3, -1,
      178, 3, 176, -1,
      176, 3, 2, -1,
      176, 2, 1, -1,
      46, 177, 28, -1,
      28, 177, 179, -1,
      28, 179, 44, -1,
      44, 179, 180, -1,
      44, 180, 45, -1,
      45, 180, 181, -1,
      45, 181, 39, -1,
      39, 181, 182, -1,
      39, 182, 38, -1,
      38, 182, 183, -1,
      38, 183, 34, -1,
      34, 183, 184, -1,
      34, 184, 41, -1,
      41, 184, 185, -1,
      41, 185, 42, -1,
      186, 8, 37, -1,
      186, 37, 187, -1,
      187, 37, 36, -1,
      187, 36, 188, -1,
      188, 36, 35, -1,
      188, 35, 189, -1,
      189, 35, 6, -1,
      189, 6, 190, -1,
      190, 6, 5, -1,
      190, 5, 191, -1,
      191, 5, 43, -1,
      191, 43, 192, -1,
      192, 43, 42, -1,
      192, 42, 185, -1,
      193, 10, 9, -1,
      193, 9, 194, -1,
      194, 9, 8, -1,
      194, 8, 186, -1,
      193, 195, 10, -1,
      10, 195, 11, -1,
      196, 14, 12, -1,
      196, 12, 197, -1,
      197, 12, 11, -1,
      197, 11, 195, -1,
      198, 19, 31, -1,
      198, 31, 199, -1,
      199, 31, 30, -1,
      199, 30, 200, -1,
      200, 30, 18, -1,
      200, 18, 201, -1,
      201, 18, 17, -1,
      201, 17, 202, -1,
      202, 17, 16, -1,
      202, 16, 203, -1,
      203, 16, 15, -1,
      203, 15, 204, -1,
      204, 15, 14, -1,
      204, 14, 196, -1,
      205, 23, 22, -1,
      205, 22, 206, -1,
      206, 22, 24, -1,
      206, 24, 207, -1,
      207, 24, 25, -1,
      207, 25, 208, -1,
      208, 25, 26, -1,
      208, 26, 209, -1,
      209, 26, 21, -1,
      209, 21, 210, -1,
      210, 21, 20, -1,
      210, 20, 211, -1,
      211, 20, 19, -1,
      211, 19, 198, -1,
      174, 0, 13, -1,
      174, 13, 212, -1,
      212, 13, 27, -1,
      212, 27, 213, -1,
      213, 27, 23, -1,
      213, 23, 205, -1,
      206, 177, 205, -1,
      205, 177, 178, -1,
      205, 178, 213, -1,
      213, 178, 176, -1,
      213, 176, 212, -1,
      212, 176, 175, -1,
      212, 175, 174, -1,
      195, 193, 197, -1,
      197, 193, 194, -1,
      197, 194, 196, -1,
      196, 194, 186, -1,
      196, 186, 204, -1,
      204, 186, 187, -1,
      204, 187, 203, -1,
      203, 187, 188, -1,
      203, 188, 202, -1,
      202, 188, 189, -1,
      202, 189, 201, -1,
      201, 189, 190, -1,
      201, 190, 200, -1,
      200, 190, 191, -1,
      200, 191, 199, -1,
      199, 191, 192, -1,
      199, 192, 198, -1,
      198, 192, 185, -1,
      198, 185, 211, -1,
      211, 185, 184, -1,
      211, 184, 210, -1,
      210, 184, 183, -1,
      210, 183, 209, -1,
      209, 183, 182, -1,
      209, 182, 208, -1,
      208, 182, 181, -1,
      208, 181, 207, -1,
      207, 181, 180, -1,
      207, 180, 206, -1,
      206, 180, 179, -1,
      206, 179, 177, -1,
      214, 215, 33, -1,
      33, 215, 29, -1,
      215, 216, 29, -1,
      29, 216, 4, -1,
      216, 217, 4, -1,
      4, 217, 40, -1,
      217, 218, 40, -1,
      40, 218, 7, -1,
      218, 219, 7, -1,
      7, 219, 32, -1,
      219, 214, 32, -1,
      32, 214, 33, -1,
      218, 217, 219, -1,
      219, 217, 216, -1,
      219, 216, 214, -1,
      214, 216, 215, -1,
    ]
  }
}

Shape {
  appearance Appearance {
    material Material {
      diffuseColor 0.2078 0.2078 0.2078
      specularColor 0.0157 0.0157 0.0157
      ambientIntensity 0.2
      transparency 0.0000
      shininess 0.5
    }
  }
  geometry IndexedFaceSet {
    ccw TRUE
    solid FALSE
    coord DEF co Coordinate {
      point [
        -0.574197 -0.272181 0.000000,
        -0.705856 -0.272181 0.000000,
        -0.632937 -0.107739 0.000000,
        -0.636726 -0.094085 0.000000,
        -0.639239 -0.080132 0.000000,
        -0.640514 -0.080132 0.000000,
        -0.643083 -0.094043 0.000000,
        -0.646591 -0.107739 0.000000,
        -0.230909 -0.075331 0.000000,
        -0.172844 -0.075331 0.000000,
        -0.277507 -0.080284 0.000000,
        -0.310005 -0.091657 0.000000,
        -0.338763 -0.110235 0.000000,
        -0.357886 -0.130540 0.000000,
        -0.371563 -0.154822 0.000000,
        -0.380754 -0.185961 0.000000,
        -0.384098 -0.225144 0.000000,
        -0.380483 -0.266496 0.000000,
        -0.368937 -0.303504 0.000000,
        -0.352331 -0.330648 0.000000,
        -0.330250 -0.352458 0.000000,
        -0.303400 -0.368402 0.000000,
        -0.270269 -0.378744 0.000000,
        -0.228733 -0.382609 0.000000,
        -0.172844 -0.382609 0.000000,
      ]
    }
    coordIndex [
      0, 1, 2, -1,
      2, 1, 7, -1,
      2, 7, 3, -1,
      3, 7, 6, -1,
      3, 6, 4, -1,
      4, 6, 5, -1,
      9, 24, 8, -1,
      8, 24, 23, -1,
      8, 23, 22, -1,
      16, 15, 8, -1,
      8, 15, 14, -1,
      8, 14, 10, -1,
      22, 21, 8, -1,
      8, 21, 20, -1,
      8, 20, 19, -1,
      19, 18, 8, -1,
      8, 18, 17, -1,
      8, 17, 16, -1,
      13, 12, 14, -1,
      14, 12, 11, -1,
      14, 11, 10, -1,
    ]
  }
}
