#VRML V2.0 utf8

Shape {
  appearance Appearance {
    material Material {
      diffuseColor 0.9686 0.8784 0.6000
      specularColor 0.6784 0.6157 0.4196
      ambientIntensity 0.2
      transparency 0.0000
      shininess 0.5
    }
  }
  geometry IndexedFaceSet {
    ccw TRUE
    solid FALSE
    coord DEF co Coordinate {
      point [
        0.344488 0.590551 0.078740,
        0.344488 0.481890 0.078740,
        0.344488 0.590551 0.007874,
        0.344488 0.481890 0.007874,
        0.246063 0.590551 0.078740,
        0.246063 0.481890 0.078740,
        0.246481 0.475518 0.078740,
        0.288510 0.433489 0.078740,
        0.294882 0.433071 0.078740,
        0.295669 0.433071 0.078740,
        0.247726 0.469254 0.078740,
        0.249779 0.463207 0.078740,
        0.282246 0.434734 0.078740,
        0.302041 0.433489 0.078740,
        0.308305 0.434734 0.078740,
        0.314352 0.436787 0.078740,
        0.320079 0.439611 0.078740,
        0.325388 0.443159 0.078740,
        0.330189 0.447370 0.078740,
        0.334400 0.452171 0.078740,
        0.337948 0.457480 0.078740,
        0.340772 0.463207 0.078740,
        0.342825 0.469254 0.078740,
        0.344070 0.475518 0.078740,
        0.252604 0.457480 0.078740,
        0.256151 0.452171 0.078740,
        0.260362 0.447370 0.078740,
        0.265163 0.443159 0.078740,
        0.270472 0.439611 0.078740,
        0.276200 0.436787 0.078740,
        0.295669 0.433071 0.007874,
        0.302041 0.433489 0.007874,
        0.308305 0.434734 0.007874,
        0.314352 0.436787 0.007874,
        0.320079 0.439611 0.007874,
        0.325388 0.443159 0.007874,
        0.330189 0.447370 0.007874,
        0.334400 0.452171 0.007874,
        0.337948 0.457480 0.007874,
        0.340772 0.463207 0.007874,
        0.342825 0.469254 0.007874,
        0.344070 0.475518 0.007874,
        0.246063 0.481890 0.007874,
        0.246481 0.475518 0.007874,
        0.247726 0.469254 0.007874,
        0.249779 0.463207 0.007874,
        0.252604 0.457480 0.007874,
        0.256151 0.452171 0.007874,
        0.260362 0.447370 0.007874,
        0.265163 0.443159 0.007874,
        0.270472 0.439611 0.007874,
        0.276200 0.436787 0.007874,
        0.282246 0.434734 0.007874,
        0.288510 0.433489 0.007874,
        0.294882 0.433071 0.007874,
        0.246063 0.590551 0.007874,
        0.302041 -0.433489 0.007874,
        0.295669 -0.433071 0.007874,
        0.246063 -0.481890 0.007874,
        0.308305 -0.434734 0.007874,
        0.294882 -0.433071 0.007874,
        0.288510 -0.433489 0.007874,
        0.246481 -0.475518 0.007874,
        0.246063 -0.590551 0.007874,
        0.344488 -0.590551 0.007874,
        0.344488 -0.481890 0.007874,
        0.344070 -0.475518 0.007874,
        0.342825 -0.469254 0.007874,
        0.340772 -0.463207 0.007874,
        0.337948 -0.457480 0.007874,
        0.334400 -0.452171 0.007874,
        0.330189 -0.447370 0.007874,
        0.325388 -0.443159 0.007874,
        0.320079 -0.439611 0.007874,
        0.314352 -0.436787 0.007874,
        0.270472 -0.439611 0.007874,
        0.265163 -0.443159 0.007874,
        0.276200 -0.436787 0.007874,
        0.260362 -0.447370 0.007874,
        0.282246 -0.434734 0.007874,
        0.256151 -0.452171 0.007874,
        0.252604 -0.457480 0.007874,
        0.249779 -0.463207 0.007874,
        0.247726 -0.469254 0.007874,
        0.344488 -0.481890 0.000000,
        0.344070 -0.475518 0.000000,
        0.342825 -0.469254 0.000000,
        0.340772 -0.463207 0.000000,
        0.337948 -0.457480 0.000000,
        0.334400 -0.452171 0.000000,
        0.330189 -0.447370 0.000000,
        0.325388 -0.443159 0.000000,
        0.320079 -0.439611 0.000000,
        0.314352 -0.436787 0.000000,
        0.308305 -0.434734 0.000000,
        0.302041 -0.433489 0.000000,
        0.295669 -0.433071 0.000000,
        0.294882 -0.433071 0.000000,
        0.344488 -0.590551 0.000000,
        0.246063 -0.590551 0.000000,
        0.246063 -0.481890 0.000000,
        0.246481 -0.475518 0.000000,
        0.247726 -0.469254 0.000000,
        0.249779 -0.463207 0.000000,
        0.252604 -0.457480 0.000000,
        0.256151 -0.452171 0.000000,
        0.260362 -0.447370 0.000000,
        0.265163 -0.443159 0.000000,
        0.270472 -0.439611 0.000000,
        0.276200 -0.436787 0.000000,
        0.282246 -0.434734 0.000000,
        0.288510 -0.433489 0.000000,
        -0.049213 0.590551 0.078740,
        -0.049213 0.481890 0.078740,
        -0.049213 0.590551 0.007874,
        -0.049213 0.481890 0.007874,
        -0.147638 0.590551 0.078740,
        -0.147638 0.481890 0.078740,
        -0.049630 0.475518 0.078740,
        -0.105191 0.433489 0.078740,
        -0.098819 0.433071 0.078740,
        -0.098031 0.433071 0.078740,
        -0.091659 0.433489 0.078740,
        -0.085396 0.434734 0.078740,
        -0.145974 0.469254 0.078740,
        -0.123228 0.439611 0.078740,
        -0.117501 0.436787 0.078740,
        -0.079349 0.436787 0.078740,
        -0.073622 0.439611 0.078740,
        -0.068313 0.443159 0.078740,
        -0.063511 0.447370 0.078740,
        -0.059301 0.452171 0.078740,
        -0.055753 0.457480 0.078740,
        -0.141097 0.457480 0.078740,
        -0.137550 0.452171 0.078740,
        -0.133339 0.447370 0.078740,
        -0.147220 0.475518 0.078740,
        -0.111454 0.434734 0.078740,
        -0.052929 0.463207 0.078740,
        -0.050876 0.469254 0.078740,
        -0.143922 0.463207 0.078740,
        -0.128538 0.443159 0.078740,
        -0.098031 0.433071 0.007874,
        -0.091659 0.433489 0.007874,
        -0.085396 0.434734 0.007874,
        -0.079349 0.436787 0.007874,
        -0.073622 0.439611 0.007874,
        -0.068313 0.443159 0.007874,
        -0.063511 0.447370 0.007874,
        -0.059301 0.452171 0.007874,
        -0.055753 0.457480 0.007874,
        -0.052929 0.463207 0.007874,
        -0.050876 0.469254 0.007874,
        -0.049630 0.475518 0.007874,
        -0.147638 0.481890 0.007874,
        -0.147220 0.475518 0.007874,
        -0.145974 0.469254 0.007874,
        -0.143922 0.463207 0.007874,
        -0.141097 0.457480 0.007874,
        -0.137550 0.452171 0.007874,
        -0.133339 0.447370 0.007874,
        -0.128538 0.443159 0.007874,
        -0.123228 0.439611 0.007874,
        -0.117501 0.436787 0.007874,
        -0.111454 0.434734 0.007874,
        -0.105191 0.433489 0.007874,
        -0.098819 0.433071 0.007874,
        -0.147638 0.590551 0.007874,
        -0.288510 -0.433489 0.007874,
        -0.294882 -0.433071 0.007874,
        -0.344488 -0.481890 0.007874,
        -0.282246 -0.434734 0.007874,
        -0.295669 -0.433071 0.007874,
        -0.302041 -0.433489 0.007874,
        -0.344070 -0.475518 0.007874,
        -0.344488 -0.590551 0.007874,
        -0.246063 -0.590551 0.007874,
        -0.246063 -0.481890 0.007874,
        -0.246481 -0.475518 0.007874,
        -0.247726 -0.469254 0.007874,
        -0.249779 -0.463207 0.007874,
        -0.252604 -0.457480 0.007874,
        -0.256151 -0.452171 0.007874,
        -0.260362 -0.447370 0.007874,
        -0.265163 -0.443159 0.007874,
        -0.270472 -0.439611 0.007874,
        -0.276200 -0.436787 0.007874,
        -0.320079 -0.439611 0.007874,
        -0.325388 -0.443159 0.007874,
        -0.314352 -0.436787 0.007874,
        -0.330189 -0.447370 0.007874,
        -0.308305 -0.434734 0.007874,
        -0.334400 -0.452171 0.007874,
        -0.337948 -0.457480 0.007874,
        -0.340772 -0.463207 0.007874,
        -0.342825 -0.469254 0.007874,
        -0.246063 -0.481890 0.000000,
        -0.246481 -0.475518 0.000000,
        -0.247726 -0.469254 0.000000,
        -0.249779 -0.463207 0.000000,
        -0.252604 -0.457480 0.000000,
        -0.256151 -0.452171 0.000000,
        -0.260362 -0.447370 0.000000,
        -0.265163 -0.443159 0.000000,
        -0.270472 -0.439611 0.000000,
        -0.276200 -0.436787 0.000000,
        -0.282246 -0.434734 0.000000,
        -0.288510 -0.433489 0.000000,
        -0.294882 -0.433071 0.000000,
        -0.295669 -0.433071 0.000000,
        -0.246063 -0.590551 0.000000,
        -0.344488 -0.590551 0.000000,
        -0.344488 -0.481890 0.000000,
        -0.344070 -0.475518 0.000000,
        -0.342825 -0.469254 0.000000,
        -0.340772 -0.463207 0.000000,
        -0.337948 -0.457480 0.000000,
        -0.334400 -0.452171 0.000000,
        -0.330189 -0.447370 0.000000,
        -0.325388 -0.443159 0.000000,
        -0.320079 -0.439611 0.000000,
        -0.314352 -0.436787 0.000000,
        -0.308305 -0.434734 0.000000,
        -0.302041 -0.433489 0.000000,
        0.098819 -0.433071 0.007874,
        0.098031 -0.433071 0.007874,
        0.147638 -0.481890 0.007874,
        0.091659 -0.433489 0.007874,
        0.123228 -0.439611 0.007874,
        0.117501 -0.436787 0.007874,
        0.085396 -0.434734 0.007874,
        0.079349 -0.436787 0.007874,
        0.073622 -0.439611 0.007874,
        0.068313 -0.443159 0.007874,
        0.063511 -0.447370 0.007874,
        0.059301 -0.452171 0.007874,
        0.111454 -0.434734 0.007874,
        0.105191 -0.433489 0.007874,
        0.049213 -0.590551 0.007874,
        0.147638 -0.590551 0.007874,
        0.049213 -0.481890 0.007874,
        0.049630 -0.475518 0.007874,
        0.050876 -0.469254 0.007874,
        0.143922 -0.463207 0.007874,
        0.141097 -0.457480 0.007874,
        0.145974 -0.469254 0.007874,
        0.147220 -0.475518 0.007874,
        0.137550 -0.452171 0.007874,
        0.133339 -0.447370 0.007874,
        0.128538 -0.443159 0.007874,
        0.055753 -0.457480 0.007874,
        0.052929 -0.463207 0.007874,
        0.147638 -0.481890 0.000000,
        0.147220 -0.475518 0.000000,
        0.145974 -0.469254 0.000000,
        0.143922 -0.463207 0.000000,
        0.141097 -0.457480 0.000000,
        0.137550 -0.452171 0.000000,
        0.133339 -0.447370 0.000000,
        0.128538 -0.443159 0.000000,
        0.123228 -0.439611 0.000000,
        0.117501 -0.436787 0.000000,
        0.111454 -0.434734 0.000000,
        0.105191 -0.433489 0.000000,
        0.098819 -0.433071 0.000000,
        0.098031 -0.433071 0.000000,
        0.147638 -0.590551 0.000000,
        0.049213 -0.590551 0.000000,
        0.049213 -0.481890 0.000000,
        0.063511 -0.447370 0.000000,
        0.068313 -0.443159 0.000000,
        0.073622 -0.439611 0.000000,
        0.079349 -0.436787 0.000000,
        0.085396 -0.434734 0.000000,
        0.091659 -0.433489 0.000000,
        0.049630 -0.475518 0.000000,
        0.050876 -0.469254 0.000000,
        0.052929 -0.463207 0.000000,
        0.055753 -0.457480 0.000000,
        0.059301 -0.452171 0.000000,
        -0.393701 -0.147638 0.078740,
        0.393701 -0.147638 0.078740,
        -0.393701 -0.147638 0.007874,
        0.393701 -0.147638 0.007874,
        0.393701 -0.246063 0.078740,
        -0.393701 -0.246063 0.078740,
        0.393701 -0.246063 0.007874,
        -0.393701 -0.246063 0.007874,
        -0.246063 -0.590551 0.078740,
        -0.344488 -0.590551 0.078740,
        -0.344488 -0.481890 0.078740,
        -0.306533 -0.434295 0.078740,
        -0.295669 -0.433071 0.078740,
        -0.294882 -0.433071 0.078740,
        -0.246063 -0.481890 0.078740,
        -0.284019 -0.434295 0.078740,
        -0.273700 -0.437906 0.078740,
        -0.343264 -0.471026 0.078740,
        -0.339654 -0.460708 0.078740,
        -0.333837 -0.451452 0.078740,
        -0.326107 -0.443722 0.078740,
        -0.316851 -0.437906 0.078740,
        -0.264444 -0.443722 0.078740,
        -0.256714 -0.451452 0.078740,
        -0.247287 -0.471026 0.078740,
        -0.250898 -0.460708 0.078740,
        -0.284019 -0.434295 0.007874,
        -0.273700 -0.437906 0.007874,
        -0.264444 -0.443722 0.007874,
        -0.256714 -0.451452 0.007874,
        -0.250898 -0.460708 0.007874,
        -0.247287 -0.471026 0.007874,
        -0.343264 -0.471026 0.007874,
        -0.339654 -0.460708 0.007874,
        -0.333837 -0.451452 0.007874,
        -0.326107 -0.443722 0.007874,
        -0.316851 -0.437906 0.007874,
        -0.306533 -0.434295 0.007874,
        -0.049213 -0.590551 0.078740,
        -0.147638 -0.590551 0.078740,
        -0.147638 -0.481890 0.078740,
        -0.109682 -0.434295 0.078740,
        -0.098819 -0.433071 0.078740,
        -0.098031 -0.433071 0.078740,
        -0.049213 -0.481890 0.078740,
        -0.087168 -0.434295 0.078740,
        -0.076850 -0.437906 0.078740,
        -0.146414 -0.471026 0.078740,
        -0.142803 -0.460708 0.078740,
        -0.136987 -0.451452 0.078740,
        -0.067593 -0.443722 0.078740,
        -0.059863 -0.451452 0.078740,
        -0.050437 -0.471026 0.078740,
        -0.054047 -0.460708 0.078740,
        -0.129257 -0.443722 0.078740,
        -0.120001 -0.437906 0.078740,
        -0.049213 -0.590551 0.007874,
        -0.049213 -0.481890 0.007874,
        -0.098031 -0.433071 0.007874,
        -0.087168 -0.434295 0.007874,
        -0.076850 -0.437906 0.007874,
        -0.067593 -0.443722 0.007874,
        -0.059863 -0.451452 0.007874,
        -0.054047 -0.460708 0.007874,
        -0.050437 -0.471026 0.007874,
        -0.098819 -0.433071 0.007874,
        -0.147638 -0.481890 0.007874,
        -0.146414 -0.471026 0.007874,
        -0.142803 -0.460708 0.007874,
        -0.136987 -0.451452 0.007874,
        -0.129257 -0.443722 0.007874,
        -0.120001 -0.437906 0.007874,
        -0.109682 -0.434295 0.007874,
        -0.147638 -0.590551 0.007874,
        0.147638 -0.590551 0.078740,
        0.049213 -0.590551 0.078740,
        0.049213 -0.481890 0.078740,
        0.087168 -0.434295 0.078740,
        0.098031 -0.433071 0.078740,
        0.098819 -0.433071 0.078740,
        0.147638 -0.481890 0.078740,
        0.109682 -0.434295 0.078740,
        0.120001 -0.437906 0.078740,
        0.050437 -0.471026 0.078740,
        0.054047 -0.460708 0.078740,
        0.059863 -0.451452 0.078740,
        0.067593 -0.443722 0.078740,
        0.076850 -0.437906 0.078740,
        0.129257 -0.443722 0.078740,
        0.136987 -0.451452 0.078740,
        0.146414 -0.471026 0.078740,
        0.142803 -0.460708 0.078740,
        0.109682 -0.434295 0.007874,
        0.120001 -0.437906 0.007874,
        0.129257 -0.443722 0.007874,
        0.136987 -0.451452 0.007874,
        0.142803 -0.460708 0.007874,
        0.146414 -0.471026 0.007874,
        0.050437 -0.471026 0.007874,
        0.054047 -0.460708 0.007874,
        0.059863 -0.451452 0.007874,
        0.067593 -0.443722 0.007874,
        0.076850 -0.437906 0.007874,
        0.087168 -0.434295 0.007874,
        0.344488 -0.590551 0.078740,
        0.246063 -0.590551 0.078740,
        0.246063 -0.481890 0.078740,
        0.284019 -0.434295 0.078740,
        0.294882 -0.433071 0.078740,
        0.295669 -0.433071 0.078740,
        0.344488 -0.481890 0.078740,
        0.306533 -0.434295 0.078740,
        0.316851 -0.437906 0.078740,
        0.247287 -0.471026 0.078740,
        0.250898 -0.460708 0.078740,
        0.256714 -0.451452 0.078740,
        0.264444 -0.443722 0.078740,
        0.273700 -0.437906 0.078740,
        0.326107 -0.443722 0.078740,
        0.333837 -0.451452 0.078740,
        0.343264 -0.471026 0.078740,
        0.339654 -0.460708 0.078740,
        0.306533 -0.434295 0.007874,
        0.316851 -0.437906 0.007874,
        0.326107 -0.443722 0.007874,
        0.333837 -0.451452 0.007874,
        0.339654 -0.460708 0.007874,
        0.343264 -0.471026 0.007874,
        0.247287 -0.471026 0.007874,
        0.250898 -0.460708 0.007874,
        0.256714 -0.451452 0.007874,
        0.264444 -0.443722 0.007874,
        0.273700 -0.437906 0.007874,
        0.284019 -0.434295 0.007874,
        0.147638 0.481890 0.078740,
        0.147638 0.590551 0.078740,
        0.147638 0.481890 0.007874,
        0.147638 0.590551 0.007874,
        0.049213 0.481890 0.078740,
        0.098819 0.433071 0.078740,
        0.098031 0.433071 0.078740,
        0.129257 0.443722 0.078740,
        0.120001 0.437906 0.078740,
        0.109682 0.434295 0.078740,
        0.049213 0.590551 0.078740,
        0.146414 0.471026 0.078740,
        0.059863 0.451452 0.078740,
        0.054047 0.460708 0.078740,
        0.067593 0.443722 0.078740,
        0.076850 0.437906 0.078740,
        0.087168 0.434295 0.078740,
        0.050437 0.471026 0.078740,
        0.142803 0.460708 0.078740,
        0.136987 0.451452 0.078740,
        0.146414 0.471026 0.007874,
        0.142803 0.460708 0.007874,
        0.136987 0.451452 0.007874,
        0.129257 0.443722 0.007874,
        0.120001 0.437906 0.007874,
        0.109682 0.434295 0.007874,
        0.098819 0.433071 0.007874,
        0.098031 0.433071 0.007874,
        0.087168 0.434295 0.007874,
        0.076850 0.437906 0.007874,
        0.067593 0.443722 0.007874,
        0.059863 0.451452 0.007874,
        0.054047 0.460708 0.007874,
        0.050437 0.471026 0.007874,
        0.049213 0.481890 0.007874,
        0.049213 0.590551 0.007874,
        0.333837 0.451452 0.078740,
        0.326107 0.443722 0.078740,
        0.343264 0.471026 0.078740,
        0.339654 0.460708 0.078740,
        0.316851 0.437906 0.078740,
        0.306533 0.434295 0.078740,
        0.284019 0.434295 0.078740,
        0.273700 0.437906 0.078740,
        0.264444 0.443722 0.078740,
        0.256714 0.451452 0.078740,
        0.250898 0.460708 0.078740,
        0.247287 0.471026 0.078740,
        0.343264 0.471026 0.007874,
        0.339654 0.460708 0.007874,
        0.333837 0.451452 0.007874,
        0.326107 0.443722 0.007874,
        0.316851 0.437906 0.007874,
        0.306533 0.434295 0.007874,
        0.284019 0.434295 0.007874,
        0.273700 0.437906 0.007874,
        0.264444 0.443722 0.007874,
        0.256714 0.451452 0.007874,
        0.250898 0.460708 0.007874,
        0.247287 0.471026 0.007874,
        -0.246063 0.481890 0.078740,
        -0.246063 0.590551 0.078740,
        -0.246063 0.481890 0.007874,
        -0.246063 0.590551 0.007874,
        -0.344488 0.590551 0.078740,
        -0.273700 0.437906 0.078740,
        -0.284019 0.434295 0.078740,
        -0.294882 0.433071 0.078740,
        -0.295669 0.433071 0.078740,
        -0.344488 0.481890 0.078740,
        -0.306533 0.434295 0.078740,
        -0.343264 0.471026 0.078740,
        -0.247287 0.471026 0.078740,
        -0.250898 0.460708 0.078740,
        -0.316851 0.437906 0.078740,
        -0.326107 0.443722 0.078740,
        -0.333837 0.451452 0.078740,
        -0.256714 0.451452 0.078740,
        -0.264444 0.443722 0.078740,
        -0.339654 0.460708 0.078740,
        -0.247287 0.471026 0.007874,
        -0.250898 0.460708 0.007874,
        -0.256714 0.451452 0.007874,
        -0.264444 0.443722 0.007874,
        -0.273700 0.437906 0.007874,
        -0.284019 0.434295 0.007874,
        -0.294882 0.433071 0.007874,
        -0.344488 0.590551 0.007874,
        -0.344488 0.481890 0.007874,
        -0.295669 0.433071 0.007874,
        -0.306533 0.434295 0.007874,
        -0.316851 0.437906 0.007874,
        -0.326107 0.443722 0.007874,
        -0.333837 0.451452 0.007874,
        -0.339654 0.460708 0.007874,
        -0.343264 0.471026 0.007874,
        -0.050437 0.471026 0.078740,
        -0.054047 0.460708 0.078740,
        -0.059863 0.451452 0.078740,
        -0.067593 0.443722 0.078740,
        -0.076850 0.437906 0.078740,
        -0.087168 0.434295 0.078740,
        -0.109682 0.434295 0.078740,
        -0.120001 0.437906 0.078740,
        -0.146414 0.471026 0.078740,
        -0.129257 0.443722 0.078740,
        -0.142803 0.460708 0.078740,
        -0.136987 0.451452 0.078740,
        -0.050437 0.471026 0.007874,
        -0.054047 0.460708 0.007874,
        -0.059863 0.451452 0.007874,
        -0.067593 0.443722 0.007874,
        -0.076850 0.437906 0.007874,
        -0.087168 0.434295 0.007874,
        -0.109682 0.434295 0.007874,
        -0.120001 0.437906 0.007874,
        -0.129257 0.443722 0.007874,
        -0.136987 0.451452 0.007874,
        -0.142803 0.460708 0.007874,
        -0.146414 0.471026 0.007874,
        -0.009499 -0.147638 0.007874,
        0.393701 0.049213 0.078740,
        -0.393701 0.049213 0.078740,
        0.393701 0.049213 0.007874,
        -0.393701 0.049213 0.007874,
        -0.393701 -0.049213 0.078740,
        0.393701 -0.049213 0.078740,
        -0.393701 -0.049213 0.007874,
        -0.009499 -0.049213 0.007874,
        0.393701 -0.049213 0.007874,
        -0.334646 0.246063 0.078740,
        -0.393701 0.246063 0.078740,
        -0.334646 0.246063 0.007874,
        -0.393701 0.246063 0.007874,
        -0.333304 0.235873 0.078740,
        -0.255906 0.246063 0.078740,
        0.393701 0.246063 0.078740,
        -0.257247 0.235873 0.078740,
        0.393701 0.147638 0.078740,
        -0.393701 0.147638 0.078740,
        -0.285086 0.208034 0.078740,
        -0.275591 0.211967 0.078740,
        -0.329371 0.226378 0.078740,
        -0.323115 0.218224 0.078740,
        -0.314961 0.211967 0.078740,
        -0.267437 0.218224 0.078740,
        -0.261180 0.226378 0.078740,
        -0.305465 0.208034 0.078740,
        -0.295276 0.206693 0.078740,
        -0.333304 0.235873 0.007874,
        -0.329371 0.226378 0.007874,
        -0.323115 0.218224 0.007874,
        -0.314961 0.211967 0.007874,
        -0.305465 0.208034 0.007874,
        -0.295276 0.206693 0.007874,
        -0.285086 0.208034 0.007874,
        -0.275591 0.211967 0.007874,
        -0.267437 0.218224 0.007874,
        -0.261180 0.226378 0.007874,
        -0.257247 0.235873 0.007874,
        -0.255906 0.246063 0.007874,
        -0.393701 0.147638 0.007874,
        0.393701 0.147638 0.007874,
        0.393701 0.246063 0.007874,
      ]
    }
    coordIndex [
      0, 1, 2, -1,
      2, 1, 3, -1,
      0, 4, 1, -1,
      1, 4, 5, -1,
      6, 7, 5, -1,
      5, 7, 8, -1,
      5, 8, 9, -1,
      6, 10, 7, -1,
      7, 10, 11, -1,
      7, 11, 12, -1,
      9, 13, 5, -1,
      5, 13, 14, -1,
      5, 14, 15, -1,
      15, 16, 5, -1,
      5, 16, 17, -1,
      5, 17, 18, -1,
      18, 19, 5, -1,
      5, 19, 20, -1,
      5, 20, 21, -1,
      21, 22, 5, -1,
      5, 22, 23, -1,
      5, 23, 1, -1,
      24, 25, 11, -1,
      11, 25, 26, -1,
      11, 26, 27, -1,
      27, 28, 11, -1,
      11, 28, 29, -1,
      11, 29, 12, -1,
      9, 30, 31, -1,
      9, 31, 13, -1,
      13, 31, 32, -1,
      13, 32, 14, -1,
      14, 32, 33, -1,
      14, 33, 15, -1,
      15, 33, 34, -1,
      15, 34, 16, -1,
      16, 34, 35, -1,
      16, 35, 17, -1,
      17, 35, 36, -1,
      17, 36, 18, -1,
      18, 36, 37, -1,
      18, 37, 19, -1,
      19, 37, 38, -1,
      19, 38, 20, -1,
      20, 38, 39, -1,
      20, 39, 21, -1,
      21, 39, 40, -1,
      21, 40, 22, -1,
      22, 40, 41, -1,
      22, 41, 23, -1,
      23, 41, 3, -1,
      23, 3, 1, -1,
      5, 42, 43, -1,
      5, 43, 6, -1,
      6, 43, 44, -1,
      6, 44, 10, -1,
      10, 44, 45, -1,
      10, 45, 11, -1,
      11, 45, 46, -1,
      11, 46, 24, -1,
      24, 46, 47, -1,
      24, 47, 25, -1,
      25, 47, 48, -1,
      25, 48, 26, -1,
      26, 48, 49, -1,
      26, 49, 27, -1,
      27, 49, 50, -1,
      27, 50, 28, -1,
      28, 50, 51, -1,
      28, 51, 29, -1,
      29, 51, 52, -1,
      29, 52, 12, -1,
      12, 52, 53, -1,
      12, 53, 7, -1,
      7, 53, 54, -1,
      7, 54, 8, -1,
      9, 8, 30, -1,
      30, 8, 54, -1,
      5, 4, 42, -1,
      42, 4, 55, -1,
      55, 2, 42, -1,
      42, 2, 3, -1,
      30, 54, 42, -1,
      42, 54, 53, -1,
      42, 53, 43, -1,
      43, 53, 44, -1,
      36, 35, 42, -1,
      42, 35, 34, -1,
      42, 34, 33, -1,
      33, 32, 42, -1,
      42, 32, 31, -1,
      42, 31, 30, -1,
      3, 41, 42, -1,
      42, 41, 40, -1,
      42, 40, 39, -1,
      39, 38, 42, -1,
      42, 38, 37, -1,
      42, 37, 36, -1,
      49, 48, 45, -1,
      45, 48, 47, -1,
      45, 47, 46, -1,
      53, 52, 44, -1,
      44, 52, 51, -1,
      44, 51, 45, -1,
      45, 51, 50, -1,
      45, 50, 49, -1,
      0, 2, 4, -1,
      4, 2, 55, -1,
      56, 57, 58, -1,
      56, 58, 59, -1,
      57, 60, 58, -1,
      58, 60, 61, -1,
      58, 61, 62, -1,
      63, 64, 58, -1,
      58, 64, 65, -1,
      58, 65, 66, -1,
      66, 67, 58, -1,
      58, 67, 68, -1,
      58, 68, 69, -1,
      69, 70, 58, -1,
      58, 70, 71, -1,
      58, 71, 72, -1,
      72, 73, 58, -1,
      58, 73, 74, -1,
      58, 74, 59, -1,
      75, 76, 77, -1,
      77, 76, 78, -1,
      77, 78, 79, -1,
      79, 78, 61, -1,
      61, 78, 80, -1,
      61, 80, 81, -1,
      81, 82, 61, -1,
      61, 82, 83, -1,
      61, 83, 62, -1,
      65, 84, 85, -1,
      65, 85, 66, -1,
      66, 85, 86, -1,
      66, 86, 67, -1,
      67, 86, 87, -1,
      67, 87, 68, -1,
      68, 87, 88, -1,
      68, 88, 69, -1,
      69, 88, 89, -1,
      69, 89, 70, -1,
      70, 89, 90, -1,
      70, 90, 71, -1,
      71, 90, 91, -1,
      71, 91, 72, -1,
      72, 91, 92, -1,
      72, 92, 73, -1,
      73, 92, 93, -1,
      73, 93, 74, -1,
      74, 93, 94, -1,
      74, 94, 59, -1,
      59, 94, 95, -1,
      59, 95, 56, -1,
      56, 95, 96, -1,
      56, 96, 57, -1,
      57, 96, 60, -1,
      60, 96, 97, -1,
      64, 98, 65, -1,
      65, 98, 84, -1,
      98, 99, 84, -1,
      84, 99, 100, -1,
      84, 97, 96, -1,
      100, 101, 84, -1,
      84, 101, 102, -1,
      84, 102, 103, -1,
      103, 104, 84, -1,
      84, 104, 105, -1,
      84, 105, 106, -1,
      96, 95, 84, -1,
      84, 95, 94, -1,
      84, 94, 93, -1,
      88, 84, 89, -1,
      89, 84, 90, -1,
      106, 107, 84, -1,
      84, 107, 108, -1,
      84, 108, 109, -1,
      109, 110, 84, -1,
      84, 110, 111, -1,
      84, 111, 97, -1,
      93, 92, 84, -1,
      84, 92, 91, -1,
      84, 91, 90, -1,
      88, 87, 84, -1,
      84, 87, 86, -1,
      84, 86, 85, -1,
      58, 100, 63, -1,
      63, 100, 99, -1,
      99, 98, 63, -1,
      63, 98, 64, -1,
      60, 97, 111, -1,
      60, 111, 61, -1,
      61, 111, 110, -1,
      61, 110, 79, -1,
      79, 110, 109, -1,
      79, 109, 77, -1,
      77, 109, 108, -1,
      77, 108, 75, -1,
      75, 108, 107, -1,
      75, 107, 76, -1,
      76, 107, 106, -1,
      76, 106, 78, -1,
      78, 106, 105, -1,
      78, 105, 80, -1,
      80, 105, 104, -1,
      80, 104, 81, -1,
      81, 104, 103, -1,
      81, 103, 82, -1,
      82, 103, 102, -1,
      82, 102, 83, -1,
      83, 102, 101, -1,
      83, 101, 62, -1,
      62, 101, 100, -1,
      62, 100, 58, -1,
      112, 113, 114, -1,
      114, 113, 115, -1,
      112, 116, 113, -1,
      113, 116, 117, -1,
      113, 117, 118, -1,
      119, 120, 117, -1,
      120, 121, 117, -1,
      117, 121, 122, -1,
      117, 122, 123, -1,
      124, 125, 126, -1,
      123, 127, 117, -1,
      117, 127, 128, -1,
      117, 128, 129, -1,
      129, 130, 117, -1,
      117, 130, 131, -1,
      117, 131, 132, -1,
      133, 134, 135, -1,
      117, 136, 119, -1,
      119, 136, 124, -1,
      119, 124, 137, -1,
      137, 124, 126, -1,
      132, 138, 117, -1,
      117, 138, 139, -1,
      117, 139, 118, -1,
      124, 140, 125, -1,
      125, 140, 133, -1,
      125, 133, 141, -1,
      141, 133, 135, -1,
      121, 142, 143, -1,
      121, 143, 122, -1,
      122, 143, 144, -1,
      122, 144, 123, -1,
      123, 144, 145, -1,
      123, 145, 127, -1,
      127, 145, 146, -1,
      127, 146, 128, -1,
      128, 146, 147, -1,
      128, 147, 129, -1,
      129, 147, 148, -1,
      129, 148, 130, -1,
      130, 148, 149, -1,
      130, 149, 131, -1,
      131, 149, 150, -1,
      131, 150, 132, -1,
      132, 150, 151, -1,
      132, 151, 138, -1,
      138, 151, 152, -1,
      138, 152, 139, -1,
      139, 152, 153, -1,
      139, 153, 118, -1,
      118, 153, 115, -1,
      118, 115, 113, -1,
      117, 154, 155, -1,
      117, 155, 136, -1,
      136, 155, 156, -1,
      136, 156, 124, -1,
      124, 156, 157, -1,
      124, 157, 140, -1,
      140, 157, 158, -1,
      140, 158, 133, -1,
      133, 158, 159, -1,
      133, 159, 134, -1,
      134, 159, 160, -1,
      134, 160, 135, -1,
      135, 160, 161, -1,
      135, 161, 141, -1,
      141, 161, 162, -1,
      141, 162, 125, -1,
      125, 162, 163, -1,
      125, 163, 126, -1,
      126, 163, 164, -1,
      126, 164, 137, -1,
      137, 164, 165, -1,
      137, 165, 119, -1,
      119, 165, 166, -1,
      119, 166, 120, -1,
      121, 120, 142, -1,
      142, 120, 166, -1,
      117, 116, 154, -1,
      154, 116, 167, -1,
      154, 167, 114, -1,
      143, 142, 154, -1,
      143, 154, 144, -1,
      142, 166, 154, -1,
      154, 166, 165, -1,
      154, 165, 155, -1,
      157, 156, 162, -1,
      162, 156, 163, -1,
      114, 115, 154, -1,
      154, 115, 153, -1,
      154, 153, 152, -1,
      147, 154, 148, -1,
      148, 154, 149, -1,
      147, 146, 154, -1,
      154, 146, 145, -1,
      154, 145, 144, -1,
      152, 151, 154, -1,
      154, 151, 150, -1,
      154, 150, 149, -1,
      155, 165, 156, -1,
      156, 165, 164, -1,
      156, 164, 163, -1,
      162, 161, 160, -1,
      160, 159, 162, -1,
      162, 159, 158, -1,
      162, 158, 157, -1,
      112, 114, 116, -1,
      116, 114, 167, -1,
      168, 169, 170, -1,
      168, 170, 171, -1,
      169, 172, 170, -1,
      170, 172, 173, -1,
      170, 173, 174, -1,
      175, 176, 170, -1,
      170, 176, 177, -1,
      170, 177, 178, -1,
      178, 179, 170, -1,
      170, 179, 180, -1,
      170, 180, 181, -1,
      181, 182, 170, -1,
      170, 182, 183, -1,
      170, 183, 184, -1,
      184, 185, 170, -1,
      170, 185, 186, -1,
      170, 186, 171, -1,
      187, 188, 189, -1,
      189, 188, 190, -1,
      189, 190, 191, -1,
      191, 190, 173, -1,
      173, 190, 192, -1,
      173, 192, 193, -1,
      193, 194, 173, -1,
      173, 194, 195, -1,
      173, 195, 174, -1,
      177, 196, 197, -1,
      177, 197, 178, -1,
      178, 197, 198, -1,
      178, 198, 179, -1,
      179, 198, 199, -1,
      179, 199, 180, -1,
      180, 199, 200, -1,
      180, 200, 181, -1,
      181, 200, 201, -1,
      181, 201, 182, -1,
      182, 201, 202, -1,
      182, 202, 183, -1,
      183, 202, 203, -1,
      183, 203, 184, -1,
      184, 203, 204, -1,
      184, 204, 185, -1,
      185, 204, 205, -1,
      185, 205, 186, -1,
      186, 205, 206, -1,
      186, 206, 171, -1,
      171, 206, 207, -1,
      171, 207, 168, -1,
      168, 207, 208, -1,
      168, 208, 169, -1,
      169, 208, 172, -1,
      172, 208, 209, -1,
      176, 210, 177, -1,
      177, 210, 196, -1,
      210, 211, 196, -1,
      196, 211, 212, -1,
      196, 209, 208, -1,
      212, 213, 196, -1,
      196, 213, 214, -1,
      196, 214, 215, -1,
      215, 216, 196, -1,
      196, 216, 217, -1,
      196, 217, 218, -1,
      208, 207, 196, -1,
      196, 207, 206, -1,
      196, 206, 205, -1,
      200, 196, 201, -1,
      201, 196, 202, -1,
      218, 219, 196, -1,
      196, 219, 220, -1,
      196, 220, 221, -1,
      221, 222, 196, -1,
      196, 222, 223, -1,
      196, 223, 209, -1,
      205, 204, 196, -1,
      196, 204, 203, -1,
      196, 203, 202, -1,
      200, 199, 196, -1,
      196, 199, 198, -1,
      196, 198, 197, -1,
      170, 212, 175, -1,
      175, 212, 211, -1,
      211, 210, 175, -1,
      175, 210, 176, -1,
      172, 209, 223, -1,
      172, 223, 173, -1,
      173, 223, 222, -1,
      173, 222, 191, -1,
      191, 222, 221, -1,
      191, 221, 189, -1,
      189, 221, 220, -1,
      189, 220, 187, -1,
      187, 220, 219, -1,
      187, 219, 188, -1,
      188, 219, 218, -1,
      188, 218, 190, -1,
      190, 218, 217, -1,
      190, 217, 192, -1,
      192, 217, 216, -1,
      192, 216, 193, -1,
      193, 216, 215, -1,
      193, 215, 194, -1,
      194, 215, 214, -1,
      194, 214, 195, -1,
      195, 214, 213, -1,
      195, 213, 174, -1,
      174, 213, 212, -1,
      174, 212, 170, -1,
      224, 225, 226, -1,
      226, 225, 227, -1,
      228, 229, 226, -1,
      227, 230, 226, -1,
      226, 230, 231, -1,
      226, 231, 232, -1,
      232, 233, 226, -1,
      226, 233, 234, -1,
      226, 234, 235, -1,
      229, 236, 226, -1,
      226, 236, 237, -1,
      226, 237, 224, -1,
      238, 239, 240, -1,
      240, 239, 226, -1,
      240, 226, 241, -1,
      241, 226, 242, -1,
      243, 244, 245, -1,
      245, 244, 246, -1,
      244, 247, 246, -1,
      246, 247, 248, -1,
      246, 248, 226, -1,
      226, 248, 249, -1,
      226, 249, 228, -1,
      235, 250, 226, -1,
      226, 250, 251, -1,
      226, 251, 242, -1,
      226, 252, 253, -1,
      226, 253, 246, -1,
      246, 253, 254, -1,
      246, 254, 245, -1,
      245, 254, 255, -1,
      245, 255, 243, -1,
      243, 255, 256, -1,
      243, 256, 244, -1,
      244, 256, 257, -1,
      244, 257, 247, -1,
      247, 257, 258, -1,
      247, 258, 248, -1,
      248, 258, 259, -1,
      248, 259, 249, -1,
      249, 259, 260, -1,
      249, 260, 228, -1,
      228, 260, 261, -1,
      228, 261, 229, -1,
      229, 261, 262, -1,
      229, 262, 236, -1,
      236, 262, 263, -1,
      236, 263, 237, -1,
      237, 263, 264, -1,
      237, 264, 224, -1,
      224, 264, 225, -1,
      225, 264, 265, -1,
      239, 266, 226, -1,
      226, 266, 252, -1,
      266, 267, 252, -1,
      252, 267, 268, -1,
      252, 265, 264, -1,
      269, 270, 252, -1,
      252, 270, 271, -1,
      252, 271, 272, -1,
      272, 273, 252, -1,
      252, 273, 274, -1,
      252, 274, 265, -1,
      264, 263, 252, -1,
      252, 263, 262, -1,
      252, 262, 261, -1,
      256, 252, 257, -1,
      257, 252, 258, -1,
      268, 275, 252, -1,
      252, 275, 276, -1,
      252, 276, 277, -1,
      261, 260, 252, -1,
      252, 260, 259, -1,
      252, 259, 258, -1,
      255, 254, 256, -1,
      256, 254, 253, -1,
      256, 253, 252, -1,
      277, 278, 252, -1,
      252, 278, 279, -1,
      252, 279, 269, -1,
      240, 268, 238, -1,
      238, 268, 267, -1,
      267, 266, 238, -1,
      238, 266, 239, -1,
      225, 265, 274, -1,
      225, 274, 227, -1,
      227, 274, 273, -1,
      227, 273, 230, -1,
      230, 273, 272, -1,
      230, 272, 231, -1,
      231, 272, 271, -1,
      231, 271, 232, -1,
      232, 271, 270, -1,
      232, 270, 233, -1,
      233, 270, 269, -1,
      233, 269, 234, -1,
      234, 269, 279, -1,
      234, 279, 235, -1,
      235, 279, 278, -1,
      235, 278, 250, -1,
      250, 278, 277, -1,
      250, 277, 251, -1,
      251, 277, 276, -1,
      251, 276, 242, -1,
      242, 276, 275, -1,
      242, 275, 241, -1,
      241, 275, 268, -1,
      241, 268, 240, -1,
      280, 281, 282, -1,
      282, 281, 283, -1,
      284, 281, 285, -1,
      285, 281, 280, -1,
      284, 285, 286, -1,
      286, 285, 287, -1,
      287, 282, 286, -1,
      286, 282, 283, -1,
      280, 282, 285, -1,
      285, 282, 287, -1,
      284, 286, 281, -1,
      281, 286, 283, -1,
      288, 289, 290, -1,
      291, 292, 288, -1,
      288, 292, 293, -1,
      288, 293, 294, -1,
      294, 293, 295, -1,
      294, 295, 296, -1,
      290, 297, 288, -1,
      288, 297, 298, -1,
      288, 298, 299, -1,
      299, 300, 288, -1,
      288, 300, 301, -1,
      288, 301, 291, -1,
      296, 302, 294, -1,
      294, 302, 303, -1,
      294, 303, 304, -1,
      304, 303, 305, -1,
      288, 294, 176, -1,
      176, 294, 177, -1,
      293, 169, 295, -1,
      295, 169, 306, -1,
      295, 306, 296, -1,
      296, 306, 307, -1,
      296, 307, 302, -1,
      302, 307, 308, -1,
      302, 308, 303, -1,
      303, 308, 309, -1,
      303, 309, 305, -1,
      305, 309, 310, -1,
      305, 310, 304, -1,
      304, 310, 311, -1,
      304, 311, 294, -1,
      294, 311, 177, -1,
      293, 292, 169, -1,
      169, 292, 172, -1,
      290, 170, 297, -1,
      297, 170, 312, -1,
      297, 312, 298, -1,
      298, 312, 313, -1,
      298, 313, 299, -1,
      299, 313, 314, -1,
      299, 314, 300, -1,
      300, 314, 315, -1,
      300, 315, 301, -1,
      301, 315, 316, -1,
      301, 316, 291, -1,
      291, 316, 317, -1,
      291, 317, 292, -1,
      292, 317, 172, -1,
      290, 289, 170, -1,
      170, 289, 175, -1,
      318, 319, 320, -1,
      321, 322, 318, -1,
      318, 322, 323, -1,
      318, 323, 324, -1,
      324, 323, 325, -1,
      324, 325, 326, -1,
      320, 327, 318, -1,
      318, 327, 328, -1,
      318, 328, 329, -1,
      326, 330, 324, -1,
      324, 330, 331, -1,
      324, 331, 332, -1,
      332, 331, 333, -1,
      329, 334, 318, -1,
      318, 334, 335, -1,
      318, 335, 321, -1,
      318, 324, 336, -1,
      336, 324, 337, -1,
      323, 338, 325, -1,
      325, 338, 339, -1,
      325, 339, 326, -1,
      326, 339, 340, -1,
      326, 340, 330, -1,
      330, 340, 341, -1,
      330, 341, 331, -1,
      331, 341, 342, -1,
      331, 342, 333, -1,
      333, 342, 343, -1,
      333, 343, 332, -1,
      332, 343, 344, -1,
      332, 344, 324, -1,
      324, 344, 337, -1,
      323, 322, 338, -1,
      338, 322, 345, -1,
      320, 346, 327, -1,
      327, 346, 347, -1,
      327, 347, 328, -1,
      328, 347, 348, -1,
      328, 348, 329, -1,
      329, 348, 349, -1,
      329, 349, 334, -1,
      334, 349, 350, -1,
      334, 350, 335, -1,
      335, 350, 351, -1,
      335, 351, 321, -1,
      321, 351, 352, -1,
      321, 352, 322, -1,
      322, 352, 345, -1,
      320, 319, 346, -1,
      346, 319, 353, -1,
      354, 355, 356, -1,
      357, 358, 354, -1,
      354, 358, 359, -1,
      354, 359, 360, -1,
      360, 359, 361, -1,
      360, 361, 362, -1,
      356, 363, 354, -1,
      354, 363, 364, -1,
      354, 364, 365, -1,
      365, 366, 354, -1,
      354, 366, 367, -1,
      354, 367, 357, -1,
      362, 368, 360, -1,
      360, 368, 369, -1,
      360, 369, 370, -1,
      370, 369, 371, -1,
      354, 360, 239, -1,
      239, 360, 226, -1,
      359, 224, 361, -1,
      361, 224, 372, -1,
      361, 372, 362, -1,
      362, 372, 373, -1,
      362, 373, 368, -1,
      368, 373, 374, -1,
      368, 374, 369, -1,
      369, 374, 375, -1,
      369, 375, 371, -1,
      371, 375, 376, -1,
      371, 376, 370, -1,
      370, 376, 377, -1,
      370, 377, 360, -1,
      360, 377, 226, -1,
      359, 358, 224, -1,
      224, 358, 225, -1,
      356, 240, 363, -1,
      363, 240, 378, -1,
      363, 378, 364, -1,
      364, 378, 379, -1,
      364, 379, 365, -1,
      365, 379, 380, -1,
      365, 380, 366, -1,
      366, 380, 381, -1,
      366, 381, 367, -1,
      367, 381, 382, -1,
      367, 382, 357, -1,
      357, 382, 383, -1,
      357, 383, 358, -1,
      358, 383, 225, -1,
      356, 355, 240, -1,
      240, 355, 238, -1,
      384, 385, 386, -1,
      387, 388, 384, -1,
      384, 388, 389, -1,
      384, 389, 390, -1,
      390, 389, 391, -1,
      390, 391, 392, -1,
      386, 393, 384, -1,
      384, 393, 394, -1,
      384, 394, 395, -1,
      395, 396, 384, -1,
      384, 396, 397, -1,
      384, 397, 387, -1,
      392, 398, 390, -1,
      390, 398, 399, -1,
      390, 399, 400, -1,
      400, 399, 401, -1,
      384, 390, 64, -1,
      64, 390, 65, -1,
      389, 57, 391, -1,
      391, 57, 402, -1,
      391, 402, 392, -1,
      392, 402, 403, -1,
      392, 403, 398, -1,
      398, 403, 404, -1,
      398, 404, 399, -1,
      399, 404, 405, -1,
      399, 405, 401, -1,
      401, 405, 406, -1,
      401, 406, 400, -1,
      400, 406, 407, -1,
      400, 407, 390, -1,
      390, 407, 65, -1,
      389, 388, 57, -1,
      57, 388, 60, -1,
      386, 58, 393, -1,
      393, 58, 408, -1,
      393, 408, 394, -1,
      394, 408, 409, -1,
      394, 409, 395, -1,
      395, 409, 410, -1,
      395, 410, 396, -1,
      396, 410, 411, -1,
      396, 411, 397, -1,
      397, 411, 412, -1,
      397, 412, 387, -1,
      387, 412, 413, -1,
      387, 413, 388, -1,
      388, 413, 60, -1,
      386, 385, 58, -1,
      58, 385, 63, -1,
      414, 415, 416, -1,
      416, 415, 417, -1,
      418, 419, 420, -1,
      421, 422, 418, -1,
      418, 422, 423, -1,
      418, 423, 419, -1,
      424, 415, 418, -1,
      418, 415, 414, -1,
      418, 414, 425, -1,
      426, 427, 428, -1,
      428, 427, 429, -1,
      420, 430, 418, -1,
      418, 430, 429, -1,
      418, 429, 431, -1,
      431, 429, 427, -1,
      425, 432, 418, -1,
      418, 432, 433, -1,
      418, 433, 421, -1,
      414, 416, 425, -1,
      425, 416, 434, -1,
      425, 434, 432, -1,
      432, 434, 435, -1,
      432, 435, 433, -1,
      433, 435, 436, -1,
      433, 436, 421, -1,
      421, 436, 437, -1,
      421, 437, 422, -1,
      422, 437, 438, -1,
      422, 438, 423, -1,
      423, 438, 439, -1,
      423, 439, 419, -1,
      419, 439, 440, -1,
      420, 441, 430, -1,
      430, 441, 442, -1,
      430, 442, 429, -1,
      429, 442, 443, -1,
      429, 443, 428, -1,
      428, 443, 444, -1,
      428, 444, 426, -1,
      426, 444, 445, -1,
      426, 445, 427, -1,
      427, 445, 446, -1,
      427, 446, 431, -1,
      431, 446, 447, -1,
      431, 447, 418, -1,
      418, 447, 448, -1,
      420, 419, 441, -1,
      441, 419, 440, -1,
      424, 418, 449, -1,
      449, 418, 448, -1,
      1, 0, 3, -1,
      3, 0, 2, -1,
      4, 0, 5, -1,
      5, 0, 1, -1,
      5, 9, 8, -1,
      5, 450, 451, -1,
      1, 452, 5, -1,
      5, 452, 453, -1,
      5, 453, 450, -1,
      451, 454, 5, -1,
      5, 454, 455, -1,
      5, 455, 9, -1,
      8, 456, 5, -1,
      5, 456, 457, -1,
      5, 457, 458, -1,
      459, 460, 458, -1,
      458, 460, 461, -1,
      458, 461, 5, -1,
      1, 3, 452, -1,
      452, 3, 462, -1,
      452, 462, 453, -1,
      453, 462, 463, -1,
      453, 463, 450, -1,
      450, 463, 464, -1,
      450, 464, 451, -1,
      451, 464, 465, -1,
      451, 465, 454, -1,
      454, 465, 466, -1,
      454, 466, 455, -1,
      455, 466, 467, -1,
      455, 467, 9, -1,
      9, 467, 30, -1,
      8, 54, 456, -1,
      456, 54, 468, -1,
      456, 468, 457, -1,
      457, 468, 469, -1,
      457, 469, 458, -1,
      458, 469, 470, -1,
      458, 470, 459, -1,
      459, 470, 471, -1,
      459, 471, 460, -1,
      460, 471, 472, -1,
      460, 472, 461, -1,
      461, 472, 473, -1,
      461, 473, 5, -1,
      5, 473, 42, -1,
      8, 9, 54, -1,
      54, 9, 30, -1,
      4, 5, 55, -1,
      55, 5, 42, -1,
      474, 475, 476, -1,
      476, 475, 477, -1,
      478, 479, 480, -1,
      480, 481, 478, -1,
      478, 481, 482, -1,
      478, 482, 483, -1,
      483, 482, 484, -1,
      483, 484, 485, -1,
      475, 474, 478, -1,
      478, 474, 486, -1,
      478, 486, 487, -1,
      488, 489, 490, -1,
      487, 491, 478, -1,
      478, 491, 492, -1,
      478, 492, 479, -1,
      488, 490, 484, -1,
      484, 490, 493, -1,
      484, 493, 485, -1,
      474, 476, 486, -1,
      486, 476, 494, -1,
      486, 494, 487, -1,
      487, 494, 495, -1,
      487, 495, 491, -1,
      491, 495, 496, -1,
      491, 496, 492, -1,
      492, 496, 497, -1,
      492, 497, 479, -1,
      479, 497, 498, -1,
      479, 498, 480, -1,
      480, 498, 499, -1,
      480, 499, 481, -1,
      481, 499, 500, -1,
      478, 483, 501, -1,
      501, 483, 502, -1,
      482, 503, 484, -1,
      484, 503, 504, -1,
      484, 504, 488, -1,
      488, 504, 505, -1,
      488, 505, 489, -1,
      489, 505, 506, -1,
      489, 506, 490, -1,
      490, 506, 507, -1,
      490, 507, 493, -1,
      493, 507, 508, -1,
      493, 508, 485, -1,
      485, 508, 509, -1,
      485, 509, 483, -1,
      483, 509, 502, -1,
      482, 481, 503, -1,
      503, 481, 500, -1,
      113, 112, 115, -1,
      115, 112, 114, -1,
      117, 121, 120, -1,
      116, 112, 117, -1,
      117, 112, 113, -1,
      117, 113, 510, -1,
      510, 511, 117, -1,
      117, 511, 512, -1,
      117, 512, 513, -1,
      513, 514, 117, -1,
      117, 514, 515, -1,
      117, 515, 121, -1,
      120, 516, 117, -1,
      117, 516, 517, -1,
      117, 517, 518, -1,
      518, 517, 519, -1,
      518, 519, 520, -1,
      520, 519, 521, -1,
      113, 115, 510, -1,
      510, 115, 522, -1,
      510, 522, 511, -1,
      511, 522, 523, -1,
      511, 523, 512, -1,
      512, 523, 524, -1,
      512, 524, 513, -1,
      513, 524, 525, -1,
      513, 525, 514, -1,
      514, 525, 526, -1,
      514, 526, 515, -1,
      515, 526, 527, -1,
      515, 527, 121, -1,
      121, 527, 142, -1,
      120, 166, 516, -1,
      516, 166, 528, -1,
      516, 528, 517, -1,
      517, 528, 529, -1,
      517, 529, 519, -1,
      519, 529, 530, -1,
      519, 530, 521, -1,
      521, 530, 531, -1,
      521, 531, 520, -1,
      520, 531, 532, -1,
      520, 532, 518, -1,
      518, 532, 533, -1,
      518, 533, 117, -1,
      117, 533, 154, -1,
      120, 121, 166, -1,
      166, 121, 142, -1,
      116, 117, 167, -1,
      167, 117, 154, -1,
      283, 281, 534, -1,
      534, 281, 280, -1,
      534, 280, 282, -1,
      281, 284, 280, -1,
      280, 284, 285, -1,
      285, 284, 287, -1,
      287, 284, 286, -1,
      535, 536, 537, -1,
      537, 536, 538, -1,
      536, 535, 539, -1,
      539, 535, 540, -1,
      541, 539, 542, -1,
      542, 539, 540, -1,
      542, 540, 543, -1,
      544, 545, 546, -1,
      546, 545, 547, -1,
      545, 544, 548, -1,
      549, 550, 551, -1,
      551, 550, 552, -1,
      545, 548, 553, -1,
      553, 554, 552, -1,
      552, 554, 555, -1,
      548, 556, 553, -1,
      553, 556, 557, -1,
      553, 557, 558, -1,
      555, 559, 552, -1,
      552, 559, 560, -1,
      552, 560, 551, -1,
      558, 561, 553, -1,
      553, 561, 562, -1,
      553, 562, 554, -1,
      544, 546, 563, -1,
      544, 563, 548, -1,
      548, 563, 564, -1,
      548, 564, 556, -1,
      556, 564, 565, -1,
      556, 565, 557, -1,
      557, 565, 566, -1,
      557, 566, 558, -1,
      558, 566, 567, -1,
      558, 567, 561, -1,
      561, 567, 568, -1,
      561, 568, 562, -1,
      562, 568, 569, -1,
      562, 569, 554, -1,
      554, 569, 570, -1,
      554, 570, 555, -1,
      555, 570, 571, -1,
      555, 571, 559, -1,
      559, 571, 572, -1,
      559, 572, 560, -1,
      560, 572, 573, -1,
      560, 573, 551, -1,
      551, 573, 574, -1,
      551, 574, 549, -1,
      553, 552, 575, -1,
      575, 552, 576, -1,
      550, 549, 577, -1,
      577, 549, 574, -1,
    ]
  }
}

Shape {
  appearance Appearance {
    material Material {
      diffuseColor 0.7922 0.8196 0.9333
      specularColor 0.3961 0.4118 0.4667
      ambientIntensity 0.2
      transparency 0.0000
      shininess 0.5
    }
  }
  geometry IndexedFaceSet {
    ccw TRUE
    solid FALSE
    coord DEF co Coordinate {
      point [
        -0.037380 -0.092165 0.011811,
        -0.037380 -0.092165 0.007874,
        -0.037444 -0.092165 0.011811,
        -0.037444 -0.092165 0.007874,
      ]
    }
    coordIndex [
      0, 1, 2, -1,
      2, 1, 3, -1,
    ]
  }
}

Shape {
  appearance Appearance {
    material Material {
      diffuseColor 0.1098 0.1098 0.1098
      specularColor 0.0784 0.0784 0.0784
      ambientIntensity 0.2
      transparency 0.0000
      shininess 0.5
    }
  }
  geometry IndexedFaceSet {
    ccw TRUE
    solid FALSE
    coord DEF co Coordinate {
      point [
        -0.037380 -0.092165 0.007874,
        -0.037444 -0.092165 0.007874,
        -0.034128 -0.101768 0.007874,
        -0.040711 -0.101768 0.007874,
        -0.037065 -0.093546 0.007874,
        -0.037748 -0.093546 0.007874,
        -0.037254 -0.092863 0.007874,
        -0.037572 -0.092861 0.007874,
      ]
    }
    coordIndex [
      2, 3, 4, -1,
      4, 3, 5, -1,
      4, 5, 6, -1,
      6, 5, 7, -1,
      6, 7, 0, -1,
      0, 7, 1, -1,
    ]
  }
}

Shape {
  appearance Appearance {
    material Material {
      diffuseColor 0.7922 0.8196 0.9333
      specularColor 0.3961 0.4118 0.4667
      ambientIntensity 0.2
      transparency 0.0000
      shininess 0.5
    }
  }
  geometry IndexedFaceSet {
    ccw TRUE
    solid FALSE
    coord DEF co Coordinate {
      point [
        -0.037380 -0.092165 0.011811,
        -0.037380 -0.092165 0.007874,
        -0.037444 -0.092165 0.011811,
        -0.037444 -0.092165 0.007874,
        -0.034128 -0.101768 0.007874,
        -0.040711 -0.101768 0.007874,
        -0.037065 -0.093546 0.007874,
        -0.037748 -0.093546 0.007874,
        -0.037254 -0.092863 0.007874,
        -0.037572 -0.092861 0.007874,
        -0.034128 -0.101768 0.011811,
        -0.037065 -0.093546 0.011811,
        -0.040711 -0.101768 0.011811,
        -0.037254 -0.092863 0.011811,
        -0.037748 -0.093546 0.011811,
        -0.037572 -0.092861 0.011811,
        -0.033464 -0.103929 0.011811,
        -0.041596 -0.103929 0.011811,
        -0.036146 -0.089765 0.011811,
        -0.028704 -0.109450 0.011811,
        -0.031585 -0.109450 0.011811,
        -0.038787 -0.089765 0.011811,
        -0.046469 -0.109450 0.011811,
        -0.043588 -0.109450 0.011811,
        -0.014060 -0.091926 0.011811,
        -0.014060 -0.091926 0.007874,
        -0.016963 -0.091926 0.011811,
        -0.016963 -0.091926 0.007874,
      ]
    }
    coordIndex [
      10, 4, 11, -1,
      11, 4, 6, -1,
      12, 5, 10, -1,
      10, 5, 4, -1,
      1, 0, 13, -1,
      1, 13, 8, -1,
      8, 13, 11, -1,
      8, 11, 6, -1,
      7, 14, 15, -1,
      7, 15, 9, -1,
      9, 15, 2, -1,
      9, 2, 3, -1,
      7, 5, 14, -1,
      14, 5, 12, -1,
      10, 16, 12, -1,
      12, 16, 17, -1,
      11, 18, 10, -1,
      10, 18, 19, -1,
      10, 19, 16, -1,
      16, 19, 20, -1,
      11, 13, 18, -1,
      18, 13, 0, -1,
      18, 0, 21, -1,
      21, 0, 2, -1,
      21, 2, 15, -1,
      15, 14, 21, -1,
      21, 14, 12, -1,
      21, 12, 22, -1,
      22, 12, 17, -1,
      22, 17, 23, -1,
      24, 25, 26, -1,
      26, 25, 27, -1,
    ]
  }
}

Shape {
  appearance Appearance {
    material Material {
      diffuseColor 0.1098 0.1098 0.1098
      specularColor 0.0784 0.0784 0.0784
      ambientIntensity 0.2
      transparency 0.0000
      shininess 0.5
    }
  }
  geometry IndexedFaceSet {
    ccw TRUE
    solid FALSE
    coord DEF co Coordinate {
      point [
        -0.014060 -0.091926 0.007874,
        -0.016963 -0.091926 0.007874,
        -0.014060 -0.107289 0.007874,
        -0.016855 -0.107289 0.007874,
        -0.018931 -0.107096 0.007874,
        -0.024623 -0.099416 0.007874,
        -0.024456 -0.097457 0.007874,
        -0.023996 -0.095900 0.007874,
        -0.019293 -0.092173 0.007874,
        -0.020588 -0.106579 0.007874,
        -0.021931 -0.105782 0.007874,
        -0.023035 -0.104691 0.007874,
        -0.023865 -0.103334 0.007874,
        -0.024442 -0.101484 0.007874,
        -0.023312 -0.094686 0.007874,
        -0.022356 -0.093671 0.007874,
        -0.020919 -0.092742 0.007874,
      ]
    }
    coordIndex [
      0, 2, 1, -1,
      1, 2, 3, -1,
      1, 3, 4, -1,
      5, 6, 1, -1,
      1, 6, 7, -1,
      1, 7, 8, -1,
      4, 9, 1, -1,
      1, 9, 10, -1,
      1, 10, 11, -1,
      11, 12, 1, -1,
      1, 12, 13, -1,
      1, 13, 5, -1,
      14, 15, 7, -1,
      7, 15, 16, -1,
      7, 16, 8, -1,
    ]
  }
}

Shape {
  appearance Appearance {
    material Material {
      diffuseColor 0.7922 0.8196 0.9333
      specularColor 0.3961 0.4118 0.4667
      ambientIntensity 0.2
      transparency 0.0000
      shininess 0.5
    }
  }
  geometry IndexedFaceSet {
    ccw TRUE
    solid FALSE
    coord DEF co Coordinate {
      point [
        -0.014060 -0.091926 0.011811,
        -0.014060 -0.091926 0.007874,
        -0.016963 -0.091926 0.011811,
        -0.016963 -0.091926 0.007874,
        -0.014060 -0.107289 0.007874,
        -0.016855 -0.107289 0.007874,
        -0.018931 -0.107096 0.007874,
        -0.024623 -0.099416 0.007874,
        -0.024456 -0.097457 0.007874,
        -0.023996 -0.095900 0.007874,
        -0.019293 -0.092173 0.007874,
        -0.020588 -0.106579 0.007874,
        -0.021931 -0.105782 0.007874,
        -0.023035 -0.104691 0.007874,
        -0.023865 -0.103334 0.007874,
        -0.024442 -0.101484 0.007874,
        -0.023312 -0.094686 0.007874,
        -0.022356 -0.093671 0.007874,
        -0.020919 -0.092742 0.007874,
        -0.014060 -0.107289 0.011811,
        -0.024623 -0.099416 0.011811,
        -0.024456 -0.097457 0.011811,
        -0.023996 -0.095900 0.011811,
        -0.023312 -0.094686 0.011811,
        -0.022356 -0.093671 0.011811,
        -0.020919 -0.092742 0.011811,
        -0.019293 -0.092173 0.011811,
        -0.016855 -0.107289 0.011811,
        -0.018931 -0.107096 0.011811,
        -0.020588 -0.106579 0.011811,
        -0.021931 -0.105782 0.011811,
        -0.023035 -0.104691 0.011811,
        -0.023865 -0.103334 0.011811,
        -0.024442 -0.101484 0.011811,
        -0.026592 -0.095568 0.011811,
        -0.025677 -0.093875 0.011811,
        -0.024285 -0.092331 0.011811,
        -0.024265 -0.092313 0.011811,
        -0.022122 -0.090878 0.011811,
        -0.019819 -0.090069 0.011811,
        -0.016975 -0.089765 0.011811,
        -0.011420 -0.089765 0.011811,
        -0.011420 -0.109450 0.011811,
        -0.016772 -0.109450 0.011811,
        -0.019208 -0.109237 0.011811,
        -0.021476 -0.108561 0.011811,
        -0.023531 -0.107367 0.011811,
        -0.025152 -0.105815 0.011811,
        -0.026281 -0.104055 0.011811,
        -0.026987 -0.101994 0.011811,
        -0.027264 -0.099360 0.011811,
        -0.027120 -0.097507 0.011811,
        -0.011420 -0.109450 0.007874,
        -0.011420 -0.089765 0.007874,
        -0.016975 -0.089765 0.007874,
        -0.019819 -0.090069 0.007874,
        -0.022122 -0.090878 0.007874,
        -0.024265 -0.092313 0.007874,
        -0.024285 -0.092331 0.007874,
        -0.025677 -0.093875 0.007874,
        -0.026592 -0.095568 0.007874,
        -0.027120 -0.097507 0.007874,
        -0.027264 -0.099360 0.007874,
        -0.026987 -0.101994 0.007874,
        -0.026281 -0.104055 0.007874,
        -0.025152 -0.105815 0.007874,
        -0.023531 -0.107367 0.007874,
        -0.021476 -0.108561 0.007874,
        -0.019208 -0.109237 0.007874,
        -0.016772 -0.109450 0.007874,
        0.002984 -0.109450 0.011811,
        -0.007579 -0.109450 0.011811,
        -0.007579 -0.107289 0.011811,
        0.000343 -0.107289 0.011811,
        0.000343 -0.100568 0.011811,
        0.002984 -0.089765 0.011811,
        -0.007098 -0.091926 0.011811,
        -0.007098 -0.089765 0.011811,
        0.000343 -0.091926 0.011811,
        0.000343 -0.098407 0.011811,
        -0.006619 -0.098407 0.011811,
        -0.006619 -0.100568 0.011811,
        -0.007579 -0.107289 0.007874,
        0.000343 -0.107289 0.007874,
        0.000343 -0.100568 0.007874,
        -0.006619 -0.100568 0.007874,
        -0.006619 -0.098407 0.007874,
        0.000343 -0.098407 0.007874,
        0.000343 -0.091926 0.007874,
        -0.007098 -0.091926 0.007874,
        -0.007579 -0.109450 0.007874,
        0.002984 -0.109450 0.007874,
        0.002984 -0.089765 0.007874,
        -0.007098 -0.089765 0.007874,
        0.013714 -0.107324 0.011811,
        0.012241 -0.109690 0.011811,
        0.011878 -0.107530 0.011811,
        0.011703 -0.109681 0.011811,
        0.009265 -0.107239 0.011811,
        0.008923 -0.109291 0.011811,
        0.007178 -0.106465 0.011811,
        0.006825 -0.108430 0.011811,
        0.006825 -0.106269 0.011811,
        0.006825 -0.092946 0.011811,
        0.006825 -0.090305 0.011811,
        0.009043 -0.091996 0.011811,
        0.009101 -0.089687 0.011811,
        0.011435 -0.091685 0.011811,
        0.011457 -0.089525 0.011811,
        0.013373 -0.091903 0.011811,
        0.013435 -0.089686 0.011811,
        0.014847 -0.092435 0.011811,
        0.015629 -0.090324 0.011811,
        0.016209 -0.093346 0.011811,
        0.017499 -0.091400 0.011811,
        0.017398 -0.094659 0.011811,
        0.019276 -0.093109 0.011811,
        0.018209 -0.096179 0.011811,
        0.020430 -0.094950 0.011811,
        0.018734 -0.098286 0.011811,
        0.021185 -0.097180 0.011811,
        0.018828 -0.099817 0.011811,
        0.021469 -0.099979 0.011811,
        0.018629 -0.101948 0.011811,
        0.021278 -0.102259 0.011811,
        0.018094 -0.103642 0.011811,
        0.020686 -0.104342 0.011811,
        0.017280 -0.105007 0.011811,
        0.019637 -0.106214 0.011811,
        0.016356 -0.105981 0.011811,
        0.018159 -0.107770 0.011811,
        0.015148 -0.106796 0.011811,
        0.016575 -0.108782 0.011811,
        0.014667 -0.109439 0.011811,
        0.011878 -0.107530 0.007874,
        0.009265 -0.107239 0.007874,
        0.007178 -0.106465 0.007874,
        0.006825 -0.106269 0.007874,
        0.018828 -0.099817 0.007874,
        0.018629 -0.101948 0.007874,
        0.018094 -0.103642 0.007874,
        0.017280 -0.105007 0.007874,
        0.016356 -0.105981 0.007874,
        0.015148 -0.106796 0.007874,
        0.013714 -0.107324 0.007874,
        0.011435 -0.091685 0.007874,
        0.013373 -0.091903 0.007874,
        0.014847 -0.092435 0.007874,
        0.016209 -0.093346 0.007874,
        0.017398 -0.094659 0.007874,
        0.018209 -0.096179 0.007874,
        0.018734 -0.098286 0.007874,
        0.006825 -0.092946 0.007874,
        0.009043 -0.091996 0.007874,
        0.008923 -0.109291 0.007874,
        0.006825 -0.108430 0.007874,
        0.010913 -0.109570 0.007874,
        0.011703 -0.109681 0.007874,
        0.012241 -0.109690 0.007874,
        0.013399 -0.109570 0.007874,
        0.014667 -0.109439 0.007874,
        0.016575 -0.108782 0.007874,
        0.018159 -0.107770 0.007874,
        0.019637 -0.106214 0.007874,
        0.020686 -0.104342 0.007874,
        0.021278 -0.102259 0.007874,
        0.021469 -0.099979 0.007874,
        0.021185 -0.097180 0.007874,
        0.020430 -0.094950 0.007874,
        0.019276 -0.093109 0.007874,
        0.017499 -0.091400 0.007874,
        0.015629 -0.090324 0.007874,
        0.013435 -0.089686 0.007874,
        0.011457 -0.089525 0.007874,
        0.009101 -0.089687 0.007874,
        0.006825 -0.090305 0.007874,
        0.030591 -0.089765 0.011811,
        0.033232 -0.089765 0.011811,
        0.030591 -0.107289 0.011811,
        0.033232 -0.109450 0.011811,
        0.023149 -0.107289 0.011811,
        0.023149 -0.109450 0.011811,
        0.023149 -0.107289 0.007874,
        0.030591 -0.107289 0.007874,
        0.030591 -0.089765 0.007874,
        0.023149 -0.109450 0.007874,
        0.033232 -0.109450 0.007874,
        0.033232 -0.089765 0.007874,
      ]
    }
    coordIndex [
      4, 1, 19, -1,
      19, 1, 0, -1,
      7, 20, 21, -1,
      7, 21, 8, -1,
      8, 21, 22, -1,
      8, 22, 9, -1,
      9, 22, 23, -1,
      9, 23, 16, -1,
      16, 23, 24, -1,
      16, 24, 17, -1,
      17, 24, 25, -1,
      17, 25, 18, -1,
      18, 25, 26, -1,
      18, 26, 10, -1,
      10, 26, 2, -1,
      10, 2, 3, -1,
      5, 27, 28, -1,
      5, 28, 6, -1,
      6, 28, 29, -1,
      6, 29, 11, -1,
      11, 29, 30, -1,
      11, 30, 12, -1,
      12, 30, 31, -1,
      12, 31, 13, -1,
      13, 31, 32, -1,
      13, 32, 14, -1,
      14, 32, 33, -1,
      14, 33, 15, -1,
      15, 33, 20, -1,
      15, 20, 7, -1,
      27, 5, 19, -1,
      19, 5, 4, -1,
      34, 35, 23, -1,
      23, 35, 36, -1,
      23, 36, 24, -1,
      24, 36, 37, -1,
      24, 37, 25, -1,
      25, 37, 38, -1,
      25, 38, 26, -1,
      26, 38, 39, -1,
      26, 39, 2, -1,
      2, 39, 40, -1,
      2, 40, 0, -1,
      0, 40, 41, -1,
      0, 41, 19, -1,
      19, 41, 42, -1,
      19, 42, 27, -1,
      27, 42, 43, -1,
      27, 43, 28, -1,
      28, 43, 44, -1,
      28, 44, 29, -1,
      29, 44, 45, -1,
      29, 45, 30, -1,
      30, 45, 46, -1,
      30, 46, 31, -1,
      31, 46, 47, -1,
      31, 47, 32, -1,
      32, 47, 48, -1,
      32, 48, 33, -1,
      33, 48, 49, -1,
      33, 49, 20, -1,
      20, 49, 50, -1,
      20, 50, 21, -1,
      21, 50, 51, -1,
      21, 51, 22, -1,
      22, 51, 34, -1,
      22, 34, 23, -1,
      42, 41, 52, -1,
      52, 41, 53, -1,
      40, 54, 41, -1,
      41, 54, 53, -1,
      54, 40, 39, -1,
      54, 39, 55, -1,
      55, 39, 38, -1,
      55, 38, 56, -1,
      56, 38, 37, -1,
      56, 37, 57, -1,
      57, 37, 36, -1,
      57, 36, 58, -1,
      58, 36, 35, -1,
      58, 35, 59, -1,
      59, 35, 34, -1,
      59, 34, 60, -1,
      60, 34, 51, -1,
      60, 51, 61, -1,
      61, 51, 50, -1,
      61, 50, 62, -1,
      62, 50, 49, -1,
      62, 49, 63, -1,
      63, 49, 48, -1,
      63, 48, 64, -1,
      64, 48, 47, -1,
      64, 47, 65, -1,
      65, 47, 46, -1,
      65, 46, 66, -1,
      66, 46, 45, -1,
      66, 45, 67, -1,
      67, 45, 44, -1,
      67, 44, 68, -1,
      68, 44, 43, -1,
      68, 43, 69, -1,
      42, 52, 43, -1,
      43, 52, 69, -1,
      70, 71, 72, -1,
      72, 73, 70, -1,
      70, 73, 74, -1,
      70, 74, 75, -1,
      76, 77, 78, -1,
      78, 77, 75, -1,
      78, 75, 79, -1,
      79, 75, 74, -1,
      79, 74, 80, -1,
      80, 74, 81, -1,
      72, 82, 73, -1,
      73, 82, 83, -1,
      73, 83, 74, -1,
      74, 83, 84, -1,
      74, 84, 81, -1,
      81, 84, 85, -1,
      80, 86, 79, -1,
      79, 86, 87, -1,
      79, 87, 78, -1,
      78, 87, 88, -1,
      78, 88, 76, -1,
      76, 88, 89, -1,
      71, 70, 90, -1,
      90, 70, 91, -1,
      75, 92, 70, -1,
      70, 92, 91, -1,
      77, 93, 75, -1,
      75, 93, 92, -1,
      76, 89, 77, -1,
      77, 89, 93, -1,
      81, 85, 80, -1,
      80, 85, 86, -1,
      71, 90, 72, -1,
      72, 90, 82, -1,
      94, 95, 96, -1,
      96, 95, 97, -1,
      96, 97, 98, -1,
      98, 97, 99, -1,
      98, 99, 100, -1,
      100, 99, 101, -1,
      100, 101, 102, -1,
      103, 104, 105, -1,
      105, 104, 106, -1,
      105, 106, 107, -1,
      107, 106, 108, -1,
      107, 108, 109, -1,
      109, 108, 110, -1,
      109, 110, 111, -1,
      111, 110, 112, -1,
      111, 112, 113, -1,
      113, 112, 114, -1,
      113, 114, 115, -1,
      115, 114, 116, -1,
      115, 116, 117, -1,
      117, 116, 118, -1,
      117, 118, 119, -1,
      119, 118, 120, -1,
      119, 120, 121, -1,
      121, 120, 122, -1,
      121, 122, 123, -1,
      123, 122, 124, -1,
      123, 124, 125, -1,
      125, 124, 126, -1,
      125, 126, 127, -1,
      127, 126, 128, -1,
      127, 128, 129, -1,
      129, 128, 130, -1,
      129, 130, 131, -1,
      131, 130, 132, -1,
      131, 132, 94, -1,
      94, 132, 133, -1,
      94, 133, 95, -1,
      134, 96, 98, -1,
      134, 98, 135, -1,
      135, 98, 100, -1,
      135, 100, 136, -1,
      136, 100, 102, -1,
      136, 102, 137, -1,
      138, 121, 123, -1,
      138, 123, 139, -1,
      139, 123, 125, -1,
      139, 125, 140, -1,
      140, 125, 127, -1,
      140, 127, 141, -1,
      141, 127, 129, -1,
      141, 129, 142, -1,
      142, 129, 131, -1,
      142, 131, 143, -1,
      143, 131, 94, -1,
      143, 94, 144, -1,
      144, 94, 96, -1,
      144, 96, 134, -1,
      145, 107, 109, -1,
      145, 109, 146, -1,
      146, 109, 111, -1,
      146, 111, 147, -1,
      147, 111, 113, -1,
      147, 113, 148, -1,
      148, 113, 115, -1,
      148, 115, 149, -1,
      149, 115, 117, -1,
      149, 117, 150, -1,
      150, 117, 119, -1,
      150, 119, 151, -1,
      151, 119, 121, -1,
      151, 121, 138, -1,
      152, 103, 105, -1,
      152, 105, 153, -1,
      153, 105, 107, -1,
      153, 107, 145, -1,
      154, 155, 99, -1,
      99, 155, 101, -1,
      154, 99, 156, -1,
      156, 99, 97, -1,
      156, 97, 157, -1,
      157, 97, 95, -1,
      157, 95, 158, -1,
      158, 95, 159, -1,
      159, 95, 133, -1,
      159, 133, 160, -1,
      160, 133, 132, -1,
      160, 132, 161, -1,
      161, 132, 130, -1,
      161, 130, 162, -1,
      162, 130, 128, -1,
      162, 128, 163, -1,
      163, 128, 126, -1,
      163, 126, 164, -1,
      164, 126, 124, -1,
      164, 124, 165, -1,
      165, 124, 122, -1,
      165, 122, 166, -1,
      166, 122, 120, -1,
      166, 120, 167, -1,
      167, 120, 118, -1,
      167, 118, 168, -1,
      168, 118, 116, -1,
      168, 116, 169, -1,
      169, 116, 114, -1,
      169, 114, 170, -1,
      170, 114, 112, -1,
      170, 112, 171, -1,
      171, 112, 110, -1,
      171, 110, 172, -1,
      172, 110, 108, -1,
      172, 108, 173, -1,
      173, 108, 106, -1,
      173, 106, 174, -1,
      174, 106, 104, -1,
      174, 104, 175, -1,
      103, 152, 104, -1,
      104, 152, 175, -1,
      101, 155, 102, -1,
      102, 155, 137, -1,
      176, 177, 178, -1,
      178, 177, 179, -1,
      178, 179, 180, -1,
      180, 179, 181, -1,
      180, 182, 178, -1,
      178, 182, 183, -1,
      178, 183, 176, -1,
      176, 183, 184, -1,
      181, 179, 185, -1,
      185, 179, 186, -1,
      177, 187, 179, -1,
      179, 187, 186, -1,
      176, 184, 177, -1,
      177, 184, 187, -1,
      181, 185, 180, -1,
      180, 185, 182, -1,
    ]
  }
}

Shape {
  appearance Appearance {
    material Material {
      diffuseColor 0.1098 0.1098 0.1098
      specularColor 0.0784 0.0784 0.0784
      ambientIntensity 0.2
      transparency 0.0000
      shininess 0.5
    }
  }
  geometry IndexedFaceSet {
    ccw TRUE
    solid FALSE
    coord DEF co Coordinate {
      point [
        -0.393701 -0.147638 0.007874,
        0.393701 -0.147638 0.007874,
        -0.009499 -0.147638 0.007874,
        -0.393701 -0.049213 0.007874,
        -0.009499 -0.049213 0.007874,
        0.393701 -0.049213 0.007874,
        -0.011420 -0.109450 0.007874,
        -0.011420 -0.089765 0.007874,
        -0.016975 -0.089765 0.007874,
        -0.019819 -0.090069 0.007874,
        -0.022122 -0.090878 0.007874,
        -0.024265 -0.092313 0.007874,
        -0.024285 -0.092331 0.007874,
        -0.025677 -0.093875 0.007874,
        -0.026592 -0.095568 0.007874,
        -0.027120 -0.097507 0.007874,
        -0.027264 -0.099360 0.007874,
        -0.026987 -0.101994 0.007874,
        -0.026281 -0.104055 0.007874,
        -0.025152 -0.105815 0.007874,
        -0.023531 -0.107367 0.007874,
        -0.021476 -0.108561 0.007874,
        -0.019208 -0.109237 0.007874,
        -0.016772 -0.109450 0.007874,
        -0.007579 -0.107289 0.007874,
        0.000343 -0.107289 0.007874,
        0.000343 -0.100568 0.007874,
        -0.006619 -0.100568 0.007874,
        -0.006619 -0.098407 0.007874,
        0.000343 -0.098407 0.007874,
        0.000343 -0.091926 0.007874,
        -0.007098 -0.091926 0.007874,
        -0.007579 -0.109450 0.007874,
        0.002984 -0.109450 0.007874,
        0.002984 -0.089765 0.007874,
        -0.007098 -0.089765 0.007874,
        0.011878 -0.107530 0.007874,
        0.009265 -0.107239 0.007874,
        0.007178 -0.106465 0.007874,
        0.006825 -0.106269 0.007874,
        0.018828 -0.099817 0.007874,
        0.018629 -0.101948 0.007874,
        0.018094 -0.103642 0.007874,
        0.017280 -0.105007 0.007874,
        0.016356 -0.105981 0.007874,
        0.015148 -0.106796 0.007874,
        0.013714 -0.107324 0.007874,
        0.011435 -0.091685 0.007874,
        0.013373 -0.091903 0.007874,
        0.014847 -0.092435 0.007874,
        0.016209 -0.093346 0.007874,
        0.017398 -0.094659 0.007874,
        0.018209 -0.096179 0.007874,
        0.018734 -0.098286 0.007874,
        0.006825 -0.092946 0.007874,
        0.009043 -0.091996 0.007874,
        0.008923 -0.109291 0.007874,
        0.006825 -0.108430 0.007874,
        0.010913 -0.109570 0.007874,
        0.011703 -0.109681 0.007874,
        0.012241 -0.109690 0.007874,
        0.013399 -0.109570 0.007874,
        0.014667 -0.109439 0.007874,
        0.016575 -0.108782 0.007874,
        0.018159 -0.107770 0.007874,
        0.019637 -0.106214 0.007874,
        0.020686 -0.104342 0.007874,
        0.021278 -0.102259 0.007874,
        0.021469 -0.099979 0.007874,
        0.021185 -0.097180 0.007874,
        0.020430 -0.094950 0.007874,
        0.019276 -0.093109 0.007874,
        0.017499 -0.091400 0.007874,
        0.015629 -0.090324 0.007874,
        0.013435 -0.089686 0.007874,
        0.011457 -0.089525 0.007874,
        0.009101 -0.089687 0.007874,
        0.006825 -0.090305 0.007874,
        0.023149 -0.107289 0.007874,
        0.030591 -0.107289 0.007874,
        0.030591 -0.089765 0.007874,
        0.023149 -0.109450 0.007874,
        0.033232 -0.109450 0.007874,
        0.033232 -0.089765 0.007874,
        -0.009499 -0.109570 0.007874,
        0.393701 -0.109570 0.007874,
        -0.393701 -0.109570 0.007874,
        -0.031585 -0.109450 0.007874,
        -0.028704 -0.109450 0.007874,
        -0.038787 -0.089765 0.007874,
        -0.036146 -0.089765 0.007874,
        -0.046469 -0.109450 0.007874,
        -0.043588 -0.109450 0.007874,
        -0.041596 -0.103929 0.007874,
        -0.033464 -0.103929 0.007874,
      ]
    }
    coordIndex [
      24, 32, 84, -1,
      84, 32, 33, -1,
      61, 81, 82, -1,
      35, 31, 84, -1,
      57, 33, 39, -1,
      39, 33, 34, -1,
      27, 26, 25, -1,
      34, 35, 4, -1,
      64, 65, 81, -1,
      25, 24, 27, -1,
      27, 24, 84, -1,
      27, 84, 28, -1,
      28, 84, 31, -1,
      28, 31, 29, -1,
      29, 31, 30, -1,
      70, 71, 80, -1,
      81, 65, 78, -1,
      48, 49, 38, -1,
      38, 49, 50, -1,
      38, 50, 51, -1,
      40, 41, 38, -1,
      38, 41, 42, -1,
      46, 36, 45, -1,
      45, 36, 44, -1,
      42, 43, 38, -1,
      38, 43, 44, -1,
      38, 44, 37, -1,
      37, 44, 36, -1,
      51, 52, 38, -1,
      38, 52, 53, -1,
      38, 53, 40, -1,
      61, 62, 81, -1,
      81, 62, 63, -1,
      81, 63, 64, -1,
      65, 66, 78, -1,
      78, 66, 67, -1,
      78, 67, 79, -1,
      79, 67, 68, -1,
      79, 68, 80, -1,
      80, 68, 69, -1,
      80, 69, 70, -1,
      72, 73, 4, -1,
      4, 73, 74, -1,
      4, 74, 75, -1,
      75, 76, 4, -1,
      4, 76, 77, -1,
      4, 77, 34, -1,
      34, 77, 54, -1,
      34, 54, 39, -1,
      39, 54, 55, -1,
      39, 55, 38, -1,
      38, 55, 47, -1,
      38, 47, 48, -1,
      58, 59, 2, -1,
      2, 59, 60, -1,
      2, 60, 61, -1,
      71, 72, 80, -1,
      80, 72, 4, -1,
      80, 4, 83, -1,
      83, 4, 5, -1,
      83, 5, 82, -1,
      82, 5, 85, -1,
      82, 85, 61, -1,
      61, 85, 1, -1,
      61, 1, 2, -1,
      0, 86, 2, -1,
      2, 86, 84, -1,
      2, 84, 58, -1,
      58, 84, 33, -1,
      58, 33, 56, -1,
      56, 33, 57, -1,
      87, 88, 84, -1,
      18, 19, 88, -1,
      88, 19, 20, -1,
      88, 20, 21, -1,
      3, 4, 89, -1,
      89, 4, 90, -1,
      3, 89, 86, -1,
      86, 89, 91, -1,
      86, 91, 84, -1,
      84, 91, 92, -1,
      84, 92, 87, -1,
      87, 92, 93, -1,
      87, 93, 94, -1,
      35, 84, 4, -1,
      4, 84, 7, -1,
      4, 7, 8, -1,
      12, 13, 90, -1,
      90, 13, 14, -1,
      8, 9, 4, -1,
      4, 9, 10, -1,
      4, 10, 90, -1,
      90, 10, 11, -1,
      90, 11, 12, -1,
      21, 22, 88, -1,
      88, 22, 23, -1,
      88, 23, 84, -1,
      84, 23, 6, -1,
      84, 6, 7, -1,
      14, 15, 90, -1,
      90, 15, 16, -1,
      90, 16, 88, -1,
      88, 16, 17, -1,
      88, 17, 18, -1,
    ]
  }
}

Shape {
  appearance Appearance {
    material Material {
      diffuseColor 0.7922 0.8196 0.9333
      specularColor 0.3961 0.4118 0.4667
      ambientIntensity 0.2
      transparency 0.0000
      shininess 0.5
    }
  }
  geometry IndexedFaceSet {
    ccw TRUE
    solid FALSE
    coord DEF co Coordinate {
      point [
        -0.033464 -0.103929 0.011811,
        -0.041596 -0.103929 0.011811,
        -0.036146 -0.089765 0.011811,
        -0.028704 -0.109450 0.011811,
        -0.031585 -0.109450 0.011811,
        -0.038787 -0.089765 0.011811,
        -0.046469 -0.109450 0.011811,
        -0.043588 -0.109450 0.011811,
        -0.031585 -0.109450 0.007874,
        -0.028704 -0.109450 0.007874,
        -0.038787 -0.089765 0.007874,
        -0.036146 -0.089765 0.007874,
        -0.046469 -0.109450 0.007874,
        -0.043588 -0.109450 0.007874,
        -0.041596 -0.103929 0.007874,
        -0.033464 -0.103929 0.007874,
      ]
    }
    coordIndex [
      6, 7, 12, -1,
      12, 7, 13, -1,
      6, 12, 5, -1,
      5, 12, 10, -1,
      5, 10, 2, -1,
      2, 10, 11, -1,
      2, 11, 3, -1,
      3, 11, 9, -1,
      3, 9, 4, -1,
      4, 9, 8, -1,
      4, 8, 0, -1,
      0, 8, 15, -1,
      0, 15, 1, -1,
      1, 15, 14, -1,
      1, 14, 7, -1,
      7, 14, 13, -1,
    ]
  }
}

Shape {
  appearance Appearance {
    material Material {
      diffuseColor 0.4118 0.4118 0.4118
      specularColor 0.2039 0.2039 0.2039
      ambientIntensity 0.2
      transparency 0.0000
      shininess 0.5
    }
  }
  geometry IndexedFaceSet {
    ccw TRUE
    solid FALSE
    coord DEF co Coordinate {
      point [
        -0.275591 0.511811 0.385827,
        -0.275591 0.511811 0.393701,
        -0.276932 0.522001 0.385827,
        -0.276932 0.522001 0.393701,
        -0.280865 0.531496 0.385827,
        -0.280865 0.531496 0.393701,
        -0.287122 0.539650 0.385827,
        -0.287122 0.539650 0.393701,
        -0.295276 0.545907 0.385827,
        -0.295276 0.545907 0.393701,
        -0.304771 0.549840 0.385827,
        -0.304771 0.549840 0.393701,
        -0.314961 0.551181 0.385827,
        -0.314961 0.551181 0.393701,
        -0.325150 0.549840 0.385827,
        -0.325150 0.549840 0.393701,
        -0.334646 0.545907 0.385827,
        -0.334646 0.545907 0.393701,
        -0.342800 0.539650 0.385827,
        -0.342800 0.539650 0.393701,
        -0.349056 0.531496 0.385827,
        -0.349056 0.531496 0.393701,
        -0.352989 0.522001 0.385827,
        -0.352989 0.522001 0.393701,
        -0.354331 0.511811 0.385827,
        -0.354331 0.511811 0.393701,
        -0.352989 0.501621 0.385827,
        -0.352989 0.501621 0.393701,
        -0.349056 0.492126 0.385827,
        -0.349056 0.492126 0.393701,
        -0.342800 0.483972 0.385827,
        -0.342800 0.483972 0.393701,
        -0.334646 0.477716 0.385827,
        -0.334646 0.477716 0.393701,
        -0.325150 0.473782 0.385827,
        -0.325150 0.473782 0.393701,
        -0.314961 0.472441 0.385827,
        -0.314961 0.472441 0.393701,
        -0.304771 0.473782 0.385827,
        -0.304771 0.473782 0.393701,
        -0.295276 0.477716 0.385827,
        -0.295276 0.477716 0.393701,
        -0.287122 0.483972 0.385827,
        -0.287122 0.483972 0.393701,
        -0.280865 0.492126 0.385827,
        -0.280865 0.492126 0.393701,
        -0.276932 0.501621 0.385827,
        -0.276932 0.501621 0.393701,
        -0.314961 0.511811 0.385827,
      ]
    }
    coordIndex [
      0, 1, 2, -1,
      2, 1, 3, -1,
      2, 3, 4, -1,
      4, 3, 5, -1,
      4, 5, 6, -1,
      6, 5, 7, -1,
      6, 7, 8, -1,
      8, 7, 9, -1,
      8, 9, 10, -1,
      10, 9, 11, -1,
      10, 11, 12, -1,
      12, 11, 13, -1,
      12, 13, 14, -1,
      14, 13, 15, -1,
      14, 15, 16, -1,
      16, 15, 17, -1,
      16, 17, 18, -1,
      18, 17, 19, -1,
      18, 19, 20, -1,
      20, 19, 21, -1,
      20, 21, 22, -1,
      22, 21, 23, -1,
      22, 23, 24, -1,
      24, 23, 25, -1,
      24, 25, 26, -1,
      26, 25, 27, -1,
      26, 27, 28, -1,
      28, 27, 29, -1,
      28, 29, 30, -1,
      30, 29, 31, -1,
      30, 31, 32, -1,
      32, 31, 33, -1,
      32, 33, 34, -1,
      34, 33, 35, -1,
      34, 35, 36, -1,
      36, 35, 37, -1,
      36, 37, 38, -1,
      38, 37, 39, -1,
      38, 39, 40, -1,
      40, 39, 41, -1,
      40, 41, 42, -1,
      42, 41, 43, -1,
      42, 43, 44, -1,
      44, 43, 45, -1,
      44, 45, 46, -1,
      46, 45, 47, -1,
      46, 47, 0, -1,
      0, 47, 1, -1,
      44, 46, 48, -1,
      48, 46, 0, -1,
      48, 0, 2, -1,
      38, 40, 48, -1,
      48, 40, 42, -1,
      48, 42, 44, -1,
      32, 34, 48, -1,
      48, 34, 36, -1,
      48, 36, 38, -1,
      26, 28, 48, -1,
      48, 28, 30, -1,
      48, 30, 32, -1,
      20, 22, 48, -1,
      48, 22, 24, -1,
      48, 24, 26, -1,
      14, 16, 48, -1,
      48, 16, 18, -1,
      48, 18, 20, -1,
      8, 10, 48, -1,
      48, 10, 12, -1,
      48, 12, 14, -1,
      2, 4, 48, -1,
      48, 4, 6, -1,
      48, 6, 8, -1,
    ]
  }
}

Shape {
  appearance Appearance {
    material Material {
      diffuseColor 0.1098 0.1098 0.1098
      specularColor 0.0784 0.0784 0.0784
      ambientIntensity 0.2
      transparency 0.0000
      shininess 0.5
    }
  }
  geometry IndexedFaceSet {
    ccw TRUE
    solid FALSE
    coord DEF co Coordinate {
      point [
        0.344488 0.590551 0.078740,
        0.344488 0.590551 0.007874,
        0.344488 0.481890 0.007874,
        0.246063 0.590551 0.078740,
        0.295669 0.433071 0.007874,
        0.246063 0.481890 0.007874,
        0.294882 0.433071 0.007874,
        0.246063 0.590551 0.007874,
        0.295669 -0.433071 0.007874,
        0.246063 -0.481890 0.007874,
        0.294882 -0.433071 0.007874,
        0.246063 -0.590551 0.007874,
        0.344488 -0.590551 0.007874,
        0.344488 -0.481890 0.007874,
        -0.049213 0.590551 0.078740,
        -0.049213 0.590551 0.007874,
        -0.049213 0.481890 0.007874,
        -0.147638 0.590551 0.078740,
        -0.098031 0.433071 0.007874,
        -0.147638 0.481890 0.007874,
        -0.098819 0.433071 0.007874,
        -0.147638 0.590551 0.007874,
        -0.294882 -0.433071 0.007874,
        -0.344488 -0.481890 0.007874,
        -0.295669 -0.433071 0.007874,
        -0.344488 -0.590551 0.007874,
        -0.246063 -0.590551 0.007874,
        -0.246063 -0.481890 0.007874,
        0.098819 -0.433071 0.007874,
        0.098031 -0.433071 0.007874,
        0.147638 -0.481890 0.007874,
        0.049213 -0.590551 0.007874,
        0.147638 -0.590551 0.007874,
        0.049213 -0.481890 0.007874,
        -0.393701 -0.147638 0.078740,
        0.393701 -0.147638 0.078740,
        -0.393701 -0.147638 0.007874,
        0.393701 -0.147638 0.007874,
        0.393701 -0.246063 0.078740,
        -0.393701 -0.246063 0.078740,
        0.393701 -0.246063 0.007874,
        -0.393701 -0.246063 0.007874,
        -0.246063 -0.590551 0.078740,
        -0.344488 -0.590551 0.078740,
        -0.284019 -0.434295 0.007874,
        -0.273700 -0.437906 0.007874,
        -0.264444 -0.443722 0.007874,
        -0.256714 -0.451452 0.007874,
        -0.250898 -0.460708 0.007874,
        -0.247287 -0.471026 0.007874,
        -0.343264 -0.471026 0.007874,
        -0.339654 -0.460708 0.007874,
        -0.333837 -0.451452 0.007874,
        -0.326107 -0.443722 0.007874,
        -0.316851 -0.437906 0.007874,
        -0.306533 -0.434295 0.007874,
        -0.049213 -0.590551 0.078740,
        -0.147638 -0.590551 0.078740,
        -0.049213 -0.590551 0.007874,
        -0.049213 -0.481890 0.007874,
        -0.098031 -0.433071 0.007874,
        -0.087168 -0.434295 0.007874,
        -0.076850 -0.437906 0.007874,
        -0.067593 -0.443722 0.007874,
        -0.059863 -0.451452 0.007874,
        -0.054047 -0.460708 0.007874,
        -0.050437 -0.471026 0.007874,
        -0.098819 -0.433071 0.007874,
        -0.147638 -0.481890 0.007874,
        -0.146414 -0.471026 0.007874,
        -0.142803 -0.460708 0.007874,
        -0.136987 -0.451452 0.007874,
        -0.129257 -0.443722 0.007874,
        -0.120001 -0.437906 0.007874,
        -0.109682 -0.434295 0.007874,
        -0.147638 -0.590551 0.007874,
        0.147638 -0.590551 0.078740,
        0.049213 -0.590551 0.078740,
        0.109682 -0.434295 0.007874,
        0.120001 -0.437906 0.007874,
        0.129257 -0.443722 0.007874,
        0.136987 -0.451452 0.007874,
        0.142803 -0.460708 0.007874,
        0.146414 -0.471026 0.007874,
        0.050437 -0.471026 0.007874,
        0.054047 -0.460708 0.007874,
        0.059863 -0.451452 0.007874,
        0.067593 -0.443722 0.007874,
        0.076850 -0.437906 0.007874,
        0.087168 -0.434295 0.007874,
        0.344488 -0.590551 0.078740,
        0.246063 -0.590551 0.078740,
        0.306533 -0.434295 0.007874,
        0.316851 -0.437906 0.007874,
        0.326107 -0.443722 0.007874,
        0.333837 -0.451452 0.007874,
        0.339654 -0.460708 0.007874,
        0.343264 -0.471026 0.007874,
        0.247287 -0.471026 0.007874,
        0.250898 -0.460708 0.007874,
        0.256714 -0.451452 0.007874,
        0.264444 -0.443722 0.007874,
        0.273700 -0.437906 0.007874,
        0.284019 -0.434295 0.007874,
        0.147638 0.590551 0.078740,
        0.147638 0.481890 0.007874,
        0.147638 0.590551 0.007874,
        0.049213 0.590551 0.078740,
        0.146414 0.471026 0.007874,
        0.142803 0.460708 0.007874,
        0.136987 0.451452 0.007874,
        0.129257 0.443722 0.007874,
        0.120001 0.437906 0.007874,
        0.109682 0.434295 0.007874,
        0.098819 0.433071 0.007874,
        0.098031 0.433071 0.007874,
        0.087168 0.434295 0.007874,
        0.076850 0.437906 0.007874,
        0.067593 0.443722 0.007874,
        0.059863 0.451452 0.007874,
        0.054047 0.460708 0.007874,
        0.050437 0.471026 0.007874,
        0.049213 0.481890 0.007874,
        0.049213 0.590551 0.007874,
        0.343264 0.471026 0.007874,
        0.339654 0.460708 0.007874,
        0.333837 0.451452 0.007874,
        0.326107 0.443722 0.007874,
        0.316851 0.437906 0.007874,
        0.306533 0.434295 0.007874,
        0.284019 0.434295 0.007874,
        0.273700 0.437906 0.007874,
        0.264444 0.443722 0.007874,
        0.256714 0.451452 0.007874,
        0.250898 0.460708 0.007874,
        0.247287 0.471026 0.007874,
        -0.246063 0.590551 0.078740,
        -0.246063 0.481890 0.007874,
        -0.246063 0.590551 0.007874,
        -0.344488 0.590551 0.078740,
        -0.247287 0.471026 0.007874,
        -0.250898 0.460708 0.007874,
        -0.256714 0.451452 0.007874,
        -0.264444 0.443722 0.007874,
        -0.273700 0.437906 0.007874,
        -0.284019 0.434295 0.007874,
        -0.294882 0.433071 0.007874,
        -0.344488 0.590551 0.007874,
        -0.344488 0.481890 0.007874,
        -0.295669 0.433071 0.007874,
        -0.306533 0.434295 0.007874,
        -0.316851 0.437906 0.007874,
        -0.326107 0.443722 0.007874,
        -0.333837 0.451452 0.007874,
        -0.339654 0.460708 0.007874,
        -0.343264 0.471026 0.007874,
        -0.050437 0.471026 0.007874,
        -0.054047 0.460708 0.007874,
        -0.059863 0.451452 0.007874,
        -0.067593 0.443722 0.007874,
        -0.076850 0.437906 0.007874,
        -0.087168 0.434295 0.007874,
        -0.109682 0.434295 0.007874,
        -0.120001 0.437906 0.007874,
        -0.129257 0.443722 0.007874,
        -0.136987 0.451452 0.007874,
        -0.142803 0.460708 0.007874,
        -0.146414 0.471026 0.007874,
        0.393701 0.049213 0.078740,
        -0.393701 0.049213 0.078740,
        0.393701 0.049213 0.007874,
        -0.393701 0.049213 0.007874,
        -0.393701 -0.049213 0.078740,
        0.393701 -0.049213 0.078740,
        -0.393701 -0.049213 0.007874,
        0.393701 -0.049213 0.007874,
        -0.393701 0.246063 0.078740,
        -0.334646 0.246063 0.007874,
        -0.393701 0.246063 0.007874,
        0.393701 0.246063 0.078740,
        0.393701 0.147638 0.078740,
        -0.393701 0.147638 0.078740,
        -0.333304 0.235873 0.007874,
        -0.329371 0.226378 0.007874,
        -0.323115 0.218224 0.007874,
        -0.314961 0.211967 0.007874,
        -0.305465 0.208034 0.007874,
        -0.295276 0.206693 0.007874,
        -0.285086 0.208034 0.007874,
        -0.275591 0.211967 0.007874,
        -0.267437 0.218224 0.007874,
        -0.261180 0.226378 0.007874,
        -0.257247 0.235873 0.007874,
        -0.255906 0.246063 0.007874,
        -0.393701 0.147638 0.007874,
        0.393701 0.147638 0.007874,
        0.393701 0.246063 0.007874,
        0.393701 -0.109570 0.007874,
        -0.393701 -0.109570 0.007874,
        -0.275591 0.511811 0.393701,
        -0.276932 0.522001 0.393701,
        -0.280865 0.531496 0.393701,
        -0.287122 0.539650 0.393701,
        -0.295276 0.545907 0.393701,
        -0.304771 0.549840 0.393701,
        -0.314961 0.551181 0.393701,
        -0.325150 0.549840 0.393701,
        -0.334646 0.545907 0.393701,
        -0.342800 0.539650 0.393701,
        -0.349056 0.531496 0.393701,
        -0.352989 0.522001 0.393701,
        -0.354331 0.511811 0.393701,
        -0.352989 0.501621 0.393701,
        -0.349056 0.492126 0.393701,
        -0.342800 0.483972 0.393701,
        -0.334646 0.477716 0.393701,
        -0.325150 0.473782 0.393701,
        -0.314961 0.472441 0.393701,
        -0.304771 0.473782 0.393701,
        -0.295276 0.477716 0.393701,
        -0.287122 0.483972 0.393701,
        -0.280865 0.492126 0.393701,
        -0.276932 0.501621 0.393701,
        0.393701 0.590551 0.393701,
        0.393701 -0.590551 0.393701,
        -0.393701 0.590551 0.393701,
        -0.393701 -0.590551 0.393701,
        -0.393701 -0.590551 0.007874,
        0.393701 -0.590551 0.007874,
        -0.393701 0.590551 0.007874,
        0.393701 0.590551 0.007874,
      ]
    }
    coordIndex [
      201, 200, 223, -1,
      200, 199, 223, -1,
      223, 199, 222, -1,
      223, 222, 224, -1,
      224, 222, 221, -1,
      224, 221, 220, -1,
      204, 223, 225, -1,
      204, 203, 223, -1,
      223, 203, 202, -1,
      223, 202, 201, -1,
      210, 209, 225, -1,
      225, 209, 208, -1,
      225, 208, 207, -1,
      216, 215, 226, -1,
      226, 215, 214, -1,
      207, 206, 225, -1,
      225, 206, 205, -1,
      225, 205, 204, -1,
      220, 219, 224, -1,
      224, 219, 218, -1,
      224, 218, 226, -1,
      226, 218, 217, -1,
      226, 217, 216, -1,
      214, 213, 226, -1,
      226, 213, 212, -1,
      226, 212, 225, -1,
      225, 212, 211, -1,
      225, 211, 210, -1,
      227, 25, 43, -1,
      42, 224, 43, -1,
      43, 224, 226, -1,
      43, 226, 227, -1,
      56, 58, 31, -1,
      77, 76, 224, -1,
      31, 77, 56, -1,
      56, 77, 224, -1,
      56, 224, 57, -1,
      57, 224, 42, -1,
      57, 42, 75, -1,
      75, 42, 26, -1,
      12, 228, 90, -1,
      90, 228, 224, -1,
      90, 224, 91, -1,
      91, 224, 76, -1,
      91, 76, 11, -1,
      11, 76, 32, -1,
      41, 227, 39, -1,
      39, 227, 226, -1,
      39, 226, 34, -1,
      181, 226, 176, -1,
      176, 226, 225, -1,
      176, 225, 178, -1,
      178, 225, 229, -1,
      172, 174, 198, -1,
      194, 171, 181, -1,
      181, 171, 169, -1,
      181, 169, 226, -1,
      226, 169, 172, -1,
      226, 172, 34, -1,
      34, 172, 198, -1,
      34, 198, 36, -1,
      107, 123, 15, -1,
      230, 1, 0, -1,
      14, 17, 225, -1,
      3, 225, 0, -1,
      0, 225, 223, -1,
      0, 223, 230, -1,
      15, 14, 107, -1,
      107, 14, 225, -1,
      107, 225, 104, -1,
      104, 225, 3, -1,
      104, 3, 106, -1,
      106, 3, 7, -1,
      147, 229, 139, -1,
      139, 229, 225, -1,
      139, 225, 136, -1,
      136, 225, 17, -1,
      136, 17, 138, -1,
      138, 17, 21, -1,
      35, 37, 197, -1,
      173, 168, 223, -1,
      228, 40, 224, -1,
      224, 40, 38, -1,
      224, 38, 223, -1,
      223, 38, 35, -1,
      223, 35, 173, -1,
      173, 35, 197, -1,
      173, 197, 175, -1,
      196, 230, 179, -1,
      179, 230, 223, -1,
      179, 223, 180, -1,
      180, 223, 168, -1,
      180, 168, 195, -1,
      195, 168, 170, -1,
      177, 193, 192, -1,
      166, 142, 167, -1,
      167, 142, 141, -1,
      192, 191, 177, -1,
      177, 191, 190, -1,
      177, 190, 182, -1,
      155, 154, 178, -1,
      178, 154, 153, -1,
      144, 143, 177, -1,
      190, 186, 185, -1,
      164, 193, 165, -1,
      165, 193, 177, -1,
      165, 177, 166, -1,
      166, 177, 143, -1,
      166, 143, 142, -1,
      157, 196, 158, -1,
      158, 196, 159, -1,
      196, 128, 127, -1,
      1, 230, 2, -1,
      2, 230, 196, -1,
      2, 196, 124, -1,
      186, 190, 187, -1,
      187, 190, 189, -1,
      187, 189, 188, -1,
      185, 184, 190, -1,
      190, 184, 183, -1,
      190, 183, 182, -1,
      155, 178, 148, -1,
      148, 178, 229, -1,
      148, 229, 147, -1,
      153, 152, 178, -1,
      178, 152, 151, -1,
      178, 151, 177, -1,
      177, 151, 150, -1,
      177, 150, 149, -1,
      137, 138, 21, -1,
      119, 157, 120, -1,
      120, 157, 121, -1,
      196, 130, 6, -1,
      127, 126, 196, -1,
      196, 126, 125, -1,
      196, 125, 124, -1,
      149, 146, 177, -1,
      177, 146, 145, -1,
      177, 145, 144, -1,
      141, 140, 167, -1,
      167, 140, 137, -1,
      167, 137, 19, -1,
      19, 137, 21, -1,
      164, 163, 193, -1,
      193, 163, 162, -1,
      193, 162, 20, -1,
      110, 134, 111, -1,
      111, 134, 112, -1,
      134, 133, 112, -1,
      112, 133, 132, -1,
      112, 132, 196, -1,
      196, 132, 131, -1,
      196, 131, 130, -1,
      6, 4, 196, -1,
      196, 4, 129, -1,
      196, 129, 128, -1,
      20, 18, 193, -1,
      193, 18, 161, -1,
      193, 161, 196, -1,
      196, 161, 160, -1,
      196, 160, 159, -1,
      16, 15, 123, -1,
      119, 118, 157, -1,
      157, 118, 117, -1,
      157, 117, 196, -1,
      196, 117, 116, -1,
      196, 116, 115, -1,
      157, 156, 121, -1,
      121, 156, 16, -1,
      121, 16, 122, -1,
      122, 16, 123, -1,
      115, 114, 196, -1,
      196, 114, 113, -1,
      196, 113, 112, -1,
      105, 106, 7, -1,
      110, 109, 134, -1,
      134, 109, 108, -1,
      134, 108, 135, -1,
      135, 108, 105, -1,
      135, 105, 5, -1,
      5, 105, 7, -1,
      194, 195, 171, -1,
      171, 195, 170, -1,
      97, 96, 40, -1,
      40, 96, 95, -1,
      40, 95, 94, -1,
      97, 40, 13, -1,
      13, 40, 228, -1,
      13, 228, 12, -1,
      94, 93, 40, -1,
      40, 93, 92, -1,
      40, 92, 8, -1,
      8, 10, 40, -1,
      40, 10, 103, -1,
      40, 103, 41, -1,
      41, 103, 102, -1,
      41, 102, 101, -1,
      82, 99, 98, -1,
      101, 100, 80, -1,
      80, 100, 99, -1,
      80, 99, 81, -1,
      81, 99, 82, -1,
      63, 29, 89, -1,
      89, 88, 63, -1,
      63, 88, 87, -1,
      63, 87, 64, -1,
      64, 87, 65, -1,
      87, 86, 65, -1,
      65, 86, 85, -1,
      65, 85, 84, -1,
      67, 74, 41, -1,
      72, 48, 47, -1,
      47, 46, 72, -1,
      72, 46, 41, -1,
      72, 41, 73, -1,
      73, 41, 74, -1,
      54, 53, 41, -1,
      41, 53, 52, -1,
      41, 52, 51, -1,
      11, 32, 9, -1,
      9, 32, 30, -1,
      9, 30, 98, -1,
      98, 30, 83, -1,
      98, 83, 82, -1,
      63, 62, 29, -1,
      29, 62, 61, -1,
      29, 61, 41, -1,
      41, 61, 60, -1,
      41, 60, 67, -1,
      72, 71, 48, -1,
      48, 71, 70, -1,
      48, 70, 69, -1,
      46, 45, 41, -1,
      41, 45, 44, -1,
      41, 44, 22, -1,
      80, 79, 101, -1,
      101, 79, 78, -1,
      101, 78, 41, -1,
      41, 78, 28, -1,
      41, 28, 29, -1,
      22, 24, 41, -1,
      41, 24, 55, -1,
      41, 55, 54, -1,
      51, 50, 41, -1,
      41, 50, 23, -1,
      41, 23, 227, -1,
      227, 23, 25, -1,
      31, 58, 33, -1,
      33, 58, 59, -1,
      33, 59, 84, -1,
      84, 59, 66, -1,
      84, 66, 65, -1,
      75, 26, 68, -1,
      68, 26, 27, -1,
      68, 27, 69, -1,
      69, 27, 49, -1,
      69, 49, 48, -1,
    ]
  }
}

Shape {
  appearance Appearance {
    material Material {
      diffuseColor 0.9686 0.8784 0.6000
      specularColor 0.6784 0.6157 0.4196
      ambientIntensity 0.2
      transparency 0.0000
      shininess 0.5
    }
  }
  geometry IndexedFaceSet {
    ccw TRUE
    solid FALSE
    coord DEF co Coordinate {
      point [
        0.344488 0.590551 0.007874,
        0.344488 0.481890 0.007874,
        0.295669 0.433071 0.007874,
        0.302041 0.433489 0.007874,
        0.308305 0.434734 0.007874,
        0.314352 0.436787 0.007874,
        0.320079 0.439611 0.007874,
        0.325388 0.443159 0.007874,
        0.330189 0.447370 0.007874,
        0.334400 0.452171 0.007874,
        0.337948 0.457480 0.007874,
        0.340772 0.463207 0.007874,
        0.342825 0.469254 0.007874,
        0.344070 0.475518 0.007874,
        0.246063 0.481890 0.007874,
        0.246481 0.475518 0.007874,
        0.247726 0.469254 0.007874,
        0.249779 0.463207 0.007874,
        0.252604 0.457480 0.007874,
        0.256151 0.452171 0.007874,
        0.260362 0.447370 0.007874,
        0.265163 0.443159 0.007874,
        0.270472 0.439611 0.007874,
        0.276200 0.436787 0.007874,
        0.282246 0.434734 0.007874,
        0.288510 0.433489 0.007874,
        0.294882 0.433071 0.007874,
        0.246063 0.590551 0.007874,
        0.302041 -0.433489 0.007874,
        0.295669 -0.433071 0.007874,
        0.246063 -0.481890 0.007874,
        0.308305 -0.434734 0.007874,
        0.294882 -0.433071 0.007874,
        0.288510 -0.433489 0.007874,
        0.246481 -0.475518 0.007874,
        0.246063 -0.590551 0.007874,
        0.344488 -0.590551 0.007874,
        0.344488 -0.481890 0.007874,
        0.344070 -0.475518 0.007874,
        0.342825 -0.469254 0.007874,
        0.340772 -0.463207 0.007874,
        0.337948 -0.457480 0.007874,
        0.334400 -0.452171 0.007874,
        0.330189 -0.447370 0.007874,
        0.325388 -0.443159 0.007874,
        0.320079 -0.439611 0.007874,
        0.314352 -0.436787 0.007874,
        0.270472 -0.439611 0.007874,
        0.265163 -0.443159 0.007874,
        0.276200 -0.436787 0.007874,
        0.260362 -0.447370 0.007874,
        0.282246 -0.434734 0.007874,
        0.256151 -0.452171 0.007874,
        0.252604 -0.457480 0.007874,
        0.249779 -0.463207 0.007874,
        0.247726 -0.469254 0.007874,
        -0.049213 0.590551 0.007874,
        -0.049213 0.481890 0.007874,
        -0.098031 0.433071 0.007874,
        -0.091659 0.433489 0.007874,
        -0.085396 0.434734 0.007874,
        -0.079349 0.436787 0.007874,
        -0.073622 0.439611 0.007874,
        -0.068313 0.443159 0.007874,
        -0.063511 0.447370 0.007874,
        -0.059301 0.452171 0.007874,
        -0.055753 0.457480 0.007874,
        -0.052929 0.463207 0.007874,
        -0.050876 0.469254 0.007874,
        -0.049630 0.475518 0.007874,
        -0.147638 0.481890 0.007874,
        -0.147220 0.475518 0.007874,
        -0.145974 0.469254 0.007874,
        -0.143922 0.463207 0.007874,
        -0.141097 0.457480 0.007874,
        -0.137550 0.452171 0.007874,
        -0.133339 0.447370 0.007874,
        -0.128538 0.443159 0.007874,
        -0.123228 0.439611 0.007874,
        -0.117501 0.436787 0.007874,
        -0.111454 0.434734 0.007874,
        -0.105191 0.433489 0.007874,
        -0.098819 0.433071 0.007874,
        -0.147638 0.590551 0.007874,
        -0.288510 -0.433489 0.007874,
        -0.294882 -0.433071 0.007874,
        -0.344488 -0.481890 0.007874,
        -0.282246 -0.434734 0.007874,
        -0.295669 -0.433071 0.007874,
        -0.302041 -0.433489 0.007874,
        -0.344070 -0.475518 0.007874,
        -0.344488 -0.590551 0.007874,
        -0.246063 -0.590551 0.007874,
        -0.246063 -0.481890 0.007874,
        -0.246481 -0.475518 0.007874,
        -0.247726 -0.469254 0.007874,
        -0.249779 -0.463207 0.007874,
        -0.252604 -0.457480 0.007874,
        -0.256151 -0.452171 0.007874,
        -0.260362 -0.447370 0.007874,
        -0.265163 -0.443159 0.007874,
        -0.270472 -0.439611 0.007874,
        -0.276200 -0.436787 0.007874,
        -0.320079 -0.439611 0.007874,
        -0.325388 -0.443159 0.007874,
        -0.314352 -0.436787 0.007874,
        -0.330189 -0.447370 0.007874,
        -0.308305 -0.434734 0.007874,
        -0.334400 -0.452171 0.007874,
        -0.337948 -0.457480 0.007874,
        -0.340772 -0.463207 0.007874,
        -0.342825 -0.469254 0.007874,
        0.098819 -0.433071 0.007874,
        0.098031 -0.433071 0.007874,
        0.147638 -0.481890 0.007874,
        0.091659 -0.433489 0.007874,
        0.123228 -0.439611 0.007874,
        0.117501 -0.436787 0.007874,
        0.085396 -0.434734 0.007874,
        0.079349 -0.436787 0.007874,
        0.073622 -0.439611 0.007874,
        0.068313 -0.443159 0.007874,
        0.063511 -0.447370 0.007874,
        0.059301 -0.452171 0.007874,
        0.111454 -0.434734 0.007874,
        0.105191 -0.433489 0.007874,
        0.049213 -0.590551 0.007874,
        0.147638 -0.590551 0.007874,
        0.049213 -0.481890 0.007874,
        0.049630 -0.475518 0.007874,
        0.050876 -0.469254 0.007874,
        0.143922 -0.463207 0.007874,
        0.141097 -0.457480 0.007874,
        0.145974 -0.469254 0.007874,
        0.147220 -0.475518 0.007874,
        0.137550 -0.452171 0.007874,
        0.133339 -0.447370 0.007874,
        0.128538 -0.443159 0.007874,
        0.055753 -0.457480 0.007874,
        0.052929 -0.463207 0.007874,
        -0.393701 -0.147638 0.007874,
        0.393701 -0.147638 0.007874,
        0.393701 -0.246063 0.007874,
        -0.393701 -0.246063 0.007874,
        -0.246063 -0.590551 0.078740,
        -0.344488 -0.590551 0.078740,
        -0.344488 -0.481890 0.078740,
        -0.295669 -0.433071 0.078740,
        -0.294882 -0.433071 0.078740,
        -0.246063 -0.481890 0.078740,
        -0.049213 -0.590551 0.078740,
        -0.147638 -0.590551 0.078740,
        -0.147638 -0.481890 0.078740,
        -0.098819 -0.433071 0.078740,
        -0.098031 -0.433071 0.078740,
        -0.049213 -0.481890 0.078740,
        -0.049213 -0.590551 0.007874,
        -0.049213 -0.481890 0.007874,
        -0.098031 -0.433071 0.007874,
        -0.098819 -0.433071 0.007874,
        -0.147638 -0.481890 0.007874,
        -0.147638 -0.590551 0.007874,
        0.147638 -0.590551 0.078740,
        0.049213 -0.590551 0.078740,
        0.049213 -0.481890 0.078740,
        0.098031 -0.433071 0.078740,
        0.098819 -0.433071 0.078740,
        0.147638 -0.481890 0.078740,
        0.344488 -0.590551 0.078740,
        0.246063 -0.590551 0.078740,
        0.246063 -0.481890 0.078740,
        0.294882 -0.433071 0.078740,
        0.295669 -0.433071 0.078740,
        0.344488 -0.481890 0.078740,
        0.147638 0.481890 0.078740,
        0.147638 0.590551 0.078740,
        0.147638 0.481890 0.007874,
        0.147638 0.590551 0.007874,
        0.049213 0.481890 0.078740,
        0.098819 0.433071 0.078740,
        0.098031 0.433071 0.078740,
        0.049213 0.590551 0.078740,
        0.098819 0.433071 0.007874,
        0.098031 0.433071 0.007874,
        0.049213 0.481890 0.007874,
        0.049213 0.590551 0.007874,
        -0.246063 0.481890 0.078740,
        -0.246063 0.590551 0.078740,
        -0.246063 0.481890 0.007874,
        -0.246063 0.590551 0.007874,
        -0.344488 0.590551 0.078740,
        -0.294882 0.433071 0.078740,
        -0.295669 0.433071 0.078740,
        -0.344488 0.481890 0.078740,
        -0.294882 0.433071 0.007874,
        -0.344488 0.590551 0.007874,
        -0.344488 0.481890 0.007874,
        -0.295669 0.433071 0.007874,
        0.393701 0.049213 0.078740,
        -0.393701 0.049213 0.078740,
        0.393701 0.049213 0.007874,
        -0.393701 0.049213 0.007874,
        -0.393701 -0.049213 0.078740,
        0.393701 -0.049213 0.078740,
        -0.393701 -0.049213 0.007874,
        0.393701 -0.049213 0.007874,
        -0.334646 0.246063 0.078740,
        -0.393701 0.246063 0.078740,
        -0.334646 0.246063 0.007874,
        -0.393701 0.246063 0.007874,
        -0.333304 0.235873 0.078740,
        -0.255906 0.246063 0.078740,
        0.393701 0.246063 0.078740,
        -0.257247 0.235873 0.078740,
        0.393701 0.147638 0.078740,
        -0.393701 0.147638 0.078740,
        -0.285086 0.208034 0.078740,
        -0.275591 0.211967 0.078740,
        -0.329371 0.226378 0.078740,
        -0.323115 0.218224 0.078740,
        -0.314961 0.211967 0.078740,
        -0.267437 0.218224 0.078740,
        -0.261180 0.226378 0.078740,
        -0.305465 0.208034 0.078740,
        -0.295276 0.206693 0.078740,
        -0.333304 0.235873 0.007874,
        -0.329371 0.226378 0.007874,
        -0.323115 0.218224 0.007874,
        -0.314961 0.211967 0.007874,
        -0.305465 0.208034 0.007874,
        -0.295276 0.206693 0.007874,
        -0.285086 0.208034 0.007874,
        -0.275591 0.211967 0.007874,
        -0.267437 0.218224 0.007874,
        -0.261180 0.226378 0.007874,
        -0.257247 0.235873 0.007874,
        -0.255906 0.246063 0.007874,
        -0.393701 0.147638 0.007874,
        0.393701 0.147638 0.007874,
        0.393701 0.246063 0.007874,
        -0.393701 -0.049213 0.000000,
        0.393701 -0.049213 0.000000,
        -0.393701 0.049213 0.000000,
        0.393701 0.049213 0.000000,
        -0.147638 0.590551 0.000000,
        -0.147638 0.481890 0.000000,
        -0.049213 0.590551 0.000000,
        -0.091659 0.433489 0.000000,
        -0.098031 0.433071 0.000000,
        -0.085396 0.434734 0.000000,
        -0.098819 0.433071 0.000000,
        -0.105191 0.433489 0.000000,
        -0.147220 0.475518 0.000000,
        -0.143922 0.463207 0.000000,
        -0.145974 0.469254 0.000000,
        -0.123228 0.439611 0.000000,
        -0.117501 0.436787 0.000000,
        -0.049213 0.481890 0.000000,
        -0.049630 0.475518 0.000000,
        -0.050876 0.469254 0.000000,
        -0.068313 0.443159 0.000000,
        -0.063511 0.447370 0.000000,
        -0.059301 0.452171 0.000000,
        -0.073622 0.439611 0.000000,
        -0.079349 0.436787 0.000000,
        -0.052929 0.463207 0.000000,
        -0.055753 0.457480 0.000000,
        -0.111454 0.434734 0.000000,
        -0.128538 0.443159 0.000000,
        -0.133339 0.447370 0.000000,
        -0.137550 0.452171 0.000000,
        -0.141097 0.457480 0.000000,
        -0.393701 -0.246063 0.000000,
        0.393701 -0.246063 0.000000,
        0.393701 -0.147638 0.000000,
        -0.393701 -0.147638 0.000000,
        0.302041 -0.433489 0.078740,
        0.308305 -0.434734 0.078740,
        0.288510 -0.433489 0.078740,
        0.246481 -0.475518 0.078740,
        0.344070 -0.475518 0.078740,
        0.342825 -0.469254 0.078740,
        0.340772 -0.463207 0.078740,
        0.337948 -0.457480 0.078740,
        0.334400 -0.452171 0.078740,
        0.330189 -0.447370 0.078740,
        0.325388 -0.443159 0.078740,
        0.320079 -0.439611 0.078740,
        0.314352 -0.436787 0.078740,
        0.270472 -0.439611 0.078740,
        0.265163 -0.443159 0.078740,
        0.276200 -0.436787 0.078740,
        0.260362 -0.447370 0.078740,
        0.282246 -0.434734 0.078740,
        0.256151 -0.452171 0.078740,
        0.252604 -0.457480 0.078740,
        0.249779 -0.463207 0.078740,
        0.247726 -0.469254 0.078740,
        -0.105191 -0.433489 0.078740,
        -0.049630 -0.475518 0.078740,
        -0.050876 -0.469254 0.078740,
        -0.052929 -0.463207 0.078740,
        -0.055753 -0.457480 0.078740,
        -0.059301 -0.452171 0.078740,
        -0.063511 -0.447370 0.078740,
        -0.068313 -0.443159 0.078740,
        -0.073622 -0.439611 0.078740,
        -0.079349 -0.436787 0.078740,
        -0.085396 -0.434734 0.078740,
        -0.091659 -0.433489 0.078740,
        -0.111454 -0.434734 0.078740,
        -0.145974 -0.469254 0.078740,
        -0.147220 -0.475518 0.078740,
        -0.117501 -0.436787 0.078740,
        -0.123228 -0.439611 0.078740,
        -0.128538 -0.443159 0.078740,
        -0.133339 -0.447370 0.078740,
        -0.137550 -0.452171 0.078740,
        -0.143922 -0.463207 0.078740,
        -0.141097 -0.457480 0.078740,
        -0.049630 -0.475518 0.007874,
        -0.050876 -0.469254 0.007874,
        -0.052929 -0.463207 0.007874,
        -0.055753 -0.457480 0.007874,
        -0.059301 -0.452171 0.007874,
        -0.063511 -0.447370 0.007874,
        -0.068313 -0.443159 0.007874,
        -0.073622 -0.439611 0.007874,
        -0.079349 -0.436787 0.007874,
        -0.085396 -0.434734 0.007874,
        -0.091659 -0.433489 0.007874,
        -0.105191 -0.433489 0.007874,
        -0.111454 -0.434734 0.007874,
        -0.117501 -0.436787 0.007874,
        -0.123228 -0.439611 0.007874,
        -0.128538 -0.443159 0.007874,
        -0.133339 -0.447370 0.007874,
        -0.137550 -0.452171 0.007874,
        -0.141097 -0.457480 0.007874,
        -0.143922 -0.463207 0.007874,
        -0.145974 -0.469254 0.007874,
        -0.147220 -0.475518 0.007874,
        0.091659 -0.433489 0.078740,
        0.111454 -0.434734 0.078740,
        0.105191 -0.433489 0.078740,
        0.145974 -0.469254 0.078740,
        0.143922 -0.463207 0.078740,
        0.141097 -0.457480 0.078740,
        0.085396 -0.434734 0.078740,
        0.079349 -0.436787 0.078740,
        0.073622 -0.439611 0.078740,
        0.068313 -0.443159 0.078740,
        0.063511 -0.447370 0.078740,
        0.059301 -0.452171 0.078740,
        0.137550 -0.452171 0.078740,
        0.133339 -0.447370 0.078740,
        0.128538 -0.443159 0.078740,
        0.049630 -0.475518 0.078740,
        0.050876 -0.469254 0.078740,
        0.147220 -0.475518 0.078740,
        0.123228 -0.439611 0.078740,
        0.117501 -0.436787 0.078740,
        0.055753 -0.457480 0.078740,
        0.052929 -0.463207 0.078740,
        -0.255906 0.246063 0.000000,
        -0.257247 0.235873 0.000000,
        -0.261180 0.226378 0.000000,
        -0.267437 0.218224 0.000000,
        -0.275591 0.211967 0.000000,
        -0.285086 0.208034 0.000000,
        -0.295276 0.206693 0.000000,
        -0.305465 0.208034 0.000000,
        -0.314961 0.211967 0.000000,
        -0.323115 0.218224 0.000000,
        -0.329371 0.226378 0.000000,
        -0.333304 0.235873 0.000000,
        -0.334646 0.246063 0.000000,
        0.393701 0.246063 0.000000,
        -0.393701 0.147638 0.000000,
        0.393701 0.147638 0.000000,
        -0.393701 0.246063 0.000000,
        -0.288510 -0.433489 0.078740,
        -0.282246 -0.434734 0.078740,
        -0.302041 -0.433489 0.078740,
        -0.344070 -0.475518 0.078740,
        -0.246481 -0.475518 0.078740,
        -0.247726 -0.469254 0.078740,
        -0.249779 -0.463207 0.078740,
        -0.252604 -0.457480 0.078740,
        -0.256151 -0.452171 0.078740,
        -0.260362 -0.447370 0.078740,
        -0.265163 -0.443159 0.078740,
        -0.270472 -0.439611 0.078740,
        -0.276200 -0.436787 0.078740,
        -0.320079 -0.439611 0.078740,
        -0.325388 -0.443159 0.078740,
        -0.314352 -0.436787 0.078740,
        -0.330189 -0.447370 0.078740,
        -0.308305 -0.434734 0.078740,
        -0.334400 -0.452171 0.078740,
        -0.337948 -0.457480 0.078740,
        -0.340772 -0.463207 0.078740,
        -0.342825 -0.469254 0.078740,
        0.091659 0.433489 0.078740,
        0.085396 0.434734 0.078740,
        0.068313 0.443159 0.078740,
        0.073622 0.439611 0.078740,
        0.050876 0.469254 0.078740,
        0.105191 0.433489 0.078740,
        0.111454 0.434734 0.078740,
        0.049630 0.475518 0.078740,
        0.141097 0.457480 0.078740,
        0.143922 0.463207 0.078740,
        0.079349 0.436787 0.078740,
        0.117501 0.436787 0.078740,
        0.123228 0.439611 0.078740,
        0.128538 0.443159 0.078740,
        0.052929 0.463207 0.078740,
        0.055753 0.457480 0.078740,
        0.133339 0.447370 0.078740,
        0.137550 0.452171 0.078740,
        0.145974 0.469254 0.078740,
        0.147220 0.475518 0.078740,
        0.059301 0.452171 0.078740,
        0.063511 0.447370 0.078740,
        0.105191 0.433489 0.007874,
        0.111454 0.434734 0.007874,
        0.117501 0.436787 0.007874,
        0.123228 0.439611 0.007874,
        0.128538 0.443159 0.007874,
        0.133339 0.447370 0.007874,
        0.137550 0.452171 0.007874,
        0.141097 0.457480 0.007874,
        0.143922 0.463207 0.007874,
        0.145974 0.469254 0.007874,
        0.147220 0.475518 0.007874,
        0.049630 0.475518 0.007874,
        0.050876 0.469254 0.007874,
        0.052929 0.463207 0.007874,
        0.055753 0.457480 0.007874,
        0.059301 0.452171 0.007874,
        0.063511 0.447370 0.007874,
        0.068313 0.443159 0.007874,
        0.073622 0.439611 0.007874,
        0.079349 0.436787 0.007874,
        0.085396 0.434734 0.007874,
        0.091659 0.433489 0.007874,
        -0.288510 0.433489 0.078740,
        -0.330189 0.447370 0.078740,
        -0.325388 0.443159 0.078740,
        -0.320079 0.439611 0.078740,
        -0.314352 0.436787 0.078740,
        -0.308305 0.434734 0.078740,
        -0.302041 0.433489 0.078740,
        -0.282246 0.434734 0.078740,
        -0.276200 0.436787 0.078740,
        -0.270472 0.439611 0.078740,
        -0.246481 0.475518 0.078740,
        -0.247726 0.469254 0.078740,
        -0.265163 0.443159 0.078740,
        -0.260362 0.447370 0.078740,
        -0.256151 0.452171 0.078740,
        -0.342825 0.469254 0.078740,
        -0.340772 0.463207 0.078740,
        -0.344070 0.475518 0.078740,
        -0.337948 0.457480 0.078740,
        -0.334400 0.452171 0.078740,
        -0.252604 0.457480 0.078740,
        -0.249779 0.463207 0.078740,
        -0.288510 0.433489 0.007874,
        -0.282246 0.434734 0.007874,
        -0.276200 0.436787 0.007874,
        -0.270472 0.439611 0.007874,
        -0.265163 0.443159 0.007874,
        -0.260362 0.447370 0.007874,
        -0.256151 0.452171 0.007874,
        -0.252604 0.457480 0.007874,
        -0.249779 0.463207 0.007874,
        -0.247726 0.469254 0.007874,
        -0.246481 0.475518 0.007874,
        -0.344070 0.475518 0.007874,
        -0.342825 0.469254 0.007874,
        -0.340772 0.463207 0.007874,
        -0.337948 0.457480 0.007874,
        -0.334400 0.452171 0.007874,
        -0.330189 0.447370 0.007874,
        -0.325388 0.443159 0.007874,
        -0.320079 0.439611 0.007874,
        -0.314352 0.436787 0.007874,
        -0.308305 0.434734 0.007874,
        -0.302041 0.433489 0.007874,
        -0.344488 0.590551 0.000000,
        -0.344488 0.481890 0.000000,
        -0.246063 0.590551 0.000000,
        -0.246063 0.481890 0.000000,
        -0.294882 0.433071 0.000000,
        -0.295669 0.433071 0.000000,
        -0.260362 0.447370 0.000000,
        -0.265163 0.443159 0.000000,
        -0.270472 0.439611 0.000000,
        -0.276200 0.436787 0.000000,
        -0.282246 0.434734 0.000000,
        -0.288510 0.433489 0.000000,
        -0.302041 0.433489 0.000000,
        -0.308305 0.434734 0.000000,
        -0.314352 0.436787 0.000000,
        -0.246481 0.475518 0.000000,
        -0.247726 0.469254 0.000000,
        -0.249779 0.463207 0.000000,
        -0.320079 0.439611 0.000000,
        -0.325388 0.443159 0.000000,
        -0.330189 0.447370 0.000000,
        -0.252604 0.457480 0.000000,
        -0.256151 0.452171 0.000000,
        -0.334400 0.452171 0.000000,
        -0.337948 0.457480 0.000000,
        -0.344070 0.475518 0.000000,
        -0.340772 0.463207 0.000000,
        -0.342825 0.469254 0.000000,
        -0.049213 -0.481890 0.000000,
        -0.049630 -0.475518 0.000000,
        -0.050876 -0.469254 0.000000,
        -0.052929 -0.463207 0.000000,
        -0.055753 -0.457480 0.000000,
        -0.059301 -0.452171 0.000000,
        -0.063511 -0.447370 0.000000,
        -0.068313 -0.443159 0.000000,
        -0.073622 -0.439611 0.000000,
        -0.079349 -0.436787 0.000000,
        -0.085396 -0.434734 0.000000,
        -0.091659 -0.433489 0.000000,
        -0.098031 -0.433071 0.000000,
        -0.098819 -0.433071 0.000000,
        -0.049213 -0.590551 0.000000,
        -0.147638 -0.590551 0.000000,
        -0.147638 -0.481890 0.000000,
        -0.147220 -0.475518 0.000000,
        -0.145974 -0.469254 0.000000,
        -0.143922 -0.463207 0.000000,
        -0.133339 -0.447370 0.000000,
        -0.128538 -0.443159 0.000000,
        -0.123228 -0.439611 0.000000,
        -0.117501 -0.436787 0.000000,
        -0.111454 -0.434734 0.000000,
        -0.105191 -0.433489 0.000000,
        -0.141097 -0.457480 0.000000,
        -0.137550 -0.452171 0.000000,
        0.049213 0.590551 0.000000,
        0.049213 0.481890 0.000000,
        0.049630 0.475518 0.000000,
        0.073622 0.439611 0.000000,
        0.123228 0.439611 0.000000,
        0.117501 0.436787 0.000000,
        0.098819 0.433071 0.000000,
        0.098031 0.433071 0.000000,
        0.091659 0.433489 0.000000,
        0.141097 0.457480 0.000000,
        0.137550 0.452171 0.000000,
        0.111454 0.434734 0.000000,
        0.105191 0.433489 0.000000,
        0.147638 0.590551 0.000000,
        0.147638 0.481890 0.000000,
        0.147220 0.475518 0.000000,
        0.085396 0.434734 0.000000,
        0.079349 0.436787 0.000000,
        0.145974 0.469254 0.000000,
        0.143922 0.463207 0.000000,
        0.133339 0.447370 0.000000,
        0.128538 0.443159 0.000000,
        0.050876 0.469254 0.000000,
        0.068313 0.443159 0.000000,
        0.063511 0.447370 0.000000,
        0.059301 0.452171 0.000000,
        0.055753 0.457480 0.000000,
        0.052929 0.463207 0.000000,
        0.246063 0.590551 0.000000,
        0.246063 0.481890 0.000000,
        0.344488 0.590551 0.000000,
        0.344488 0.481890 0.000000,
        0.295669 0.433071 0.000000,
        0.294882 0.433071 0.000000,
        0.288510 0.433489 0.000000,
        0.246481 0.475518 0.000000,
        0.247726 0.469254 0.000000,
        0.330189 0.447370 0.000000,
        0.325388 0.443159 0.000000,
        0.320079 0.439611 0.000000,
        0.314352 0.436787 0.000000,
        0.308305 0.434734 0.000000,
        0.302041 0.433489 0.000000,
        0.344070 0.475518 0.000000,
        0.342825 0.469254 0.000000,
        0.340772 0.463207 0.000000,
        0.337948 0.457480 0.000000,
        0.334400 0.452171 0.000000,
        0.265163 0.443159 0.000000,
        0.260362 0.447370 0.000000,
        0.249779 0.463207 0.000000,
        0.256151 0.452171 0.000000,
        0.252604 0.457480 0.000000,
        0.282246 0.434734 0.000000,
        0.276200 0.436787 0.000000,
        0.270472 0.439611 0.000000,
      ]
    }
    coordIndex [
      199, 198, 201, -1,
      201, 198, 200, -1,
      198, 199, 203, -1,
      203, 199, 202, -1,
      203, 202, 205, -1,
      205, 202, 204, -1,
      204, 201, 205, -1,
      205, 201, 200, -1,
      199, 201, 202, -1,
      202, 201, 204, -1,
      203, 205, 198, -1,
      198, 205, 200, -1,
      201, 204, 200, -1,
      200, 204, 205, -1,
      204, 240, 205, -1,
      205, 240, 241, -1,
      242, 243, 240, -1,
      240, 243, 241, -1,
      200, 243, 201, -1,
      201, 243, 242, -1,
      242, 240, 201, -1,
      201, 240, 204, -1,
      241, 243, 205, -1,
      205, 243, 200, -1,
      56, 83, 57, -1,
      57, 83, 70, -1,
      57, 70, 69, -1,
      81, 82, 70, -1,
      82, 58, 70, -1,
      70, 58, 59, -1,
      70, 59, 60, -1,
      72, 78, 79, -1,
      60, 61, 70, -1,
      70, 61, 62, -1,
      70, 62, 63, -1,
      63, 64, 70, -1,
      70, 64, 65, -1,
      70, 65, 66, -1,
      74, 75, 76, -1,
      70, 71, 81, -1,
      81, 71, 72, -1,
      81, 72, 80, -1,
      80, 72, 79, -1,
      66, 67, 70, -1,
      70, 67, 68, -1,
      70, 68, 69, -1,
      72, 73, 78, -1,
      78, 73, 74, -1,
      78, 74, 77, -1,
      77, 74, 76, -1,
      83, 244, 70, -1,
      70, 244, 245, -1,
      245, 244, 246, -1,
      247, 248, 245, -1,
      247, 245, 249, -1,
      248, 250, 245, -1,
      245, 250, 251, -1,
      245, 251, 252, -1,
      253, 254, 255, -1,
      255, 254, 256, -1,
      246, 257, 245, -1,
      245, 257, 258, -1,
      245, 258, 259, -1,
      260, 245, 261, -1,
      261, 245, 262, -1,
      260, 263, 245, -1,
      245, 263, 264, -1,
      245, 264, 249, -1,
      259, 265, 245, -1,
      245, 265, 266, -1,
      245, 266, 262, -1,
      252, 251, 254, -1,
      254, 251, 267, -1,
      254, 267, 256, -1,
      255, 268, 269, -1,
      269, 270, 255, -1,
      255, 270, 271, -1,
      255, 271, 253, -1,
      57, 257, 56, -1,
      56, 257, 246, -1,
      246, 244, 56, -1,
      56, 244, 83, -1,
      70, 245, 252, -1,
      70, 252, 71, -1,
      71, 252, 254, -1,
      71, 254, 72, -1,
      72, 254, 253, -1,
      72, 253, 73, -1,
      73, 253, 271, -1,
      73, 271, 74, -1,
      74, 271, 270, -1,
      74, 270, 75, -1,
      75, 270, 269, -1,
      75, 269, 76, -1,
      76, 269, 268, -1,
      76, 268, 77, -1,
      77, 268, 255, -1,
      77, 255, 78, -1,
      78, 255, 256, -1,
      78, 256, 79, -1,
      79, 256, 267, -1,
      79, 267, 80, -1,
      80, 267, 251, -1,
      80, 251, 81, -1,
      81, 251, 250, -1,
      81, 250, 82, -1,
      58, 248, 247, -1,
      58, 247, 59, -1,
      59, 247, 249, -1,
      59, 249, 60, -1,
      60, 249, 264, -1,
      60, 264, 61, -1,
      61, 264, 263, -1,
      61, 263, 62, -1,
      62, 263, 260, -1,
      62, 260, 63, -1,
      63, 260, 261, -1,
      63, 261, 64, -1,
      64, 261, 262, -1,
      64, 262, 65, -1,
      65, 262, 266, -1,
      65, 266, 66, -1,
      66, 266, 265, -1,
      66, 265, 67, -1,
      67, 265, 259, -1,
      67, 259, 68, -1,
      68, 259, 258, -1,
      68, 258, 69, -1,
      69, 258, 257, -1,
      69, 257, 57, -1,
      82, 250, 58, -1,
      58, 250, 248, -1,
      140, 143, 141, -1,
      141, 143, 142, -1,
      143, 272, 142, -1,
      142, 272, 273, -1,
      274, 273, 275, -1,
      275, 273, 272, -1,
      141, 274, 140, -1,
      140, 274, 275, -1,
      275, 272, 140, -1,
      140, 272, 143, -1,
      273, 274, 142, -1,
      142, 274, 141, -1,
      276, 172, 170, -1,
      276, 170, 277, -1,
      172, 171, 170, -1,
      170, 171, 278, -1,
      170, 278, 279, -1,
      169, 168, 170, -1,
      170, 168, 173, -1,
      170, 173, 280, -1,
      280, 281, 170, -1,
      170, 281, 282, -1,
      170, 282, 283, -1,
      283, 284, 170, -1,
      170, 284, 285, -1,
      170, 285, 286, -1,
      286, 287, 170, -1,
      170, 287, 288, -1,
      170, 288, 277, -1,
      289, 290, 291, -1,
      291, 290, 292, -1,
      291, 292, 293, -1,
      293, 292, 278, -1,
      278, 292, 294, -1,
      278, 294, 295, -1,
      295, 296, 278, -1,
      278, 296, 297, -1,
      278, 297, 279, -1,
      173, 168, 37, -1,
      37, 168, 36, -1,
      173, 37, 38, -1,
      173, 38, 280, -1,
      280, 38, 39, -1,
      280, 39, 281, -1,
      281, 39, 40, -1,
      281, 40, 282, -1,
      282, 40, 41, -1,
      282, 41, 283, -1,
      283, 41, 42, -1,
      283, 42, 284, -1,
      284, 42, 43, -1,
      284, 43, 285, -1,
      285, 43, 44, -1,
      285, 44, 286, -1,
      286, 44, 45, -1,
      286, 45, 287, -1,
      287, 45, 46, -1,
      287, 46, 288, -1,
      288, 46, 31, -1,
      288, 31, 277, -1,
      277, 31, 28, -1,
      277, 28, 276, -1,
      276, 28, 29, -1,
      276, 29, 172, -1,
      171, 172, 32, -1,
      32, 172, 29, -1,
      171, 32, 33, -1,
      171, 33, 278, -1,
      278, 33, 51, -1,
      278, 51, 293, -1,
      293, 51, 49, -1,
      293, 49, 291, -1,
      291, 49, 47, -1,
      291, 47, 289, -1,
      289, 47, 48, -1,
      289, 48, 290, -1,
      290, 48, 50, -1,
      290, 50, 292, -1,
      292, 50, 52, -1,
      292, 52, 294, -1,
      294, 52, 53, -1,
      294, 53, 295, -1,
      295, 53, 54, -1,
      295, 54, 296, -1,
      296, 54, 55, -1,
      296, 55, 297, -1,
      297, 55, 34, -1,
      297, 34, 279, -1,
      279, 34, 30, -1,
      279, 30, 170, -1,
      169, 170, 35, -1,
      35, 170, 30, -1,
      36, 35, 37, -1,
      37, 35, 30, -1,
      37, 32, 29, -1,
      30, 34, 37, -1,
      37, 34, 55, -1,
      37, 55, 54, -1,
      54, 53, 37, -1,
      37, 53, 52, -1,
      37, 52, 50, -1,
      29, 28, 37, -1,
      37, 28, 31, -1,
      37, 31, 46, -1,
      41, 40, 39, -1,
      50, 48, 37, -1,
      37, 48, 47, -1,
      37, 47, 49, -1,
      49, 51, 37, -1,
      37, 51, 33, -1,
      37, 33, 32, -1,
      46, 45, 37, -1,
      37, 45, 44, -1,
      37, 44, 43, -1,
      43, 42, 37, -1,
      37, 42, 41, -1,
      37, 41, 38, -1,
      38, 41, 39, -1,
      169, 35, 168, -1,
      168, 35, 36, -1,
      207, 206, 209, -1,
      209, 206, 208, -1,
      214, 212, 211, -1,
      211, 213, 214, -1,
      214, 213, 222, -1,
      214, 222, 221, -1,
      215, 218, 207, -1,
      207, 218, 210, -1,
      207, 210, 206, -1,
      223, 220, 215, -1,
      215, 220, 219, -1,
      215, 219, 218, -1,
      221, 217, 214, -1,
      214, 217, 216, -1,
      214, 216, 215, -1,
      215, 216, 224, -1,
      215, 224, 223, -1,
      211, 236, 213, -1,
      213, 236, 235, -1,
      213, 235, 222, -1,
      222, 235, 234, -1,
      222, 234, 221, -1,
      221, 234, 233, -1,
      221, 233, 217, -1,
      217, 233, 232, -1,
      217, 232, 216, -1,
      216, 232, 231, -1,
      216, 231, 224, -1,
      224, 231, 230, -1,
      224, 230, 223, -1,
      223, 230, 229, -1,
      223, 229, 220, -1,
      220, 229, 228, -1,
      220, 228, 219, -1,
      219, 228, 227, -1,
      219, 227, 218, -1,
      218, 227, 226, -1,
      218, 226, 210, -1,
      210, 226, 225, -1,
      210, 225, 206, -1,
      206, 225, 208, -1,
      214, 215, 238, -1,
      238, 215, 237, -1,
      211, 212, 236, -1,
      236, 212, 239, -1,
      209, 208, 225, -1,
      236, 239, 235, -1,
      235, 239, 238, -1,
      209, 225, 237, -1,
      237, 231, 238, -1,
      238, 231, 232, -1,
      225, 226, 237, -1,
      237, 226, 227, -1,
      237, 227, 228, -1,
      232, 233, 238, -1,
      238, 233, 234, -1,
      238, 234, 235, -1,
      228, 229, 237, -1,
      237, 229, 230, -1,
      237, 230, 231, -1,
      207, 209, 215, -1,
      215, 209, 237, -1,
      214, 238, 212, -1,
      212, 238, 239, -1,
      151, 150, 152, -1,
      152, 150, 155, -1,
      154, 153, 152, -1,
      152, 153, 298, -1,
      155, 299, 152, -1,
      152, 299, 300, -1,
      152, 300, 301, -1,
      301, 302, 152, -1,
      152, 302, 303, -1,
      152, 303, 304, -1,
      304, 305, 152, -1,
      152, 305, 306, -1,
      152, 306, 307, -1,
      307, 308, 152, -1,
      152, 308, 309, -1,
      152, 309, 154, -1,
      310, 311, 298, -1,
      298, 311, 312, -1,
      298, 312, 152, -1,
      310, 313, 311, -1,
      311, 313, 314, -1,
      311, 314, 315, -1,
      315, 316, 311, -1,
      311, 316, 317, -1,
      311, 317, 318, -1,
      318, 317, 319, -1,
      155, 150, 157, -1,
      157, 150, 156, -1,
      155, 157, 320, -1,
      155, 320, 299, -1,
      299, 320, 321, -1,
      299, 321, 300, -1,
      300, 321, 322, -1,
      300, 322, 301, -1,
      301, 322, 323, -1,
      301, 323, 302, -1,
      302, 323, 324, -1,
      302, 324, 303, -1,
      303, 324, 325, -1,
      303, 325, 304, -1,
      304, 325, 326, -1,
      304, 326, 305, -1,
      305, 326, 327, -1,
      305, 327, 306, -1,
      306, 327, 328, -1,
      306, 328, 307, -1,
      307, 328, 329, -1,
      307, 329, 308, -1,
      308, 329, 330, -1,
      308, 330, 309, -1,
      309, 330, 158, -1,
      309, 158, 154, -1,
      153, 154, 159, -1,
      159, 154, 158, -1,
      153, 159, 331, -1,
      153, 331, 298, -1,
      298, 331, 332, -1,
      298, 332, 310, -1,
      310, 332, 333, -1,
      310, 333, 313, -1,
      313, 333, 334, -1,
      313, 334, 314, -1,
      314, 334, 335, -1,
      314, 335, 315, -1,
      315, 335, 336, -1,
      315, 336, 316, -1,
      316, 336, 337, -1,
      316, 337, 317, -1,
      317, 337, 338, -1,
      317, 338, 319, -1,
      319, 338, 339, -1,
      319, 339, 318, -1,
      318, 339, 340, -1,
      318, 340, 311, -1,
      311, 340, 341, -1,
      311, 341, 312, -1,
      312, 341, 160, -1,
      312, 160, 152, -1,
      151, 152, 161, -1,
      161, 152, 160, -1,
      156, 161, 160, -1,
      320, 157, 325, -1,
      329, 328, 157, -1,
      160, 341, 156, -1,
      156, 341, 340, -1,
      156, 340, 339, -1,
      336, 335, 156, -1,
      156, 335, 334, -1,
      334, 333, 156, -1,
      156, 333, 332, -1,
      156, 332, 331, -1,
      331, 159, 156, -1,
      156, 159, 158, -1,
      156, 158, 157, -1,
      157, 158, 330, -1,
      157, 330, 329, -1,
      339, 338, 156, -1,
      156, 338, 337, -1,
      156, 337, 336, -1,
      328, 327, 157, -1,
      157, 327, 326, -1,
      157, 326, 325, -1,
      325, 324, 320, -1,
      320, 324, 323, -1,
      320, 323, 321, -1,
      321, 323, 322, -1,
      151, 161, 150, -1,
      150, 161, 156, -1,
      167, 165, 342, -1,
      343, 344, 167, -1,
      167, 344, 166, -1,
      167, 166, 165, -1,
      345, 346, 347, -1,
      342, 348, 167, -1,
      167, 348, 349, -1,
      167, 349, 350, -1,
      350, 351, 167, -1,
      167, 351, 352, -1,
      167, 352, 353, -1,
      354, 355, 167, -1,
      167, 355, 356, -1,
      163, 162, 164, -1,
      164, 162, 167, -1,
      164, 167, 357, -1,
      357, 167, 358, -1,
      354, 167, 347, -1,
      347, 167, 359, -1,
      347, 359, 345, -1,
      356, 360, 167, -1,
      167, 360, 361, -1,
      167, 361, 343, -1,
      353, 362, 167, -1,
      167, 362, 363, -1,
      167, 363, 358, -1,
      167, 162, 114, -1,
      114, 162, 127, -1,
      167, 114, 134, -1,
      167, 134, 359, -1,
      359, 134, 133, -1,
      359, 133, 345, -1,
      345, 133, 131, -1,
      345, 131, 346, -1,
      346, 131, 132, -1,
      346, 132, 347, -1,
      347, 132, 135, -1,
      347, 135, 354, -1,
      354, 135, 136, -1,
      354, 136, 355, -1,
      355, 136, 137, -1,
      355, 137, 356, -1,
      356, 137, 116, -1,
      356, 116, 360, -1,
      360, 116, 117, -1,
      360, 117, 361, -1,
      361, 117, 124, -1,
      361, 124, 343, -1,
      343, 124, 125, -1,
      343, 125, 344, -1,
      344, 125, 112, -1,
      344, 112, 166, -1,
      165, 166, 113, -1,
      113, 166, 112, -1,
      165, 113, 115, -1,
      165, 115, 342, -1,
      342, 115, 118, -1,
      342, 118, 348, -1,
      348, 118, 119, -1,
      348, 119, 349, -1,
      349, 119, 120, -1,
      349, 120, 350, -1,
      350, 120, 121, -1,
      350, 121, 351, -1,
      351, 121, 122, -1,
      351, 122, 352, -1,
      352, 122, 123, -1,
      352, 123, 353, -1,
      353, 123, 138, -1,
      353, 138, 362, -1,
      362, 138, 139, -1,
      362, 139, 363, -1,
      363, 139, 130, -1,
      363, 130, 358, -1,
      358, 130, 129, -1,
      358, 129, 357, -1,
      357, 129, 128, -1,
      357, 128, 164, -1,
      163, 164, 126, -1,
      126, 164, 128, -1,
      127, 126, 128, -1,
      134, 114, 136, -1,
      122, 121, 127, -1,
      127, 121, 120, -1,
      120, 119, 127, -1,
      127, 119, 118, -1,
      127, 118, 115, -1,
      124, 117, 114, -1,
      115, 113, 127, -1,
      127, 113, 112, -1,
      127, 112, 114, -1,
      114, 112, 125, -1,
      114, 125, 124, -1,
      128, 129, 127, -1,
      127, 129, 130, -1,
      127, 130, 139, -1,
      117, 116, 114, -1,
      114, 116, 137, -1,
      114, 137, 136, -1,
      136, 135, 134, -1,
      134, 135, 132, -1,
      134, 132, 133, -1,
      133, 132, 131, -1,
      139, 138, 127, -1,
      127, 138, 123, -1,
      127, 123, 122, -1,
      163, 126, 162, -1,
      162, 126, 127, -1,
      238, 239, 236, -1,
      236, 235, 238, -1,
      238, 235, 234, -1,
      238, 234, 233, -1,
      237, 226, 209, -1,
      209, 226, 225, -1,
      209, 225, 208, -1,
      229, 228, 237, -1,
      237, 228, 227, -1,
      237, 227, 226, -1,
      233, 232, 238, -1,
      238, 232, 231, -1,
      238, 231, 237, -1,
      237, 231, 230, -1,
      237, 230, 229, -1,
      236, 364, 235, -1,
      235, 364, 365, -1,
      235, 365, 234, -1,
      234, 365, 366, -1,
      234, 366, 233, -1,
      233, 366, 367, -1,
      233, 367, 232, -1,
      232, 367, 368, -1,
      232, 368, 231, -1,
      231, 368, 369, -1,
      231, 369, 230, -1,
      230, 369, 370, -1,
      230, 370, 229, -1,
      229, 370, 371, -1,
      229, 371, 228, -1,
      228, 371, 372, -1,
      228, 372, 227, -1,
      227, 372, 373, -1,
      227, 373, 226, -1,
      226, 373, 374, -1,
      226, 374, 225, -1,
      225, 374, 375, -1,
      225, 375, 208, -1,
      208, 375, 376, -1,
      239, 377, 236, -1,
      236, 377, 364, -1,
      237, 378, 238, -1,
      238, 378, 379, -1,
      380, 376, 375, -1,
      364, 377, 365, -1,
      365, 377, 379, -1,
      380, 375, 378, -1,
      378, 369, 379, -1,
      379, 369, 368, -1,
      375, 374, 378, -1,
      378, 374, 373, -1,
      378, 373, 372, -1,
      368, 367, 379, -1,
      379, 367, 366, -1,
      379, 366, 365, -1,
      372, 371, 378, -1,
      378, 371, 370, -1,
      378, 370, 369, -1,
      208, 376, 209, -1,
      209, 376, 380, -1,
      380, 378, 209, -1,
      209, 378, 237, -1,
      379, 377, 238, -1,
      238, 377, 239, -1,
      381, 148, 146, -1,
      381, 146, 382, -1,
      148, 147, 146, -1,
      146, 147, 383, -1,
      146, 383, 384, -1,
      145, 144, 146, -1,
      146, 144, 149, -1,
      146, 149, 385, -1,
      385, 386, 146, -1,
      146, 386, 387, -1,
      146, 387, 388, -1,
      388, 389, 146, -1,
      146, 389, 390, -1,
      146, 390, 391, -1,
      391, 392, 146, -1,
      146, 392, 393, -1,
      146, 393, 382, -1,
      394, 395, 396, -1,
      396, 395, 397, -1,
      396, 397, 398, -1,
      398, 397, 383, -1,
      383, 397, 399, -1,
      383, 399, 400, -1,
      400, 401, 383, -1,
      383, 401, 402, -1,
      383, 402, 384, -1,
      149, 144, 93, -1,
      93, 144, 92, -1,
      149, 93, 94, -1,
      149, 94, 385, -1,
      385, 94, 95, -1,
      385, 95, 386, -1,
      386, 95, 96, -1,
      386, 96, 387, -1,
      387, 96, 97, -1,
      387, 97, 388, -1,
      388, 97, 98, -1,
      388, 98, 389, -1,
      389, 98, 99, -1,
      389, 99, 390, -1,
      390, 99, 100, -1,
      390, 100, 391, -1,
      391, 100, 101, -1,
      391, 101, 392, -1,
      392, 101, 102, -1,
      392, 102, 393, -1,
      393, 102, 87, -1,
      393, 87, 382, -1,
      382, 87, 84, -1,
      382, 84, 381, -1,
      381, 84, 85, -1,
      381, 85, 148, -1,
      147, 148, 88, -1,
      88, 148, 85, -1,
      147, 88, 89, -1,
      147, 89, 383, -1,
      383, 89, 107, -1,
      383, 107, 398, -1,
      398, 107, 105, -1,
      398, 105, 396, -1,
      396, 105, 103, -1,
      396, 103, 394, -1,
      394, 103, 104, -1,
      394, 104, 395, -1,
      395, 104, 106, -1,
      395, 106, 397, -1,
      397, 106, 108, -1,
      397, 108, 399, -1,
      399, 108, 109, -1,
      399, 109, 400, -1,
      400, 109, 110, -1,
      400, 110, 401, -1,
      401, 110, 111, -1,
      401, 111, 402, -1,
      402, 111, 90, -1,
      402, 90, 384, -1,
      384, 90, 86, -1,
      384, 86, 146, -1,
      145, 146, 91, -1,
      91, 146, 86, -1,
      92, 91, 93, -1,
      93, 91, 86, -1,
      93, 88, 85, -1,
      86, 90, 93, -1,
      93, 90, 111, -1,
      93, 111, 110, -1,
      110, 109, 93, -1,
      93, 109, 108, -1,
      93, 108, 106, -1,
      85, 84, 93, -1,
      93, 84, 87, -1,
      93, 87, 102, -1,
      97, 96, 95, -1,
      106, 104, 93, -1,
      93, 104, 103, -1,
      93, 103, 105, -1,
      105, 107, 93, -1,
      93, 107, 89, -1,
      93, 89, 88, -1,
      102, 101, 93, -1,
      93, 101, 100, -1,
      93, 100, 99, -1,
      99, 98, 93, -1,
      93, 98, 97, -1,
      93, 97, 94, -1,
      94, 97, 95, -1,
      145, 91, 144, -1,
      144, 91, 92, -1,
      175, 174, 177, -1,
      177, 174, 176, -1,
      175, 181, 174, -1,
      174, 181, 178, -1,
      403, 180, 178, -1,
      403, 178, 404, -1,
      405, 406, 407, -1,
      180, 179, 178, -1,
      178, 179, 408, -1,
      178, 408, 409, -1,
      407, 406, 410, -1,
      411, 412, 178, -1,
      410, 406, 178, -1,
      178, 406, 413, -1,
      178, 413, 404, -1,
      409, 414, 178, -1,
      178, 414, 415, -1,
      178, 415, 416, -1,
      407, 417, 418, -1,
      416, 419, 178, -1,
      178, 419, 420, -1,
      178, 420, 411, -1,
      412, 421, 178, -1,
      178, 421, 422, -1,
      178, 422, 174, -1,
      418, 423, 407, -1,
      407, 423, 424, -1,
      407, 424, 405, -1,
      179, 182, 425, -1,
      179, 425, 408, -1,
      408, 425, 426, -1,
      408, 426, 409, -1,
      409, 426, 427, -1,
      409, 427, 414, -1,
      414, 427, 428, -1,
      414, 428, 415, -1,
      415, 428, 429, -1,
      415, 429, 416, -1,
      416, 429, 430, -1,
      416, 430, 419, -1,
      419, 430, 431, -1,
      419, 431, 420, -1,
      420, 431, 432, -1,
      420, 432, 411, -1,
      411, 432, 433, -1,
      411, 433, 412, -1,
      412, 433, 434, -1,
      412, 434, 421, -1,
      421, 434, 435, -1,
      421, 435, 422, -1,
      422, 435, 176, -1,
      422, 176, 174, -1,
      178, 184, 436, -1,
      178, 436, 410, -1,
      410, 436, 437, -1,
      410, 437, 407, -1,
      407, 437, 438, -1,
      407, 438, 417, -1,
      417, 438, 439, -1,
      417, 439, 418, -1,
      418, 439, 440, -1,
      418, 440, 423, -1,
      423, 440, 441, -1,
      423, 441, 424, -1,
      424, 441, 442, -1,
      424, 442, 405, -1,
      405, 442, 443, -1,
      405, 443, 406, -1,
      406, 443, 444, -1,
      406, 444, 413, -1,
      413, 444, 445, -1,
      413, 445, 404, -1,
      404, 445, 446, -1,
      404, 446, 403, -1,
      403, 446, 183, -1,
      403, 183, 180, -1,
      179, 180, 182, -1,
      182, 180, 183, -1,
      178, 181, 184, -1,
      184, 181, 185, -1,
      436, 184, 443, -1,
      428, 427, 184, -1,
      182, 183, 184, -1,
      184, 183, 446, -1,
      432, 431, 184, -1,
      427, 426, 184, -1,
      184, 426, 425, -1,
      184, 425, 182, -1,
      185, 177, 184, -1,
      184, 177, 176, -1,
      184, 176, 435, -1,
      446, 445, 184, -1,
      184, 445, 444, -1,
      184, 444, 443, -1,
      435, 434, 184, -1,
      184, 434, 433, -1,
      184, 433, 432, -1,
      431, 430, 184, -1,
      184, 430, 429, -1,
      184, 429, 428, -1,
      436, 443, 437, -1,
      437, 443, 442, -1,
      437, 442, 441, -1,
      441, 440, 437, -1,
      437, 440, 439, -1,
      437, 439, 438, -1,
      175, 177, 181, -1,
      181, 177, 185, -1,
      187, 186, 189, -1,
      189, 186, 188, -1,
      192, 191, 193, -1,
      193, 191, 447, -1,
      448, 449, 193, -1,
      193, 449, 450, -1,
      193, 450, 451, -1,
      451, 452, 193, -1,
      193, 452, 453, -1,
      193, 453, 192, -1,
      447, 454, 193, -1,
      193, 454, 455, -1,
      193, 455, 456, -1,
      187, 190, 186, -1,
      186, 190, 193, -1,
      186, 193, 457, -1,
      457, 193, 458, -1,
      456, 459, 193, -1,
      193, 459, 460, -1,
      193, 460, 461, -1,
      462, 463, 464, -1,
      464, 463, 465, -1,
      464, 465, 193, -1,
      193, 465, 466, -1,
      193, 466, 448, -1,
      461, 467, 193, -1,
      193, 467, 468, -1,
      193, 468, 458, -1,
      191, 194, 469, -1,
      191, 469, 447, -1,
      447, 469, 470, -1,
      447, 470, 454, -1,
      454, 470, 471, -1,
      454, 471, 455, -1,
      455, 471, 472, -1,
      455, 472, 456, -1,
      456, 472, 473, -1,
      456, 473, 459, -1,
      459, 473, 474, -1,
      459, 474, 460, -1,
      460, 474, 475, -1,
      460, 475, 461, -1,
      461, 475, 476, -1,
      461, 476, 467, -1,
      467, 476, 477, -1,
      467, 477, 468, -1,
      468, 477, 478, -1,
      468, 478, 458, -1,
      458, 478, 479, -1,
      458, 479, 457, -1,
      457, 479, 188, -1,
      457, 188, 186, -1,
      193, 190, 196, -1,
      196, 190, 195, -1,
      193, 196, 480, -1,
      193, 480, 464, -1,
      464, 480, 481, -1,
      464, 481, 462, -1,
      462, 481, 482, -1,
      462, 482, 463, -1,
      463, 482, 483, -1,
      463, 483, 465, -1,
      465, 483, 484, -1,
      465, 484, 466, -1,
      466, 484, 485, -1,
      466, 485, 448, -1,
      448, 485, 486, -1,
      448, 486, 449, -1,
      449, 486, 487, -1,
      449, 487, 450, -1,
      450, 487, 488, -1,
      450, 488, 451, -1,
      451, 488, 489, -1,
      451, 489, 452, -1,
      452, 489, 490, -1,
      452, 490, 453, -1,
      453, 490, 197, -1,
      453, 197, 192, -1,
      191, 192, 194, -1,
      194, 192, 197, -1,
      195, 189, 196, -1,
      196, 189, 188, -1,
      196, 194, 197, -1,
      474, 473, 196, -1,
      196, 473, 472, -1,
      196, 472, 471, -1,
      471, 470, 196, -1,
      196, 470, 469, -1,
      196, 469, 194, -1,
      197, 490, 196, -1,
      196, 490, 489, -1,
      196, 489, 488, -1,
      188, 479, 196, -1,
      196, 479, 478, -1,
      196, 478, 477, -1,
      488, 487, 196, -1,
      196, 487, 486, -1,
      196, 486, 485, -1,
      477, 476, 196, -1,
      196, 476, 475, -1,
      196, 475, 474, -1,
      485, 484, 196, -1,
      196, 484, 483, -1,
      196, 483, 480, -1,
      480, 483, 482, -1,
      480, 482, 481, -1,
      187, 189, 190, -1,
      190, 189, 195, -1,
      197, 194, 196, -1,
      196, 194, 469, -1,
      485, 486, 196, -1,
      196, 486, 487, -1,
      196, 487, 488, -1,
      488, 489, 196, -1,
      196, 489, 490, -1,
      196, 490, 197, -1,
      469, 470, 196, -1,
      196, 470, 471, -1,
      196, 471, 472, -1,
      189, 195, 188, -1,
      188, 195, 196, -1,
      188, 196, 479, -1,
      479, 196, 478, -1,
      472, 473, 196, -1,
      196, 473, 474, -1,
      196, 474, 475, -1,
      481, 482, 480, -1,
      480, 482, 483, -1,
      480, 483, 196, -1,
      196, 483, 484, -1,
      196, 484, 485, -1,
      475, 476, 196, -1,
      196, 476, 477, -1,
      196, 477, 478, -1,
      195, 491, 196, -1,
      196, 491, 492, -1,
      491, 493, 492, -1,
      492, 493, 494, -1,
      492, 495, 496, -1,
      497, 498, 492, -1,
      492, 498, 499, -1,
      492, 499, 500, -1,
      500, 501, 492, -1,
      492, 501, 502, -1,
      492, 502, 495, -1,
      496, 503, 492, -1,
      492, 503, 504, -1,
      492, 504, 505, -1,
      494, 506, 492, -1,
      492, 506, 507, -1,
      492, 507, 508, -1,
      505, 509, 492, -1,
      492, 509, 510, -1,
      492, 510, 511, -1,
      508, 512, 492, -1,
      492, 512, 513, -1,
      492, 513, 497, -1,
      511, 514, 492, -1,
      492, 514, 515, -1,
      492, 515, 516, -1,
      516, 515, 517, -1,
      516, 517, 518, -1,
      188, 494, 189, -1,
      189, 494, 493, -1,
      493, 491, 189, -1,
      189, 491, 195, -1,
      196, 492, 516, -1,
      196, 516, 480, -1,
      480, 516, 518, -1,
      480, 518, 481, -1,
      481, 518, 517, -1,
      481, 517, 482, -1,
      482, 517, 515, -1,
      482, 515, 483, -1,
      483, 515, 514, -1,
      483, 514, 484, -1,
      484, 514, 511, -1,
      484, 511, 485, -1,
      485, 511, 510, -1,
      485, 510, 486, -1,
      486, 510, 509, -1,
      486, 509, 487, -1,
      487, 509, 505, -1,
      487, 505, 488, -1,
      488, 505, 504, -1,
      488, 504, 489, -1,
      489, 504, 503, -1,
      489, 503, 490, -1,
      490, 503, 496, -1,
      490, 496, 197, -1,
      194, 495, 502, -1,
      194, 502, 469, -1,
      469, 502, 501, -1,
      469, 501, 470, -1,
      470, 501, 500, -1,
      470, 500, 471, -1,
      471, 500, 499, -1,
      471, 499, 472, -1,
      472, 499, 498, -1,
      472, 498, 473, -1,
      473, 498, 497, -1,
      473, 497, 474, -1,
      474, 497, 513, -1,
      474, 513, 475, -1,
      475, 513, 512, -1,
      475, 512, 476, -1,
      476, 512, 508, -1,
      476, 508, 477, -1,
      477, 508, 507, -1,
      477, 507, 478, -1,
      478, 507, 506, -1,
      478, 506, 479, -1,
      479, 506, 494, -1,
      479, 494, 188, -1,
      197, 496, 194, -1,
      194, 496, 495, -1,
      158, 159, 160, -1,
      160, 159, 331, -1,
      161, 156, 160, -1,
      160, 156, 157, -1,
      160, 157, 320, -1,
      328, 160, 327, -1,
      327, 160, 326, -1,
      328, 329, 160, -1,
      160, 329, 330, -1,
      160, 330, 158, -1,
      320, 321, 160, -1,
      160, 321, 322, -1,
      160, 322, 323, -1,
      323, 324, 160, -1,
      160, 324, 325, -1,
      160, 325, 326, -1,
      332, 340, 331, -1,
      331, 340, 341, -1,
      331, 341, 160, -1,
      332, 333, 340, -1,
      340, 333, 334, -1,
      340, 334, 335, -1,
      335, 336, 340, -1,
      340, 336, 337, -1,
      340, 337, 339, -1,
      339, 337, 338, -1,
      157, 519, 520, -1,
      157, 520, 320, -1,
      320, 520, 521, -1,
      320, 521, 321, -1,
      321, 521, 522, -1,
      321, 522, 322, -1,
      322, 522, 523, -1,
      322, 523, 323, -1,
      323, 523, 524, -1,
      323, 524, 324, -1,
      324, 524, 525, -1,
      324, 525, 325, -1,
      325, 525, 526, -1,
      325, 526, 326, -1,
      326, 526, 527, -1,
      326, 527, 327, -1,
      327, 527, 528, -1,
      327, 528, 328, -1,
      328, 528, 529, -1,
      328, 529, 329, -1,
      329, 529, 530, -1,
      329, 530, 330, -1,
      330, 530, 531, -1,
      330, 531, 158, -1,
      158, 531, 159, -1,
      159, 531, 532, -1,
      156, 533, 157, -1,
      157, 533, 519, -1,
      533, 534, 519, -1,
      519, 534, 535, -1,
      519, 532, 531, -1,
      535, 536, 519, -1,
      519, 536, 537, -1,
      519, 537, 538, -1,
      539, 540, 519, -1,
      519, 540, 541, -1,
      519, 541, 542, -1,
      542, 543, 519, -1,
      519, 543, 544, -1,
      519, 544, 532, -1,
      531, 530, 519, -1,
      519, 530, 529, -1,
      519, 529, 528, -1,
      523, 519, 524, -1,
      524, 519, 525, -1,
      538, 545, 519, -1,
      519, 545, 546, -1,
      519, 546, 539, -1,
      528, 527, 519, -1,
      519, 527, 526, -1,
      519, 526, 525, -1,
      523, 522, 519, -1,
      519, 522, 521, -1,
      519, 521, 520, -1,
      160, 535, 161, -1,
      161, 535, 534, -1,
      534, 533, 161, -1,
      161, 533, 156, -1,
      159, 532, 544, -1,
      159, 544, 331, -1,
      331, 544, 543, -1,
      331, 543, 332, -1,
      332, 543, 542, -1,
      332, 542, 333, -1,
      333, 542, 541, -1,
      333, 541, 334, -1,
      334, 541, 540, -1,
      334, 540, 335, -1,
      335, 540, 539, -1,
      335, 539, 336, -1,
      336, 539, 546, -1,
      336, 546, 337, -1,
      337, 546, 545, -1,
      337, 545, 338, -1,
      338, 545, 538, -1,
      338, 538, 339, -1,
      339, 538, 537, -1,
      339, 537, 340, -1,
      340, 537, 536, -1,
      340, 536, 341, -1,
      341, 536, 535, -1,
      341, 535, 160, -1,
      177, 185, 176, -1,
      176, 185, 184, -1,
      446, 183, 184, -1,
      446, 184, 445, -1,
      442, 443, 437, -1,
      183, 182, 184, -1,
      184, 182, 425, -1,
      184, 425, 426, -1,
      437, 443, 436, -1,
      432, 433, 184, -1,
      436, 443, 184, -1,
      184, 443, 444, -1,
      184, 444, 445, -1,
      426, 427, 184, -1,
      184, 427, 428, -1,
      184, 428, 429, -1,
      437, 438, 439, -1,
      429, 430, 184, -1,
      184, 430, 431, -1,
      184, 431, 432, -1,
      433, 434, 184, -1,
      184, 434, 435, -1,
      184, 435, 176, -1,
      439, 440, 437, -1,
      437, 440, 441, -1,
      437, 441, 442, -1,
      185, 547, 184, -1,
      184, 547, 548, -1,
      549, 548, 550, -1,
      551, 552, 548, -1,
      553, 554, 548, -1,
      548, 554, 555, -1,
      556, 557, 548, -1,
      552, 558, 548, -1,
      548, 558, 559, -1,
      548, 559, 553, -1,
      547, 560, 548, -1,
      548, 560, 561, -1,
      548, 561, 562, -1,
      555, 563, 548, -1,
      548, 563, 564, -1,
      548, 564, 550, -1,
      562, 565, 548, -1,
      548, 565, 566, -1,
      548, 566, 556, -1,
      557, 567, 548, -1,
      548, 567, 568, -1,
      548, 568, 551, -1,
      549, 550, 569, -1,
      569, 550, 570, -1,
      569, 570, 571, -1,
      571, 572, 569, -1,
      569, 572, 573, -1,
      569, 573, 574, -1,
      176, 561, 177, -1,
      177, 561, 560, -1,
      560, 547, 177, -1,
      177, 547, 185, -1,
      184, 548, 549, -1,
      184, 549, 436, -1,
      436, 549, 569, -1,
      436, 569, 437, -1,
      437, 569, 574, -1,
      437, 574, 438, -1,
      438, 574, 573, -1,
      438, 573, 439, -1,
      439, 573, 572, -1,
      439, 572, 440, -1,
      440, 572, 571, -1,
      440, 571, 441, -1,
      441, 571, 570, -1,
      441, 570, 442, -1,
      442, 570, 550, -1,
      442, 550, 443, -1,
      443, 550, 564, -1,
      443, 564, 444, -1,
      444, 564, 563, -1,
      444, 563, 445, -1,
      445, 563, 555, -1,
      445, 555, 446, -1,
      446, 555, 554, -1,
      446, 554, 183, -1,
      182, 553, 559, -1,
      182, 559, 425, -1,
      425, 559, 558, -1,
      425, 558, 426, -1,
      426, 558, 552, -1,
      426, 552, 427, -1,
      427, 552, 551, -1,
      427, 551, 428, -1,
      428, 551, 568, -1,
      428, 568, 429, -1,
      429, 568, 567, -1,
      429, 567, 430, -1,
      430, 567, 557, -1,
      430, 557, 431, -1,
      431, 557, 556, -1,
      431, 556, 432, -1,
      432, 556, 566, -1,
      432, 566, 433, -1,
      433, 566, 565, -1,
      433, 565, 434, -1,
      434, 565, 562, -1,
      434, 562, 435, -1,
      435, 562, 561, -1,
      435, 561, 176, -1,
      183, 554, 182, -1,
      182, 554, 553, -1,
      0, 27, 1, -1,
      1, 27, 14, -1,
      15, 25, 14, -1,
      14, 25, 26, -1,
      14, 26, 2, -1,
      15, 16, 25, -1,
      25, 16, 17, -1,
      25, 17, 24, -1,
      2, 3, 14, -1,
      14, 3, 4, -1,
      14, 4, 5, -1,
      5, 6, 14, -1,
      14, 6, 7, -1,
      14, 7, 8, -1,
      8, 9, 14, -1,
      14, 9, 10, -1,
      14, 10, 11, -1,
      11, 12, 14, -1,
      14, 12, 13, -1,
      14, 13, 1, -1,
      18, 19, 17, -1,
      17, 19, 20, -1,
      17, 20, 21, -1,
      21, 22, 17, -1,
      17, 22, 23, -1,
      17, 23, 24, -1,
      27, 575, 14, -1,
      14, 575, 576, -1,
      575, 577, 576, -1,
      576, 577, 578, -1,
      579, 580, 576, -1,
      576, 580, 581, -1,
      576, 581, 582, -1,
      582, 581, 583, -1,
      584, 585, 576, -1,
      576, 585, 586, -1,
      576, 586, 587, -1,
      587, 588, 576, -1,
      576, 588, 589, -1,
      576, 589, 579, -1,
      578, 590, 576, -1,
      576, 590, 591, -1,
      576, 591, 592, -1,
      592, 593, 576, -1,
      576, 593, 594, -1,
      576, 594, 584, -1,
      595, 596, 597, -1,
      597, 596, 598, -1,
      597, 598, 599, -1,
      581, 600, 583, -1,
      583, 600, 601, -1,
      583, 601, 597, -1,
      597, 601, 602, -1,
      597, 602, 595, -1,
      1, 578, 0, -1,
      0, 578, 577, -1,
      577, 575, 0, -1,
      0, 575, 27, -1,
      14, 576, 582, -1,
      14, 582, 15, -1,
      15, 582, 583, -1,
      15, 583, 16, -1,
      16, 583, 597, -1,
      16, 597, 17, -1,
      17, 597, 599, -1,
      17, 599, 18, -1,
      18, 599, 598, -1,
      18, 598, 19, -1,
      19, 598, 596, -1,
      19, 596, 20, -1,
      20, 596, 595, -1,
      20, 595, 21, -1,
      21, 595, 602, -1,
      21, 602, 22, -1,
      22, 602, 601, -1,
      22, 601, 23, -1,
      23, 601, 600, -1,
      23, 600, 24, -1,
      24, 600, 581, -1,
      24, 581, 25, -1,
      25, 581, 580, -1,
      25, 580, 26, -1,
      2, 579, 589, -1,
      2, 589, 3, -1,
      3, 589, 588, -1,
      3, 588, 4, -1,
      4, 588, 587, -1,
      4, 587, 5, -1,
      5, 587, 586, -1,
      5, 586, 6, -1,
      6, 586, 585, -1,
      6, 585, 7, -1,
      7, 585, 584, -1,
      7, 584, 8, -1,
      8, 584, 594, -1,
      8, 594, 9, -1,
      9, 594, 593, -1,
      9, 593, 10, -1,
      10, 593, 592, -1,
      10, 592, 11, -1,
      11, 592, 591, -1,
      11, 591, 12, -1,
      12, 591, 590, -1,
      12, 590, 13, -1,
      13, 590, 578, -1,
      13, 578, 1, -1,
      26, 580, 2, -1,
      2, 580, 579, -1,
    ]
  }
}
