ISO-10303-21;
HEADER;
FILE_DESCRIPTION (( 'STEP AP214' ),
    '1' );
FILE_NAME ('HDR-TH_10P-P1.27-V-F.STEP',
    '2021-09-02T13:39:43',
    ( '' ),
    ( '' ),
    'SwSTEP 2.0',
    'SolidWorks 2018',
    '' );
FILE_SCHEMA (( 'AUTOMOTIVE_DESIGN' ));
ENDSEC;

DATA;
#1 = CARTESIAN_POINT ( 'NONE',  ( 3.174999999999998934, -0.07500000000000009437, -2.199999999999999734 ) ) ;
#2 = VECTOR ( 'NONE', #2155, 1000.000000000000114 ) ;
#3 = DIRECTION ( 'NONE',  ( 0.000000000000000000, 1.000000000000000000, 0.000000000000000000 ) ) ;
#4 =( NAMED_UNIT ( * ) PLANE_ANGLE_UNIT ( ) SI_UNIT ( $, .RADIAN. ) );
#5 = LINE ( 'NONE', #1671, #2221 ) ;
#6 = SURFACE_STYLE_FILL_AREA ( #1687 ) ;
#7 = PLANE ( 'NONE',  #2151 ) ;
#8 = PRESENTATION_LAYER_ASSIGNMENT (  '', '', ( #1422 ) ) ;
#9 = DIRECTION ( 'NONE',  ( -0.000000000000000000, -0.000000000000000000, 1.000000000000000000 ) ) ;
#10 =( GEOMETRIC_REPRESENTATION_CONTEXT ( 3 ) GLOBAL_UNCERTAINTY_ASSIGNED_CONTEXT ( ( #6856 ) ) GLOBAL_UNIT_ASSIGNED_CONTEXT ( ( #7164, #4708, #6319 ) ) REPRESENTATION_CONTEXT ( 'NONE', 'WORKASPACE' ) );
#11 = CARTESIAN_POINT ( 'NONE',  ( 0.2912081584527922984, -0.4158605038466192116, 0.2999999999999999334 ) ) ;
#12 = VECTOR ( 'NONE', #3023, 1000.000000000000114 ) ;
#13 = DIRECTION ( 'NONE',  ( 0.000000000000000000, 1.000000000000000000, 0.000000000000000000 ) ) ;
#14 = CARTESIAN_POINT ( 'NONE',  ( 0.3334311228802630533, -0.2116192421532121226, 0.3009999999999999343 ) ) ;
#15 =( NAMED_UNIT ( * ) SI_UNIT ( $, .STERADIAN. ) SOLID_ANGLE_UNIT ( ) );
#16 = SURFACE_SIDE_STYLE ('',( #4563 ) ) ;
#17 = CARTESIAN_POINT ( 'NONE',  ( -0.5489754668845311381, -0.1779375319464842620, 0.3009999999999997677 ) ) ;
#18 =( GEOMETRIC_REPRESENTATION_CONTEXT ( 3 ) GLOBAL_UNCERTAINTY_ASSIGNED_CONTEXT ( ( #2571 ) ) GLOBAL_UNIT_ASSIGNED_CONTEXT ( ( #8423, #2287, #3850 ) ) REPRESENTATION_CONTEXT ( 'NONE', 'WORKASPACE' ) );
#19 = FILL_AREA_STYLE ('',( #6369 ) ) ;
#20 = ORIENTED_EDGE ( 'NONE', *, *, #7433, .T. ) ;
#21 = LINE ( 'NONE', #6664, #10047 ) ;
#22 = VECTOR ( 'NONE', #7582, 1000.000000000000000 ) ;
#23 = B_SPLINE_CURVE_WITH_KNOTS ( 'NONE', 3,
 ( #5835, #1970, #5087, #8244, #9828, #5907, #6682, #1190, #7455, #6473, #6510, #1048, #8030, #2628, #237, #9603, #8829, #4214, #167 ),
 .UNSPECIFIED., .F., .F.,
 ( 4, 1, 1, 1, 1, 1, 1, 1, 1, 1, 1, 1, 1, 1, 1, 1, 4 ),
 ( 0.000000000000000000, 0.06806869584499397607, 0.1334274328189549996, 0.1961460338131565950, 0.2570485924493127738, 0.3168826631591619702, 0.3761872086663215486, 0.4359603353635460588, 0.4965352368627262702, 0.5574653434807332886, 0.6176868634101470024, 0.6779436406969062689, 0.7388052848060404632, 0.8009493367665841967, 0.8648146674702266168, 0.9310247810786572709, 1.000000000000000000 ),
 .UNSPECIFIED. ) ;
#24 = CARTESIAN_POINT ( 'NONE',  ( 0.3407459490621893017, -0.3506678666646942388, 0.3010000000000000453 ) ) ;
#25 = CARTESIAN_POINT ( 'NONE',  ( 4.844999999999999751, -0.4000000000000000222, 1.300000000000000044 ) ) ;
#26 = CARTESIAN_POINT ( 'NONE',  ( 0.000000000000000000, 0.000000000000000000, 0.000000000000000000 ) ) ;
#27 = EDGE_CURVE ( 'NONE', #1199, #993, #5028, .T. ) ;
#28 = FACE_OUTER_BOUND ( 'NONE', #124, .T. ) ;
#29 = PRESENTATION_LAYER_ASSIGNMENT (  '', '', ( #8690 ) ) ;
#30 = ORIENTED_EDGE ( 'NONE', *, *, #5563, .T. ) ;
#31 = DIRECTION ( 'NONE',  ( 1.000000000000000000, -1.355252715606879803E-16, 0.000000000000000000 ) ) ;
#32 = PRESENTATION_STYLE_ASSIGNMENT (( #6637 ) ) ;
#33 = MECHANICAL_DESIGN_GEOMETRIC_PRESENTATION_REPRESENTATION (  '', ( #3392 ), #8131 ) ;
#34 = UNCERTAINTY_MEASURE_WITH_UNIT (LENGTH_MEASURE( 1.000000000000000082E-05 ), #9640, 'distance_accuracy_value', 'NONE');
#35 = COLOUR_RGB ( '',0.5019607843137254832, 0.5019607843137254832, 0.5019607843137254832 ) ;
#36 = LINE ( 'NONE', #1572, #152 ) ;
#37 =( LENGTH_UNIT ( ) NAMED_UNIT ( * ) SI_UNIT ( .MILLI., .METRE. ) );
#38 =( GEOMETRIC_REPRESENTATION_CONTEXT ( 3 ) GLOBAL_UNCERTAINTY_ASSIGNED_CONTEXT ( ( #3505 ) ) GLOBAL_UNIT_ASSIGNED_CONTEXT ( ( #7112, #1680, #2384 ) ) REPRESENTATION_CONTEXT ( 'NONE', 'WORKASPACE' ) );
#39 =( GEOMETRIC_REPRESENTATION_CONTEXT ( 3 ) GLOBAL_UNCERTAINTY_ASSIGNED_CONTEXT ( ( #6608 ) ) GLOBAL_UNIT_ASSIGNED_CONTEXT ( ( #4038, #8691, #5672 ) ) REPRESENTATION_CONTEXT ( 'NONE', 'WORKASPACE' ) );
#40 = LINE ( 'NONE', #7165, #1665 ) ;
#41 = SURFACE_SIDE_STYLE ('',( #3238 ) ) ;
#42 = ORIENTED_EDGE ( 'NONE', *, *, #7843, .F. ) ;
#43 = CARTESIAN_POINT ( 'NONE',  ( 0.3097086448068609998, -0.2923781792258223211, 0.3009999999999999343 ) ) ;
#44 = CARTESIAN_POINT ( 'NONE',  ( 0.3287586780391846264, -0.3760208553590883018, 0.3009999999999999343 ) ) ;
#45 = EDGE_CURVE ( 'NONE', #9377, #5555, #3263, .T. ) ;
#46 = LINE ( 'NONE', #5258, #4506 ) ;
#47 = FILL_AREA_STYLE_COLOUR ( '', #1753 ) ;
#48 = FILL_AREA_STYLE ('',( #6272 ) ) ;
#49 = FILL_AREA_STYLE ('',( #4826 ) ) ;
#50 = ORIENTED_EDGE ( 'NONE', *, *, #9890, .F. ) ;
#51 = AXIS2_PLACEMENT_3D ( 'NONE', #5836, #9761, #8932 ) ;
#52 = AXIS2_PLACEMENT_3D ( 'NONE', #4714, #3139, #1624 ) ;
#53 = DIRECTION ( 'NONE',  ( 0.000000000000000000, -0.000000000000000000, -1.000000000000000000 ) ) ;
#54 = PRESENTATION_LAYER_ASSIGNMENT (  '', '', ( #3039 ) ) ;
#55 = LINE ( 'NONE', #2063, #6110 ) ;
#56 = CARTESIAN_POINT ( 'NONE',  ( -0.3039966041747891867, -0.3842954043665305908, 0.3000000000000000999 ) ) ;
#57 =( NAMED_UNIT ( * ) PLANE_ANGLE_UNIT ( ) SI_UNIT ( $, .RADIAN. ) );
#59 = EDGE_LOOP ( 'NONE', ( #7235, #5070, #7916, #9937 ) ) ;
#58 = SURFACE_STYLE_FILL_AREA ( #4465 ) ;
#60 =( NAMED_UNIT ( * ) SI_UNIT ( $, .STERADIAN. ) SOLID_ANGLE_UNIT ( ) );
#61 = PLANE ( 'NONE',  #1138 ) ;
#62 = FILL_AREA_STYLE ('',( #799 ) ) ;
#63 = COLOUR_RGB ( '',0.5019607843137254832, 0.5019607843137254832, 0.5019607843137254832 ) ;
#64 = VERTEX_POINT ( 'NONE', #2373 ) ;
#65 =( NAMED_UNIT ( * ) PLANE_ANGLE_UNIT ( ) SI_UNIT ( $, .RADIAN. ) );
#66 = ADVANCED_FACE ( 'NONE', ( #4895 ), #8686, .F. ) ;
#67 = MECHANICAL_DESIGN_GEOMETRIC_PRESENTATION_REPRESENTATION (  '', ( #7265 ), #608 ) ;
#68 = CARTESIAN_POINT ( 'NONE',  ( -6.465000000000000746, -0.8999999999999998002, 4.299999999999999822 ) ) ;
#69 = CARTESIAN_POINT ( 'NONE',  ( 0.1348332783437373450, -0.1786361316487051487, 0.3009999999999999898 ) ) ;
#70 = ORIENTED_EDGE ( 'NONE', *, *, #1246, .T. ) ;
#71 =( GEOMETRIC_REPRESENTATION_CONTEXT ( 3 ) GLOBAL_UNCERTAINTY_ASSIGNED_CONTEXT ( ( #8692 ) ) GLOBAL_UNIT_ASSIGNED_CONTEXT ( ( #3435, #9767, #6582 ) ) REPRESENTATION_CONTEXT ( 'NONE', 'WORKASPACE' ) );
#72 = CARTESIAN_POINT ( 'NONE',  ( 0.2648979378177804822, -0.3878309705213124903, 0.3010000000000000453 ) ) ;
#73 = VERTEX_POINT ( 'NONE', #25 ) ;
#74 = ORIENTED_EDGE ( 'NONE', *, *, #2691, .T. ) ;
#75 = EDGE_LOOP ( 'NONE', ( #4270, #7803, #8217, #9880 ) ) ;
#76 =( NAMED_UNIT ( * ) SI_UNIT ( $, .STERADIAN. ) SOLID_ANGLE_UNIT ( ) );
#77 = CARTESIAN_POINT ( 'NONE',  ( 0.2094108932009234869, -0.4384491345902616910, 0.2999999999999999889 ) ) ;
#78 = ORIENTED_EDGE ( 'NONE', *, *, #1352, .F. ) ;
#79 = ORIENTED_EDGE ( 'NONE', *, *, #7768, .F. ) ;
#80 = STYLED_ITEM ( 'NONE', ( #6345 ), #457 ) ;
#81 = VECTOR ( 'NONE', #6905, 1000.000000000000000 ) ;
#82 = CARTESIAN_POINT ( 'NONE',  ( 0.2290930808300303267, -0.1336198203544676222, 0.3000000000000000444 ) ) ;
#83 = EDGE_LOOP ( 'NONE', ( #3358, #3628, #5788, #7365 ) ) ;
#84 = DIRECTION ( 'NONE',  ( -0.000000000000000000, -1.000000000000000000, 0.000000000000000000 ) ) ;
#85 = VERTEX_POINT ( 'NONE', #832 ) ;
#86 = ORIENTED_EDGE ( 'NONE', *, *, #4598, .T. ) ;
#87 = EDGE_LOOP ( 'NONE', ( #8226, #8450, #5101, #839 ) ) ;
#88 = COLOUR_RGB ( '',1.000000000000000000, 1.000000000000000000, 1.000000000000000000 ) ;
#89 = FACE_OUTER_BOUND ( 'NONE', #7429, .T. ) ;
#90 = PRESENTATION_LAYER_ASSIGNMENT (  '', '', ( #2748 ) ) ;
#91 = ORIENTED_EDGE ( 'NONE', *, *, #9512, .F. ) ;
#92 = UNCERTAINTY_MEASURE_WITH_UNIT (LENGTH_MEASURE( 1.000000000000000082E-05 ), #3281, 'distance_accuracy_value', 'NONE');
#93 = CARTESIAN_POINT ( 'NONE',  ( -0.3212401322061070319, -0.3704471403891262948, 0.3010000000000000453 ) ) ;
#94 = B_SPLINE_CURVE_WITH_KNOTS ( 'NONE', 3,
 ( #5874, #6650, #3463, #5909, #5089, #7458, #5122, #4203, #2658, #8098, #4274, #3395, #9732, #8960, #1874, #4979, #6574, #1191, #7357 ),
 .UNSPECIFIED., .F., .F.,
 ( 4, 1, 1, 1, 1, 1, 1, 1, 1, 1, 1, 1, 1, 1, 1, 1, 4 ),
 ( 0.000000000000000000, 0.07064371857535406418, 0.1382567155089045041, 0.2033641242175799613, 0.2663240938030566607, 0.3279047615429893647, 0.3887377151730921354, 0.4494235281093023615, 0.5108610114593155060, 0.5720793960475145656, 0.6317344287314453632, 0.6911172105788376818, 0.7503600294901704437, 0.8100329005312619790, 0.8713624508287363124, 0.9344271412311533354, 1.000000000000000000 ),
 .UNSPECIFIED. ) ;
#95 = CARTESIAN_POINT ( 'NONE',  ( 0.1974634846643381070, -0.1311320614195299883, 0.3009999999999999898 ) ) ;
#96 = EDGE_CURVE ( 'NONE', #8224, #6546, #3509, .T. ) ;
#97 = DIRECTION ( 'NONE',  ( 0.5773502691896258421, 0.5773502691896255090, -0.5773502691896258421 ) ) ;
#98 = DIRECTION ( 'NONE',  ( 1.355252715606880296E-16, 1.000000000000000000, 0.000000000000000000 ) ) ;
#99 = FILL_AREA_STYLE ('',( #1706 ) ) ;
#100 = EDGE_LOOP ( 'NONE', ( #6224, #6518, #4511, #10210 ) ) ;
#101 = PRESENTATION_STYLE_ASSIGNMENT (( #9622 ) ) ;
#102 = DIRECTION ( 'NONE',  ( 1.000000000000000000, -1.355252715606880049E-16, 0.000000000000000000 ) ) ;
#103 = FILL_AREA_STYLE_COLOUR ( '', #1560 ) ;
#104 = VERTEX_POINT ( 'NONE', #4878 ) ;
#105 = CARTESIAN_POINT ( 'NONE',  ( 4.044999999999999041, 0.4000000000000000222, 4.199999999999999289 ) ) ;
#106 = DIRECTION ( 'NONE',  ( 0.000000000000000000, -1.000000000000000000, 0.000000000000000000 ) ) ;
#107 = PRESENTATION_LAYER_ASSIGNMENT (  '', '', ( #6838 ) ) ;
#108 = ORIENTED_EDGE ( 'NONE', *, *, #5009, .T. ) ;
#109 = PLANE ( 'NONE',  #9763 ) ;
#110 =( NAMED_UNIT ( * ) SI_UNIT ( $, .STERADIAN. ) SOLID_ANGLE_UNIT ( ) );
#111 = PRESENTATION_STYLE_ASSIGNMENT (( #1171 ) ) ;
#112 = PRESENTATION_LAYER_ASSIGNMENT (  '', '', ( #9842 ) ) ;
#113 = PRESENTATION_LAYER_ASSIGNMENT (  '', '', ( #6514 ) ) ;
#114 =( LENGTH_UNIT ( ) NAMED_UNIT ( * ) SI_UNIT ( .MILLI., .METRE. ) );
#115 = CARTESIAN_POINT ( 'NONE',  ( 0.3499052361643745779, -0.2846132434524444865, 0.3009999999999999343 ) ) ;
#116 = VERTEX_POINT ( 'NONE', #1669 ) ;
#117 = ADVANCED_FACE ( 'NONE', ( #3147 ), #4802, .T. ) ;
#118 = DIRECTION ( 'NONE',  ( 0.000000000000000000, 0.000000000000000000, 1.000000000000000000 ) ) ;
#119 = LINE ( 'NONE', #7673, #3681 ) ;
#120 = VECTOR ( 'NONE', #6763, 1000.000000000000114 ) ;
#121 = EDGE_CURVE ( 'NONE', #1394, #3495, #819, .T. ) ;
#122 = LINE ( 'NONE', #5461, #1877 ) ;
#123 = CARTESIAN_POINT ( 'NONE',  ( -0.3520984245177762872, -0.2954566141292548909, 0.3009999999999999898 ) ) ;
#124 = EDGE_LOOP ( 'NONE', ( #10015, #6559, #2334, #6366, #3648 ) ) ;
#125 = AXIS2_PLACEMENT_3D ( 'NONE', #1598, #4688, #7858 ) ;
#126 = DIRECTION ( 'NONE',  ( 1.000000000000000000, -1.355252715606880296E-16, 0.000000000000000000 ) ) ;
#127 = FILL_AREA_STYLE ('',( #9628 ) ) ;
#128 = PLANE ( 'NONE',  #2056 ) ;
#129 = LINE ( 'NONE', #9470, #5088 ) ;
#130 = PRESENTATION_LAYER_ASSIGNMENT (  '', '', ( #2787 ) ) ;
#131 =( LENGTH_UNIT ( ) NAMED_UNIT ( * ) SI_UNIT ( .MILLI., .METRE. ) );
#132 =( LENGTH_UNIT ( ) NAMED_UNIT ( * ) SI_UNIT ( .MILLI., .METRE. ) );
#133 = VECTOR ( 'NONE', #879, 1000.000000000000000 ) ;
#134 = CARTESIAN_POINT ( 'NONE',  ( 0.2053692951108458120, -0.4384017334471437266, 0.2999999999999999334 ) ) ;
#135 = DIRECTION ( 'NONE',  ( 0.000000000000000000, -1.000000000000000000, 0.000000000000000000 ) ) ;
#136 = FILL_AREA_STYLE_COLOUR ( '', #2605 ) ;
#137 = LINE ( 'NONE', #8204, #9029 ) ;
#138 = ORIENTED_EDGE ( 'NONE', *, *, #8081, .T. ) ;
#139 = FILL_AREA_STYLE_COLOUR ( '', #9421 ) ;
#140 = AXIS2_PLACEMENT_3D ( 'NONE', #5883, #1129, #6622 ) ;
#141 = DIRECTION ( 'NONE',  ( 0.000000000000000000, 1.000000000000000000, 0.000000000000000000 ) ) ;
#142 = SURFACE_STYLE_FILL_AREA ( #4639 ) ;
#143 = CARTESIAN_POINT ( 'NONE',  ( 0.3056008851642367796, -0.2487038521472293706, 0.2999999999999998779 ) ) ;
#144 = VECTOR ( 'NONE', #933, 1000.000000000000000 ) ;
#145 = FILL_AREA_STYLE ('',( #7310 ) ) ;
#146 = ORIENTED_EDGE ( 'NONE', *, *, #3865, .T. ) ;
#147 =( LENGTH_UNIT ( ) NAMED_UNIT ( * ) SI_UNIT ( .MILLI., .METRE. ) );
#148 = CARTESIAN_POINT ( 'NONE',  ( 0.4890602834448259384, -0.4018637687366031774, 0.3009999999999999898 ) ) ;
#149 = STYLED_ITEM ( 'NONE', ( #8531 ), #6524 ) ;
#150 = CARTESIAN_POINT ( 'NONE',  ( 5.314999999999999503, 0.4000000000000000222, 4.199999999999999289 ) ) ;
#151 = SURFACE_STYLE_FILL_AREA ( #243 ) ;
#152 = VECTOR ( 'NONE', #3038, 1000.000000000000000 ) ;
#153 = ORIENTED_EDGE ( 'NONE', *, *, #433, .T. ) ;
#154 = EDGE_CURVE ( 'NONE', #8266, #7015, #4773, .T. ) ;
#155 = VERTEX_POINT ( 'NONE', #4032 ) ;
#156 = CARTESIAN_POINT ( 'NONE',  ( 0.1971204968594600648, -0.1640588906878226727, 0.3009999999999999898 ) ) ;
#157 = UNCERTAINTY_MEASURE_WITH_UNIT (LENGTH_MEASURE( 1.000000000000000082E-05 ), #6058, 'distance_accuracy_value', 'NONE');
#158 = COLOUR_RGB ( '',0.5019607843137254832, 0.5019607843137254832, 0.5019607843137254832 ) ;
#159 = DIRECTION ( 'NONE',  ( -0.5773502691896258421, 0.5773502691896255090, 0.5773502691896258421 ) ) ;
#160 = CARTESIAN_POINT ( 'NONE',  ( -2.305000000000001492, -0.4000000000000000222, 4.199999999999999289 ) ) ;
#161 = EDGE_CURVE ( 'NONE', #4170, #4444, #3250, .T. ) ;
#162 =( GEOMETRIC_REPRESENTATION_CONTEXT ( 3 ) GLOBAL_UNCERTAINTY_ASSIGNED_CONTEXT ( ( #2768 ) ) GLOBAL_UNIT_ASSIGNED_CONTEXT ( ( #5079, #8049, #9820 ) ) REPRESENTATION_CONTEXT ( 'NONE', 'WORKASPACE' ) );
#163 = DIRECTION ( 'NONE',  ( 1.000000000000000000, -1.355252715606880296E-16, 0.000000000000000000 ) ) ;
#164 = ADVANCED_FACE ( 'NONE', ( #8313 ), #1078, .F. ) ;
#165 = CIRCLE ( 'NONE', #1773, 0.1999999999999996503 ) ;
#166 = ORIENTED_EDGE ( 'NONE', *, *, #7302, .T. ) ;
#167 = CARTESIAN_POINT ( 'NONE',  ( -0.2327575519210277888, -0.4347905980048958896, 0.3000000000000000999 ) ) ;
#168 = LINE ( 'NONE', #3984, #9947 ) ;
#169 = LINE ( 'NONE', #8632, #5741 ) ;
#170 = PRESENTATION_LAYER_ASSIGNMENT (  '', '', ( #7940 ) ) ;
#171 = STYLED_ITEM ( 'NONE', ( #5071 ), #6862 ) ;
#172 = CARTESIAN_POINT ( 'NONE',  ( 3.374999999999999556, -0.07500000000000012212, -2.199999999999999734 ) ) ;
#173 = ORIENTED_EDGE ( 'NONE', *, *, #2242, .T. ) ;
#174 = COLOUR_RGB ( '',1.000000000000000000, 1.000000000000000000, 1.000000000000000000 ) ;
#175 = UNCERTAINTY_MEASURE_WITH_UNIT (LENGTH_MEASURE( 1.000000000000000082E-05 ), #2486, 'distance_accuracy_value', 'NONE');
#177 = VERTEX_POINT ( 'NONE', #4138 ) ;
#176 = SURFACE_STYLE_FILL_AREA ( #5382 ) ;
#178 = CARTESIAN_POINT ( 'NONE',  ( 0.3021930353909254019, -0.2369626549864884690, 0.3000000000000000444 ) ) ;
#179 = EDGE_CURVE ( 'NONE', #5322, #566, #10206, .T. ) ;
#180 = VECTOR ( 'NONE', #9176, 1000.000000000000000 ) ;
#181 = CIRCLE ( 'NONE', #2667, 0.1999999999999996503 ) ;
#182 = CARTESIAN_POINT ( 'NONE',  ( -1.905000000000000471, -0.07500000000000012212, -2.199999999999999734 ) ) ;
#183 = PLANE ( 'NONE',  #8810 ) ;
#184 = FILL_AREA_STYLE ('',( #7209 ) ) ;
#185 = CARTESIAN_POINT ( 'NONE',  ( -0.09264703362834485201, -0.4347905980048958341, 0.3009999999999999898 ) ) ;
#186 = EDGE_CURVE ( 'NONE', #3940, #8740, #4142, .T. ) ;
#187 = ORIENTED_EDGE ( 'NONE', *, *, #3210, .F. ) ;
#188 = AXIS2_PLACEMENT_3D ( 'NONE', #7190, #7135, #4000 ) ;
#189 = VERTEX_POINT ( 'NONE', #5872 ) ;
#190 = DIRECTION ( 'NONE',  ( -1.000000000000000000, 0.000000000000000000, 0.000000000000000000 ) ) ;
#191 = STYLED_ITEM ( 'NONE', ( #6814 ), #803 ) ;
#192 = CIRCLE ( 'NONE', #3104, 0.1999999999999996503 ) ;
#193 = SURFACE_STYLE_FILL_AREA ( #8393 ) ;
#194 = ORIENTED_EDGE ( 'NONE', *, *, #5447, .F. ) ;
#195 = CARTESIAN_POINT ( 'NONE',  ( -0.4145982531405399407, -0.4347905980048958341, 0.3009999999999999898 ) ) ;
#196 = CARTESIAN_POINT ( 'NONE',  ( -3.575000000000001066, 0.4000000000000000222, 4.199999999999999289 ) ) ;
#197 = EDGE_LOOP ( 'NONE', ( #2077, #7338, #1410, #2566 ) ) ;
#198 = CARTESIAN_POINT ( 'NONE',  ( -0.07801288728688136886, -0.2664979150780665829, 0.2999999999999999889 ) ) ;
#200 = EDGE_LOOP ( 'NONE', ( #42, #366, #8720, #5437 ) ) ;
#199 = FACE_OUTER_BOUND ( 'NONE', #5756, .T. ) ;
#201 = ORIENTED_EDGE ( 'NONE', *, *, #864, .F. ) ;
#202 = CARTESIAN_POINT ( 'NONE',  ( -0.3365240366108858128, -0.4027483453147461812, 0.2999999999999999334 ) ) ;
#203 = FACE_OUTER_BOUND ( 'NONE', #5426, .T. ) ;
#204 = VERTEX_POINT ( 'NONE', #4977 ) ;
#205 = PRESENTATION_LAYER_ASSIGNMENT (  '', '', ( #1673 ) ) ;
#206 = PLANE ( 'NONE',  #4707 ) ;
#207 = PRESENTATION_LAYER_ASSIGNMENT (  '', '', ( #9944 ) ) ;
#208 = LINE ( 'NONE', #2209, #1589 ) ;
#209 = CARTESIAN_POINT ( 'NONE',  ( -0.6350000000000010081, -0.07500000000000010825, -2.199999999999999734 ) ) ;
#210 = EDGE_LOOP ( 'NONE', ( #6600, #6044, #1835, #7489 ) ) ;
#211 = EDGE_LOOP ( 'NONE', ( #4039, #4065, #339, #9729 ) ) ;
#212 = FILL_AREA_STYLE_COLOUR ( '', #8922 ) ;
#213 = VERTEX_POINT ( 'NONE', #3328 ) ;
#214 = SURFACE_STYLE_USAGE ( .BOTH. , #7305 ) ;
#215 = CARTESIAN_POINT ( 'NONE',  ( -0.2836404042020568839, -0.3942257701221573152, 0.3009999999999999343 ) ) ;
#216 = ORIENTED_EDGE ( 'NONE', *, *, #2496, .F. ) ;
#217 = VERTEX_POINT ( 'NONE', #8858 ) ;
#218 = ADVANCED_FACE ( 'NONE', ( #5396 ), #8019, .T. ) ;
#219 = LINE ( 'NONE', #4846, #1242 ) ;
#220 = SURFACE_SIDE_STYLE ('',( #2036 ) ) ;
#221 = ORIENTED_EDGE ( 'NONE', *, *, #8925, .T. ) ;
#222 = UNCERTAINTY_MEASURE_WITH_UNIT (LENGTH_MEASURE( 1.000000000000000082E-05 ), #8645, 'distance_accuracy_value', 'NONE');
#223 = VECTOR ( 'NONE', #3268, 1000.000000000000000 ) ;
#224 = DIRECTION ( 'NONE',  ( 1.000000000000000000, 0.000000000000000000, 0.000000000000000000 ) ) ;
#225 = EDGE_CURVE ( 'NONE', #5517, #9046, #1196, .T. ) ;
#226 = MECHANICAL_DESIGN_GEOMETRIC_PRESENTATION_REPRESENTATION (  '', ( #5549 ), #767 ) ;
#227 = VECTOR ( 'NONE', #5346, 1000.000000000000000 ) ;
#228 = VERTEX_POINT ( 'NONE', #5730 ) ;
#229 = EDGE_CURVE ( 'NONE', #6875, #4789, #7093, .T. ) ;
#230 = CARTESIAN_POINT ( 'NONE',  ( -1.035000000000001252, -0.5000000000000011102, 4.299999999999999822 ) ) ;
#231 = SURFACE_STYLE_USAGE ( .BOTH. , #263 ) ;
#232 = CARTESIAN_POINT ( 'NONE',  ( 1.504999999999998561, 0.4000000000000000222, 1.300000000000000044 ) ) ;
#233 = CARTESIAN_POINT ( 'NONE',  ( 1.704999999999998961, -0.07500000000000009437, 0.2999999999999999889 ) ) ;
#234 = MECHANICAL_DESIGN_GEOMETRIC_PRESENTATION_REPRESENTATION (  '', ( #6577 ), #3540 ) ;
#235 = CARTESIAN_POINT ( 'NONE',  ( -0.3241415857268352685, -0.4114263889927195494, 0.3000000000000001554 ) ) ;
#236 = EDGE_LOOP ( 'NONE', ( #1233, #2330, #3915, #7568 ) ) ;
#237 = CARTESIAN_POINT ( 'NONE',  ( -0.2819048265380628138, -0.4292050688942663506, 0.2999999999999999889 ) ) ;
#238 = DIRECTION ( 'NONE',  ( -0.000000000000000000, 0.000000000000000000, -1.000000000000000000 ) ) ;
#239 = CARTESIAN_POINT ( 'NONE',  ( 4.044999999999999041, 0.4000000000000000222, 1.300000000000000044 ) ) ;
#240 = EDGE_CURVE ( 'NONE', #3283, #982, #1803, .T. ) ;
#241 =( NAMED_UNIT ( * ) SI_UNIT ( $, .STERADIAN. ) SOLID_ANGLE_UNIT ( ) );
#242 = FACE_OUTER_BOUND ( 'NONE', #6385, .T. ) ;
#243 = FILL_AREA_STYLE ('',( #6355 ) ) ;
#244 = FILL_AREA_STYLE_COLOUR ( '', #7937 ) ;
#245 = VERTEX_POINT ( 'NONE', #8958 ) ;
#246 = SURFACE_STYLE_FILL_AREA ( #7051 ) ;
#247 = STYLED_ITEM ( 'NONE', ( #7722 ), #8046 ) ;
#248 = DIRECTION ( 'NONE',  ( -0.000000000000000000, -0.000000000000000000, 1.000000000000000000 ) ) ;
#249 = CARTESIAN_POINT ( 'NONE',  ( -3.575000000000001066, 0.4000000000000000222, 1.300000000000000044 ) ) ;
#250 = FACE_OUTER_BOUND ( 'NONE', #7746, .T. ) ;
#251 = SURFACE_STYLE_USAGE ( .BOTH. , #220 ) ;
#252 = FACE_OUTER_BOUND ( 'NONE', #8470, .T. ) ;
#253 = ORIENTED_EDGE ( 'NONE', *, *, #6070, .T. ) ;
#254 = DIRECTION ( 'NONE',  ( -1.000000000000000000, -0.000000000000000000, -0.000000000000000000 ) ) ;
#255 = SURFACE_STYLE_FILL_AREA ( #3780 ) ;
#256 = CARTESIAN_POINT ( 'NONE',  ( -0.3506268412192895534, -0.2553927701498148739, 0.3009999999999999343 ) ) ;
#257 = CARTESIAN_POINT ( 'NONE',  ( 6.464999999999998970, -0.8999999999999998002, 4.299999999999999822 ) ) ;
#258 = EDGE_CURVE ( 'NONE', #4996, #4866, #5627, .T. ) ;
#259 = LINE ( 'NONE', #9993, #5403 ) ;
#260 = STYLED_ITEM ( 'NONE', ( #5753 ), #8763 ) ;
#261 = DIRECTION ( 'NONE',  ( -1.000000000000000000, 0.000000000000000000, -0.000000000000000000 ) ) ;
#262 =( NAMED_UNIT ( * ) PLANE_ANGLE_UNIT ( ) SI_UNIT ( $, .RADIAN. ) );
#263 = SURFACE_SIDE_STYLE ('',( #6055 ) ) ;
#264 = MECHANICAL_DESIGN_GEOMETRIC_PRESENTATION_REPRESENTATION (  '', ( #5908 ), #6945 ) ;
#265 = CARTESIAN_POINT ( 'NONE',  ( 1.504999999999998561, 0.4000000000000000222, 1.300000000000000044 ) ) ;
#266 = ORIENTED_EDGE ( 'NONE', *, *, #3487, .T. ) ;
#267 = CARTESIAN_POINT ( 'NONE',  ( -0.3108500325488544602, -0.4186366866913621698, 0.3000000000000000444 ) ) ;
#268 = ADVANCED_FACE ( 'NONE', ( #9816 ), #9870, .F. ) ;
#269 = VECTOR ( 'NONE', #2918, 1000.000000000000000 ) ;
#270 =( NAMED_UNIT ( * ) PLANE_ANGLE_UNIT ( ) SI_UNIT ( $, .RADIAN. ) );
#271 = SURFACE_STYLE_USAGE ( .BOTH. , #3471 ) ;
#272 = COLOUR_RGB ( '',1.000000000000000000, 1.000000000000000000, 1.000000000000000000 ) ;
#273 = ORIENTED_EDGE ( 'NONE', *, *, #96, .T. ) ;
#274 = LINE ( 'NONE', #8264, #22 ) ;
#275 = PLANE ( 'NONE',  #140 ) ;
#276 =( NAMED_UNIT ( * ) SI_UNIT ( $, .STERADIAN. ) SOLID_ANGLE_UNIT ( ) );
#277 = LINE ( 'NONE', #10164, #9671 ) ;
#278 =( LENGTH_UNIT ( ) NAMED_UNIT ( * ) SI_UNIT ( .MILLI., .METRE. ) );
#279 = FILL_AREA_STYLE_COLOUR ( '', #5881 ) ;
#280 = ORIENTED_EDGE ( 'NONE', *, *, #7569, .T. ) ;
#281 = CARTESIAN_POINT ( 'NONE',  ( -0.07801288728688136886, -0.2664979150780665829, 0.3009999999999999898 ) ) ;
#282 = UNCERTAINTY_MEASURE_WITH_UNIT (LENGTH_MEASURE( 1.000000000000000082E-05 ), #9236, 'distance_accuracy_value', 'NONE');
#283 = CARTESIAN_POINT ( 'NONE',  ( 0.2208037209573177617, -0.1660006524170093423, 0.3009999999999999898 ) ) ;
#284 = CARTESIAN_POINT ( 'NONE',  ( -0.2350000000000008193, 0.4000000000000000222, 4.199999999999999289 ) ) ;
#285 = CARTESIAN_POINT ( 'NONE',  ( -0.5975822470429789091, -0.3177174272731885241, 0.3009999999999999898 ) ) ;
#286 = SURFACE_STYLE_FILL_AREA ( #5133 ) ;
#287 = MECHANICAL_DESIGN_GEOMETRIC_PRESENTATION_REPRESENTATION (  '', ( #6826 ), #827 ) ;
#288 = VERTEX_POINT ( 'NONE', #5221 ) ;
#289 = VECTOR ( 'NONE', #84, 1000.000000000000000 ) ;
#290 = EDGE_CURVE ( 'NONE', #8357, #9104, #4260, .T. ) ;
#291 = CARTESIAN_POINT ( 'NONE',  ( 0.2985468887969255358, -0.3468285712710282853, 0.2999999999999999334 ) ) ;
#292 = UNCERTAINTY_MEASURE_WITH_UNIT (LENGTH_MEASURE( 1.000000000000000082E-05 ), #9233, 'distance_accuracy_value', 'NONE');
#293 = STYLED_ITEM ( 'NONE', ( #6201 ), #6436 ) ;
#294 = ORIENTED_EDGE ( 'NONE', *, *, #3351, .F. ) ;
#295 = COLOUR_RGB ( '',0.5019607843137254832, 0.5019607843137254832, 0.5019607843137254832 ) ;
#296 =( NAMED_UNIT ( * ) SI_UNIT ( $, .STERADIAN. ) SOLID_ANGLE_UNIT ( ) );
#297 = ORIENTED_EDGE ( 'NONE', *, *, #5790, .T. ) ;
#298 = DIRECTION ( 'NONE',  ( -1.000000000000000000, 0.000000000000000000, -0.000000000000000000 ) ) ;
#299 = CARTESIAN_POINT ( 'NONE',  ( 1.704999999999998961, -0.07500000000000009437, -5.227200187265875542 ) ) ;
#300 =( NAMED_UNIT ( * ) SI_UNIT ( $, .STERADIAN. ) SOLID_ANGLE_UNIT ( ) );
#301 = DIRECTION ( 'NONE',  ( -0.5773502691896258421, 0.5773502691896255090, -0.5773502691896258421 ) ) ;
#302 = EDGE_CURVE ( 'NONE', #335, #245, #55, .T. ) ;
#303 = MECHANICAL_DESIGN_GEOMETRIC_PRESENTATION_REPRESENTATION (  '', ( #9695 ), #1585 ) ;
#304 = CARTESIAN_POINT ( 'NONE',  ( 4.945000000000000284, -0.5000000000000011102, 4.299999999999999822 ) ) ;
#305 = CARTESIAN_POINT ( 'NONE',  ( -4.845000000000001528, 0.4000000000000000222, 1.300000000000000044 ) ) ;
#306 = VERTEX_POINT ( 'NONE', #6714 ) ;
#307 = VECTOR ( 'NONE', #8883, 1000.000000000000000 ) ;
#308 = VERTEX_POINT ( 'NONE', #1296 ) ;
#309 = DIRECTION ( 'NONE',  ( -1.000000000000000000, -0.000000000000000000, -0.000000000000000000 ) ) ;
#310 =( LENGTH_UNIT ( ) NAMED_UNIT ( * ) SI_UNIT ( .MILLI., .METRE. ) );
#311 =( GEOMETRIC_REPRESENTATION_CONTEXT ( 3 ) GLOBAL_UNCERTAINTY_ASSIGNED_CONTEXT ( ( #8949 ) ) GLOBAL_UNIT_ASSIGNED_CONTEXT ( ( #6012, #8286, #8362 ) ) REPRESENTATION_CONTEXT ( 'NONE', 'WORKASPACE' ) );
#312 = ORIENTED_EDGE ( 'NONE', *, *, #8841, .F. ) ;
#313 = CARTESIAN_POINT ( 'NONE',  ( -0.1914275214332228636, -0.4018637687366031774, 0.3009999999999999898 ) ) ;
#314 =( NAMED_UNIT ( * ) PLANE_ANGLE_UNIT ( ) SI_UNIT ( $, .RADIAN. ) );
#315 = CARTESIAN_POINT ( 'NONE',  ( -0.3901124419615973893, -0.2494397315770706947, 0.3000000000000000444 ) ) ;
#316 =( LENGTH_UNIT ( ) NAMED_UNIT ( * ) SI_UNIT ( .MILLI., .METRE. ) );
#317 = EDGE_LOOP ( 'NONE', ( #5348, #7676, #2895, #606 ) ) ;
#318 = EDGE_CURVE ( 'NONE', #5986, #5095, #8439, .T. ) ;
#319 = CIRCLE ( 'NONE', #9819, 0.1999999999999996503 ) ;
#321 = VERTEX_POINT ( 'NONE', #7494 ) ;
#320 = COLOUR_RGB ( '',1.000000000000000000, 1.000000000000000000, 1.000000000000000000 ) ;
#322 = FILL_AREA_STYLE_COLOUR ( '', #3472 ) ;
#323 = CARTESIAN_POINT ( 'NONE',  ( 0.3080606343730871721, -0.2611534365470468688, 0.3000000000000000999 ) ) ;
#324 = ORIENTED_EDGE ( 'NONE', *, *, #4393, .T. ) ;
#325 = CARTESIAN_POINT ( 'NONE',  ( -2.975000000000000089, -0.07500000000000012212, -5.227200187265875542 ) ) ;
#326 = VECTOR ( 'NONE', #3010, 1000.000000000000000 ) ;
#327 = ADVANCED_FACE ( 'NONE', ( #2901 ), #510, .T. ) ;
#328 = EDGE_CURVE ( 'NONE', #204, #8067, #1553, .T. ) ;
#329 = ORIENTED_EDGE ( 'NONE', *, *, #1897, .T. ) ;
#330 = DIRECTION ( 'NONE',  ( 0.000000000000000000, 1.000000000000000000, 0.000000000000000000 ) ) ;
#331 = MECHANICAL_DESIGN_GEOMETRIC_PRESENTATION_REPRESENTATION (  '', ( #7387 ), #6029 ) ;
#332 =( GEOMETRIC_REPRESENTATION_CONTEXT ( 3 ) GLOBAL_UNCERTAINTY_ASSIGNED_CONTEXT ( ( #3716 ) ) GLOBAL_UNIT_ASSIGNED_CONTEXT ( ( #8827, #6690, #3502 ) ) REPRESENTATION_CONTEXT ( 'NONE', 'WORKASPACE' ) );
#333 = CARTESIAN_POINT ( 'NONE',  ( 0.3058820228629207660, -0.3252699600941914571, 0.2999999999999999334 ) ) ;
#334 = ORIENTED_EDGE ( 'NONE', *, *, #4946, .F. ) ;
#335 = VERTEX_POINT ( 'NONE', #5941 ) ;
#337 = AXIS2_PLACEMENT_3D ( 'NONE', #2196, #5398, #1463 ) ;
#336 = LINE ( 'NONE', #4692, #3526 ) ;
#338 = EDGE_LOOP ( 'NONE', ( #3197, #4968, #613, #2262 ) ) ;
#339 = ORIENTED_EDGE ( 'NONE', *, *, #10125, .T. ) ;
#340 =( LENGTH_UNIT ( ) NAMED_UNIT ( * ) SI_UNIT ( .MILLI., .METRE. ) );
#341 =( NAMED_UNIT ( * ) SI_UNIT ( $, .STERADIAN. ) SOLID_ANGLE_UNIT ( ) );
#342 =( NAMED_UNIT ( * ) SI_UNIT ( $, .STERADIAN. ) SOLID_ANGLE_UNIT ( ) );
#343 = FILL_AREA_STYLE ('',( #6613 ) ) ;
#344 = FILL_AREA_STYLE ('',( #5911 ) ) ;
#345 = ORIENTED_EDGE ( 'NONE', *, *, #7516, .F. ) ;
#346 = ORIENTED_EDGE ( 'NONE', *, *, #4024, .T. ) ;
#347 = VECTOR ( 'NONE', #5967, 1000.000000000000114 ) ;
#348 = CARTESIAN_POINT ( 'NONE',  ( -0.3585743969518460639, -0.3820882088897392115, 0.3009999999999999898 ) ) ;
#349 = PRESENTATION_STYLE_ASSIGNMENT (( #2834 ) ) ;
#350 = PRESENTATION_LAYER_ASSIGNMENT (  '', '', ( #5462 ) ) ;
#351 = ORIENTED_EDGE ( 'NONE', *, *, #3736, .T. ) ;
#352 = FILL_AREA_STYLE_COLOUR ( '', #9393 ) ;
#353 = FILL_AREA_STYLE_COLOUR ( '', #6456 ) ;
#354 = VERTEX_POINT ( 'NONE', #7453 ) ;
#355 = CARTESIAN_POINT ( 'NONE',  ( 4.945000000000000284, -0.4000000000000000222, 4.299999999999999822 ) ) ;
#356 = VECTOR ( 'NONE', #8013, 1000.000000000000000 ) ;
#357 =( LENGTH_UNIT ( ) NAMED_UNIT ( * ) SI_UNIT ( .MILLI., .METRE. ) );
#358 = LINE ( 'NONE', #3836, #5199 ) ;
#359 = MECHANICAL_DESIGN_GEOMETRIC_PRESENTATION_REPRESENTATION (  '', ( #493 ), #3715 ) ;
#360 = ORIENTED_EDGE ( 'NONE', *, *, #2085, .T. ) ;
#361 = PLANE ( 'NONE',  #8700 ) ;
#362 = UNCERTAINTY_MEASURE_WITH_UNIT (LENGTH_MEASURE( 1.000000000000000082E-05 ), #2973, 'distance_accuracy_value', 'NONE');
#363 = EDGE_CURVE ( 'NONE', #9965, #8352, #6461, .T. ) ;
#364 = CARTESIAN_POINT ( 'NONE',  ( 0.2922976319474791529, -0.2157380118901835453, 0.3000000000000000999 ) ) ;
#365 = SURFACE_SIDE_STYLE ('',( #7669 ) ) ;
#366 = ORIENTED_EDGE ( 'NONE', *, *, #10007, .F. ) ;
#367 = DIRECTION ( 'NONE',  ( -0.000000000000000000, -1.000000000000000000, 0.000000000000000000 ) ) ;
#368 = VECTOR ( 'NONE', #4978, 1000.000000000000000 ) ;
#369 = EDGE_CURVE ( 'NONE', #4166, #1651, #46, .T. ) ;
#370 = STYLED_ITEM ( 'NONE', ( #6957 ), #5581 ) ;
#371 = UNCERTAINTY_MEASURE_WITH_UNIT (LENGTH_MEASURE( 1.000000000000000082E-05 ), #3829, 'distance_accuracy_value', 'NONE');
#372 = STYLED_ITEM ( 'NONE', ( #5876 ), #218 ) ;
#373 =( LENGTH_UNIT ( ) NAMED_UNIT ( * ) SI_UNIT ( .MILLI., .METRE. ) );
#374 = FACE_OUTER_BOUND ( 'NONE', #612, .T. ) ;
#375 =( NAMED_UNIT ( * ) PLANE_ANGLE_UNIT ( ) SI_UNIT ( $, .RADIAN. ) );
#376 = COLOUR_RGB ( '',1.000000000000000000, 1.000000000000000000, 1.000000000000000000 ) ;
#377 =( GEOMETRIC_REPRESENTATION_CONTEXT ( 3 ) GLOBAL_UNCERTAINTY_ASSIGNED_CONTEXT ( ( #5063 ) ) GLOBAL_UNIT_ASSIGNED_CONTEXT ( ( #278, #8077, #4995 ) ) REPRESENTATION_CONTEXT ( 'NONE', 'WORKASPACE' ) );
#378 = PRESENTATION_LAYER_ASSIGNMENT (  '', '', ( #6577 ) ) ;
#379 = CARTESIAN_POINT ( 'NONE',  ( -0.4972583141161497355, -0.3177174272731885241, 0.2999999999999999889 ) ) ;
#380 = ADVANCED_FACE ( 'NONE', ( #5143 ), #5192, .F. ) ;
#381 = CARTESIAN_POINT ( 'NONE',  ( -2.405000000000002469, -0.5000000000000011102, 4.299999999999999822 ) ) ;
#382 = LINE ( 'NONE', #649, #2224 ) ;
#383 = DIRECTION ( 'NONE',  ( 1.000000000000000000, -1.355252715606883008E-16, 0.000000000000000000 ) ) ;
#384 = ORIENTED_EDGE ( 'NONE', *, *, #9919, .T. ) ;
#385 = CARTESIAN_POINT ( 'NONE',  ( -6.465000000000000746, -0.8999999999999998002, 4.299999999999999822 ) ) ;
#386 = PLANE ( 'NONE',  #542 ) ;
#387 = CARTESIAN_POINT ( 'NONE',  ( 0.4349999999999996092, 0.07499999999999990008, 0.2999999999999999889 ) ) ;
#388 = CARTESIAN_POINT ( 'NONE',  ( 0.1625355655278398759, -0.4008380902846204741, 0.3009999999999998788 ) ) ;
#389 = VECTOR ( 'NONE', #9462, 1000.000000000000000 ) ;
#390 = CARTESIAN_POINT ( 'NONE',  ( 1.034999999999999476, 0.4000000000000000222, 1.300000000000000044 ) ) ;
#391 = SURFACE_STYLE_USAGE ( .BOTH. , #5136 ) ;
#392 = LINE ( 'NONE', #4803, #9026 ) ;
#393 = CARTESIAN_POINT ( 'NONE',  ( -6.464999999999997193, 0.5000000000000000000, 0.2999999999999999889 ) ) ;
#394 = PRESENTATION_LAYER_ASSIGNMENT (  '', '', ( #8089 ) ) ;
#395 = MECHANICAL_DESIGN_GEOMETRIC_PRESENTATION_REPRESENTATION (  '', ( #929 ), #9045 ) ;
#396 = VECTOR ( 'NONE', #1933, 1000.000000000000000 ) ;
#397 = FILL_AREA_STYLE_COLOUR ( '', #7757 ) ;
#398 = ORIENTED_EDGE ( 'NONE', *, *, #6116, .T. ) ;
#399 = CARTESIAN_POINT ( 'NONE',  ( 0.1444199401432136876, -0.4277879044303056766, 0.3010000000000000453 ) ) ;
#400 = DIRECTION ( 'NONE',  ( 1.000000000000000000, -1.355252715606883008E-16, 0.000000000000000000 ) ) ;
#401 = SURFACE_STYLE_FILL_AREA ( #4677 ) ;
#402 = CARTESIAN_POINT ( 'NONE',  ( 0.2038659236887283288, -0.4055223053219689788, 0.2999999999999999889 ) ) ;
#403 = DIRECTION ( 'NONE',  ( 0.000000000000000000, -0.000000000000000000, -1.000000000000000000 ) ) ;
#404 = ORIENTED_EDGE ( 'NONE', *, *, #6208, .F. ) ;
#405 = STYLED_ITEM ( 'NONE', ( #9927 ), #9542 ) ;
#406 = CARTESIAN_POINT ( 'NONE',  ( 2.774999999999999023, 0.4000000000000000222, 1.300000000000000044 ) ) ;
#407 = CARTESIAN_POINT ( 'NONE',  ( -4.845000000000001528, 0.4000000000000000222, 4.199999999999999289 ) ) ;
#408 = SURFACE_STYLE_USAGE ( .BOTH. , #6754 ) ;
#409 = SURFACE_STYLE_FILL_AREA ( #4756 ) ;
#410 = DIRECTION ( 'NONE',  ( 0.000000000000000000, 0.000000000000000000, 1.000000000000000000 ) ) ;
#411 = DIRECTION ( 'NONE',  ( -0.5773502691896258421, 0.5773502691896255090, -0.5773502691896258421 ) ) ;
#412 = DIRECTION ( 'NONE',  ( -0.000000000000000000, -0.000000000000000000, -1.000000000000000000 ) ) ;
#413 = ORIENTED_EDGE ( 'NONE', *, *, #3595, .F. ) ;
#414 = FILL_AREA_STYLE_COLOUR ( '', #3418 ) ;
#415 = UNCERTAINTY_MEASURE_WITH_UNIT (LENGTH_MEASURE( 1.000000000000000082E-05 ), #6656, 'distance_accuracy_value', 'NONE');
#416 = VECTOR ( 'NONE', #7804, 1000.000000000000000 ) ;
#417 = CARTESIAN_POINT ( 'NONE',  ( 1.704999999999998961, -0.07500000000000009437, -5.227200187265875542 ) ) ;
#418 = LINE ( 'NONE', #3670, #1429 ) ;
#419 = CARTESIAN_POINT ( 'NONE',  ( -0.1914275214332228636, -0.4018637687366031774, 0.2999999999999999889 ) ) ;
#420 = CARTESIAN_POINT ( 'NONE',  ( -2.775000000000000355, 0.4000000000000000222, 4.199999999999999289 ) ) ;
#421 =( NAMED_UNIT ( * ) PLANE_ANGLE_UNIT ( ) SI_UNIT ( $, .RADIAN. ) );
#422 = VECTOR ( 'NONE', #6665, 1000.000000000000000 ) ;
#423 = EDGE_LOOP ( 'NONE', ( #8764, #5768, #844, #2411 ) ) ;
#424 =( NAMED_UNIT ( * ) PLANE_ANGLE_UNIT ( ) SI_UNIT ( $, .RADIAN. ) );
#425 = VECTOR ( 'NONE', #751, 1000.000000000000000 ) ;
#426 = VECTOR ( 'NONE', #3938, 1000.000000000000000 ) ;
#427 = COLOUR_RGB ( '',0.5019607843137254832, 0.5019607843137254832, 0.5019607843137254832 ) ;
#428 =( NAMED_UNIT ( * ) SI_UNIT ( $, .STERADIAN. ) SOLID_ANGLE_UNIT ( ) );
#429 = EDGE_CURVE ( 'NONE', #10060, #7844, #8308, .T. ) ;
#430 = ADVANCED_FACE ( 'NONE', ( #5264 ), #546, .F. ) ;
#431 = MECHANICAL_DESIGN_GEOMETRIC_PRESENTATION_REPRESENTATION (  '', ( #10169 ), #4336 ) ;
#432 = CARTESIAN_POINT ( 'NONE',  ( 0.4349999999999996092, -0.07500000000000009437, 0.2999999999999999889 ) ) ;
#433 = EDGE_CURVE ( 'NONE', #7179, #9121, #4752, .T. ) ;
#434 = ORIENTED_EDGE ( 'NONE', *, *, #5724, .F. ) ;
#435 = DIRECTION ( 'NONE',  ( -0.000000000000000000, 1.000000000000000000, 0.000000000000000000 ) ) ;
#436 = EDGE_LOOP ( 'NONE', ( #6431, #4066, #10092, #3928 ) ) ;
#437 = AXIS2_PLACEMENT_3D ( 'NONE', #3647, #2876, #5234 ) ;
#438 = CARTESIAN_POINT ( 'NONE',  ( -0.3866524343737838265, -0.3293597401969844962, 0.3009999999999999898 ) ) ;
#439 = DIRECTION ( 'NONE',  ( -0.000000000000000000, 0.000000000000000000, 1.000000000000000000 ) ) ;
#440 = ORIENTED_EDGE ( 'NONE', *, *, #8563, .F. ) ;
#441 = SURFACE_STYLE_FILL_AREA ( #4021 ) ;
#442 = DIRECTION ( 'NONE',  ( -1.000000000000000000, 0.000000000000000000, -0.000000000000000000 ) ) ;
#443 = PLANE ( 'NONE',  #6253 ) ;
#444 = EDGE_LOOP ( 'NONE', ( #3301, #8316, #9597, #7648 ) ) ;
#445 = EDGE_CURVE ( 'NONE', #1708, #8162, #2650, .T. ) ;
#446 = CARTESIAN_POINT ( 'NONE',  ( 0.1268651614936064098, -0.3863149882487982301, 0.3009999999999999898 ) ) ;
#447 = ORIENTED_EDGE ( 'NONE', *, *, #8985, .F. ) ;
#448 = ORIENTED_EDGE ( 'NONE', *, *, #8563, .T. ) ;
#449 = CARTESIAN_POINT ( 'NONE',  ( 0.3500358932009234314, -0.2904498967853836322, 0.3009999999999999898 ) ) ;
#450 = FILL_AREA_STYLE_COLOUR ( '', #9891 ) ;
#451 = ORIENTED_EDGE ( 'NONE', *, *, #1059, .T. ) ;
#452 = STYLED_ITEM ( 'NONE', ( #1760 ), #4110 ) ;
#453 = STYLED_ITEM ( 'NONE', ( #101 ), #7751 ) ;
#454 = CARTESIAN_POINT ( 'NONE',  ( 1.504999999999998561, 0.4000000000000000222, 1.300000000000000044 ) ) ;
#455 = PRESENTATION_STYLE_ASSIGNMENT (( #7656 ) ) ;
#457 = ADVANCED_FACE ( 'NONE', ( #8429 ), #6100, .F. ) ;
#456 = FILL_AREA_STYLE_COLOUR ( '', #272 ) ;
#459 = ORIENTED_EDGE ( 'NONE', *, *, #7347, .T. ) ;
#458 = SURFACE_SIDE_STYLE ('',( #6907 ) ) ;
#460 = CARTESIAN_POINT ( 'NONE',  ( 1.704999999999998961, 0.07499999999999990008, -5.227200187265875542 ) ) ;
#461 = VERTEX_POINT ( 'NONE', #2225 ) ;
#462 =( NAMED_UNIT ( * ) SI_UNIT ( $, .STERADIAN. ) SOLID_ANGLE_UNIT ( ) );
#463 = ORIENTED_EDGE ( 'NONE', *, *, #6865, .F. ) ;
#464 = CARTESIAN_POINT ( 'NONE',  ( 0.4349999999999996092, -0.07500000000000009437, 0.2999999999999999889 ) ) ;
#465 = EDGE_CURVE ( 'NONE', #6199, #1442, #7073, .T. ) ;
#466 = FILL_AREA_STYLE ('',( #5964 ) ) ;
#467 = EDGE_LOOP ( 'NONE', ( #2020, #8795, #329, #8614 ) ) ;
#468 =( GEOMETRIC_REPRESENTATION_CONTEXT ( 3 ) GLOBAL_UNCERTAINTY_ASSIGNED_CONTEXT ( ( #8116 ) ) GLOBAL_UNIT_ASSIGNED_CONTEXT ( ( #4423, #8180, #1974 ) ) REPRESENTATION_CONTEXT ( 'NONE', 'WORKASPACE' ) );
#469 =( LENGTH_UNIT ( ) NAMED_UNIT ( * ) SI_UNIT ( .MILLI., .METRE. ) );
#470 = PRESENTATION_LAYER_ASSIGNMENT (  '', '', ( #9663 ) ) ;
#471 = VERTEX_POINT ( 'NONE', #9332 ) ;
#472 = PRESENTATION_STYLE_ASSIGNMENT (( #3872 ) ) ;
#473 = DIRECTION ( 'NONE',  ( -1.000000000000000000, 0.000000000000000000, -0.000000000000000000 ) ) ;
#474 = ORIENTED_EDGE ( 'NONE', *, *, #6830, .F. ) ;
#475 = DIRECTION ( 'NONE',  ( 0.7071067811865475727, -0.000000000000000000, 0.7071067811865475727 ) ) ;
#476 = DIRECTION ( 'NONE',  ( -1.000000000000000000, 0.000000000000000000, -0.000000000000000000 ) ) ;
#477 =( LENGTH_UNIT ( ) NAMED_UNIT ( * ) SI_UNIT ( .MILLI., .METRE. ) );
#478 = CARTESIAN_POINT ( 'NONE',  ( -6.464999999999997193, 0.5000000000000000000, 0.2999999999999999889 ) ) ;
#479 = DIRECTION ( 'NONE',  ( 0.000000000000000000, 0.000000000000000000, -1.000000000000000000 ) ) ;
#480 = FILL_AREA_STYLE ('',( #4316 ) ) ;
#481 = ADVANCED_FACE ( 'NONE', ( #4879 ), #1307, .T. ) ;
#482 = VECTOR ( 'NONE', #4490, 1000.000000000000000 ) ;
#483 = ORIENTED_EDGE ( 'NONE', *, *, #8786, .T. ) ;
#484 = UNCERTAINTY_MEASURE_WITH_UNIT (LENGTH_MEASURE( 1.000000000000000082E-05 ), #8940, 'distance_accuracy_value', 'NONE');
#485 =( NAMED_UNIT ( * ) PLANE_ANGLE_UNIT ( ) SI_UNIT ( $, .RADIAN. ) );
#486 = VECTOR ( 'NONE', #2725, 1000.000000000000000 ) ;
#487 = FILL_AREA_STYLE ('',( #4461 ) ) ;
#488 = MECHANICAL_DESIGN_GEOMETRIC_PRESENTATION_REPRESENTATION (  '', ( #9397 ), #6305 ) ;
#489 = SURFACE_SIDE_STYLE ('',( #6325 ) ) ;
#490 = PLANE ( 'NONE',  #928 ) ;
#491 = PLANE ( 'NONE',  #5181 ) ;
#492 = VERTEX_POINT ( 'NONE', #10119 ) ;
#493 = STYLED_ITEM ( 'NONE', ( #516 ), #6428 ) ;
#494 = CARTESIAN_POINT ( 'NONE',  ( 6.464999999999998970, 0.9000000000000002442, 4.299999999999999822 ) ) ;
#495 = CYLINDRICAL_SURFACE ( 'NONE', #5657, 0.2000000000000000944 ) ;
#496 = EDGE_CURVE ( 'NONE', #6370, #8976, #1185, .T. ) ;
#497 = VECTOR ( 'NONE', #9506, 1000.000000000000000 ) ;
#498 = DIRECTION ( 'NONE',  ( 1.000000000000000000, 0.000000000000000000, 0.000000000000000000 ) ) ;
#499 = FACE_OUTER_BOUND ( 'NONE', #5456, .T. ) ;
#500 = LINE ( 'NONE', #7559, #9150 ) ;
#501 = CARTESIAN_POINT ( 'NONE',  ( 0.2094108932009234869, -0.4384491345902616910, 0.3009999999999999898 ) ) ;
#502 = UNCERTAINTY_MEASURE_WITH_UNIT (LENGTH_MEASURE( 1.000000000000000082E-05 ), #4810, 'distance_accuracy_value', 'NONE');
#503 = DIRECTION ( 'NONE',  ( 0.000000000000000000, 0.000000000000000000, -1.000000000000000000 ) ) ;
#504 = EDGE_CURVE ( 'NONE', #2190, #7591, #418, .T. ) ;
#505 = STYLED_ITEM ( 'NONE', ( #2248 ), #5976 ) ;
#506 = ADVANCED_FACE ( 'NONE', ( #10074 ), #647, .T. ) ;
#507 = COLOUR_RGB ( '',0.5019607843137254832, 0.5019607843137254832, 0.5019607843137254832 ) ;
#508 = DIRECTION ( 'NONE',  ( 1.000000000000000000, 0.000000000000000000, 0.000000000000000000 ) ) ;
#509 = VECTOR ( 'NONE', #4379, 1000.000000000000000 ) ;
#510 = PLANE ( 'NONE',  #3788 ) ;
#511 = ORIENTED_EDGE ( 'NONE', *, *, #5340, .F. ) ;
#512 = CARTESIAN_POINT ( 'NONE',  ( 6.464999999999998970, -0.5000000000000000000, 0.2999999999999999889 ) ) ;
#513 =( LENGTH_UNIT ( ) NAMED_UNIT ( * ) SI_UNIT ( .MILLI., .METRE. ) );
#514 = CARTESIAN_POINT ( 'NONE',  ( -0.3119694418486022580, -0.1895314762674392972, 0.2999999999999999889 ) ) ;
#515 = CARTESIAN_POINT ( 'NONE',  ( -2.674999999999999378, -0.4000000000000000222, 4.299999999999999822 ) ) ;
#516 = PRESENTATION_STYLE_ASSIGNMENT (( #9331 ) ) ;
#517 =( GEOMETRIC_REPRESENTATION_CONTEXT ( 3 ) GLOBAL_UNCERTAINTY_ASSIGNED_CONTEXT ( ( #1398 ) ) GLOBAL_UNIT_ASSIGNED_CONTEXT ( ( #763, #5444, #6250 ) ) REPRESENTATION_CONTEXT ( 'NONE', 'WORKASPACE' ) );
#518 = STYLED_ITEM ( 'NONE', ( #8105 ), #7395 ) ;
#519 = VERTEX_POINT ( 'NONE', #5292 ) ;
#520 = CARTESIAN_POINT ( 'NONE',  ( -2.775000000000000355, -0.4000000000000000222, 1.300000000000000044 ) ) ;
#521 = VECTOR ( 'NONE', #9637, 1000.000000000000000 ) ;
#522 = CARTESIAN_POINT ( 'NONE',  ( 4.445000000000000284, -0.07500000000000012212, -2.199999999999999734 ) ) ;
#523 = DIRECTION ( 'NONE',  ( 0.000000000000000000, -0.7071067811865477948, 0.7071067811865473507 ) ) ;
#524 = SURFACE_STYLE_FILL_AREA ( #5380 ) ;
#525 = CARTESIAN_POINT ( 'NONE',  ( 1.504999999999998561, 0.4000000000000000222, 1.300000000000000044 ) ) ;
#526 = EDGE_CURVE ( 'NONE', #7959, #8192, #6246, .T. ) ;
#527 = CARTESIAN_POINT ( 'NONE',  ( -0.3520984245177762872, -0.2954566141292548909, 0.2999999999999999889 ) ) ;
#528 = LINE ( 'NONE', #4410, #5838 ) ;
#529 = DIRECTION ( 'NONE',  ( 1.000000000000000000, -1.355252715606880543E-16, 0.000000000000000000 ) ) ;
#530 = VERTEX_POINT ( 'NONE', #3902 ) ;
#531 = SURFACE_SIDE_STYLE ('',( #4767 ) ) ;
#532 = EDGE_CURVE ( 'NONE', #962, #3283, #4619, .T. ) ;
#533 = SURFACE_STYLE_FILL_AREA ( #7479 ) ;
#534 = LINE ( 'NONE', #3069, #6562 ) ;
#535 = CARTESIAN_POINT ( 'NONE',  ( -3.174999999999999822, 0.07499999999999985845, -2.199999999999999734 ) ) ;
#536 =( GEOMETRIC_REPRESENTATION_CONTEXT ( 3 ) GLOBAL_UNCERTAINTY_ASSIGNED_CONTEXT ( ( #9660 ) ) GLOBAL_UNIT_ASSIGNED_CONTEXT ( ( #131, #939, #3224 ) ) REPRESENTATION_CONTEXT ( 'NONE', 'WORKASPACE' ) );
#537 = PRESENTATION_LAYER_ASSIGNMENT (  '', '', ( #2647 ) ) ;
#538 = AXIS2_PLACEMENT_3D ( 'NONE', #7121, #2393, #9580 ) ;
#539 = CARTESIAN_POINT ( 'NONE',  ( 1.034999999999999476, -0.4000000000000000222, 4.199999999999999289 ) ) ;
#540 = ORIENTED_EDGE ( 'NONE', *, *, #5353, .T. ) ;
#541 = FILL_AREA_STYLE ('',( #5284 ) ) ;
#542 = AXIS2_PLACEMENT_3D ( 'NONE', #417, #9807, #8183 ) ;
#543 = DIRECTION ( 'NONE',  ( -0.000000000000000000, -0.000000000000000000, 1.000000000000000000 ) ) ;
#544 = ORIENTED_EDGE ( 'NONE', *, *, #8888, .T. ) ;
#545 = UNCERTAINTY_MEASURE_WITH_UNIT (LENGTH_MEASURE( 1.000000000000000082E-05 ), #768, 'distance_accuracy_value', 'NONE');
#546 = PLANE ( 'NONE',  #4658 ) ;
#547 = STYLED_ITEM ( 'NONE', ( #1577 ), #2608 ) ;
#548 =( NAMED_UNIT ( * ) PLANE_ANGLE_UNIT ( ) SI_UNIT ( $, .RADIAN. ) );
#549 = LINE ( 'NONE', #9648, #4613 ) ;
#550 = DIRECTION ( 'NONE',  ( 0.000000000000000000, -1.000000000000000000, 0.000000000000000000 ) ) ;
#551 = FILL_AREA_STYLE_COLOUR ( '', #8623 ) ;
#552 =( NAMED_UNIT ( * ) PLANE_ANGLE_UNIT ( ) SI_UNIT ( $, .RADIAN. ) );
#553 = SURFACE_STYLE_FILL_AREA ( #3441 ) ;
#554 = ORIENTED_EDGE ( 'NONE', *, *, #4731, .T. ) ;
#555 = FILL_AREA_STYLE ('',( #6016 ) ) ;
#556 = VECTOR ( 'NONE', #7396, 1000.000000000000000 ) ;
#557 = SURFACE_SIDE_STYLE ('',( #4736 ) ) ;
#558 = EDGE_CURVE ( 'NONE', #982, #5904, #7189, .T. ) ;
#560 = ADVANCED_FACE ( 'NONE', ( #2518 ), #9347, .T. ) ;
#559 = CARTESIAN_POINT ( 'NONE',  ( 6.115000000000000213, 0.4000000000000000222, 4.199999999999999289 ) ) ;
#561 = CARTESIAN_POINT ( 'NONE',  ( -3.575000000000001066, 0.4000000000000000222, 1.300000000000000044 ) ) ;
#562 = CARTESIAN_POINT ( 'NONE',  ( -0.07801288728688136886, -0.2994247443463592395, 0.3009999999999999898 ) ) ;
#563 = CARTESIAN_POINT ( 'NONE',  ( 4.644999999999999574, 0.07499999999999984457, -5.227200187265875542 ) ) ;
#564 = ORIENTED_EDGE ( 'NONE', *, *, #5677, .T. ) ;
#565 = VECTOR ( 'NONE', #5044, 1000.000000000000000 ) ;
#566 = VERTEX_POINT ( 'NONE', #3130 ) ;
#567 = SURFACE_SIDE_STYLE ('',( #401 ) ) ;
#568 = CARTESIAN_POINT ( 'NONE',  ( 0.1439563414391988594, -0.3948170710974103215, 0.3010000000000000453 ) ) ;
#569 = EDGE_CURVE ( 'NONE', #1613, #3101, #9677, .T. ) ;
#570 = MECHANICAL_DESIGN_GEOMETRIC_PRESENTATION_REPRESENTATION (  '', ( #9757 ), #7620 ) ;
#571 = SURFACE_STYLE_FILL_AREA ( #1703 ) ;
#572 = EDGE_CURVE ( 'NONE', #9682, #308, #4742, .T. ) ;
#573 =( NAMED_UNIT ( * ) PLANE_ANGLE_UNIT ( ) SI_UNIT ( $, .RADIAN. ) );
#574 = ORIENTED_EDGE ( 'NONE', *, *, #3891, .T. ) ;
#576 = VERTEX_POINT ( 'NONE', #2305 ) ;
#575 = SURFACE_STYLE_FILL_AREA ( #5031 ) ;
#577 = AXIS2_PLACEMENT_3D ( 'NONE', #393, #5958, #1983 ) ;
#578 = VERTEX_POINT ( 'NONE', #9309 ) ;
#579 = SURFACE_STYLE_FILL_AREA ( #1676 ) ;
#580 = ORIENTED_EDGE ( 'NONE', *, *, #9346, .T. ) ;
#581 = CARTESIAN_POINT ( 'NONE',  ( 5.915000000000000036, -0.07500000000000012212, 0.2999999999999999889 ) ) ;
#582 = SURFACE_STYLE_USAGE ( .BOTH. , #2123 ) ;
#583 = CARTESIAN_POINT ( 'NONE',  ( -0.3523047970145969932, -0.2772789361221725257, 0.3009999999999999898 ) ) ;
#584 =( LENGTH_UNIT ( ) NAMED_UNIT ( * ) SI_UNIT ( .MILLI., .METRE. ) );
#585 = EDGE_CURVE ( 'NONE', #5839, #10233, #2251, .T. ) ;
#586 = LINE ( 'NONE', #9171, #2801 ) ;
#587 = CARTESIAN_POINT ( 'NONE',  ( -3.575000000000001066, 0.4000000000000000222, 1.300000000000000044 ) ) ;
#588 = ADVANCED_FACE ( 'NONE', ( #2999 ), #7031, .T. ) ;
#589 = ORIENTED_EDGE ( 'NONE', *, *, #5604, .F. ) ;
#590 = VECTOR ( 'NONE', #6920, 1000.000000000000000 ) ;
#591 = ORIENTED_EDGE ( 'NONE', *, *, #3487, .F. ) ;
#592 = AXIS2_PLACEMENT_3D ( 'NONE', #4139, #8859, #3191 ) ;
#594 = COLOUR_RGB ( '',0.5019607843137254832, 0.5019607843137254832, 0.5019607843137254832 ) ;
#593 = CARTESIAN_POINT ( 'NONE',  ( 1.034999999999999476, -0.4000000000000000222, 1.300000000000000044 ) ) ;
#595 = ORIENTED_EDGE ( 'NONE', *, *, #4559, .T. ) ;
#596 = STYLED_ITEM ( 'NONE', ( #7285 ), #964 ) ;
#597 = SURFACE_SIDE_STYLE ('',( #7297 ) ) ;
#598 =( NAMED_UNIT ( * ) PLANE_ANGLE_UNIT ( ) SI_UNIT ( $, .RADIAN. ) );
#599 = CARTESIAN_POINT ( 'NONE',  ( 6.464999999999998970, 0.9000000000000002442, 4.299999999999999822 ) ) ;
#600 = LINE ( 'NONE', #6541, #7962 ) ;
#601 = ORIENTED_EDGE ( 'NONE', *, *, #5818, .F. ) ;
#602 = CARTESIAN_POINT ( 'NONE',  ( 2.304999999999998828, 0.5000000000000011102, 4.299999999999999822 ) ) ;
#603 = PRESENTATION_STYLE_ASSIGNMENT (( #271 ) ) ;
#604 = DIRECTION ( 'NONE',  ( -0.000000000000000000, -0.000000000000000000, -1.000000000000000000 ) ) ;
#605 = FILL_AREA_STYLE_COLOUR ( '', #645 ) ;
#606 = ORIENTED_EDGE ( 'NONE', *, *, #6493, .F. ) ;
#607 = LINE ( 'NONE', #1694, #7491 ) ;
#608 =( GEOMETRIC_REPRESENTATION_CONTEXT ( 3 ) GLOBAL_UNCERTAINTY_ASSIGNED_CONTEXT ( ( #3267 ) ) GLOBAL_UNIT_ASSIGNED_CONTEXT ( ( #8489, #6388, #2458 ) ) REPRESENTATION_CONTEXT ( 'NONE', 'WORKASPACE' ) );
#609 = ORIENTED_EDGE ( 'NONE', *, *, #6726, .T. ) ;
#610 = PLANE ( 'NONE',  #6925 ) ;
#611 =( GEOMETRIC_REPRESENTATION_CONTEXT ( 3 ) GLOBAL_UNCERTAINTY_ASSIGNED_CONTEXT ( ( #415 ) ) GLOBAL_UNIT_ASSIGNED_CONTEXT ( ( #6656, #8181, #9001 ) ) REPRESENTATION_CONTEXT ( 'NONE', 'WORKASPACE' ) );
#612 = EDGE_LOOP ( 'NONE', ( #1934, #1637, #10118, #474 ) ) ;
#613 = ORIENTED_EDGE ( 'NONE', *, *, #8786, .F. ) ;
#614 = SURFACE_STYLE_USAGE ( .BOTH. , #5361 ) ;
#615 = CARTESIAN_POINT ( 'NONE',  ( -0.5464702271792907240, -0.1735122315450206287, 0.2999999999999999889 ) ) ;
#616 = CIRCLE ( 'NONE', #1400, 0.1999999999999999833 ) ;
#617 = DIRECTION ( 'NONE',  ( -0.000000000000000000, -0.000000000000000000, -1.000000000000000000 ) ) ;
#618 = CARTESIAN_POINT ( 'NONE',  ( 2.774999999999999023, -0.4000000000000000222, 1.300000000000000044 ) ) ;
#619 = DIRECTION ( 'NONE',  ( 1.000000000000000000, 0.000000000000000000, 0.000000000000000000 ) ) ;
#620 = CARTESIAN_POINT ( 'NONE',  ( -4.445000000000001172, -0.07500000000000010825, -2.199999999999999734 ) ) ;
#621 = UNCERTAINTY_MEASURE_WITH_UNIT (LENGTH_MEASURE( 1.000000000000000082E-05 ), #6467, 'distance_accuracy_value', 'NONE');
#622 = LINE ( 'NONE', #6401, #6063 ) ;
#623 = PRESENTATION_LAYER_ASSIGNMENT (  '', '', ( #1505 ) ) ;
#624 = LINE ( 'NONE', #2865, #9388 ) ;
#625 = EDGE_LOOP ( 'NONE', ( #1282, #2717, #6146, #8832 ) ) ;
#626 = CARTESIAN_POINT ( 'NONE',  ( 0.2841159521668571997, -0.1555675712501025931, 0.3000000000000000444 ) ) ;
#627 = CARTESIAN_POINT ( 'NONE',  ( 2.674999999999997602, 0.5000000000000011102, 4.299999999999999822 ) ) ;
#628 =( LENGTH_UNIT ( ) NAMED_UNIT ( * ) SI_UNIT ( .MILLI., .METRE. ) );
#629 = DIRECTION ( 'NONE',  ( 0.3222024856061132536, -0.9466707760722532505, 0.000000000000000000 ) ) ;
#630 = VECTOR ( 'NONE', #3260, 1000.000000000000000 ) ;
#631 = LINE ( 'NONE', #6235, #7988 ) ;
#632 = STYLED_ITEM ( 'NONE', ( #10220 ), #5240 ) ;
#633 =( NAMED_UNIT ( * ) PLANE_ANGLE_UNIT ( ) SI_UNIT ( $, .RADIAN. ) );
#634 = ORIENTED_EDGE ( 'NONE', *, *, #4967, .T. ) ;
#635 = EDGE_CURVE ( 'NONE', #5524, #8703, #36, .T. ) ;
#636 = CARTESIAN_POINT ( 'NONE',  ( 10.16000000000000014, 0.000000000000000000, 1.300000000000000044 ) ) ;
#637 = CARTESIAN_POINT ( 'NONE',  ( 0.06832857612775269929, -0.1347905980048958452, 0.2999999999999999889 ) ) ;
#638 = ADVANCED_FACE ( 'NONE', ( #2134 ), #3002, .F. ) ;
#639 =( GEOMETRIC_REPRESENTATION_CONTEXT ( 3 ) GLOBAL_UNCERTAINTY_ASSIGNED_CONTEXT ( ( #3391 ) ) GLOBAL_UNIT_ASSIGNED_CONTEXT ( ( #2998, #3794, #6214 ) ) REPRESENTATION_CONTEXT ( 'NONE', 'WORKASPACE' ) );
#640 = LINE ( 'NONE', #8092, #6922 ) ;
#641 = CARTESIAN_POINT ( 'NONE',  ( -0.8350000000000006306, 0.07499999999999990008, -2.199999999999999734 ) ) ;
#642 = MECHANICAL_DESIGN_GEOMETRIC_PRESENTATION_REPRESENTATION (  '', ( #6838 ), #846 ) ;
#643 = ORIENTED_EDGE ( 'NONE', *, *, #154, .F. ) ;
#644 = CARTESIAN_POINT ( 'NONE',  ( -5.915000000000000924, -0.07500000000000009437, -5.227200187265875542 ) ) ;
#645 = COLOUR_RGB ( '',1.000000000000000000, 1.000000000000000000, 1.000000000000000000 ) ;
#646 = CARTESIAN_POINT ( 'NONE',  ( -0.5468200519210277832, -0.1713759638585543588, 0.2999999999999999889 ) ) ;
#647 = PLANE ( 'NONE',  #10158 ) ;
#648 = CARTESIAN_POINT ( 'NONE',  ( 0.1268651614936064098, -0.1430223053219690232, 0.2999999999999999889 ) ) ;
#649 = CARTESIAN_POINT ( 'NONE',  ( 6.115000000000000213, 0.5000000000000011102, 4.299999999999999822 ) ) ;
#650 = DIRECTION ( 'NONE',  ( 1.000000000000000000, -0.000000000000000000, 0.000000000000000000 ) ) ;
#651 = STYLED_ITEM ( 'NONE', ( #3738 ), #3319 ) ;
#652 = AXIS2_PLACEMENT_3D ( 'NONE', #9107, #5125, #9988 ) ;
#653 = CARTESIAN_POINT ( 'NONE',  ( -0.2350000000000008193, 0.4000000000000000222, 4.199999999999999289 ) ) ;
#654 = ORIENTED_EDGE ( 'NONE', *, *, #6506, .T. ) ;
#655 = CIRCLE ( 'NONE', #437, 0.1999999999999999833 ) ;
#656 = CARTESIAN_POINT ( 'NONE',  ( 0.3071166857366123271, -0.1747657500427520216, 0.2999999999999998779 ) ) ;
#657 = LINE ( 'NONE', #8801, #6215 ) ;
#659 = VERTEX_POINT ( 'NONE', #284 ) ;
#658 = CARTESIAN_POINT ( 'NONE',  ( -6.115000000000001101, 0.4000000000000000222, 1.300000000000000044 ) ) ;
#660 = SURFACE_STYLE_USAGE ( .BOTH. , #5476 ) ;
#661 = CARTESIAN_POINT ( 'NONE',  ( 0.3756456492984844298, -0.4347905980048958341, 0.2999999999999999889 ) ) ;
#662 = DIRECTION ( 'NONE',  ( 1.000000000000000000, -0.000000000000000000, 0.000000000000000000 ) ) ;
#663 = EDGE_CURVE ( 'NONE', #1526, #5897, #2760, .T. ) ;
#664 = COLOUR_RGB ( '',1.000000000000000000, 1.000000000000000000, 1.000000000000000000 ) ;
#665 = ORIENTED_EDGE ( 'NONE', *, *, #5937, .F. ) ;
#666 = CARTESIAN_POINT ( 'NONE',  ( 0.1353510407978348318, -0.4239256773966477154, 0.3009999999999998233 ) ) ;
#667 = AXIS2_PLACEMENT_3D ( 'NONE', #3149, #8575, #8710 ) ;
#668 = PLANE ( 'NONE',  #7321 ) ;
#669 = PRESENTATION_LAYER_ASSIGNMENT (  '', '', ( #9316 ) ) ;
#670 =( LENGTH_UNIT ( ) NAMED_UNIT ( * ) SI_UNIT ( .MILLI., .METRE. ) );
#671 =( NAMED_UNIT ( * ) SI_UNIT ( $, .STERADIAN. ) SOLID_ANGLE_UNIT ( ) );
#672 = LINE ( 'NONE', #1169, #422 ) ;
#673 = CARTESIAN_POINT ( 'NONE',  ( -0.07801288728688136886, -0.2664979150780665829, 0.2999999999999999889 ) ) ;
#674 = EDGE_LOOP ( 'NONE', ( #3906, #2652, #7253, #404 ) ) ;
#675 =( NAMED_UNIT ( * ) SI_UNIT ( $, .STERADIAN. ) SOLID_ANGLE_UNIT ( ) );
#676 = UNCERTAINTY_MEASURE_WITH_UNIT (LENGTH_MEASURE( 1.000000000000000082E-05 ), #5408, 'distance_accuracy_value', 'NONE');
#677 = FACE_OUTER_BOUND ( 'NONE', #1047, .T. ) ;
#678 = DIRECTION ( 'NONE',  ( 0.000000000000000000, 0.000000000000000000, -1.000000000000000000 ) ) ;
#679 = CARTESIAN_POINT ( 'NONE',  ( 0.1341217517586880403, -0.1400766953463642162, 0.3010000000000000453 ) ) ;
#680 = CARTESIAN_POINT ( 'NONE',  ( 0.3756456492984844298, -0.4347905980048958341, 0.3009999999999999898 ) ) ;
#681 = FILL_AREA_STYLE_COLOUR ( '', #3516 ) ;
#682 = ORIENTED_EDGE ( 'NONE', *, *, #161, .T. ) ;
#683 = LINE ( 'NONE', #449, #5270 ) ;
#684 = SURFACE_SIDE_STYLE ('',( #8884 ) ) ;
#685 = COLOUR_RGB ( '',1.000000000000000000, 1.000000000000000000, 1.000000000000000000 ) ;
#686 = AXIS2_PLACEMENT_3D ( 'NONE', #8543, #2253, #3923 ) ;
#687 = UNCERTAINTY_MEASURE_WITH_UNIT (LENGTH_MEASURE( 1.000000000000000082E-05 ), #310, 'distance_accuracy_value', 'NONE');
#688 = FILL_AREA_STYLE_COLOUR ( '', #1295 ) ;
#689 = ORIENTED_EDGE ( 'NONE', *, *, #3971, .T. ) ;
#690 = LINE ( 'NONE', #5750, #8951 ) ;
#691 = SURFACE_STYLE_USAGE ( .BOTH. , #557 ) ;
#692 = EDGE_CURVE ( 'NONE', #308, #5412, #1173, .T. ) ;
#694 = EDGE_LOOP ( 'NONE', ( #7903, #4409, #2926, #3776 ) ) ;
#693 = LINE ( 'NONE', #5713, #4025 ) ;
#695 = CARTESIAN_POINT ( 'NONE',  ( -3.575000000000001066, 0.4000000000000000222, 1.300000000000000044 ) ) ;
#696 = DIRECTION ( 'NONE',  ( -1.000000000000000000, 0.000000000000000000, 0.000000000000000000 ) ) ;
#697 = DIRECTION ( 'NONE',  ( -0.000000000000000000, -0.000000000000000000, -1.000000000000000000 ) ) ;
#698 = VECTOR ( 'NONE', #8025, 1000.000000000000000 ) ;
#699 = EDGE_LOOP ( 'NONE', ( #2678, #5104, #4874, #1620 ) ) ;
#700 = CARTESIAN_POINT ( 'NONE',  ( 0.5293041858838503089, -0.4347905980048958341, 0.3009999999999999898 ) ) ;
#701 = VECTOR ( 'NONE', #2555, 1000.000000000000000 ) ;
#702 = CYLINDRICAL_SURFACE ( 'NONE', #3961, 0.2000000000000000944 ) ;
#703 = PLANE ( 'NONE',  #7969 ) ;
#704 = EDGE_CURVE ( 'NONE', #6137, #6263, #6096, .T. ) ;
#705 = PRESENTATION_LAYER_ASSIGNMENT (  '', '', ( #9757 ) ) ;
#706 = ORIENTED_EDGE ( 'NONE', *, *, #2295, .F. ) ;
#707 = ORIENTED_EDGE ( 'NONE', *, *, #9683, .T. ) ;
#708 = CARTESIAN_POINT ( 'NONE',  ( 2.304999999999998828, -0.4000000000000000222, 1.300000000000000044 ) ) ;
#709 = FACE_OUTER_BOUND ( 'NONE', #8053, .T. ) ;
#710 = ORIENTED_EDGE ( 'NONE', *, *, #7895, .F. ) ;
#711 = ORIENTED_EDGE ( 'NONE', *, *, #2440, .F. ) ;
#712 =( GEOMETRIC_REPRESENTATION_CONTEXT ( 3 ) GLOBAL_UNCERTAINTY_ASSIGNED_CONTEXT ( ( #6869 ) ) GLOBAL_UNIT_ASSIGNED_CONTEXT ( ( #5808, #3473, #1088 ) ) REPRESENTATION_CONTEXT ( 'NONE', 'WORKASPACE' ) );
#713 = MECHANICAL_DESIGN_GEOMETRIC_PRESENTATION_REPRESENTATION (  '', ( #6392 ), #9231 ) ;
#714 = DIRECTION ( 'NONE',  ( 0.000000000000000000, -1.000000000000000000, 0.000000000000000000 ) ) ;
#715 = ORIENTED_EDGE ( 'NONE', *, *, #5729, .T. ) ;
#716 = CARTESIAN_POINT ( 'NONE',  ( -0.1511836189941984931, -0.1347905980048958452, 0.2999999999999999889 ) ) ;
#717 = VECTOR ( 'NONE', #5918, 1000.000000000000000 ) ;
#718 = CARTESIAN_POINT ( 'NONE',  ( 0.1676518709937806495, -0.1326831101648019984, 0.2999999999999999334 ) ) ;
#719 = SURFACE_STYLE_USAGE ( .BOTH. , #4654 ) ;
#720 = CARTESIAN_POINT ( 'NONE',  ( -0.2356729482624911332, -0.1677174272731885296, 0.2999999999999999334 ) ) ;
#721 = EDGE_CURVE ( 'NONE', #7353, #7959, #9798, .T. ) ;
#722 =( NAMED_UNIT ( * ) PLANE_ANGLE_UNIT ( ) SI_UNIT ( $, .RADIAN. ) );
#723 = ORIENTED_EDGE ( 'NONE', *, *, #7184, .T. ) ;
#724 = EDGE_CURVE ( 'NONE', #4837, #6891, #8931, .T. ) ;
#725 = ORIENTED_EDGE ( 'NONE', *, *, #9153, .T. ) ;
#726 = DIRECTION ( 'NONE',  ( 0.000000000000000000, -1.000000000000000000, 0.000000000000000000 ) ) ;
#727 = MECHANICAL_DESIGN_GEOMETRIC_PRESENTATION_REPRESENTATION (  '', ( #8089 ), #10068 ) ;
#728 = MECHANICAL_DESIGN_GEOMETRIC_PRESENTATION_REPRESENTATION (  '', ( #1475 ), #2379 ) ;
#729 = CARTESIAN_POINT ( 'NONE',  ( 0.3287586780391846264, -0.3760208553590883018, 0.3009999999999999343 ) ) ;
#730 = AXIS2_PLACEMENT_3D ( 'NONE', #9966, #2015, #9934 ) ;
#731 = CARTESIAN_POINT ( 'NONE',  ( 0.06832857612775269929, -0.4347905980048958341, 0.3009999999999999898 ) ) ;
#732 = VECTOR ( 'NONE', #3185, 1000.000000000000000 ) ;
#733 = SURFACE_SIDE_STYLE ('',( #3075 ) ) ;
#734 = UNCERTAINTY_MEASURE_WITH_UNIT (LENGTH_MEASURE( 1.000000000000000082E-05 ), #584, 'distance_accuracy_value', 'NONE');
#735 = FACE_OUTER_BOUND ( 'NONE', #8537, .T. ) ;
#736 = EDGE_LOOP ( 'NONE', ( #5300, #463, #905, #4384 ) ) ;
#737 = CARTESIAN_POINT ( 'NONE',  ( 0.1783909163399616526, -0.1651737199795262068, 0.2999999999999999334 ) ) ;
#738 = LINE ( 'NONE', #8791, #3079 ) ;
#739 = FILL_AREA_STYLE_COLOUR ( '', #5965 ) ;
#740 = DIRECTION ( 'NONE',  ( 0.000000000000000000, -1.000000000000000000, 0.000000000000000000 ) ) ;
#741 = ADVANCED_FACE ( 'NONE', ( #4872 ), #3414, .T. ) ;
#742 = ORIENTED_EDGE ( 'NONE', *, *, #704, .T. ) ;
#743 = CARTESIAN_POINT ( 'NONE',  ( 0.4890602834448259384, -0.1347905980048958452, 0.2999999999999999889 ) ) ;
#744 = VECTOR ( 'NONE', #9242, 1000.000000000000000 ) ;
#745 = FILL_AREA_STYLE ('',( #1453 ) ) ;
#746 = LINE ( 'NONE', #7408, #6906 ) ;
#747 =( GEOMETRIC_REPRESENTATION_CONTEXT ( 3 ) GLOBAL_UNCERTAINTY_ASSIGNED_CONTEXT ( ( #1072 ) ) GLOBAL_UNIT_ASSIGNED_CONTEXT ( ( #2229, #5368, #4694 ) ) REPRESENTATION_CONTEXT ( 'NONE', 'WORKASPACE' ) );
#748 = UNCERTAINTY_MEASURE_WITH_UNIT (LENGTH_MEASURE( 1.000000000000000082E-05 ), #628, 'distance_accuracy_value', 'NONE');
#749 = LINE ( 'NONE', #561, #3575 ) ;
#750 =( LENGTH_UNIT ( ) NAMED_UNIT ( * ) SI_UNIT ( .MILLI., .METRE. ) );
#751 = DIRECTION ( 'NONE',  ( -0.000000000000000000, -0.000000000000000000, 1.000000000000000000 ) ) ;
#752 = ADVANCED_FACE ( 'NONE', ( #6701 ), #5038, .F. ) ;
#753 =( NAMED_UNIT ( * ) PLANE_ANGLE_UNIT ( ) SI_UNIT ( $, .RADIAN. ) );
#754 = CARTESIAN_POINT ( 'NONE',  ( -0.2932832896549359414, -0.1787244531167642148, 0.2999999999999998779 ) ) ;
#755 = DIRECTION ( 'NONE',  ( 0.7071067811865475727, -0.000000000000000000, 0.7071067811865475727 ) ) ;
#756 = DIRECTION ( 'NONE',  ( -0.5773502691896258421, 0.5773502691896255090, -0.5773502691896258421 ) ) ;
#757 = DIRECTION ( 'NONE',  ( 0.000000000000000000, -1.000000000000000000, 0.000000000000000000 ) ) ;
#758 = PLANE ( 'NONE',  #1187 ) ;
#759 = ORIENTED_EDGE ( 'NONE', *, *, #9287, .T. ) ;
#760 = B_SPLINE_CURVE_WITH_KNOTS ( 'NONE', 3,
 ( #9071, #2907, #2877, #1979, #6764, #5202, #3650, #3617, #5921, #5271, #4386, #2007, #8294, #1275, #7535, #8399, #9956, #4356, #10027 ),
 .UNSPECIFIED., .F., .F.,
 ( 4, 1, 1, 1, 1, 1, 1, 1, 1, 1, 1, 1, 1, 1, 1, 1, 4 ),
 ( 0.000000000000000000, 0.06863117867660142868, 0.1345664660386773626, 0.1983281540108812191, 0.2607897666408453552, 0.3219991514841584745, 0.3827217465030195442, 0.4435374740357288514, 0.5051334294849251227, 0.5662138747646719983, 0.6261058646175456932, 0.6853493221605165830, 0.7449958703477973510, 0.8054158418145627163, 0.8676362663459533664, 0.9323077823023293575, 1.000000000000000000 ),
 .UNSPECIFIED. ) ;
#761 = FILL_AREA_STYLE ('',( #3996 ) ) ;
#762 = CARTESIAN_POINT ( 'NONE',  ( -2.305000000000001492, 0.4000000000000000222, 4.199999999999999289 ) ) ;
#763 =( LENGTH_UNIT ( ) NAMED_UNIT ( * ) SI_UNIT ( .MILLI., .METRE. ) );
#764 = DIRECTION ( 'NONE',  ( 0.000000000000000000, -1.000000000000000000, 0.000000000000000000 ) ) ;
#765 = ORIENTED_EDGE ( 'NONE', *, *, #2567, .T. ) ;
#766 = EDGE_CURVE ( 'NONE', #7612, #10219, #8410, .T. ) ;
#767 =( GEOMETRIC_REPRESENTATION_CONTEXT ( 3 ) GLOBAL_UNCERTAINTY_ASSIGNED_CONTEXT ( ( #4732 ) ) GLOBAL_UNIT_ASSIGNED_CONTEXT ( ( #3406, #6587, #276 ) ) REPRESENTATION_CONTEXT ( 'NONE', 'WORKASPACE' ) );
#768 =( LENGTH_UNIT ( ) NAMED_UNIT ( * ) SI_UNIT ( .MILLI., .METRE. ) );
#769 = VECTOR ( 'NONE', #604, 1000.000000000000000 ) ;
#770 = AXIS2_PLACEMENT_3D ( 'NONE', #6572, #6536, #1119 ) ;
#771 = CARTESIAN_POINT ( 'NONE',  ( -3.375000000000000444, -0.07500000000000009437, 0.2999999999999999889 ) ) ;
#772 = CARTESIAN_POINT ( 'NONE',  ( 0.2560897937765553856, -0.3932706685705450456, 0.3009999999999999898 ) ) ;
#773 = DIRECTION ( 'NONE',  ( -1.016439536705160037E-16, -1.000000000000000000, -0.000000000000000000 ) ) ;
#774 = MECHANICAL_DESIGN_GEOMETRIC_PRESENTATION_REPRESENTATION (  '', ( #8896 ), #39 ) ;
#775 = ORIENTED_EDGE ( 'NONE', *, *, #8197, .F. ) ;
#776 = CARTESIAN_POINT ( 'NONE',  ( -0.2358444421649301403, -0.1347905980048958452, 0.2999999999999999889 ) ) ;
#777 = VECTOR ( 'NONE', #3096, 1000.000000000000000 ) ;
#778 =( NAMED_UNIT ( * ) PLANE_ANGLE_UNIT ( ) SI_UNIT ( $, .RADIAN. ) );
#779 = VECTOR ( 'NONE', #498, 1000.000000000000000 ) ;
#780 = CARTESIAN_POINT ( 'NONE',  ( 0.3407459490621893017, -0.3506678666646942388, 0.3000000000000000444 ) ) ;
#781 = EDGE_CURVE ( 'NONE', #9348, #3059, #2629, .T. ) ;
#782 = CARTESIAN_POINT ( 'NONE',  ( -0.5420182226527350267, -0.1924125492244080360, 0.3009999999999999898 ) ) ;
#783 = EDGE_LOOP ( 'NONE', ( #5968, #6288, #8473, #70 ) ) ;
#784 = FILL_AREA_STYLE_COLOUR ( '', #4257 ) ;
#785 = FILL_AREA_STYLE_COLOUR ( '', #7875 ) ;
#786 = CARTESIAN_POINT ( 'NONE',  ( -0.2356729482624911332, -0.1677174272731885296, 0.2999999999999999889 ) ) ;
#787 = VECTOR ( 'NONE', #5105, 1000.000000000000000 ) ;
#788 = CARTESIAN_POINT ( 'NONE',  ( -0.2399447311244230774, -0.1678053255239168595, 0.3009999999999999898 ) ) ;
#789 = PRESENTATION_STYLE_ASSIGNMENT (( #6635 ) ) ;
#790 = MECHANICAL_DESIGN_GEOMETRIC_PRESENTATION_REPRESENTATION (  '', ( #247 ), #9644 ) ;
#791 =( NAMED_UNIT ( * ) PLANE_ANGLE_UNIT ( ) SI_UNIT ( $, .RADIAN. ) );
#792 = ORIENTED_EDGE ( 'NONE', *, *, #6179, .F. ) ;
#793 = FILL_AREA_STYLE ('',( #4875 ) ) ;
#794 = COLOUR_RGB ( '',1.000000000000000000, 1.000000000000000000, 1.000000000000000000 ) ;
#795 = CARTESIAN_POINT ( 'NONE',  ( 0.1268651614936064098, -0.1832662077609934215, 0.3009999999999999898 ) ) ;
#796 = SURFACE_SIDE_STYLE ('',( #9546 ) ) ;
#797 = VECTOR ( 'NONE', #3535, 1000.000000000000000 ) ;
#798 = CARTESIAN_POINT ( 'NONE',  ( 1.504999999999998561, -0.4000000000000000222, 1.300000000000000044 ) ) ;
#799 = FILL_AREA_STYLE_COLOUR ( '', #9837 ) ;
#800 = DIRECTION ( 'NONE',  ( 0.000000000000000000, -1.000000000000000000, 0.000000000000000000 ) ) ;
#801 = EDGE_CURVE ( 'NONE', #9017, #5439, #7173, .T. ) ;
#802 = CARTESIAN_POINT ( 'NONE',  ( 0.2053692951108458120, -0.4384017334471437266, 0.2999999999999999334 ) ) ;
#803 = ADVANCED_FACE ( 'NONE', ( #5110 ), #9014, .F. ) ;
#804 =( GEOMETRIC_REPRESENTATION_CONTEXT ( 3 ) GLOBAL_UNCERTAINTY_ASSIGNED_CONTEXT ( ( #7072 ) ) GLOBAL_UNIT_ASSIGNED_CONTEXT ( ( #7364, #3367, #3433 ) ) REPRESENTATION_CONTEXT ( 'NONE', 'WORKASPACE' ) );
#805 = ORIENTED_EDGE ( 'NONE', *, *, #10040, .T. ) ;
#806 = DIRECTION ( 'NONE',  ( -1.000000000000000000, 0.000000000000000000, 0.000000000000000000 ) ) ;
#807 = UNCERTAINTY_MEASURE_WITH_UNIT (LENGTH_MEASURE( 1.000000000000000082E-05 ), #9293, 'distance_accuracy_value', 'NONE');
#808 =( GEOMETRIC_REPRESENTATION_CONTEXT ( 3 ) GLOBAL_UNCERTAINTY_ASSIGNED_CONTEXT ( ( #8016 ) ) GLOBAL_UNIT_ASSIGNED_CONTEXT ( ( #9914, #1368, #2903 ) ) REPRESENTATION_CONTEXT ( 'NONE', 'WORKASPACE' ) );
#809 = CARTESIAN_POINT ( 'NONE',  ( 0.2467503675736597846, -0.3977814388349663610, 0.3009999999999999343 ) ) ;
#810 = PLANE ( 'NONE',  #9939 ) ;
#811 = DIRECTION ( 'NONE',  ( -0.000000000000000000, 1.000000000000000000, 0.000000000000000000 ) ) ;
#812 = FILL_AREA_STYLE ('',( #2386 ) ) ;
#813 = ORIENTED_EDGE ( 'NONE', *, *, #4426, .T. ) ;
#814 = PRESENTATION_STYLE_ASSIGNMENT (( #6403 ) ) ;
#816 = EDGE_LOOP ( 'NONE', ( #5506, #6172, #5178, #9953 ) ) ;
#815 = LINE ( 'NONE', #9216, #6117 ) ;
#817 = CARTESIAN_POINT ( 'NONE',  ( 0.3478569001354136492, -0.3220455170571877024, 0.3009999999999999343 ) ) ;
#818 = CARTESIAN_POINT ( 'NONE',  ( 5.314999999999999503, -0.4000000000000000222, 4.199999999999999289 ) ) ;
#819 = LINE ( 'NONE', #936, #6854 ) ;
#820 = CARTESIAN_POINT ( 'NONE',  ( 0.3260430484362988879, -0.1983886907850343773, 0.3000000000000000999 ) ) ;
#821 = DIRECTION ( 'NONE',  ( 0.000000000000000000, 1.000000000000000000, 0.000000000000000000 ) ) ;
#822 = ORIENTED_EDGE ( 'NONE', *, *, #9454, .T. ) ;
#823 = FACE_OUTER_BOUND ( 'NONE', #4674, .T. ) ;
#824 = VECTOR ( 'NONE', #7975, 1000.000000000000000 ) ;
#825 = ORIENTED_EDGE ( 'NONE', *, *, #7062, .T. ) ;
#826 = COLOUR_RGB ( '',0.5019607843137254832, 0.5019607843137254832, 0.5019607843137254832 ) ;
#827 =( GEOMETRIC_REPRESENTATION_CONTEXT ( 3 ) GLOBAL_UNCERTAINTY_ASSIGNED_CONTEXT ( ( #9154 ) ) GLOBAL_UNIT_ASSIGNED_CONTEXT ( ( #3322, #6492, #7124 ) ) REPRESENTATION_CONTEXT ( 'NONE', 'WORKASPACE' ) );
#828 = EDGE_LOOP ( 'NONE', ( #9398, #9707, #2423, #4294 ) ) ;
#829 = SURFACE_SIDE_STYLE ('',( #9399 ) ) ;
#830 = CARTESIAN_POINT ( 'NONE',  ( 0.3497586413254719084, -0.3065248754915216312, 0.3009999999999999898 ) ) ;
#831 = EDGE_CURVE ( 'NONE', #5384, #4818, #8670, .T. ) ;
#832 = CARTESIAN_POINT ( 'NONE',  ( -1.905000000000000471, 0.07499999999999987232, -2.399999999999999911 ) ) ;
#833 = EDGE_LOOP ( 'NONE', ( #9734, #253, #6211, #9605 ) ) ;
#834 = SURFACE_STYLE_USAGE ( .BOTH. , #3040 ) ;
#835 = DIRECTION ( 'NONE',  ( -0.000000000000000000, -0.000000000000000000, -1.000000000000000000 ) ) ;
#836 = MECHANICAL_DESIGN_GEOMETRIC_PRESENTATION_REPRESENTATION (  '', ( #5218 ), #639 ) ;
#837 = ORIENTED_EDGE ( 'NONE', *, *, #4432, .T. ) ;
#838 = CARTESIAN_POINT ( 'NONE',  ( -0.3926470336283447993, -0.2810177321512373205, 0.3000000000000000444 ) ) ;
#839 = ORIENTED_EDGE ( 'NONE', *, *, #6643, .T. ) ;
#840 = CARTESIAN_POINT ( 'NONE',  ( -0.5280128872868813383, -0.1347905980048958452, 0.2999999999999999889 ) ) ;
#841 = CARTESIAN_POINT ( 'NONE',  ( 0.2935321049712026342, -0.3565825735271292984, 0.3009999999999999898 ) ) ;
#842 = DIRECTION ( 'NONE',  ( 0.000000000000000000, -0.000000000000000000, 1.000000000000000000 ) ) ;
#843 = ORIENTED_EDGE ( 'NONE', *, *, #1273, .F. ) ;
#844 = ORIENTED_EDGE ( 'NONE', *, *, #1448, .F. ) ;
#845 = EDGE_CURVE ( 'NONE', #5439, #5646, #2371, .T. ) ;
#846 =( GEOMETRIC_REPRESENTATION_CONTEXT ( 3 ) GLOBAL_UNCERTAINTY_ASSIGNED_CONTEXT ( ( #7114 ) ) GLOBAL_UNIT_ASSIGNED_CONTEXT ( ( #9685, #4135, #1008 ) ) REPRESENTATION_CONTEXT ( 'NONE', 'WORKASPACE' ) );
#847 = DIRECTION ( 'NONE',  ( -0.000000000000000000, -0.000000000000000000, -1.000000000000000000 ) ) ;
#848 = ORIENTED_EDGE ( 'NONE', *, *, #5279, .T. ) ;
#849 = CARTESIAN_POINT ( 'NONE',  ( 0.1268651614936064098, -0.3863149882487982301, 0.3000000000000000444 ) ) ;
#850 = CARTESIAN_POINT ( 'NONE',  ( 0.2670226505307328746, -0.4285238062748377152, 0.2999999999999999889 ) ) ;
#851 =( GEOMETRIC_REPRESENTATION_CONTEXT ( 3 ) GLOBAL_UNCERTAINTY_ASSIGNED_CONTEXT ( ( #7616 ) ) GLOBAL_UNIT_ASSIGNED_CONTEXT ( ( #5704, #4912, #3223 ) ) REPRESENTATION_CONTEXT ( 'NONE', 'WORKASPACE' ) );
#852 =( GEOMETRIC_REPRESENTATION_CONTEXT ( 3 ) GLOBAL_UNCERTAINTY_ASSIGNED_CONTEXT ( ( #3436 ) ) GLOBAL_UNIT_ASSIGNED_CONTEXT ( ( #5572, #3122, #2398 ) ) REPRESENTATION_CONTEXT ( 'NONE', 'WORKASPACE' ) );
#853 = ORIENTED_EDGE ( 'NONE', *, *, #6462, .F. ) ;
#854 = ORIENTED_EDGE ( 'NONE', *, *, #8588, .F. ) ;
#855 = CARTESIAN_POINT ( 'NONE',  ( 0.3496495274744066961, -0.2731903379818681477, 0.3000000000000000444 ) ) ;
#856 = VECTOR ( 'NONE', #6529, 1000.000000000000000 ) ;
#857 = CARTESIAN_POINT ( 'NONE',  ( 0.02808467368872833575, -0.2664979150780665829, 0.2999999999999999889 ) ) ;
#858 = ADVANCED_FACE ( 'NONE', ( #4486 ), #7298, .T. ) ;
#859 = CARTESIAN_POINT ( 'NONE',  ( 0.02808467368872833575, -0.2994247443463592395, 0.3009999999999999898 ) ) ;
#860 = ORIENTED_EDGE ( 'NONE', *, *, #2215, .T. ) ;
#861 = VECTOR ( 'NONE', #9058, 1000.000000000000000 ) ;
#862 = EDGE_CURVE ( 'NONE', #9121, #5302, #4991, .T. ) ;
#863 = CARTESIAN_POINT ( 'NONE',  ( 2.404999999999999805, -0.5000000000000011102, 4.299999999999999822 ) ) ;
#864 = EDGE_CURVE ( 'NONE', #1735, #7588, #274, .T. ) ;
#865 = COLOUR_RGB ( '',1.000000000000000000, 1.000000000000000000, 1.000000000000000000 ) ;
#866 = UNCERTAINTY_MEASURE_WITH_UNIT (LENGTH_MEASURE( 1.000000000000000082E-05 ), #9866, 'distance_accuracy_value', 'NONE');
#867 = CARTESIAN_POINT ( 'NONE',  ( -0.3130296137503071341, -0.3778496586027608184, 0.3009999999999999898 ) ) ;
#868 = MECHANICAL_DESIGN_GEOMETRIC_PRESENTATION_REPRESENTATION (  '', ( #7065 ), #2853 ) ;
#869 = PRESENTATION_LAYER_ASSIGNMENT (  '', '', ( #10203 ) ) ;
#870 = CARTESIAN_POINT ( 'NONE',  ( 0.4890602834448259384, -0.1347905980048958452, 0.2999999999999999889 ) ) ;
#871 = MECHANICAL_DESIGN_GEOMETRIC_PRESENTATION_REPRESENTATION (  '', ( #8792 ), #5635 ) ;
#872 = DIRECTION ( 'NONE',  ( -0.000000000000000000, -0.000000000000000000, -1.000000000000000000 ) ) ;
#873 = CARTESIAN_POINT ( 'NONE',  ( 0.5293041858838503089, -0.4347905980048958341, 0.3009999999999999898 ) ) ;
#874 = LINE ( 'NONE', #6951, #6068 ) ;
#875 = EDGE_LOOP ( 'NONE', ( #7389, #3805, #451, #6264 ) ) ;
#876 = CARTESIAN_POINT ( 'NONE',  ( 1.034999999999999476, 0.4000000000000000222, 4.199999999999999289 ) ) ;
#877 =( NAMED_UNIT ( * ) SI_UNIT ( $, .STERADIAN. ) SOLID_ANGLE_UNIT ( ) );
#878 = CARTESIAN_POINT ( 'NONE',  ( -0.2385354445037190796, -0.4017660560615664567, 0.2999999999999999889 ) ) ;
#879 = DIRECTION ( 'NONE',  ( 0.000000000000000000, -1.000000000000000000, 0.000000000000000000 ) ) ;
#880 = LINE ( 'NONE', #2104, #9510 ) ;
#881 = PRESENTATION_STYLE_ASSIGNMENT (( #5810 ) ) ;
#882 = STYLED_ITEM ( 'NONE', ( #3698 ), #9912 ) ;
#883 = COLOUR_RGB ( '',0.5019607843137254832, 0.5019607843137254832, 0.5019607843137254832 ) ;
#884 = ORIENTED_EDGE ( 'NONE', *, *, #3529, .F. ) ;
#885 = CARTESIAN_POINT ( 'NONE',  ( 0.2146186116663738874, -0.4383329874648063118, 0.3009999999999999898 ) ) ;
#886 = FACE_OUTER_BOUND ( 'NONE', #6627, .T. ) ;
#887 = CARTESIAN_POINT ( 'NONE',  ( 4.844999999999999751, -0.4000000000000000222, 1.300000000000000044 ) ) ;
#888 = COLOUR_RGB ( '',1.000000000000000000, 1.000000000000000000, 1.000000000000000000 ) ;
#889 = CARTESIAN_POINT ( 'NONE',  ( 0.3395090299458307648, -0.2256997840283368195, 0.3000000000000002109 ) ) ;
#890 = CARTESIAN_POINT ( 'NONE',  ( 0.1292531985468026168, -0.1420529484327070213, 0.2999999999999999889 ) ) ;
#891 = COLOUR_RGB ( '',1.000000000000000000, 1.000000000000000000, 1.000000000000000000 ) ;
#892 = STYLED_ITEM ( 'NONE', ( #8255 ), #6471 ) ;
#893 =( NAMED_UNIT ( * ) SI_UNIT ( $, .STERADIAN. ) SOLID_ANGLE_UNIT ( ) );
#894 = EDGE_CURVE ( 'NONE', #2508, #2240, #3113, .T. ) ;
#895 = CARTESIAN_POINT ( 'NONE',  ( 0.3097086448068609998, -0.2923781792258223211, 0.2999999999999999334 ) ) ;
#896 = EDGE_LOOP ( 'NONE', ( #9840, #1251, #7185, #6605 ) ) ;
#897 = PRESENTATION_STYLE_ASSIGNMENT (( #7039 ) ) ;
#898 = PRESENTATION_STYLE_ASSIGNMENT (( #9922 ) ) ;
#899 = PRESENTATION_STYLE_ASSIGNMENT (( #8230 ) ) ;
#900 = CARTESIAN_POINT ( 'NONE',  ( -0.2350000000000008193, 0.4000000000000000222, 1.300000000000000044 ) ) ;
#901 = DIRECTION ( 'NONE',  ( -0.000000000000000000, -0.000000000000000000, 1.000000000000000000 ) ) ;
#902 = EDGE_CURVE ( 'NONE', #5281, #8936, #5845, .T. ) ;
#903 = CYLINDRICAL_SURFACE ( 'NONE', #6652, 0.2000000000000000944 ) ;
#904 = AXIS2_PLACEMENT_3D ( 'NONE', #1033, #3352, #6527 ) ;
#905 = ORIENTED_EDGE ( 'NONE', *, *, #3482, .F. ) ;
#906 = FILL_AREA_STYLE_COLOUR ( '', #8086 ) ;
#907 = ADVANCED_FACE ( 'NONE', ( #5245 ), #1214, .F. ) ;
#908 = CYLINDRICAL_SURFACE ( 'NONE', #7451, 0.2000000000000000944 ) ;
#909 = DIRECTION ( 'NONE',  ( -0.000000000000000000, -0.000000000000000000, -1.000000000000000000 ) ) ;
#910 = MECHANICAL_DESIGN_GEOMETRIC_PRESENTATION_REPRESENTATION (  '', ( #372 ), #1837 ) ;
#911 = PRESENTATION_STYLE_ASSIGNMENT (( #8621 ) ) ;
#912 = ORIENTED_EDGE ( 'NONE', *, *, #8847, .T. ) ;
#913 = CARTESIAN_POINT ( 'NONE',  ( 4.844999999999999751, 0.5000000000000011102, 4.299999999999999822 ) ) ;
#914 = STYLED_ITEM ( 'NONE', ( #7552 ), #3118 ) ;
#915 = MECHANICAL_DESIGN_GEOMETRIC_PRESENTATION_REPRESENTATION (  '', ( #9570 ), #9425 ) ;
#916 = CARTESIAN_POINT ( 'NONE',  ( 0.000000000000000000, 0.000000000000000000, 1.300000000000000044 ) ) ;
#917 = ORIENTED_EDGE ( 'NONE', *, *, #4206, .F. ) ;
#918 =( LENGTH_UNIT ( ) NAMED_UNIT ( * ) SI_UNIT ( .MILLI., .METRE. ) );
#919 = LINE ( 'NONE', #4086, #7432 ) ;
#920 = EDGE_CURVE ( 'NONE', #8349, #7005, #1768, .T. ) ;
#921 =( NAMED_UNIT ( * ) PLANE_ANGLE_UNIT ( ) SI_UNIT ( $, .RADIAN. ) );
#922 = CARTESIAN_POINT ( 'NONE',  ( -0.5434517905224323098, -0.1880894553950496761, 0.2999999999999999889 ) ) ;
#923 = CARTESIAN_POINT ( 'NONE',  ( 0.1585794955916082216, -0.1340320966855799989, 0.2999999999999999889 ) ) ;
#924 = CARTESIAN_POINT ( 'NONE',  ( -2.975000000000000089, 0.07499999999999984457, -2.199999999999999734 ) ) ;
#925 = VECTOR ( 'NONE', #4325, 1000.000000000000000 ) ;
#926 = CARTESIAN_POINT ( 'NONE',  ( -0.4972583141161497355, -0.3177174272731885241, 0.3009999999999999898 ) ) ;
#927 = ORIENTED_EDGE ( 'NONE', *, *, #9627, .T. ) ;
#928 = AXIS2_PLACEMENT_3D ( 'NONE', #8404, #6112, #4501 ) ;
#929 = STYLED_ITEM ( 'NONE', ( #6846 ), #8432 ) ;
#930 = FILL_AREA_STYLE_COLOUR ( '', #7012 ) ;
#931 = FACE_OUTER_BOUND ( 'NONE', #5961, .T. ) ;
#932 = AXIS2_PLACEMENT_3D ( 'NONE', #4834, #5754, #9023 ) ;
#933 = DIRECTION ( 'NONE',  ( -1.000000000000000000, 0.000000000000000000, -0.000000000000000000 ) ) ;
#934 = ORIENTED_EDGE ( 'NONE', *, *, #6964, .T. ) ;
#935 = UNCERTAINTY_MEASURE_WITH_UNIT (LENGTH_MEASURE( 1.000000000000000082E-05 ), #8310, 'distance_accuracy_value', 'NONE');
#936 = CARTESIAN_POINT ( 'NONE',  ( 2.774999999999999023, -0.4000000000000000222, 1.300000000000000044 ) ) ;
#937 = CARTESIAN_POINT ( 'NONE',  ( 0.06832857612775269929, -0.4347905980048958341, 0.3009999999999999898 ) ) ;
#938 = CARTESIAN_POINT ( 'NONE',  ( 0.1268651614936064098, -0.1430223053219690232, 0.3009999999999999898 ) ) ;
#939 =( NAMED_UNIT ( * ) PLANE_ANGLE_UNIT ( ) SI_UNIT ( $, .RADIAN. ) );
#940 = CARTESIAN_POINT ( 'NONE',  ( -4.445000000000000284, 0.000000000000000000, -2.399999999999999911 ) ) ;
#941 = LINE ( 'NONE', #8323, #10088 ) ;
#942 = CARTESIAN_POINT ( 'NONE',  ( 0.1746527496577898186, -0.4359106366065304550, 0.2999999999999999889 ) ) ;
#943 = AXIS2_PLACEMENT_3D ( 'NONE', #7144, #1583, #842 ) ;
#944 = SURFACE_SIDE_STYLE ('',( #3671 ) ) ;
#945 = VERTEX_POINT ( 'NONE', #5419 ) ;
#946 = AXIS2_PLACEMENT_3D ( 'NONE', #1872, #8097, #2477 ) ;
#948 = ORIENTED_EDGE ( 'NONE', *, *, #8824, .T. ) ;
#947 = FACE_OUTER_BOUND ( 'NONE', #7399, .T. ) ;
#949 =( NAMED_UNIT ( * ) PLANE_ANGLE_UNIT ( ) SI_UNIT ( $, .RADIAN. ) );
#950 = FACE_OUTER_BOUND ( 'NONE', #5286, .T. ) ;
#951 = ORIENTED_EDGE ( 'NONE', *, *, #2975, .T. ) ;
#952 =( NAMED_UNIT ( * ) PLANE_ANGLE_UNIT ( ) SI_UNIT ( $, .RADIAN. ) );
#953 = FILL_AREA_STYLE_COLOUR ( '', #320 ) ;
#954 = PRESENTATION_STYLE_ASSIGNMENT (( #2659 ) ) ;
#955 = CARTESIAN_POINT ( 'NONE',  ( 0.3097919907618990609, -0.2879918175170909644, 0.3009999999999999898 ) ) ;
#956 = ORIENTED_EDGE ( 'NONE', *, *, #1952, .T. ) ;
#957 = CIRCLE ( 'NONE', #3592, 0.1999999999999996503 ) ;
#958 = PRESENTATION_LAYER_ASSIGNMENT (  '', '', ( #3927 ) ) ;
#959 = LINE ( 'NONE', #1386, #7469 ) ;
#960 = DIRECTION ( 'NONE',  ( -0.000000000000000000, -0.000000000000000000, 1.000000000000000000 ) ) ;
#961 = CARTESIAN_POINT ( 'NONE',  ( 0.8349999999999998535, -0.07500000000000012212, 0.2999999999999999889 ) ) ;
#962 = VERTEX_POINT ( 'NONE', #1349 ) ;
#963 =( NAMED_UNIT ( * ) PLANE_ANGLE_UNIT ( ) SI_UNIT ( $, .RADIAN. ) );
#964 = ADVANCED_FACE ( 'NONE', ( #2361 ), #9357, .T. ) ;
#965 = CARTESIAN_POINT ( 'NONE',  ( 5.314999999999999503, -0.4000000000000000222, 1.300000000000000044 ) ) ;
#966 = ORIENTED_EDGE ( 'NONE', *, *, #7623, .F. ) ;
#967 = SURFACE_SIDE_STYLE ('',( #9460 ) ) ;
#968 = LINE ( 'NONE', #5638, #9852 ) ;
#969 = VERTEX_POINT ( 'NONE', #637 ) ;
#970 = ORIENTED_EDGE ( 'NONE', *, *, #3547, .T. ) ;
#971 = EDGE_CURVE ( 'NONE', #4132, #974, #2495, .T. ) ;
#972 = LINE ( 'NONE', #8140, #3803 ) ;
#973 = MECHANICAL_DESIGN_GEOMETRIC_PRESENTATION_REPRESENTATION (  '', ( #2748 ), #6965 ) ;
#974 = VERTEX_POINT ( 'NONE', #4537 ) ;
#975 = LINE ( 'NONE', #305, #6395 ) ;
#976 = SURFACE_STYLE_USAGE ( .BOTH. , #7286 ) ;
#977 = EDGE_CURVE ( 'NONE', #6546, #4838, #1888, .T. ) ;
#978 = FILL_AREA_STYLE_COLOUR ( '', #685 ) ;
#979 = DIRECTION ( 'NONE',  ( -0.000000000000000000, -0.000000000000000000, 1.000000000000000000 ) ) ;
#980 = DIRECTION ( 'NONE',  ( -0.000000000000000000, -0.000000000000000000, -1.000000000000000000 ) ) ;
#981 =( NAMED_UNIT ( * ) PLANE_ANGLE_UNIT ( ) SI_UNIT ( $, .RADIAN. ) );
#982 = VERTEX_POINT ( 'NONE', #5317 ) ;
#983 = MECHANICAL_DESIGN_GEOMETRIC_PRESENTATION_REPRESENTATION (  '', ( #6646 ), #10177 ) ;
#984 = VECTOR ( 'NONE', #8852, 1000.000000000000000 ) ;
#985 = DIRECTION ( 'NONE',  ( -1.000000000000000000, 6.776263578034399015E-17, 0.000000000000000000 ) ) ;
#986 = ORIENTED_EDGE ( 'NONE', *, *, #5353, .F. ) ;
#987 =( NAMED_UNIT ( * ) SI_UNIT ( $, .STERADIAN. ) SOLID_ANGLE_UNIT ( ) );
#988 = FACE_OUTER_BOUND ( 'NONE', #6491, .T. ) ;
#989 = DIRECTION ( 'NONE',  ( -0.000000000000000000, -0.000000000000000000, 1.000000000000000000 ) ) ;
#990 = CARTESIAN_POINT ( 'NONE',  ( 6.215000000000000746, -0.5000000000000011102, 4.299999999999999822 ) ) ;
#991 = CYLINDRICAL_SURFACE ( 'NONE', #9503, 0.2000000000000000944 ) ;
#992 = PRESENTATION_STYLE_ASSIGNMENT (( #3806 ) ) ;
#993 = VERTEX_POINT ( 'NONE', #6158 ) ;
#994 = CARTESIAN_POINT ( 'NONE',  ( 0.3080606343730871721, -0.2611534365470468688, 0.3010000000000001008 ) ) ;
#995 = MECHANICAL_DESIGN_GEOMETRIC_PRESENTATION_REPRESENTATION (  '', ( #3755 ), #6791 ) ;
#996 = CARTESIAN_POINT ( 'NONE',  ( -0.2350000000000008193, 0.4000000000000000222, 1.300000000000000044 ) ) ;
#997 = DIRECTION ( 'NONE',  ( -1.000000000000000000, 0.000000000000000000, 0.000000000000000000 ) ) ;
#998 =( LENGTH_UNIT ( ) NAMED_UNIT ( * ) SI_UNIT ( .MILLI., .METRE. ) );
#999 = ORIENTED_EDGE ( 'NONE', *, *, #9694, .F. ) ;
#1000 = FILL_AREA_STYLE ('',( #5625 ) ) ;
#1001 = UNCERTAINTY_MEASURE_WITH_UNIT (LENGTH_MEASURE( 1.000000000000000082E-05 ), #4636, 'distance_accuracy_value', 'NONE');
#1002 = DIRECTION ( 'NONE',  ( 0.000000000000000000, -0.000000000000000000, -1.000000000000000000 ) ) ;
#1003 = FACE_OUTER_BOUND ( 'NONE', #7291, .T. ) ;
#1004 = PRESENTATION_STYLE_ASSIGNMENT (( #6857 ) ) ;
#1005 = EDGE_CURVE ( 'NONE', #7943, #9687, #5232, .T. ) ;
#1006 = PRESENTATION_STYLE_ASSIGNMENT (( #10215 ) ) ;
#1007 = DIRECTION ( 'NONE',  ( 1.000000000000000000, 0.000000000000000000, 0.000000000000000000 ) ) ;
#1008 =( NAMED_UNIT ( * ) SI_UNIT ( $, .STERADIAN. ) SOLID_ANGLE_UNIT ( ) );
#1009 = DIRECTION ( 'NONE',  ( -1.000000000000000000, 0.000000000000000000, 0.000000000000000000 ) ) ;
#1010 = CARTESIAN_POINT ( 'NONE',  ( -3.575000000000001066, 0.4000000000000000222, 4.199999999999999289 ) ) ;
#1011 = VECTOR ( 'NONE', #7245, 1000.000000000000114 ) ;
#1012 = MECHANICAL_DESIGN_GEOMETRIC_PRESENTATION_REPRESENTATION (  '', ( #9663 ), #2649 ) ;
#1013 = CARTESIAN_POINT ( 'NONE',  ( -4.845000000000001528, -0.5000000000000011102, 4.299999999999999822 ) ) ;
#1014 = DIRECTION ( 'NONE',  ( 0.000000000000000000, -1.000000000000000000, 0.000000000000000000 ) ) ;
#1015 = CARTESIAN_POINT ( 'NONE',  ( 3.574999999999999289, -0.4000000000000000222, 1.300000000000000044 ) ) ;
#1016 = LINE ( 'NONE', #9070, #5469 ) ;
#1017 = CARTESIAN_POINT ( 'NONE',  ( -0.2384997670147301074, -0.4346867063920490937, 0.3009999999999999898 ) ) ;
#1018 = ADVANCED_FACE ( 'NONE', ( #3975 ), #10073, .T. ) ;
#1019 = CARTESIAN_POINT ( 'NONE',  ( 0.1268651614936064098, -0.1832662077609934215, 0.2999999999999999889 ) ) ;
#1020 = ORIENTED_EDGE ( 'NONE', *, *, #1790, .T. ) ;
#1021 = SURFACE_STYLE_USAGE ( .BOTH. , #8000 ) ;
#1022 = LINE ( 'NONE', #5328, #5350 ) ;
#1023 = ORIENTED_EDGE ( 'NONE', *, *, #7812, .T. ) ;
#1024 = CARTESIAN_POINT ( 'NONE',  ( 0.2806918297060396750, -0.3738932367915125954, 0.3000000000000000444 ) ) ;
#1025 = CARTESIAN_POINT ( 'NONE',  ( -0.3130296137503071341, -0.3778496586027608184, 0.3009999999999999898 ) ) ;
#1026 = EDGE_LOOP ( 'NONE', ( #1057, #2226, #7024, #8992 ) ) ;
#1027 = STYLED_ITEM ( 'NONE', ( #6121 ), #2663 ) ;
#1028 = CARTESIAN_POINT ( 'NONE',  ( 2.038333333333332220, -0.1333333333333332205, 3.933333333333332238 ) ) ;
#1029 = VERTEX_POINT ( 'NONE', #2949 ) ;
#1030 = CARTESIAN_POINT ( 'NONE',  ( 0.2349999999999990985, -0.4000000000000000222, 1.300000000000000044 ) ) ;
#1031 = MECHANICAL_DESIGN_GEOMETRIC_PRESENTATION_REPRESENTATION (  '', ( #892 ), #1564 ) ;
#1032 = FACE_OUTER_BOUND ( 'NONE', #1719, .T. ) ;
#1033 = CARTESIAN_POINT ( 'NONE',  ( -1.905000000000001359, 0.07499999999999987232, -2.199999999999999734 ) ) ;
#1034 = EDGE_CURVE ( 'NONE', #8275, #2810, #7782, .T. ) ;
#1035 = CARTESIAN_POINT ( 'NONE',  ( 1.704999999999998961, -0.07500000000000009437, -2.199999999999999734 ) ) ;
#1036 = CARTESIAN_POINT ( 'NONE',  ( -0.3926470336283447993, -0.2810177321512373205, 0.3009999999999999898 ) ) ;
#1037 = PRESENTATION_STYLE_ASSIGNMENT (( #4766 ) ) ;
#1038 = ORIENTED_EDGE ( 'NONE', *, *, #3129, .F. ) ;
#1039 = LINE ( 'NONE', #4305, #3613 ) ;
#1040 = CARTESIAN_POINT ( 'NONE',  ( 0.1585794955916082216, -0.1340320966855799989, 0.3009999999999999898 ) ) ;
#1041 = FILL_AREA_STYLE_COLOUR ( '', #5799 ) ;
#1042 = CARTESIAN_POINT ( 'NONE',  ( -0.5477918507015154814, -0.1713759638585543588, 0.3009999999999999898 ) ) ;
#1043 = FILL_AREA_STYLE ('',( #9762 ) ) ;
#1044 = EDGE_CURVE ( 'NONE', #3787, #8650, #4975, .T. ) ;
#1045 = MECHANICAL_DESIGN_GEOMETRIC_PRESENTATION_REPRESENTATION (  '', ( #5488 ), #2957 ) ;
#1046 = DIRECTION ( 'NONE',  ( -0.000000000000000000, -0.000000000000000000, -1.000000000000000000 ) ) ;
#1047 = EDGE_LOOP ( 'NONE', ( #4642, #7227, #8126, #966 ) ) ;
#1048 = CARTESIAN_POINT ( 'NONE',  ( -0.3241415857268352685, -0.4114263889927195494, 0.3000000000000000999 ) ) ;
#1049 = CARTESIAN_POINT ( 'NONE',  ( -0.09264703362834485201, -0.4018637687366031774, 0.3009999999999999898 ) ) ;
#1050 = DIRECTION ( 'NONE',  ( 1.000000000000000000, -1.355252715606880296E-16, 0.000000000000000000 ) ) ;
#1051 = MECHANICAL_DESIGN_GEOMETRIC_PRESENTATION_REPRESENTATION (  '', ( #5877 ), #7696 ) ;
#1052 = CARTESIAN_POINT ( 'NONE',  ( -0.5524221860673690365, -0.1924125492244080915, 0.3009999999999999898 ) ) ;
#1053 = DIRECTION ( 'NONE',  ( 0.000000000000000000, -0.000000000000000000, -1.000000000000000000 ) ) ;
#1054 = DIRECTION ( 'NONE',  ( 0.000000000000000000, 0.000000000000000000, 1.000000000000000000 ) ) ;
#1055 = UNCERTAINTY_MEASURE_WITH_UNIT (LENGTH_MEASURE( 1.000000000000000082E-05 ), #2447, 'distance_accuracy_value', 'NONE');
#1057 = ORIENTED_EDGE ( 'NONE', *, *, #4489, .F. ) ;
#1056 = PRESENTATION_STYLE_ASSIGNMENT (( #2210 ) ) ;
#1058 =( NAMED_UNIT ( * ) PLANE_ANGLE_UNIT ( ) SI_UNIT ( $, .RADIAN. ) );
#1059 = EDGE_CURVE ( 'NONE', #1708, #7353, #9410, .T. ) ;
#1060 = COLOUR_RGB ( '',0.5019607843137254832, 0.5019607843137254832, 0.5019607843137254832 ) ;
#1061 = LINE ( 'NONE', #1236, #1802 ) ;
#1062 = DIRECTION ( 'NONE',  ( -0.000000000000000000, -0.000000000000000000, 1.000000000000000000 ) ) ;
#1063 =( LENGTH_UNIT ( ) NAMED_UNIT ( * ) SI_UNIT ( .MILLI., .METRE. ) );
#1064 = ADVANCED_FACE ( 'NONE', ( #5482 ), #6260, .F. ) ;
#1065 = EDGE_CURVE ( 'NONE', #6271, #4577, #640, .T. ) ;
#1066 = COLOUR_RGB ( '',1.000000000000000000, 1.000000000000000000, 1.000000000000000000 ) ;
#1067 = STYLED_ITEM ( 'NONE', ( #9984 ), #4621 ) ;
#1068 = MECHANICAL_DESIGN_GEOMETRIC_PRESENTATION_REPRESENTATION (  '', ( #9780 ), #1284 ) ;
#1070 = ORIENTED_EDGE ( 'NONE', *, *, #1279, .T. ) ;
#1069 = CYLINDRICAL_SURFACE ( 'NONE', #6030, 0.2000000000000000944 ) ;
#1071 = FILL_AREA_STYLE_COLOUR ( '', #10008 ) ;
#1072 = UNCERTAINTY_MEASURE_WITH_UNIT (LENGTH_MEASURE( 1.000000000000000082E-05 ), #2229, 'distance_accuracy_value', 'NONE');
#1073 = PRESENTATION_LAYER_ASSIGNMENT (  '', '', ( #10205 ) ) ;
#1074 = CARTESIAN_POINT ( 'NONE',  ( -0.09264703362834485201, -0.4018637687366031774, 0.2999999999999999889 ) ) ;
#1075 = LINE ( 'NONE', #515, #9320 ) ;
#1076 = VERTEX_POINT ( 'NONE', #1036 ) ;
#1077 = DIRECTION ( 'NONE',  ( 0.000000000000000000, 0.000000000000000000, 1.000000000000000000 ) ) ;
#1078 = PLANE ( 'NONE',  #770 ) ;
#1079 = ORIENTED_EDGE ( 'NONE', *, *, #258, .F. ) ;
#1080 =( LENGTH_UNIT ( ) NAMED_UNIT ( * ) SI_UNIT ( .MILLI., .METRE. ) );
#1081 = ORIENTED_EDGE ( 'NONE', *, *, #8262, .T. ) ;
#1082 = CARTESIAN_POINT ( 'NONE',  ( -0.2819048265380628138, -0.4292050688942663506, 0.3000000000000000444 ) ) ;
#1083 = ORIENTED_EDGE ( 'NONE', *, *, #585, .T. ) ;
#1084 = STYLED_ITEM ( 'NONE', ( #1004 ), #10023 ) ;
#1085 = SURFACE_SIDE_STYLE ('',( #1685 ) ) ;
#1086 = CARTESIAN_POINT ( 'NONE',  ( -4.645000000000000462, -0.07500000000000009437, -5.227200187265875542 ) ) ;
#1087 = MECHANICAL_DESIGN_GEOMETRIC_PRESENTATION_REPRESENTATION (  '', ( #547 ), #3652 ) ;
#1088 =( NAMED_UNIT ( * ) SI_UNIT ( $, .STERADIAN. ) SOLID_ANGLE_UNIT ( ) );
#1089 =( LENGTH_UNIT ( ) NAMED_UNIT ( * ) SI_UNIT ( .MILLI., .METRE. ) );
#1090 = VERTEX_POINT ( 'NONE', #257 ) ;
#1091 = SURFACE_STYLE_FILL_AREA ( #344 ) ;
#1092 = CARTESIAN_POINT ( 'NONE',  ( -0.2602045908703879418, -0.4000616969247989818, 0.2999999999999999334 ) ) ;
#1093 = LINE ( 'NONE', #10181, #1717 ) ;
#1094 = DIRECTION ( 'NONE',  ( 0.000000000000000000, 1.000000000000000000, 0.000000000000000000 ) ) ;
#1096 = VERTEX_POINT ( 'NONE', #1074 ) ;
#1095 = SURFACE_SIDE_STYLE ('',( #7201 ) ) ;
#1097 = CARTESIAN_POINT ( 'NONE',  ( -0.6350000000000010081, -0.07500000000000009437, -2.199999999999999734 ) ) ;
#1098 = FACE_BOUND ( 'NONE', #1026, .T. ) ;
#1099 = ORIENTED_EDGE ( 'NONE', *, *, #6859, .T. ) ;
#1100 = CARTESIAN_POINT ( 'NONE',  ( 0.3080606343730871721, -0.2611534365470468688, 0.3000000000000000999 ) ) ;
#1101 = EDGE_CURVE ( 'NONE', #7385, #1096, #2860, .T. ) ;
#1102 = ORIENTED_EDGE ( 'NONE', *, *, #4508, .F. ) ;
#1103 = DIRECTION ( 'NONE',  ( -0.000000000000000000, -0.000000000000000000, 1.000000000000000000 ) ) ;
#1104 = DIRECTION ( 'NONE',  ( -0.9407669869669988971, 0.3390537954853694025, 0.000000000000000000 ) ) ;
#1105 = LINE ( 'NONE', #6709, #1957 ) ;
#1106 = DIRECTION ( 'NONE',  ( 0.000000000000000000, -1.000000000000000000, 0.000000000000000000 ) ) ;
#1107 = SURFACE_SIDE_STYLE ('',( #8446 ) ) ;
#1108 = VERTEX_POINT ( 'NONE', #1865 ) ;
#1109 = CARTESIAN_POINT ( 'NONE',  ( 0.2648979378177804822, -0.3878309705213124903, 0.3000000000000000444 ) ) ;
#1110 = SURFACE_STYLE_USAGE ( .BOTH. , #5830 ) ;
#1111 = ORIENTED_EDGE ( 'NONE', *, *, #3346, .T. ) ;
#1112 = EDGE_CURVE ( 'NONE', #5057, #8490, #4712, .T. ) ;
#1113 =( GEOMETRIC_REPRESENTATION_CONTEXT ( 3 ) GLOBAL_UNCERTAINTY_ASSIGNED_CONTEXT ( ( #3838 ) ) GLOBAL_UNIT_ASSIGNED_CONTEXT ( ( #7447, #2749, #5146 ) ) REPRESENTATION_CONTEXT ( 'NONE', 'WORKASPACE' ) );
#1114 = PRODUCT_CONTEXT ( 'NONE', #1732, 'mechanical' ) ;
#1115 = LINE ( 'NONE', #494, #227 ) ;
#1116 = DIRECTION ( 'NONE',  ( 0.000000000000000000, 1.000000000000000000, 0.000000000000000000 ) ) ;
#1117 = VERTEX_POINT ( 'NONE', #7315 ) ;
#1118 = EDGE_CURVE ( 'NONE', #2072, #4560, #6429, .T. ) ;
#1119 = DIRECTION ( 'NONE',  ( -0.000000000000000000, 0.000000000000000000, 1.000000000000000000 ) ) ;
#1120 = CARTESIAN_POINT ( 'NONE',  ( -4.311666666666667425, -0.1333333333333332205, 3.933333333333332238 ) ) ;
#1121 = STYLED_ITEM ( 'NONE', ( #2516 ), #3108 ) ;
#1122 = AXIS2_PLACEMENT_3D ( 'NONE', #8486, #10034, #4434 ) ;
#1123 = FILL_AREA_STYLE_COLOUR ( '', #2191 ) ;
#1124 = ADVANCED_FACE ( 'NONE', ( #3461 ), #6129, .F. ) ;
#1125 = ORIENTED_EDGE ( 'NONE', *, *, #3808, .T. ) ;
#1126 = CARTESIAN_POINT ( 'NONE',  ( 3.374999999999999556, -0.07500000000000012212, 0.2999999999999999889 ) ) ;
#1127 = DIRECTION ( 'NONE',  ( 0.000000000000000000, 1.000000000000000000, 0.000000000000000000 ) ) ;
#1128 =( LENGTH_UNIT ( ) NAMED_UNIT ( * ) SI_UNIT ( .MILLI., .METRE. ) );
#1129 = DIRECTION ( 'NONE',  ( -0.000000000000000000, 0.000000000000000000, 1.000000000000000000 ) ) ;
#1130 = CARTESIAN_POINT ( 'NONE',  ( 0.2349999999999990985, -0.4000000000000000222, 1.300000000000000044 ) ) ;
#1131 = DIRECTION ( 'NONE',  ( -1.000000000000000000, 0.000000000000000000, 0.000000000000000000 ) ) ;
#1132 = CARTESIAN_POINT ( 'NONE',  ( -0.5682567897259058753, -0.1347905980048958452, 0.3009999999999999898 ) ) ;
#1133 = FILL_AREA_STYLE ('',( #9042 ) ) ;
#1134 = EDGE_LOOP ( 'NONE', ( #3066, #9326, #2300, #5917 ) ) ;
#1135 = FILL_AREA_STYLE ('',( #9011 ) ) ;
#1136 = UNCERTAINTY_MEASURE_WITH_UNIT (LENGTH_MEASURE( 1.000000000000000082E-05 ), #8242, 'distance_accuracy_value', 'NONE');
#1137 = LINE ( 'NONE', #1821, #8516 ) ;
#1138 = AXIS2_PLACEMENT_3D ( 'NONE', #2554, #3298, #4842 ) ;
#1139 = PRESENTATION_LAYER_ASSIGNMENT (  '', '', ( #2308 ) ) ;
#1140 = SURFACE_SIDE_STYLE ('',( #9788 ) ) ;
#1141 = SURFACE_STYLE_FILL_AREA ( #9770 ) ;
#1142 = DIRECTION ( 'NONE',  ( 0.3222024856061132536, -0.9466707760722532505, 0.000000000000000000 ) ) ;
#1143 = FILL_AREA_STYLE_COLOUR ( '', #2890 ) ;
#1144 = LINE ( 'NONE', #818, #3579 ) ;
#1145 = DIRECTION ( 'NONE',  ( 1.000000000000000000, 0.000000000000000000, 0.000000000000000000 ) ) ;
#1146 = VECTOR ( 'NONE', #1395, 1000.000000000000114 ) ;
#1147 = EDGE_LOOP ( 'NONE', ( #8830, #9050, #3292, #4027 ) ) ;
#1148 =( NAMED_UNIT ( * ) PLANE_ANGLE_UNIT ( ) SI_UNIT ( $, .RADIAN. ) );
#1149 = LINE ( 'NONE', #8387, #9653 ) ;
#1150 = DIRECTION ( 'NONE',  ( -1.000000000000000000, 0.000000000000000000, 0.000000000000000000 ) ) ;
#1151 = LINE ( 'NONE', #3934, #9278 ) ;
#1152 =( NAMED_UNIT ( * ) PLANE_ANGLE_UNIT ( ) SI_UNIT ( $, .RADIAN. ) );
#1153 = UNCERTAINTY_MEASURE_WITH_UNIT (LENGTH_MEASURE( 1.000000000000000082E-05 ), #5454, 'distance_accuracy_value', 'NONE');
#1154 =( NAMED_UNIT ( * ) SI_UNIT ( $, .STERADIAN. ) SOLID_ANGLE_UNIT ( ) );
#1155 = STYLED_ITEM ( 'NONE', ( #9740 ), #1991 ) ;
#1156 =( LENGTH_UNIT ( ) NAMED_UNIT ( * ) SI_UNIT ( .MILLI., .METRE. ) );
#1157 = FILL_AREA_STYLE ('',( #9733 ) ) ;
#1158 = EDGE_LOOP ( 'NONE', ( #2407, #5365, #2936, #8456, #2432 ) ) ;
#1159 = CARTESIAN_POINT ( 'NONE',  ( -0.08532996045761305492, -0.1677174272731885296, 0.3009999999999999898 ) ) ;
#1160 = CIRCLE ( 'NONE', #8866, 0.2000000000000000944 ) ;
#1161 = DIRECTION ( 'NONE',  ( -0.000000000000000000, 0.000000000000000000, -1.000000000000000000 ) ) ;
#1162 = CARTESIAN_POINT ( 'NONE',  ( -0.2327575519210277610, -0.4347905980048958341, 0.3009999999999999898 ) ) ;
#1163 = VECTOR ( 'NONE', #248, 1000.000000000000000 ) ;
#1164 = CARTESIAN_POINT ( 'NONE',  ( -2.105000000000000870, 0.07499999999999990008, -5.227200187265875542 ) ) ;
#1165 = FILL_AREA_STYLE ('',( #353 ) ) ;
#1166 =( GEOMETRIC_REPRESENTATION_CONTEXT ( 3 ) GLOBAL_UNCERTAINTY_ASSIGNED_CONTEXT ( ( #9589 ) ) GLOBAL_UNIT_ASSIGNED_CONTEXT ( ( #8555, #1511, #7837 ) ) REPRESENTATION_CONTEXT ( 'NONE', 'WORKASPACE' ) );
#1167 = SURFACE_STYLE_FILL_AREA ( #8789 ) ;
#1168 = CARTESIAN_POINT ( 'NONE',  ( 0.4890602834448259384, -0.1347905980048958452, 0.3009999999999999898 ) ) ;
#1169 = CARTESIAN_POINT ( 'NONE',  ( -5.915000000000000924, 0.07499999999999990008, -5.227200187265875542 ) ) ;
#1170 = ORIENTED_EDGE ( 'NONE', *, *, #1466, .F. ) ;
#1171 = SURFACE_STYLE_USAGE ( .BOTH. , #2811 ) ;
#1172 = PRESENTATION_STYLE_ASSIGNMENT (( #7373 ) ) ;
#1173 = LINE ( 'NONE', #4221, #8154 ) ;
#1174 = ORIENTED_EDGE ( 'NONE', *, *, #9655, .F. ) ;
#1175 = FILL_AREA_STYLE_COLOUR ( '', #4860 ) ;
#1176 = CARTESIAN_POINT ( 'NONE',  ( 0.3056008851642367796, -0.2487038521472293706, 0.2999999999999998779 ) ) ;
#1177 = FILL_AREA_STYLE ('',( #5785 ) ) ;
#1178 = ADVANCED_FACE ( 'NONE', ( #9279 ), #2927, .T. ) ;
#1179 =( GEOMETRIC_REPRESENTATION_CONTEXT ( 3 ) GLOBAL_UNCERTAINTY_ASSIGNED_CONTEXT ( ( #8239 ) ) GLOBAL_UNIT_ASSIGNED_CONTEXT ( ( #4096, #9651, #6365 ) ) REPRESENTATION_CONTEXT ( 'NONE', 'WORKASPACE' ) );
#1180 = CARTESIAN_POINT ( 'NONE',  ( -4.045000000000000817, -0.4000000000000000222, 4.199999999999999289 ) ) ;
#1181 = ORIENTED_EDGE ( 'NONE', *, *, #5141, .T. ) ;
#1182 = CYLINDRICAL_SURFACE ( 'NONE', #667, 0.2000000000000000944 ) ;
#1183 = EDGE_CURVE ( 'NONE', #6236, #9161, #7275, .T. ) ;
#1184 = PLANE ( 'NONE',  #7640 ) ;
#1185 = LINE ( 'NONE', #6131, #3998 ) ;
#1186 = DIRECTION ( 'NONE',  ( 0.000000000000000000, 0.000000000000000000, -1.000000000000000000 ) ) ;
#1187 = AXIS2_PLACEMENT_3D ( 'NONE', #4555, #3897, #7737 ) ;
#1188 = EDGE_LOOP ( 'NONE', ( #2806, #7578, #5825, #8341 ) ) ;
#1189 =( NAMED_UNIT ( * ) PLANE_ANGLE_UNIT ( ) SI_UNIT ( $, .RADIAN. ) );
#1190 = CARTESIAN_POINT ( 'NONE',  ( -0.3676825620835854624, -0.3702002513604397693, 0.2999999999999999334 ) ) ;
#1191 = CARTESIAN_POINT ( 'NONE',  ( 0.2028818377552522589, -0.1312581289235660031, 0.3009999999999999898 ) ) ;
#1192 = SURFACE_STYLE_FILL_AREA ( #7052 ) ;
#1193 =( NAMED_UNIT ( * ) SI_UNIT ( $, .STERADIAN. ) SOLID_ANGLE_UNIT ( ) );
#1194 = CARTESIAN_POINT ( 'NONE',  ( -6.115000000000001101, 0.4000000000000000222, 1.300000000000000044 ) ) ;
#1195 = PRESENTATION_LAYER_ASSIGNMENT (  '', '', ( #8419 ) ) ;
#1196 = LINE ( 'NONE', #8132, #7686 ) ;
#1197 = CARTESIAN_POINT ( 'NONE',  ( 4.044999999999999041, -0.4000000000000000222, 1.300000000000000044 ) ) ;
#1198 = UNCERTAINTY_MEASURE_WITH_UNIT (LENGTH_MEASURE( 1.000000000000000082E-05 ), #7748, 'distance_accuracy_value', 'NONE');
#1199 = VERTEX_POINT ( 'NONE', #4514 ) ;
#1200 =( LENGTH_UNIT ( ) NAMED_UNIT ( * ) SI_UNIT ( .MILLI., .METRE. ) );
#1201 = VECTOR ( 'NONE', #3580, 1000.000000000000114 ) ;
#1202 = MECHANICAL_DESIGN_GEOMETRIC_PRESENTATION_REPRESENTATION (  '', ( #6514 ), #3826 ) ;
#1203 = SURFACE_SIDE_STYLE ('',( #5255 ) ) ;
#1204 = SURFACE_STYLE_FILL_AREA ( #3786 ) ;
#1205 = VECTOR ( 'NONE', #8790, 1000.000000000000000 ) ;
#1206 = CARTESIAN_POINT ( 'NONE',  ( 0.1723637907839250805, -0.4029701047012048676, 0.3010000000000001008 ) ) ;
#1207 =( NAMED_UNIT ( * ) PLANE_ANGLE_UNIT ( ) SI_UNIT ( $, .RADIAN. ) );
#1208 = CARTESIAN_POINT ( 'NONE',  ( 3.374999999999999556, 0.07499999999999984457, -2.199999999999999734 ) ) ;
#1209 = CARTESIAN_POINT ( 'NONE',  ( -0.5446938326991747070, -0.1832025120280385000, 0.2999999999999999334 ) ) ;
#1210 = ORIENTED_EDGE ( 'NONE', *, *, #5987, .T. ) ;
#1211 = PRESENTATION_STYLE_ASSIGNMENT (( #9786 ) ) ;
#1213 = ORIENTED_EDGE ( 'NONE', *, *, #4806, .F. ) ;
#1212 = COLOUR_RGB ( '',1.000000000000000000, 1.000000000000000000, 1.000000000000000000 ) ;
#1214 = PLANE ( 'NONE',  #8855 ) ;
#1215 = DIRECTION ( 'NONE',  ( 0.000000000000000000, 1.000000000000000000, 0.000000000000000000 ) ) ;
#1216 = ORIENTED_EDGE ( 'NONE', *, *, #3028, .T. ) ;
#1217 = EDGE_CURVE ( 'NONE', #492, #8352, #5470, .T. ) ;
#1218 = ORIENTED_EDGE ( 'NONE', *, *, #6566, .T. ) ;
#1219 = CARTESIAN_POINT ( 'NONE',  ( -0.8350000000000006306, -0.07500000000000009437, -5.227200187265875542 ) ) ;
#1220 = PRESENTATION_STYLE_ASSIGNMENT (( #1770 ) ) ;
#1221 = CARTESIAN_POINT ( 'NONE',  ( 0.2094108932009234869, -0.4384491345902616910, 0.2999999999999999889 ) ) ;
#1222 = VECTOR ( 'NONE', #3093, 1000.000000000000000 ) ;
#1223 = VERTEX_POINT ( 'NONE', #5939 ) ;
#1224 = PRESENTATION_STYLE_ASSIGNMENT (( #7814 ) ) ;
#1225 = ORIENTED_EDGE ( 'NONE', *, *, #1411, .F. ) ;
#1226 = DIRECTION ( 'NONE',  ( 0.000000000000000000, -1.000000000000000000, 0.000000000000000000 ) ) ;
#1227 =( NAMED_UNIT ( * ) PLANE_ANGLE_UNIT ( ) SI_UNIT ( $, .RADIAN. ) );
#1228 = DIRECTION ( 'NONE',  ( -0.7071067811865475727, 0.000000000000000000, 0.7071067811865475727 ) ) ;
#1229 = CARTESIAN_POINT ( 'NONE',  ( 2.774999999999999023, 0.4000000000000000222, 1.300000000000000044 ) ) ;
#1230 = ORIENTED_EDGE ( 'NONE', *, *, #10064, .F. ) ;
#1231 = ADVANCED_FACE ( 'NONE', ( #4849 ), #2959, .F. ) ;
#1232 = SURFACE_STYLE_USAGE ( .BOTH. , #3470 ) ;
#1233 = ORIENTED_EDGE ( 'NONE', *, *, #3949, .T. ) ;
#1234 = DIRECTION ( 'NONE',  ( -0.000000000000000000, -0.000000000000000000, 1.000000000000000000 ) ) ;
#1235 = COLOUR_RGB ( '',0.5019607843137254832, 0.5019607843137254832, 0.5019607843137254832 ) ;
#1236 = CARTESIAN_POINT ( 'NONE',  ( -2.105000000000000870, -0.07500000000000009437, -5.227200187265875542 ) ) ;
#1237 = SURFACE_SIDE_STYLE ('',( #1791 ) ) ;
#1238 = ORIENTED_EDGE ( 'NONE', *, *, #8813, .F. ) ;
#1239 = ORIENTED_EDGE ( 'NONE', *, *, #6585, .T. ) ;
#1240 = CARTESIAN_POINT ( 'NONE',  ( 0.1268651614936064098, -0.1832662077609934215, 0.2999999999999999889 ) ) ;
#1241 = CARTESIAN_POINT ( 'NONE',  ( -0.2975604553391406615, -0.1444906523385408870, 0.3000000000000001554 ) ) ;
#1242 = VECTOR ( 'NONE', #102, 1000.000000000000000 ) ;
#1243 = AXIS2_PLACEMENT_3D ( 'NONE', #285, #1104, #7382 ) ;
#1244 = ORIENTED_EDGE ( 'NONE', *, *, #9083, .F. ) ;
#1245 = CARTESIAN_POINT ( 'NONE',  ( -0.3524031311893204288, -0.2818752016634324398, 0.3009999999999999898 ) ) ;
#1246 = EDGE_CURVE ( 'NONE', #9104, #8916, #631, .T. ) ;
#1247 = FILL_AREA_STYLE_COLOUR ( '', #9286 ) ;
#1248 = CARTESIAN_POINT ( 'NONE',  ( -3.175000000000000711, -0.07500000000000009437, -2.199999999999999734 ) ) ;
#1249 = SURFACE_STYLE_USAGE ( .BOTH. , #8235 ) ;
#1250 = VECTOR ( 'NONE', #3, 1000.000000000000000 ) ;
#1251 = ORIENTED_EDGE ( 'NONE', *, *, #1921, .T. ) ;
#1252 = SURFACE_SIDE_STYLE ('',( #3174 ) ) ;
#1253 = EDGE_CURVE ( 'NONE', #1489, #4181, #122, .T. ) ;
#1254 = LINE ( 'NONE', #3090, #5455 ) ;
#1255 = AXIS2_PLACEMENT_3D ( 'NONE', #4263, #5109, #5860 ) ;
#1256 = ADVANCED_FACE ( 'NONE', ( #5344 ), #2325, .T. ) ;
#1257 = ORIENTED_EDGE ( 'NONE', *, *, #1656, .F. ) ;
#1258 = CARTESIAN_POINT ( 'NONE',  ( -0.3901176431988317428, -0.3140006303143036970, 0.3009999999999999343 ) ) ;
#1259 = LINE ( 'NONE', #1506, #7026 ) ;
#1260 = DIRECTION ( 'NONE',  ( -0.000000000000000000, -0.000000000000000000, -1.000000000000000000 ) ) ;
#1261 = CARTESIAN_POINT ( 'NONE',  ( -0.3345026939452301340, -0.2123569930533761863, 0.3009999999999999343 ) ) ;
#1262 = CARTESIAN_POINT ( 'NONE',  ( -4.645000000000000462, 0.07499999999999990008, 0.2999999999999999889 ) ) ;
#1263 = FILL_AREA_STYLE_COLOUR ( '', #3508 ) ;
#1264 = PRESENTATION_LAYER_ASSIGNMENT (  '', '', ( #3021 ) ) ;
#1265 = AXIS2_PLACEMENT_3D ( 'NONE', #3962, #2297, #6336 ) ;
#1266 = DIRECTION ( 'NONE',  ( -0.000000000000000000, -0.000000000000000000, 1.000000000000000000 ) ) ;
#1267 = VECTOR ( 'NONE', #2028, 1000.000000000000000 ) ;
#1268 = LINE ( 'NONE', #7594, #2 ) ;
#1269 = CARTESIAN_POINT ( 'NONE',  ( -2.105000000000000870, 0.07499999999999990008, 0.2999999999999999889 ) ) ;
#1270 = DIRECTION ( 'NONE',  ( -0.000000000000000000, -1.000000000000000000, -0.000000000000000000 ) ) ;
#1271 = UNCERTAINTY_MEASURE_WITH_UNIT (LENGTH_MEASURE( 1.000000000000000082E-05 ), #10097, 'distance_accuracy_value', 'NONE');
#1272 = CARTESIAN_POINT ( 'NONE',  ( 0.2349999999999990985, 0.4000000000000000222, 1.300000000000000044 ) ) ;
#1273 = EDGE_CURVE ( 'NONE', #6263, #5555, #1144, .T. ) ;
#1274 = COLOUR_RGB ( '',1.000000000000000000, 1.000000000000000000, 1.000000000000000000 ) ;
#1275 = CARTESIAN_POINT ( 'NONE',  ( -0.3817725011811110014, -0.2209494454666282304, 0.3010000000000001008 ) ) ;
#1276 = CARTESIAN_POINT ( 'NONE',  ( 5.715000000000000746, -0.07500000000000012212, -2.199999999999999734 ) ) ;
#1277 = CARTESIAN_POINT ( 'NONE',  ( 0.2002432975190013564, -0.4054747431577429562, 0.3000000000000000444 ) ) ;
#1278 = CARTESIAN_POINT ( 'NONE',  ( 0.1268651614936064098, -0.1430223053219690232, 0.2999999999999999889 ) ) ;
#1279 = EDGE_CURVE ( 'NONE', #73, #8602, #4835, .T. ) ;
#1280 = FACE_OUTER_BOUND ( 'NONE', #6118, .T. ) ;
#1281 = DIRECTION ( 'NONE',  ( -1.000000000000000000, 0.000000000000000000, -0.000000000000000000 ) ) ;
#1282 = ORIENTED_EDGE ( 'NONE', *, *, #6188, .F. ) ;
#1283 = AXIS2_PLACEMENT_3D ( 'NONE', #2479, #1739, #2520 ) ;
#1284 =( GEOMETRIC_REPRESENTATION_CONTEXT ( 3 ) GLOBAL_UNCERTAINTY_ASSIGNED_CONTEXT ( ( #1890 ) ) GLOBAL_UNIT_ASSIGNED_CONTEXT ( ( #1681, #778, #3177 ) ) REPRESENTATION_CONTEXT ( 'NONE', 'WORKASPACE' ) );
#1285 = STYLED_ITEM ( 'NONE', ( #3714 ), #1018 ) ;
#1286 =( LENGTH_UNIT ( ) NAMED_UNIT ( * ) SI_UNIT ( .MILLI., .METRE. ) );
#1287 = ORIENTED_EDGE ( 'NONE', *, *, #4936, .T. ) ;
#1288 = ADVANCED_FACE ( 'NONE', ( #8122 ), #2976, .T. ) ;
#1289 = CARTESIAN_POINT ( 'NONE',  ( -1.505000000000001226, 0.4000000000000000222, 1.300000000000000044 ) ) ;
#1290 =( LENGTH_UNIT ( ) NAMED_UNIT ( * ) SI_UNIT ( .MILLI., .METRE. ) );
#1291 = EDGE_LOOP ( 'NONE', ( #8514, #483, #9464, #5760, #4428 ) ) ;
#1292 = VERTEX_POINT ( 'NONE', #4962 ) ;
#1293 = LINE ( 'NONE', #539, #6809 ) ;
#1294 = PRESENTATION_LAYER_ASSIGNMENT (  '', '', ( #3917 ) ) ;
#1295 = COLOUR_RGB ( '',1.000000000000000000, 1.000000000000000000, 1.000000000000000000 ) ;
#1296 = CARTESIAN_POINT ( 'NONE',  ( -2.305000000000001492, 0.4000000000000000222, 4.199999999999999289 ) ) ;
#1297 = LINE ( 'NONE', #2009, #7413 ) ;
#1298 = CARTESIAN_POINT ( 'NONE',  ( 0.2912081584527922984, -0.4158605038466192116, 0.2999999999999999334 ) ) ;
#1299 = PRESENTATION_LAYER_ASSIGNMENT (  '', '', ( #547 ) ) ;
#1300 = FILL_AREA_STYLE_COLOUR ( '', #3843 ) ;
#1301 = DIRECTION ( 'NONE',  ( 1.000000000000000000, 0.000000000000000000, 0.000000000000000000 ) ) ;
#1302 = DIRECTION ( 'NONE',  ( -1.016439536705160037E-16, -1.000000000000000000, -0.000000000000000000 ) ) ;
#1303 = CARTESIAN_POINT ( 'NONE',  ( -6.464999999999997193, 0.5000000000000000000, 0.2999999999999999889 ) ) ;
#1304 = ORIENTED_EDGE ( 'NONE', *, *, #9623, .F. ) ;
#1305 =( NAMED_UNIT ( * ) SI_UNIT ( $, .STERADIAN. ) SOLID_ANGLE_UNIT ( ) );
#1306 = LINE ( 'NONE', #8569, #7799 ) ;
#1307 = CYLINDRICAL_SURFACE ( 'NONE', #9213, 0.2000000000000000944 ) ;
#1308 = PRESENTATION_LAYER_ASSIGNMENT (  '', '', ( #80 ) ) ;
#1310 = ADVANCED_FACE ( 'NONE', ( #250 ), #6486, .T. ) ;
#1309 = DIRECTION ( 'NONE',  ( 0.000000000000000000, -0.000000000000000000, -1.000000000000000000 ) ) ;
#1311 = CARTESIAN_POINT ( 'NONE',  ( -0.1511836189941984931, -0.4347905980048958341, 0.3009999999999999898 ) ) ;
#1312 = PLANE ( 'NONE',  #3690 ) ;
#1313 = LINE ( 'NONE', #4499, #9296 ) ;
#1314 = ORIENTED_EDGE ( 'NONE', *, *, #1044, .T. ) ;
#1315 = FILL_AREA_STYLE ('',( #2141 ) ) ;
#1316 = EDGE_CURVE ( 'NONE', #1651, #9687, #1749, .T. ) ;
#1317 = STYLED_ITEM ( 'NONE', ( #3253 ), #5481 ) ;
#1318 = VECTOR ( 'NONE', #7517, 1000.000000000000000 ) ;
#1319 = EDGE_CURVE ( 'NONE', #245, #1370, #5699, .T. ) ;
#1320 = ORIENTED_EDGE ( 'NONE', *, *, #3184, .T. ) ;
#1321 = CARTESIAN_POINT ( 'NONE',  ( 4.844999999999999751, 0.4000000000000000222, 4.199999999999999289 ) ) ;
#1322 = SURFACE_STYLE_FILL_AREA ( #6788 ) ;
#1323 = PRESENTATION_STYLE_ASSIGNMENT (( #5062 ) ) ;
#1324 = PRESENTATION_LAYER_ASSIGNMENT (  '', '', ( #6719 ) ) ;
#1325 = UNCERTAINTY_MEASURE_WITH_UNIT (LENGTH_MEASURE( 1.000000000000000082E-05 ), #4366, 'distance_accuracy_value', 'NONE');
#1326 = SURFACE_SIDE_STYLE ('',( #6354 ) ) ;
#1327 = VERTEX_POINT ( 'NONE', #7148 ) ;
#1328 = DIRECTION ( 'NONE',  ( 0.000000000000000000, -1.000000000000000000, 0.000000000000000000 ) ) ;
#1329 = CARTESIAN_POINT ( 'NONE',  ( -0.3119694418486022580, -0.1895314762674392972, 0.3010000000000000453 ) ) ;
#1331 = ORIENTED_EDGE ( 'NONE', *, *, #977, .T. ) ;
#1330 = COLOUR_RGB ( '',1.000000000000000000, 1.000000000000000000, 1.000000000000000000 ) ;
#1332 = FILL_AREA_STYLE ('',( #6848 ) ) ;
#1333 = EDGE_CURVE ( 'NONE', #155, #9998, #2108, .T. ) ;
#1334 = PLANE ( 'NONE',  #3676 ) ;
#1335 = VECTOR ( 'NONE', #9631, 1000.000000000000000 ) ;
#1336 = ADVANCED_FACE ( 'NONE', ( #4466 ), #8745, .F. ) ;
#1337 = ORIENTED_EDGE ( 'NONE', *, *, #6525, .T. ) ;
#1338 = CARTESIAN_POINT ( 'NONE',  ( -0.5477918507015154814, -0.1713759638585543588, 0.2999999999999999889 ) ) ;
#1339 = CARTESIAN_POINT ( 'NONE',  ( -2.975000000000000089, 0.07499999999999984457, -5.227200187265875542 ) ) ;
#1340 =( LENGTH_UNIT ( ) NAMED_UNIT ( * ) SI_UNIT ( .MILLI., .METRE. ) );
#1341 = ORIENTED_EDGE ( 'NONE', *, *, #6335, .T. ) ;
#1342 = MECHANICAL_DESIGN_GEOMETRIC_PRESENTATION_REPRESENTATION (  '', ( #9994 ), #1858 ) ;
#1343 = PRESENTATION_LAYER_ASSIGNMENT (  '', '', ( #247 ) ) ;
#1344 = FILL_AREA_STYLE ('',( #6962 ) ) ;
#1346 = ORIENTED_EDGE ( 'NONE', *, *, #831, .T. ) ;
#1345 = DIRECTION ( 'NONE',  ( 0.000000000000000000, 0.000000000000000000, -1.000000000000000000 ) ) ;
#1347 = ORIENTED_EDGE ( 'NONE', *, *, #1785, .T. ) ;
#1348 = CARTESIAN_POINT ( 'NONE',  ( -0.2482805837756875411, -0.1679768480216788651, 0.3009999999999999898 ) ) ;
#1349 = CARTESIAN_POINT ( 'NONE',  ( -5.515000000000000568, -0.07500000000000012212, -2.199999999999999734 ) ) ;
#1350 = CYLINDRICAL_SURFACE ( 'NONE', #9995, 0.2000000000000000944 ) ;
#1351 = FILL_AREA_STYLE ('',( #9893 ) ) ;
#1352 = EDGE_CURVE ( 'NONE', #7566, #9530, #3951, .T. ) ;
#1353 = ORIENTED_EDGE ( 'NONE', *, *, #5009, .F. ) ;
#1354 = FACE_BOUND ( 'NONE', #1900, .T. ) ;
#1355 = PRESENTATION_LAYER_ASSIGNMENT (  '', '', ( #3295 ) ) ;
#1356 = CARTESIAN_POINT ( 'NONE',  ( -0.5446938326991747070, -0.1832025120280385000, 0.3009999999999999343 ) ) ;
#1357 = PRESENTATION_LAYER_ASSIGNMENT (  '', '', ( #5908 ) ) ;
#1358 = ORIENTED_EDGE ( 'NONE', *, *, #9890, .T. ) ;
#1359 = ORIENTED_EDGE ( 'NONE', *, *, #6964, .F. ) ;
#1360 = ORIENTED_EDGE ( 'NONE', *, *, #6731, .F. ) ;
#1361 = SURFACE_SIDE_STYLE ('',( #4632 ) ) ;
#1362 = PRESENTATION_STYLE_ASSIGNMENT (( #2003 ) ) ;
#1363 = FILL_AREA_STYLE ('',( #7525 ) ) ;
#1364 = CARTESIAN_POINT ( 'NONE',  ( -0.2720380982560677285, -0.1715084092360913692, 0.2999999999999998779 ) ) ;
#1365 = CARTESIAN_POINT ( 'NONE',  ( -0.1349999999999997036, -0.4000000000000000222, 4.299999999999999822 ) ) ;
#1366 = ORIENTED_EDGE ( 'NONE', *, *, #7553, .T. ) ;
#1367 = LINE ( 'NONE', #4064, #1965 ) ;
#1368 =( NAMED_UNIT ( * ) PLANE_ANGLE_UNIT ( ) SI_UNIT ( $, .RADIAN. ) );
#1369 = FACE_OUTER_BOUND ( 'NONE', #1158, .T. ) ;
#1370 = VERTEX_POINT ( 'NONE', #2962 ) ;
#1371 = DIRECTION ( 'NONE',  ( 0.000000000000000000, -0.000000000000000000, -1.000000000000000000 ) ) ;
#1372 = FILL_AREA_STYLE ('',( #3830 ) ) ;
#1373 = SURFACE_SIDE_STYLE ('',( #5091 ) ) ;
#1374 = SURFACE_SIDE_STYLE ('',( #5023 ) ) ;
#1375 = MECHANICAL_DESIGN_GEOMETRIC_PRESENTATION_REPRESENTATION (  '', ( #7482 ), #8407 ) ;
#1376 = DIRECTION ( 'NONE',  ( 1.000000000000000000, -1.355252715606879803E-16, 0.000000000000000000 ) ) ;
#1377 = SURFACE_STYLE_FILL_AREA ( #1135 ) ;
#1378 = EDGE_CURVE ( 'NONE', #7721, #4308, #1268, .T. ) ;
#1379 =( NAMED_UNIT ( * ) PLANE_ANGLE_UNIT ( ) SI_UNIT ( $, .RADIAN. ) );
#1380 =( NAMED_UNIT ( * ) PLANE_ANGLE_UNIT ( ) SI_UNIT ( $, .RADIAN. ) );
#1381 = CARTESIAN_POINT ( 'NONE',  ( 0.1351619739027334621, -0.3909881445814360479, 0.3009999999999999343 ) ) ;
#1382 = SURFACE_STYLE_FILL_AREA ( #2991 ) ;
#1383 = PRODUCT_RELATED_PRODUCT_CATEGORY ( 'part', '', ( #3931 ) ) ;
#1384 = UNCERTAINTY_MEASURE_WITH_UNIT (LENGTH_MEASURE( 1.000000000000000082E-05 ), #1080, 'distance_accuracy_value', 'NONE');
#1385 = EDGE_LOOP ( 'NONE', ( #6389, #6616, #9739, #4698 ) ) ;
#1386 = CARTESIAN_POINT ( 'NONE',  ( 2.304999999999998828, 0.4000000000000000222, 4.199999999999999289 ) ) ;
#1387 = LINE ( 'NONE', #1278, #6180 ) ;
#1388 = MECHANICAL_DESIGN_GEOMETRIC_PRESENTATION_REPRESENTATION (  '', ( #3334 ), #5803 ) ;
#1389 = LINE ( 'NONE', #1042, #9892 ) ;
#1390 = VECTOR ( 'NONE', #4864, 1000.000000000000000 ) ;
#1391 = CARTESIAN_POINT ( 'NONE',  ( -4.845000000000001528, 0.4000000000000000222, 4.199999999999999289 ) ) ;
#1392 = FACE_OUTER_BOUND ( 'NONE', #4311, .T. ) ;
#1393 = DIRECTION ( 'NONE',  ( 0.000000000000000000, 0.000000000000000000, -1.000000000000000000 ) ) ;
#1394 = VERTEX_POINT ( 'NONE', #618 ) ;
#1395 = DIRECTION ( 'NONE',  ( -0.5773502691896258421, 0.5773502691896255090, -0.5773502691896258421 ) ) ;
#1396 = CARTESIAN_POINT ( 'NONE',  ( -0.3203586493010897041, -0.1962067063044974913, 0.2999999999999999334 ) ) ;
#1397 = SURFACE_STYLE_USAGE ( .BOTH. , #2030 ) ;
#1398 = UNCERTAINTY_MEASURE_WITH_UNIT (LENGTH_MEASURE( 1.000000000000000082E-05 ), #763, 'distance_accuracy_value', 'NONE');
#1399 = COLOUR_RGB ( '',0.5019607843137254832, 0.5019607843137254832, 0.5019607843137254832 ) ;
#1400 = AXIS2_PLACEMENT_3D ( 'NONE', #5504, #8681, #9375 ) ;
#1401 = LINE ( 'NONE', #913, #521 ) ;
#1402 = CARTESIAN_POINT ( 'NONE',  ( -6.464999999999997193, -0.5000000000000000000, 0.2999999999999999889 ) ) ;
#1403 = COLOUR_RGB ( '',0.5019607843137254832, 0.5019607843137254832, 0.5019607843137254832 ) ;
#1404 =( LENGTH_UNIT ( ) NAMED_UNIT ( * ) SI_UNIT ( .MILLI., .METRE. ) );
#1405 = EDGE_CURVE ( 'NONE', #6271, #2084, #1868, .T. ) ;
#1406 = CARTESIAN_POINT ( 'NONE',  ( 4.044999999999999041, -0.4000000000000000222, 1.300000000000000044 ) ) ;
#1407 = SURFACE_STYLE_FILL_AREA ( #2929 ) ;
#1408 = CARTESIAN_POINT ( 'NONE',  ( 0.1876862366603105348, -0.1642015299028091735, 0.2999999999999999334 ) ) ;
#1409 = FILL_AREA_STYLE ('',( #6794 ) ) ;
#1410 = ORIENTED_EDGE ( 'NONE', *, *, #465, .T. ) ;
#1411 = EDGE_CURVE ( 'NONE', #7844, #6007, #9553, .T. ) ;
#1412 = SURFACE_SIDE_STYLE ('',( #2839 ) ) ;
#1413 = AXIS2_PLACEMENT_3D ( 'NONE', #4558, #7743, #8622 ) ;
#1414 = PRESENTATION_LAYER_ASSIGNMENT (  '', '', ( #7846 ) ) ;
#1415 =( GEOMETRIC_REPRESENTATION_CONTEXT ( 3 ) GLOBAL_UNCERTAINTY_ASSIGNED_CONTEXT ( ( #92 ) ) GLOBAL_UNIT_ASSIGNED_CONTEXT ( ( #3281, #921, #9645 ) ) REPRESENTATION_CONTEXT ( 'NONE', 'WORKASPACE' ) );
#1416 = DIRECTION ( 'NONE',  ( -1.000000000000000000, 0.000000000000000000, 0.000000000000000000 ) ) ;
#1417 = SURFACE_SIDE_STYLE ('',( #1527 ) ) ;
#1418 = ORIENTED_EDGE ( 'NONE', *, *, #572, .T. ) ;
#1419 = PRESENTATION_STYLE_ASSIGNMENT (( #1923 ) ) ;
#1420 = SURFACE_STYLE_FILL_AREA ( #7381 ) ;
#1421 = DIRECTION ( 'NONE',  ( 0.3393303772748775815, 0.9406672605435404400, 0.000000000000000000 ) ) ;
#1422 = STYLED_ITEM ( 'NONE', ( #6073 ), #9938 ) ;
#1423 = CARTESIAN_POINT ( 'NONE',  ( 5.314999999999999503, 0.4000000000000000222, 4.199999999999999289 ) ) ;
#1424 = ORIENTED_EDGE ( 'NONE', *, *, #6179, .T. ) ;
#1425 = CARTESIAN_POINT ( 'NONE',  ( 1.904999999999999583, -0.07500000000000012212, -2.199999999999999734 ) ) ;
#1426 =( LENGTH_UNIT ( ) NAMED_UNIT ( * ) SI_UNIT ( .MILLI., .METRE. ) );
#1427 = DIRECTION ( 'NONE',  ( -1.016439536705160037E-16, -1.000000000000000000, -0.000000000000000000 ) ) ;
#1428 = CARTESIAN_POINT ( 'NONE',  ( 6.464999999999998970, -0.5000000000000000000, 0.000000000000000000 ) ) ;
#1429 = VECTOR ( 'NONE', #9198, 1000.000000000000000 ) ;
#1430 = FILL_AREA_STYLE ('',( #7697 ) ) ;
#1431 = ADVANCED_FACE ( 'NONE', ( #242 ), #6046, .F. ) ;
#1432 = FACE_OUTER_BOUND ( 'NONE', #317, .T. ) ;
#1433 =( GEOMETRIC_REPRESENTATION_CONTEXT ( 3 ) GLOBAL_UNCERTAINTY_ASSIGNED_CONTEXT ( ( #4989 ) ) GLOBAL_UNIT_ASSIGNED_CONTEXT ( ( #4515, #6810, #6043 ) ) REPRESENTATION_CONTEXT ( 'NONE', 'WORKASPACE' ) );
#1434 = VERTEX_POINT ( 'NONE', #8317 ) ;
#1435 = FILL_AREA_STYLE_COLOUR ( '', #9407 ) ;
#1436 = DIRECTION ( 'NONE',  ( 1.000000000000000000, 0.000000000000000000, 0.000000000000000000 ) ) ;
#1437 = EDGE_CURVE ( 'NONE', #8959, #8950, #2967, .T. ) ;
#1438 = COLOUR_RGB ( '',0.5019607843137254832, 0.5019607843137254832, 0.5019607843137254832 ) ;
#1439 = DIRECTION ( 'NONE',  ( 0.000000000000000000, 0.000000000000000000, -1.000000000000000000 ) ) ;
#1440 = DIRECTION ( 'NONE',  ( -0.7071067811865475727, 0.000000000000000000, 0.7071067811865475727 ) ) ;
#1442 = VERTEX_POINT ( 'NONE', #6132 ) ;
#1441 = PRESENTATION_STYLE_ASSIGNMENT (( #10001 ) ) ;
#1443 = DIRECTION ( 'NONE',  ( -0.000000000000000000, 0.000000000000000000, 1.000000000000000000 ) ) ;
#1444 = CARTESIAN_POINT ( 'NONE',  ( 0.3097919907618990609, -0.2879918175170909644, 0.3009999999999999898 ) ) ;
#1445 = PRESENTATION_STYLE_ASSIGNMENT (( #4144 ) ) ;
#1446 = SURFACE_STYLE_USAGE ( .BOTH. , #10175 ) ;
#1447 = LINE ( 'NONE', #9986, #2535 ) ;
#1448 = EDGE_CURVE ( 'NONE', #6875, #7721, #624, .T. ) ;
#1449 = STYLED_ITEM ( 'NONE', ( #7683 ), #5521 ) ;
#1450 = ORIENTED_EDGE ( 'NONE', *, *, #862, .T. ) ;
#1451 = CARTESIAN_POINT ( 'NONE',  ( -0.3113220955537425727, -0.1500241597020889606, 0.2999999999999999334 ) ) ;
#1452 = PRESENTATION_LAYER_ASSIGNMENT (  '', '', ( #372 ) ) ;
#1453 = FILL_AREA_STYLE_COLOUR ( '', #4538 ) ;
#1454 = ORIENTED_EDGE ( 'NONE', *, *, #2440, .T. ) ;
#1455 = VECTOR ( 'NONE', #4389, 1000.000000000000000 ) ;
#1456 = MECHANICAL_DESIGN_GEOMETRIC_PRESENTATION_REPRESENTATION (  '', ( #171 ), #5018 ) ;
#1457 = EDGE_LOOP ( 'NONE', ( #7608, #6040, #6021, #1347 ) ) ;
#1458 = FILL_AREA_STYLE_COLOUR ( '', #1403 ) ;
#1459 = ORIENTED_EDGE ( 'NONE', *, *, #4822, .F. ) ;
#1460 = CARTESIAN_POINT ( 'NONE',  ( -0.5446938326991747070, -0.1832025120280385000, 0.3009999999999999343 ) ) ;
#1461 = PRODUCT_DEFINITION_SHAPE ( 'NONE', 'NONE',  #3812 ) ;
#1462 = FILL_AREA_STYLE ('',( #9268 ) ) ;
#1463 = DIRECTION ( 'NONE',  ( 0.000000000000000000, 0.000000000000000000, 1.000000000000000000 ) ) ;
#1464 =( NAMED_UNIT ( * ) PLANE_ANGLE_UNIT ( ) SI_UNIT ( $, .RADIAN. ) );
#1465 = CARTESIAN_POINT ( 'NONE',  ( -0.3481350457054549485, -0.2433066776090683225, 0.3010000000000000453 ) ) ;
#1466 = EDGE_CURVE ( 'NONE', #7179, #1292, #8113, .T. ) ;
#1467 = LINE ( 'NONE', #4819, #6484 ) ;
#1468 = CARTESIAN_POINT ( 'NONE',  ( 5.715000000000000746, -0.07500000000000012212, -2.199999999999999734 ) ) ;
#1469 = ORIENTED_EDGE ( 'NONE', *, *, #4194, .F. ) ;
#1470 = FACE_BOUND ( 'NONE', #6744, .T. ) ;
#1471 = ORIENTED_EDGE ( 'NONE', *, *, #9771, .T. ) ;
#1472 = UNCERTAINTY_MEASURE_WITH_UNIT (LENGTH_MEASURE( 1.000000000000000082E-05 ), #3955, 'distance_accuracy_value', 'NONE');
#1473 = CARTESIAN_POINT ( 'NONE',  ( 0.2290930808300303267, -0.1336198203544676222, 0.2999999999999999334 ) ) ;
#1474 = STYLED_ITEM ( 'NONE', ( #3045 ), #4681 ) ;
#1475 = STYLED_ITEM ( 'NONE', ( #6010 ), #8711 ) ;
#1476 = FILL_AREA_STYLE ('',( #5463 ) ) ;
#1477 = ORIENTED_EDGE ( 'NONE', *, *, #1772, .F. ) ;
#1478 = EDGE_LOOP ( 'NONE', ( #6397, #1597, #5148, #8584 ) ) ;
#1479 = SURFACE_STYLE_FILL_AREA ( #4415 ) ;
#1480 = CARTESIAN_POINT ( 'NONE',  ( 1.504999999999998561, 0.4000000000000000222, 4.199999999999999289 ) ) ;
#1481 = PLANE ( 'NONE',  #9930 ) ;
#1482 = SURFACE_STYLE_FILL_AREA ( #9395 ) ;
#1483 = DIRECTION ( 'NONE',  ( -0.000000000000000000, 0.000000000000000000, 1.000000000000000000 ) ) ;
#1484 = FACE_OUTER_BOUND ( 'NONE', #6086, .T. ) ;
#1485 = ORIENTED_EDGE ( 'NONE', *, *, #3210, .T. ) ;
#1486 =( NAMED_UNIT ( * ) PLANE_ANGLE_UNIT ( ) SI_UNIT ( $, .RADIAN. ) );
#1487 = CARTESIAN_POINT ( 'NONE',  ( 0.1931004239707736214, -0.4053809629803714620, 0.3009999999999999898 ) ) ;
#1488 = VERTEX_POINT ( 'NONE', #512 ) ;
#1489 = VERTEX_POINT ( 'NONE', #5222 ) ;
#1490 = ADVANCED_FACE ( 'NONE', ( #4957 ), #4474, .T. ) ;
#1491 = VECTOR ( 'NONE', #7277, 1000.000000000000000 ) ;
#1492 = DIRECTION ( 'NONE',  ( 0.5773502691896258421, 0.5773502691896255090, 0.5773502691896258421 ) ) ;
#1493 = PRESENTATION_LAYER_ASSIGNMENT (  '', '', ( #3976 ) ) ;
#1494 = ORIENTED_EDGE ( 'NONE', *, *, #8014, .F. ) ;
#1495 =( NAMED_UNIT ( * ) PLANE_ANGLE_UNIT ( ) SI_UNIT ( $, .RADIAN. ) );
#1496 = VECTOR ( 'NONE', #5642, 1000.000000000000000 ) ;
#1497 = PRESENTATION_LAYER_ASSIGNMENT (  '', '', ( #3571 ) ) ;
#1498 =( LENGTH_UNIT ( ) NAMED_UNIT ( * ) SI_UNIT ( .MILLI., .METRE. ) );
#1499 = CARTESIAN_POINT ( 'NONE',  ( 0.1439563414391988594, -0.3948170710974103215, 0.3000000000000000444 ) ) ;
#1500 = SURFACE_STYLE_USAGE ( .BOTH. , #3181 ) ;
#1501 = CARTESIAN_POINT ( 'NONE',  ( -2.674999999999999378, -0.5000000000000011102, 4.299999999999999822 ) ) ;
#1502 = CARTESIAN_POINT ( 'NONE',  ( -0.2356729482624911332, -0.1677174272731885296, 0.3009999999999999898 ) ) ;
#1503 = ORIENTED_EDGE ( 'NONE', *, *, #45, .F. ) ;
#1504 =( NAMED_UNIT ( * ) PLANE_ANGLE_UNIT ( ) SI_UNIT ( $, .RADIAN. ) );
#1505 = STYLED_ITEM ( 'NONE', ( #911 ), #638 ) ;
#1506 = CARTESIAN_POINT ( 'NONE',  ( 0.6350000000000001199, 0.000000000000000000, -2.399999999999999911 ) ) ;
#1507 = LINE ( 'NONE', #2257, #1741 ) ;
#1508 = COLOUR_RGB ( '',1.000000000000000000, 1.000000000000000000, 1.000000000000000000 ) ;
#1509 = PRESENTATION_STYLE_ASSIGNMENT (( #7337 ) ) ;
#1510 = DIRECTION ( 'NONE',  ( 1.355252715606880296E-16, 1.000000000000000000, 0.000000000000000000 ) ) ;
#1511 =( NAMED_UNIT ( * ) PLANE_ANGLE_UNIT ( ) SI_UNIT ( $, .RADIAN. ) );
#1512 = CARTESIAN_POINT ( 'NONE',  ( -4.245000000000000107, -0.07500000000000012212, 0.2999999999999999889 ) ) ;
#1513 = COLOUR_RGB ( '',0.5019607843137254832, 0.5019607843137254832, 0.5019607843137254832 ) ;
#1514 = CARTESIAN_POINT ( 'NONE',  ( 2.974999999999999201, 0.07499999999999990008, 0.2999999999999999889 ) ) ;
#1515 = CARTESIAN_POINT ( 'NONE',  ( -0.5524221860673690365, -0.1924125492244080360, 0.3009999999999999898 ) ) ;
#1516 = PRESENTATION_STYLE_ASSIGNMENT (( #4241 ) ) ;
#1517 = EDGE_CURVE ( 'NONE', #1434, #10144, #874, .T. ) ;
#1518 = VECTOR ( 'NONE', #1657, 1000.000000000000000 ) ;
#1519 =( NAMED_UNIT ( * ) PLANE_ANGLE_UNIT ( ) SI_UNIT ( $, .RADIAN. ) );
#1520 = UNCERTAINTY_MEASURE_WITH_UNIT (LENGTH_MEASURE( 1.000000000000000082E-05 ), #2594, 'distance_accuracy_value', 'NONE');
#1521 = EDGE_CURVE ( 'NONE', #7312, #7118, #6533, .T. ) ;
#1522 =( NAMED_UNIT ( * ) PLANE_ANGLE_UNIT ( ) SI_UNIT ( $, .RADIAN. ) );
#1523 = CARTESIAN_POINT ( 'NONE',  ( 0.3097919907618990609, -0.2879918175170909644, 0.3009999999999999898 ) ) ;
#1524 = LINE ( 'NONE', #3404, #6540 ) ;
#1525 = DIRECTION ( 'NONE',  ( -1.016439536705160037E-16, -1.000000000000000000, -0.000000000000000000 ) ) ;
#1526 = VERTEX_POINT ( 'NONE', #3925 ) ;
#1527 = SURFACE_STYLE_FILL_AREA ( #6120 ) ;
#1528 = PLANE ( 'NONE',  #686 ) ;
#1529 = CARTESIAN_POINT ( 'NONE',  ( -3.575000000000001066, -0.4000000000000000222, 4.199999999999999289 ) ) ;
#1530 = LINE ( 'NONE', #9413, #9657 ) ;
#1531 = CARTESIAN_POINT ( 'NONE',  ( 0.4349999999999996092, -0.07500000000000009437, -2.199999999999999734 ) ) ;
#1532 = FILL_AREA_STYLE ('',( #7691 ) ) ;
#1533 = DIRECTION ( 'NONE',  ( -0.000000000000000000, -0.000000000000000000, 1.000000000000000000 ) ) ;
#1534 = AXIS2_PLACEMENT_3D ( 'NONE', #10050, #8576, #3855 ) ;
#1535 = STYLED_ITEM ( 'NONE', ( #9220 ), #7996 ) ;
#1536 = ADVANCED_FACE ( 'NONE', ( #4705 ), #6171, .T. ) ;
#1537 = ORIENTED_EDGE ( 'NONE', *, *, #1978, .T. ) ;
#1538 =( NAMED_UNIT ( * ) SI_UNIT ( $, .STERADIAN. ) SOLID_ANGLE_UNIT ( ) );
#1539 = PLANE ( 'NONE',  #1910 ) ;
#1540 = SURFACE_SIDE_STYLE ('',( #5770 ) ) ;
#1541 = EDGE_CURVE ( 'NONE', #5423, #6877, #2217, .T. ) ;
#1542 = SURFACE_STYLE_FILL_AREA ( #1372 ) ;
#1543 = ORIENTED_EDGE ( 'NONE', *, *, #3073, .T. ) ;
#1544 = MECHANICAL_DESIGN_GEOMETRIC_PRESENTATION_REPRESENTATION (  '', ( #10203 ), #2980 ) ;
#1545 = CARTESIAN_POINT ( 'NONE',  ( 0.1431755078278772464, -0.1747829948208760587, 0.2999999999999999889 ) ) ;
#1546 =( GEOMETRIC_REPRESENTATION_CONTEXT ( 3 ) GLOBAL_UNCERTAINTY_ASSIGNED_CONTEXT ( ( #4532 ) ) GLOBAL_UNIT_ASSIGNED_CONTEXT ( ( #998, #7249, #3350 ) ) REPRESENTATION_CONTEXT ( 'NONE', 'WORKASPACE' ) );
#1547 = SURFACE_SIDE_STYLE ('',( #8542 ) ) ;
#1548 = LINE ( 'NONE', #5027, #3993 ) ;
#1549 = DIRECTION ( 'NONE',  ( 1.000000000000000000, 0.000000000000000000, 0.000000000000000000 ) ) ;
#1550 = VERTEX_POINT ( 'NONE', #6914 ) ;
#1551 = CARTESIAN_POINT ( 'NONE',  ( 0.3058820228629207660, -0.3252699600941914571, 0.2999999999999999334 ) ) ;
#1552 = PRESENTATION_STYLE_ASSIGNMENT (( #1500 ) ) ;
#1553 = LINE ( 'NONE', #4312, #797 ) ;
#1554 = FILL_AREA_STYLE_COLOUR ( '', #1274 ) ;
#1555 = EDGE_LOOP ( 'NONE', ( #9515, #10251, #2979, #9626 ) ) ;
#1556 = FILL_AREA_STYLE_COLOUR ( '', #3019 ) ;
#1557 = CARTESIAN_POINT ( 'NONE',  ( 0.1268651614936064098, -0.1430223053219690232, 0.3009999999999999898 ) ) ;
#1558 = CARTESIAN_POINT ( 'NONE',  ( -0.2829841600898753140, -0.1746711753060409822, 0.3000000000000001554 ) ) ;
#1559 = DIRECTION ( 'NONE',  ( 0.000000000000000000, -1.000000000000000000, 0.000000000000000000 ) ) ;
#1561 = ORIENTED_EDGE ( 'NONE', *, *, #7576, .T. ) ;
#1560 = COLOUR_RGB ( '',1.000000000000000000, 1.000000000000000000, 1.000000000000000000 ) ;
#1562 = AXIS2_PLACEMENT_3D ( 'NONE', #7561, #2869, #3641 ) ;
#1563 = SURFACE_STYLE_FILL_AREA ( #8995 ) ;
#1564 =( GEOMETRIC_REPRESENTATION_CONTEXT ( 3 ) GLOBAL_UNCERTAINTY_ASSIGNED_CONTEXT ( ( #2826 ) ) GLOBAL_UNIT_ASSIGNED_CONTEXT ( ( #4572, #8573, #9365 ) ) REPRESENTATION_CONTEXT ( 'NONE', 'WORKASPACE' ) );
#1565 = FILL_AREA_STYLE_COLOUR ( '', #4729 ) ;
#1566 = ORIENTED_EDGE ( 'NONE', *, *, #1924, .T. ) ;
#1567 = B_SPLINE_CURVE_WITH_KNOTS ( 'NONE', 3,
 ( #9727, #8956, #5865, #256, #3171, #5585, #6351, #1261, #9135, #9945, #7508, #8295, #2843, #4443, #5652, #10004, #1348, #8206, #3497 ),
 .UNSPECIFIED., .F., .F.,
 ( 4, 1, 1, 1, 1, 1, 1, 1, 1, 1, 1, 1, 1, 1, 1, 1, 4 ),
 ( 0.000000000000000000, 0.07430379644281602525, 0.1443936103644178348, 0.2104994961032798373, 0.2735426065034681775, 0.3338247445790735735, 0.3925296724085028388, 0.4500874545995854348, 0.5078206115557880596, 0.5654649127768465178, 0.6231487223336197312, 0.6812971927909353687, 0.7409134981565806966, 0.8018557521958579182, 0.8652412377209434124, 0.9309416570467443641, 1.000000000000000000 ),
 .UNSPECIFIED. ) ;
#1568 = DIRECTION ( 'NONE',  ( -0.000000000000000000, -0.000000000000000000, -1.000000000000000000 ) ) ;
#1569 = EDGE_CURVE ( 'NONE', #6099, #3398, #4074, .T. ) ;
#1571 = VERTEX_POINT ( 'NONE', #5465 ) ;
#1570 = PRESENTATION_STYLE_ASSIGNMENT (( #2847 ) ) ;
#1572 = CARTESIAN_POINT ( 'NONE',  ( 4.844999999999999751, 0.4000000000000000222, 1.300000000000000044 ) ) ;
#1573 = CARTESIAN_POINT ( 'NONE',  ( -0.4972583141161497355, -0.3177174272731885241, 0.3009999999999999898 ) ) ;
#1574 = FACE_OUTER_BOUND ( 'NONE', #423, .T. ) ;
#1575 = CARTESIAN_POINT ( 'NONE',  ( -5.315000000000001279, 0.4000000000000000222, 1.300000000000000044 ) ) ;
#1576 = B_SPLINE_SURFACE_WITH_KNOTS ( 'NONE', 3, 1, ( 
 ( #6133, #9334 ),
 ( #4612, #10190 ),
 ( #7797, #2291 ),
 ( #7827, #10216 ),
 ( #17, #8642 ),
 ( #3120, #4722 ),
 ( #5568, #10261 ) ),
 .UNSPECIFIED., .F., .F., .F.,
 ( 4, 1, 1, 1, 4 ),
 ( 2, 2 ),
 ( 0.000000000000000000, 0.1744817153170506174, 0.3982857591281120935, 0.6738978473986667606, 1.000000000000000000 ),
 ( 0.000000000000000000, 1.000000000000000000 ),
 .UNSPECIFIED. ) ;
#1577 = PRESENTATION_STYLE_ASSIGNMENT (( #3608 ) ) ;
#1578 = ORIENTED_EDGE ( 'NONE', *, *, #7546, .T. ) ;
#1579 = CARTESIAN_POINT ( 'NONE',  ( 0.2094108932009234869, -0.4384491345902616910, 0.2999999999999999889 ) ) ;
#1580 = UNCERTAINTY_MEASURE_WITH_UNIT (LENGTH_MEASURE( 1.000000000000000082E-05 ), #7034, 'distance_accuracy_value', 'NONE');
#1581 = ORIENTED_EDGE ( 'NONE', *, *, #9969, .F. ) ;
#1582 = FILL_AREA_STYLE ('',( #739 ) ) ;
#1583 = DIRECTION ( 'NONE',  ( 0.000000000000000000, 1.000000000000000000, 0.000000000000000000 ) ) ;
#1584 = EDGE_CURVE ( 'NONE', #1962, #9324, #1507, .T. ) ;
#1585 =( GEOMETRIC_REPRESENTATION_CONTEXT ( 3 ) GLOBAL_UNCERTAINTY_ASSIGNED_CONTEXT ( ( #2505 ) ) GLOBAL_UNIT_ASSIGNED_CONTEXT ( ( #7703, #6145, #10133 ) ) REPRESENTATION_CONTEXT ( 'NONE', 'WORKASPACE' ) );
#1586 = ORIENTED_EDGE ( 'NONE', *, *, #7709, .F. ) ;
#1587 = ORIENTED_EDGE ( 'NONE', *, *, #1411, .T. ) ;
#1588 = DIRECTION ( 'NONE',  ( 1.000000000000000000, 0.000000000000000000, 0.000000000000000000 ) ) ;
#1589 = VECTOR ( 'NONE', #764, 1000.000000000000000 ) ;
#1590 = CARTESIAN_POINT ( 'NONE',  ( 0.3497586413254719084, -0.3065248754915216312, 0.2999999999999999889 ) ) ;
#1591 = ORIENTED_EDGE ( 'NONE', *, *, #1065, .F. ) ;
#1592 = CIRCLE ( 'NONE', #5414, 0.1999999999999999833 ) ;
#1593 = AXIS2_PLACEMENT_3D ( 'NONE', #1573, #7069, #1640 ) ;
#1594 = MECHANICAL_DESIGN_GEOMETRIC_PRESENTATION_REPRESENTATION (  '', ( #518 ), #8973 ) ;
#1595 = SURFACE_STYLE_USAGE ( .BOTH. , #10257 ) ;
#1596 = CARTESIAN_POINT ( 'NONE',  ( 0.2028818377552522589, -0.1312581289235660031, 0.3000000000000000999 ) ) ;
#1597 = ORIENTED_EDGE ( 'NONE', *, *, #433, .F. ) ;
#1598 = CARTESIAN_POINT ( 'NONE',  ( 0.06832857612775269929, -0.4347905980048958341, 0.3009999999999999898 ) ) ;
#1599 = LINE ( 'NONE', #8433, #3792 ) ;
#1600 = SURFACE_SIDE_STYLE ('',( #409 ) ) ;
#1601 = FILL_AREA_STYLE ('',( #397 ) ) ;
#1602 = CARTESIAN_POINT ( 'NONE',  ( 1.504999999999998561, 0.4000000000000000222, 4.199999999999999289 ) ) ;
#1603 = EDGE_CURVE ( 'NONE', #177, #2430, #3566, .T. ) ;
#1604 = CARTESIAN_POINT ( 'NONE',  ( 0.1974634846643381070, -0.1311320614195299883, 0.3009999999999999898 ) ) ;
#1605 = EDGE_LOOP ( 'NONE', ( #1537, #447, #1812, #9427 ) ) ;
#1606 = EDGE_CURVE ( 'NONE', #8266, #2367, #1254, .T. ) ;
#1607 = VERTEX_POINT ( 'NONE', #924 ) ;
#1608 = CARTESIAN_POINT ( 'NONE',  ( -0.2941777202965055182, -0.3897120839094200262, 0.3000000000000001554 ) ) ;
#1609 =( GEOMETRIC_REPRESENTATION_CONTEXT ( 3 ) GLOBAL_UNCERTAINTY_ASSIGNED_CONTEXT ( ( #4928 ) ) GLOBAL_UNIT_ASSIGNED_CONTEXT ( ( #9923, #6824, #3586 ) ) REPRESENTATION_CONTEXT ( 'NONE', 'WORKASPACE' ) );
#1610 = AXIS2_PLACEMENT_3D ( 'NONE', #8225, #6628, #5205 ) ;
#1611 = MECHANICAL_DESIGN_GEOMETRIC_PRESENTATION_REPRESENTATION (  '', ( #9316 ), #1546 ) ;
#1612 = FILL_AREA_STYLE_COLOUR ( '', #2812 ) ;
#1613 = VERTEX_POINT ( 'NONE', #4059 ) ;
#1614 =( NAMED_UNIT ( * ) SI_UNIT ( $, .STERADIAN. ) SOLID_ANGLE_UNIT ( ) );
#1615 = VECTOR ( 'NONE', #9020, 1000.000000000000000 ) ;
#1616 = ORIENTED_EDGE ( 'NONE', *, *, #1642, .F. ) ;
#1617 = CARTESIAN_POINT ( 'NONE',  ( 0.1971204968594600648, -0.1640588906878226727, 0.2999999999999999889 ) ) ;
#1618 = CARTESIAN_POINT ( 'NONE',  ( 0.2985468887969255358, -0.3468285712710282853, 0.3009999999999999343 ) ) ;
#1619 = DIRECTION ( 'NONE',  ( 0.000000000000000000, 1.000000000000000000, 0.000000000000000000 ) ) ;
#1620 = ORIENTED_EDGE ( 'NONE', *, *, #2299, .T. ) ;
#1621 = DIRECTION ( 'NONE',  ( 0.000000000000000000, 1.000000000000000000, 0.000000000000000000 ) ) ;
#1622 = AXIS2_PLACEMENT_3D ( 'NONE', #3546, #1976, #9881 ) ;
#1623 = PRESENTATION_STYLE_ASSIGNMENT (( #8474 ) ) ;
#1624 = DIRECTION ( 'NONE',  ( -0.000000000000000000, 0.000000000000000000, -1.000000000000000000 ) ) ;
#1625 = CARTESIAN_POINT ( 'NONE',  ( 0.3500358932009234314, -0.2904498967853836322, 0.3009999999999999898 ) ) ;
#1626 = COLOUR_RGB ( '',1.000000000000000000, 1.000000000000000000, 1.000000000000000000 ) ;
#1627 = VECTOR ( 'NONE', #2090, 1000.000000000000000 ) ;
#1628 = DIRECTION ( 'NONE',  ( -1.000000000000000000, 1.016439536705160037E-16, -0.000000000000000000 ) ) ;
#1629 = CARTESIAN_POINT ( 'NONE',  ( -0.6853299604576130744, -0.4347905980048958341, 0.2999999999999999889 ) ) ;
#1630 =( LENGTH_UNIT ( ) NAMED_UNIT ( * ) SI_UNIT ( .MILLI., .METRE. ) );
#1631 = LINE ( 'NONE', #8746, #6303 ) ;
#1632 = EDGE_CURVE ( 'NONE', #5423, #5555, #7509, .T. ) ;
#1633 = CARTESIAN_POINT ( 'NONE',  ( 0.02808467368872833575, -0.2664979150780665829, 0.3009999999999999898 ) ) ;
#1634 = VECTOR ( 'NONE', #989, 1000.000000000000000 ) ;
#1635 = COLOUR_RGB ( '',1.000000000000000000, 1.000000000000000000, 1.000000000000000000 ) ;
#1636 = UNCERTAINTY_MEASURE_WITH_UNIT (LENGTH_MEASURE( 1.000000000000000082E-05 ), #1997, 'distance_accuracy_value', 'NONE');
#1637 = ORIENTED_EDGE ( 'NONE', *, *, #7279, .F. ) ;
#1638 = B_SPLINE_CURVE_WITH_KNOTS ( 'NONE', 3,
 ( #7029, #2445, #2303, #7835, #4730, #7067, #5474, #9449, #2404, #9554, #3188, #729, #3900, #24, #7158, #7805, #830, #6342, #9411 ),
 .UNSPECIFIED., .F., .F.,
 ( 4, 1, 1, 1, 1, 1, 1, 1, 1, 1, 1, 1, 1, 1, 1, 1, 4 ),
 ( 0.000000000000000000, 0.06783324845577354267, 0.1326555365079041537, 0.1950508840508276553, 0.2555829330687771073, 0.3147998341472897366, 0.3736004728263745966, 0.4325455953267435816, 0.4924306292835653465, 0.5526712559629693988, 0.6125130441881163623, 0.6726102503570062785, 0.7338383693139457487, 0.7965942385677736715, 0.8614497992905730817, 0.9291989423509053880, 0.9999999999999998890 ),
 .UNSPECIFIED. ) ;
#1639 = CARTESIAN_POINT ( 'NONE',  ( -2.105000000000000870, -0.07500000000000009437, -5.227200187265875542 ) ) ;
#1640 = DIRECTION ( 'NONE',  ( 0.000000000000000000, -0.000000000000000000, -1.000000000000000000 ) ) ;
#1641 = CARTESIAN_POINT ( 'NONE',  ( -0.6414275214332227915, -0.4347905980048958341, 0.3009999999999999898 ) ) ;
#1642 = EDGE_CURVE ( 'NONE', #3258, #9017, #9376, .T. ) ;
#1643 = DIRECTION ( 'NONE',  ( 1.000000000000000000, 0.000000000000000000, 0.000000000000000000 ) ) ;
#1644 = ADVANCED_FACE ( 'NONE', ( #4605 ), #9501, .T. ) ;
#1645 = EDGE_CURVE ( 'NONE', #8950, #5412, #622, .T. ) ;
#1646 = CARTESIAN_POINT ( 'NONE',  ( 0.1604017222396391662, -0.1687730531197441652, 0.3000000000000000444 ) ) ;
#1647 = CARTESIAN_POINT ( 'NONE',  ( 0.3026983203536069422, -0.3364002694480690558, 0.3010000000000000453 ) ) ;
#1648 = CARTESIAN_POINT ( 'NONE',  ( -0.6853299604576130744, -0.4347905980048958341, 0.3009999999999999898 ) ) ;
#1649 = PRESENTATION_STYLE_ASSIGNMENT (( #8315 ) ) ;
#1650 =( GEOMETRIC_REPRESENTATION_CONTEXT ( 3 ) GLOBAL_UNCERTAINTY_ASSIGNED_CONTEXT ( ( #3896 ) ) GLOBAL_UNIT_ASSIGNED_CONTEXT ( ( #316, #7474, #8301 ) ) REPRESENTATION_CONTEXT ( 'NONE', 'WORKASPACE' ) );
#1651 = VERTEX_POINT ( 'NONE', #3989 ) ;
#1652 = DIRECTION ( 'NONE',  ( -0.000000000000000000, -0.000000000000000000, 1.000000000000000000 ) ) ;
#1653 = LINE ( 'NONE', #3730, #2492 ) ;
#1654 = CARTESIAN_POINT ( 'NONE',  ( 0.3097086448068609998, -0.2923781792258223211, 0.2999999999999999334 ) ) ;
#1655 = DIRECTION ( 'NONE',  ( 1.000000000000000000, 0.000000000000000000, 0.000000000000000000 ) ) ;
#1656 = EDGE_CURVE ( 'NONE', #6992, #530, #1977, .T. ) ;
#1657 = DIRECTION ( 'NONE',  ( -0.000000000000000000, -0.000000000000000000, 1.000000000000000000 ) ) ;
#1658 = CARTESIAN_POINT ( 'NONE',  ( 0.2841159521668571997, -0.1555675712501025931, 0.3010000000000000453 ) ) ;
#1659 = ORIENTED_EDGE ( 'NONE', *, *, #10007, .T. ) ;
#1660 =( NAMED_UNIT ( * ) SI_UNIT ( $, .STERADIAN. ) SOLID_ANGLE_UNIT ( ) );
#1661 = SURFACE_STYLE_USAGE ( .BOTH. , #1759 ) ;
#1662 =( GEOMETRIC_REPRESENTATION_CONTEXT ( 3 ) GLOBAL_UNCERTAINTY_ASSIGNED_CONTEXT ( ( #5809 ) ) GLOBAL_UNIT_ASSIGNED_CONTEXT ( ( #1156, #3429, #300 ) ) REPRESENTATION_CONTEXT ( 'NONE', 'WORKASPACE' ) );
#1663 = AXIS2_PLACEMENT_3D ( 'NONE', #2472, #9652, #7152 ) ;
#1664 = PRESENTATION_LAYER_ASSIGNMENT (  '', '', ( #7960 ) ) ;
#1665 = VECTOR ( 'NONE', #4217, 1000.000000000000000 ) ;
#1666 = ORIENTED_EDGE ( 'NONE', *, *, #6525, .F. ) ;
#1667 = CARTESIAN_POINT ( 'NONE',  ( -0.3506771541010589299, -0.3085250457180861994, 0.3000000000000000999 ) ) ;
#1668 =( NAMED_UNIT ( * ) SI_UNIT ( $, .STERADIAN. ) SOLID_ANGLE_UNIT ( ) );
#1669 = CARTESIAN_POINT ( 'NONE',  ( -6.115000000000001101, 0.4000000000000000222, 4.199999999999999289 ) ) ;
#1670 = FACE_OUTER_BOUND ( 'NONE', #2049, .T. ) ;
#1671 = CARTESIAN_POINT ( 'NONE',  ( -0.09264703362834485201, -0.4347905980048958341, 0.2999999999999999889 ) ) ;
#1672 = DIRECTION ( 'NONE',  ( -0.000000000000000000, -0.000000000000000000, 1.000000000000000000 ) ) ;
#1673 = STYLED_ITEM ( 'NONE', ( #8684 ), #9195 ) ;
#1674 = DIRECTION ( 'NONE',  ( 1.016439536705160037E-16, 1.000000000000000000, 0.000000000000000000 ) ) ;
#1675 = EDGE_LOOP ( 'NONE', ( #6847, #9725, #5249, #2591 ) ) ;
#1676 = FILL_AREA_STYLE ('',( #6387 ) ) ;
#1677 =( LENGTH_UNIT ( ) NAMED_UNIT ( * ) SI_UNIT ( .MILLI., .METRE. ) );
#1678 = AXIS2_PLACEMENT_3D ( 'NONE', #8106, #7999, #4884 ) ;
#1679 = CARTESIAN_POINT ( 'NONE',  ( 0.2875362996452603959, -0.3656182290174452842, 0.3010000000000000453 ) ) ;
#1680 =( NAMED_UNIT ( * ) PLANE_ANGLE_UNIT ( ) SI_UNIT ( $, .RADIAN. ) );
#1681 =( LENGTH_UNIT ( ) NAMED_UNIT ( * ) SI_UNIT ( .MILLI., .METRE. ) );
#1682 = B_SPLINE_SURFACE_WITH_KNOTS ( 'NONE', 3, 1, ( 
 ( #2600, #7511 ),
 ( #8298, #6730 ),
 ( #7376, #9776 ),
 ( #2012, #2676 ),
 ( #1982, #1918 ),
 ( #5069, #1241 ),
 ( #5100, #2741 ),
 ( #5886, #4326 ),
 ( #4292, #8150 ),
 ( #9813, #1948 ),
 ( #7435, #8977 ),
 ( #3481, #2807 ),
 ( #5925, #3553 ),
 ( #3442, #4255 ),
 ( #9847, #3587 ),
 ( #1886, #315 ),
 ( #9075, #9885 ),
 ( #7472, #2708 ),
 ( #9120, #5851 ) ),
 .UNSPECIFIED., .F., .F., .F.,
 ( 4, 1, 1, 1, 1, 1, 1, 1, 1, 1, 1, 1, 1, 1, 1, 1, 4 ),
 ( 2, 2 ),
 ( 0.000000000000000000, 0.06863117867660142868, 0.1345664660386773626, 0.1983281540108812191, 0.2607897666408453552, 0.3219991514841584745, 0.3827217465030195442, 0.4435374740357288514, 0.5051334294849251227, 0.5662138747646719983, 0.6261058646175456932, 0.6853493221605165830, 0.7449958703477973510, 0.8054158418145627163, 0.8676362663459533664, 0.9323077823023293575, 1.000000000000000000 ),
 ( 0.000000000000000000, 1.000000000000000000 ),
 .UNSPECIFIED. ) ;
#1683 = ORIENTED_EDGE ( 'NONE', *, *, #6067, .T. ) ;
#1684 = CARTESIAN_POINT ( 'NONE',  ( 0.2396806286255219465, -0.4361952830374412615, 0.3009999999999999343 ) ) ;
#1685 = SURFACE_STYLE_FILL_AREA ( #3305 ) ;
#1686 = FACE_OUTER_BOUND ( 'NONE', #2840, .T. ) ;
#1687 = FILL_AREA_STYLE ('',( #9538 ) ) ;
#1688 = ORIENTED_EDGE ( 'NONE', *, *, #5660, .F. ) ;
#1689 = DIRECTION ( 'NONE',  ( -1.000000000000000000, 0.000000000000000000, 0.000000000000000000 ) ) ;
#1690 = ADVANCED_FACE ( 'NONE', ( #6900 ), #3285, .T. ) ;
#1691 = SURFACE_SIDE_STYLE ('',( #5334 ) ) ;
#1692 = ORIENTED_EDGE ( 'NONE', *, *, #5417, .F. ) ;
#1693 = ORIENTED_EDGE ( 'NONE', *, *, #3388, .T. ) ;
#1694 = CARTESIAN_POINT ( 'NONE',  ( 1.034999999999999476, 0.4000000000000000222, 4.199999999999999289 ) ) ;
#1695 = EDGE_LOOP ( 'NONE', ( #3489, #7424, #6740, #3600 ) ) ;
#1696 = COLOUR_RGB ( '',0.5019607843137254832, 0.5019607843137254832, 0.5019607843137254832 ) ;
#1697 = PRESENTATION_LAYER_ASSIGNMENT (  '', '', ( #5078 ) ) ;
#1698 = ORIENTED_EDGE ( 'NONE', *, *, #572, .F. ) ;
#1700 = VECTOR ( 'NONE', #4204, 1000.000000000000000 ) ;
#1699 = DIRECTION ( 'NONE',  ( 0.000000000000000000, 0.000000000000000000, -1.000000000000000000 ) ) ;
#1701 = EDGE_CURVE ( 'NONE', #6808, #7779, #4701, .T. ) ;
#1702 = UNCERTAINTY_MEASURE_WITH_UNIT (LENGTH_MEASURE( 1.000000000000000082E-05 ), #5055, 'distance_accuracy_value', 'NONE');
#1703 = FILL_AREA_STYLE ('',( #978 ) ) ;
#1704 = CARTESIAN_POINT ( 'NONE',  ( -1.035000000000001252, 0.4000000000000000222, 4.199999999999999289 ) ) ;
#1705 = PLANE ( 'NONE',  #7579 ) ;
#1706 = FILL_AREA_STYLE_COLOUR ( '', #2175 ) ;
#1707 = PRESENTATION_LAYER_ASSIGNMENT (  '', '', ( #5218 ) ) ;
#1708 = VERTEX_POINT ( 'NONE', #3957 ) ;
#1709 = CARTESIAN_POINT ( 'NONE',  ( -0.3926470336283447993, -0.2810177321512373205, 0.3009999999999999898 ) ) ;
#1710 = VERTEX_POINT ( 'NONE', #2360 ) ;
#1711 =( NAMED_UNIT ( * ) PLANE_ANGLE_UNIT ( ) SI_UNIT ( $, .RADIAN. ) );
#1712 = PLANE ( 'NONE',  #1678 ) ;
#1713 =( NAMED_UNIT ( * ) SI_UNIT ( $, .STERADIAN. ) SOLID_ANGLE_UNIT ( ) );
#1714 = ORIENTED_EDGE ( 'NONE', *, *, #2471, .T. ) ;
#1715 = ORIENTED_EDGE ( 'NONE', *, *, #977, .F. ) ;
#1716 = PRESENTATION_LAYER_ASSIGNMENT (  '', '', ( #505 ) ) ;
#1717 = VECTOR ( 'NONE', #5458, 1000.000000000000114 ) ;
#1718 = DIRECTION ( 'NONE',  ( 1.000000000000000000, 0.000000000000000000, 0.000000000000000000 ) ) ;
#1719 = EDGE_LOOP ( 'NONE', ( #759, #8981, #8820, #6978 ) ) ;
#1720 = CARTESIAN_POINT ( 'NONE',  ( 0.2077199261920934514, -0.4054229758968040942, 0.2999999999999999889 ) ) ;
#1721 = FACE_OUTER_BOUND ( 'NONE', #2149, .T. ) ;
#1722 = CARTESIAN_POINT ( 'NONE',  ( 0.3209364539422668861, -0.3874528608043563138, 0.3000000000000000444 ) ) ;
#1723 = STYLED_ITEM ( 'NONE', ( #898 ), #3415 ) ;
#1724 =( NAMED_UNIT ( * ) SI_UNIT ( $, .STERADIAN. ) SOLID_ANGLE_UNIT ( ) );
#1725 = COLOUR_RGB ( '',1.000000000000000000, 1.000000000000000000, 1.000000000000000000 ) ;
#1726 = CARTESIAN_POINT ( 'NONE',  ( -0.6350000000000001199, -0.07500000000000012212, -2.199999999999999734 ) ) ;
#1727 = PLANE ( 'NONE',  #8129 ) ;
#1728 = ORIENTED_EDGE ( 'NONE', *, *, #5310, .T. ) ;
#1729 = LINE ( 'NONE', #1162, #4313 ) ;
#1730 =( NAMED_UNIT ( * ) SI_UNIT ( $, .STERADIAN. ) SOLID_ANGLE_UNIT ( ) );
#1731 = EDGE_CURVE ( 'NONE', #9306, #5495, #4322, .T. ) ;
#1732 = APPLICATION_CONTEXT ( 'automotive_design' ) ;
#1733 = MECHANICAL_DESIGN_GEOMETRIC_PRESENTATION_REPRESENTATION (  '', ( #2245 ), #9863 ) ;
#1734 = FILL_AREA_STYLE ('',( #3360 ) ) ;
#1735 = VERTEX_POINT ( 'NONE', #2578 ) ;
#1736 = DIRECTION ( 'NONE',  ( -1.000000000000000000, 1.016439536705160037E-16, 0.000000000000000000 ) ) ;
#1737 = STYLED_ITEM ( 'NONE', ( #6410 ), #1789 ) ;
#1738 = DIRECTION ( 'NONE',  ( 1.355252715606880296E-16, 1.000000000000000000, 0.000000000000000000 ) ) ;
#1739 = DIRECTION ( 'NONE',  ( 1.000000000000000000, -0.000000000000000000, 0.000000000000000000 ) ) ;
#1740 =( LENGTH_UNIT ( ) NAMED_UNIT ( * ) SI_UNIT ( .MILLI., .METRE. ) );
#1741 = VECTOR ( 'NONE', #2290, 1000.000000000000114 ) ;
#1742 = ADVANCED_FACE ( 'NONE', ( #6530 ), #8881, .T. ) ;
#1743 = DIRECTION ( 'NONE',  ( -1.016439536705160037E-16, -1.000000000000000000, -0.000000000000000000 ) ) ;
#1744 = VECTOR ( 'NONE', #6918, 1000.000000000000114 ) ;
#1745 =( LENGTH_UNIT ( ) NAMED_UNIT ( * ) SI_UNIT ( .MILLI., .METRE. ) );
#1746 =( NAMED_UNIT ( * ) SI_UNIT ( $, .STERADIAN. ) SOLID_ANGLE_UNIT ( ) );
#1747 = COLOUR_RGB ( '',0.5019607843137254832, 0.5019607843137254832, 0.5019607843137254832 ) ;
#1748 = VECTOR ( 'NONE', #4315, 1000.000000000000000 ) ;
#1749 = LINE ( 'NONE', #4017, #9894 ) ;
#1750 = SURFACE_STYLE_USAGE ( .BOTH. , #6324 ) ;
#1751 = CARTESIAN_POINT ( 'NONE',  ( 0.2467503675736597846, -0.3977814388349663610, 0.3009999999999999343 ) ) ;
#1752 = FILL_AREA_STYLE_COLOUR ( '', #3689 ) ;
#1753 = COLOUR_RGB ( '',1.000000000000000000, 1.000000000000000000, 1.000000000000000000 ) ;
#1754 = DIRECTION ( 'NONE',  ( -0.000000000000000000, -0.000000000000000000, 1.000000000000000000 ) ) ;
#1755 = PRESENTATION_STYLE_ASSIGNMENT (( #3330 ) ) ;
#1756 = CARTESIAN_POINT ( 'NONE',  ( -1.705000000000000737, -0.07500000000000012212, -5.227200187265875542 ) ) ;
#1757 = DIRECTION ( 'NONE',  ( -1.000000000000000000, 0.000000000000000000, 0.000000000000000000 ) ) ;
#1758 = AXIS2_PLACEMENT_3D ( 'NONE', #1996, #7492, #2723 ) ;
#1759 = SURFACE_SIDE_STYLE ('',( #9829 ) ) ;
#1760 = PRESENTATION_STYLE_ASSIGNMENT (( #3062 ) ) ;
#1761 = UNCERTAINTY_MEASURE_WITH_UNIT (LENGTH_MEASURE( 1.000000000000000082E-05 ), #469, 'distance_accuracy_value', 'NONE');
#1762 = EDGE_CURVE ( 'NONE', #7591, #4407, #4453, .T. ) ;
#1763 = CARTESIAN_POINT ( 'NONE',  ( -5.515000000000000568, -0.07500000000000012212, -5.227200187265875542 ) ) ;
#1764 = LINE ( 'NONE', #2690, #7168 ) ;
#1765 = ORIENTED_EDGE ( 'NONE', *, *, #5046, .T. ) ;
#1766 = FACE_OUTER_BOUND ( 'NONE', #9155, .T. ) ;
#1767 = FACE_OUTER_BOUND ( 'NONE', #1695, .T. ) ;
#1768 = CIRCLE ( 'NONE', #7068, 0.1999999999999996503 ) ;
#1769 =( LENGTH_UNIT ( ) NAMED_UNIT ( * ) SI_UNIT ( .MILLI., .METRE. ) );
#1770 = SURFACE_STYLE_USAGE ( .BOTH. , #7323 ) ;
#1771 = SURFACE_STYLE_USAGE ( .BOTH. , #6504 ) ;
#1772 = EDGE_CURVE ( 'NONE', #116, #8193, #9006, .T. ) ;
#1773 = AXIS2_PLACEMENT_3D ( 'NONE', #3511, #9040, #5135 ) ;
#1774 = EDGE_LOOP ( 'NONE', ( #5182, #6550, #6980, #7090 ) ) ;
#1775 = CARTESIAN_POINT ( 'NONE',  ( 0.1640626037638976131, -0.4337757118818044155, 0.3009999999999999898 ) ) ;
#1776 = COLOUR_RGB ( '',0.5019607843137254832, 0.5019607843137254832, 0.5019607843137254832 ) ;
#1777 = FILL_AREA_STYLE_COLOUR ( '', #2671 ) ;
#1778 = FILL_AREA_STYLE ('',( #136 ) ) ;
#1779 =( GEOMETRIC_REPRESENTATION_CONTEXT ( 3 ) GLOBAL_UNCERTAINTY_ASSIGNED_CONTEXT ( ( #7798 ) ) GLOBAL_UNIT_ASSIGNED_CONTEXT ( ( #3309, #7238, #6420 ) ) REPRESENTATION_CONTEXT ( 'NONE', 'WORKASPACE' ) );
#1780 = STYLED_ITEM ( 'NONE', ( #8236 ), #7548 ) ;
#1781 = DIRECTION ( 'NONE',  ( -0.000000000000000000, -0.000000000000000000, 1.000000000000000000 ) ) ;
#1782 = VERTEX_POINT ( 'NONE', #9662 ) ;
#1783 = CARTESIAN_POINT ( 'NONE',  ( 0.2648979378177804822, -0.3878309705213124903, 0.3000000000000000444 ) ) ;
#1784 = CARTESIAN_POINT ( 'NONE',  ( -0.2385354445037190796, -0.4017660560615664567, 0.3009999999999999898 ) ) ;
#1785 = EDGE_CURVE ( 'NONE', #6199, #3773, #3824, .T. ) ;
#1786 = SURFACE_STYLE_USAGE ( .BOTH. , #8878 ) ;
#1787 = DIRECTION ( 'NONE',  ( 0.000000000000000000, 0.000000000000000000, 1.000000000000000000 ) ) ;
#1788 = FILL_AREA_STYLE_COLOUR ( '', #8562 ) ;
#1789 = ADVANCED_FACE ( 'NONE', ( #2720 ), #128, .T. ) ;
#1790 = EDGE_CURVE ( 'NONE', #974, #8050, #7506, .T. ) ;
#1791 = SURFACE_STYLE_FILL_AREA ( #2842 ) ;
#1792 = DIRECTION ( 'NONE',  ( -0.000000000000000000, -0.000000000000000000, 1.000000000000000000 ) ) ;
#1793 = VERTEX_POINT ( 'NONE', #6573 ) ;
#1794 = STYLED_ITEM ( 'NONE', ( #1220 ), #4790 ) ;
#1795 = MECHANICAL_DESIGN_GEOMETRIC_PRESENTATION_REPRESENTATION (  '', ( #4437 ), #2507 ) ;
#1796 = MECHANICAL_DESIGN_GEOMETRIC_PRESENTATION_REPRESENTATION (  '', ( #3039 ), #7776 ) ;
#1797 = SURFACE_STYLE_USAGE ( .BOTH. , #4200 ) ;
#1798 = ORIENTED_EDGE ( 'NONE', *, *, #3014, .T. ) ;
#1799 = FILL_AREA_STYLE ('',( #5732 ) ) ;
#1800 = FILL_AREA_STYLE_COLOUR ( '', #8074 ) ;
#1801 = PLANE ( 'NONE',  #3370 ) ;
#1802 = VECTOR ( 'NONE', #4352, 1000.000000000000000 ) ;
#1803 = CIRCLE ( 'NONE', #2347, 0.1999999999999996503 ) ;
#1804 = CARTESIAN_POINT ( 'NONE',  ( -0.3481037820813347450, -0.3929906760701658563, 0.3000000000000000444 ) ) ;
#1805 = AXIS2_PLACEMENT_3D ( 'NONE', #9679, #1689, #9616 ) ;
#1806 =( NAMED_UNIT ( * ) PLANE_ANGLE_UNIT ( ) SI_UNIT ( $, .RADIAN. ) );
#1807 = ORIENTED_EDGE ( 'NONE', *, *, #5011, .T. ) ;
#1808 = AXIS2_PLACEMENT_3D ( 'NONE', #636, #1443, #8564 ) ;
#1809 = ORIENTED_EDGE ( 'NONE', *, *, #6776, .F. ) ;
#1810 = FILL_AREA_STYLE_COLOUR ( '', #8907 ) ;
#1811 = LINE ( 'NONE', #1365, #3644 ) ;
#1812 = ORIENTED_EDGE ( 'NONE', *, *, #9638, .F. ) ;
#1813 = CARTESIAN_POINT ( 'NONE',  ( 0.02808467368872833575, -0.1677174272731885296, 0.3009999999999999898 ) ) ;
#1814 = UNCERTAINTY_MEASURE_WITH_UNIT (LENGTH_MEASURE( 1.000000000000000082E-05 ), #4941, 'distance_accuracy_value', 'NONE');
#1815 = CARTESIAN_POINT ( 'NONE',  ( -0.3285585553739475695, -0.3621247111735154678, 0.3009999999999999898 ) ) ;
#1816 = ORIENTED_EDGE ( 'NONE', *, *, #4906, .T. ) ;
#1817 = MECHANICAL_DESIGN_GEOMETRIC_PRESENTATION_REPRESENTATION (  '', ( #2008 ), #18 ) ;
#1819 = ORIENTED_EDGE ( 'NONE', *, *, #6070, .F. ) ;
#1818 = PRESENTATION_STYLE_ASSIGNMENT (( #2421 ) ) ;
#1820 =( NAMED_UNIT ( * ) SI_UNIT ( $, .STERADIAN. ) SOLID_ANGLE_UNIT ( ) );
#1821 = CARTESIAN_POINT ( 'NONE',  ( -5.915000000000000924, -0.07500000000000009437, 0.2999999999999999889 ) ) ;
#1822 = EDGE_LOOP ( 'NONE', ( #5895, #1418, #5593, #8578 ) ) ;
#1823 =( LENGTH_UNIT ( ) NAMED_UNIT ( * ) SI_UNIT ( .MILLI., .METRE. ) );
#1824 = SURFACE_STYLE_FILL_AREA ( #8696 ) ;
#1825 = VERTEX_POINT ( 'NONE', #7993 ) ;
#1826 = DIRECTION ( 'NONE',  ( -0.000000000000000000, -0.000000000000000000, 1.000000000000000000 ) ) ;
#1827 = VECTOR ( 'NONE', #9487, 1000.000000000000000 ) ;
#1828 = DIRECTION ( 'NONE',  ( 0.5773502691896258421, 0.5773502691896255090, 0.5773502691896258421 ) ) ;
#1829 = UNCERTAINTY_MEASURE_WITH_UNIT (LENGTH_MEASURE( 1.000000000000000082E-05 ), #9009, 'distance_accuracy_value', 'NONE');
#1830 = ORIENTED_EDGE ( 'NONE', *, *, #6917, .F. ) ;
#1831 = PRESENTATION_STYLE_ASSIGNMENT (( #5973 ) ) ;
#1832 = CARTESIAN_POINT ( 'NONE',  ( 0.02808467368872833575, -0.4018637687366031774, 0.2999999999999999889 ) ) ;
#1833 = EDGE_CURVE ( 'NONE', #3286, #6161, #8752, .T. ) ;
#1834 =( GEOMETRIC_REPRESENTATION_CONTEXT ( 3 ) GLOBAL_UNCERTAINTY_ASSIGNED_CONTEXT ( ( #10255 ) ) GLOBAL_UNIT_ASSIGNED_CONTEXT ( ( #2740, #1207, #8189 ) ) REPRESENTATION_CONTEXT ( 'NONE', 'WORKASPACE' ) );
#1835 = ORIENTED_EDGE ( 'NONE', *, *, #3895, .T. ) ;
#1836 = CARTESIAN_POINT ( 'NONE',  ( 0.1418238606590045137, -0.1377311980607633102, 0.3009999999999999343 ) ) ;
#1837 =( GEOMETRIC_REPRESENTATION_CONTEXT ( 3 ) GLOBAL_UNCERTAINTY_ASSIGNED_CONTEXT ( ( #1814 ) ) GLOBAL_UNIT_ASSIGNED_CONTEXT ( ( #4941, #4272, #341 ) ) REPRESENTATION_CONTEXT ( 'NONE', 'WORKASPACE' ) );
#1838 = FILL_AREA_STYLE_COLOUR ( '', #9194 ) ;
#1839 = PLANE ( 'NONE',  #946 ) ;
#1840 = CARTESIAN_POINT ( 'NONE',  ( 0.02808467368872833575, -0.2994247443463592395, 0.2999999999999999889 ) ) ;
#1841 = DIRECTION ( 'NONE',  ( -0.000000000000000000, -0.000000000000000000, 1.000000000000000000 ) ) ;
#1842 = EDGE_LOOP ( 'NONE', ( #1218, #2052, #3017, #78 ) ) ;
#1843 =( GEOMETRIC_REPRESENTATION_CONTEXT ( 3 ) GLOBAL_UNCERTAINTY_ASSIGNED_CONTEXT ( ( #6748 ) ) GLOBAL_UNIT_ASSIGNED_CONTEXT ( ( #1128, #6621, #1914 ) ) REPRESENTATION_CONTEXT ( 'NONE', 'WORKASPACE' ) );
#1844 = STYLED_ITEM ( 'NONE', ( #4553 ), #6889 ) ;
#1845 = CARTESIAN_POINT ( 'NONE',  ( -0.3754906799826842057, -0.3574896782534518480, 0.3009999999999999343 ) ) ;
#1846 = ADVANCED_FACE ( 'NONE', ( #7142 ), #1839, .T. ) ;
#1847 = FILL_AREA_STYLE ('',( #1777 ) ) ;
#1848 = EDGE_LOOP ( 'NONE', ( #4037, #216, #5600, #9211 ) ) ;
#1849 = FILL_AREA_STYLE_COLOUR ( '', #7615 ) ;
#1850 = LINE ( 'NONE', #105, #1496 ) ;
#1851 = EDGE_CURVE ( 'NONE', #4407, #2786, #6290, .T. ) ;
#1852 = CARTESIAN_POINT ( 'NONE',  ( -0.2836404042020568839, -0.3942257701221573152, 0.2999999999999999334 ) ) ;
#1853 = DIRECTION ( 'NONE',  ( -0.000000000000000000, 0.000000000000000000, 1.000000000000000000 ) ) ;
#1854 = CARTESIAN_POINT ( 'NONE',  ( -0.2350000000000008193, -0.4000000000000000222, 1.300000000000000044 ) ) ;
#1855 = LINE ( 'NONE', #9185, #4809 ) ;
#1856 = ORIENTED_EDGE ( 'NONE', *, *, #1772, .T. ) ;
#1857 = CARTESIAN_POINT ( 'NONE',  ( 0.2859607828468442858, -0.2061599986891100578, 0.2999999999999999889 ) ) ;
#1858 =( GEOMETRIC_REPRESENTATION_CONTEXT ( 3 ) GLOBAL_UNCERTAINTY_ASSIGNED_CONTEXT ( ( #3967 ) ) GLOBAL_UNIT_ASSIGNED_CONTEXT ( ( #8871, #2829, #1614 ) ) REPRESENTATION_CONTEXT ( 'NONE', 'WORKASPACE' ) );
#1859 = STYLED_ITEM ( 'NONE', ( #455 ), #8102 ) ;
#1860 = DIRECTION ( 'NONE',  ( 0.000000000000000000, 1.000000000000000000, 0.000000000000000000 ) ) ;
#1861 = FILL_AREA_STYLE_COLOUR ( '', #7550 ) ;
#1862 = ORIENTED_EDGE ( 'NONE', *, *, #6837, .F. ) ;
#1863 =( NAMED_UNIT ( * ) SI_UNIT ( $, .STERADIAN. ) SOLID_ANGLE_UNIT ( ) );
#1864 = COLOUR_RGB ( '',0.5019607843137254832, 0.5019607843137254832, 0.5019607843137254832 ) ;
#1865 = CARTESIAN_POINT ( 'NONE',  ( 0.3500358932009234314, -0.2904498967853836322, 0.3009999999999999898 ) ) ;
#1866 = PRESENTATION_STYLE_ASSIGNMENT (( #1998 ) ) ;
#1867 = EDGE_CURVE ( 'NONE', #1613, #5644, #738, .T. ) ;
#1868 = LINE ( 'NONE', #9133, #3194 ) ;
#1869 =( GEOMETRIC_REPRESENTATION_CONTEXT ( 3 ) GLOBAL_UNCERTAINTY_ASSIGNED_CONTEXT ( ( #4041 ) ) GLOBAL_UNIT_ASSIGNED_CONTEXT ( ( #5532, #7765, #2327 ) ) REPRESENTATION_CONTEXT ( 'NONE', 'WORKASPACE' ) );
#1870 = DIRECTION ( 'NONE',  ( -0.3536223923290754967, 0.9353882635801357148, 0.000000000000000000 ) ) ;
#1871 = DIRECTION ( 'NONE',  ( 1.000000000000000000, 0.000000000000000000, 0.000000000000000000 ) ) ;
#1872 = CARTESIAN_POINT ( 'NONE',  ( 6.115000000000000213, 0.4000000000000000222, 4.199999999999999289 ) ) ;
#1873 = MECHANICAL_DESIGN_GEOMETRIC_PRESENTATION_REPRESENTATION (  '', ( #9604 ), #611 ) ;
#1874 = CARTESIAN_POINT ( 'NONE',  ( 0.2439287149643250829, -0.1370319908007674448, 0.3010000000000000453 ) ) ;
#1875 = CARTESIAN_POINT ( 'NONE',  ( -0.2327575519210277888, -0.4347905980048958896, 0.3000000000000000999 ) ) ;
#1876 = SURFACE_STYLE_FILL_AREA ( #343 ) ;
#1877 = VECTOR ( 'NONE', #1628, 1000.000000000000000 ) ;
#1878 = DIRECTION ( 'NONE',  ( 1.000000000000000000, -1.355252715606880049E-16, 0.000000000000000000 ) ) ;
#1879 = LINE ( 'NONE', #6300, #5591 ) ;
#1880 = PLANE ( 'NONE',  #7143 ) ;
#1881 = EDGE_LOOP ( 'NONE', ( #4717, #8039, #5972, #10054 ) ) ;
#1882 = DIRECTION ( 'NONE',  ( 0.000000000000000000, -1.000000000000000000, 0.000000000000000000 ) ) ;
#1883 = CARTESIAN_POINT ( 'NONE',  ( -1.905000000000001359, -0.07500000000000010825, -2.199999999999999734 ) ) ;
#1884 = COLOUR_RGB ( '',1.000000000000000000, 1.000000000000000000, 1.000000000000000000 ) ;
#1885 = CARTESIAN_POINT ( 'NONE',  ( 5.314999999999999503, -0.4000000000000000222, 4.199999999999999289 ) ) ;
#1886 = CARTESIAN_POINT ( 'NONE',  ( -0.3901124419615973893, -0.2494397315770706947, 0.3010000000000000453 ) ) ;
#1887 = LINE ( 'NONE', #1512, #4594 ) ;
#1888 = LINE ( 'NONE', #8566, #7889 ) ;
#1889 = CARTESIAN_POINT ( 'NONE',  ( 0.2616955146470927862, -0.1828050006675500661, 0.2999999999999998224 ) ) ;
#1890 = UNCERTAINTY_MEASURE_WITH_UNIT (LENGTH_MEASURE( 1.000000000000000082E-05 ), #1681, 'distance_accuracy_value', 'NONE');
#1891 = PRESENTATION_STYLE_ASSIGNMENT (( #5118 ) ) ;
#1892 = SURFACE_STYLE_USAGE ( .BOTH. , #9678 ) ;
#1893 = ORIENTED_EDGE ( 'NONE', *, *, #4762, .T. ) ;
#1894 = DIRECTION ( 'NONE',  ( 0.000000000000000000, -0.000000000000000000, -1.000000000000000000 ) ) ;
#1895 = ADVANCED_FACE ( 'NONE', ( #5451 ), #3570, .T. ) ;
#1896 = PRESENTATION_STYLE_ASSIGNMENT (( #8553 ) ) ;
#1897 = EDGE_CURVE ( 'NONE', #8332, #2418, #7747, .T. ) ;
#1898 = CARTESIAN_POINT ( 'NONE',  ( 0.3081473961359023628, -0.3134479435407903636, 0.2999999999999999334 ) ) ;
#1899 = VECTOR ( 'NONE', #3756, 1000.000000000000000 ) ;
#1900 = EDGE_LOOP ( 'NONE', ( #9981, #6464, #4982, #3515 ) ) ;
#1901 = FACE_OUTER_BOUND ( 'NONE', #2697, .T. ) ;
#1902 = CARTESIAN_POINT ( 'NONE',  ( -2.775000000000000355, -0.4000000000000000222, 4.199999999999999289 ) ) ;
#1903 = SURFACE_STYLE_USAGE ( .BOTH. , #9661 ) ;
#1904 = VECTOR ( 'NONE', #2460, 1000.000000000000000 ) ;
#1905 = DIRECTION ( 'NONE',  ( -1.355252715606880296E-16, -1.000000000000000000, 0.000000000000000000 ) ) ;
#1906 = VECTOR ( 'NONE', #1103, 1000.000000000000000 ) ;
#1907 =( LENGTH_UNIT ( ) NAMED_UNIT ( * ) SI_UNIT ( .MILLI., .METRE. ) );
#1908 = VERTEX_POINT ( 'NONE', #7356 ) ;
#1909 = CARTESIAN_POINT ( 'NONE',  ( -1.035000000000001252, 0.4000000000000000222, 1.300000000000000044 ) ) ;
#1910 = AXIS2_PLACEMENT_3D ( 'NONE', #3097, #2337, #7923 ) ;
#1911 = FACE_OUTER_BOUND ( 'NONE', #736, .T. ) ;
#1912 = CARTESIAN_POINT ( 'NONE',  ( 0.2349999999999990985, -0.4000000000000000222, 4.199999999999999289 ) ) ;
#1913 = ORIENTED_EDGE ( 'NONE', *, *, #5802, .T. ) ;
#1914 =( NAMED_UNIT ( * ) SI_UNIT ( $, .STERADIAN. ) SOLID_ANGLE_UNIT ( ) );
#1915 = PRESENTATION_LAYER_ASSIGNMENT (  '', '', ( #1723 ) ) ;
#1916 = STYLED_ITEM ( 'NONE', ( #6174 ), #7446 ) ;
#1917 = SURFACE_SIDE_STYLE ('',( #4113 ) ) ;
#1918 = CARTESIAN_POINT ( 'NONE',  ( -0.2831286172299971593, -0.1401591027196565364, 0.2999999999999998779 ) ) ;
#1919 = ORIENTED_EDGE ( 'NONE', *, *, #9013, .F. ) ;
#1920 = CARTESIAN_POINT ( 'NONE',  ( -0.5420182226527350267, -0.1924125492244080360, 0.2999999999999999889 ) ) ;
#1921 = EDGE_CURVE ( 'NONE', #3543, #8275, #7624, .T. ) ;
#1922 = DIRECTION ( 'NONE',  ( -0.000000000000000000, -1.000000000000000000, 0.000000000000000000 ) ) ;
#1923 = SURFACE_STYLE_USAGE ( .BOTH. , #8194 ) ;
#1924 = EDGE_CURVE ( 'NONE', #8530, #7385, #8996, .T. ) ;
#1925 = CARTESIAN_POINT ( 'NONE',  ( 0.2349999999999990985, 0.4000000000000000222, 1.300000000000000044 ) ) ;
#1926 = AXIS2_PLACEMENT_3D ( 'NONE', #1575, #8557, #1439 ) ;
#1927 = MECHANICAL_DESIGN_GEOMETRIC_PRESENTATION_REPRESENTATION (  '', ( #3295 ), #1869 ) ;
#1928 = ORIENTED_EDGE ( 'NONE', *, *, #10168, .T. ) ;
#1929 = FILL_AREA_STYLE_COLOUR ( '', #2439 ) ;
#1930 = MECHANICAL_DESIGN_GEOMETRIC_PRESENTATION_REPRESENTATION (  '', ( #6466 ), #8991 ) ;
#1931 = VECTOR ( 'NONE', #756, 1000.000000000000114 ) ;
#1932 = VERTEX_POINT ( 'NONE', #8133 ) ;
#1933 = DIRECTION ( 'NONE',  ( -1.000000000000000000, 1.016439536705160037E-16, -0.000000000000000000 ) ) ;
#1934 = ORIENTED_EDGE ( 'NONE', *, *, #1833, .F. ) ;
#1935 = ORIENTED_EDGE ( 'NONE', *, *, #9969, .T. ) ;
#1936 = CARTESIAN_POINT ( 'NONE',  ( -6.465000000000000746, 0.9000000000000002442, 4.299999999999999822 ) ) ;
#1937 = ADVANCED_FACE ( 'NONE', ( #4814 ), #3462, .F. ) ;
#1938 = ORIENTED_EDGE ( 'NONE', *, *, #532, .F. ) ;
#1939 = MECHANICAL_DESIGN_GEOMETRIC_PRESENTATION_REPRESENTATION (  '', ( #8462 ), #2252 ) ;
#1940 = FILL_AREA_STYLE ('',( #2699 ) ) ;
#1941 = DIRECTION ( 'NONE',  ( 0.000000000000000000, -0.000000000000000000, -1.000000000000000000 ) ) ;
#1942 = UNCERTAINTY_MEASURE_WITH_UNIT (LENGTH_MEASURE( 1.000000000000000082E-05 ), #4331, 'distance_accuracy_value', 'NONE');
#1943 = DIRECTION ( 'NONE',  ( -0.000000000000000000, -0.000000000000000000, -1.000000000000000000 ) ) ;
#1944 = CARTESIAN_POINT ( 'NONE',  ( -0.6350000000000001199, -0.07500000000000012212, -2.399999999999999911 ) ) ;
#1945 = SURFACE_STYLE_USAGE ( .BOTH. , #7537 ) ;
#1947 = ORIENTED_EDGE ( 'NONE', *, *, #7634, .F. ) ;
#1946 = SURFACE_SIDE_STYLE ('',( #5695 ) ) ;
#1948 = CARTESIAN_POINT ( 'NONE',  ( -0.3480744968519008387, -0.1743104642844965912, 0.2999999999999999889 ) ) ;
#1949 = MECHANICAL_DESIGN_GEOMETRIC_PRESENTATION_REPRESENTATION (  '', ( #149 ), #3657 ) ;
#1950 = EDGE_LOOP ( 'NONE', ( #6727, #10204, #5861, #1081 ) ) ;
#1951 = CARTESIAN_POINT ( 'NONE',  ( -4.845000000000001528, -0.4000000000000000222, 1.300000000000000044 ) ) ;
#1952 = EDGE_CURVE ( 'NONE', #9700, #5095, #23, .T. ) ;
#1953 = ORIENTED_EDGE ( 'NONE', *, *, #3891, .F. ) ;
#1954 = EDGE_LOOP ( 'NONE', ( #8095, #6619, #7208, #1807 ) ) ;
#1955 = CARTESIAN_POINT ( 'NONE',  ( 0.2349999999999990985, 0.4000000000000000222, 1.300000000000000044 ) ) ;
#1956 = CARTESIAN_POINT ( 'NONE',  ( 0.2616955146470927862, -0.1828050006675500661, 0.2999999999999998224 ) ) ;
#1957 = VECTOR ( 'NONE', #4374, 1000.000000000000114 ) ;
#1958 =( NAMED_UNIT ( * ) PLANE_ANGLE_UNIT ( ) SI_UNIT ( $, .RADIAN. ) );
#1959 = DIRECTION ( 'NONE',  ( 1.355252715606880296E-16, 1.000000000000000000, 0.000000000000000000 ) ) ;
#1960 = ORIENTED_EDGE ( 'NONE', *, *, #7287, .T. ) ;
#1961 = DIRECTION ( 'NONE',  ( 0.000000000000000000, 1.000000000000000000, 0.000000000000000000 ) ) ;
#1962 = VERTEX_POINT ( 'NONE', #9699 ) ;
#1963 = EDGE_CURVE ( 'NONE', #9377, #1932, #1969, .T. ) ;
#1964 = AXIS2_PLACEMENT_3D ( 'NONE', #1219, #8270, #9086 ) ;
#1965 = VECTOR ( 'NONE', #3324, 1000.000000000000000 ) ;
#1966 = CARTESIAN_POINT ( 'NONE',  ( -2.975000000000000089, -0.07500000000000012212, -2.199999999999999734 ) ) ;
#1967 = VERTEX_POINT ( 'NONE', #8900 ) ;
#1968 = DIRECTION ( 'NONE',  ( -0.000000000000000000, -0.000000000000000000, 1.000000000000000000 ) ) ;
#1969 = LINE ( 'NONE', #4112, #223 ) ;
#1970 = CARTESIAN_POINT ( 'NONE',  ( -0.3925258734675513006, -0.2866840075031422130, 0.3000000000000000444 ) ) ;
#1971 =( NAMED_UNIT ( * ) PLANE_ANGLE_UNIT ( ) SI_UNIT ( $, .RADIAN. ) );
#1972 = AXIS2_PLACEMENT_3D ( 'NONE', #7401, #6515, #1131 ) ;
#1973 = MECHANICAL_DESIGN_GEOMETRIC_PRESENTATION_REPRESENTATION (  '', ( #4085 ), #1650 ) ;
#1974 =( NAMED_UNIT ( * ) SI_UNIT ( $, .STERADIAN. ) SOLID_ANGLE_UNIT ( ) );
#1975 = COLOUR_RGB ( '',0.5019607843137254832, 0.5019607843137254832, 0.5019607843137254832 ) ;
#1976 = DIRECTION ( 'NONE',  ( -0.9353882635801357148, -0.3536223923290754967, 0.000000000000000000 ) ) ;
#1977 = LINE ( 'NONE', #8748, #497 ) ;
#1978 = EDGE_CURVE ( 'NONE', #4170, #7216, #2079, .T. ) ;
#1979 = CARTESIAN_POINT ( 'NONE',  ( -0.2680098643270467651, -0.1369840017770131702, 0.3009999999999999898 ) ) ;
#1980 = CARTESIAN_POINT ( 'NONE',  ( 0.1268651614936064098, -0.3863149882487982301, 0.2999999999999999889 ) ) ;
#1981 = SURFACE_STYLE_USAGE ( .BOTH. , #9745 ) ;
#1982 = CARTESIAN_POINT ( 'NONE',  ( -0.2831286172299971593, -0.1401591027196565364, 0.3009999999999998788 ) ) ;
#1983 = DIRECTION ( 'NONE',  ( 0.000000000000000000, -0.000000000000000000, 1.000000000000000000 ) ) ;
#1984 = STYLED_ITEM ( 'NONE', ( #7836 ), #4442 ) ;
#1985 = PRESENTATION_LAYER_ASSIGNMENT (  '', '', ( #4437 ) ) ;
#1986 =( GEOMETRIC_REPRESENTATION_CONTEXT ( 3 ) GLOBAL_UNCERTAINTY_ASSIGNED_CONTEXT ( ( #8163 ) ) GLOBAL_UNIT_ASSIGNED_CONTEXT ( ( #3271, #4082, #2438 ) ) REPRESENTATION_CONTEXT ( 'NONE', 'WORKASPACE' ) );
#1987 = VECTOR ( 'NONE', #3717, 1000.000000000000000 ) ;
#1988 = DIRECTION ( 'NONE',  ( 0.000000000000000000, 0.000000000000000000, 1.000000000000000000 ) ) ;
#1989 = FACE_OUTER_BOUND ( 'NONE', #5156, .T. ) ;
#1990 = CARTESIAN_POINT ( 'NONE',  ( 0.1974277531077388292, -0.4383085925259843640, 0.3009999999999999343 ) ) ;
#1991 = ADVANCED_FACE ( 'NONE', ( #6405 ), #1712, .T. ) ;
#1992 = SURFACE_SIDE_STYLE ('',( #9436 ) ) ;
#1993 = VECTOR ( 'NONE', #7949, 1000.000000000000000 ) ;
#1994 = COLOUR_RGB ( '',1.000000000000000000, 1.000000000000000000, 1.000000000000000000 ) ;
#1995 = MECHANICAL_DESIGN_GEOMETRIC_PRESENTATION_REPRESENTATION (  '', ( #9054 ), #8314 ) ;
#1996 = CARTESIAN_POINT ( 'NONE',  ( -0.6350000000000001199, 0.07499999999999985845, -2.199999999999999734 ) ) ;
#1997 =( LENGTH_UNIT ( ) NAMED_UNIT ( * ) SI_UNIT ( .MILLI., .METRE. ) );
#1998 = SURFACE_STYLE_USAGE ( .BOTH. , #8320 ) ;
#1999 = CARTESIAN_POINT ( 'NONE',  ( 4.844999999999999751, 0.4000000000000000222, 1.300000000000000044 ) ) ;
#2000 = ORIENTED_EDGE ( 'NONE', *, *, #10184, .F. ) ;
#2001 = DIRECTION ( 'NONE',  ( 1.000000000000000000, 0.000000000000000000, 0.000000000000000000 ) ) ;
#2002 = SURFACE_SIDE_STYLE ('',( #6468 ) ) ;
#2003 = SURFACE_STYLE_USAGE ( .BOTH. , #8969 ) ;
#2004 = FACE_OUTER_BOUND ( 'NONE', #816, .T. ) ;
#2005 =( NAMED_UNIT ( * ) PLANE_ANGLE_UNIT ( ) SI_UNIT ( $, .RADIAN. ) );
#2006 = UNCERTAINTY_MEASURE_WITH_UNIT (LENGTH_MEASURE( 1.000000000000000082E-05 ), #2267, 'distance_accuracy_value', 'NONE');
#2007 = CARTESIAN_POINT ( 'NONE',  ( -0.3676706157921848517, -0.1958783127297525073, 0.3009999999999999343 ) ) ;
#2008 = STYLED_ITEM ( 'NONE', ( #9556 ), #506 ) ;
#2009 = CARTESIAN_POINT ( 'NONE',  ( 0.06832857612775269929, -0.4347905980048958341, 0.2999999999999999889 ) ) ;
#2010 = FILL_AREA_STYLE ('',( #4218 ) ) ;
#2011 = ORIENTED_EDGE ( 'NONE', *, *, #6710, .T. ) ;
#2012 = CARTESIAN_POINT ( 'NONE',  ( -0.2680098643270467651, -0.1369840017770131702, 0.3009999999999999898 ) ) ;
#2013 = VECTOR ( 'NONE', #6091, 1000.000000000000000 ) ;
#2014 = CARTESIAN_POINT ( 'NONE',  ( -0.5468200519210277832, -0.1713759638585543588, 0.2999999999999999889 ) ) ;
#2015 = DIRECTION ( 'NONE',  ( 0.000000000000000000, 1.000000000000000000, 0.000000000000000000 ) ) ;
#2016 = SURFACE_STYLE_USAGE ( .BOTH. , #6741 ) ;
#2017 = EDGE_CURVE ( 'NONE', #8703, #5281, #1850, .T. ) ;
#2018 = FACE_OUTER_BOUND ( 'NONE', #1134, .T. ) ;
#2019 =( GEOMETRIC_REPRESENTATION_CONTEXT ( 3 ) GLOBAL_UNCERTAINTY_ASSIGNED_CONTEXT ( ( #4595 ) ) GLOBAL_UNIT_ASSIGNED_CONTEXT ( ( #7526, #375, #4275 ) ) REPRESENTATION_CONTEXT ( 'NONE', 'WORKASPACE' ) );
#2020 = ORIENTED_EDGE ( 'NONE', *, *, #8491, .F. ) ;
#2021 = FACE_OUTER_BOUND ( 'NONE', #9979, .T. ) ;
#2022 = UNCERTAINTY_MEASURE_WITH_UNIT (LENGTH_MEASURE( 1.000000000000000082E-05 ), #1063, 'distance_accuracy_value', 'NONE');
#2023 = EDGE_CURVE ( 'NONE', #6634, #2588, #10130, .T. ) ;
#2024 = CARTESIAN_POINT ( 'NONE',  ( -0.3481037820813347450, -0.3929906760701658563, 0.3009999999999999898 ) ) ;
#2025 = EDGE_LOOP ( 'NONE', ( #3007, #5050, #7278, #1359, #9748, #1320, #8868, #8485 ) ) ;
#2026 = SURFACE_SIDE_STYLE ('',( #4252 ) ) ;
#2027 =( LENGTH_UNIT ( ) NAMED_UNIT ( * ) SI_UNIT ( .MILLI., .METRE. ) );
#2028 = DIRECTION ( 'NONE',  ( -0.000000000000000000, -0.000000000000000000, -1.000000000000000000 ) ) ;
#2029 =( NAMED_UNIT ( * ) SI_UNIT ( $, .STERADIAN. ) SOLID_ANGLE_UNIT ( ) );
#2030 = SURFACE_SIDE_STYLE ('',( #2161 ) ) ;
#2031 = EDGE_CURVE ( 'NONE', #6827, #6686, #8499, .T. ) ;
#2032 = SURFACE_SIDE_STYLE ('',( #4923 ) ) ;
#2033 = ADVANCED_FACE ( 'NONE', ( #4685, #988, #6163, #2323, #8359, #5679, #9124, #4556, #7495, #2582, #7017 ), #4988, .T. ) ;
#2034 = PLANE ( 'NONE',  #5630 ) ;
#2035 = CARTESIAN_POINT ( 'NONE',  ( -2.305000000000001492, 0.4000000000000000222, 1.300000000000000044 ) ) ;
#2036 = SURFACE_STYLE_FILL_AREA ( #4306 ) ;
#2038 = ORIENTED_EDGE ( 'NONE', *, *, #4426, .F. ) ;
#2037 = PRESENTATION_STYLE_ASSIGNMENT (( #3005 ) ) ;
#2039 = DIRECTION ( 'NONE',  ( 0.000000000000000000, 0.000000000000000000, 1.000000000000000000 ) ) ;
#2040 = MECHANICAL_DESIGN_GEOMETRIC_PRESENTATION_REPRESENTATION (  '', ( #7957 ), #4155 ) ;
#2041 = STYLED_ITEM ( 'NONE', ( #5566 ), #7801 ) ;
#2042 = DIRECTION ( 'NONE',  ( -0.000000000000000000, -1.000000000000000000, -0.000000000000000000 ) ) ;
#2043 = CARTESIAN_POINT ( 'NONE',  ( -6.215000000000002522, -0.5000000000000011102, 4.299999999999999822 ) ) ;
#2044 = PLANE ( 'NONE',  #7900 ) ;
#2045 = PLANE ( 'NONE',  #577 ) ;
#2046 = ORIENTED_EDGE ( 'NONE', *, *, #9711, .F. ) ;
#2047 = VECTOR ( 'NONE', #8921, 1000.000000000000000 ) ;
#2049 = EDGE_LOOP ( 'NONE', ( #3635, #9362, #7907, #5123 ) ) ;
#2048 = VECTOR ( 'NONE', #2174, 1000.000000000000000 ) ;
#2050 = DIRECTION ( 'NONE',  ( 0.000000000000000000, -1.000000000000000000, 0.000000000000000000 ) ) ;
#2051 = EDGE_CURVE ( 'NONE', #5986, #4606, #1729, .T. ) ;
#2052 = ORIENTED_EDGE ( 'NONE', *, *, #1034, .F. ) ;
#2053 = VECTOR ( 'NONE', #1841, 1000.000000000000000 ) ;
#2054 = CARTESIAN_POINT ( 'NONE',  ( 5.714999999999999858, -0.07500000000000009437, -2.199999999999999734 ) ) ;
#2055 = ORIENTED_EDGE ( 'NONE', *, *, #2405, .F. ) ;
#2056 = AXIS2_PLACEMENT_3D ( 'NONE', #1010, #8059, #2517 ) ;
#2057 = ORIENTED_EDGE ( 'NONE', *, *, #7104, .T. ) ;
#2058 = EDGE_LOOP ( 'NONE', ( #4644, #8861, #187, #2558 ) ) ;
#2059 = SURFACE_STYLE_FILL_AREA ( #4813 ) ;
#2060 = VERTEX_POINT ( 'NONE', #5709 ) ;
#2061 = CARTESIAN_POINT ( 'NONE',  ( -4.845000000000001528, 0.4000000000000000222, 4.199999999999999289 ) ) ;
#2062 = UNCERTAINTY_MEASURE_WITH_UNIT (LENGTH_MEASURE( 1.000000000000000082E-05 ), #6088, 'distance_accuracy_value', 'NONE');
#2063 = CARTESIAN_POINT ( 'NONE',  ( 2.974999999999999201, -0.07500000000000009437, -2.199999999999999734 ) ) ;
#2064 = CARTESIAN_POINT ( 'NONE',  ( -4.045000000000000817, 0.4000000000000000222, 4.199999999999999289 ) ) ;
#2065 =( NAMED_UNIT ( * ) SI_UNIT ( $, .STERADIAN. ) SOLID_ANGLE_UNIT ( ) );
#2066 = ORIENTED_EDGE ( 'NONE', *, *, #9926, .T. ) ;
#2067 = ORIENTED_EDGE ( 'NONE', *, *, #585, .F. ) ;
#2068 = VECTOR ( 'NONE', #1014, 1000.000000000000000 ) ;
#2069 = SURFACE_SIDE_STYLE ('',( #1322 ) ) ;
#2070 = ORIENTED_EDGE ( 'NONE', *, *, #2031, .F. ) ;
#2071 = PLANE ( 'NONE',  #6356 ) ;
#2072 = VERTEX_POINT ( 'NONE', #5129 ) ;
#2073 = MECHANICAL_DESIGN_GEOMETRIC_PRESENTATION_REPRESENTATION (  '', ( #2866 ), #5273 ) ;
#2074 = CARTESIAN_POINT ( 'NONE',  ( 4.044999999999999041, -0.4000000000000000222, 1.300000000000000044 ) ) ;
#2075 = CARTESIAN_POINT ( 'NONE',  ( -4.945000000000002061, -0.5000000000000011102, 4.299999999999999822 ) ) ;
#2076 = LINE ( 'NONE', #2453, #9736 ) ;
#2077 = ORIENTED_EDGE ( 'NONE', *, *, #6585, .F. ) ;
#2078 = DIRECTION ( 'NONE',  ( 1.000000000000000000, -1.355252715606879803E-16, 0.000000000000000000 ) ) ;
#2079 = LINE ( 'NONE', #3307, #9871 ) ;
#2080 = EDGE_CURVE ( 'NONE', #335, #213, #7254, .T. ) ;
#2081 =( NAMED_UNIT ( * ) SI_UNIT ( $, .STERADIAN. ) SOLID_ANGLE_UNIT ( ) );
#2082 = ADVANCED_FACE ( 'NONE', ( #7856 ), #1880, .F. ) ;
#2083 = SURFACE_STYLE_FILL_AREA ( #5467 ) ;
#2084 = VERTEX_POINT ( 'NONE', #2767 ) ;
#2085 = EDGE_CURVE ( 'NONE', #4115, #8540, #4926, .T. ) ;
#2086 = MECHANICAL_DESIGN_GEOMETRIC_PRESENTATION_REPRESENTATION (  '', ( #8493 ), #3274 ) ;
#2087 = EDGE_LOOP ( 'NONE', ( #7718, #3799, #2985, #10232 ) ) ;
#2088 = ORIENTED_EDGE ( 'NONE', *, *, #5505, .F. ) ;
#2089 = SURFACE_SIDE_STYLE ('',( #4505 ) ) ;
#2090 = DIRECTION ( 'NONE',  ( -1.000000000000000000, 0.000000000000000000, -0.000000000000000000 ) ) ;
#2091 = VECTOR ( 'NONE', #5265, 1000.000000000000000 ) ;
#2092 = CARTESIAN_POINT ( 'NONE',  ( -2.975000000000000089, -0.07500000000000012212, -5.227200187265875542 ) ) ;
#2093 = FILL_AREA_STYLE_COLOUR ( '', #6138 ) ;
#2094 = CARTESIAN_POINT ( 'NONE',  ( 0.06832857612775269929, -0.1347905980048958452, 0.3009999999999999898 ) ) ;
#2095 = STYLED_ITEM ( 'NONE', ( #1755 ), #3697 ) ;
#2096 = MECHANICAL_DESIGN_GEOMETRIC_PRESENTATION_REPRESENTATION (  '', ( #1916 ), #7563 ) ;
#2097 = FILL_AREA_STYLE_COLOUR ( '', #1508 ) ;
#2098 = DIRECTION ( 'NONE',  ( 1.000000000000000000, -1.355252715606880049E-16, 0.000000000000000000 ) ) ;
#2099 = EDGE_CURVE ( 'NONE', #8740, #4282, #7484, .T. ) ;
#2100 = DIRECTION ( 'NONE',  ( 0.3363908276654480889, -0.9417224702971438433, 0.000000000000000000 ) ) ;
#2102 = ADVANCED_FACE ( 'NONE', ( #2703 ), #4247, .F. ) ;
#2101 = CARTESIAN_POINT ( 'NONE',  ( 0.1516784807731631213, -0.1714409533686492570, 0.2999999999999998779 ) ) ;
#2103 = SURFACE_STYLE_FILL_AREA ( #4285 ) ;
#2104 = CARTESIAN_POINT ( 'NONE',  ( -0.1511836189941984931, -0.4347905980048958341, 0.3009999999999999898 ) ) ;
#2105 = SURFACE_STYLE_USAGE ( .BOTH. , #531 ) ;
#2106 = VECTOR ( 'NONE', #980, 1000.000000000000000 ) ;
#2107 = EDGE_CURVE ( 'NONE', #6713, #4666, #975, .T. ) ;
#2108 = LINE ( 'NONE', #3211, #1390 ) ;
#2109 = SURFACE_STYLE_USAGE ( .BOTH. , #3623 ) ;
#2110 = EDGE_LOOP ( 'NONE', ( #8719, #6184, #6123, #7372 ) ) ;
#2111 = AXIS2_PLACEMENT_3D ( 'NONE', #3311, #141, #1054 ) ;
#2112 = LINE ( 'NONE', #1423, #12 ) ;
#2113 = AXIS2_PLACEMENT_3D ( 'NONE', #6490, #4125, #6455 ) ;
#2114 = DIRECTION ( 'NONE',  ( 0.000000000000000000, -1.000000000000000000, 0.000000000000000000 ) ) ;
#2115 = FILL_AREA_STYLE ('',( #3559 ) ) ;
#2116 = UNCERTAINTY_MEASURE_WITH_UNIT (LENGTH_MEASURE( 1.000000000000000082E-05 ), #1286, 'distance_accuracy_value', 'NONE');
#2117 = CARTESIAN_POINT ( 'NONE',  ( -0.5464702271792907240, -0.1735122315450206287, 0.3009999999999999898 ) ) ;
#2118 = VECTOR ( 'NONE', #7991, 1000.000000000000000 ) ;
#2119 = ORIENTED_EDGE ( 'NONE', *, *, #10109, .T. ) ;
#2120 = PRESENTATION_LAYER_ASSIGNMENT (  '', '', ( #1084 ) ) ;
#2121 =( NAMED_UNIT ( * ) SI_UNIT ( $, .STERADIAN. ) SOLID_ANGLE_UNIT ( ) );
#2122 = FACE_OUTER_BOUND ( 'NONE', #2025, .T. ) ;
#2123 = SURFACE_SIDE_STYLE ('',( #5990 ) ) ;
#2124 = MECHANICAL_DESIGN_GEOMETRIC_PRESENTATION_REPRESENTATION (  '', ( #4248 ), #10 ) ;
#2125 =( NAMED_UNIT ( * ) SI_UNIT ( $, .STERADIAN. ) SOLID_ANGLE_UNIT ( ) );
#2126 = DIRECTION ( 'NONE',  ( 0.000000000000000000, -1.000000000000000000, 0.000000000000000000 ) ) ;
#2127 = UNCERTAINTY_MEASURE_WITH_UNIT (LENGTH_MEASURE( 1.000000000000000082E-05 ), #513, 'distance_accuracy_value', 'NONE');
#2128 = CARTESIAN_POINT ( 'NONE',  ( 0.2349999999999990985, -0.4000000000000000222, 1.300000000000000044 ) ) ;
#2129 = ADVANCED_FACE ( 'NONE', ( #2195 ), #6620, .T. ) ;
#2130 = ORIENTED_EDGE ( 'NONE', *, *, #1118, .F. ) ;
#2131 = FILL_AREA_STYLE_COLOUR ( '', #1235 ) ;
#2132 = LINE ( 'NONE', #6821, #6942 ) ;
#2133 = SURFACE_SIDE_STYLE ('',( #8636 ) ) ;
#2134 = FACE_OUTER_BOUND ( 'NONE', #5526, .T. ) ;
#2135 = PLANE ( 'NONE',  #8630 ) ;
#2136 = EDGE_CURVE ( 'NONE', #5057, #4115, #8607, .T. ) ;
#2137 = DIRECTION ( 'NONE',  ( 0.000000000000000000, -0.000000000000000000, 1.000000000000000000 ) ) ;
#2138 = DIRECTION ( 'NONE',  ( 0.000000000000000000, 0.000000000000000000, 1.000000000000000000 ) ) ;
#2139 = DIRECTION ( 'NONE',  ( -0.000000000000000000, 1.000000000000000000, -0.000000000000000000 ) ) ;
#2140 = VERTEX_POINT ( 'NONE', #7567 ) ;
#2141 = FILL_AREA_STYLE_COLOUR ( '', #7621 ) ;
#2142 = FILL_AREA_STYLE ('',( #2203 ) ) ;
#2143 = FACE_OUTER_BOUND ( 'NONE', #7823, .T. ) ;
#2144 = DIRECTION ( 'NONE',  ( 0.000000000000000000, 0.7071067811865477948, 0.7071067811865473507 ) ) ;
#2145 = DIRECTION ( 'NONE',  ( 0.000000000000000000, -0.7071067811865477948, 0.7071067811865473507 ) ) ;
#2146 = EDGE_CURVE ( 'NONE', #566, #6686, #9482, .T. ) ;
#2147 = STYLED_ITEM ( 'NONE', ( #8817 ), #5496 ) ;
#2148 = EDGE_CURVE ( 'NONE', #6780, #5979, #6499, .T. ) ;
#2149 = EDGE_LOOP ( 'NONE', ( #4778, #6775, #7131, #8015 ) ) ;
#2150 = DIRECTION ( 'NONE',  ( 1.000000000000000000, -1.355252715606883008E-16, 0.000000000000000000 ) ) ;
#2151 = AXIS2_PLACEMENT_3D ( 'NONE', #916, #8701, #1718 ) ;
#2152 = SURFACE_STYLE_FILL_AREA ( #3634 ) ;
#2153 = CARTESIAN_POINT ( 'NONE',  ( -0.3926470336283447993, -0.2810177321512373205, 0.3009999999999999898 ) ) ;
#2154 = DIRECTION ( 'NONE',  ( 1.000000000000000000, -0.000000000000000000, 0.000000000000000000 ) ) ;
#2155 = DIRECTION ( 'NONE',  ( 0.5773502691896258421, 0.5773502691896255090, 0.5773502691896258421 ) ) ;
#2156 =( NAMED_UNIT ( * ) PLANE_ANGLE_UNIT ( ) SI_UNIT ( $, .RADIAN. ) );
#2158 = ORIENTED_EDGE ( 'NONE', *, *, #5729, .F. ) ;
#2157 = VECTOR ( 'NONE', #7674, 1000.000000000000000 ) ;
#2159 = EDGE_CURVE ( 'NONE', #5479, #6495, #8487, .T. ) ;
#2160 =( LENGTH_UNIT ( ) NAMED_UNIT ( * ) SI_UNIT ( .MILLI., .METRE. ) );
#2161 = SURFACE_STYLE_FILL_AREA ( #6104 ) ;
#2162 = CARTESIAN_POINT ( 'NONE',  ( 0.8349999999999998535, -0.07500000000000012212, 0.2999999999999999889 ) ) ;
#2163 = ORIENTED_EDGE ( 'NONE', *, *, #4603, .F. ) ;
#2164 = FACE_OUTER_BOUND ( 'NONE', #7378, .T. ) ;
#2165 = STYLED_ITEM ( 'NONE', ( #1516 ), #3908 ) ;
#2166 = PRESENTATION_LAYER_ASSIGNMENT (  '', '', ( #10192 ) ) ;
#2167 = SURFACE_SIDE_STYLE ('',( #1542 ) ) ;
#2169 = VERTEX_POINT ( 'NONE', #9277 ) ;
#2168 = VECTOR ( 'NONE', #8908, 1000.000000000000000 ) ;
#2170 =( GEOMETRIC_REPRESENTATION_CONTEXT ( 3 ) GLOBAL_UNCERTAINTY_ASSIGNED_CONTEXT ( ( #866 ) ) GLOBAL_UNIT_ASSIGNED_CONTEXT ( ( #9866, #6948, #10151 ) ) REPRESENTATION_CONTEXT ( 'NONE', 'WORKASPACE' ) );
#2171 =( NAMED_UNIT ( * ) PLANE_ANGLE_UNIT ( ) SI_UNIT ( $, .RADIAN. ) );
#2173 = EDGE_LOOP ( 'NONE', ( #9078, #3645, #5021, #5227, #5850, #2011, #5913, #10268 ) ) ;
#2172 = PLANE ( 'NONE',  #7255 ) ;
#2174 = DIRECTION ( 'NONE',  ( -0.000000000000000000, -0.000000000000000000, 1.000000000000000000 ) ) ;
#2175 = COLOUR_RGB ( '',1.000000000000000000, 1.000000000000000000, 1.000000000000000000 ) ;
#2176 = VERTEX_POINT ( 'NONE', #6106 ) ;
#2177 = FILL_AREA_STYLE ('',( #7636 ) ) ;
#2178 = ORIENTED_EDGE ( 'NONE', *, *, #3077, .T. ) ;
#2179 = SURFACE_STYLE_USAGE ( .BOTH. , #9259 ) ;
#2180 = SURFACE_STYLE_USAGE ( .BOTH. , #1417 ) ;
#2181 = ADVANCED_FACE ( 'NONE', ( #1721 ), #9140, .F. ) ;
#2182 = EDGE_LOOP ( 'NONE', ( #6610, #5569, #6505, #1469 ) ) ;
#2183 = FACE_BOUND ( 'NONE', #6032, .T. ) ;
#2184 = EDGE_LOOP ( 'NONE', ( #9129, #3276, #3504, #1494 ) ) ;
#2185 = PRESENTATION_LAYER_ASSIGNMENT (  '', '', ( #10146 ) ) ;
#2186 = DIRECTION ( 'NONE',  ( -0.000000000000000000, 0.000000000000000000, -1.000000000000000000 ) ) ;
#2187 = UNCERTAINTY_MEASURE_WITH_UNIT (LENGTH_MEASURE( 1.000000000000000082E-05 ), #4076, 'distance_accuracy_value', 'NONE');
#2188 = AXIS2_PLACEMENT_3D ( 'NONE', #1197, #3544, #1941 ) ;
#2189 = EDGE_LOOP ( 'NONE', ( #173, #4914, #5737, #7820 ) ) ;
#2190 = VERTEX_POINT ( 'NONE', #4457 ) ;
#2191 = COLOUR_RGB ( '',0.5019607843137254832, 0.5019607843137254832, 0.5019607843137254832 ) ;
#2192 = CARTESIAN_POINT ( 'NONE',  ( -0.5458093791615163948, -0.1775478187908716143, 0.2999999999999999889 ) ) ;
#2193 = ORIENTED_EDGE ( 'NONE', *, *, #4393, .F. ) ;
#2194 =( LENGTH_UNIT ( ) NAMED_UNIT ( * ) SI_UNIT ( .MILLI., .METRE. ) );
#2195 = FACE_OUTER_BOUND ( 'NONE', #5726, .T. ) ;
#2196 = CARTESIAN_POINT ( 'NONE',  ( 4.445000000000000284, -0.07500000000000012212, -2.199999999999999734 ) ) ;
#2197 = CARTESIAN_POINT ( 'NONE',  ( 0.02808467368872833575, -0.2664979150780665829, 0.2999999999999999889 ) ) ;
#2198 =( NAMED_UNIT ( * ) SI_UNIT ( $, .STERADIAN. ) SOLID_ANGLE_UNIT ( ) );
#2199 = STYLED_ITEM ( 'NONE', ( #789 ), #741 ) ;
#2200 = CARTESIAN_POINT ( 'NONE',  ( 5.715000000000000746, 0.000000000000000000, -2.399999999999999911 ) ) ;
#2201 = VERTEX_POINT ( 'NONE', #6855 ) ;
#2202 = FACE_OUTER_BOUND ( 'NONE', #699, .T. ) ;
#2203 = FILL_AREA_STYLE_COLOUR ( '', #4425 ) ;
#2204 = VERTEX_POINT ( 'NONE', #7533 ) ;
#2205 = CARTESIAN_POINT ( 'NONE',  ( 0.3500358932009234314, -0.2904498967853836322, 0.2999999999999999889 ) ) ;
#2206 = SURFACE_STYLE_FILL_AREA ( #7463 ) ;
#2207 = B_SPLINE_CURVE_WITH_KNOTS ( 'NONE', 3,
 ( #3874, #9319, #1487, #6973, #7749, #3049, #8567, #568, #1381, #7651, #8453 ),
 .UNSPECIFIED., .F., .F.,
 ( 4, 1, 1, 1, 1, 1, 1, 1, 4 ),
 ( 0.000000000000000000, 0.1352946047634291382, 0.2667656579247484339, 0.3948160188358723621, 0.5200516544342456138, 0.6421757029708218267, 0.7626518205584230659, 0.8818340043805015238, 1.000000000000000000 ),
 .UNSPECIFIED. ) ;
#2208 = DIRECTION ( 'NONE',  ( -0.000000000000000000, -0.000000000000000000, 1.000000000000000000 ) ) ;
#2209 = CARTESIAN_POINT ( 'NONE',  ( -0.1914275214332228636, -0.1677174272731885296, 0.2999999999999999889 ) ) ;
#2210 = SURFACE_STYLE_USAGE ( .BOTH. , #4003 ) ;
#2211 = EDGE_LOOP ( 'NONE', ( #8382, #6053, #3994, #3076 ) ) ;
#2212 = AXIS2_PLACEMENT_3D ( 'NONE', #6716, #2830, #6684 ) ;
#2213 = FACE_OUTER_BOUND ( 'NONE', #6555, .T. ) ;
#2214 = FILL_AREA_STYLE_COLOUR ( '', #8993 ) ;
#2215 = EDGE_CURVE ( 'NONE', #5412, #5043, #1599, .T. ) ;
#2216 = FILL_AREA_STYLE_COLOUR ( '', #1776 ) ;
#2217 = LINE ( 'NONE', #6240, #5689 ) ;
#2218 = CARTESIAN_POINT ( 'NONE',  ( -0.3676706157921848517, -0.1958783127297525073, 0.2999999999999999334 ) ) ;
#2219 = SURFACE_SIDE_STYLE ('',( #1482 ) ) ;
#2220 = PRESENTATION_STYLE_ASSIGNMENT (( #4669 ) ) ;
#2221 = VECTOR ( 'NONE', #7994, 1000.000000000000000 ) ;
#2222 = CARTESIAN_POINT ( 'NONE',  ( -1.505000000000001226, 0.4000000000000000222, 1.300000000000000044 ) ) ;
#2223 = CARTESIAN_POINT ( 'NONE',  ( -0.2350000000000008193, 0.4000000000000000222, 1.300000000000000044 ) ) ;
#2224 = VECTOR ( 'NONE', #619, 1000.000000000000000 ) ;
#2225 = CARTESIAN_POINT ( 'NONE',  ( 6.464999999999998970, 0.9000000000000002442, 4.299999999999999822 ) ) ;
#2226 = ORIENTED_EDGE ( 'NONE', *, *, #2471, .F. ) ;
#2227 = CARTESIAN_POINT ( 'NONE',  ( 2.304999999999998828, -0.4000000000000000222, 1.300000000000000044 ) ) ;
#2228 = CARTESIAN_POINT ( 'NONE',  ( -0.2356729482624911332, -0.1677174272731885296, 0.2999999999999999889 ) ) ;
#2229 =( LENGTH_UNIT ( ) NAMED_UNIT ( * ) SI_UNIT ( .MILLI., .METRE. ) );
#2230 = VECTOR ( 'NONE', #4964, 999.9999999999998863 ) ;
#2231 =( GEOMETRIC_REPRESENTATION_CONTEXT ( 3 ) GLOBAL_UNCERTAINTY_ASSIGNED_CONTEXT ( ( #4153 ) ) GLOBAL_UNIT_ASSIGNED_CONTEXT ( ( #9845, #2739, #2844 ) ) REPRESENTATION_CONTEXT ( 'NONE', 'WORKASPACE' ) );
#2232 = AXIS2_PLACEMENT_3D ( 'NONE', #6687, #5975, #7564 ) ;
#2233 = DIRECTION ( 'NONE',  ( 1.000000000000000000, 0.000000000000000000, 0.000000000000000000 ) ) ;
#2234 = ADVANCED_FACE ( 'NONE', ( #4293 ), #5980, .T. ) ;
#2235 = VECTOR ( 'NONE', #696, 1000.000000000000000 ) ;
#2236 = DIRECTION ( 'NONE',  ( -1.000000000000000000, 0.000000000000000000, 0.000000000000000000 ) ) ;
#2237 = PLANE ( 'NONE',  #9497 ) ;
#2238 = COLOUR_RGB ( '',0.5019607843137254832, 0.5019607843137254832, 0.5019607843137254832 ) ;
#2239 = FILL_AREA_STYLE ('',( #4702 ) ) ;
#2240 = VERTEX_POINT ( 'NONE', #6081 ) ;
#2241 =( NAMED_UNIT ( * ) SI_UNIT ( $, .STERADIAN. ) SOLID_ANGLE_UNIT ( ) );
#2242 = EDGE_CURVE ( 'NONE', #4300, #6060, #7952, .T. ) ;
#2243 = UNCERTAINTY_MEASURE_WITH_UNIT (LENGTH_MEASURE( 1.000000000000000082E-05 ), #8290, 'distance_accuracy_value', 'NONE');
#2244 = LINE ( 'NONE', #3721, #4475 ) ;
#2245 = STYLED_ITEM ( 'NONE', ( #4372 ), #9146 ) ;
#2246 =( GEOMETRIC_REPRESENTATION_CONTEXT ( 3 ) GLOBAL_UNCERTAINTY_ASSIGNED_CONTEXT ( ( #3180 ) ) GLOBAL_UNIT_ASSIGNED_CONTEXT ( ( #7796, #753, #9369 ) ) REPRESENTATION_CONTEXT ( 'NONE', 'WORKASPACE' ) );
#2247 = CARTESIAN_POINT ( 'NONE',  ( 0.2208037209573177617, -0.1660006524170093423, 0.3009999999999999898 ) ) ;
#2248 = PRESENTATION_STYLE_ASSIGNMENT (( #7901 ) ) ;
#2249 = ORIENTED_EDGE ( 'NONE', *, *, #663, .T. ) ;
#2250 = CARTESIAN_POINT ( 'NONE',  ( -0.2975604553391406615, -0.1444906523385408870, 0.3000000000000001554 ) ) ;
#2251 = LINE ( 'NONE', #3933, #4497 ) ;
#2252 =( GEOMETRIC_REPRESENTATION_CONTEXT ( 3 ) GLOBAL_UNCERTAINTY_ASSIGNED_CONTEXT ( ( #2524 ) ) GLOBAL_UNIT_ASSIGNED_CONTEXT ( ( #3372, #9702, #8071 ) ) REPRESENTATION_CONTEXT ( 'NONE', 'WORKASPACE' ) );
#2253 = DIRECTION ( 'NONE',  ( 0.7071067811865475727, -0.000000000000000000, 0.7071067811865475727 ) ) ;
#2254 = VERTEX_POINT ( 'NONE', #5231 ) ;
#2255 = CARTESIAN_POINT ( 'NONE',  ( 0.1296228605322573280, -0.3878682545022095196, 0.2999999999999999889 ) ) ;
#2256 = SURFACE_SIDE_STYLE ('',( #2897 ) ) ;
#2257 = CARTESIAN_POINT ( 'NONE',  ( -0.5420182226527350267, -0.1924125492244080360, 0.2999999999999999889 ) ) ;
#2258 =( NAMED_UNIT ( * ) SI_UNIT ( $, .STERADIAN. ) SOLID_ANGLE_UNIT ( ) );
#2259 = SURFACE_SIDE_STYLE ('',( #6988 ) ) ;
#2260 = CARTESIAN_POINT ( 'NONE',  ( 4.844999999999999751, 0.4000000000000000222, 4.199999999999999289 ) ) ;
#2261 = LINE ( 'NONE', #2707, #9190 ) ;
#2262 = ORIENTED_EDGE ( 'NONE', *, *, #302, .F. ) ;
#2263 = PLANE ( 'NONE',  #5792 ) ;
#2264 = LINE ( 'NONE', #2387, #4626 ) ;
#2265 = EDGE_CURVE ( 'NONE', #1607, #6371, #5656, .T. ) ;
#2266 = PRESENTATION_STYLE_ASSIGNMENT (( #8243 ) ) ;
#2267 =( LENGTH_UNIT ( ) NAMED_UNIT ( * ) SI_UNIT ( .MILLI., .METRE. ) );
#2268 =( NAMED_UNIT ( * ) PLANE_ANGLE_UNIT ( ) SI_UNIT ( $, .RADIAN. ) );
#2269 = FILL_AREA_STYLE_COLOUR ( '', #8038 ) ;
#2271 = ORIENTED_EDGE ( 'NONE', *, *, #7384, .F. ) ;
#2270 = LINE ( 'NONE', #4882, #3025 ) ;
#2272 = SURFACE_SIDE_STYLE ('',( #6142 ) ) ;
#2273 = LINE ( 'NONE', #3674, #6603 ) ;
#2274 = EDGE_CURVE ( 'NONE', #1488, #6370, #8978, .T. ) ;
#2275 = ADVANCED_FACE ( 'NONE', ( #9848, #8202, #1470, #2183, #8471, #7605, #5903, #3168, #1354, #1098, #2312, #9473, #5049, #9599, #6874, #6629 ), #668, .T. ) ;
#2276 =( GEOMETRIC_REPRESENTATION_CONTEXT ( 3 ) GLOBAL_UNCERTAINTY_ASSIGNED_CONTEXT ( ( #8376 ) ) GLOBAL_UNIT_ASSIGNED_CONTEXT ( ( #1677, #2705, #241 ) ) REPRESENTATION_CONTEXT ( 'NONE', 'WORKASPACE' ) );
#2277 = VECTOR ( 'NONE', #9485, 1000.000000000000000 ) ;
#2278 = DIRECTION ( 'NONE',  ( -0.000000000000000000, -0.000000000000000000, 1.000000000000000000 ) ) ;
#2279 = CARTESIAN_POINT ( 'NONE',  ( 5.514999999999999680, 0.07499999999999990008, -5.227200187265875542 ) ) ;
#2280 = ORIENTED_EDGE ( 'NONE', *, *, #7947, .F. ) ;
#2281 = ORIENTED_EDGE ( 'NONE', *, *, #801, .F. ) ;
#2282 = PRESENTATION_LAYER_ASSIGNMENT (  '', '', ( #1121 ) ) ;
#2283 =( GEOMETRIC_REPRESENTATION_CONTEXT ( 3 ) GLOBAL_UNCERTAINTY_ASSIGNED_CONTEXT ( ( #6175 ) ) GLOBAL_UNIT_ASSIGNED_CONTEXT ( ( #8717, #2366, #3992 ) ) REPRESENTATION_CONTEXT ( 'NONE', 'WORKASPACE' ) );
#2284 = PRESENTATION_STYLE_ASSIGNMENT (( #1771 ) ) ;
#2285 = ORIENTED_EDGE ( 'NONE', *, *, #8128, .T. ) ;
#2286 = DIRECTION ( 'NONE',  ( -0.000000000000000000, -0.000000000000000000, -1.000000000000000000 ) ) ;
#2287 =( NAMED_UNIT ( * ) PLANE_ANGLE_UNIT ( ) SI_UNIT ( $, .RADIAN. ) );
#2288 = CARTESIAN_POINT ( 'NONE',  ( -6.115000000000001101, -0.4000000000000000222, 4.199999999999999289 ) ) ;
#2289 = ADVANCED_FACE ( 'NONE', ( #10241 ), #5349, .T. ) ;
#2290 = DIRECTION ( 'NONE',  ( 0.3363908276654480889, -0.9417224702971438433, 0.000000000000000000 ) ) ;
#2291 = CARTESIAN_POINT ( 'NONE',  ( -0.5511932444595225578, -0.1884833454124043850, 0.3000000000000000444 ) ) ;
#2292 = SURFACE_SIDE_STYLE ('',( #7106 ) ) ;
#2293 = SURFACE_SIDE_STYLE ('',( #9207 ) ) ;
#2294 = ORIENTED_EDGE ( 'NONE', *, *, #7058, .F. ) ;
#2295 = EDGE_CURVE ( 'NONE', #3258, #5646, #4408, .T. ) ;
#2296 = EDGE_LOOP ( 'NONE', ( #2581, #6254, #643, #9869 ) ) ;
#2297 = DIRECTION ( 'NONE',  ( 0.000000000000000000, -1.000000000000000000, 0.000000000000000000 ) ) ;
#2298 = ORIENTED_EDGE ( 'NONE', *, *, #7871, .F. ) ;
#2299 = EDGE_CURVE ( 'NONE', #64, #6915, #10225, .T. ) ;
#2300 = ORIENTED_EDGE ( 'NONE', *, *, #1790, .F. ) ;
#2301 = CARTESIAN_POINT ( 'NONE',  ( -0.2340151738722471841, -0.4018637687366031774, 0.3009999999999999898 ) ) ;
#2302 = AXIS2_PLACEMENT_3D ( 'NONE', #160, #4242, #5762 ) ;
#2304 = SURFACE_STYLE_FILL_AREA ( #6182 ) ;
#2303 = CARTESIAN_POINT ( 'NONE',  ( 0.2248028900658797513, -0.4381058487151240355, 0.3010000000000000453 ) ) ;
#2305 = CARTESIAN_POINT ( 'NONE',  ( -0.8350000000000006306, -0.07500000000000009437, -2.199999999999999734 ) ) ;
#2306 = ORIENTED_EDGE ( 'NONE', *, *, #496, .T. ) ;
#2307 = EDGE_LOOP ( 'NONE', ( #8389, #3679, #3665, #91, #2413, #9492, #4609, #1953, #9924, #4161 ) ) ;
#2308 = STYLED_ITEM ( 'NONE', ( #3594 ), #1064 ) ;
#2309 = PLANE ( 'NONE',  #3145 ) ;
#2310 = FILL_AREA_STYLE_COLOUR ( '', #376 ) ;
#2311 = ORIENTED_EDGE ( 'NONE', *, *, #3351, .T. ) ;
#2312 = FACE_BOUND ( 'NONE', #2437, .T. ) ;
#2313 = FILL_AREA_STYLE_COLOUR ( '', #826 ) ;
#2314 = UNCERTAINTY_MEASURE_WITH_UNIT (LENGTH_MEASURE( 1.000000000000000082E-05 ), #7840, 'distance_accuracy_value', 'NONE');
#2315 = CARTESIAN_POINT ( 'NONE',  ( -3.675000000000002043, 0.5000000000000011102, 4.299999999999999822 ) ) ;
#2316 = ORIENTED_EDGE ( 'NONE', *, *, #4258, .F. ) ;
#2317 = FACE_OUTER_BOUND ( 'NONE', #7460, .T. ) ;
#2318 = FACE_OUTER_BOUND ( 'NONE', #6633, .T. ) ;
#2319 = DIRECTION ( 'NONE',  ( -0.000000000000000000, -0.000000000000000000, 1.000000000000000000 ) ) ;
#2320 = MECHANICAL_DESIGN_GEOMETRIC_PRESENTATION_REPRESENTATION (  '', ( #3917 ), #3227 ) ;
#2321 = EDGE_LOOP ( 'NONE', ( #5912, #4973, #8593, #3348, #4276, #2436 ) ) ;
#2322 = CARTESIAN_POINT ( 'NONE',  ( 0.3026983203536069422, -0.3364002694480690558, 0.3000000000000000444 ) ) ;
#2323 = FACE_BOUND ( 'NONE', #10035, .T. ) ;
#2324 = PRESENTATION_LAYER_ASSIGNMENT (  '', '', ( #5781 ) ) ;
#2325 = PLANE ( 'NONE',  #4769 ) ;
#2326 = SURFACE_STYLE_USAGE ( .BOTH. , #7763 ) ;
#2327 =( NAMED_UNIT ( * ) SI_UNIT ( $, .STERADIAN. ) SOLID_ANGLE_UNIT ( ) );
#2328 =( NAMED_UNIT ( * ) PLANE_ANGLE_UNIT ( ) SI_UNIT ( $, .RADIAN. ) );
#2329 = CARTESIAN_POINT ( 'NONE',  ( -0.2482805837756875411, -0.1679768480216788651, 0.2999999999999999889 ) ) ;
#2330 = ORIENTED_EDGE ( 'NONE', *, *, #7771, .T. ) ;
#2331 = STYLED_ITEM ( 'NONE', ( #9808 ), #560 ) ;
#2332 = CARTESIAN_POINT ( 'NONE',  ( 0.1268651614936064098, -0.1430223053219690232, 0.3009999999999999898 ) ) ;
#2333 = ADVANCED_FACE ( 'NONE', ( #6026 ), #2412, .T. ) ;
#2334 = ORIENTED_EDGE ( 'NONE', *, *, #9694, .T. ) ;
#2335 = CARTESIAN_POINT ( 'NONE',  ( 0.3496495274744066961, -0.2731903379818681477, 0.2999999999999999334 ) ) ;
#2336 = B_SPLINE_CURVE_WITH_KNOTS ( 'NONE', 3,
 ( #1052, #9007, #5775, #5813, #9809, #9743, #5064 ),
 .UNSPECIFIED., .F., .F.,
 ( 4, 1, 1, 1, 4 ),
 ( 0.000000000000000000, 0.1744817153170506174, 0.3982857591281120935, 0.6738978473986667606, 1.000000000000000000 ),
 .UNSPECIFIED. ) ;
#2337 = DIRECTION ( 'NONE',  ( 0.000000000000000000, 1.000000000000000000, 0.000000000000000000 ) ) ;
#2338 = CARTESIAN_POINT ( 'NONE',  ( 11.43000000000000149, 0.000000000000000000, 1.300000000000000044 ) ) ;
#2339 = FILL_AREA_STYLE_COLOUR ( '', #9158 ) ;
#2340 = SURFACE_SIDE_STYLE ('',( #8521 ) ) ;
#2341 = VECTOR ( 'NONE', #9905, 1000.000000000000000 ) ;
#2342 = EDGE_CURVE ( 'NONE', #9056, #8599, #7229, .T. ) ;
#2343 =( GEOMETRIC_REPRESENTATION_CONTEXT ( 3 ) GLOBAL_UNCERTAINTY_ASSIGNED_CONTEXT ( ( #935 ) ) GLOBAL_UNIT_ASSIGNED_CONTEXT ( ( #8310, #6745, #2782 ) ) REPRESENTATION_CONTEXT ( 'NONE', 'WORKASPACE' ) );
#2344 = PLANE ( 'NONE',  #2349 ) ;
#2345 = CARTESIAN_POINT ( 'NONE',  ( 0.1974277531077388292, -0.4383085925259843640, 0.2999999999999999334 ) ) ;
#2346 = ADVANCED_FACE ( 'NONE', ( #5176 ), #4643, .T. ) ;
#2347 = AXIS2_PLACEMENT_3D ( 'NONE', #7288, #7319, #8929 ) ;
#2348 = LINE ( 'NONE', #9298, #9143 ) ;
#2349 = AXIS2_PLACEMENT_3D ( 'NONE', #8660, #10170, #5360 ) ;
#2350 = LINE ( 'NONE', #1013, #1748 ) ;
#2351 = CARTESIAN_POINT ( 'NONE',  ( -6.115000000000001101, 0.4000000000000000222, 4.199999999999999289 ) ) ;
#2352 = SURFACE_STYLE_USAGE ( .BOTH. , #7079 ) ;
#2353 = VERTEX_POINT ( 'NONE', #5518 ) ;
#2354 = SURFACE_SIDE_STYLE ('',( #5140 ) ) ;
#2355 = EDGE_CURVE ( 'NONE', #8874, #2367, #9717, .T. ) ;
#2356 = ORIENTED_EDGE ( 'NONE', *, *, #10201, .F. ) ;
#2357 = LINE ( 'NONE', #525, #416 ) ;
#2358 = CARTESIAN_POINT ( 'NONE',  ( 0.1974634846643381070, -0.1311320614195299883, 0.3000000000000000999 ) ) ;
#2359 = PLANE ( 'NONE',  #9658 ) ;
#2360 = CARTESIAN_POINT ( 'NONE',  ( 0.1349999999999979550, 0.5000000000000011102, 4.299999999999999822 ) ) ;
#2361 = FACE_OUTER_BOUND ( 'NONE', #1605, .T. ) ;
#2362 = PLANE ( 'NONE',  #8153 ) ;
#2363 = CARTESIAN_POINT ( 'NONE',  ( 4.244999999999999218, -0.07500000000000009437, -5.227200187265875542 ) ) ;
#2364 =( GEOMETRIC_REPRESENTATION_CONTEXT ( 3 ) GLOBAL_UNCERTAINTY_ASSIGNED_CONTEXT ( ( #5687 ) ) GLOBAL_UNIT_ASSIGNED_CONTEXT ( ( #477, #8281, #3637 ) ) REPRESENTATION_CONTEXT ( 'NONE', 'WORKASPACE' ) );
#2365 = MECHANICAL_DESIGN_GEOMETRIC_PRESENTATION_REPRESENTATION (  '', ( #1535 ), #5891 ) ;
#2366 =( NAMED_UNIT ( * ) PLANE_ANGLE_UNIT ( ) SI_UNIT ( $, .RADIAN. ) );
#2367 = VERTEX_POINT ( 'NONE', #4775 ) ;
#2368 = UNCERTAINTY_MEASURE_WITH_UNIT (LENGTH_MEASURE( 1.000000000000000082E-05 ), #2802, 'distance_accuracy_value', 'NONE');
#2369 = CARTESIAN_POINT ( 'NONE',  ( -0.2473536239070369958, -0.4015754374086801248, 0.3009999999999999343 ) ) ;
#2370 = LINE ( 'NONE', #313, #2750 ) ;
#2371 = LINE ( 'NONE', #464, #2751 ) ;
#2372 = CARTESIAN_POINT ( 'NONE',  ( -1.905000000000001359, -0.07500000000000009437, -2.199999999999999734 ) ) ;
#2373 = CARTESIAN_POINT ( 'NONE',  ( -5.515000000000000568, 0.07499999999999984457, 0.2999999999999999889 ) ) ;
#2374 =( LENGTH_UNIT ( ) NAMED_UNIT ( * ) SI_UNIT ( .MILLI., .METRE. ) );
#2375 = EDGE_CURVE ( 'NONE', #2539, #3065, #5539, .T. ) ;
#2376 = VECTOR ( 'NONE', #2208, 1000.000000000000000 ) ;
#2377 = ORIENTED_EDGE ( 'NONE', *, *, #3749, .T. ) ;
#2378 = CARTESIAN_POINT ( 'NONE',  ( -3.174999999999999822, -0.07500000000000012212, -2.399999999999999911 ) ) ;
#2379 =( GEOMETRIC_REPRESENTATION_CONTEXT ( 3 ) GLOBAL_UNCERTAINTY_ASSIGNED_CONTEXT ( ( #5584 ) ) GLOBAL_UNIT_ASSIGNED_CONTEXT ( ( #2562, #270, #9668 ) ) REPRESENTATION_CONTEXT ( 'NONE', 'WORKASPACE' ) );
#2380 = DIRECTION ( 'NONE',  ( -1.000000000000000000, 1.016439536705160037E-16, -0.000000000000000000 ) ) ;
#2381 = AXIS2_PLACEMENT_3D ( 'NONE', #4239, #1905, #6649 ) ;
#2382 = CARTESIAN_POINT ( 'NONE',  ( 0.2263325207646148529, -0.4037137094369415702, 0.3009999999999998788 ) ) ;
#2383 =( LENGTH_UNIT ( ) NAMED_UNIT ( * ) SI_UNIT ( .MILLI., .METRE. ) );
#2384 =( NAMED_UNIT ( * ) SI_UNIT ( $, .STERADIAN. ) SOLID_ANGLE_UNIT ( ) );
#2385 = VERTEX_POINT ( 'NONE', #840 ) ;
#2386 = FILL_AREA_STYLE_COLOUR ( '', #10221 ) ;
#2387 = CARTESIAN_POINT ( 'NONE',  ( -0.07801288728688136886, -0.2994247443463592395, 0.3009999999999999898 ) ) ;
#2388 = VECTOR ( 'NONE', #617, 1000.000000000000000 ) ;
#2389 = DIRECTION ( 'NONE',  ( -1.000000000000000000, 1.016439536705160037E-16, 0.000000000000000000 ) ) ;
#2390 = CARTESIAN_POINT ( 'NONE',  ( 0.3172247580838090109, -0.1860762978488490205, 0.3000000000000001554 ) ) ;
#2391 = EDGE_LOOP ( 'NONE', ( #8496, #7838, #7182, #2311 ) ) ;
#2392 = ADVANCED_FACE ( 'NONE', ( #203 ), #4106, .T. ) ;
#2393 = DIRECTION ( 'NONE',  ( -1.016439536705160037E-16, -1.000000000000000000, -0.000000000000000000 ) ) ;
#2394 = LINE ( 'NONE', #420, #925 ) ;
#2395 = CARTESIAN_POINT ( 'NONE',  ( -0.3445924025033119675, -0.2321170535663747980, 0.2999999999999999889 ) ) ;
#2396 = ORIENTED_EDGE ( 'NONE', *, *, #9898, .T. ) ;
#2397 = FACE_OUTER_BOUND ( 'NONE', #7352, .T. ) ;
#2398 =( NAMED_UNIT ( * ) SI_UNIT ( $, .STERADIAN. ) SOLID_ANGLE_UNIT ( ) );
#2399 = LINE ( 'NONE', #9741, #4008 ) ;
#2400 = AXIS2_PLACEMENT_3D ( 'NONE', #8509, #650, #7632 ) ;
#2401 =( NAMED_UNIT ( * ) PLANE_ANGLE_UNIT ( ) SI_UNIT ( $, .RADIAN. ) );
#2402 = ORIENTED_EDGE ( 'NONE', *, *, #4622, .F. ) ;
#2403 = LINE ( 'NONE', #3182, #2047 ) ;
#2404 = CARTESIAN_POINT ( 'NONE',  ( 0.3019844550542647443, -0.4074681402325208701, 0.3009999999999998788 ) ) ;
#2405 = EDGE_CURVE ( 'NONE', #8193, #8058, #8966, .T. ) ;
#2407 = ORIENTED_EDGE ( 'NONE', *, *, #2051, .F. ) ;
#2406 = VECTOR ( 'NONE', #2139, 1000.000000000000000 ) ;
#2408 =( NAMED_UNIT ( * ) PLANE_ANGLE_UNIT ( ) SI_UNIT ( $, .RADIAN. ) );
#2409 = CARTESIAN_POINT ( 'NONE',  ( -6.464999999999997193, -0.5000000000000000000, 0.000000000000000000 ) ) ;
#2410 = LINE ( 'NONE', #6757, #3770 ) ;
#2411 = ORIENTED_EDGE ( 'NONE', *, *, #3686, .F. ) ;
#2412 = PLANE ( 'NONE',  #5330 ) ;
#2413 = ORIENTED_EDGE ( 'NONE', *, *, #5997, .F. ) ;
#2414 = LINE ( 'NONE', #859, #6259 ) ;
#2415 = FACE_OUTER_BOUND ( 'NONE', #2706, .T. ) ;
#2416 = DIRECTION ( 'NONE',  ( -1.000000000000000000, 6.776263578034399015E-17, 0.000000000000000000 ) ) ;
#2417 = PRESENTATION_LAYER_ASSIGNMENT (  '', '', ( #5488 ) ) ;
#2418 = VERTEX_POINT ( 'NONE', #233 ) ;
#2419 = ORIENTED_EDGE ( 'NONE', *, *, #5215, .F. ) ;
#2420 = FILL_AREA_STYLE ('',( #7146 ) ) ;
#2421 = SURFACE_STYLE_USAGE ( .BOTH. , #4857 ) ;
#2422 = CARTESIAN_POINT ( 'NONE',  ( 0.2795284599083955879, -0.4228606829649745324, 0.3000000000000000444 ) ) ;
#2423 = ORIENTED_EDGE ( 'NONE', *, *, #3971, .F. ) ;
#2424 = VECTOR ( 'NONE', #7828, 1000.000000000000000 ) ;
#2425 = AXIS2_PLACEMENT_3D ( 'NONE', #1883, #2599, #5814 ) ;
#2426 = MECHANICAL_DESIGN_GEOMETRIC_PRESENTATION_REPRESENTATION (  '', ( #1780 ), #2283 ) ;
#2427 = VECTOR ( 'NONE', #9466, 1000.000000000000000 ) ;
#2428 = DIRECTION ( 'NONE',  ( 0.000000000000000000, 0.000000000000000000, 1.000000000000000000 ) ) ;
#2429 = CARTESIAN_POINT ( 'NONE',  ( 0.2714486381944094529, -0.1480073465832075219, 0.3000000000000000999 ) ) ;
#2430 = VERTEX_POINT ( 'NONE', #6411 ) ;
#2431 = CARTESIAN_POINT ( 'NONE',  ( 0.1871658276227928519, -0.1312058777696166190, 0.2999999999999999334 ) ) ;
#2432 = ORIENTED_EDGE ( 'NONE', *, *, #4405, .F. ) ;
#2433 = DIRECTION ( 'NONE',  ( 0.000000000000000000, -1.000000000000000000, 0.000000000000000000 ) ) ;
#2434 = EDGE_CURVE ( 'NONE', #8540, #1825, #8835, .T. ) ;
#2435 = FILL_AREA_STYLE_COLOUR ( '', #1725 ) ;
#2436 = ORIENTED_EDGE ( 'NONE', *, *, #2970, .T. ) ;
#2437 = EDGE_LOOP ( 'NONE', ( #4839, #3858, #3183, #4805 ) ) ;
#2438 =( NAMED_UNIT ( * ) SI_UNIT ( $, .STERADIAN. ) SOLID_ANGLE_UNIT ( ) );
#2439 = COLOUR_RGB ( '',1.000000000000000000, 1.000000000000000000, 1.000000000000000000 ) ;
#2440 = EDGE_CURVE ( 'NONE', #2169, #9056, #2797, .T. ) ;
#2441 = VECTOR ( 'NONE', #2764, 1000.000000000000000 ) ;
#2442 = ORIENTED_EDGE ( 'NONE', *, *, #2584, .F. ) ;
#2443 = CARTESIAN_POINT ( 'NONE',  ( -0.2836404042020568839, -0.3942257701221573152, 0.3000000000000000444 ) ) ;
#2444 =( GEOMETRIC_REPRESENTATION_CONTEXT ( 3 ) GLOBAL_UNCERTAINTY_ASSIGNED_CONTEXT ( ( #3078 ) ) GLOBAL_UNIT_ASSIGNED_CONTEXT ( ( #5983, #2880, #6897 ) ) REPRESENTATION_CONTEXT ( 'NONE', 'WORKASPACE' ) );
#2445 = CARTESIAN_POINT ( 'NONE',  ( 0.2146186116663738874, -0.4383329874648063118, 0.3009999999999999898 ) ) ;
#2446 = UNCERTAINTY_MEASURE_WITH_UNIT (LENGTH_MEASURE( 1.000000000000000082E-05 ), #3856, 'distance_accuracy_value', 'NONE');
#2447 =( LENGTH_UNIT ( ) NAMED_UNIT ( * ) SI_UNIT ( .MILLI., .METRE. ) );
#2448 = PRESENTATION_LAYER_ASSIGNMENT (  '', '', ( #8792 ) ) ;
#2449 = DIRECTION ( 'NONE',  ( 1.000000000000000000, -1.355252715606883008E-16, 0.000000000000000000 ) ) ;
#2450 = PLANE ( 'NONE',  #1283 ) ;
#2451 = PLANE ( 'NONE',  #7790 ) ;
#2452 = ORIENTED_EDGE ( 'NONE', *, *, #9221, .F. ) ;
#2453 = CARTESIAN_POINT ( 'NONE',  ( -0.3926470336283447993, -0.2810177321512373205, 0.3009999999999999898 ) ) ;
#2454 = ADVANCED_FACE ( 'NONE', ( #6477 ), #2451, .T. ) ;
#2455 = ORIENTED_EDGE ( 'NONE', *, *, #4028, .T. ) ;
#2456 = CARTESIAN_POINT ( 'NONE',  ( 0.1295292771819340216, -0.1817181558635497240, 0.2999999999999999889 ) ) ;
#2457 = SURFACE_STYLE_USAGE ( .BOTH. , #9037 ) ;
#2458 =( NAMED_UNIT ( * ) SI_UNIT ( $, .STERADIAN. ) SOLID_ANGLE_UNIT ( ) );
#2459 = ORIENTED_EDGE ( 'NONE', *, *, #1217, .F. ) ;
#2460 = DIRECTION ( 'NONE',  ( 1.000000000000000000, 0.000000000000000000, 0.000000000000000000 ) ) ;
#2461 = PRESENTATION_LAYER_ASSIGNMENT (  '', '', ( #9196 ) ) ;
#2462 = FACE_OUTER_BOUND ( 'NONE', #7813, .T. ) ;
#2463 = CARTESIAN_POINT ( 'NONE',  ( 1.034999999999999476, 0.4000000000000000222, 4.199999999999999289 ) ) ;
#2464 = FILL_AREA_STYLE_COLOUR ( '', #8304 ) ;
#2465 = SURFACE_STYLE_USAGE ( .BOTH. , #7177 ) ;
#2466 = CARTESIAN_POINT ( 'NONE',  ( 0.3476169927686597605, -0.2564872504687285004, 0.3010000000000000453 ) ) ;
#2467 = CARTESIAN_POINT ( 'NONE',  ( -2.105000000000000870, -0.07500000000000009437, -2.199999999999999734 ) ) ;
#2468 = AXIS2_PLACEMENT_3D ( 'NONE', #2223, #5427, #678 ) ;
#2469 = DIRECTION ( 'NONE',  ( -1.355252715606880296E-16, -1.000000000000000000, 0.000000000000000000 ) ) ;
#2470 = VECTOR ( 'NONE', #1754, 1000.000000000000000 ) ;
#2471 = EDGE_CURVE ( 'NONE', #1370, #213, #2543, .T. ) ;
#2472 = CARTESIAN_POINT ( 'NONE',  ( 4.044999999999999041, 0.4000000000000000222, 4.199999999999999289 ) ) ;
#2473 = VECTOR ( 'NONE', #5411, 1000.000000000000000 ) ;
#2474 = SURFACE_STYLE_USAGE ( .BOTH. , #4799 ) ;
#2475 = EDGE_LOOP ( 'NONE', ( #5161, #324, #6736, #3421 ) ) ;
#2476 = B_SPLINE_CURVE_WITH_KNOTS ( 'NONE', 3,
 ( #8378, #9189, #10037, #399, #2885, #5929, #6704, #5962, #1990, #2858, #501 ),
 .UNSPECIFIED., .F., .F.,
 ( 4, 1, 1, 1, 1, 1, 1, 1, 4 ),
 ( 0.000000000000000000, 0.1124483899088007527, 0.2265276752126774706, 0.3444019493260278009, 0.4658649724874581732, 0.5916594493521163400, 0.7221684870248873400, 0.8586063875549263535, 1.000000000000000000 ),
 .UNSPECIFIED. ) ;
#2477 = DIRECTION ( 'NONE',  ( 0.000000000000000000, -1.000000000000000000, 0.000000000000000000 ) ) ;
#2478 = CARTESIAN_POINT ( 'NONE',  ( -0.5420182226527350267, -0.1924125492244080360, 0.3009999999999999898 ) ) ;
#2479 = CARTESIAN_POINT ( 'NONE',  ( 2.974999999999999201, -0.07500000000000009437, -5.227200187265875542 ) ) ;
#2480 = EDGE_CURVE ( 'NONE', #228, #2176, #7218, .T. ) ;
#2481 = STYLED_ITEM ( 'NONE', ( #9684 ), #5468 ) ;
#2482 = CARTESIAN_POINT ( 'NONE',  ( 0.1539626200200891193, -0.4311192570133932089, 0.3009999999999999898 ) ) ;
#2483 = CARTESIAN_POINT ( 'NONE',  ( 4.844999999999999751, -0.4000000000000000222, 4.199999999999999289 ) ) ;
#2484 = AXIS2_PLACEMENT_3D ( 'NONE', #196, #2618, #1871 ) ;
#2485 = SURFACE_STYLE_USAGE ( .BOTH. , #8799 ) ;
#2486 =( LENGTH_UNIT ( ) NAMED_UNIT ( * ) SI_UNIT ( .MILLI., .METRE. ) );
#2487 = LINE ( 'NONE', #5869, #3465 ) ;
#2488 = AXIS2_PLACEMENT_3D ( 'NONE', #9361, #1525, #7014 ) ;
#2489 = MECHANICAL_DESIGN_GEOMETRIC_PRESENTATION_REPRESENTATION (  '', ( #1844 ), #5557 ) ;
#2490 = EDGE_LOOP ( 'NONE', ( #5325, #3134, #9283, #6723 ) ) ;
#2491 = CARTESIAN_POINT ( 'NONE',  ( -0.07801288728688136886, -0.2994247443463592395, 0.2999999999999999889 ) ) ;
#2492 = VECTOR ( 'NONE', #5352, 1000.000000000000114 ) ;
#2493 = DIRECTION ( 'NONE',  ( 1.000000000000000000, 0.000000000000000000, 0.000000000000000000 ) ) ;
#2494 = COLOUR_RGB ( '',0.5019607843137254832, 0.5019607843137254832, 0.5019607843137254832 ) ;
#2495 = LINE ( 'NONE', #5453, #5831 ) ;
#2496 = EDGE_CURVE ( 'NONE', #6060, #6634, #7585, .T. ) ;
#2497 =( NAMED_UNIT ( * ) SI_UNIT ( $, .STERADIAN. ) SOLID_ANGLE_UNIT ( ) );
#2498 = CARTESIAN_POINT ( 'NONE',  ( 0.3395090299458307648, -0.2256997840283368195, 0.3010000000000001008 ) ) ;
#2499 = EDGE_LOOP ( 'NONE', ( #1070, #4940, #7850, #4177 ) ) ;
#2500 = SURFACE_STYLE_USAGE ( .BOTH. , #2256 ) ;
#2501 = ADVANCED_FACE ( 'NONE', ( #6979 ), #1801, .F. ) ;
#2502 = FILL_AREA_STYLE_COLOUR ( '', #2673 ) ;
#2503 = VECTOR ( 'NONE', #10162, 1000.000000000000000 ) ;
#2504 = CARTESIAN_POINT ( 'NONE',  ( 4.044999999999999041, -0.4000000000000000222, 1.300000000000000044 ) ) ;
#2505 = UNCERTAINTY_MEASURE_WITH_UNIT (LENGTH_MEASURE( 1.000000000000000082E-05 ), #7703, 'distance_accuracy_value', 'NONE');
#2506 = PRESENTATION_LAYER_ASSIGNMENT (  '', '', ( #1794 ) ) ;
#2507 =( GEOMETRIC_REPRESENTATION_CONTEXT ( 3 ) GLOBAL_UNCERTAINTY_ASSIGNED_CONTEXT ( ( #9528 ) ) GLOBAL_UNIT_ASSIGNED_CONTEXT ( ( #4087, #4118, #9610 ) ) REPRESENTATION_CONTEXT ( 'NONE', 'WORKASPACE' ) );
#2508 = VERTEX_POINT ( 'NONE', #9665 ) ;
#2509 = DIRECTION ( 'NONE',  ( -0.000000000000000000, -0.000000000000000000, -1.000000000000000000 ) ) ;
#2510 =( GEOMETRIC_REPRESENTATION_CONTEXT ( 3 ) GLOBAL_UNCERTAINTY_ASSIGNED_CONTEXT ( ( #9457 ) ) GLOBAL_UNIT_ASSIGNED_CONTEXT ( ( #8502, #9297, #4570 ) ) REPRESENTATION_CONTEXT ( 'NONE', 'WORKASPACE' ) );
#2511 = COLOUR_RGB ( '',0.5019607843137254832, 0.5019607843137254832, 0.5019607843137254832 ) ;
#2512 = ORIENTED_EDGE ( 'NONE', *, *, #6672, .F. ) ;
#2513 = CARTESIAN_POINT ( 'NONE',  ( -0.3285585553739475695, -0.3621247111735154678, 0.3009999999999999898 ) ) ;
#2514 = VECTOR ( 'NONE', #3213, 1000.000000000000000 ) ;
#2515 = FILL_AREA_STYLE_COLOUR ( '', #4853 ) ;
#2516 = PRESENTATION_STYLE_ASSIGNMENT (( #9531 ) ) ;
#2517 = DIRECTION ( 'NONE',  ( 0.000000000000000000, 1.000000000000000000, 0.000000000000000000 ) ) ;
#2518 = FACE_OUTER_BOUND ( 'NONE', #1774, .T. ) ;
#2519 = CARTESIAN_POINT ( 'NONE',  ( 2.674999999999997602, -0.5000000000000011102, 4.299999999999999822 ) ) ;
#2520 = DIRECTION ( 'NONE',  ( 0.000000000000000000, 0.000000000000000000, -1.000000000000000000 ) ) ;
#2521 = CARTESIAN_POINT ( 'NONE',  ( -0.3925258734675513006, -0.2866840075031422130, 0.3010000000000000453 ) ) ;
#2522 = PRESENTATION_LAYER_ASSIGNMENT (  '', '', ( #3837 ) ) ;
#2523 = PLANE ( 'NONE',  #7712 ) ;
#2524 = UNCERTAINTY_MEASURE_WITH_UNIT (LENGTH_MEASURE( 1.000000000000000082E-05 ), #3372, 'distance_accuracy_value', 'NONE');
#2525 = VERTEX_POINT ( 'NONE', #2730 ) ;
#2526 = STYLED_ITEM ( 'NONE', ( #6383 ), #2234 ) ;
#2527 = SURFACE_SIDE_STYLE ('',( #9917 ) ) ;
#2528 = DIRECTION ( 'NONE',  ( -1.355252715606880296E-16, -1.000000000000000000, 0.000000000000000000 ) ) ;
#2529 = VECTOR ( 'NONE', #3947, 1000.000000000000000 ) ;
#2530 = VECTOR ( 'NONE', #1260, 1000.000000000000000 ) ;
#2531 = SURFACE_SIDE_STYLE ('',( #5000 ) ) ;
#2532 = CARTESIAN_POINT ( 'NONE',  ( 0.2560897937765553856, -0.3932706685705450456, 0.3009999999999999898 ) ) ;
#2533 = ORIENTED_EDGE ( 'NONE', *, *, #1978, .F. ) ;
#2534 = CARTESIAN_POINT ( 'NONE',  ( -0.2340151738722471841, -0.4018637687366031774, 0.3009999999999999898 ) ) ;
#2535 = VECTOR ( 'NONE', #5263, 1000.000000000000000 ) ;
#2536 = FILL_AREA_STYLE_COLOUR ( '', #6307 ) ;
#2537 = SURFACE_STYLE_FILL_AREA ( #127 ) ;
#2538 = SURFACE_STYLE_USAGE ( .BOTH. , #8782 ) ;
#2539 = VERTEX_POINT ( 'NONE', #1015 ) ;
#2541 = ORIENTED_EDGE ( 'NONE', *, *, #3077, .F. ) ;
#2540 = PRESENTATION_STYLE_ASSIGNMENT (( #8258 ) ) ;
#2542 = PRESENTATION_STYLE_ASSIGNMENT (( #8765 ) ) ;
#2543 = LINE ( 'NONE', #7263, #1335 ) ;
#2544 = EDGE_CURVE ( 'NONE', #6448, #2508, #5283, .T. ) ;
#2545 = STYLED_ITEM ( 'NONE', ( #3047 ), #5005 ) ;
#2546 = EDGE_LOOP ( 'NONE', ( #6390, #4638, #8149, #7264 ) ) ;
#2548 = PLANE ( 'NONE',  #8771 ) ;
#2547 = COLOUR_RGB ( '',0.5019607843137254832, 0.5019607843137254832, 0.5019607843137254832 ) ;
#2549 = EDGE_CURVE ( 'NONE', #962, #6915, #3777, .T. ) ;
#2550 = FILL_AREA_STYLE_COLOUR ( '', #1438 ) ;
#2551 = VERTEX_POINT ( 'NONE', #8177 ) ;
#2552 = CARTESIAN_POINT ( 'NONE',  ( -4.045000000000000817, 0.4000000000000000222, 1.300000000000000044 ) ) ;
#2553 = VECTOR ( 'NONE', #6886, 1000.000000000000000 ) ;
#2554 = CARTESIAN_POINT ( 'NONE',  ( -1.035000000000001252, 0.4000000000000000222, 1.300000000000000044 ) ) ;
#2555 = DIRECTION ( 'NONE',  ( 0.000000000000000000, 1.000000000000000000, 0.000000000000000000 ) ) ;
#2556 = DIRECTION ( 'NONE',  ( 1.000000000000000000, 0.000000000000000000, 0.000000000000000000 ) ) ;
#2557 = MECHANICAL_DESIGN_GEOMETRIC_PRESENTATION_REPRESENTATION (  '', ( #5841 ), #8568 ) ;
#2558 = ORIENTED_EDGE ( 'NONE', *, *, #5548, .F. ) ;
#2559 = PLANE ( 'NONE',  #3740 ) ;
#2560 = ADVANCED_FACE ( 'NONE', ( #7333 ), #2621, .F. ) ;
#2561 = ORIENTED_EDGE ( 'NONE', *, *, #3256, .F. ) ;
#2562 =( LENGTH_UNIT ( ) NAMED_UNIT ( * ) SI_UNIT ( .MILLI., .METRE. ) );
#2563 = SURFACE_STYLE_USAGE ( .BOTH. , #2527 ) ;
#2564 = SURFACE_STYLE_FILL_AREA ( #8688 ) ;
#2565 = DIRECTION ( 'NONE',  ( 0.000000000000000000, 0.000000000000000000, -1.000000000000000000 ) ) ;
#2566 = ORIENTED_EDGE ( 'NONE', *, *, #8588, .T. ) ;
#2567 = EDGE_CURVE ( 'NONE', #9130, #4170, #1811, .T. ) ;
#2568 = SURFACE_STYLE_USAGE ( .BOTH. , #6229 ) ;
#2569 = ORIENTED_EDGE ( 'NONE', *, *, #6212, .F. ) ;
#2570 = CARTESIAN_POINT ( 'NONE',  ( 0.2467503675736597846, -0.3977814388349663610, 0.2999999999999999334 ) ) ;
#2571 = UNCERTAINTY_MEASURE_WITH_UNIT (LENGTH_MEASURE( 1.000000000000000082E-05 ), #8423, 'distance_accuracy_value', 'NONE');
#2572 = CARTESIAN_POINT ( 'NONE',  ( 0.3096880964180656615, -0.2833579902342454604, 0.3009999999999999343 ) ) ;
#2573 = AXIS2_PLACEMENT_3D ( 'NONE', #8508, #4549, #9271 ) ;
#2574 = PRESENTATION_LAYER_ASSIGNMENT (  '', '', ( #2041 ) ) ;
#2575 = VERTEX_POINT ( 'NONE', #2934 ) ;
#2576 = SURFACE_STYLE_USAGE ( .BOTH. , #2606 ) ;
#2577 = VECTOR ( 'NONE', #3596, 1000.000000000000000 ) ;
#2578 = CARTESIAN_POINT ( 'NONE',  ( 5.915000000000000036, -0.07500000000000012212, -2.199999999999999734 ) ) ;
#2579 = SURFACE_STYLE_FILL_AREA ( #6287 ) ;
#2580 = CARTESIAN_POINT ( 'NONE',  ( 5.314999999999999503, -0.4000000000000000222, 1.300000000000000044 ) ) ;
#2581 = ORIENTED_EDGE ( 'NONE', *, *, #6902, .F. ) ;
#2582 = FACE_BOUND ( 'NONE', #444, .T. ) ;
#2583 = CARTESIAN_POINT ( 'NONE',  ( -0.1914275214332228636, -0.4018637687366031774, 0.2999999999999999889 ) ) ;
#2584 = EDGE_CURVE ( 'NONE', #5897, #155, #941, .T. ) ;
#2585 =( NAMED_UNIT ( * ) SI_UNIT ( $, .STERADIAN. ) SOLID_ANGLE_UNIT ( ) );
#2586 = AXIS2_PLACEMENT_3D ( 'NONE', #2593, #1743, #985 ) ;
#2587 = CARTESIAN_POINT ( 'NONE',  ( 0.1292531985468026168, -0.1420529484327070213, 0.3009999999999999898 ) ) ;
#2588 = VERTEX_POINT ( 'NONE', #4452 ) ;
#2589 =( NAMED_UNIT ( * ) PLANE_ANGLE_UNIT ( ) SI_UNIT ( $, .RADIAN. ) );
#2590 = PRESENTATION_LAYER_ASSIGNMENT (  '', '', ( #5316 ) ) ;
#2591 = ORIENTED_EDGE ( 'NONE', *, *, #258, .T. ) ;
#2592 = ORIENTED_EDGE ( 'NONE', *, *, #3156, .F. ) ;
#2593 = CARTESIAN_POINT ( 'NONE',  ( 3.174999999999998934, -0.07500000000000010825, -2.199999999999999734 ) ) ;
#2594 =( LENGTH_UNIT ( ) NAMED_UNIT ( * ) SI_UNIT ( .MILLI., .METRE. ) );
#2595 = LINE ( 'NONE', #5717, #2470 ) ;
#2596 = DIRECTION ( 'NONE',  ( 1.000000000000000000, -0.000000000000000000, 0.000000000000000000 ) ) ;
#2597 = VECTOR ( 'NONE', #7671, 1000.000000000000227 ) ;
#2598 = LINE ( 'NONE', #6844, #8112 ) ;
#2599 = DIRECTION ( 'NONE',  ( -1.016439536705160037E-16, -1.000000000000000000, -0.000000000000000000 ) ) ;
#2600 = CARTESIAN_POINT ( 'NONE',  ( -0.2358444421649301403, -0.1347905980048958452, 0.3009999999999999898 ) ) ;
#2601 = CARTESIAN_POINT ( 'NONE',  ( -0.3403797181809095629, -0.3430467695187388588, 0.3009999999999998788 ) ) ;
#2602 = LINE ( 'NONE', #6426, #1993 ) ;
#2603 = AXIS2_PLACEMENT_3D ( 'NONE', #1999, #6078, #479 ) ;
#2604 = CARTESIAN_POINT ( 'NONE',  ( 0.4349999999999996092, -0.07500000000000009437, -5.227200187265875542 ) ) ;
#2605 = COLOUR_RGB ( '',0.5019607843137254832, 0.5019607843137254832, 0.5019607843137254832 ) ;
#2606 = SURFACE_SIDE_STYLE ('',( #4202 ) ) ;
#2607 = VECTOR ( 'NONE', #872, 1000.000000000000000 ) ;
#2608 = ADVANCED_FACE ( 'NONE', ( #2788 ), #4416, .T. ) ;
#2609 = PRESENTATION_STYLE_ASSIGNMENT (( #3818 ) ) ;
#2610 = PRESENTATION_LAYER_ASSIGNMENT (  '', '', ( #149 ) ) ;
#2611 = LINE ( 'NONE', #1229, #509 ) ;
#2612 = ORIENTED_EDGE ( 'NONE', *, *, #229, .F. ) ;
#2613 = EDGE_CURVE ( 'NONE', #3043, #8916, #7698, .T. ) ;
#2614 = FACE_OUTER_BOUND ( 'NONE', #5077, .T. ) ;
#2615 = CLOSED_SHELL ( 'NONE', ( #2275, #7904, #2919, #3894, #8046, #2872, #7953, #9222, #1536, #4317, #8608, #752, #4422, #4689, #6638, #5953, #8403, #4681, #6331, #9126, #481, #9146, #9970, #9859, #9649, #9491, #7501, #7343, #5468, #8492, #6037, #8379, #1644, #8432, #5421, #4948, #5266, #5999, #1288, #9175, #5931, #5005, #7103, #9424, #8268, #4002, #66, #457, #268, #7293, #4368, #1846, #5212, #9434, #588, #8550, #9195, #4472, #7751, #1018, #2765, #9542, #5188, #2289, #380, #2102, #2560, #5165, #3214, #5240, #2234, #3468, #5823, #6807, #8864, #9275, #2392, #5719, #1895, #5673, #3908, #5767, #5521, #3578, #8808, #1256, #6122, #8597, #2943, #7859, #2663, #10023, #9390, #4262, #5106, #964, #7395, #6862, #907, #3319, #3732, #3365, #6428, #6384, #4790, #560, #2333, #3108, #3521, #5581, #8763, #1124, #1789, #506, #2716, #218, #638, #10000, #1064, #10042, #430, #2033, #9912, #10223, #7573, #7192, #1336, #3626, #6833, #2181, #4442, #6889, #164, #2501, #3169, #3697, #2966, #9064, #4110, #5879, #3599, #4848, #2817, #4163, #6282, #3956, #7248, #327, #1937, #9801, #1231, #7626, #858, #8102, #9753, #8353, #2082, #7041, #6743, #7446, #5481, #9697, #4621, #5371, #5623, #9600, #9938, #1178, #8967, #3653, #6787, #6471, #5976, #4210, #6688, #4388, #10076, #3266, #8327, #7150, #6991, #7811, #5059, #10242, #7521, #8159, #2845, #1991, #9091, #10176, #2608, #5320, #8918, #7548, #7801, #3118, #6579, #117, #1431, #7996, #7053, #9016, #6524, #1490, #2454, #2346, #6768, #8214, #3415, #1742, #1310, #4058, #6080, #4898, #2129, #1690, #803, #8711, #741 ) ) ;
#2616 = SURFACE_STYLE_USAGE ( .BOTH. , #829 ) ;
#2617 = CARTESIAN_POINT ( 'NONE',  ( 0.1268651614936064098, -0.1430223053219690232, 0.3009999999999999898 ) ) ;
#2618 = DIRECTION ( 'NONE',  ( 0.000000000000000000, -0.7071067811865477948, 0.7071067811865473507 ) ) ;
#2619 = DIRECTION ( 'NONE',  ( 0.000000000000000000, -1.000000000000000000, 0.000000000000000000 ) ) ;
#2620 = CARTESIAN_POINT ( 'NONE',  ( -0.4350000000000004974, 0.07499999999999984457, -5.227200187265875542 ) ) ;
#2621 = PLANE ( 'NONE',  #2603 ) ;
#2622 = EDGE_CURVE ( 'NONE', #3306, #8836, #2273, .T. ) ;
#2623 = VECTOR ( 'NONE', #7390, 1000.000000000000000 ) ;
#2624 = STYLED_ITEM ( 'NONE', ( #9550 ), #5767 ) ;
#2625 = EDGE_LOOP ( 'NONE', ( #860, #3454, #5530, #9294 ) ) ;
#2626 = CARTESIAN_POINT ( 'NONE',  ( -0.3866524343737838265, -0.3293597401969844962, 0.3000000000000000444 ) ) ;
#2627 = SURFACE_STYLE_FILL_AREA ( #1351 ) ;
#2628 = CARTESIAN_POINT ( 'NONE',  ( -0.2967629000101008052, -0.4245278429752809002, 0.2999999999999999889 ) ) ;
#2629 = LINE ( 'NONE', #6521, #7663 ) ;
#2630 = SURFACE_STYLE_USAGE ( .BOTH. , #3273 ) ;
#2631 = PRESENTATION_LAYER_ASSIGNMENT (  '', '', ( #5877 ) ) ;
#2632 = CARTESIAN_POINT ( 'NONE',  ( 5.314999999999999503, 0.4000000000000000222, 1.300000000000000044 ) ) ;
#2633 = CIRCLE ( 'NONE', #3138, 0.2000000000000000944 ) ;
#2634 = CARTESIAN_POINT ( 'NONE',  ( 5.314999999999999503, 0.4000000000000000222, 4.199999999999999289 ) ) ;
#2635 = ORIENTED_EDGE ( 'NONE', *, *, #7516, .T. ) ;
#2636 = CARTESIAN_POINT ( 'NONE',  ( 0.2730926651997326871, -0.3813139324245568562, 0.3009999999999999343 ) ) ;
#2637 = LINE ( 'NONE', #6523, #8678 ) ;
#2638 = CARTESIAN_POINT ( 'NONE',  ( 0.2922976319474791529, -0.2157380118901835453, 0.3000000000000000999 ) ) ;
#2639 = UNCERTAINTY_MEASURE_WITH_UNIT (LENGTH_MEASURE( 1.000000000000000082E-05 ), #8536, 'distance_accuracy_value', 'NONE');
#2640 = EDGE_CURVE ( 'NONE', #5904, #962, #181, .T. ) ;
#2641 = CARTESIAN_POINT ( 'NONE',  ( 0.2038659236887283288, -0.4055223053219689788, 0.3009999999999999898 ) ) ;
#2642 = CARTESIAN_POINT ( 'NONE',  ( 3.174999999999999822, -0.07500000000000012212, -2.199999999999999734 ) ) ;
#2643 = EDGE_CURVE ( 'NONE', #8192, #1782, #2410, .T. ) ;
#2644 = DIRECTION ( 'NONE',  ( 0.000000000000000000, -0.000000000000000000, 1.000000000000000000 ) ) ;
#2645 = EDGE_LOOP ( 'NONE', ( #5676, #8203, #3173, #2298 ) ) ;
#2646 = PRESENTATION_LAYER_ASSIGNMENT (  '', '', ( #1984 ) ) ;
#2647 = STYLED_ITEM ( 'NONE', ( #4526 ), #8379 ) ;
#2648 = LINE ( 'NONE', #5550, #426 ) ;
#2649 =( GEOMETRIC_REPRESENTATION_CONTEXT ( 3 ) GLOBAL_UNCERTAINTY_ASSIGNED_CONTEXT ( ( #6982 ) ) GLOBAL_UNIT_ASSIGNED_CONTEXT ( ( #6502, #2589, #9689 ) ) REPRESENTATION_CONTEXT ( 'NONE', 'WORKASPACE' ) );
#2650 = LINE ( 'NONE', #3602, #2388 ) ;
#2651 = DIRECTION ( 'NONE',  ( -0.5773502691896258421, 0.5773502691896255090, 0.5773502691896258421 ) ) ;
#2652 = ORIENTED_EDGE ( 'NONE', *, *, #3030, .T. ) ;
#2653 = CARTESIAN_POINT ( 'NONE',  ( -1.035000000000001252, 0.4000000000000000222, 1.300000000000000044 ) ) ;
#2654 = UNCERTAINTY_MEASURE_WITH_UNIT (LENGTH_MEASURE( 1.000000000000000082E-05 ), #1089, 'distance_accuracy_value', 'NONE');
#2655 = ORIENTED_EDGE ( 'NONE', *, *, #2242, .F. ) ;
#2656 = DIRECTION ( 'NONE',  ( -0.000000000000000000, -0.000000000000000000, -1.000000000000000000 ) ) ;
#2657 =( LENGTH_UNIT ( ) NAMED_UNIT ( * ) SI_UNIT ( .MILLI., .METRE. ) );
#2658 = CARTESIAN_POINT ( 'NONE',  ( 0.3172247580838090109, -0.1860762978488490205, 0.3010000000000000453 ) ) ;
#2659 = SURFACE_STYLE_USAGE ( .BOTH. , #8933 ) ;
#2660 = SURFACE_STYLE_FILL_AREA ( #5025 ) ;
#2661 = COLOUR_RGB ( '',0.5019607843137254832, 0.5019607843137254832, 0.5019607843137254832 ) ;
#2662 = CARTESIAN_POINT ( 'NONE',  ( -0.2497540010576095593, -0.4344830880136030249, 0.2999999999999999889 ) ) ;
#2663 = ADVANCED_FACE ( 'NONE', ( #1686 ), #5333, .T. ) ;
#2664 =( GEOMETRIC_REPRESENTATION_CONTEXT ( 3 ) GLOBAL_UNCERTAINTY_ASSIGNED_CONTEXT ( ( #9868 ) ) GLOBAL_UNIT_ASSIGNED_CONTEXT ( ( #37, #4007, #3233 ) ) REPRESENTATION_CONTEXT ( 'NONE', 'WORKASPACE' ) );
#2665 = CARTESIAN_POINT ( 'NONE',  ( -4.445000000000000284, 0.07499999999999985845, -2.199999999999999734 ) ) ;
#2667 = AXIS2_PLACEMENT_3D ( 'NONE', #9907, #9205, #10052 ) ;
#2666 = LINE ( 'NONE', #1925, #307 ) ;
#2668 = ORIENTED_EDGE ( 'NONE', *, *, #7279, .T. ) ;
#2669 = SURFACE_STYLE_USAGE ( .BOTH. , #2089 ) ;
#2670 = FILL_AREA_STYLE_COLOUR ( '', #507 ) ;
#2671 = COLOUR_RGB ( '',0.5019607843137254832, 0.5019607843137254832, 0.5019607843137254832 ) ;
#2672 = CARTESIAN_POINT ( 'NONE',  ( -0.4871401738722471730, -0.3506442565414811807, 0.3009999999999999898 ) ) ;
#2673 = COLOUR_RGB ( '',1.000000000000000000, 1.000000000000000000, 1.000000000000000000 ) ;
#2674 = SURFACE_SIDE_STYLE ('',( #5612 ) ) ;
#2675 = DIRECTION ( 'NONE',  ( -0.000000000000000000, 0.000000000000000000, 1.000000000000000000 ) ) ;
#2676 = CARTESIAN_POINT ( 'NONE',  ( -0.2680098643270467651, -0.1369840017770131702, 0.2999999999999999889 ) ) ;
#2677 = CARTESIAN_POINT ( 'NONE',  ( 0.2319119389118499963, -0.1685185341866905218, 0.3000000000000000444 ) ) ;
#2678 = ORIENTED_EDGE ( 'NONE', *, *, #2549, .F. ) ;
#2679 = LINE ( 'NONE', #8784, #6483 ) ;
#2680 = EDGE_CURVE ( 'NONE', #73, #5524, #1447, .T. ) ;
#2682 = ORIENTED_EDGE ( 'NONE', *, *, #4812, .F. ) ;
#2681 = VECTOR ( 'NONE', #2493, 1000.000000000000000 ) ;
#2683 = CARTESIAN_POINT ( 'NONE',  ( -6.115000000000001101, 0.4000000000000000222, 1.300000000000000044 ) ) ;
#2684 = ORIENTED_EDGE ( 'NONE', *, *, #2970, .F. ) ;
#2685 = ORIENTED_EDGE ( 'NONE', *, *, #2584, .T. ) ;
#2686 = CARTESIAN_POINT ( 'NONE',  ( 1.504999999999998561, -0.4000000000000000222, 1.300000000000000044 ) ) ;
#2687 = EDGE_CURVE ( 'NONE', #2786, #9018, #6853, .T. ) ;
#2688 = ORIENTED_EDGE ( 'NONE', *, *, #504, .T. ) ;
#2689 = EDGE_LOOP ( 'NONE', ( #8056, #346, #775, #1715 ) ) ;
#2690 = CARTESIAN_POINT ( 'NONE',  ( -3.375000000000000444, -0.07500000000000009437, 0.2999999999999999889 ) ) ;
#2691 = EDGE_CURVE ( 'NONE', #7123, #4166, #1075, .T. ) ;
#2692 = DIRECTION ( 'NONE',  ( -0.000000000000000000, -0.000000000000000000, 1.000000000000000000 ) ) ;
#2693 = CARTESIAN_POINT ( 'NONE',  ( 0.4890602834448259384, -0.4018637687366031774, 0.3009999999999999898 ) ) ;
#2694 = DIRECTION ( 'NONE',  ( -1.000000000000000000, 0.000000000000000000, 0.000000000000000000 ) ) ;
#2695 = AXIS2_PLACEMENT_3D ( 'NONE', #3588, #1281, #6772 ) ;
#2696 = CARTESIAN_POINT ( 'NONE',  ( -0.2384997670147301074, -0.4346867063920490937, 0.3000000000000000444 ) ) ;
#2697 = EDGE_LOOP ( 'NONE', ( #8631, #2396, #8848, #5040 ) ) ;
#2698 = LINE ( 'NONE', #6617, #3058 ) ;
#2699 = FILL_AREA_STYLE_COLOUR ( '', #1060 ) ;
#2700 = ORIENTED_EDGE ( 'NONE', *, *, #4268, .T. ) ;
#2701 = FILL_AREA_STYLE ('',( #414 ) ) ;
#2702 = UNCERTAINTY_MEASURE_WITH_UNIT (LENGTH_MEASURE( 1.000000000000000082E-05 ), #1745, 'distance_accuracy_value', 'NONE');
#2703 = FACE_OUTER_BOUND ( 'NONE', #100, .T. ) ;
#2704 =( LENGTH_UNIT ( ) NAMED_UNIT ( * ) SI_UNIT ( .MILLI., .METRE. ) );
#2705 =( NAMED_UNIT ( * ) PLANE_ANGLE_UNIT ( ) SI_UNIT ( $, .RADIAN. ) );
#2706 = EDGE_LOOP ( 'NONE', ( #9109, #7955, #5643, #5359 ) ) ;
#2707 = CARTESIAN_POINT ( 'NONE',  ( 3.574999999999999289, -0.4000000000000000222, 1.300000000000000044 ) ) ;
#2708 = CARTESIAN_POINT ( 'NONE',  ( -0.3925272832602125228, -0.2755796421799420193, 0.2999999999999999889 ) ) ;
#2709 = ORIENTED_EDGE ( 'NONE', *, *, #6252, .F. ) ;
#2710 = COLOUR_RGB ( '',0.5019607843137254832, 0.5019607843137254832, 0.5019607843137254832 ) ;
#2711 = MECHANICAL_DESIGN_GEOMETRIC_PRESENTATION_REPRESENTATION (  '', ( #2165 ), #3216 ) ;
#2712 = MECHANICAL_DESIGN_GEOMETRIC_PRESENTATION_REPRESENTATION (  '', ( #4498 ), #3095 ) ;
#2713 = AXIS2_PLACEMENT_3D ( 'NONE', #644, #3952, #2389 ) ;
#2714 = FILL_AREA_STYLE_COLOUR ( '', #3483 ) ;
#2715 = CARTESIAN_POINT ( 'NONE',  ( 0.2424373883074362468, -0.1722036493703586191, 0.2999999999999999334 ) ) ;
#2716 = ADVANCED_FACE ( 'NONE', ( #7100 ), #2994, .T. ) ;
#2717 = ORIENTED_EDGE ( 'NONE', *, *, #6079, .F. ) ;
#2718 = FILL_AREA_STYLE_COLOUR ( '', #6115 ) ;
#2719 =( LENGTH_UNIT ( ) NAMED_UNIT ( * ) SI_UNIT ( .MILLI., .METRE. ) );
#2720 = FACE_OUTER_BOUND ( 'NONE', #6458, .T. ) ;
#2721 = SURFACE_STYLE_FILL_AREA ( #1363 ) ;
#2722 = AXIS2_PLACEMENT_3D ( 'NONE', #6036, #4507, #7617 ) ;
#2723 = DIRECTION ( 'NONE',  ( 1.000000000000000000, -1.355252715606880543E-16, 0.000000000000000000 ) ) ;
#2724 = DIRECTION ( 'NONE',  ( 1.000000000000000000, -1.355252715606880296E-16, 0.000000000000000000 ) ) ;
#2725 = DIRECTION ( 'NONE',  ( 0.000000000000000000, 1.000000000000000000, 0.000000000000000000 ) ) ;
#2726 = LINE ( 'NONE', #5928, #4951 ) ;
#2727 = STYLED_ITEM ( 'NONE', ( #5666 ), #2181 ) ;
#2728 = DIRECTION ( 'NONE',  ( -0.000000000000000000, 1.000000000000000000, -0.000000000000000000 ) ) ;
#2729 = DIRECTION ( 'NONE',  ( 1.000000000000000000, -1.355252715606880049E-16, 0.000000000000000000 ) ) ;
#2730 = CARTESIAN_POINT ( 'NONE',  ( -2.105000000000000870, 0.07499999999999990008, 0.2999999999999999889 ) ) ;
#2731 = SURFACE_SIDE_STYLE ('',( #9635 ) ) ;
#2732 = SURFACE_STYLE_USAGE ( .BOTH. , #2002 ) ;
#2733 = PRESENTATION_STYLE_ASSIGNMENT (( #6986 ) ) ;
#2734 = DIRECTION ( 'NONE',  ( 1.000000000000000000, 0.000000000000000000, -0.000000000000000000 ) ) ;
#2735 = ORIENTED_EDGE ( 'NONE', *, *, #4877, .T. ) ;
#2736 = PLANE ( 'NONE',  #1622 ) ;
#2737 = PLANE ( 'NONE',  #3937 ) ;
#2738 = AXIS2_PLACEMENT_3D ( 'NONE', #695, #8520, #3797 ) ;
#2739 =( NAMED_UNIT ( * ) PLANE_ANGLE_UNIT ( ) SI_UNIT ( $, .RADIAN. ) );
#2740 =( LENGTH_UNIT ( ) NAMED_UNIT ( * ) SI_UNIT ( .MILLI., .METRE. ) );
#2741 = CARTESIAN_POINT ( 'NONE',  ( -0.3113220955537425727, -0.1500241597020889606, 0.2999999999999999334 ) ) ;
#2742 = LINE ( 'NONE', #9349, #3460 ) ;
#2743 = CARTESIAN_POINT ( 'NONE',  ( -0.5458093791615163948, -0.1775478187908716143, 0.2999999999999999889 ) ) ;
#2744 = ORIENTED_EDGE ( 'NONE', *, *, #4369, .F. ) ;
#2745 =( NAMED_UNIT ( * ) SI_UNIT ( $, .STERADIAN. ) SOLID_ANGLE_UNIT ( ) );
#2746 = CARTESIAN_POINT ( 'NONE',  ( 0.2859607828468442858, -0.2061599986891100578, 0.2999999999999999889 ) ) ;
#2747 = ORIENTED_EDGE ( 'NONE', *, *, #864, .T. ) ;
#2748 = STYLED_ITEM ( 'NONE', ( #3649 ), #5188 ) ;
#2749 =( NAMED_UNIT ( * ) PLANE_ANGLE_UNIT ( ) SI_UNIT ( $, .RADIAN. ) );
#2750 = VECTOR ( 'NONE', #9672, 1000.000000000000000 ) ;
#2751 = VECTOR ( 'NONE', #3692, 1000.000000000000000 ) ;
#2752 = EDGE_CURVE ( 'NONE', #8959, #10219, #8186, .T. ) ;
#2753 =( LENGTH_UNIT ( ) NAMED_UNIT ( * ) SI_UNIT ( .MILLI., .METRE. ) );
#2754 = VERTEX_POINT ( 'NONE', #1428 ) ;
#2755 = VECTOR ( 'NONE', #5991, 1000.000000000000000 ) ;
#2756 = FILL_AREA_STYLE ('',( #6570 ) ) ;
#2757 = DIRECTION ( 'NONE',  ( -0.000000000000000000, -1.000000000000000000, 0.000000000000000000 ) ) ;
#2758 = LINE ( 'NONE', #5615, #7789 ) ;
#2759 = SURFACE_STYLE_USAGE ( .BOTH. , #8280 ) ;
#2760 = LINE ( 'NONE', #2683, #7672 ) ;
#2761 = SURFACE_SIDE_STYLE ('',( #6544 ) ) ;
#2762 = CARTESIAN_POINT ( 'NONE',  ( -2.305000000000001492, 0.4000000000000000222, 1.300000000000000044 ) ) ;
#2763 = MECHANICAL_DESIGN_GEOMETRIC_PRESENTATION_REPRESENTATION (  '', ( #2624 ), #4207 ) ;
#2764 = DIRECTION ( 'NONE',  ( 1.000000000000000000, -1.355252715606880049E-16, 0.000000000000000000 ) ) ;
#2765 = ADVANCED_FACE ( 'NONE', ( #7206 ), #5402, .T. ) ;
#2766 = ORIENTED_EDGE ( 'NONE', *, *, #4704, .F. ) ;
#2767 = CARTESIAN_POINT ( 'NONE',  ( 3.675000000000000266, 0.5000000000000011102, 4.299999999999999822 ) ) ;
#2768 = UNCERTAINTY_MEASURE_WITH_UNIT (LENGTH_MEASURE( 1.000000000000000082E-05 ), #5079, 'distance_accuracy_value', 'NONE');
#2769 =( NAMED_UNIT ( * ) SI_UNIT ( $, .STERADIAN. ) SOLID_ANGLE_UNIT ( ) );
#2770 = VECTOR ( 'NONE', #1652, 1000.000000000000000 ) ;
#2771 = STYLED_ITEM ( 'NONE', ( #7545 ), #3468 ) ;
#2772 = SURFACE_STYLE_USAGE ( .BOTH. , #1203 ) ;
#2773 = PLANE ( 'NONE',  #5493 ) ;
#2774 =( LENGTH_UNIT ( ) NAMED_UNIT ( * ) SI_UNIT ( .MILLI., .METRE. ) );
#2775 = FACE_OUTER_BOUND ( 'NONE', #896, .T. ) ;
#2776 = ORIENTED_EDGE ( 'NONE', *, *, #5930, .T. ) ;
#2777 = DIRECTION ( 'NONE',  ( -1.000000000000000000, 6.776263578034399015E-17, 0.000000000000000000 ) ) ;
#2778 = SURFACE_STYLE_USAGE ( .BOTH. , #6703 ) ;
#2779 = FILL_AREA_STYLE_COLOUR ( '', #4828 ) ;
#2780 = DIRECTION ( 'NONE',  ( 0.000000000000000000, -1.000000000000000000, 0.000000000000000000 ) ) ;
#2781 = EDGE_CURVE ( 'NONE', #8916, #1370, #4259, .T. ) ;
#2782 =( NAMED_UNIT ( * ) SI_UNIT ( $, .STERADIAN. ) SOLID_ANGLE_UNIT ( ) );
#2783 = FACE_OUTER_BOUND ( 'NONE', #6031, .T. ) ;
#2784 = MECHANICAL_DESIGN_GEOMETRIC_PRESENTATION_REPRESENTATION (  '', ( #8927 ), #5966 ) ;
#2785 = UNCERTAINTY_MEASURE_WITH_UNIT (LENGTH_MEASURE( 1.000000000000000082E-05 ), #5210, 'distance_accuracy_value', 'NONE');
#2786 = VERTEX_POINT ( 'NONE', #9414 ) ;
#2787 = STYLED_ITEM ( 'NONE', ( #10150 ), #1336 ) ;
#2788 = FACE_OUTER_BOUND ( 'NONE', #9814, .T. ) ;
#2789 = CARTESIAN_POINT ( 'NONE',  ( 0.5293041858838503089, -0.4347905980048958341, 0.3009999999999999898 ) ) ;
#2790 = VERTEX_POINT ( 'NONE', #9523 ) ;
#2791 = FILL_AREA_STYLE ('',( #7392 ) ) ;
#2792 = CARTESIAN_POINT ( 'NONE',  ( 1.034999999999999476, 0.4000000000000000222, 4.199999999999999289 ) ) ;
#2793 =( LENGTH_UNIT ( ) NAMED_UNIT ( * ) SI_UNIT ( .MILLI., .METRE. ) );
#2794 = ORIENTED_EDGE ( 'NONE', *, *, #3547, .F. ) ;
#2795 =( LENGTH_UNIT ( ) NAMED_UNIT ( * ) SI_UNIT ( .MILLI., .METRE. ) );
#2796 = CARTESIAN_POINT ( 'NONE',  ( 3.174999999999999822, 0.07499999999999985845, -2.199999999999999734 ) ) ;
#2797 = LINE ( 'NONE', #7224, #5645 ) ;
#2798 = EDGE_LOOP ( 'NONE', ( #9095, #591, #1346, #9372 ) ) ;
#2799 =( GEOMETRIC_REPRESENTATION_CONTEXT ( 3 ) GLOBAL_UNCERTAINTY_ASSIGNED_CONTEXT ( ( #687 ) ) GLOBAL_UNIT_ASSIGNED_CONTEXT ( ( #310, #8220, #2769 ) ) REPRESENTATION_CONTEXT ( 'NONE', 'WORKASPACE' ) );
#2800 = SURFACE_STYLE_USAGE ( .BOTH. , #5947 ) ;
#2801 = VECTOR ( 'NONE', #9272, 1000.000000000000000 ) ;
#2802 =( LENGTH_UNIT ( ) NAMED_UNIT ( * ) SI_UNIT ( .MILLI., .METRE. ) );
#2803 = SURFACE_STYLE_FILL_AREA ( #745 ) ;
#2804 = CARTESIAN_POINT ( 'NONE',  ( 0.1625355655278398759, -0.4008380902846204741, 0.2999999999999998779 ) ) ;
#2806 = ORIENTED_EDGE ( 'NONE', *, *, #3517, .F. ) ;
#2805 = PLANE ( 'NONE',  #8274 ) ;
#2807 = CARTESIAN_POINT ( 'NONE',  ( -0.3676706157921848517, -0.1958783127297525073, 0.2999999999999999334 ) ) ;
#2808 = VECTOR ( 'NONE', #2380, 1000.000000000000000 ) ;
#2809 =( GEOMETRIC_REPRESENTATION_CONTEXT ( 3 ) GLOBAL_UNCERTAINTY_ASSIGNED_CONTEXT ( ( #6923 ) ) GLOBAL_UNIT_ASSIGNED_CONTEXT ( ( #8121, #3317, #8879 ) ) REPRESENTATION_CONTEXT ( 'NONE', 'WORKASPACE' ) );
#2810 = VERTEX_POINT ( 'NONE', #5170 ) ;
#2811 = SURFACE_SIDE_STYLE ('',( #8375 ) ) ;
#2812 = COLOUR_RGB ( '',1.000000000000000000, 1.000000000000000000, 1.000000000000000000 ) ;
#2813 = EDGE_CURVE ( 'NONE', #4798, #1090, #5016, .T. ) ;
#2814 = ORIENTED_EDGE ( 'NONE', *, *, #5818, .T. ) ;
#2815 = LINE ( 'NONE', #3878, #3541 ) ;
#2816 = PLANE ( 'NONE',  #2722 ) ;
#2817 = ADVANCED_FACE ( 'NONE', ( #3893 ), #5948, .T. ) ;
#2818 = DIRECTION ( 'NONE',  ( -0.000000000000000000, -0.000000000000000000, 1.000000000000000000 ) ) ;
#2819 = ORIENTED_EDGE ( 'NONE', *, *, #504, .F. ) ;
#2820 =( NAMED_UNIT ( * ) SI_UNIT ( $, .STERADIAN. ) SOLID_ANGLE_UNIT ( ) );
#2821 = ORIENTED_EDGE ( 'NONE', *, *, #369, .T. ) ;
#2822 = ORIENTED_EDGE ( 'NONE', *, *, #5548, .T. ) ;
#2823 = EDGE_CURVE ( 'NONE', #3612, #4181, #1061, .T. ) ;
#2824 = MECHANICAL_DESIGN_GEOMETRIC_PRESENTATION_REPRESENTATION (  '', ( #9295 ), #10041 ) ;
#2825 = EDGE_LOOP ( 'NONE', ( #2070, #4089, #9715, #5037 ) ) ;
#2826 = UNCERTAINTY_MEASURE_WITH_UNIT (LENGTH_MEASURE( 1.000000000000000082E-05 ), #4572, 'distance_accuracy_value', 'NONE');
#2827 = FILL_AREA_STYLE ('',( #8205 ) ) ;
#2828 = CARTESIAN_POINT ( 'NONE',  ( 0.3499421286533822006, -0.2958863364944401830, 0.2999999999999999334 ) ) ;
#2829 =( NAMED_UNIT ( * ) PLANE_ANGLE_UNIT ( ) SI_UNIT ( $, .RADIAN. ) );
#2830 = DIRECTION ( 'NONE',  ( 1.000000000000000000, -0.000000000000000000, 0.000000000000000000 ) ) ;
#2831 = DIRECTION ( 'NONE',  ( -0.000000000000000000, -0.000000000000000000, -1.000000000000000000 ) ) ;
#2832 = AXIS2_PLACEMENT_3D ( 'NONE', #1276, #9117, #6767 ) ;
#2833 = STYLED_ITEM ( 'NONE', ( #3561 ), #7573 ) ;
#2834 = SURFACE_STYLE_USAGE ( .BOTH. , #2032 ) ;
#2835 = EDGE_LOOP ( 'NONE', ( #8812, #6359, #1938, #5718 ) ) ;
#2836 =( NAMED_UNIT ( * ) PLANE_ANGLE_UNIT ( ) SI_UNIT ( $, .RADIAN. ) );
#2837 = LINE ( 'NONE', #2332, #5080 ) ;
#2838 =( LENGTH_UNIT ( ) NAMED_UNIT ( * ) SI_UNIT ( .MILLI., .METRE. ) );
#2839 = SURFACE_STYLE_FILL_AREA ( #2947 ) ;
#2840 = EDGE_LOOP ( 'NONE', ( #6751, #6870, #8007, #459 ) ) ;
#2841 = EDGE_CURVE ( 'NONE', #1292, #5302, #7816, .T. ) ;
#2842 = FILL_AREA_STYLE ('',( #9882 ) ) ;
#2843 = CARTESIAN_POINT ( 'NONE',  ( -0.2932832896549359414, -0.1787244531167642148, 0.3009999999999998788 ) ) ;
#2845 = ADVANCED_FACE ( 'NONE', ( #931 ), #8902, .T. ) ;
#2844 =( NAMED_UNIT ( * ) SI_UNIT ( $, .STERADIAN. ) SOLID_ANGLE_UNIT ( ) );
#2846 = CARTESIAN_POINT ( 'NONE',  ( 2.404999999999999805, 0.5000000000000011102, 4.299999999999999822 ) ) ;
#2847 = SURFACE_STYLE_USAGE ( .BOTH. , #7540 ) ;
#2848 = ORIENTED_EDGE ( 'NONE', *, *, #9162, .F. ) ;
#2849 = EDGE_CURVE ( 'NONE', #5128, #4837, #2399, .T. ) ;
#2850 = ORIENTED_EDGE ( 'NONE', *, *, #9756, .F. ) ;
#2851 = FILL_AREA_STYLE ('',( #4295 ) ) ;
#2852 = FACE_OUTER_BOUND ( 'NONE', #197, .T. ) ;
#2853 =( GEOMETRIC_REPRESENTATION_CONTEXT ( 3 ) GLOBAL_UNCERTAINTY_ASSIGNED_CONTEXT ( ( #5253 ) ) GLOBAL_UNIT_ASSIGNED_CONTEXT ( ( #5342, #598, #9252 ) ) REPRESENTATION_CONTEXT ( 'NONE', 'WORKASPACE' ) );
#2854 = MECHANICAL_DESIGN_GEOMETRIC_PRESENTATION_REPRESENTATION (  '', ( #2308 ), #1986 ) ;
#2855 =( NAMED_UNIT ( * ) PLANE_ANGLE_UNIT ( ) SI_UNIT ( $, .RADIAN. ) );
#2856 = PRESENTATION_STYLE_ASSIGNMENT (( #10025 ) ) ;
#2857 = LINE ( 'NONE', #3100, #2473 ) ;
#2858 = CARTESIAN_POINT ( 'NONE',  ( 0.2053692951108458120, -0.4384017334471437266, 0.3009999999999999343 ) ) ;
#2859 = CARTESIAN_POINT ( 'NONE',  ( -0.5434517905224323098, -0.1880894553950496761, 0.3009999999999999898 ) ) ;
#2860 = LINE ( 'NONE', #1832, #7654 ) ;
#2861 = AXIS2_PLACEMENT_3D ( 'NONE', #3520, #9858, #5859 ) ;
#2862 = CARTESIAN_POINT ( 'NONE',  ( -0.3754906799826842057, -0.3574896782534518480, 0.3009999999999999343 ) ) ;
#2863 = DIRECTION ( 'NONE',  ( -1.000000000000000000, 0.000000000000000000, -0.000000000000000000 ) ) ;
#2864 = ORIENTED_EDGE ( 'NONE', *, *, #9311, .T. ) ;
#2865 = CARTESIAN_POINT ( 'NONE',  ( 2.304999999999998828, 0.4000000000000000222, 1.300000000000000044 ) ) ;
#2866 = STYLED_ITEM ( 'NONE', ( #6618 ), #2392 ) ;
#2867 = CARTESIAN_POINT ( 'NONE',  ( 6.464999999999998970, 0.9000000000000002442, 0.000000000000000000 ) ) ;
#2868 = CARTESIAN_POINT ( 'NONE',  ( -1.405000000000000027, 0.5000000000000011102, 4.299999999999999822 ) ) ;
#2869 = DIRECTION ( 'NONE',  ( -0.000000000000000000, 0.000000000000000000, 1.000000000000000000 ) ) ;
#2870 = VECTOR ( 'NONE', #543, 1000.000000000000000 ) ;
#2871 = ORIENTED_EDGE ( 'NONE', *, *, #9415, .T. ) ;
#2872 = ADVANCED_FACE ( 'NONE', ( #9693 ), #8109, .F. ) ;
#2873 = VECTOR ( 'NONE', #6262, 1000.000000000000000 ) ;
#2874 = SURFACE_SIDE_STYLE ('',( #10120 ) ) ;
#2875 = COLOUR_RGB ( '',0.5019607843137254832, 0.5019607843137254832, 0.5019607843137254832 ) ;
#2876 = DIRECTION ( 'NONE',  ( -1.016439536705160037E-16, -1.000000000000000000, -0.000000000000000000 ) ) ;
#2877 = CARTESIAN_POINT ( 'NONE',  ( -0.2521626210712072935, -0.1351543152041297935, 0.3009999999999999898 ) ) ;
#2878 = PRESENTATION_LAYER_ASSIGNMENT (  '', '', ( #2331 ) ) ;
#2879 = CARTESIAN_POINT ( 'NONE',  ( -4.845000000000001528, 0.4000000000000000222, 1.300000000000000044 ) ) ;
#2880 =( NAMED_UNIT ( * ) PLANE_ANGLE_UNIT ( ) SI_UNIT ( $, .RADIAN. ) );
#2881 = VERTEX_POINT ( 'NONE', #8924 ) ;
#2882 = CARTESIAN_POINT ( 'NONE',  ( -4.245000000000000107, -0.07500000000000012212, 0.2999999999999999889 ) ) ;
#2883 = SURFACE_STYLE_FILL_AREA ( #2115 ) ;
#2884 = CARTESIAN_POINT ( 'NONE',  ( -6.115000000000001101, -0.4000000000000000222, 1.300000000000000044 ) ) ;
#2885 = CARTESIAN_POINT ( 'NONE',  ( 0.1539626200200891193, -0.4311192570133932089, 0.3009999999999999898 ) ) ;
#2886 = EDGE_CURVE ( 'NONE', #6891, #1710, #8427, .T. ) ;
#2887 = MECHANICAL_DESIGN_GEOMETRIC_PRESENTATION_REPRESENTATION (  '', ( #9899 ), #2276 ) ;
#2888 = ORIENTED_EDGE ( 'NONE', *, *, #4340, .F. ) ;
#2889 = UNCERTAINTY_MEASURE_WITH_UNIT (LENGTH_MEASURE( 1.000000000000000082E-05 ), #8460, 'distance_accuracy_value', 'NONE');
#2890 = COLOUR_RGB ( '',1.000000000000000000, 1.000000000000000000, 1.000000000000000000 ) ;
#2891 = STYLED_ITEM ( 'NONE', ( #6595 ), #268 ) ;
#2892 = DIRECTION ( 'NONE',  ( -0.000000000000000000, -0.000000000000000000, 1.000000000000000000 ) ) ;
#2893 = VECTOR ( 'NONE', #1621, 1000.000000000000000 ) ;
#2894 = PRESENTATION_LAYER_ASSIGNMENT (  '', '', ( #8285 ) ) ;
#2895 = ORIENTED_EDGE ( 'NONE', *, *, #3949, .F. ) ;
#2896 = CARTESIAN_POINT ( 'NONE',  ( -3.375000000000000444, -0.07500000000000009437, -5.227200187265875542 ) ) ;
#2897 = SURFACE_STYLE_FILL_AREA ( #48 ) ;
#2898 = DIRECTION ( 'NONE',  ( -1.000000000000000000, 6.776263578034415038E-17, 0.000000000000000000 ) ) ;
#2899 = SURFACE_SIDE_STYLE ('',( #193 ) ) ;
#2900 = UNCERTAINTY_MEASURE_WITH_UNIT (LENGTH_MEASURE( 1.000000000000000082E-05 ), #1630, 'distance_accuracy_value', 'NONE');
#2901 = FACE_OUTER_BOUND ( 'NONE', #4792, .T. ) ;
#2902 =( NAMED_UNIT ( * ) PLANE_ANGLE_UNIT ( ) SI_UNIT ( $, .RADIAN. ) );
#2903 =( NAMED_UNIT ( * ) SI_UNIT ( $, .STERADIAN. ) SOLID_ANGLE_UNIT ( ) );
#2904 = EDGE_LOOP ( 'NONE', ( #9340, #6977, #434, #2612 ) ) ;
#2905 = DIRECTION ( 'NONE',  ( -0.000000000000000000, -0.000000000000000000, 1.000000000000000000 ) ) ;
#2906 = MECHANICAL_DESIGN_GEOMETRIC_PRESENTATION_REPRESENTATION (  '', ( #2041 ), #4156 ) ;
#2907 = CARTESIAN_POINT ( 'NONE',  ( -0.2413560013848350672, -0.1349134455906705887, 0.3009999999999999898 ) ) ;
#2908 = COLOUR_RGB ( '',1.000000000000000000, 1.000000000000000000, 1.000000000000000000 ) ;
#2909 = DIRECTION ( 'NONE',  ( -0.000000000000000000, 1.000000000000000000, 0.000000000000000000 ) ) ;
#2910 = CARTESIAN_POINT ( 'NONE',  ( 0.3756456492984844298, -0.4018637687366031774, 0.2999999999999999889 ) ) ;
#2911 =( NAMED_UNIT ( * ) SI_UNIT ( $, .STERADIAN. ) SOLID_ANGLE_UNIT ( ) );
#2912 = CARTESIAN_POINT ( 'NONE',  ( -3.175000000000000711, 0.07499999999999987232, -2.199999999999999734 ) ) ;
#2913 = ORIENTED_EDGE ( 'NONE', *, *, #8380, .T. ) ;
#2914 = VECTOR ( 'NONE', #1792, 1000.000000000000000 ) ;
#2915 = ORIENTED_EDGE ( 'NONE', *, *, #7360, .F. ) ;
#2916 = FILL_AREA_STYLE_COLOUR ( '', #6691 ) ;
#2917 = SURFACE_STYLE_FILL_AREA ( #3337 ) ;
#2918 = DIRECTION ( 'NONE',  ( 0.000000000000000000, 1.000000000000000000, 0.000000000000000000 ) ) ;
#2919 = ADVANCED_FACE ( 'NONE', ( #2143 ), #6234, .T. ) ;
#2920 = EDGE_CURVE ( 'NONE', #9018, #217, #2648, .T. ) ;
#2921 = VECTOR ( 'NONE', #3243, 1000.000000000000000 ) ;
#2922 = AXIS2_PLACEMENT_3D ( 'NONE', #8028, #8898, #3402 ) ;
#2923 = DIRECTION ( 'NONE',  ( 0.000000000000000000, -1.000000000000000000, 0.000000000000000000 ) ) ;
#2924 = ORIENTED_EDGE ( 'NONE', *, *, #4073, .T. ) ;
#2925 = LINE ( 'NONE', #4888, #2168 ) ;
#2926 = ORIENTED_EDGE ( 'NONE', *, *, #2051, .T. ) ;
#2927 = PLANE ( 'NONE',  #4301 ) ;
#2928 = ORIENTED_EDGE ( 'NONE', *, *, #6917, .T. ) ;
#2929 = FILL_AREA_STYLE ('',( #9234 ) ) ;
#2930 = FILL_AREA_STYLE_COLOUR ( '', #158 ) ;
#2931 = DIRECTION ( 'NONE',  ( -0.000000000000000000, -0.000000000000000000, 1.000000000000000000 ) ) ;
#2932 = CIRCLE ( 'NONE', #188, 0.2000000000000000944 ) ;
#2933 = CARTESIAN_POINT ( 'NONE',  ( -0.2829841600898753140, -0.1746711753060409822, 0.3010000000000001563 ) ) ;
#2934 = CARTESIAN_POINT ( 'NONE',  ( -1.135000000000002229, 0.5000000000000011102, 4.299999999999999822 ) ) ;
#2935 = ORIENTED_EDGE ( 'NONE', *, *, #3137, .F. ) ;
#2936 = ORIENTED_EDGE ( 'NONE', *, *, #5742, .F. ) ;
#2937 = DIRECTION ( 'NONE',  ( 0.000000000000000000, -1.000000000000000000, 0.000000000000000000 ) ) ;
#2938 = PRESENTATION_STYLE_ASSIGNMENT (( #3766 ) ) ;
#2939 = ORIENTED_EDGE ( 'NONE', *, *, #724, .T. ) ;
#2940 = DIRECTION ( 'NONE',  ( -1.000000000000000000, 0.000000000000000000, -0.000000000000000000 ) ) ;
#2941 = PLANE ( 'NONE',  #7042 ) ;
#2943 = ADVANCED_FACE ( 'NONE', ( #10197 ), #2344, .T. ) ;
#2942 = CARTESIAN_POINT ( 'NONE',  ( 1.504999999999998561, 0.4000000000000000222, 4.199999999999999289 ) ) ;
#2944 =( NAMED_UNIT ( * ) SI_UNIT ( $, .STERADIAN. ) SOLID_ANGLE_UNIT ( ) );
#2945 = CIRCLE ( 'NONE', #5097, 0.2000000000000000944 ) ;
#2946 = VERTEX_POINT ( 'NONE', #8229 ) ;
#2947 = FILL_AREA_STYLE ('',( #2214 ) ) ;
#2948 = EDGE_CURVE ( 'NONE', #1327, #6381, #1567, .T. ) ;
#2949 = CARTESIAN_POINT ( 'NONE',  ( 0.6350000000000001199, 0.07499999999999987232, -2.399999999999999911 ) ) ;
#2950 = CARTESIAN_POINT ( 'NONE',  ( 0.2523681174474764477, -0.1769598584739172087, 0.3010000000000001008 ) ) ;
#2951 = ORIENTED_EDGE ( 'NONE', *, *, #8985, .T. ) ;
#2952 = LINE ( 'NONE', #3217, #7375 ) ;
#2953 = FACE_BOUND ( 'NONE', #6706, .T. ) ;
#2954 = ORIENTED_EDGE ( 'NONE', *, *, #429, .T. ) ;
#2955 = UNCERTAINTY_MEASURE_WITH_UNIT (LENGTH_MEASURE( 1.000000000000000082E-05 ), #6522, 'distance_accuracy_value', 'NONE');
#2956 = VECTOR ( 'NONE', #9099, 1000.000000000000000 ) ;
#2957 =( GEOMETRIC_REPRESENTATION_CONTEXT ( 3 ) GLOBAL_UNCERTAINTY_ASSIGNED_CONTEXT ( ( #6061 ) ) GLOBAL_UNIT_ASSIGNED_CONTEXT ( ( #340, #4377, #296 ) ) REPRESENTATION_CONTEXT ( 'NONE', 'WORKASPACE' ) );
#2958 = VERTEX_POINT ( 'NONE', #990 ) ;
#2959 = PLANE ( 'NONE',  #2713 ) ;
#2960 = CARTESIAN_POINT ( 'NONE',  ( 2.974999999999999201, 0.07499999999999990008, -5.227200187265875542 ) ) ;
#2961 = FILL_AREA_STYLE_COLOUR ( '', #7681 ) ;
#2962 = CARTESIAN_POINT ( 'NONE',  ( 2.974999999999999201, -0.07500000000000009437, 0.2999999999999999889 ) ) ;
#2963 = DIRECTION ( 'NONE',  ( 0.000000000000000000, -1.000000000000000000, 0.000000000000000000 ) ) ;
#2964 = CARTESIAN_POINT ( 'NONE',  ( -0.3506268412192895534, -0.2553927701498148739, 0.3009999999999999343 ) ) ;
#2965 = AXIS2_PLACEMENT_3D ( 'NONE', #1936, #9696, #8934 ) ;
#2966 = ADVANCED_FACE ( 'NONE', ( #6584 ), #8728, .T. ) ;
#2967 = LINE ( 'NONE', #5259, #8639 ) ;
#2968 = FILL_AREA_STYLE_COLOUR ( '', #7120 ) ;
#2969 = DIRECTION ( 'NONE',  ( -0.000000000000000000, 0.000000000000000000, 1.000000000000000000 ) ) ;
#2970 = EDGE_CURVE ( 'NONE', #5979, #7049, #4630, .T. ) ;
#2971 = SURFACE_STYLE_FILL_AREA ( #5039 ) ;
#2972 = FACE_OUTER_BOUND ( 'NONE', #7436, .T. ) ;
#2973 =( LENGTH_UNIT ( ) NAMED_UNIT ( * ) SI_UNIT ( .MILLI., .METRE. ) );
#2974 = VECTOR ( 'NONE', #2619, 1000.000000000000000 ) ;
#2975 = EDGE_CURVE ( 'NONE', #7015, #6107, #8815, .T. ) ;
#2976 = CYLINDRICAL_SURFACE ( 'NONE', #8594, 0.2000000000000000944 ) ;
#2977 = CARTESIAN_POINT ( 'NONE',  ( -1.905000000000000471, 0.07499999999999985845, -2.199999999999999734 ) ) ;
#2978 = ORIENTED_EDGE ( 'NONE', *, *, #465, .F. ) ;
#2979 = ORIENTED_EDGE ( 'NONE', *, *, #5563, .F. ) ;
#2980 =( GEOMETRIC_REPRESENTATION_CONTEXT ( 3 ) GLOBAL_UNCERTAINTY_ASSIGNED_CONTEXT ( ( #6762 ) ) GLOBAL_UNIT_ASSIGNED_CONTEXT ( ( #3061, #7825, #5567 ) ) REPRESENTATION_CONTEXT ( 'NONE', 'WORKASPACE' ) );
#2981 = CARTESIAN_POINT ( 'NONE',  ( 0.000000000000000000, 0.000000000000000000, 0.2999999999999999889 ) ) ;
#2982 =( GEOMETRIC_REPRESENTATION_CONTEXT ( 3 ) GLOBAL_UNCERTAINTY_ASSIGNED_CONTEXT ( ( #8505 ) ) GLOBAL_UNIT_ASSIGNED_CONTEXT ( ( #4055, #9576, #2497 ) ) REPRESENTATION_CONTEXT ( 'NONE', 'WORKASPACE' ) );
#2983 = CARTESIAN_POINT ( 'NONE',  ( 0.3096880964180656615, -0.2833579902342454604, 0.3009999999999999343 ) ) ;
#2984 = DIRECTION ( 'NONE',  ( 1.016439536705160037E-16, 1.000000000000000000, 0.000000000000000000 ) ) ;
#2985 = ORIENTED_EDGE ( 'NONE', *, *, #1701, .T. ) ;
#2986 = SURFACE_SIDE_STYLE ('',( #5956 ) ) ;
#2987 = LINE ( 'NONE', #3810, #9532 ) ;
#2988 =( GEOMETRIC_REPRESENTATION_CONTEXT ( 3 ) GLOBAL_UNCERTAINTY_ASSIGNED_CONTEXT ( ( #175 ) ) GLOBAL_UNIT_ASSIGNED_CONTEXT ( ( #2486, #8937, #1713 ) ) REPRESENTATION_CONTEXT ( 'NONE', 'WORKASPACE' ) );
#2989 = FILL_AREA_STYLE_COLOUR ( '', #9022 ) ;
#2990 = SURFACE_SIDE_STYLE ('',( #9422 ) ) ;
#2991 = FILL_AREA_STYLE ('',( #785 ) ) ;
#2992 = SURFACE_SIDE_STYLE ('',( #4198 ) ) ;
#2993 = DIRECTION ( 'NONE',  ( -1.000000000000000000, 0.000000000000000000, -0.000000000000000000 ) ) ;
#2994 = PLANE ( 'NONE',  #4188 ) ;
#2995 = DIRECTION ( 'NONE',  ( 0.000000000000000000, -1.000000000000000000, 0.000000000000000000 ) ) ;
#2996 = VERTEX_POINT ( 'NONE', #673 ) ;
#2997 = STYLED_ITEM ( 'NONE', ( #3696 ), #6579 ) ;
#2998 =( LENGTH_UNIT ( ) NAMED_UNIT ( * ) SI_UNIT ( .MILLI., .METRE. ) );
#2999 = FACE_OUTER_BOUND ( 'NONE', #8311, .T. ) ;
#3000 = ORIENTED_EDGE ( 'NONE', *, *, #9431, .F. ) ;
#3001 = EDGE_CURVE ( 'NONE', #7943, #6623, #169, .T. ) ;
#3002 = PLANE ( 'NONE',  #2738 ) ;
#3003 = CARTESIAN_POINT ( 'NONE',  ( -2.105000000000000870, -0.07500000000000009437, -2.199999999999999734 ) ) ;
#3004 =( NAMED_UNIT ( * ) SI_UNIT ( $, .STERADIAN. ) SOLID_ANGLE_UNIT ( ) );
#3005 = SURFACE_STYLE_USAGE ( .BOTH. , #7970 ) ;
#3006 = FACE_OUTER_BOUND ( 'NONE', #1842, .T. ) ;
#3007 = ORIENTED_EDGE ( 'NONE', *, *, #9153, .F. ) ;
#3008 = DIRECTION ( 'NONE',  ( 1.000000000000000000, -1.355252715606879803E-16, 0.000000000000000000 ) ) ;
#3009 = UNCERTAINTY_MEASURE_WITH_UNIT (LENGTH_MEASURE( 1.000000000000000082E-05 ), #7872, 'distance_accuracy_value', 'NONE');
#3010 = DIRECTION ( 'NONE',  ( -0.000000000000000000, -1.000000000000000000, -0.000000000000000000 ) ) ;
#3011 = FILL_AREA_STYLE_COLOUR ( '', #2875 ) ;
#3012 = SURFACE_STYLE_FILL_AREA ( #4484 ) ;
#3013 = CARTESIAN_POINT ( 'NONE',  ( 0.2922976319474791529, -0.2157380118901835453, 0.3010000000000001008 ) ) ;
#3014 = EDGE_CURVE ( 'NONE', #5302, #4128, #6460, .T. ) ;
#3015 = CARTESIAN_POINT ( 'NONE',  ( -0.3817725011811110014, -0.2209494454666282304, 0.3000000000000000999 ) ) ;
#3016 = EDGE_CURVE ( 'NONE', #9965, #7359, #3624, .T. ) ;
#3017 = ORIENTED_EDGE ( 'NONE', *, *, #7878, .F. ) ;
#3018 = SURFACE_STYLE_USAGE ( .BOTH. , #2219 ) ;
#3019 = COLOUR_RGB ( '',1.000000000000000000, 1.000000000000000000, 1.000000000000000000 ) ;
#3020 = COLOUR_RGB ( '',0.5019607843137254832, 0.5019607843137254832, 0.5019607843137254832 ) ;
#3021 = STYLED_ITEM ( 'NONE', ( #10071 ), #2943 ) ;
#3022 = AXIS2_PLACEMENT_3D ( 'NONE', #2912, #3726, #1376 ) ;
#3023 = DIRECTION ( 'NONE',  ( -0.5773502691896258421, 0.5773502691896255090, 0.5773502691896258421 ) ) ;
#3024 =( NAMED_UNIT ( * ) PLANE_ANGLE_UNIT ( ) SI_UNIT ( $, .RADIAN. ) );
#3026 = ORIENTED_EDGE ( 'NONE', *, *, #3659, .F. ) ;
#3025 = VECTOR ( 'NONE', #5413, 1000.000000000000000 ) ;
#3027 = FILL_AREA_STYLE_COLOUR ( '', #63 ) ;
#3028 = EDGE_CURVE ( 'NONE', #659, #9130, #5988, .T. ) ;
#3029 = VECTOR ( 'NONE', #5978, 1000.000000000000000 ) ;
#3030 = EDGE_CURVE ( 'NONE', #471, #7668, #1306, .T. ) ;
#3031 = CARTESIAN_POINT ( 'NONE',  ( -1.705000000000000737, 0.07499999999999984457, -5.227200187265875542 ) ) ;
#3032 = ORIENTED_EDGE ( 'NONE', *, *, #8277, .F. ) ;
#3033 = LINE ( 'NONE', #4228, #9963 ) ;
#3034 = MECHANICAL_DESIGN_GEOMETRIC_PRESENTATION_REPRESENTATION (  '', ( #1794 ), #5826 ) ;
#3035 =( GEOMETRIC_REPRESENTATION_CONTEXT ( 3 ) GLOBAL_UNCERTAINTY_ASSIGNED_CONTEXT ( ( #5871 ) ) GLOBAL_UNIT_ASSIGNED_CONTEXT ( ( #2774, #8371, #6087 ) ) REPRESENTATION_CONTEXT ( 'NONE', 'WORKASPACE' ) );
#3037 = ORIENTED_EDGE ( 'NONE', *, *, #845, .T. ) ;
#3036 = LINE ( 'NONE', #4360, #1455 ) ;
#3038 = DIRECTION ( 'NONE',  ( -0.000000000000000000, -0.000000000000000000, 1.000000000000000000 ) ) ;
#3039 = STYLED_ITEM ( 'NONE', ( #3854 ), #907 ) ;
#3040 = SURFACE_SIDE_STYLE ('',( #524 ) ) ;
#3041 = PLANE ( 'NONE',  #1926 ) ;
#3042 = CARTESIAN_POINT ( 'NONE',  ( 0.3756456492984844298, -0.4347905980048958341, 0.3009999999999999898 ) ) ;
#3043 = VERTEX_POINT ( 'NONE', #4645 ) ;
#3044 = PLANE ( 'NONE',  #4817 ) ;
#3045 = PRESENTATION_STYLE_ASSIGNMENT (( #7927 ) ) ;
#3046 =( NAMED_UNIT ( * ) SI_UNIT ( $, .STERADIAN. ) SOLID_ANGLE_UNIT ( ) );
#3047 = PRESENTATION_STYLE_ASSIGNMENT (( #7498 ) ) ;
#3048 = DIRECTION ( 'NONE',  ( 1.000000000000000000, -1.355252715606883008E-16, 0.000000000000000000 ) ) ;
#3049 = CARTESIAN_POINT ( 'NONE',  ( 0.1625355655278398759, -0.4008380902846204741, 0.3009999999999998788 ) ) ;
#3050 = ORIENTED_EDGE ( 'NONE', *, *, #5688, .T. ) ;
#3051 = ORIENTED_EDGE ( 'NONE', *, *, #1569, .F. ) ;
#3052 =( GEOMETRIC_REPRESENTATION_CONTEXT ( 3 ) GLOBAL_UNCERTAINTY_ASSIGNED_CONTEXT ( ( #2022 ) ) GLOBAL_UNIT_ASSIGNED_CONTEXT ( ( #1063, #8232, #7383 ) ) REPRESENTATION_CONTEXT ( 'NONE', 'WORKASPACE' ) );
#3053 = CARTESIAN_POINT ( 'NONE',  ( -5.214999999999999858, 0.5000000000000011102, 4.299999999999999822 ) ) ;
#3054 =( GEOMETRIC_REPRESENTATION_CONTEXT ( 3 ) GLOBAL_UNCERTAINTY_ASSIGNED_CONTEXT ( ( #3629 ) ) GLOBAL_UNIT_ASSIGNED_CONTEXT ( ( #2838, #552, #5267 ) ) REPRESENTATION_CONTEXT ( 'NONE', 'WORKASPACE' ) );
#3055 = LINE ( 'NONE', #7000, #5659 ) ;
#3056 = VERTEX_POINT ( 'NONE', #10207 ) ;
#3057 = CIRCLE ( 'NONE', #5435, 0.1999999999999996503 ) ;
#3058 = VECTOR ( 'NONE', #1046, 1000.000000000000000 ) ;
#3059 = VERTEX_POINT ( 'NONE', #6265 ) ;
#3060 = DIRECTION ( 'NONE',  ( -1.000000000000000000, 0.000000000000000000, 0.000000000000000000 ) ) ;
#3061 =( LENGTH_UNIT ( ) NAMED_UNIT ( * ) SI_UNIT ( .MILLI., .METRE. ) );
#3062 = SURFACE_STYLE_USAGE ( .BOTH. , #2992 ) ;
#3063 = PLANE ( 'NONE',  #7809 ) ;
#3064 = FILL_AREA_STYLE ('',( #8612 ) ) ;
#3065 = VERTEX_POINT ( 'NONE', #5490 ) ;
#3066 = ORIENTED_EDGE ( 'NONE', *, *, #6520, .T. ) ;
#3067 = VECTOR ( 'NONE', #3491, 1000.000000000000000 ) ;
#3068 = EDGE_LOOP ( 'NONE', ( #5923, #7717, #5407, #10167 ) ) ;
#3069 = CARTESIAN_POINT ( 'NONE',  ( 2.404999999999999805, -0.4000000000000000222, 4.299999999999999822 ) ) ;
#3070 = CARTESIAN_POINT ( 'NONE',  ( 8.890000000000000568, 0.000000000000000000, 1.300000000000000044 ) ) ;
#3071 = DIRECTION ( 'NONE',  ( -0.000000000000000000, -1.000000000000000000, -0.000000000000000000 ) ) ;
#3072 = CARTESIAN_POINT ( 'NONE',  ( -0.5280128872868813383, -0.1347905980048958452, 0.3009999999999999898 ) ) ;
#3073 = EDGE_CURVE ( 'NONE', #6696, #7943, #3873, .T. ) ;
#3074 = DIRECTION ( 'NONE',  ( -0.000000000000000000, -0.000000000000000000, 1.000000000000000000 ) ) ;
#3075 = SURFACE_STYLE_FILL_AREA ( #7037 ) ;
#3076 = ORIENTED_EDGE ( 'NONE', *, *, #781, .F. ) ;
#3077 = EDGE_CURVE ( 'NONE', #576, #4392, #6226, .T. ) ;
#3078 = UNCERTAINTY_MEASURE_WITH_UNIT (LENGTH_MEASURE( 1.000000000000000082E-05 ), #5983, 'distance_accuracy_value', 'NONE');
#3079 = VECTOR ( 'NONE', #4942, 1000.000000000000000 ) ;
#3080 =( NAMED_UNIT ( * ) SI_UNIT ( $, .STERADIAN. ) SOLID_ANGLE_UNIT ( ) );
#3081 = CARTESIAN_POINT ( 'NONE',  ( 0.2859607828468442858, -0.2061599986891100578, 0.3009999999999999898 ) ) ;
#3082 =( GEOMETRIC_REPRESENTATION_CONTEXT ( 3 ) GLOBAL_UNCERTAINTY_ASSIGNED_CONTEXT ( ( #4939 ) ) GLOBAL_UNIT_ASSIGNED_CONTEXT ( ( #4133, #4199, #2585 ) ) REPRESENTATION_CONTEXT ( 'NONE', 'WORKASPACE' ) );
#3083 = VERTEX_POINT ( 'NONE', #7785 ) ;
#3084 = CARTESIAN_POINT ( 'NONE',  ( -0.3480744968519008387, -0.1743104642844965912, 0.2999999999999999889 ) ) ;
#3085 = CARTESIAN_POINT ( 'NONE',  ( 0.2038659236887283288, -0.4055223053219689788, 0.2999999999999999889 ) ) ;
#3086 = PRESENTATION_STYLE_ASSIGNMENT (( #6558 ) ) ;
#3087 = EDGE_CURVE ( 'NONE', #8599, #9700, #8618, .T. ) ;
#3088 = CARTESIAN_POINT ( 'NONE',  ( 0.1530484873345392682, -0.3981692894296219309, 0.3000000000000000444 ) ) ;
#3089 = FILL_AREA_STYLE ('',( #784 ) ) ;
#3090 = CARTESIAN_POINT ( 'NONE',  ( -3.375000000000000444, -0.07500000000000009437, -5.227200187265875542 ) ) ;
#3091 = CARTESIAN_POINT ( 'NONE',  ( -0.3506268412192895534, -0.2553927701498148739, 0.2999999999999999334 ) ) ;
#3092 = UNCERTAINTY_MEASURE_WITH_UNIT (LENGTH_MEASURE( 1.000000000000000082E-05 ), #7565, 'distance_accuracy_value', 'NONE');
#3093 = DIRECTION ( 'NONE',  ( -0.000000000000000000, -0.000000000000000000, 1.000000000000000000 ) ) ;
#3094 =( GEOMETRIC_REPRESENTATION_CONTEXT ( 3 ) GLOBAL_UNCERTAINTY_ASSIGNED_CONTEXT ( ( #9790 ) ) GLOBAL_UNIT_ASSIGNED_CONTEXT ( ( #1426, #9239, #4518 ) ) REPRESENTATION_CONTEXT ( 'NONE', 'WORKASPACE' ) );
#3095 =( GEOMETRIC_REPRESENTATION_CONTEXT ( 3 ) GLOBAL_UNCERTAINTY_ASSIGNED_CONTEXT ( ( #4794 ) ) GLOBAL_UNIT_ASSIGNED_CONTEXT ( ( #5323, #573, #6095 ) ) REPRESENTATION_CONTEXT ( 'NONE', 'WORKASPACE' ) );
#3096 = DIRECTION ( 'NONE',  ( 1.000000000000000000, 0.000000000000000000, 0.000000000000000000 ) ) ;
#3097 = CARTESIAN_POINT ( 'NONE',  ( -0.5477918507015154814, -0.1713759638585543588, 0.3009999999999999898 ) ) ;
#3098 =( NAMED_UNIT ( * ) PLANE_ANGLE_UNIT ( ) SI_UNIT ( $, .RADIAN. ) );
#3099 = SURFACE_SIDE_STYLE ('',( #8662 ) ) ;
#3100 = CARTESIAN_POINT ( 'NONE',  ( -0.4145982531405399407, -0.4347905980048958341, 0.3009999999999999898 ) ) ;
#3101 = VERTEX_POINT ( 'NONE', #641 ) ;
#3102 = EDGE_CURVE ( 'NONE', #4219, #2810, #5731, .T. ) ;
#3103 = CARTESIAN_POINT ( 'NONE',  ( -0.3470174952750227915, -0.1737003878760896014, 0.3010000000000000453 ) ) ;
#3104 = AXIS2_PLACEMENT_3D ( 'NONE', #7502, #8216, #5916 ) ;
#3105 = CARTESIAN_POINT ( 'NONE',  ( 3.574999999999999289, 0.4000000000000000222, 1.300000000000000044 ) ) ;
#3106 =( GEOMETRIC_REPRESENTATION_CONTEXT ( 3 ) GLOBAL_UNCERTAINTY_ASSIGNED_CONTEXT ( ( #2243 ) ) GLOBAL_UNIT_ASSIGNED_CONTEXT ( ( #8290, #4383, #3581 ) ) REPRESENTATION_CONTEXT ( 'NONE', 'WORKASPACE' ) );
#3107 = DIRECTION ( 'NONE',  ( 0.000000000000000000, -0.000000000000000000, 1.000000000000000000 ) ) ;
#3108 = ADVANCED_FACE ( 'NONE', ( #4617 ), #9465, .F. ) ;
#3109 = LINE ( 'NONE', #195, #4107 ) ;
#3110 = EDGE_LOOP ( 'NONE', ( #6647, #9379, #951, #9601, #7539 ) ) ;
#3111 = CARTESIAN_POINT ( 'NONE',  ( -0.3866549977159111084, -0.2347797041929234885, 0.2999999999999998779 ) ) ;
#3112 = PLANE ( 'NONE',  #52 ) ;
#3113 = LINE ( 'NONE', #5282, #7899 ) ;
#3114 = COLOUR_RGB ( '',1.000000000000000000, 1.000000000000000000, 1.000000000000000000 ) ;
#3115 = CARTESIAN_POINT ( 'NONE',  ( 0.4890602834448259384, -0.4018637687366031774, 0.3009999999999999898 ) ) ;
#3116 = EDGE_LOOP ( 'NONE', ( #1020, #5296, #7230, #8338 ) ) ;
#3117 = CARTESIAN_POINT ( 'NONE',  ( -0.08532996045761305492, -0.1677174272731885296, 0.2999999999999999889 ) ) ;
#3118 = ADVANCED_FACE ( 'NONE', ( #1670 ), #109, .T. ) ;
#3119 = CARTESIAN_POINT ( 'NONE',  ( 0.1585794955916082216, -0.1340320966855799989, 0.2999999999999999889 ) ) ;
#3120 = CARTESIAN_POINT ( 'NONE',  ( -0.5482078595022333856, -0.1736821760498524492, 0.3009999999999999343 ) ) ;
#3121 = CARTESIAN_POINT ( 'NONE',  ( 5.514999999999999680, -0.07500000000000009437, -5.227200187265875542 ) ) ;
#3122 =( NAMED_UNIT ( * ) PLANE_ANGLE_UNIT ( ) SI_UNIT ( $, .RADIAN. ) );
#3123 = MECHANICAL_DESIGN_GEOMETRIC_PRESENTATION_REPRESENTATION (  '', ( #7080 ), #4450 ) ;
#3124 = STYLED_ITEM ( 'NONE', ( #7649 ), #6331 ) ;
#3125 = ORIENTED_EDGE ( 'NONE', *, *, #1333, .T. ) ;
#3126 = UNCERTAINTY_MEASURE_WITH_UNIT (LENGTH_MEASURE( 1.000000000000000082E-05 ), #3241, 'distance_accuracy_value', 'NONE');
#3127 = CARTESIAN_POINT ( 'NONE',  ( 0.3334311228802630533, -0.2116192421532121226, 0.2999999999999999334 ) ) ;
#3128 = B_SPLINE_CURVE_WITH_KNOTS ( 'NONE', 3,
 ( #2014, #5179, #2743, #1209, #8342, #3514, #1920 ),
 .UNSPECIFIED., .F., .F.,
 ( 4, 1, 1, 1, 4 ),
 ( 0.000000000000000000, 0.3005411131585108975, 0.5677471464836001402, 0.8000336137369825629, 0.9999999999999998890 ),
 .UNSPECIFIED. ) ;
#3129 = EDGE_CURVE ( 'NONE', #9530, #6284, #9052, .T. ) ;
#3130 = CARTESIAN_POINT ( 'NONE',  ( 0.8349999999999998535, 0.07499999999999984457, 0.2999999999999999889 ) ) ;
#3131 = SURFACE_STYLE_USAGE ( .BOTH. , #7134 ) ;
#3132 = FILL_AREA_STYLE_COLOUR ( '', #8970 ) ;
#3133 = VECTOR ( 'NONE', #9074, 1000.000000000000000 ) ;
#3134 = ORIENTED_EDGE ( 'NONE', *, *, #7406, .T. ) ;
#3135 = CARTESIAN_POINT ( 'NONE',  ( 0.1604017222396391662, -0.1687730531197441652, 0.3010000000000000453 ) ) ;
#3136 = LINE ( 'NONE', #1912, #556 ) ;
#3137 = EDGE_CURVE ( 'NONE', #8224, #7216, #5863, .T. ) ;
#3138 = AXIS2_PLACEMENT_3D ( 'NONE', #8554, #1510, #10195 ) ;
#3139 = DIRECTION ( 'NONE',  ( 1.000000000000000000, 0.000000000000000000, -0.000000000000000000 ) ) ;
#3140 = EDGE_LOOP ( 'NONE', ( #2130, #4440, #2067, #10245 ) ) ;
#3141 = VECTOR ( 'NONE', #8750, 1000.000000000000000 ) ;
#3143 = ORIENTED_EDGE ( 'NONE', *, *, #3554, .F. ) ;
#3142 = LINE ( 'NONE', #4528, #8449 ) ;
#3144 = CARTESIAN_POINT ( 'NONE',  ( 0.3353762426123065854, -0.3637614340708853478, 0.2999999999999999334 ) ) ;
#3145 = AXIS2_PLACEMENT_3D ( 'NONE', #5515, #8556, #9486 ) ;
#3146 = STYLED_ITEM ( 'NONE', ( #5448 ), #7501 ) ;
#3147 = FACE_OUTER_BOUND ( 'NONE', #6141, .T. ) ;
#3148 = CARTESIAN_POINT ( 'NONE',  ( -0.5420182226527350267, -0.1924125492244080360, 0.2999999999999999889 ) ) ;
#3149 = CARTESIAN_POINT ( 'NONE',  ( 1.904999999999998694, -0.07500000000000009437, -2.199999999999999734 ) ) ;
#3150 = CARTESIAN_POINT ( 'NONE',  ( -0.3400706433952894736, -0.2217807515821046127, 0.3000000000000000444 ) ) ;
#3151 = SURFACE_STYLE_USAGE ( .BOTH. , #2259 ) ;
#3152 = ORIENTED_EDGE ( 'NONE', *, *, #1952, .F. ) ;
#3153 = EDGE_CURVE ( 'NONE', #7005, #177, #7680, .T. ) ;
#3154 = VECTOR ( 'NONE', #1533, 1000.000000000000000 ) ;
#3155 = ORIENTED_EDGE ( 'NONE', *, *, #7929, .F. ) ;
#3156 = EDGE_CURVE ( 'NONE', #5060, #9161, #919, .T. ) ;
#3157 = ORIENTED_EDGE ( 'NONE', *, *, #229, .T. ) ;
#3158 = CARTESIAN_POINT ( 'NONE',  ( -0.2385354445037190796, -0.4017660560615664567, 0.3009999999999999898 ) ) ;
#3159 = AXIS2_PLACEMENT_3D ( 'NONE', #10137, #10200, #6963 ) ;
#3160 = PRESENTATION_LAYER_ASSIGNMENT (  '', '', ( #3355 ) ) ;
#3161 = DIRECTION ( 'NONE',  ( 0.000000000000000000, -1.000000000000000000, 0.000000000000000000 ) ) ;
#3162 =( NAMED_UNIT ( * ) PLANE_ANGLE_UNIT ( ) SI_UNIT ( $, .RADIAN. ) );
#3163 = EDGE_LOOP ( 'NONE', ( #8999, #792, #7110, #1459 ) ) ;
#3164 = DIRECTION ( 'NONE',  ( -0.000000000000000000, -1.000000000000000000, -0.000000000000000000 ) ) ;
#3165 = LINE ( 'NONE', #9192, #4787 ) ;
#3166 = ORIENTED_EDGE ( 'NONE', *, *, #4476, .T. ) ;
#3167 = CARTESIAN_POINT ( 'NONE',  ( -0.3925258734675513006, -0.2866840075031422130, 0.3000000000000000999 ) ) ;
#3168 = FACE_BOUND ( 'NONE', #9834, .T. ) ;
#3169 = ADVANCED_FACE ( 'NONE', ( #3748 ), #7, .T. ) ;
#3170 = ORIENTED_EDGE ( 'NONE', *, *, #7768, .T. ) ;
#3171 = CARTESIAN_POINT ( 'NONE',  ( -0.3481350457054549485, -0.2433066776090683225, 0.3010000000000000453 ) ) ;
#3172 = ORIENTED_EDGE ( 'NONE', *, *, #10267, .F. ) ;
#3173 = ORIENTED_EDGE ( 'NONE', *, *, #7992, .F. ) ;
#3174 = SURFACE_STYLE_FILL_AREA ( #8351 ) ;
#3175 = PRESENTATION_STYLE_ASSIGNMENT (( #3265 ) ) ;
#3176 = EDGE_LOOP ( 'NONE', ( #2356, #10263, #574, #1578 ) ) ;
#3177 =( NAMED_UNIT ( * ) SI_UNIT ( $, .STERADIAN. ) SOLID_ANGLE_UNIT ( ) );
#3178 = PRESENTATION_LAYER_ASSIGNMENT (  '', '', ( #1027 ) ) ;
#3179 = CARTESIAN_POINT ( 'NONE',  ( 0.3071166857366123271, -0.1747657500427520216, 0.3009999999999998788 ) ) ;
#3180 = UNCERTAINTY_MEASURE_WITH_UNIT (LENGTH_MEASURE( 1.000000000000000082E-05 ), #7796, 'distance_accuracy_value', 'NONE');
#3181 = SURFACE_SIDE_STYLE ('',( #5739 ) ) ;
#3182 = CARTESIAN_POINT ( 'NONE',  ( 5.514999999999999680, -0.07500000000000009437, 0.2999999999999999889 ) ) ;
#3183 = ORIENTED_EDGE ( 'NONE', *, *, #6092, .F. ) ;
#3184 = EDGE_CURVE ( 'NONE', #1090, #2176, #3991, .T. ) ;
#3185 = DIRECTION ( 'NONE',  ( -0.000000000000000000, -0.000000000000000000, -1.000000000000000000 ) ) ;
#3186 = ORIENTED_EDGE ( 'NONE', *, *, #526, .T. ) ;
#3187 = CARTESIAN_POINT ( 'NONE',  ( -0.3039966041747891867, -0.3842954043665305908, 0.3009999999999999898 ) ) ;
#3188 = CARTESIAN_POINT ( 'NONE',  ( 0.3209364539422668861, -0.3874528608043563138, 0.3010000000000000453 ) ) ;
#3189 = UNCERTAINTY_MEASURE_WITH_UNIT (LENGTH_MEASURE( 1.000000000000000082E-05 ), #5341, 'distance_accuracy_value', 'NONE');
#3190 = SURFACE_STYLE_USAGE ( .BOTH. , #8724 ) ;
#3191 = DIRECTION ( 'NONE',  ( 0.000000000000000000, -1.000000000000000000, 0.000000000000000000 ) ) ;
#3192 = SURFACE_SIDE_STYLE ('',( #2564 ) ) ;
#3193 = EDGE_CURVE ( 'NONE', #4045, #1489, #2758, .T. ) ;
#3194 = VECTOR ( 'NONE', #8360, 1000.000000000000114 ) ;
#3195 = PRESENTATION_LAYER_ASSIGNMENT (  '', '', ( #1449 ) ) ;
#3196 = CARTESIAN_POINT ( 'NONE',  ( 0.2094108932009234869, -0.4384491345902616910, 0.2999999999999999889 ) ) ;
#3197 = ORIENTED_EDGE ( 'NONE', *, *, #5930, .F. ) ;
#3198 = CARTESIAN_POINT ( 'NONE',  ( 5.314999999999999503, 0.4000000000000000222, 1.300000000000000044 ) ) ;
#3199 = EDGE_CURVE ( 'NONE', #354, #7243, #3862, .T. ) ;
#3200 = CARTESIAN_POINT ( 'NONE',  ( 0.1295292771819340216, -0.1817181558635497240, 0.3009999999999999898 ) ) ;
#3201 = CARTESIAN_POINT ( 'NONE',  ( 1.704999999999998961, 0.07499999999999990008, -5.227200187265875542 ) ) ;
#3202 = SURFACE_STYLE_FILL_AREA ( #8441 ) ;
#3203 = MECHANICAL_DESIGN_GEOMETRIC_PRESENTATION_REPRESENTATION (  '', ( #6719 ), #1843 ) ;
#3204 = PRESENTATION_STYLE_ASSIGNMENT (( #5846 ) ) ;
#3205 = PRESENTATION_LAYER_ASSIGNMENT (  '', '', ( #7941 ) ) ;
#3206 = PRESENTATION_STYLE_ASSIGNMENT (( #3572 ) ) ;
#3207 = COLOUR_RGB ( '',0.5019607843137254832, 0.5019607843137254832, 0.5019607843137254832 ) ;
#3208 = ORIENTED_EDGE ( 'NONE', *, *, #3422, .F. ) ;
#3209 =( NAMED_UNIT ( * ) SI_UNIT ( $, .STERADIAN. ) SOLID_ANGLE_UNIT ( ) );
#3210 = EDGE_CURVE ( 'NONE', #7239, #7123, #657, .T. ) ;
#3211 = CARTESIAN_POINT ( 'NONE',  ( -6.115000000000001101, -0.4000000000000000222, 1.300000000000000044 ) ) ;
#3212 = CARTESIAN_POINT ( 'NONE',  ( 0.2841159521668571997, -0.1555675712501025931, 0.3000000000000001554 ) ) ;
#3213 = DIRECTION ( 'NONE',  ( -0.000000000000000000, -1.000000000000000000, -0.000000000000000000 ) ) ;
#3214 = ADVANCED_FACE ( 'NONE', ( #4238 ), #8035, .T. ) ;
#3215 = ORIENTED_EDGE ( 'NONE', *, *, #781, .T. ) ;
#3216 =( GEOMETRIC_REPRESENTATION_CONTEXT ( 3 ) GLOBAL_UNCERTAINTY_ASSIGNED_CONTEXT ( ( #8579 ) ) GLOBAL_UNIT_ASSIGNED_CONTEXT ( ( #1907, #1971, #8061 ) ) REPRESENTATION_CONTEXT ( 'NONE', 'WORKASPACE' ) );
#3217 = CARTESIAN_POINT ( 'NONE',  ( 0.4890602834448259384, -0.4018637687366031774, 0.2999999999999999889 ) ) ;
#3218 = PRESENTATION_LAYER_ASSIGNMENT (  '', '', ( #8718 ) ) ;
#3219 = ORIENTED_EDGE ( 'NONE', *, *, #225, .F. ) ;
#3220 = VECTOR ( 'NONE', #5486, 1000.000000000000000 ) ;
#3221 = CARTESIAN_POINT ( 'NONE',  ( -0.3524031311893204288, -0.2818752016634324398, 0.3009999999999999898 ) ) ;
#3222 = PRESENTATION_STYLE_ASSIGNMENT (( #1945 ) ) ;
#3223 =( NAMED_UNIT ( * ) SI_UNIT ( $, .STERADIAN. ) SOLID_ANGLE_UNIT ( ) );
#3224 =( NAMED_UNIT ( * ) SI_UNIT ( $, .STERADIAN. ) SOLID_ANGLE_UNIT ( ) );
#3225 = LINE ( 'NONE', #9625, #6210 ) ;
#3226 = ORIENTED_EDGE ( 'NONE', *, *, #5579, .T. ) ;
#3227 =( GEOMETRIC_REPRESENTATION_CONTEXT ( 3 ) GLOBAL_UNCERTAINTY_ASSIGNED_CONTEXT ( ( #8910 ) ) GLOBAL_UNIT_ASSIGNED_CONTEXT ( ( #7445, #7410, #7342 ) ) REPRESENTATION_CONTEXT ( 'NONE', 'WORKASPACE' ) );
#3228 = DIRECTION ( 'NONE',  ( 0.000000000000000000, 0.000000000000000000, -1.000000000000000000 ) ) ;
#3229 = SURFACE_SIDE_STYLE ('',( #2059 ) ) ;
#3230 = FILL_AREA_STYLE_COLOUR ( '', #5735 ) ;
#3231 = MECHANICAL_DESIGN_GEOMETRIC_PRESENTATION_REPRESENTATION (  '', ( #2727 ), #808 ) ;
#3232 = ORIENTED_EDGE ( 'NONE', *, *, #2299, .F. ) ;
#3233 =( NAMED_UNIT ( * ) SI_UNIT ( $, .STERADIAN. ) SOLID_ANGLE_UNIT ( ) );
#3234 = VECTOR ( 'NONE', #8333, 1000.000000000000000 ) ;
#3235 = ORIENTED_EDGE ( 'NONE', *, *, #1584, .T. ) ;
#3236 = CARTESIAN_POINT ( 'NONE',  ( 0.2985468887969255358, -0.3468285712710282853, 0.2999999999999999334 ) ) ;
#3237 = CARTESIAN_POINT ( 'NONE',  ( 0.2094108932009234869, -0.4384491345902616910, 0.3009999999999999898 ) ) ;
#3238 = SURFACE_STYLE_FILL_AREA ( #2420 ) ;
#3239 = MECHANICAL_DESIGN_GEOMETRIC_PRESENTATION_REPRESENTATION (  '', ( #4121 ), #8334 ) ;
#3240 =( NAMED_UNIT ( * ) PLANE_ANGLE_UNIT ( ) SI_UNIT ( $, .RADIAN. ) );
#3241 =( LENGTH_UNIT ( ) NAMED_UNIT ( * ) SI_UNIT ( .MILLI., .METRE. ) );
#3242 =( LENGTH_UNIT ( ) NAMED_UNIT ( * ) SI_UNIT ( .MILLI., .METRE. ) );
#3243 = DIRECTION ( 'NONE',  ( -0.000000000000000000, -1.000000000000000000, 0.000000000000000000 ) ) ;
#3244 = VECTOR ( 'NONE', #5849, 1000.000000000000114 ) ;
#3245 = DIRECTION ( 'NONE',  ( 0.000000000000000000, -0.7071067811865477948, 0.7071067811865473507 ) ) ;
#3246 = ORIENTED_EDGE ( 'NONE', *, *, #3087, .F. ) ;
#3247 = UNCERTAINTY_MEASURE_WITH_UNIT (LENGTH_MEASURE( 1.000000000000000082E-05 ), #1769, 'distance_accuracy_value', 'NONE');
#3248 = VECTOR ( 'NONE', #9400, 1000.000000000000000 ) ;
#3249 = CARTESIAN_POINT ( 'NONE',  ( -6.465000000000000746, 0.9000000000000002442, 4.299999999999999822 ) ) ;
#3250 = LINE ( 'NONE', #230, #9445 ) ;
#3251 = PRESENTATION_LAYER_ASSIGNMENT (  '', '', ( #632 ) ) ;
#3252 = CARTESIAN_POINT ( 'NONE',  ( -0.3403797181809095629, -0.3430467695187388588, 0.3009999999999998788 ) ) ;
#3253 = PRESENTATION_STYLE_ASSIGNMENT (( #5214 ) ) ;
#3254 = B_SPLINE_CURVE_WITH_KNOTS ( 'NONE', 3,
 ( #5098, #878, #4323, #1092, #8145, #1852, #7935, #9844, #3439, #8974, #5847, #8767, #4183, #4994, #4253, #9773, #527, #9144, #5237 ),
 .UNSPECIFIED., .F., .F.,
 ( 4, 1, 1, 1, 1, 1, 1, 1, 1, 1, 1, 1, 1, 1, 1, 1, 4 ),
 ( 0.000000000000000000, 0.07082657255516285055, 0.1381690332798000131, 0.2024753315338425341, 0.2639737544135196678, 0.3233803205980375073, 0.3817976227131854028, 0.4393900745193891622, 0.4969027245459973763, 0.5546621696093699816, 0.6127418784921974115, 0.6715388363911721781, 0.7316557220901981351, 0.7942978116139532974, 0.8594822049793583441, 0.9276813254527899177, 1.000000000000000000 ),
 .UNSPECIFIED. ) ;
#3255 = DIRECTION ( 'NONE',  ( -1.000000000000000000, 0.000000000000000000, 0.000000000000000000 ) ) ;
#3256 = EDGE_CURVE ( 'NONE', #3538, #6263, #9929, .T. ) ;
#3258 = VERTEX_POINT ( 'NONE', #6588 ) ;
#3257 = LINE ( 'NONE', #7163, #6850 ) ;
#3259 = FILL_AREA_STYLE ('',( #8021 ) ) ;
#3260 = DIRECTION ( 'NONE',  ( -0.000000000000000000, -0.000000000000000000, -1.000000000000000000 ) ) ;
#3261 = VECTOR ( 'NONE', #9954, 1000.000000000000000 ) ;
#3262 = CARTESIAN_POINT ( 'NONE',  ( -6.115000000000001101, -0.4000000000000000222, 1.300000000000000044 ) ) ;
#3263 = LINE ( 'NONE', #4103, #7699 ) ;
#3264 = AXIS2_PLACEMENT_3D ( 'NONE', #4763, #8093, #1007 ) ;
#3265 = SURFACE_STYLE_USAGE ( .BOTH. , #5640 ) ;
#3266 = ADVANCED_FACE ( 'NONE', ( #10183 ), #9774, .T. ) ;
#3267 = UNCERTAINTY_MEASURE_WITH_UNIT (LENGTH_MEASURE( 1.000000000000000082E-05 ), #8489, 'distance_accuracy_value', 'NONE');
#3268 = DIRECTION ( 'NONE',  ( 0.000000000000000000, 1.000000000000000000, 0.000000000000000000 ) ) ;
#3269 = EDGE_LOOP ( 'NONE', ( #3669, #4601, #5582, #934 ) ) ;
#3270 = LINE ( 'NONE', #2686, #565 ) ;
#3271 =( LENGTH_UNIT ( ) NAMED_UNIT ( * ) SI_UNIT ( .MILLI., .METRE. ) );
#3272 = ORIENTED_EDGE ( 'NONE', *, *, #10173, .T. ) ;
#3273 = SURFACE_SIDE_STYLE ('',( #4582 ) ) ;
#3274 =( GEOMETRIC_REPRESENTATION_CONTEXT ( 3 ) GLOBAL_UNCERTAINTY_ASSIGNED_CONTEXT ( ( #9851 ) ) GLOBAL_UNIT_ASSIGNED_CONTEXT ( ( #6056, #6792, #5982 ) ) REPRESENTATION_CONTEXT ( 'NONE', 'WORKASPACE' ) );
#3275 = EDGE_LOOP ( 'NONE', ( #3815, #30, #5538, #8064, #848 ) ) ;
#3276 = ORIENTED_EDGE ( 'NONE', *, *, #6116, .F. ) ;
#3277 = DIRECTION ( 'NONE',  ( 0.000000000000000000, -0.000000000000000000, 1.000000000000000000 ) ) ;
#3278 = SURFACE_SIDE_STYLE ('',( #7215 ) ) ;
#3279 = CARTESIAN_POINT ( 'NONE',  ( 0.3478569001354136492, -0.3220455170571877024, 0.2999999999999999334 ) ) ;
#3280 = PRESENTATION_LAYER_ASSIGNMENT (  '', '', ( #3146 ) ) ;
#3281 =( LENGTH_UNIT ( ) NAMED_UNIT ( * ) SI_UNIT ( .MILLI., .METRE. ) );
#3282 = CARTESIAN_POINT ( 'NONE',  ( 0.3260430484362988879, -0.1983886907850343773, 0.3009999999999999898 ) ) ;
#3283 = VERTEX_POINT ( 'NONE', #7335 ) ;
#3284 =( NAMED_UNIT ( * ) SI_UNIT ( $, .STERADIAN. ) SOLID_ANGLE_UNIT ( ) );
#3285 = PLANE ( 'NONE',  #7715 ) ;
#3286 = VERTEX_POINT ( 'NONE', #4116 ) ;
#3287 =( LENGTH_UNIT ( ) NAMED_UNIT ( * ) SI_UNIT ( .MILLI., .METRE. ) );
#3288 = FILL_AREA_STYLE ('',( #930 ) ) ;
#3289 = ORIENTED_EDGE ( 'NONE', *, *, #9559, .F. ) ;
#3290 = LINE ( 'NONE', #5733, #2068 ) ;
#3291 = EDGE_CURVE ( 'NONE', #3612, #6013, #10057, .T. ) ;
#3292 = ORIENTED_EDGE ( 'NONE', *, *, #9638, .T. ) ;
#3293 = CARTESIAN_POINT ( 'NONE',  ( -0.3506771541010589299, -0.3085250457180861994, 0.3009999999999999898 ) ) ;
#3294 = VECTOR ( 'NONE', #1270, 1000.000000000000000 ) ;
#3295 = STYLED_ITEM ( 'NONE', ( #7313 ), #9064 ) ;
#3296 = CARTESIAN_POINT ( 'NONE',  ( -3.375000000000000444, -0.07500000000000009437, -5.227200187265875542 ) ) ;
#3297 = SURFACE_STYLE_USAGE ( .BOTH. , #7223 ) ;
#3298 = DIRECTION ( 'NONE',  ( -1.000000000000000000, 0.000000000000000000, -0.000000000000000000 ) ) ;
#3299 = DIRECTION ( 'NONE',  ( -1.000000000000000000, 6.776263578034402713E-17, 0.000000000000000000 ) ) ;
#3300 = CARTESIAN_POINT ( 'NONE',  ( 1.504999999999998561, 0.4000000000000000222, 4.199999999999999289 ) ) ;
#3301 = ORIENTED_EDGE ( 'NONE', *, *, #9756, .T. ) ;
#3302 = LINE ( 'NONE', #8885, #984 ) ;
#3303 = CARTESIAN_POINT ( 'NONE',  ( 0.2094108932009234869, -0.4384491345902616910, 0.3009999999999999898 ) ) ;
#3304 = COLOUR_RGB ( '',1.000000000000000000, 1.000000000000000000, 1.000000000000000000 ) ;
#3305 = FILL_AREA_STYLE ('',( #4986 ) ) ;
#3306 = VERTEX_POINT ( 'NONE', #8188 ) ;
#3307 = CARTESIAN_POINT ( 'NONE',  ( -0.5016666666666675933, -0.1333333333333332205, 3.933333333333332238 ) ) ;
#3308 = DIRECTION ( 'NONE',  ( -1.000000000000000000, 6.776263578034402713E-17, 0.000000000000000000 ) ) ;
#3309 =( LENGTH_UNIT ( ) NAMED_UNIT ( * ) SI_UNIT ( .MILLI., .METRE. ) );
#3310 = MECHANICAL_DESIGN_GEOMETRIC_PRESENTATION_REPRESENTATION (  '', ( #4245 ), #5327 ) ;
#3311 = CARTESIAN_POINT ( 'NONE',  ( -3.174999999999999822, -0.07500000000000012212, -2.199999999999999734 ) ) ;
#3312 = UNCERTAINTY_MEASURE_WITH_UNIT (LENGTH_MEASURE( 1.000000000000000082E-05 ), #2657, 'distance_accuracy_value', 'NONE');
#3313 = LINE ( 'NONE', #700, #1250 ) ;
#3314 = ORIENTED_EDGE ( 'NONE', *, *, #9508, .T. ) ;
#3315 = CARTESIAN_POINT ( 'NONE',  ( 0.2091572776438672676, -0.1643177035113760065, 0.3009999999999999898 ) ) ;
#3316 = VECTOR ( 'NONE', #4020, 1000.000000000000000 ) ;
#3317 =( NAMED_UNIT ( * ) PLANE_ANGLE_UNIT ( ) SI_UNIT ( $, .RADIAN. ) );
#3318 = CARTESIAN_POINT ( 'NONE',  ( 0.1676518709937806495, -0.1326831101648019984, 0.2999999999999999334 ) ) ;
#3319 = ADVANCED_FACE ( 'NONE', ( #4741 ), #5712, .T. ) ;
#3320 = ORIENTED_EDGE ( 'NONE', *, *, #3001, .T. ) ;
#3321 = PRESENTATION_LAYER_ASSIGNMENT (  '', '', ( #5275 ) ) ;
#3322 =( LENGTH_UNIT ( ) NAMED_UNIT ( * ) SI_UNIT ( .MILLI., .METRE. ) );
#3323 = EDGE_CURVE ( 'NONE', #3043, #8357, #8679, .T. ) ;
#3324 = DIRECTION ( 'NONE',  ( 1.000000000000000000, 0.000000000000000000, 0.000000000000000000 ) ) ;
#3325 = FACE_OUTER_BOUND ( 'NONE', #9184, .T. ) ;
#3326 = LINE ( 'NONE', #2478, #2106 ) ;
#3327 = CARTESIAN_POINT ( 'NONE',  ( 0.1771760541321914795, -0.1318179975493542766, 0.3009999999999999898 ) ) ;
#3328 = CARTESIAN_POINT ( 'NONE',  ( 2.974999999999999201, 0.07499999999999990008, 0.2999999999999999889 ) ) ;
#3329 = LINE ( 'NONE', #8006, #7638 ) ;
#3330 = SURFACE_STYLE_USAGE ( .BOTH. , #8023 ) ;
#3331 =( NAMED_UNIT ( * ) SI_UNIT ( $, .STERADIAN. ) SOLID_ANGLE_UNIT ( ) );
#3332 = DIRECTION ( 'NONE',  ( -0.000000000000000000, 0.000000000000000000, -1.000000000000000000 ) ) ;
#3333 = EDGE_CURVE ( 'NONE', #3793, #5007, #8279, .T. ) ;
#3334 = STYLED_ITEM ( 'NONE', ( #1037 ), #5953 ) ;
#3335 = SURFACE_STYLE_USAGE ( .BOTH. , #8026 ) ;
#3336 = VECTOR ( 'NONE', #1421, 1000.000000000000227 ) ;
#3337 = FILL_AREA_STYLE ('',( #7998 ) ) ;
#3338 = DIRECTION ( 'NONE',  ( 1.000000000000000000, -0.000000000000000000, 0.000000000000000000 ) ) ;
#3339 = MECHANICAL_DESIGN_GEOMETRIC_PRESENTATION_REPRESENTATION (  '', ( #1121 ), #1779 ) ;
#3340 = PRESENTATION_LAYER_ASSIGNMENT (  '', '', ( #10256 ) ) ;
#3341 = ORIENTED_EDGE ( 'NONE', *, *, #3014, .F. ) ;
#3342 = FILL_AREA_STYLE_COLOUR ( '', #5120 ) ;
#3343 = SHAPE_DEFINITION_REPRESENTATION ( #1461, #6436 ) ;
#3344 = CARTESIAN_POINT ( 'NONE',  ( 0.1268651614936064098, -0.4192418175170909422, 0.3009999999999999898 ) ) ;
#3345 = CARTESIAN_POINT ( 'NONE',  ( -0.08532996045761305492, -0.1347905980048958452, 0.3009999999999999898 ) ) ;
#3346 = EDGE_CURVE ( 'NONE', #1292, #6448, #4495, .T. ) ;
#3347 =( LENGTH_UNIT ( ) NAMED_UNIT ( * ) SI_UNIT ( .MILLI., .METRE. ) );
#3348 = ORIENTED_EDGE ( 'NONE', *, *, #7843, .T. ) ;
#3349 = PLANE ( 'NONE',  #4985 ) ;
#3350 =( NAMED_UNIT ( * ) SI_UNIT ( $, .STERADIAN. ) SOLID_ANGLE_UNIT ( ) );
#3351 = EDGE_CURVE ( 'NONE', #9306, #3425, #2370, .T. ) ;
#3352 = DIRECTION ( 'NONE',  ( 1.355252715606880296E-16, 1.000000000000000000, 0.000000000000000000 ) ) ;
#3353 = LINE ( 'NONE', #2879, #9787 ) ;
#3354 = PRESENTATION_LAYER_ASSIGNMENT (  '', '', ( #4097 ) ) ;
#3355 = STYLED_ITEM ( 'NONE', ( #1441 ), #8403 ) ;
#3356 = SURFACE_SIDE_STYLE ('',( #9489 ) ) ;
#3357 = SURFACE_STYLE_FILL_AREA ( #9483 ) ;
#3358 = ORIENTED_EDGE ( 'NONE', *, *, #2752, .T. ) ;
#3359 = SURFACE_STYLE_FILL_AREA ( #5004 ) ;
#3360 = FILL_AREA_STYLE_COLOUR ( '', #3733 ) ;
#3361 = VECTOR ( 'NONE', #4745, 1000.000000000000000 ) ;
#3362 = FILL_AREA_STYLE_COLOUR ( '', #7762 ) ;
#3363 = CARTESIAN_POINT ( 'NONE',  ( 4.644999999999999574, -0.07500000000000012212, -2.199999999999999734 ) ) ;
#3364 = DIRECTION ( 'NONE',  ( -1.000000000000000000, 0.000000000000000000, -0.000000000000000000 ) ) ;
#3365 = ADVANCED_FACE ( 'NONE', ( #8409 ), #2773, .F. ) ;
#3366 = MECHANICAL_DESIGN_GEOMETRIC_PRESENTATION_REPRESENTATION (  '', ( #4111 ), #4309 ) ;
#3367 =( NAMED_UNIT ( * ) PLANE_ANGLE_UNIT ( ) SI_UNIT ( $, .RADIAN. ) );
#3368 = ORIENTED_EDGE ( 'NONE', *, *, #9718, .T. ) ;
#3369 = DIRECTION ( 'NONE',  ( 0.000000000000000000, -1.000000000000000000, 0.000000000000000000 ) ) ;
#3370 = AXIS2_PLACEMENT_3D ( 'NONE', #1194, #9831, #5056 ) ;
#3371 = PRESENTATION_STYLE_ASSIGNMENT (( #4053 ) ) ;
#3372 =( LENGTH_UNIT ( ) NAMED_UNIT ( * ) SI_UNIT ( .MILLI., .METRE. ) );
#3373 = SURFACE_STYLE_FILL_AREA ( #4234 ) ;
#3374 =( NAMED_UNIT ( * ) PLANE_ANGLE_UNIT ( ) SI_UNIT ( $, .RADIAN. ) );
#3375 = CARTESIAN_POINT ( 'NONE',  ( -3.375000000000000444, -0.07500000000000009437, -2.199999999999999734 ) ) ;
#3376 = ORIENTED_EDGE ( 'NONE', *, *, #8233, .T. ) ;
#3377 = UNCERTAINTY_MEASURE_WITH_UNIT (LENGTH_MEASURE( 1.000000000000000082E-05 ), #3287, 'distance_accuracy_value', 'NONE');
#3378 =( GEOMETRIC_REPRESENTATION_CONTEXT ( 3 ) GLOBAL_UNCERTAINTY_ASSIGNED_CONTEXT ( ( #8364 ) ) GLOBAL_UNIT_ASSIGNED_CONTEXT ( ( #8654, #4700, #6997 ) ) REPRESENTATION_CONTEXT ( 'NONE', 'WORKASPACE' ) );
#3379 = DIRECTION ( 'NONE',  ( 0.000000000000000000, 1.000000000000000000, 0.000000000000000000 ) ) ;
#3380 =( NAMED_UNIT ( * ) PLANE_ANGLE_UNIT ( ) SI_UNIT ( $, .RADIAN. ) );
#3381 = CARTESIAN_POINT ( 'NONE',  ( 5.314999999999999503, -0.5000000000000011102, 4.299999999999999822 ) ) ;
#3382 = CARTESIAN_POINT ( 'NONE',  ( -0.1511836189941984931, -0.1347905980048958452, 0.3009999999999999898 ) ) ;
#3383 = ORIENTED_EDGE ( 'NONE', *, *, #8707, .T. ) ;
#3384 = CIRCLE ( 'NONE', #904, 0.2000000000000000944 ) ;
#3385 = ORIENTED_EDGE ( 'NONE', *, *, #3719, .F. ) ;
#3386 = CARTESIAN_POINT ( 'NONE',  ( 0.2152857989389318216, -0.4052279802292717004, 0.3000000000000000444 ) ) ;
#3387 = LINE ( 'NONE', #5946, #5637 ) ;
#3388 = EDGE_CURVE ( 'NONE', #6780, #3940, #6812, .T. ) ;
#3389 = VERTEX_POINT ( 'NONE', #2043 ) ;
#3390 = CARTESIAN_POINT ( 'NONE',  ( 0.1939548579466332801, -0.1641067528667242981, 0.3009999999999999343 ) ) ;
#3391 = UNCERTAINTY_MEASURE_WITH_UNIT (LENGTH_MEASURE( 1.000000000000000082E-05 ), #2998, 'distance_accuracy_value', 'NONE');
#3392 = STYLED_ITEM ( 'NONE', ( #9577 ), #66 ) ;
#3393 = CARTESIAN_POINT ( 'NONE',  ( 1.504999999999998561, 0.4000000000000000222, 1.300000000000000044 ) ) ;
#3394 = ORIENTED_EDGE ( 'NONE', *, *, #1642, .T. ) ;
#3395 = CARTESIAN_POINT ( 'NONE',  ( 0.2841159521668571997, -0.1555675712501025931, 0.3010000000000000453 ) ) ;
#3396 = CARTESIAN_POINT ( 'NONE',  ( 4.578333333333332256, -0.1333333333333332205, 3.933333333333332238 ) ) ;
#3397 = PRESENTATION_LAYER_ASSIGNMENT (  '', '', ( #3945 ) ) ;
#3398 = VERTEX_POINT ( 'NONE', #2074 ) ;
#3399 = CARTESIAN_POINT ( 'NONE',  ( -0.3922883767884401962, -0.2977909717906853104, 0.3000000000000000999 ) ) ;
#3400 =( NAMED_UNIT ( * ) SI_UNIT ( $, .STERADIAN. ) SOLID_ANGLE_UNIT ( ) );
#3401 = EDGE_LOOP ( 'NONE', ( #9713, #10227, #9633, #3890, #4158, #8729 ) ) ;
#3402 = DIRECTION ( 'NONE',  ( -1.000000000000000000, 0.000000000000000000, -0.000000000000000000 ) ) ;
#3403 = SURFACE_STYLE_FILL_AREA ( #1043 ) ;
#3404 = CARTESIAN_POINT ( 'NONE',  ( 6.215000000000000746, -0.4000000000000000222, 4.299999999999999822 ) ) ;
#3405 = EDGE_CURVE ( 'NONE', #974, #6713, #3353, .T. ) ;
#3406 =( LENGTH_UNIT ( ) NAMED_UNIT ( * ) SI_UNIT ( .MILLI., .METRE. ) );
#3407 = PRESENTATION_STYLE_ASSIGNMENT (( #9228 ) ) ;
#3408 = EDGE_LOOP ( 'NONE', ( #8366, #2822, #9080, #6267 ) ) ;
#3409 = FILL_AREA_STYLE ('',( #244 ) ) ;
#3410 = CARTESIAN_POINT ( 'NONE',  ( 0.2091572776438672676, -0.1643177035113760065, 0.2999999999999999889 ) ) ;
#3411 = PRESENTATION_LAYER_ASSIGNMENT (  '', '', ( #2165 ) ) ;
#3412 = MECHANICAL_DESIGN_GEOMETRIC_PRESENTATION_REPRESENTATION (  '', ( #1859 ), #6990 ) ;
#3413 = ORIENTED_EDGE ( 'NONE', *, *, #6092, .T. ) ;
#3414 = PLANE ( 'NONE',  #5698 ) ;
#3415 = ADVANCED_FACE ( 'NONE', ( #7897 ), #8008, .T. ) ;
#3416 = CARTESIAN_POINT ( 'NONE',  ( -3.575000000000001066, -0.4000000000000000222, 1.300000000000000044 ) ) ;
#3417 = ORIENTED_EDGE ( 'NONE', *, *, #5107, .F. ) ;
#3418 = COLOUR_RGB ( '',1.000000000000000000, 1.000000000000000000, 1.000000000000000000 ) ;
#3419 =( NAMED_UNIT ( * ) PLANE_ANGLE_UNIT ( ) SI_UNIT ( $, .RADIAN. ) );
#3420 = FILL_AREA_STYLE_COLOUR ( '', #8938 ) ;
#3421 = ORIENTED_EDGE ( 'NONE', *, *, #9623, .T. ) ;
#3422 = EDGE_CURVE ( 'NONE', #104, #6017, #21, .T. ) ;
#3423 = LINE ( 'NONE', #2583, #356 ) ;
#3424 = MECHANICAL_DESIGN_GEOMETRIC_PRESENTATION_REPRESENTATION (  '', ( #9261 ), #6414 ) ;
#3425 = VERTEX_POINT ( 'NONE', #419 ) ;
#3426 = DIRECTION ( 'NONE',  ( 1.000000000000000000, 0.000000000000000000, 0.000000000000000000 ) ) ;
#3427 = SURFACE_STYLE_FILL_AREA ( #2791 ) ;
#3428 = STYLED_ITEM ( 'NONE', ( #10253 ), #2033 ) ;
#3429 =( NAMED_UNIT ( * ) PLANE_ANGLE_UNIT ( ) SI_UNIT ( $, .RADIAN. ) );
#3430 = DIRECTION ( 'NONE',  ( 0.000000000000000000, 0.000000000000000000, -1.000000000000000000 ) ) ;
#3431 = CARTESIAN_POINT ( 'NONE',  ( 0.5016666666666659280, -0.1333333333333335535, 3.933333333333332238 ) ) ;
#3432 = EDGE_LOOP ( 'NONE', ( #9573, #765, #682, #6645 ) ) ;
#3433 =( NAMED_UNIT ( * ) SI_UNIT ( $, .STERADIAN. ) SOLID_ANGLE_UNIT ( ) );
#3434 = COLOUR_RGB ( '',0.5019607843137254832, 0.5019607843137254832, 0.5019607843137254832 ) ;
#3435 =( LENGTH_UNIT ( ) NAMED_UNIT ( * ) SI_UNIT ( .MILLI., .METRE. ) );
#3436 = UNCERTAINTY_MEASURE_WITH_UNIT (LENGTH_MEASURE( 1.000000000000000082E-05 ), #5572, 'distance_accuracy_value', 'NONE');
#3437 = DIRECTION ( 'NONE',  ( 1.000000000000000000, -0.000000000000000000, 0.000000000000000000 ) ) ;
#3438 = SURFACE_SIDE_STYLE ('',( #1141 ) ) ;
#3439 = CARTESIAN_POINT ( 'NONE',  ( -0.3130296137503071341, -0.3778496586027608184, 0.2999999999999999889 ) ) ;
#3440 = SURFACE_SIDE_STYLE ('',( #151 ) ) ;
#3441 = FILL_AREA_STYLE ('',( #4290 ) ) ;
#3442 = CARTESIAN_POINT ( 'NONE',  ( -0.3817725011811110014, -0.2209494454666282304, 0.3010000000000001008 ) ) ;
#3443 = CARTESIAN_POINT ( 'NONE',  ( 0.2523681174474764477, -0.1769598584739172087, 0.3010000000000001008 ) ) ;
#3444 = FACE_OUTER_BOUND ( 'NONE', #6758, .T. ) ;
#3445 = VECTOR ( 'NONE', #4430, 1000.000000000000000 ) ;
#3446 =( NAMED_UNIT ( * ) PLANE_ANGLE_UNIT ( ) SI_UNIT ( $, .RADIAN. ) );
#3447 = PLANE ( 'NONE',  #1243 ) ;
#3448 = COLOUR_RGB ( '',1.000000000000000000, 1.000000000000000000, 1.000000000000000000 ) ;
#3449 = DIRECTION ( 'NONE',  ( -0.000000000000000000, -0.000000000000000000, 1.000000000000000000 ) ) ;
#3450 = MECHANICAL_DESIGN_GEOMETRIC_PRESENTATION_REPRESENTATION (  '', ( #4530 ), #1179 ) ;
#3451 = FILL_AREA_STYLE_COLOUR ( '', #8318 ) ;
#3452 = VECTOR ( 'NONE', #6274, 1000.000000000000000 ) ;
#3453 = ORIENTED_EDGE ( 'NONE', *, *, #4271, .F. ) ;
#3454 = ORIENTED_EDGE ( 'NONE', *, *, #4534, .T. ) ;
#3455 = EDGE_CURVE ( 'NONE', #9031, #969, #1297, .T. ) ;
#3456 = CARTESIAN_POINT ( 'NONE',  ( 0.2875362996452603959, -0.3656182290174452842, 0.3000000000000000444 ) ) ;
#3457 = LINE ( 'NONE', #581, #7527 ) ;
#3458 =( LENGTH_UNIT ( ) NAMED_UNIT ( * ) SI_UNIT ( .MILLI., .METRE. ) );
#3459 = STYLED_ITEM ( 'NONE', ( #1896 ), #10223 ) ;
#3460 = VECTOR ( 'NONE', #7902, 1000.000000000000000 ) ;
#3461 = FACE_OUTER_BOUND ( 'NONE', #2110, .T. ) ;
#3462 = PLANE ( 'NONE',  #2381 ) ;
#3463 = CARTESIAN_POINT ( 'NONE',  ( 0.3496495274744066961, -0.2731903379818681477, 0.3009999999999999343 ) ) ;
#3464 = PLANE ( 'NONE',  #2212 ) ;
#3465 = VECTOR ( 'NONE', #5940, 1000.000000000000000 ) ;
#3466 = ORIENTED_EDGE ( 'NONE', *, *, #5755, .F. ) ;
#3467 = CARTESIAN_POINT ( 'NONE',  ( -0.3108500325488544602, -0.4186366866913621698, 0.3009999999999999898 ) ) ;
#3468 = ADVANCED_FACE ( 'NONE', ( #4859 ), #8296, .F. ) ;
#3469 = SURFACE_STYLE_FILL_AREA ( #7167 ) ;
#3470 = SURFACE_SIDE_STYLE ('',( #6593 ) ) ;
#3471 = SURFACE_SIDE_STYLE ('',( #3807 ) ) ;
#3472 = COLOUR_RGB ( '',1.000000000000000000, 1.000000000000000000, 1.000000000000000000 ) ;
#3473 =( NAMED_UNIT ( * ) PLANE_ANGLE_UNIT ( ) SI_UNIT ( $, .RADIAN. ) );
#3474 =( NAMED_UNIT ( * ) SI_UNIT ( $, .STERADIAN. ) SOLID_ANGLE_UNIT ( ) );
#3475 = AXIS2_PLACEMENT_3D ( 'NONE', #9251, #9281, #529 ) ;
#3476 = PRESENTATION_LAYER_ASSIGNMENT (  '', '', ( #2833 ) ) ;
#3477 = PLANE ( 'NONE',  #9971 ) ;
#3478 = CARTESIAN_POINT ( 'NONE',  ( -0.1511836189941984931, -0.1347905980048958452, 0.3009999999999999898 ) ) ;
#3479 = CARTESIAN_POINT ( 'NONE',  ( 1.504999999999998561, 0.4000000000000000222, 1.300000000000000044 ) ) ;
#3480 = ORIENTED_EDGE ( 'NONE', *, *, #10201, .T. ) ;
#3481 = CARTESIAN_POINT ( 'NONE',  ( -0.3676706157921848517, -0.1958783127297525073, 0.3009999999999999343 ) ) ;
#3482 = EDGE_CURVE ( 'NONE', #3543, #6284, #4229, .T. ) ;
#3483 = COLOUR_RGB ( '',0.5019607843137254832, 0.5019607843137254832, 0.5019607843137254832 ) ;
#3484 = CARTESIAN_POINT ( 'NONE',  ( 0.000000000000000000, 0.000000000000000000, 0.2999999999999999889 ) ) ;
#3485 = CARTESIAN_POINT ( 'NONE',  ( 0.2208037209573177617, -0.1660006524170093423, 0.2999999999999999889 ) ) ;
#3486 = PLANE ( 'NONE',  #2861 ) ;
#3487 = EDGE_CURVE ( 'NONE', #5384, #9056, #6089, .T. ) ;
#3488 = CARTESIAN_POINT ( 'NONE',  ( -0.4350000000000004974, -0.07500000000000012212, -2.199999999999999734 ) ) ;
#3489 = ORIENTED_EDGE ( 'NONE', *, *, #8272, .F. ) ;
#3490 = STYLED_ITEM ( 'NONE', ( #6960 ), #9126 ) ;
#3491 = DIRECTION ( 'NONE',  ( 1.000000000000000000, 0.000000000000000000, 0.000000000000000000 ) ) ;
#3492 = PRESENTATION_LAYER_ASSIGNMENT (  '', '', ( #6466 ) ) ;
#3493 = FACE_OUTER_BOUND ( 'NONE', #3664, .T. ) ;
#3494 = CARTESIAN_POINT ( 'NONE',  ( 0.2349999999999990985, -0.4000000000000000222, 4.199999999999999289 ) ) ;
#3495 = VERTEX_POINT ( 'NONE', #8440 ) ;
#3496 = CARTESIAN_POINT ( 'NONE',  ( 4.044999999999999041, 0.4000000000000000222, 1.300000000000000044 ) ) ;
#3497 = CARTESIAN_POINT ( 'NONE',  ( -0.2356729482624911332, -0.1677174272731885296, 0.3009999999999999898 ) ) ;
#3498 = FILL_AREA_STYLE ('',( #3362 ) ) ;
#3499 = DIRECTION ( 'NONE',  ( 0.3393303772748775815, 0.9406672605435404400, 0.000000000000000000 ) ) ;
#3500 = DIRECTION ( 'NONE',  ( -0.000000000000000000, -0.000000000000000000, 1.000000000000000000 ) ) ;
#3501 =( LENGTH_UNIT ( ) NAMED_UNIT ( * ) SI_UNIT ( .MILLI., .METRE. ) );
#3502 =( NAMED_UNIT ( * ) SI_UNIT ( $, .STERADIAN. ) SOLID_ANGLE_UNIT ( ) );
#3503 = CARTESIAN_POINT ( 'NONE',  ( 0.000000000000000000, 0.000000000000000000, 4.299999999999999822 ) ) ;
#3504 = ORIENTED_EDGE ( 'NONE', *, *, #2355, .F. ) ;
#3505 = UNCERTAINTY_MEASURE_WITH_UNIT (LENGTH_MEASURE( 1.000000000000000082E-05 ), #7112, 'distance_accuracy_value', 'NONE');
#3506 = CARTESIAN_POINT ( 'NONE',  ( -3.041666666666667407, -0.1333333333333332205, 3.933333333333332238 ) ) ;
#3507 = DIRECTION ( 'NONE',  ( 1.000000000000000000, 0.000000000000000000, 0.000000000000000000 ) ) ;
#3508 = COLOUR_RGB ( '',0.5019607843137254832, 0.5019607843137254832, 0.5019607843137254832 ) ;
#3509 = LINE ( 'NONE', #900, #2277 ) ;
#3510 = CARTESIAN_POINT ( 'NONE',  ( 0.1439563414391988594, -0.3948170710974103215, 0.3010000000000000453 ) ) ;
#3511 = CARTESIAN_POINT ( 'NONE',  ( 5.714999999999999858, -0.07500000000000010825, -2.199999999999999734 ) ) ;
#3512 = FILL_AREA_STYLE ('',( #6666 ) ) ;
#3513 = MECHANICAL_DESIGN_GEOMETRIC_PRESENTATION_REPRESENTATION (  '', ( #2997 ), #2809 ) ;
#3514 = CARTESIAN_POINT ( 'NONE',  ( -0.5424716498316771718, -0.1910451858223793931, 0.2999999999999999334 ) ) ;
#3515 = ORIENTED_EDGE ( 'NONE', *, *, #328, .F. ) ;
#3516 = COLOUR_RGB ( '',0.5019607843137254832, 0.5019607843137254832, 0.5019607843137254832 ) ;
#3517 = EDGE_CURVE ( 'NONE', #8650, #993, #8475, .T. ) ;
#3518 = CARTESIAN_POINT ( 'NONE',  ( 0.3096880964180656615, -0.2833579902342454604, 0.2999999999999999334 ) ) ;
#3519 = VERTEX_POINT ( 'NONE', #627 ) ;
#3520 = CARTESIAN_POINT ( 'NONE',  ( 3.574999999999999289, 0.4000000000000000222, 1.300000000000000044 ) ) ;
#3521 = ADVANCED_FACE ( 'NONE', ( #6935 ), #9181, .T. ) ;
#3522 = ORIENTED_EDGE ( 'NONE', *, *, #8299, .F. ) ;
#3523 = LINE ( 'NONE', #3363, #701 ) ;
#3524 = FILL_AREA_STYLE ('',( #1929 ) ) ;
#3525 = EDGE_LOOP ( 'NONE', ( #1581, #3846, #9122, #999 ) ) ;
#3526 = VECTOR ( 'NONE', #1559, 1000.000000000000000 ) ;
#3527 = SURFACE_STYLE_USAGE ( .BOTH. , #8420 ) ;
#3528 = VECTOR ( 'NONE', #9498, 1000.000000000000000 ) ;
#3529 = EDGE_CURVE ( 'NONE', #7219, #9068, #7284, .T. ) ;
#3530 = AXIS2_PLACEMENT_3D ( 'NONE', #5933, #1959, #400 ) ;
#3531 = ORIENTED_EDGE ( 'NONE', *, *, #1656, .T. ) ;
#3532 = VECTOR ( 'NONE', #4583, 1000.000000000000000 ) ;
#3533 = ORIENTED_EDGE ( 'NONE', *, *, #7101, .F. ) ;
#3534 = EDGE_CURVE ( 'NONE', #6381, #8322, #3974, .T. ) ;
#3535 = DIRECTION ( 'NONE',  ( -0.000000000000000000, -1.000000000000000000, -0.000000000000000000 ) ) ;
#3536 = CARTESIAN_POINT ( 'NONE',  ( 5.314999999999999503, 0.4000000000000000222, 1.300000000000000044 ) ) ;
#3537 =( LENGTH_UNIT ( ) NAMED_UNIT ( * ) SI_UNIT ( .MILLI., .METRE. ) );
#3538 = VERTEX_POINT ( 'NONE', #559 ) ;
#3539 = VERTEX_POINT ( 'NONE', #9999 ) ;
#3540 =( GEOMETRIC_REPRESENTATION_CONTEXT ( 3 ) GLOBAL_UNCERTAINTY_ASSIGNED_CONTEXT ( ( #545 ) ) GLOBAL_UNIT_ASSIGNED_CONTEXT ( ( #768, #5480, #9456 ) ) REPRESENTATION_CONTEXT ( 'NONE', 'WORKASPACE' ) );
#3541 = VECTOR ( 'NONE', #6232, 1000.000000000000000 ) ;
#3542 = VECTOR ( 'NONE', #9765, 1000.000000000000000 ) ;
#3543 = VERTEX_POINT ( 'NONE', #2942 ) ;
#3544 = DIRECTION ( 'NONE',  ( 0.000000000000000000, -1.000000000000000000, 0.000000000000000000 ) ) ;
#3545 = FILL_AREA_STYLE_COLOUR ( '', #3020 ) ;
#3546 = CARTESIAN_POINT ( 'NONE',  ( -0.4145982531405399407, -0.4347905980048958341, 0.3009999999999999898 ) ) ;
#3547 = EDGE_CURVE ( 'NONE', #5322, #1029, #4101, .T. ) ;
#3548 = ORIENTED_EDGE ( 'NONE', *, *, #8081, .F. ) ;
#3549 = EDGE_LOOP ( 'NONE', ( #9606, #1947, #3026, #5489 ) ) ;
#3550 = CARTESIAN_POINT ( 'NONE',  ( 0.1931004239707736214, -0.4053809629803714620, 0.2999999999999999889 ) ) ;
#3551 = CARTESIAN_POINT ( 'NONE',  ( -3.308333333333334014, -0.1333333333333335535, 3.933333333333332238 ) ) ;
#3552 = FACE_OUTER_BOUND ( 'NONE', #1385, .T. ) ;
#3553 = CARTESIAN_POINT ( 'NONE',  ( -0.3754844338937847747, -0.2079589841106359305, 0.2999999999999999889 ) ) ;
#3554 = EDGE_CURVE ( 'NONE', #5072, #5780, #2244, .T. ) ;
#3555 = ORIENTED_EDGE ( 'NONE', *, *, #1851, .T. ) ;
#3556 = MECHANICAL_DESIGN_GEOMETRIC_PRESENTATION_REPRESENTATION (  '', ( #1285 ), #4099 ) ;
#3557 = SURFACE_STYLE_USAGE ( .BOTH. , #4469 ) ;
#3558 = CARTESIAN_POINT ( 'NONE',  ( 0.2011853054188131040, -0.1641462915136159550, 0.2999999999999999889 ) ) ;
#3559 = FILL_AREA_STYLE_COLOUR ( '', #6699 ) ;
#3560 =( NAMED_UNIT ( * ) SI_UNIT ( $, .STERADIAN. ) SOLID_ANGLE_UNIT ( ) );
#3561 = PRESENTATION_STYLE_ASSIGNMENT (( #6279 ) ) ;
#3562 = FACE_OUTER_BOUND ( 'NONE', #1881, .T. ) ;
#3563 = ORIENTED_EDGE ( 'NONE', *, *, #2099, .T. ) ;
#3564 = FILL_AREA_STYLE ('',( #4232 ) ) ;
#3565 = PRESENTATION_STYLE_ASSIGNMENT (( #2759 ) ) ;
#3566 = CIRCLE ( 'NONE', #538, 0.1999999999999996503 ) ;
#3567 = CARTESIAN_POINT ( 'NONE',  ( 5.314999999999999503, 0.4000000000000000222, 1.300000000000000044 ) ) ;
#3568 = PRESENTATION_STYLE_ASSIGNMENT (( #8213 ) ) ;
#3569 = UNCERTAINTY_MEASURE_WITH_UNIT (LENGTH_MEASURE( 1.000000000000000082E-05 ), #2719, 'distance_accuracy_value', 'NONE');
#3570 = PLANE ( 'NONE',  #9059 ) ;
#3571 = STYLED_ITEM ( 'NONE', ( #3565 ), #1937 ) ;
#3572 = SURFACE_STYLE_USAGE ( .BOTH. , #6785 ) ;
#3573 = DIRECTION ( 'NONE',  ( -1.016439536705160037E-16, -1.000000000000000000, -0.000000000000000000 ) ) ;
#3574 =( NAMED_UNIT ( * ) PLANE_ANGLE_UNIT ( ) SI_UNIT ( $, .RADIAN. ) );
#3575 = VECTOR ( 'NONE', #5241, 1000.000000000000000 ) ;
#3576 = DIRECTION ( 'NONE',  ( 1.000000000000000000, -1.355252715606879803E-16, 0.000000000000000000 ) ) ;
#3577 = VECTOR ( 'NONE', #8997, 1000.000000000000000 ) ;
#3578 = ADVANCED_FACE ( 'NONE', ( #2004 ), #8523, .F. ) ;
#3579 = VECTOR ( 'NONE', #714, 1000.000000000000000 ) ;
#3580 = DIRECTION ( 'NONE',  ( 0.5773502691896258421, 0.5773502691896255090, -0.5773502691896258421 ) ) ;
#3581 =( NAMED_UNIT ( * ) SI_UNIT ( $, .STERADIAN. ) SOLID_ANGLE_UNIT ( ) );
#3582 = FILL_AREA_STYLE_COLOUR ( '', #6306 ) ;
#3583 = DIRECTION ( 'NONE',  ( 1.000000000000000000, 0.000000000000000000, 0.000000000000000000 ) ) ;
#3584 = STYLED_ITEM ( 'NONE', ( #10079 ), #327 ) ;
#3585 = DIRECTION ( 'NONE',  ( 0.000000000000000000, 1.000000000000000000, 0.000000000000000000 ) ) ;
#3586 =( NAMED_UNIT ( * ) SI_UNIT ( $, .STERADIAN. ) SOLID_ANGLE_UNIT ( ) );
#3587 = CARTESIAN_POINT ( 'NONE',  ( -0.3866549977159111084, -0.2347797041929234885, 0.2999999999999998779 ) ) ;
#3588 = CARTESIAN_POINT ( 'NONE',  ( 2.774999999999999023, 0.4000000000000000222, 1.300000000000000044 ) ) ;
#3589 =( LENGTH_UNIT ( ) NAMED_UNIT ( * ) SI_UNIT ( .MILLI., .METRE. ) );
#3590 = ORIENTED_EDGE ( 'NONE', *, *, #5857, .T. ) ;
#3591 = EDGE_CURVE ( 'NONE', #6370, #3630, #6553, .T. ) ;
#3592 = AXIS2_PLACEMENT_3D ( 'NONE', #620, #1427, #2898 ) ;
#3593 = PLANE ( 'NONE',  #6568 ) ;
#3594 = PRESENTATION_STYLE_ASSIGNMENT (( #2563 ) ) ;
#3595 = EDGE_CURVE ( 'NONE', #2353, #8490, #1887, .T. ) ;
#3596 = DIRECTION ( 'NONE',  ( -1.000000000000000000, 0.000000000000000000, -0.000000000000000000 ) ) ;
#3597 = ORIENTED_EDGE ( 'NONE', *, *, #1378, .F. ) ;
#3598 = SURFACE_STYLE_FILL_AREA ( #761 ) ;
#3599 = ADVANCED_FACE ( 'NONE', ( #7653 ), #2309, .F. ) ;
#3600 = ORIENTED_EDGE ( 'NONE', *, *, #2480, .F. ) ;
#3601 =( NAMED_UNIT ( * ) PLANE_ANGLE_UNIT ( ) SI_UNIT ( $, .RADIAN. ) );
#3602 = CARTESIAN_POINT ( 'NONE',  ( 0.3097919907618990609, -0.2879918175170909644, 0.3009999999999999898 ) ) ;
#3603 = SURFACE_STYLE_FILL_AREA ( #7470 ) ;
#3604 = CARTESIAN_POINT ( 'NONE',  ( 0.2795284599083955879, -0.4228606829649745324, 0.3000000000000000444 ) ) ;
#3605 = PLANE ( 'NONE',  #4695 ) ;
#3606 = ORIENTED_EDGE ( 'NONE', *, *, #6256, .T. ) ;
#3607 = SURFACE_SIDE_STYLE ('',( #7839 ) ) ;
#3608 = SURFACE_STYLE_USAGE ( .BOTH. , #9137 ) ;
#3609 = EDGE_CURVE ( 'NONE', #969, #217, #1530, .T. ) ;
#3610 =( LENGTH_UNIT ( ) NAMED_UNIT ( * ) SI_UNIT ( .MILLI., .METRE. ) );
#3611 = CARTESIAN_POINT ( 'NONE',  ( 0.02808467368872833575, -0.2664979150780665829, 0.3009999999999999898 ) ) ;
#3612 = VERTEX_POINT ( 'NONE', #3003 ) ;
#3613 = VECTOR ( 'NONE', #8984, 1000.000000000000000 ) ;
#3614 = CARTESIAN_POINT ( 'NONE',  ( -3.575000000000001066, -0.4000000000000000222, 1.300000000000000044 ) ) ;
#3615 = MECHANICAL_DESIGN_GEOMETRIC_PRESENTATION_REPRESENTATION (  '', ( #452 ), #3094 ) ;
#3616 = PRESENTATION_LAYER_ASSIGNMENT (  '', '', ( #1535 ) ) ;
#3617 = CARTESIAN_POINT ( 'NONE',  ( -0.3242838918951862492, -0.1569561672196616020, 0.3010000000000000453 ) ) ;
#3618 = DIRECTION ( 'NONE',  ( 0.000000000000000000, -1.000000000000000000, 0.000000000000000000 ) ) ;
#3619 = DIRECTION ( 'NONE',  ( -1.000000000000000000, 0.000000000000000000, 0.000000000000000000 ) ) ;
#3620 =( NAMED_UNIT ( * ) PLANE_ANGLE_UNIT ( ) SI_UNIT ( $, .RADIAN. ) );
#3621 = VECTOR ( 'NONE', #10094, 1000.000000000000000 ) ;
#3622 = ORIENTED_EDGE ( 'NONE', *, *, #5628, .F. ) ;
#3623 = SURFACE_SIDE_STYLE ('',( #10010 ) ) ;
#3624 = LINE ( 'NONE', #10250, #8033 ) ;
#3625 = DIRECTION ( 'NONE',  ( 0.000000000000000000, 0.000000000000000000, -1.000000000000000000 ) ) ;
#3626 = ADVANCED_FACE ( 'NONE', ( #1767 ), #7098, .F. ) ;
#3627 = EDGE_CURVE ( 'NONE', #4181, #2525, #2742, .T. ) ;
#3628 = ORIENTED_EDGE ( 'NONE', *, *, #7771, .F. ) ;
#3629 = UNCERTAINTY_MEASURE_WITH_UNIT (LENGTH_MEASURE( 1.000000000000000082E-05 ), #2838, 'distance_accuracy_value', 'NONE');
#3630 = VERTEX_POINT ( 'NONE', #2409 ) ;
#3631 = AXIS2_PLACEMENT_3D ( 'NONE', #9991, #523, #9209 ) ;
#3632 = CIRCLE ( 'NONE', #8591, 0.1999999999999996503 ) ;
#3633 = SURFACE_SIDE_STYLE ('',( #9273 ) ) ;
#3634 = FILL_AREA_STYLE ('',( #1838 ) ) ;
#3635 = ORIENTED_EDGE ( 'NONE', *, *, #3199, .F. ) ;
#3636 = CARTESIAN_POINT ( 'NONE',  ( 0.1974634846643381070, -0.1311320614195299883, 0.3009999999999999898 ) ) ;
#3637 =( NAMED_UNIT ( * ) SI_UNIT ( $, .STERADIAN. ) SOLID_ANGLE_UNIT ( ) );
#3638 = CARTESIAN_POINT ( 'NONE',  ( -0.2720380982560677285, -0.1715084092360913692, 0.3009999999999999343 ) ) ;
#3640 = ORIENTED_EDGE ( 'NONE', *, *, #2549, .T. ) ;
#3639 = VECTOR ( 'NONE', #3761, 1000.000000000000000 ) ;
#3641 = DIRECTION ( 'NONE',  ( 1.000000000000000000, 0.000000000000000000, 0.000000000000000000 ) ) ;
#3642 = UNCERTAINTY_MEASURE_WITH_UNIT (LENGTH_MEASURE( 1.000000000000000082E-05 ), #3537, 'distance_accuracy_value', 'NONE');
#3643 = FILL_AREA_STYLE ('',( #2097 ) ) ;
#3644 = VECTOR ( 'NONE', #550, 1000.000000000000000 ) ;
#3645 = ORIENTED_EDGE ( 'NONE', *, *, #10036, .T. ) ;
#3646 = DIRECTION ( 'NONE',  ( -1.000000000000000000, 6.776263578034415038E-17, 0.000000000000000000 ) ) ;
#3647 = CARTESIAN_POINT ( 'NONE',  ( 0.6350000000000001199, -0.07500000000000012212, -2.199999999999999734 ) ) ;
#3648 = ORIENTED_EDGE ( 'NONE', *, *, #1253, .T. ) ;
#3649 = PRESENTATION_STYLE_ASSIGNMENT (( #8643 ) ) ;
#3650 = CARTESIAN_POINT ( 'NONE',  ( -0.3113220955537425727, -0.1500241597020889606, 0.3009999999999999343 ) ) ;
#3651 = VECTOR ( 'NONE', #9262, 1000.000000000000000 ) ;
#3652 =( GEOMETRIC_REPRESENTATION_CONTEXT ( 3 ) GLOBAL_UNCERTAINTY_ASSIGNED_CONTEXT ( ( #9141 ) ) GLOBAL_UNIT_ASSIGNED_CONTEXT ( ( #2795, #3574, #2065 ) ) REPRESENTATION_CONTEXT ( 'NONE', 'WORKASPACE' ) );
#3653 = ADVANCED_FACE ( 'NONE', ( #6921 ), #4770, .T. ) ;
#3655 = ORIENTED_EDGE ( 'NONE', *, *, #7030, .T. ) ;
#3654 = DIRECTION ( 'NONE',  ( 0.000000000000000000, 1.000000000000000000, 0.000000000000000000 ) ) ;
#3656 =( NAMED_UNIT ( * ) PLANE_ANGLE_UNIT ( ) SI_UNIT ( $, .RADIAN. ) );
#3657 =( GEOMETRIC_REPRESENTATION_CONTEXT ( 3 ) GLOBAL_UNCERTAINTY_ASSIGNED_CONTEXT ( ( #3126 ) ) GLOBAL_UNIT_ASSIGNED_CONTEXT ( ( #3241, #7178, #3986 ) ) REPRESENTATION_CONTEXT ( 'NONE', 'WORKASPACE' ) );
#3658 = ORIENTED_EDGE ( 'NONE', *, *, #2146, .F. ) ;
#3659 = EDGE_CURVE ( 'NONE', #10144, #5551, #1151, .T. ) ;
#3660 = B_SPLINE_SURFACE_WITH_KNOTS ( 'NONE', 3, 1, ( 
 ( #1709, #838 ),
 ( #2521, #3167 ),
 ( #7138, #3399 ),
 ( #5093, #4947 ),
 ( #8897, #2626 ),
 ( #7292, #8179 ),
 ( #1845, #7426 ),
 ( #7363, #9800 ),
 ( #348, #8998 ),
 ( #9667, #1804 ),
 ( #4280, #202 ),
 ( #4178, #235 ),
 ( #3467, #267 ),
 ( #5019, #5804 ),
 ( #6578, #1082 ),
 ( #5734, #5878 ),
 ( #5840, #2662 ),
 ( #1017, #2696 ),
 ( #8863, #1875 ) ),
 .UNSPECIFIED., .F., .F., .F.,
 ( 4, 1, 1, 1, 1, 1, 1, 1, 1, 1, 1, 1, 1, 1, 1, 1, 4 ),
 ( 2, 2 ),
 ( 0.000000000000000000, 0.06806869584499397607, 0.1334274328189549996, 0.1961460338131565950, 0.2570485924493127738, 0.3168826631591619702, 0.3761872086663215486, 0.4359603353635460588, 0.4965352368627262702, 0.5574653434807332886, 0.6176868634101470024, 0.6779436406969062689, 0.7388052848060404632, 0.8009493367665841967, 0.8648146674702266168, 0.9310247810786572709, 1.000000000000000000 ),
 ( 0.000000000000000000, 1.000000000000000000 ),
 .UNSPECIFIED. ) ;
#3661 = ORIENTED_EDGE ( 'NONE', *, *, #4743, .F. ) ;
#3662 = DIRECTION ( 'NONE',  ( -1.000000000000000000, 0.000000000000000000, 0.000000000000000000 ) ) ;
#3663 = DIRECTION ( 'NONE',  ( 0.000000000000000000, 0.000000000000000000, -1.000000000000000000 ) ) ;
#3664 = EDGE_LOOP ( 'NONE', ( #4286, #9170, #7736, #8073 ) ) ;
#3665 = ORIENTED_EDGE ( 'NONE', *, *, #1059, .F. ) ;
#3666 = EDGE_CURVE ( 'NONE', #2385, #8731, #4847, .T. ) ;
#3667 =( GEOMETRIC_REPRESENTATION_CONTEXT ( 3 ) GLOBAL_UNCERTAINTY_ASSIGNED_CONTEXT ( ( #7670 ) ) GLOBAL_UNIT_ASSIGNED_CONTEXT ( ( #4801, #57, #5603 ) ) REPRESENTATION_CONTEXT ( 'NONE', 'WORKASPACE' ) );
#3668 = FACE_OUTER_BOUND ( 'NONE', #9854, .T. ) ;
#3669 = ORIENTED_EDGE ( 'NONE', *, *, #8644, .T. ) ;
#3670 = CARTESIAN_POINT ( 'NONE',  ( -0.09264703362834485201, -0.4018637687366031774, 0.3009999999999999898 ) ) ;
#3671 = SURFACE_STYLE_FILL_AREA ( #5678 ) ;
#3672 = CARTESIAN_POINT ( 'NONE',  ( 0.3497586413254719084, -0.3065248754915216312, 0.2999999999999999889 ) ) ;
#3673 = CARTESIAN_POINT ( 'NONE',  ( -0.3279317138289805089, -0.2037995780238248955, 0.2999999999999998779 ) ) ;
#3674 = CARTESIAN_POINT ( 'NONE',  ( -0.5477918507015154814, -0.1713759638585543588, 0.3009999999999999898 ) ) ;
#3675 = B_SPLINE_SURFACE_WITH_KNOTS ( 'NONE', 3, 1, ( 
 ( #5416, #4593 ),
 ( #3907, #9418 ),
 ( #666, #6966 ),
 ( #4706, #10239 ),
 ( #2482, #3973 ),
 ( #1775, #7995 ),
 ( #7968, #942 ),
 ( #4109, #8826 ),
 ( #9632, #4915 ),
 ( #9598, #134 ),
 ( #3303, #3196 ) ),
 .UNSPECIFIED., .F., .F., .F.,
 ( 4, 1, 1, 1, 1, 1, 1, 1, 4 ),
 ( 2, 2 ),
 ( 0.000000000000000000, 0.1124483899088007527, 0.2265276752126774706, 0.3444019493260278009, 0.4658649724874581732, 0.5916594493521163400, 0.7221684870248873400, 0.8586063875549263535, 1.000000000000000000 ),
 ( 0.000000000000000000, 1.000000000000000000 ),
 .UNSPECIFIED. ) ;
#3676 = AXIS2_PLACEMENT_3D ( 'NONE', #6170, #10126, #8469 ) ;
#3677 = LINE ( 'NONE', #8238, #1615 ) ;
#3678 = FACE_OUTER_BOUND ( 'NONE', #8125, .T. ) ;
#3679 = ORIENTED_EDGE ( 'NONE', *, *, #9574, .F. ) ;
#3680 = CARTESIAN_POINT ( 'NONE',  ( 0.2094108932009234869, -0.4384491345902616910, 0.3009999999999999898 ) ) ;
#3681 = VECTOR ( 'NONE', #3654, 1000.000000000000000 ) ;
#3682 = EDGE_CURVE ( 'NONE', #4768, #4785, #3842, .T. ) ;
#3683 = DIRECTION ( 'NONE',  ( 0.000000000000000000, 0.7071067811865477948, 0.7071067811865473507 ) ) ;
#3684 = CARTESIAN_POINT ( 'NONE',  ( 0.1348332783437373450, -0.1786361316487051487, 0.2999999999999999889 ) ) ;
#3685 = CARTESIAN_POINT ( 'NONE',  ( -0.8350000000000006306, -0.07500000000000009437, 0.2999999999999999889 ) ) ;
#3686 = EDGE_CURVE ( 'NONE', #4219, #6875, #392, .T. ) ;
#3687 = EDGE_LOOP ( 'NONE', ( #6038, #2158, #7194, #7549, #3622, #2978 ) ) ;
#3688 = LINE ( 'NONE', #2128, #5574 ) ;
#3689 = COLOUR_RGB ( '',1.000000000000000000, 1.000000000000000000, 1.000000000000000000 ) ;
#3690 = AXIS2_PLACEMENT_3D ( 'NONE', #8442, #9961, #10063 ) ;
#3691 = STYLED_ITEM ( 'NONE', ( #7635 ), #1536 ) ;
#3692 = DIRECTION ( 'NONE',  ( 0.000000000000000000, 1.000000000000000000, 0.000000000000000000 ) ) ;
#3693 =( LENGTH_UNIT ( ) NAMED_UNIT ( * ) SI_UNIT ( .MILLI., .METRE. ) );
#3694 = PLANE ( 'NONE',  #8580 ) ;
#3695 = UNCERTAINTY_MEASURE_WITH_UNIT (LENGTH_MEASURE( 1.000000000000000082E-05 ), #7102, 'distance_accuracy_value', 'NONE');
#3696 = PRESENTATION_STYLE_ASSIGNMENT (( #2576 ) ) ;
#3697 = ADVANCED_FACE ( 'NONE', ( #6542 ), #7967, .T. ) ;
#3698 = PRESENTATION_STYLE_ASSIGNMENT (( #8110 ) ) ;
#3699 = LINE ( 'NONE', #1840, #2974 ) ;
#3700 = FILL_AREA_STYLE ('',( #1458 ) ) ;
#3701 = MECHANICAL_DESIGN_GEOMETRIC_PRESENTATION_REPRESENTATION (  '', ( #1084 ), #9876 ) ;
#3702 = SURFACE_SIDE_STYLE ('',( #1407 ) ) ;
#3703 = VECTOR ( 'NONE', #4578, 1000.000000000000000 ) ;
#3704 = CARTESIAN_POINT ( 'NONE',  ( 0.2094108932009234869, -0.4384491345902616910, 0.3009999999999999898 ) ) ;
#3705 = ORIENTED_EDGE ( 'NONE', *, *, #7987, .F. ) ;
#3706 =( NAMED_UNIT ( * ) SI_UNIT ( $, .STERADIAN. ) SOLID_ANGLE_UNIT ( ) );
#3707 =( GEOMETRIC_REPRESENTATION_CONTEXT ( 3 ) GLOBAL_UNCERTAINTY_ASSIGNED_CONTEXT ( ( #7283 ) ) GLOBAL_UNIT_ASSIGNED_CONTEXT ( ( #5225, #7499, #8283 ) ) REPRESENTATION_CONTEXT ( 'NONE', 'WORKASPACE' ) );
#3708 = CARTESIAN_POINT ( 'NONE',  ( -0.2604786860262924830, -0.1693131289549649754, 0.3010000000000001008 ) ) ;
#3709 = CARTESIAN_POINT ( 'NONE',  ( -0.08532996045761305492, -0.1347905980048958452, 0.3009999999999999898 ) ) ;
#3710 = DIRECTION ( 'NONE',  ( 0.000000000000000000, 1.000000000000000000, 0.000000000000000000 ) ) ;
#3711 = PRESENTATION_STYLE_ASSIGNMENT (( #6512 ) ) ;
#3712 = DIRECTION ( 'NONE',  ( 0.000000000000000000, -0.000000000000000000, -1.000000000000000000 ) ) ;
#3713 = VECTOR ( 'NONE', #4734, 1000.000000000000000 ) ;
#3714 = PRESENTATION_STYLE_ASSIGNMENT (( #9288 ) ) ;
#3715 =( GEOMETRIC_REPRESENTATION_CONTEXT ( 3 ) GLOBAL_UNCERTAINTY_ASSIGNED_CONTEXT ( ( #10182 ) ) GLOBAL_UNIT_ASSIGNED_CONTEXT ( ( #1498, #5397, #10214 ) ) REPRESENTATION_CONTEXT ( 'NONE', 'WORKASPACE' ) );
#3716 = UNCERTAINTY_MEASURE_WITH_UNIT (LENGTH_MEASURE( 1.000000000000000082E-05 ), #8827, 'distance_accuracy_value', 'NONE');
#3717 = DIRECTION ( 'NONE',  ( -0.000000000000000000, -0.000000000000000000, 1.000000000000000000 ) ) ;
#3718 =( LENGTH_UNIT ( ) NAMED_UNIT ( * ) SI_UNIT ( .MILLI., .METRE. ) );
#3719 = EDGE_CURVE ( 'NONE', #8490, #7779, #8259, .T. ) ;
#3720 = COLOUR_RGB ( '',0.5019607843137254832, 0.5019607843137254832, 0.5019607843137254832 ) ;
#3721 = CARTESIAN_POINT ( 'NONE',  ( -0.2356729482624911332, -0.1677174272731885296, 0.2999999999999999889 ) ) ;
#3722 = SURFACE_STYLE_USAGE ( .BOTH. , #8337 ) ;
#3723 = ORIENTED_EDGE ( 'NONE', *, *, #6434, .T. ) ;
#3724 = DIRECTION ( 'NONE',  ( -1.000000000000000000, 0.000000000000000000, -0.000000000000000000 ) ) ;
#3725 = LINE ( 'NONE', #3979, #9785 ) ;
#3726 = DIRECTION ( 'NONE',  ( 1.355252715606880296E-16, 1.000000000000000000, 0.000000000000000000 ) ) ;
#3727 = VECTOR ( 'NONE', #6181, 1000.000000000000000 ) ;
#3728 = SURFACE_STYLE_FILL_AREA ( #4439 ) ;
#3729 = DIRECTION ( 'NONE',  ( 1.355252715606880296E-16, 1.000000000000000000, 0.000000000000000000 ) ) ;
#3730 = CARTESIAN_POINT ( 'NONE',  ( -0.7683333333333344228, -0.1333333333333335535, 3.933333333333332238 ) ) ;
#3731 = EDGE_CURVE ( 'NONE', #471, #2575, #9901, .T. ) ;
#3732 = ADVANCED_FACE ( 'NONE', ( #6191 ), #61, .F. ) ;
#3733 = COLOUR_RGB ( '',1.000000000000000000, 1.000000000000000000, 1.000000000000000000 ) ;
#3734 = MECHANICAL_DESIGN_GEOMETRIC_PRESENTATION_REPRESENTATION (  '', ( #8690 ), #162 ) ;
#3735 = ORIENTED_EDGE ( 'NONE', *, *, #1645, .F. ) ;
#3736 = EDGE_CURVE ( 'NONE', #7924, #9031, #5, .T. ) ;
#3737 = CARTESIAN_POINT ( 'NONE',  ( 0.1268651614936064098, -0.3863149882487982301, 0.3009999999999999898 ) ) ;
#3738 = PRESENTATION_STYLE_ASSIGNMENT (( #5848 ) ) ;
#3739 = COLOUR_RGB ( '',0.5019607843137254832, 0.5019607843137254832, 0.5019607843137254832 ) ;
#3740 = AXIS2_PLACEMENT_3D ( 'NONE', #6348, #8796, #163 ) ;
#3741 = COLOUR_RGB ( '',0.5019607843137254832, 0.5019607843137254832, 0.5019607843137254832 ) ;
#3742 = PLANE ( 'NONE',  #7541 ) ;
#3743 = ORIENTED_EDGE ( 'NONE', *, *, #4024, .F. ) ;
#3744 = FILL_AREA_STYLE_COLOUR ( '', #8034 ) ;
#3745 = CARTESIAN_POINT ( 'NONE',  ( 0.2146186116663738874, -0.4383329874648063118, 0.2999999999999999889 ) ) ;
#3746 =( NAMED_UNIT ( * ) PLANE_ANGLE_UNIT ( ) SI_UNIT ( $, .RADIAN. ) );
#3747 =( NAMED_UNIT ( * ) SI_UNIT ( $, .STERADIAN. ) SOLID_ANGLE_UNIT ( ) );
#3748 = FACE_OUTER_BOUND ( 'NONE', #4062, .T. ) ;
#3749 = EDGE_CURVE ( 'NONE', #1223, #5060, #8526, .T. ) ;
#3750 = COLOUR_RGB ( '',0.5019607843137254832, 0.5019607843137254832, 0.5019607843137254832 ) ;
#3751 = DIRECTION ( 'NONE',  ( -1.016439536705160037E-16, -1.000000000000000000, -0.000000000000000000 ) ) ;
#3752 = SURFACE_STYLE_USAGE ( .BOTH. , #7603 ) ;
#3753 = ORIENTED_EDGE ( 'NONE', *, *, #2023, .F. ) ;
#3754 = AXIS2_PLACEMENT_3D ( 'NONE', #265, #5014, #5800 ) ;
#3755 = STYLED_ITEM ( 'NONE', ( #6041 ), #7859 ) ;
#3756 = DIRECTION ( 'NONE',  ( 1.000000000000000000, 0.000000000000000000, 0.000000000000000000 ) ) ;
#3757 =( GEOMETRIC_REPRESENTATION_CONTEXT ( 3 ) GLOBAL_UNCERTAINTY_ASSIGNED_CONTEXT ( ( #3954 ) ) GLOBAL_UNIT_ASSIGNED_CONTEXT ( ( #3589, #4396, #10005 ) ) REPRESENTATION_CONTEXT ( 'NONE', 'WORKASPACE' ) );
#3758 = VECTOR ( 'NONE', #1009, 1000.000000000000000 ) ;
#3759 = DIRECTION ( 'NONE',  ( 1.000000000000000000, 0.000000000000000000, 0.000000000000000000 ) ) ;
#3760 = SURFACE_SIDE_STYLE ('',( #2304 ) ) ;
#3761 = DIRECTION ( 'NONE',  ( 0.000000000000000000, 1.000000000000000000, 0.000000000000000000 ) ) ;
#3762 =( NAMED_UNIT ( * ) PLANE_ANGLE_UNIT ( ) SI_UNIT ( $, .RADIAN. ) );
#3763 = UNCERTAINTY_MEASURE_WITH_UNIT (LENGTH_MEASURE( 1.000000000000000082E-05 ), #373, 'distance_accuracy_value', 'NONE');
#3764 = CIRCLE ( 'NONE', #3530, 0.1999999999999996503 ) ;
#3765 = ORIENTED_EDGE ( 'NONE', *, *, #4136, .F. ) ;
#3766 = SURFACE_STYLE_USAGE ( .BOTH. , #8488 ) ;
#3767 = CARTESIAN_POINT ( 'NONE',  ( 4.044999999999999041, -0.4000000000000000222, 4.199999999999999289 ) ) ;
#3768 = VECTOR ( 'NONE', #1878, 1000.000000000000000 ) ;
#3769 = CARTESIAN_POINT ( 'NONE',  ( 0.3021930353909254019, -0.2369626549864884690, 0.3010000000000000453 ) ) ;
#3770 = VECTOR ( 'NONE', #4488, 1000.000000000000000 ) ;
#3771 = ORIENTED_EDGE ( 'NONE', *, *, #3682, .T. ) ;
#3772 = MECHANICAL_DESIGN_GEOMETRIC_PRESENTATION_REPRESENTATION (  '', ( #3837 ), #8732 ) ;
#3773 = VERTEX_POINT ( 'NONE', #5605 ) ;
#3774 = COLOUR_RGB ( '',0.5019607843137254832, 0.5019607843137254832, 0.5019607843137254832 ) ;
#3775 = PRESENTATION_STYLE_ASSIGNMENT (( #8804 ) ) ;
#3776 = ORIENTED_EDGE ( 'NONE', *, *, #4340, .T. ) ;
#3777 = LINE ( 'NONE', #8209, #6251 ) ;
#3778 = FILL_AREA_STYLE ('',( #10080 ) ) ;
#3779 = ORIENTED_EDGE ( 'NONE', *, *, #3865, .F. ) ;
#3780 = FILL_AREA_STYLE ('',( #10152 ) ) ;
#3781 = CARTESIAN_POINT ( 'NONE',  ( -0.08532996045761305492, -0.1677174272731885296, 0.3009999999999999898 ) ) ;
#3782 = CARTESIAN_POINT ( 'NONE',  ( 0.1771760541321914795, -0.1318179975493542766, 0.3009999999999999898 ) ) ;
#3783 = FILL_AREA_STYLE ('',( #1300 ) ) ;
#3784 = CYLINDRICAL_SURFACE ( 'NONE', #5314, 0.2000000000000000944 ) ;
#3785 = CARTESIAN_POINT ( 'NONE',  ( -4.245000000000000107, -0.07500000000000012212, -2.199999999999999734 ) ) ;
#3786 = FILL_AREA_STYLE ('',( #3027 ) ) ;
#3787 = VERTEX_POINT ( 'NONE', #7926 ) ;
#3788 = AXIS2_PLACEMENT_3D ( 'NONE', #407, #475, #6783 ) ;
#3789 = LINE ( 'NONE', #4604, #81 ) ;
#3790 = CARTESIAN_POINT ( 'NONE',  ( -2.305000000000001492, 0.4000000000000000222, 1.300000000000000044 ) ) ;
#3791 = ORIENTED_EDGE ( 'NONE', *, *, #1405, .T. ) ;
#3792 = VECTOR ( 'NONE', #9952, 1000.000000000000000 ) ;
#3793 = VERTEX_POINT ( 'NONE', #8760 ) ;
#3794 =( NAMED_UNIT ( * ) PLANE_ANGLE_UNIT ( ) SI_UNIT ( $, .RADIAN. ) );
#3796 = VECTOR ( 'NONE', #8586, 1000.000000000000000 ) ;
#3795 = CARTESIAN_POINT ( 'NONE',  ( -5.715000000000000746, -0.07500000000000012212, -2.399999999999999911 ) ) ;
#3797 = DIRECTION ( 'NONE',  ( 0.000000000000000000, -0.000000000000000000, 1.000000000000000000 ) ) ;
#3798 = ORIENTED_EDGE ( 'NONE', *, *, #10095, .F. ) ;
#3799 = ORIENTED_EDGE ( 'NONE', *, *, #6712, .T. ) ;
#3800 = CARTESIAN_POINT ( 'NONE',  ( 2.774999999999999023, 0.4000000000000000222, 1.300000000000000044 ) ) ;
#3801 = VECTOR ( 'NONE', #6805, 1000.000000000000000 ) ;
#3802 = CARTESIAN_POINT ( 'NONE',  ( 0.1974634846643381070, -0.1311320614195299883, 0.2999999999999999889 ) ) ;
#3803 = VECTOR ( 'NONE', #3364, 1000.000000000000000 ) ;
#3804 =( GEOMETRIC_REPRESENTATION_CONTEXT ( 3 ) GLOBAL_UNCERTAINTY_ASSIGNED_CONTEXT ( ( #3377 ) ) GLOBAL_UNIT_ASSIGNED_CONTEXT ( ( #3287, #7915, #893 ) ) REPRESENTATION_CONTEXT ( 'NONE', 'WORKASPACE' ) );
#3805 = ORIENTED_EDGE ( 'NONE', *, *, #445, .F. ) ;
#3806 = SURFACE_STYLE_USAGE ( .BOTH. , #733 ) ;
#3807 = SURFACE_STYLE_FILL_AREA ( #9065 ) ;
#3808 = EDGE_CURVE ( 'NONE', #10233, #2072, #7514, .T. ) ;
#3809 = CARTESIAN_POINT ( 'NONE',  ( 0.3097086448068609998, -0.2923781792258223211, 0.3009999999999999343 ) ) ;
#3810 = CARTESIAN_POINT ( 'NONE',  ( 2.774999999999999023, 0.4000000000000000222, 4.199999999999999289 ) ) ;
#3811 = ORIENTED_EDGE ( 'NONE', *, *, #2567, .F. ) ;
#3812 = PRODUCT_DEFINITION ( 'δ֪', '', #9290, #9877 ) ;
#3813 = PRESENTATION_STYLE_ASSIGNMENT (( #4937 ) ) ;
#3814 = CARTESIAN_POINT ( 'NONE',  ( -0.3901124419615973893, -0.2494397315770706947, 0.3000000000000000444 ) ) ;
#3815 = ORIENTED_EDGE ( 'NONE', *, *, #5172, .F. ) ;
#3816 = DIRECTION ( 'NONE',  ( 1.355252715606880296E-16, 1.000000000000000000, 0.000000000000000000 ) ) ;
#3817 = AXIS2_PLACEMENT_3D ( 'NONE', #9344, #9280, #4586 ) ;
#3818 = SURFACE_STYLE_USAGE ( .BOTH. , #2986 ) ;
#3819 = CARTESIAN_POINT ( 'NONE',  ( -0.2356729482624911332, -0.1677174272731885296, 0.3009999999999999898 ) ) ;
#3820 = PRESENTATION_STYLE_ASSIGNMENT (( #4328 ) ) ;
#3821 = DIRECTION ( 'NONE',  ( 0.7071067811865475727, -0.000000000000000000, 0.7071067811865475727 ) ) ;
#3822 = ORIENTED_EDGE ( 'NONE', *, *, #9860, .F. ) ;
#3823 = SURFACE_SIDE_STYLE ('',( #1204 ) ) ;
#3824 = LINE ( 'NONE', #8846, #368 ) ;
#3825 =( GEOMETRIC_REPRESENTATION_CONTEXT ( 3 ) GLOBAL_UNCERTAINTY_ASSIGNED_CONTEXT ( ( #3189 ) ) GLOBAL_UNIT_ASSIGNED_CONTEXT ( ( #5341, #4590, #7643 ) ) REPRESENTATION_CONTEXT ( 'NONE', 'WORKASPACE' ) );
#3826 =( GEOMETRIC_REPRESENTATION_CONTEXT ( 3 ) GLOBAL_UNCERTAINTY_ASSIGNED_CONTEXT ( ( #222 ) ) GLOBAL_UNIT_ASSIGNED_CONTEXT ( ( #8645, #791, #6304 ) ) REPRESENTATION_CONTEXT ( 'NONE', 'WORKASPACE' ) );
#3827 = DIRECTION ( 'NONE',  ( -0.000000000000000000, -0.000000000000000000, 1.000000000000000000 ) ) ;
#3828 = LINE ( 'NONE', #5370, #1744 ) ;
#3829 =( LENGTH_UNIT ( ) NAMED_UNIT ( * ) SI_UNIT ( .MILLI., .METRE. ) );
#3830 = FILL_AREA_STYLE_COLOUR ( '', #664 ) ;
#3831 = DIRECTION ( 'NONE',  ( -0.7071067811865475727, 0.000000000000000000, 0.7071067811865475727 ) ) ;
#3832 = DIRECTION ( 'NONE',  ( 0.000000000000000000, -0.000000000000000000, -1.000000000000000000 ) ) ;
#3833 = COLOUR_RGB ( '',0.5019607843137254832, 0.5019607843137254832, 0.5019607843137254832 ) ;
#3834 = EDGE_CURVE ( 'NONE', #1967, #1962, #3326, .T. ) ;
#3835 = SURFACE_STYLE_FILL_AREA ( #4718 ) ;
#3836 = CARTESIAN_POINT ( 'NONE',  ( 5.915000000000000036, 0.07499999999999984457, -5.227200187265875542 ) ) ;
#3837 = STYLED_ITEM ( 'NONE', ( #7081 ), #9175 ) ;
#3838 = UNCERTAINTY_MEASURE_WITH_UNIT (LENGTH_MEASURE( 1.000000000000000082E-05 ), #7447, 'distance_accuracy_value', 'NONE');
#3839 = MECHANICAL_DESIGN_GEOMETRIC_PRESENTATION_REPRESENTATION (  '', ( #2787 ), #2982 ) ;
#3840 = DIRECTION ( 'NONE',  ( -0.000000000000000000, 1.000000000000000000, -0.000000000000000000 ) ) ;
#3841 =( NAMED_UNIT ( * ) PLANE_ANGLE_UNIT ( ) SI_UNIT ( $, .RADIAN. ) );
#3842 = LINE ( 'NONE', #938, #2607 ) ;
#3843 = COLOUR_RGB ( '',0.5019607843137254832, 0.5019607843137254832, 0.5019607843137254832 ) ;
#3844 =( NAMED_UNIT ( * ) SI_UNIT ( $, .STERADIAN. ) SOLID_ANGLE_UNIT ( ) );
#3845 = VECTOR ( 'NONE', #1870, 1000.000000000000114 ) ;
#3846 = ORIENTED_EDGE ( 'NONE', *, *, #6859, .F. ) ;
#3847 = LINE ( 'NONE', #3943, #2873 ) ;
#3848 = AXIS2_PLACEMENT_3D ( 'NONE', #1272, #2940, #2969 ) ;
#3849 = CARTESIAN_POINT ( 'NONE',  ( -0.2497540010576095593, -0.4344830880136030249, 0.3009999999999999343 ) ) ;
#3850 =( NAMED_UNIT ( * ) SI_UNIT ( $, .STERADIAN. ) SOLID_ANGLE_UNIT ( ) );
#3851 = PRESENTATION_STYLE_ASSIGNMENT (( #3131 ) ) ;
#3852 = CARTESIAN_POINT ( 'NONE',  ( 0.5293041858838503089, -0.4347905980048958341, 0.2999999999999999889 ) ) ;
#3853 = SURFACE_SIDE_STYLE ('',( #1382 ) ) ;
#3854 = PRESENTATION_STYLE_ASSIGNMENT (( #2778 ) ) ;
#3855 = DIRECTION ( 'NONE',  ( 0.000000000000000000, 1.000000000000000000, 0.000000000000000000 ) ) ;
#3856 =( LENGTH_UNIT ( ) NAMED_UNIT ( * ) SI_UNIT ( .MILLI., .METRE. ) );
#3857 = PLANE ( 'NONE',  #5494 ) ;
#3858 = ORIENTED_EDGE ( 'NONE', *, *, #6702, .F. ) ;
#3859 = MECHANICAL_DESIGN_GEOMETRIC_PRESENTATION_REPRESENTATION (  '', ( #9010 ), #4390 ) ;
#3860 = VECTOR ( 'NONE', #6409, 1000.000000000000000 ) ;
#3861 = CARTESIAN_POINT ( 'NONE',  ( 6.464999999999998970, 0.9000000000000002442, 4.299999999999999822 ) ) ;
#3862 = LINE ( 'NONE', #2491, #1904 ) ;
#3863 = B_SPLINE_CURVE_WITH_KNOTS ( 'NONE', 3,
 ( #795, #7870, #8685, #4976, #8889, #8057, #6500, #9591, #8818, #3390, #156 ),
 .UNSPECIFIED., .F., .F.,
 ( 4, 1, 1, 1, 1, 1, 1, 1, 4 ),
 ( 0.000000000000000000, 0.1252796967356261115, 0.2494199707420509948, 0.3733567994928191913, 0.4966812787822861841, 0.6202029157439823415, 0.7450863201614561504, 0.8712691950190973866, 1.000000000000000000 ),
 .UNSPECIFIED. ) ;
#3864 = ORIENTED_EDGE ( 'NONE', *, *, #9860, .T. ) ;
#3865 = EDGE_CURVE ( 'NONE', #4407, #9031, #5589, .T. ) ;
#3866 = FILL_AREA_STYLE ('',( #4733 ) ) ;
#3867 = DIRECTION ( 'NONE',  ( 0.000000000000000000, -1.000000000000000000, 0.000000000000000000 ) ) ;
#3868 = DIRECTION ( 'NONE',  ( -1.000000000000000000, -0.000000000000000000, -0.000000000000000000 ) ) ;
#3869 = DIRECTION ( 'NONE',  ( -0.7071067811865475727, 0.000000000000000000, 0.7071067811865475727 ) ) ;
#3870 = PRESENTATION_STYLE_ASSIGNMENT (( #691 ) ) ;
#3871 = ORIENTED_EDGE ( 'NONE', *, *, #9926, .F. ) ;
#3872 = SURFACE_STYLE_USAGE ( .BOTH. , #7810 ) ;
#3873 = LINE ( 'NONE', #6294, #8292 ) ;
#3874 = CARTESIAN_POINT ( 'NONE',  ( 0.2038659236887283288, -0.4055223053219689788, 0.3009999999999999898 ) ) ;
#3875 = EDGE_CURVE ( 'NONE', #2588, #4300, #2350, .T. ) ;
#3876 = PRESENTATION_LAYER_ASSIGNMENT (  '', '', ( #3334 ) ) ;
#3877 = VERTEX_POINT ( 'NONE', #2519 ) ;
#3878 = CARTESIAN_POINT ( 'NONE',  ( -2.975000000000000089, -0.07500000000000012212, 0.2999999999999999889 ) ) ;
#3879 = VECTOR ( 'NONE', #9500, 1000.000000000000000 ) ;
#3880 =( GEOMETRIC_REPRESENTATION_CONTEXT ( 3 ) GLOBAL_UNCERTAINTY_ASSIGNED_CONTEXT ( ( #5387 ) ) GLOBAL_UNIT_ASSIGNED_CONTEXT ( ( #8003, #952, #5647 ) ) REPRESENTATION_CONTEXT ( 'NONE', 'WORKASPACE' ) );
#3881 = VECTOR ( 'NONE', #9942, 1000.000000000000000 ) ;
#3882 = MECHANICAL_DESIGN_GEOMETRIC_PRESENTATION_REPRESENTATION (  '', ( #2833 ), #4753 ) ;
#3883 = SURFACE_STYLE_USAGE ( .BOTH. , #4686 ) ;
#3884 = ORIENTED_EDGE ( 'NONE', *, *, #6643, .F. ) ;
#3885 = CARTESIAN_POINT ( 'NONE',  ( 0.1625355655278398759, -0.4008380902846204741, 0.2999999999999998779 ) ) ;
#3886 = CARTESIAN_POINT ( 'NONE',  ( -0.3524031311893204288, -0.2818752016634324398, 0.2999999999999999889 ) ) ;
#3887 = CARTESIAN_POINT ( 'NONE',  ( 0.1974634846643381070, -0.1311320614195299883, 0.2999999999999999889 ) ) ;
#3888 = CARTESIAN_POINT ( 'NONE',  ( -0.3481350457054549485, -0.2433066776090683225, 0.3000000000000000444 ) ) ;
#3890 = ORIENTED_EDGE ( 'NONE', *, *, #6337, .F. ) ;
#3889 = SURFACE_STYLE_FILL_AREA ( #7002 ) ;
#3891 = EDGE_CURVE ( 'NONE', #1108, #6338, #94, .T. ) ;
#3892 = SURFACE_STYLE_USAGE ( .BOTH. , #7893 ) ;
#3893 = FACE_OUTER_BOUND ( 'NONE', #9450, .T. ) ;
#3894 = ADVANCED_FACE ( 'NONE', ( #1989 ), #5054, .F. ) ;
#3895 = EDGE_CURVE ( 'NONE', #3306, #6998, #1389, .T. ) ;
#3896 = UNCERTAINTY_MEASURE_WITH_UNIT (LENGTH_MEASURE( 1.000000000000000082E-05 ), #316, 'distance_accuracy_value', 'NONE');
#3897 = DIRECTION ( 'NONE',  ( 0.000000000000000000, -1.000000000000000000, 0.000000000000000000 ) ) ;
#3898 = LINE ( 'NONE', #3416, #2914 ) ;
#3899 = MECHANICAL_DESIGN_GEOMETRIC_PRESENTATION_REPRESENTATION (  '', ( #3355 ), #5696 ) ;
#3900 = CARTESIAN_POINT ( 'NONE',  ( 0.3353762426123065854, -0.3637614340708853478, 0.3009999999999999343 ) ) ;
#3901 = EDGE_LOOP ( 'NONE', ( #7145, #4468, #2163, #2442 ) ) ;
#3902 = CARTESIAN_POINT ( 'NONE',  ( -0.4145982531405399407, -0.4347905980048958341, 0.3009999999999999898 ) ) ;
#3903 = PRESENTATION_LAYER_ASSIGNMENT (  '', '', ( #8156 ) ) ;
#3904 = CARTESIAN_POINT ( 'NONE',  ( -6.464999999999997193, -0.5000000000000000000, 0.2999999999999999889 ) ) ;
#3905 = SURFACE_STYLE_FILL_AREA ( #1332 ) ;
#3906 = ORIENTED_EDGE ( 'NONE', *, *, #8197, .T. ) ;
#3907 = CARTESIAN_POINT ( 'NONE',  ( 0.1296801787261031569, -0.4207955924180587504, 0.3009999999999999343 ) ) ;
#3908 = ADVANCED_FACE ( 'NONE', ( #10149 ), #6538, .F. ) ;
#3909 = SURFACE_SIDE_STYLE ('',( #579 ) ) ;
#3910 = ORIENTED_EDGE ( 'NONE', *, *, #4946, .T. ) ;
#3912 = ORIENTED_EDGE ( 'NONE', *, *, #7406, .F. ) ;
#3911 = SURFACE_STYLE_FILL_AREA ( #6266 ) ;
#3913 = PLANE ( 'NONE',  #9330 ) ;
#3914 = ORIENTED_EDGE ( 'NONE', *, *, #9508, .F. ) ;
#3915 = ORIENTED_EDGE ( 'NONE', *, *, #766, .F. ) ;
#3916 = CARTESIAN_POINT ( 'NONE',  ( -0.2350000000000008193, 0.4000000000000000222, 4.199999999999999289 ) ) ;
#3917 = STYLED_ITEM ( 'NONE', ( #1419 ), #9275 ) ;
#3918 = CARTESIAN_POINT ( 'NONE',  ( 0.2875362996452603959, -0.3656182290174452842, 0.3010000000000000453 ) ) ;
#3919 = MECHANICAL_DESIGN_GEOMETRIC_PRESENTATION_REPRESENTATION (  '', ( #6806 ), #10222 ) ;
#3920 = CIRCLE ( 'NONE', #1413, 0.1999999999999996503 ) ;
#3921 = EDGE_LOOP ( 'NONE', ( #2592, #20, #6958, #7958 ) ) ;
#3922 = ORIENTED_EDGE ( 'NONE', *, *, #5487, .F. ) ;
#3923 = DIRECTION ( 'NONE',  ( 0.000000000000000000, 1.000000000000000000, 0.000000000000000000 ) ) ;
#3924 = VERTEX_POINT ( 'NONE', #8207 ) ;
#3925 = CARTESIAN_POINT ( 'NONE',  ( -5.315000000000001279, 0.4000000000000000222, 1.300000000000000044 ) ) ;
#3926 = CARTESIAN_POINT ( 'NONE',  ( 6.215000000000000746, 0.5000000000000011102, 4.299999999999999822 ) ) ;
#3927 = STYLED_ITEM ( 'NONE', ( #4240 ), #588 ) ;
#3928 = ORIENTED_EDGE ( 'NONE', *, *, #3627, .T. ) ;
#3929 = ORIENTED_EDGE ( 'NONE', *, *, #2640, .T. ) ;
#3930 = CARTESIAN_POINT ( 'NONE',  ( -0.3524031311893204288, -0.2818752016634324398, 0.3000000000000000999 ) ) ;
#3931 = PRODUCT ( 'HDR-TH_10P-P1.27-V-F', 'HDR-TH_10P-P1.27-V-F', '', ( #1114 ) ) ;
#3932 = DIRECTION ( 'NONE',  ( -1.000000000000000000, 1.016439536705160037E-16, 0.000000000000000000 ) ) ;
#3933 = CARTESIAN_POINT ( 'NONE',  ( 2.104999999999999094, -0.07500000000000012212, -2.199999999999999734 ) ) ;
#3934 = CARTESIAN_POINT ( 'NONE',  ( -6.465000000000000746, 0.9000000000000002442, 0.000000000000000000 ) ) ;
#3935 =( NAMED_UNIT ( * ) SI_UNIT ( $, .STERADIAN. ) SOLID_ANGLE_UNIT ( ) );
#3936 = EDGE_CURVE ( 'NONE', #7612, #5479, #7880, .T. ) ;
#3937 = AXIS2_PLACEMENT_3D ( 'NONE', #8223, #7371, #3507 ) ;
#3938 = DIRECTION ( 'NONE',  ( -0.000000000000000000, -0.000000000000000000, -1.000000000000000000 ) ) ;
#3939 = DIRECTION ( 'NONE',  ( -1.000000000000000000, 0.000000000000000000, 0.000000000000000000 ) ) ;
#3940 = VERTEX_POINT ( 'NONE', #2693 ) ;
#3941 = EDGE_CURVE ( 'NONE', #7243, #7385, #3699, .T. ) ;
#3942 = CARTESIAN_POINT ( 'NONE',  ( 0.1692903307378944566, -0.1666187031933705764, 0.3000000000000000444 ) ) ;
#3943 = CARTESIAN_POINT ( 'NONE',  ( -3.375000000000000444, -0.07500000000000009437, -2.199999999999999734 ) ) ;
#3944 =( GEOMETRIC_REPRESENTATION_CONTEXT ( 3 ) GLOBAL_UNCERTAINTY_ASSIGNED_CONTEXT ( ( #5995 ) ) GLOBAL_UNIT_ASSIGNED_CONTEXT ( ( #2704, #6971, #3046 ) ) REPRESENTATION_CONTEXT ( 'NONE', 'WORKASPACE' ) );
#3945 = STYLED_ITEM ( 'NONE', ( #3820 ), #6807 ) ;
#3946 = EDGE_LOOP ( 'NONE', ( #1586, #8695, #4925, #3563 ) ) ;
#3947 = DIRECTION ( 'NONE',  ( 0.000000000000000000, -1.000000000000000000, 0.000000000000000000 ) ) ;
#3948 = DIRECTION ( 'NONE',  ( 1.000000000000000000, 0.000000000000000000, 0.000000000000000000 ) ) ;
#3949 = EDGE_CURVE ( 'NONE', #9592, #3987, #9511, .T. ) ;
#3950 = LINE ( 'NONE', #2792, #6532 ) ;
#3951 = LINE ( 'NONE', #9238, #1627 ) ;
#3952 = DIRECTION ( 'NONE',  ( 1.016439536705160037E-16, 1.000000000000000000, 0.000000000000000000 ) ) ;
#3953 = CARTESIAN_POINT ( 'NONE',  ( -6.464999999999997193, 0.5000000000000000000, 0.2999999999999999889 ) ) ;
#3954 = UNCERTAINTY_MEASURE_WITH_UNIT (LENGTH_MEASURE( 1.000000000000000082E-05 ), #3589, 'distance_accuracy_value', 'NONE');
#3955 =( LENGTH_UNIT ( ) NAMED_UNIT ( * ) SI_UNIT ( .MILLI., .METRE. ) );
#3956 = ADVANCED_FACE ( 'NONE', ( #5821 ), #6004, .T. ) ;
#3957 = CARTESIAN_POINT ( 'NONE',  ( 0.3097919907618990609, -0.2879918175170909644, 0.3009999999999999898 ) ) ;
#3958 = CARTESIAN_POINT ( 'NONE',  ( -0.3345026939452301340, -0.2123569930533761863, 0.2999999999999999334 ) ) ;
#3959 = SURFACE_STYLE_USAGE ( .BOTH. , #2292 ) ;
#3960 = PRESENTATION_LAYER_ASSIGNMENT (  '', '', ( #452 ) ) ;
#3961 = AXIS2_PLACEMENT_3D ( 'NONE', #5425, #6195, #4747 ) ;
#3962 = CARTESIAN_POINT ( 'NONE',  ( -0.1914275214332228636, -0.4018637687366031774, 0.3009999999999999898 ) ) ;
#3963 = SURFACE_STYLE_FILL_AREA ( #1778 ) ;
#3964 = CARTESIAN_POINT ( 'NONE',  ( -0.3482164708936417163, -0.3208035546845176000, 0.3000000000000001554 ) ) ;
#3965 = ORIENTED_EDGE ( 'NONE', *, *, #1731, .F. ) ;
#3966 = CARTESIAN_POINT ( 'NONE',  ( -0.2356729482624911332, -0.1677174272731885296, 0.3009999999999999898 ) ) ;
#3967 = UNCERTAINTY_MEASURE_WITH_UNIT (LENGTH_MEASURE( 1.000000000000000082E-05 ), #8871, 'distance_accuracy_value', 'NONE');
#3968 = DIRECTION ( 'NONE',  ( 1.016439536705160037E-16, 1.000000000000000000, 0.000000000000000000 ) ) ;
#3969 = VECTOR ( 'NONE', #473, 1000.000000000000000 ) ;
#3970 =( NAMED_UNIT ( * ) PLANE_ANGLE_UNIT ( ) SI_UNIT ( $, .RADIAN. ) );
#3971 = EDGE_CURVE ( 'NONE', #8210, #5242, #3950, .T. ) ;
#3972 = SURFACE_STYLE_FILL_AREA ( #7301 ) ;
#3973 = CARTESIAN_POINT ( 'NONE',  ( 0.1539626200200891193, -0.4311192570133932089, 0.2999999999999999889 ) ) ;
#3974 = LINE ( 'NONE', #6896, #8909 ) ;
#3975 = FACE_OUTER_BOUND ( 'NONE', #9089, .T. ) ;
#3976 = STYLED_ITEM ( 'NONE', ( #6561 ), #9491 ) ;
#3977 = CARTESIAN_POINT ( 'NONE',  ( 0.1348332783437373450, -0.1786361316487051487, 0.2999999999999999889 ) ) ;
#3978 = CARTESIAN_POINT ( 'NONE',  ( 0.2806918297060396750, -0.3738932367915125954, 0.3010000000000000453 ) ) ;
#3979 = CARTESIAN_POINT ( 'NONE',  ( -0.2350000000000008193, 0.4000000000000000222, 4.199999999999999289 ) ) ;
#3980 = FACE_OUTER_BOUND ( 'NONE', #1848, .T. ) ;
#3981 = EDGE_LOOP ( 'NONE', ( #9447, #9229, #8901, #1561, #564 ) ) ;
#3982 = DIRECTION ( 'NONE',  ( 0.5773502691896258421, 0.5773502691896255090, 0.5773502691896258421 ) ) ;
#3983 = DIRECTION ( 'NONE',  ( -0.000000000000000000, -0.000000000000000000, -1.000000000000000000 ) ) ;
#3984 = CARTESIAN_POINT ( 'NONE',  ( -0.2350000000000008193, -0.4000000000000000222, 4.199999999999999289 ) ) ;
#3985 = FACE_OUTER_BOUND ( 'NONE', #4662, .T. ) ;
#3986 =( NAMED_UNIT ( * ) SI_UNIT ( $, .STERADIAN. ) SOLID_ANGLE_UNIT ( ) );
#3987 = VERTEX_POINT ( 'NONE', #9946 ) ;
#3988 = CARTESIAN_POINT ( 'NONE',  ( 3.374999999999999556, 0.07499999999999984457, 0.2999999999999999889 ) ) ;
#3989 = CARTESIAN_POINT ( 'NONE',  ( -3.675000000000002043, -0.5000000000000011102, 4.299999999999999822 ) ) ;
#3990 = DIRECTION ( 'NONE',  ( 0.000000000000000000, -0.000000000000000000, 1.000000000000000000 ) ) ;
#3991 = LINE ( 'NONE', #5590, #8416 ) ;
#3992 =( NAMED_UNIT ( * ) SI_UNIT ( $, .STERADIAN. ) SOLID_ANGLE_UNIT ( ) );
#3993 = VECTOR ( 'NONE', #8939, 1000.000000000000000 ) ;
#3994 = ORIENTED_EDGE ( 'NONE', *, *, #6268, .F. ) ;
#3995 = CARTESIAN_POINT ( 'NONE',  ( -0.3403797181809095629, -0.3430467695187388588, 0.2999999999999999889 ) ) ;
#3996 = FILL_AREA_STYLE_COLOUR ( '', #5238 ) ;
#3997 = EDGE_CURVE ( 'NONE', #9998, #1526, #8638, .T. ) ;
#3998 = VECTOR ( 'NONE', #6840, 1000.000000000000000 ) ;
#3999 =( NAMED_UNIT ( * ) PLANE_ANGLE_UNIT ( ) SI_UNIT ( $, .RADIAN. ) );
#4000 = DIRECTION ( 'NONE',  ( -1.000000000000000000, 6.776263578034399015E-17, 0.000000000000000000 ) ) ;
#4001 = DIRECTION ( 'NONE',  ( 0.000000000000000000, -1.000000000000000000, 0.000000000000000000 ) ) ;
#4002 = ADVANCED_FACE ( 'NONE', ( #1280 ), #9100, .F. ) ;
#4003 = SURFACE_SIDE_STYLE ('',( #3889 ) ) ;
#4004 = ORIENTED_EDGE ( 'NONE', *, *, #902, .F. ) ;
#4005 = SURFACE_STYLE_USAGE ( .BOTH. , #3229 ) ;
#4006 = LINE ( 'NONE', #9368, #3248 ) ;
#4007 =( NAMED_UNIT ( * ) PLANE_ANGLE_UNIT ( ) SI_UNIT ( $, .RADIAN. ) );
#4008 = VECTOR ( 'NONE', #309, 1000.000000000000000 ) ;
#4009 = MECHANICAL_DESIGN_GEOMETRIC_PRESENTATION_REPRESENTATION (  '', ( #4886 ), #5288 ) ;
#4010 = CARTESIAN_POINT ( 'NONE',  ( 0.3026983203536069422, -0.3364002694480690558, 0.3010000000000000453 ) ) ;
#4011 = PRESENTATION_STYLE_ASSIGNMENT (( #251 ) ) ;
#4012 = ORIENTED_EDGE ( 'NONE', *, *, #4508, .T. ) ;
#4013 = CARTESIAN_POINT ( 'NONE',  ( 0.3353762426123065854, -0.3637614340708853478, 0.3009999999999999343 ) ) ;
#4014 = MECHANICAL_DESIGN_GEOMETRIC_PRESENTATION_REPRESENTATION (  '', ( #651 ), #7176 ) ;
#4015 = VECTOR ( 'NONE', #4212, 1000.000000000000000 ) ;
#4016 = AXIS2_PLACEMENT_3D ( 'NONE', #1633, #4796, #53 ) ;
#4017 = CARTESIAN_POINT ( 'NONE',  ( -3.675000000000002043, 0.4000000000000000222, 4.299999999999999822 ) ) ;
#4018 = CARTESIAN_POINT ( 'NONE',  ( 0.2580692873647508767, -0.1417831696601838110, 0.3010000000000000453 ) ) ;
#4019 = CARTESIAN_POINT ( 'NONE',  ( 0.1418238606590045137, -0.1377311980607633102, 0.2999999999999999334 ) ) ;
#4020 = DIRECTION ( 'NONE',  ( -0.000000000000000000, -0.000000000000000000, 1.000000000000000000 ) ) ;
#4021 = FILL_AREA_STYLE ('',( #7212 ) ) ;
#4022 = UNCERTAINTY_MEASURE_WITH_UNIT (LENGTH_MEASURE( 1.000000000000000082E-05 ), #6880, 'distance_accuracy_value', 'NONE');
#4023 = ORIENTED_EDGE ( 'NONE', *, *, #7421, .F. ) ;
#4024 = EDGE_CURVE ( 'NONE', #659, #471, #2598, .T. ) ;
#4025 = VECTOR ( 'NONE', #6552, 1000.000000000000000 ) ;
#4026 = CARTESIAN_POINT ( 'NONE',  ( 0.3097919907618990609, -0.2879918175170909644, 0.2999999999999999889 ) ) ;
#4027 = ORIENTED_EDGE ( 'NONE', *, *, #3030, .F. ) ;
#4028 = EDGE_CURVE ( 'NONE', #10213, #6137, #7044, .T. ) ;
#4029 = EDGE_LOOP ( 'NONE', ( #10108, #2402, #6474, #146 ) ) ;
#4030 = PRESENTATION_LAYER_ASSIGNMENT (  '', '', ( #3490 ) ) ;
#4031 = FILL_AREA_STYLE_COLOUR ( '', #3114 ) ;
#4032 = CARTESIAN_POINT ( 'NONE',  ( -6.115000000000001101, -0.4000000000000000222, 1.300000000000000044 ) ) ;
#4033 = VERTEX_POINT ( 'NONE', #1262 ) ;
#4035 = AXIS2_PLACEMENT_3D ( 'NONE', #7662, #9943, #5364 ) ;
#4034 = LINE ( 'NONE', #2363, #1222 ) ;
#4036 = CARTESIAN_POINT ( 'NONE',  ( 1.904999999999999583, 0.07499999999999985845, -2.199999999999999734 ) ) ;
#4037 = ORIENTED_EDGE ( 'NONE', *, *, #7808, .T. ) ;
#4038 =( LENGTH_UNIT ( ) NAMED_UNIT ( * ) SI_UNIT ( .MILLI., .METRE. ) );
#4039 = ORIENTED_EDGE ( 'NONE', *, *, #1112, .F. ) ;
#4040 = DIRECTION ( 'NONE',  ( -0.000000000000000000, -0.000000000000000000, -1.000000000000000000 ) ) ;
#4041 = UNCERTAINTY_MEASURE_WITH_UNIT (LENGTH_MEASURE( 1.000000000000000082E-05 ), #5532, 'distance_accuracy_value', 'NONE');
#4042 = CARTESIAN_POINT ( 'NONE',  ( 0.1268651614936064098, -0.1832662077609934215, 0.3009999999999999898 ) ) ;
#4043 = PRESENTATION_STYLE_ASSIGNMENT (( #9282 ) ) ;
#4044 =( NAMED_UNIT ( * ) SI_UNIT ( $, .STERADIAN. ) SOLID_ANGLE_UNIT ( ) );
#4045 = VERTEX_POINT ( 'NONE', #8391 ) ;
#4046 = VECTOR ( 'NONE', #7358, 1000.000000000000000 ) ;
#4047 = PRESENTATION_STYLE_ASSIGNMENT (( #8127 ) ) ;
#4048 = SURFACE_STYLE_FILL_AREA ( #8965 ) ;
#4049 = SURFACE_STYLE_USAGE ( .BOTH. , #41 ) ;
#4050 = STYLED_ITEM ( 'NONE', ( #3204 ), #9970 ) ;
#4051 = ORIENTED_EDGE ( 'NONE', *, *, #8847, .F. ) ;
#4052 = CARTESIAN_POINT ( 'NONE',  ( -5.915000000000000924, -0.07500000000000009437, 0.2999999999999999889 ) ) ;
#4053 = SURFACE_STYLE_USAGE ( .BOTH. , #2354 ) ;
#4054 = ORIENTED_EDGE ( 'NONE', *, *, #5177, .F. ) ;
#4055 =( LENGTH_UNIT ( ) NAMED_UNIT ( * ) SI_UNIT ( .MILLI., .METRE. ) );
#4056 = CARTESIAN_POINT ( 'NONE',  ( 0.3496495274744066961, -0.2731903379818681477, 0.3009999999999999343 ) ) ;
#4057 = CARTESIAN_POINT ( 'NONE',  ( 4.444999999999999396, -0.07500000000000009437, -2.199999999999999734 ) ) ;
#4058 = ADVANCED_FACE ( 'NONE', ( #9903 ), #3605, .T. ) ;
#4059 = CARTESIAN_POINT ( 'NONE',  ( -0.6350000000000001199, 0.07499999999999987232, -2.399999999999999911 ) ) ;
#4060 = STYLED_ITEM ( 'NONE', ( #5459 ), #6688 ) ;
#4061 =( NAMED_UNIT ( * ) SI_UNIT ( $, .STERADIAN. ) SOLID_ANGLE_UNIT ( ) );
#4062 = EDGE_LOOP ( 'NONE', ( #7345, #2249, #2685, #3125 ) ) ;
#4063 = EDGE_CURVE ( 'NONE', #2176, #2754, #8887, .T. ) ;
#4064 = CARTESIAN_POINT ( 'NONE',  ( -6.464999999999997193, 0.5000000000000000000, 0.000000000000000000 ) ) ;
#4065 = ORIENTED_EDGE ( 'NONE', *, *, #2136, .T. ) ;
#4066 = ORIENTED_EDGE ( 'NONE', *, *, #9162, .T. ) ;
#4067 = CARTESIAN_POINT ( 'NONE',  ( 1.504999999999998561, -0.4000000000000000222, 1.300000000000000044 ) ) ;
#4068 = DIRECTION ( 'NONE',  ( -0.3536223923290754967, 0.9353882635801357148, 0.000000000000000000 ) ) ;
#4069 =( LENGTH_UNIT ( ) NAMED_UNIT ( * ) SI_UNIT ( .MILLI., .METRE. ) );
#4070 = DIRECTION ( 'NONE',  ( -0.000000000000000000, 1.000000000000000000, -0.000000000000000000 ) ) ;
#4071 =( LENGTH_UNIT ( ) NAMED_UNIT ( * ) SI_UNIT ( .MILLI., .METRE. ) );
#4072 = DIRECTION ( 'NONE',  ( 0.000000000000000000, 1.000000000000000000, 0.000000000000000000 ) ) ;
#4073 = EDGE_CURVE ( 'NONE', #6124, #1394, #2611, .T. ) ;
#4074 = LINE ( 'NONE', #9435, #10143 ) ;
#4075 = PRESENTATION_LAYER_ASSIGNMENT (  '', '', ( #2147 ) ) ;
#4076 =( LENGTH_UNIT ( ) NAMED_UNIT ( * ) SI_UNIT ( .MILLI., .METRE. ) );
#4077 = ORIENTED_EDGE ( 'NONE', *, *, #1762, .F. ) ;
#4078 = DIRECTION ( 'NONE',  ( -1.000000000000000000, 0.000000000000000000, -0.000000000000000000 ) ) ;
#4079 = STYLED_ITEM ( 'NONE', ( #7443 ), #164 ) ;
#4080 = LINE ( 'NONE', #6140, #5329 ) ;
#4081 = SURFACE_STYLE_FILL_AREA ( #8265 ) ;
#4082 =( NAMED_UNIT ( * ) PLANE_ANGLE_UNIT ( ) SI_UNIT ( $, .RADIAN. ) );
#4083 = STYLED_ITEM ( 'NONE', ( #6105 ), #2966 ) ;
#4084 = LINE ( 'NONE', #8367, #1987 ) ;
#4085 = STYLED_ITEM ( 'NONE', ( #111 ), #6787 ) ;
#4086 = CARTESIAN_POINT ( 'NONE',  ( 5.514999999999999680, 0.07499999999999990008, -5.227200187265875542 ) ) ;
#4087 =( LENGTH_UNIT ( ) NAMED_UNIT ( * ) SI_UNIT ( .MILLI., .METRE. ) );
#4088 = UNCERTAINTY_MEASURE_WITH_UNIT (LENGTH_MEASURE( 1.000000000000000082E-05 ), #114, 'distance_accuracy_value', 'NONE');
#4089 = ORIENTED_EDGE ( 'NONE', *, *, #9013, .T. ) ;
#4090 = CARTESIAN_POINT ( 'NONE',  ( 0.2319119389118499963, -0.1685185341866905218, 0.3010000000000000453 ) ) ;
#4091 = EDGE_CURVE ( 'NONE', #8210, #6891, #500, .T. ) ;
#4092 = FILL_AREA_STYLE_COLOUR ( '', #4460 ) ;
#4093 = CARTESIAN_POINT ( 'NONE',  ( 0.1349999999999979550, -0.5000000000000011102, 4.299999999999999822 ) ) ;
#4094 =( NAMED_UNIT ( * ) PLANE_ANGLE_UNIT ( ) SI_UNIT ( $, .RADIAN. ) );
#4095 = EDGE_CURVE ( 'NONE', #1488, #2754, #8899, .T. ) ;
#4096 =( LENGTH_UNIT ( ) NAMED_UNIT ( * ) SI_UNIT ( .MILLI., .METRE. ) );
#4097 = STYLED_ITEM ( 'NONE', ( #10217 ), #4848 ) ;
#4098 = STYLED_ITEM ( 'NONE', ( #1570 ), #8492 ) ;
#4099 =( GEOMETRIC_REPRESENTATION_CONTEXT ( 3 ) GLOBAL_UNCERTAINTY_ASSIGNED_CONTEXT ( ( #6534 ) ) GLOBAL_UNIT_ASSIGNED_CONTEXT ( ( #6090, #1380, #10103 ) ) REPRESENTATION_CONTEXT ( 'NONE', 'WORKASPACE' ) );
#4100 = ORIENTED_EDGE ( 'NONE', *, *, #569, .T. ) ;
#4101 = CIRCLE ( 'NONE', #3475, 0.1999999999999999833 ) ;
#4102 = CARTESIAN_POINT ( 'NONE',  ( 0.4349999999999996092, 0.07499999999999990008, -5.227200187265875542 ) ) ;
#4103 = CARTESIAN_POINT ( 'NONE',  ( 5.581666666666666110, -0.1333333333333335535, 3.933333333333332238 ) ) ;
#4104 = SURFACE_SIDE_STYLE ('',( #8647 ) ) ;
#4105 = DIRECTION ( 'NONE',  ( -1.016439536705160037E-16, -1.000000000000000000, -0.000000000000000000 ) ) ;
#4106 = PLANE ( 'NONE',  #6823 ) ;
#4107 = VECTOR ( 'NONE', #4068, 1000.000000000000114 ) ;
#4108 = EDGE_LOOP ( 'NONE', ( #6280, #7704, #10086, #8479, #5685 ) ) ;
#4109 = CARTESIAN_POINT ( 'NONE',  ( 0.1857891724283941282, -0.4373566976225605751, 0.3009999999999999898 ) ) ;
#4110 = ADVANCED_FACE ( 'NONE', ( #5472 ), #6241, .T. ) ;
#4111 = STYLED_ITEM ( 'NONE', ( #5500 ), #9390 ) ;
#4112 = CARTESIAN_POINT ( 'NONE',  ( 5.214999999999998082, 0.4000000000000000222, 4.299999999999999822 ) ) ;
#4113 = SURFACE_STYLE_FILL_AREA ( #9744 ) ;
#4114 =( GEOMETRIC_REPRESENTATION_CONTEXT ( 3 ) GLOBAL_UNCERTAINTY_ASSIGNED_CONTEXT ( ( #1520 ) ) GLOBAL_UNIT_ASSIGNED_CONTEXT ( ( #2594, #1806, #9636 ) ) REPRESENTATION_CONTEXT ( 'NONE', 'WORKASPACE' ) );
#4115 = VERTEX_POINT ( 'NONE', #10155 ) ;
#4116 = CARTESIAN_POINT ( 'NONE',  ( 3.174999999999999822, 0.07499999999999987232, -2.399999999999999911 ) ) ;
#4117 = VERTEX_POINT ( 'NONE', #7631 ) ;
#4118 =( NAMED_UNIT ( * ) PLANE_ANGLE_UNIT ( ) SI_UNIT ( $, .RADIAN. ) );
#4119 = VECTOR ( 'NONE', #9818, 1000.000000000000000 ) ;
#4120 = CARTESIAN_POINT ( 'NONE',  ( 0.2424373883074362468, -0.1722036493703586191, 0.2999999999999999334 ) ) ;
#4121 = STYLED_ITEM ( 'NONE', ( #7807 ), #430 ) ;
#4122 = FILL_AREA_STYLE ('',( #2536 ) ) ;
#4123 = DIRECTION ( 'NONE',  ( 1.000000000000000000, 0.000000000000000000, -0.000000000000000000 ) ) ;
#4124 = CARTESIAN_POINT ( 'NONE',  ( 0.1499593947473567834, -0.1356379245031441583, 0.2999999999999999889 ) ) ;
#4125 = DIRECTION ( 'NONE',  ( 1.700993777936868478E-13, 3.430630704733824484E-13, -1.000000000000000000 ) ) ;
#4126 = LINE ( 'NONE', #390, #6349 ) ;
#4127 = DIRECTION ( 'NONE',  ( -0.000000000000000000, 1.000000000000000000, 0.000000000000000000 ) ) ;
#4128 = VERTEX_POINT ( 'NONE', #2197 ) ;
#4129 =( NAMED_UNIT ( * ) SI_UNIT ( $, .STERADIAN. ) SOLID_ANGLE_UNIT ( ) );
#4130 = EDGE_CURVE ( 'NONE', #5281, #3056, #9266, .T. ) ;
#4131 = PRESENTATION_LAYER_ASSIGNMENT (  '', '', ( #6435 ) ) ;
#4132 = VERTEX_POINT ( 'NONE', #9300 ) ;
#4133 =( LENGTH_UNIT ( ) NAMED_UNIT ( * ) SI_UNIT ( .MILLI., .METRE. ) );
#4134 = VECTOR ( 'NONE', #1145, 1000.000000000000000 ) ;
#4135 =( NAMED_UNIT ( * ) PLANE_ANGLE_UNIT ( ) SI_UNIT ( $, .RADIAN. ) );
#4136 = EDGE_CURVE ( 'NONE', #2958, #1571, #10033, .T. ) ;
#4137 = ORIENTED_EDGE ( 'NONE', *, *, #6337, .T. ) ;
#4138 = CARTESIAN_POINT ( 'NONE',  ( 4.244999999999999218, -0.07500000000000009437, -2.199999999999999734 ) ) ;
#4139 = CARTESIAN_POINT ( 'NONE',  ( -5.315000000000001279, 0.4000000000000000222, 4.199999999999999289 ) ) ;
#4140 = CARTESIAN_POINT ( 'NONE',  ( -6.465000000000000746, -0.8999999999999998002, 4.299999999999999822 ) ) ;
#4141 = DIRECTION ( 'NONE',  ( -0.000000000000000000, -1.000000000000000000, -0.000000000000000000 ) ) ;
#4142 = LINE ( 'NONE', #5086, #3758 ) ;
#4143 = PLANE ( 'NONE',  #2965 ) ;
#4144 = SURFACE_STYLE_USAGE ( .BOTH. , #4917 ) ;
#4145 = CARTESIAN_POINT ( 'NONE',  ( 0.8349999999999998535, -0.07500000000000012212, -5.227200187265875542 ) ) ;
#4146 = ORIENTED_EDGE ( 'NONE', *, *, #9180, .T. ) ;
#4148 = EDGE_LOOP ( 'NONE', ( #7405, #5856, #8979, #1698 ) ) ;
#4147 = LINE ( 'NONE', #6025, #2048 ) ;
#4149 = PLANE ( 'NONE',  #6879 ) ;
#4150 = VECTOR ( 'NONE', #2556, 1000.000000000000000 ) ;
#4151 = ORIENTED_EDGE ( 'NONE', *, *, #3719, .T. ) ;
#4152 = VECTOR ( 'NONE', #2729, 1000.000000000000000 ) ;
#4153 = UNCERTAINTY_MEASURE_WITH_UNIT (LENGTH_MEASURE( 1.000000000000000082E-05 ), #9845, 'distance_accuracy_value', 'NONE');
#4154 = ORIENTED_EDGE ( 'NONE', *, *, #7485, .F. ) ;
#4155 =( GEOMETRIC_REPRESENTATION_CONTEXT ( 3 ) GLOBAL_UNCERTAINTY_ASSIGNED_CONTEXT ( ( #7300 ) ) GLOBAL_UNIT_ASSIGNED_CONTEXT ( ( #10020, #548, #5293 ) ) REPRESENTATION_CONTEXT ( 'NONE', 'WORKASPACE' ) );
#4156 =( GEOMETRIC_REPRESENTATION_CONTEXT ( 3 ) GLOBAL_UNCERTAINTY_ASSIGNED_CONTEXT ( ( #3569 ) ) GLOBAL_UNIT_ASSIGNED_CONTEXT ( ( #2719, #1148, #6565 ) ) REPRESENTATION_CONTEXT ( 'NONE', 'WORKASPACE' ) );
#4158 = ORIENTED_EDGE ( 'NONE', *, *, #7040, .F. ) ;
#4157 = FACE_OUTER_BOUND ( 'NONE', #2391, .T. ) ;
#4159 = DIRECTION ( 'NONE',  ( -0.000000000000000000, 0.000000000000000000, -1.000000000000000000 ) ) ;
#4160 = CARTESIAN_POINT ( 'NONE',  ( 0.02808467368872833575, -0.2994247443463592395, 0.3009999999999999898 ) ) ;
#4161 = ORIENTED_EDGE ( 'NONE', *, *, #9484, .F. ) ;
#4162 = CARTESIAN_POINT ( 'NONE',  ( -0.4972583141161497355, -0.3177174272731885241, 0.3009999999999999898 ) ) ;
#4163 = ADVANCED_FACE ( 'NONE', ( #4213 ), #5331, .F. ) ;
#4164 = ORIENTED_EDGE ( 'NONE', *, *, #9182, .T. ) ;
#4165 = CARTESIAN_POINT ( 'NONE',  ( 2.304999999999998828, 0.4000000000000000222, 4.199999999999999289 ) ) ;
#4166 = VERTEX_POINT ( 'NONE', #1501 ) ;
#4167 = COLOUR_RGB ( '',1.000000000000000000, 1.000000000000000000, 1.000000000000000000 ) ;
#4168 = VECTOR ( 'NONE', #6747, 1000.000000000000000 ) ;
#4169 = EDGE_CURVE ( 'NONE', #8615, #4679, #4338, .T. ) ;
#4170 = VERTEX_POINT ( 'NONE', #6102 ) ;
#4171 = FILL_AREA_STYLE_COLOUR ( '', #7536 ) ;
#4172 = FILL_AREA_STYLE ('',( #9731 ) ) ;
#4173 = AXIS2_PLACEMENT_3D ( 'NONE', #3503, #7503, #4351 ) ;
#4174 = CARTESIAN_POINT ( 'NONE',  ( 0.1268651614936064098, -0.1430223053219690232, 0.3009999999999999898 ) ) ;
#4175 = DIRECTION ( 'NONE',  ( 1.000000000000000000, 0.000000000000000000, 0.000000000000000000 ) ) ;
#4176 = VERTEX_POINT ( 'NONE', #7766 ) ;
#4177 = ORIENTED_EDGE ( 'NONE', *, *, #2680, .F. ) ;
#4178 = CARTESIAN_POINT ( 'NONE',  ( -0.3241415857268352685, -0.4114263889927195494, 0.3010000000000001008 ) ) ;
#4179 = LINE ( 'NONE', #6412, #5786 ) ;
#4180 = CARTESIAN_POINT ( 'NONE',  ( 5.514999999999999680, 0.07499999999999990008, 0.2999999999999999889 ) ) ;
#4181 = VERTEX_POINT ( 'NONE', #6206 ) ;
#4182 = CARTESIAN_POINT ( 'NONE',  ( -4.045000000000000817, -0.4000000000000000222, 4.199999999999999289 ) ) ;
#4183 = CARTESIAN_POINT ( 'NONE',  ( -0.3403797181809095629, -0.3430467695187388588, 0.2999999999999998779 ) ) ;
#4184 =( NAMED_UNIT ( * ) SI_UNIT ( $, .STERADIAN. ) SOLID_ANGLE_UNIT ( ) );
#4185 = SURFACE_STYLE_FILL_AREA ( #7830 ) ;
#4186 = ORIENTED_EDGE ( 'NONE', *, *, #2687, .F. ) ;
#4187 = CARTESIAN_POINT ( 'NONE',  ( 0.2859607828468442858, -0.2061599986891100578, 0.3009999999999999898 ) ) ;
#4188 = AXIS2_PLACEMENT_3D ( 'NONE', #6276, #7665, #8510 ) ;
#4189 =( NAMED_UNIT ( * ) PLANE_ANGLE_UNIT ( ) SI_UNIT ( $, .RADIAN. ) );
#4190 = FILL_AREA_STYLE_COLOUR ( '', #9509 ) ;
#4191 = CARTESIAN_POINT ( 'NONE',  ( -0.1914275214332228636, -0.4018637687366031774, 0.3010000000000000453 ) ) ;
#4192 = PRESENTATION_LAYER_ASSIGNMENT (  '', '', ( #2997 ) ) ;
#4193 = FILL_AREA_STYLE ('',( #3451 ) ) ;
#4194 = EDGE_CURVE ( 'NONE', #6799, #4132, #8774, .T. ) ;
#4195 = CARTESIAN_POINT ( 'NONE',  ( 0.2935321049712026342, -0.3565825735271292984, 0.2999999999999999889 ) ) ;
#4196 = VECTOR ( 'NONE', #5720, 1000.000000000000000 ) ;
#4197 = LINE ( 'NONE', #9142, #120 ) ;
#4198 = SURFACE_STYLE_FILL_AREA ( #3783 ) ;
#4199 =( NAMED_UNIT ( * ) PLANE_ANGLE_UNIT ( ) SI_UNIT ( $, .RADIAN. ) );
#4200 = SURFACE_SIDE_STYLE ('',( #1167 ) ) ;
#4201 = CARTESIAN_POINT ( 'NONE',  ( -3.175000000000000711, -0.07500000000000010825, -2.199999999999999734 ) ) ;
#4202 = SURFACE_STYLE_FILL_AREA ( #8945 ) ;
#4203 = CARTESIAN_POINT ( 'NONE',  ( 0.3260430484362988879, -0.1983886907850343773, 0.3009999999999999898 ) ) ;
#4204 = DIRECTION ( 'NONE',  ( 1.000000000000000000, -1.355252715606880049E-16, 0.000000000000000000 ) ) ;
#4205 =( NAMED_UNIT ( * ) PLANE_ANGLE_UNIT ( ) SI_UNIT ( $, .RADIAN. ) );
#4206 = EDGE_CURVE ( 'NONE', #1932, #5191, #382, .T. ) ;
#4207 =( GEOMETRIC_REPRESENTATION_CONTEXT ( 3 ) GLOBAL_UNCERTAINTY_ASSIGNED_CONTEXT ( ( #2368 ) ) GLOBAL_UNIT_ASSIGNED_CONTEXT ( ( #2802, #6694, #8256 ) ) REPRESENTATION_CONTEXT ( 'NONE', 'WORKASPACE' ) );
#4208 = FACE_OUTER_BOUND ( 'NONE', #5392, .T. ) ;
#4209 = CARTESIAN_POINT ( 'NONE',  ( -3.375000000000000444, 0.07499999999999990008, 0.2999999999999999889 ) ) ;
#4210 = ADVANCED_FACE ( 'NONE', ( #252 ), #1576, .T. ) ;
#4211 = COLOUR_RGB ( '',0.5019607843137254832, 0.5019607843137254832, 0.5019607843137254832 ) ;
#4212 = DIRECTION ( 'NONE',  ( 1.000000000000000000, 0.000000000000000000, 0.000000000000000000 ) ) ;
#4213 = FACE_OUTER_BOUND ( 'NONE', #3116, .T. ) ;
#4214 = CARTESIAN_POINT ( 'NONE',  ( -0.2384997670147301074, -0.4346867063920490937, 0.2999999999999999889 ) ) ;
#4215 = MECHANICAL_DESIGN_GEOMETRIC_PRESENTATION_REPRESENTATION (  '', ( #7885 ), #2231 ) ;
#4216 = PRESENTATION_LAYER_ASSIGNMENT (  '', '', ( #1780 ) ) ;
#4217 = DIRECTION ( 'NONE',  ( -1.000000000000000000, 0.000000000000000000, -0.000000000000000000 ) ) ;
#4218 = FILL_AREA_STYLE_COLOUR ( '', #9053 ) ;
#4219 = VERTEX_POINT ( 'NONE', #2227 ) ;
#4220 = EDGE_CURVE ( 'NONE', #2204, #1117, #6911, .T. ) ;
#4221 = CARTESIAN_POINT ( 'NONE',  ( -2.305000000000001492, 0.4000000000000000222, 4.199999999999999289 ) ) ;
#4222 = CARTESIAN_POINT ( 'NONE',  ( -0.5975822470429789091, -0.3177174272731885241, 0.2999999999999999889 ) ) ;
#4223 = EDGE_LOOP ( 'NONE', ( #8201, #3735, #2871, #3466 ) ) ;
#4224 = DIRECTION ( 'NONE',  ( -0.000000000000000000, -0.000000000000000000, 1.000000000000000000 ) ) ;
#4225 = EDGE_CURVE ( 'NONE', #9041, #5072, #4800, .T. ) ;
#4226 = PRESENTATION_STYLE_ASSIGNMENT (( #5247 ) ) ;
#4227 = SURFACE_STYLE_FILL_AREA ( #8515 ) ;
#4228 = CARTESIAN_POINT ( 'NONE',  ( 0.4349999999999996092, -0.07500000000000009437, 0.2999999999999999889 ) ) ;
#4229 = LINE ( 'NONE', #1480, #9535 ) ;
#4230 = PRESENTATION_LAYER_ASSIGNMENT (  '', '', ( #7387 ) ) ;
#4231 = STYLED_ITEM ( 'NONE', ( #2540 ), #8353 ) ;
#4232 = FILL_AREA_STYLE_COLOUR ( '', #4683 ) ;
#4233 = STYLED_ITEM ( 'NONE', ( #6903 ), #1431 ) ;
#4234 = FILL_AREA_STYLE ('',( #3420 ) ) ;
#4235 = FACE_OUTER_BOUND ( 'NONE', #783, .T. ) ;
#4236 = EDGE_LOOP ( 'NONE', ( #1543, #3320, #986, #2744 ) ) ;
#4237 = DIRECTION ( 'NONE',  ( -0.5773502691896258421, 0.5773502691896255090, -0.5773502691896258421 ) ) ;
#4238 = FACE_OUTER_BOUND ( 'NONE', #2645, .T. ) ;
#4239 = CARTESIAN_POINT ( 'NONE',  ( -5.915000000000000924, 0.07499999999999990008, -5.227200187265875542 ) ) ;
#4240 = PRESENTATION_STYLE_ASSIGNMENT (( #660 ) ) ;
#4241 = SURFACE_STYLE_USAGE ( .BOTH. , #9830 ) ;
#4242 = DIRECTION ( 'NONE',  ( 0.000000000000000000, 0.7071067811865477948, 0.7071067811865473507 ) ) ;
#4243 = CARTESIAN_POINT ( 'NONE',  ( 0.3756456492984844298, -0.4347905980048958341, 0.2999999999999999889 ) ) ;
#4244 = COLOUR_RGB ( '',0.5019607843137254832, 0.5019607843137254832, 0.5019607843137254832 ) ;
#4245 = STYLED_ITEM ( 'NONE', ( #2856 ), #10042 ) ;
#4246 = ORIENTED_EDGE ( 'NONE', *, *, #9127, .F. ) ;
#4247 = PLANE ( 'NONE',  #2188 ) ;
#4248 = STYLED_ITEM ( 'NONE', ( #1224 ), #2346 ) ;
#4249 = FILL_AREA_STYLE_COLOUR ( '', #5520 ) ;
#4250 =( NAMED_UNIT ( * ) SI_UNIT ( $, .STERADIAN. ) SOLID_ANGLE_UNIT ( ) );
#4251 = SURFACE_STYLE_FILL_AREA ( #7792 ) ;
#4252 = SURFACE_STYLE_FILL_AREA ( #6001 ) ;
#4253 = CARTESIAN_POINT ( 'NONE',  ( -0.3482164708936417163, -0.3208035546845176000, 0.3000000000000000444 ) ) ;
#4254 = CARTESIAN_POINT ( 'NONE',  ( -0.6853299604576130744, -0.4347905980048958341, 0.3009999999999999898 ) ) ;
#4255 = CARTESIAN_POINT ( 'NONE',  ( -0.3817725011811110014, -0.2209494454666282304, 0.3000000000000000999 ) ) ;
#4256 = ORIENTED_EDGE ( 'NONE', *, *, #5177, .T. ) ;
#4257 = COLOUR_RGB ( '',1.000000000000000000, 1.000000000000000000, 1.000000000000000000 ) ;
#4258 = EDGE_CURVE ( 'NONE', #2060, #5517, #1879, .T. ) ;
#4259 = LINE ( 'NONE', #4671, #5272 ) ;
#4260 = LINE ( 'NONE', #8278, #8178 ) ;
#4261 = CARTESIAN_POINT ( 'NONE',  ( 0.1268651614936064098, -0.1430223053219690232, 0.2999999999999999889 ) ) ;
#4262 = ADVANCED_FACE ( 'NONE', ( #1392 ), #2362, .F. ) ;
#4263 = CARTESIAN_POINT ( 'NONE',  ( -0.6110731007015154370, -0.3506442565414811807, 0.3009999999999999898 ) ) ;
#4264 = COLOUR_RGB ( '',1.000000000000000000, 1.000000000000000000, 1.000000000000000000 ) ;
#4265 = EDGE_LOOP ( 'NONE', ( #8968, #1181, #351, #5422, #4531, #6581, #1450, #1798, #4146, #2735, #7471, #5692 ) ) ;
#4266 = CARTESIAN_POINT ( 'NONE',  ( 0.3026983203536069422, -0.3364002694480690558, 0.3000000000000000444 ) ) ;
#4267 = COLOUR_RGB ( '',0.5019607843137254832, 0.5019607843137254832, 0.5019607843137254832 ) ;
#4268 = EDGE_CURVE ( 'NONE', #4785, #8650, #1387, .T. ) ;
#4269 = AXIS2_PLACEMENT_3D ( 'NONE', #9720, #5006, #2644 ) ;
#4270 = ORIENTED_EDGE ( 'NONE', *, *, #8758, .F. ) ;
#4271 = EDGE_CURVE ( 'NONE', #4282, #7219, #6418, .T. ) ;
#4272 =( NAMED_UNIT ( * ) PLANE_ANGLE_UNIT ( ) SI_UNIT ( $, .RADIAN. ) );
#4273 = EDGE_LOOP ( 'NONE', ( #2281, #1816, #5200, #9269, #9477 ) ) ;
#4274 = CARTESIAN_POINT ( 'NONE',  ( 0.2960532993198346507, -0.1645136980923813941, 0.3009999999999999898 ) ) ;
#4275 =( NAMED_UNIT ( * ) SI_UNIT ( $, .STERADIAN. ) SOLID_ANGLE_UNIT ( ) );
#4276 = ORIENTED_EDGE ( 'NONE', *, *, #5505, .T. ) ;
#4277 = MECHANICAL_DESIGN_GEOMETRIC_PRESENTATION_REPRESENTATION (  '', ( #3021 ), #7108 ) ;
#4278 = MECHANICAL_DESIGN_GEOMETRIC_PRESENTATION_REPRESENTATION (  '', ( #7941 ), #5358 ) ;
#4279 = ORIENTED_EDGE ( 'NONE', *, *, #7159, .F. ) ;
#4280 = CARTESIAN_POINT ( 'NONE',  ( -0.3365240366108858128, -0.4027483453147461812, 0.3009999999999998788 ) ) ;
#4281 = COLOUR_RGB ( '',1.000000000000000000, 1.000000000000000000, 1.000000000000000000 ) ;
#4282 = VERTEX_POINT ( 'NONE', #5274 ) ;
#4283 = CARTESIAN_POINT ( 'NONE',  ( -5.848333333333334494, -0.1333333333333335535, 3.933333333333332238 ) ) ;
#4284 = UNCERTAINTY_MEASURE_WITH_UNIT (LENGTH_MEASURE( 1.000000000000000082E-05 ), #2793, 'distance_accuracy_value', 'NONE');
#4285 = FILL_AREA_STYLE ('',( #352 ) ) ;
#4286 = ORIENTED_EDGE ( 'NONE', *, *, #6710, .F. ) ;
#4287 = ORIENTED_EDGE ( 'NONE', *, *, #9359, .T. ) ;
#4288 = FACE_OUTER_BOUND ( 'NONE', #436, .T. ) ;
#4289 = CARTESIAN_POINT ( 'NONE',  ( 0.1296228605322573280, -0.3878682545022095196, 0.3009999999999999898 ) ) ;
#4291 = ORIENTED_EDGE ( 'NONE', *, *, #2813, .T. ) ;
#4290 = FILL_AREA_STYLE_COLOUR ( '', #295 ) ;
#4292 = CARTESIAN_POINT ( 'NONE',  ( -0.3365880631115789612, -0.1650457537993336443, 0.3009999999999999898 ) ) ;
#4293 = FACE_OUTER_BOUND ( 'NONE', #7156, .T. ) ;
#4294 = ORIENTED_EDGE ( 'NONE', *, *, #7619, .F. ) ;
#4295 = FILL_AREA_STYLE_COLOUR ( '', #9002 ) ;
#4296 = MECHANICAL_DESIGN_GEOMETRIC_PRESENTATION_REPRESENTATION (  '', ( #5571 ), #5375 ) ;
#4297 = PRESENTATION_LAYER_ASSIGNMENT (  '', '', ( #5747 ) ) ;
#4298 = VECTOR ( 'NONE', #697, 1000.000000000000000 ) ;
#4299 = ORIENTED_EDGE ( 'NONE', *, *, #6368, .T. ) ;
#4300 = VERTEX_POINT ( 'NONE', #2075 ) ;
#4301 = AXIS2_PLACEMENT_3D ( 'NONE', #5326, #9264, #403 ) ;
#4302 = FILL_AREA_STYLE ('',( #1175 ) ) ;
#4303 = CARTESIAN_POINT ( 'NONE',  ( 0.3094857791778235501, -0.2743343695727927800, 0.2999999999999999889 ) ) ;
#4304 = VECTOR ( 'NONE', #367, 1000.000000000000000 ) ;
#4305 = CARTESIAN_POINT ( 'NONE',  ( 6.115000000000000213, 0.4000000000000000222, 1.300000000000000044 ) ) ;
#4306 = FILL_AREA_STYLE ('',( #2718 ) ) ;
#4307 = ORIENTED_EDGE ( 'NONE', *, *, #27, .F. ) ;
#4308 = VERTEX_POINT ( 'NONE', #2846 ) ;
#4309 =( GEOMETRIC_REPRESENTATION_CONTEXT ( 3 ) GLOBAL_UNCERTAINTY_ASSIGNED_CONTEXT ( ( #8454 ) ) GLOBAL_UNIT_ASSIGNED_CONTEXT ( ( #1823, #1958, #5041 ) ) REPRESENTATION_CONTEXT ( 'NONE', 'WORKASPACE' ) );
#4310 = SURFACE_SIDE_STYLE ('',( #8539 ) ) ;
#4311 = EDGE_LOOP ( 'NONE', ( #7061, #8589, #7528, #5276 ) ) ;
#4312 = CARTESIAN_POINT ( 'NONE',  ( 2.104999999999999094, -0.07500000000000012212, 0.2999999999999999889 ) ) ;
#4313 = VECTOR ( 'NONE', #5061, 1000.000000000000000 ) ;
#4314 = AXIS2_PLACEMENT_3D ( 'NONE', #1402, #2937, #3712 ) ;
#4315 = DIRECTION ( 'NONE',  ( -1.000000000000000000, 0.000000000000000000, -0.000000000000000000 ) ) ;
#4316 = FILL_AREA_STYLE_COLOUR ( '', #7004 ) ;
#4317 = ADVANCED_FACE ( 'NONE', ( #3325 ), #6059, .F. ) ;
#4318 = EDGE_LOOP ( 'NONE', ( #6130, #8987, #9975, #8088 ) ) ;
#4319 = CARTESIAN_POINT ( 'NONE',  ( -1.405000000000000027, -0.5000000000000011102, 4.299999999999999822 ) ) ;
#4320 = LINE ( 'NONE', #2200, #482 ) ;
#4321 = CARTESIAN_POINT ( 'NONE',  ( -2.975000000000000089, -0.07500000000000012212, -2.199999999999999734 ) ) ;
#4322 = LINE ( 'NONE', #8047, #6659 ) ;
#4323 = CARTESIAN_POINT ( 'NONE',  ( -0.2473536239070369958, -0.4015754374086801248, 0.2999999999999999334 ) ) ;
#4324 = CARTESIAN_POINT ( 'NONE',  ( 0.2002432975190013564, -0.4054747431577429562, 0.3010000000000000453 ) ) ;
#4325 = DIRECTION ( 'NONE',  ( 0.000000000000000000, 1.000000000000000000, 0.000000000000000000 ) ) ;
#4326 = CARTESIAN_POINT ( 'NONE',  ( -0.3242838918951862492, -0.1569561672196616020, 0.3000000000000000444 ) ) ;
#4327 = ORIENTED_EDGE ( 'NONE', *, *, #7634, .T. ) ;
#4328 = SURFACE_STYLE_USAGE ( .BOTH. , #9043 ) ;
#4329 = LINE ( 'NONE', #8844, #9012 ) ;
#4330 = COLOUR_RGB ( '',1.000000000000000000, 1.000000000000000000, 1.000000000000000000 ) ;
#4331 =( LENGTH_UNIT ( ) NAMED_UNIT ( * ) SI_UNIT ( .MILLI., .METRE. ) );
#4332 = SURFACE_STYLE_FILL_AREA ( #555 ) ;
#4333 = CARTESIAN_POINT ( 'NONE',  ( -4.445000000000000284, -0.07500000000000012212, -2.199999999999999734 ) ) ;
#4334 = PRESENTATION_STYLE_ASSIGNMENT (( #6683 ) ) ;
#4335 = CARTESIAN_POINT ( 'NONE',  ( 0.5293041858838503089, -0.1347905980048958452, 0.3009999999999999898 ) ) ;
#4336 =( GEOMETRIC_REPRESENTATION_CONTEXT ( 3 ) GLOBAL_UNCERTAINTY_ASSIGNED_CONTEXT ( ( #2446 ) ) GLOBAL_UNIT_ASSIGNED_CONTEXT ( ( #3856, #7767, #9401 ) ) REPRESENTATION_CONTEXT ( 'NONE', 'WORKASPACE' ) );
#4337 = DIRECTION ( 'NONE',  ( -1.000000000000000000, 1.016439536705160037E-16, 0.000000000000000000 ) ) ;
#4338 = LINE ( 'NONE', #680, #8528 ) ;
#4339 = ORIENTED_EDGE ( 'NONE', *, *, #2017, .F. ) ;
#4340 = EDGE_CURVE ( 'NONE', #4606, #2169, #880, .T. ) ;
#4341 = PLANE ( 'NONE',  #7507 ) ;
#4342 = LINE ( 'NONE', #239, #5954 ) ;
#4343 = DIRECTION ( 'NONE',  ( -1.000000000000000000, 0.000000000000000000, 0.000000000000000000 ) ) ;
#4344 = UNCERTAINTY_MEASURE_WITH_UNIT (LENGTH_MEASURE( 1.000000000000000082E-05 ), #8339, 'distance_accuracy_value', 'NONE');
#4345 =( NAMED_UNIT ( * ) SI_UNIT ( $, .STERADIAN. ) SOLID_ANGLE_UNIT ( ) );
#4346 = DIRECTION ( 'NONE',  ( 0.000000000000000000, 1.000000000000000000, 0.000000000000000000 ) ) ;
#4347 = CARTESIAN_POINT ( 'NONE',  ( -0.6414275214332227915, -0.4347905980048958341, 0.3009999999999999898 ) ) ;
#4348 = ORIENTED_EDGE ( 'NONE', *, *, #7231, .F. ) ;
#4349 = CARTESIAN_POINT ( 'NONE',  ( 1.904999999999998694, -0.07500000000000010825, -2.199999999999999734 ) ) ;
#4350 = FILL_AREA_STYLE_COLOUR ( '', #9955 ) ;
#4351 = DIRECTION ( 'NONE',  ( 1.000000000000000000, 0.000000000000000000, 0.000000000000000000 ) ) ;
#4352 = DIRECTION ( 'NONE',  ( -0.000000000000000000, -0.000000000000000000, 1.000000000000000000 ) ) ;
#4353 = CARTESIAN_POINT ( 'NONE',  ( -0.6110731007015154370, -0.3506442565414811807, 0.3009999999999999898 ) ) ;
#4354 = AXIS2_PLACEMENT_3D ( 'NONE', #7609, #5410, #3759 ) ;
#4355 = AXIS2_PLACEMENT_3D ( 'NONE', #10208, #2984, #10147 ) ;
#4356 = CARTESIAN_POINT ( 'NONE',  ( -0.3925272832602125228, -0.2755796421799420193, 0.3009999999999999898 ) ) ;
#4357 = DIRECTION ( 'NONE',  ( 1.000000000000000000, 0.000000000000000000, 0.000000000000000000 ) ) ;
#4358 = SURFACE_SIDE_STYLE ('',( #553 ) ) ;
#4359 = ORIENTED_EDGE ( 'NONE', *, *, #7136, .F. ) ;
#4360 = CARTESIAN_POINT ( 'NONE',  ( -1.505000000000001226, 0.4000000000000000222, 4.199999999999999289 ) ) ;
#4361 = COLOUR_RGB ( '',1.000000000000000000, 1.000000000000000000, 1.000000000000000000 ) ;
#4362 = VECTOR ( 'NONE', #5575, 1000.000000000000114 ) ;
#4363 = UNCERTAINTY_MEASURE_WITH_UNIT (LENGTH_MEASURE( 1.000000000000000082E-05 ), #2383, 'distance_accuracy_value', 'NONE');
#4364 = SURFACE_STYLE_USAGE ( .BOTH. , #9076 ) ;
#4365 = VECTOR ( 'NONE', #1094, 1000.000000000000000 ) ;
#4366 =( LENGTH_UNIT ( ) NAMED_UNIT ( * ) SI_UNIT ( .MILLI., .METRE. ) );
#4367 = CARTESIAN_POINT ( 'NONE',  ( -0.5280128872868813383, -0.1347905980048958452, 0.3009999999999999898 ) ) ;
#4368 = ADVANCED_FACE ( 'NONE', ( #1003 ), #490, .T. ) ;
#4369 = EDGE_CURVE ( 'NONE', #6696, #4996, #749, .T. ) ;
#4370 =( NAMED_UNIT ( * ) PLANE_ANGLE_UNIT ( ) SI_UNIT ( $, .RADIAN. ) );
#4371 = ORIENTED_EDGE ( 'NONE', *, *, #1701, .F. ) ;
#4372 = PRESENTATION_STYLE_ASSIGNMENT (( #2500 ) ) ;
#4373 = AXIS2_PLACEMENT_3D ( 'NONE', #8671, #4861, #1655 ) ;
#4374 = DIRECTION ( 'NONE',  ( 0.5773502691896258421, 0.5773502691896255090, -0.5773502691896258421 ) ) ;
#4375 = PRESENTATION_LAYER_ASSIGNMENT (  '', '', ( #1737 ) ) ;
#4376 = PRESENTATION_STYLE_ASSIGNMENT (( #2457 ) ) ;
#4377 =( NAMED_UNIT ( * ) PLANE_ANGLE_UNIT ( ) SI_UNIT ( $, .RADIAN. ) );
#4378 = ORIENTED_EDGE ( 'NONE', *, *, #7754, .T. ) ;
#4379 = DIRECTION ( 'NONE',  ( 0.000000000000000000, -1.000000000000000000, 0.000000000000000000 ) ) ;
#4380 = CARTESIAN_POINT ( 'NONE',  ( 0.6349999999999992317, -0.07500000000000010825, -2.199999999999999734 ) ) ;
#4381 = MECHANICAL_DESIGN_GEOMETRIC_PRESENTATION_REPRESENTATION (  '', ( #9196 ), #2664 ) ;
#4382 = CARTESIAN_POINT ( 'NONE',  ( -2.975000000000000089, -0.07500000000000012212, 0.2999999999999999889 ) ) ;
#4383 =( NAMED_UNIT ( * ) PLANE_ANGLE_UNIT ( ) SI_UNIT ( $, .RADIAN. ) );
#4384 = ORIENTED_EDGE ( 'NONE', *, *, #5154, .F. ) ;
#4385 = LINE ( 'NONE', #3611, #180 ) ;
#4386 = CARTESIAN_POINT ( 'NONE',  ( -0.3585439795194402812, -0.1846119106308493629, 0.3010000000000001008 ) ) ;
#4388 = ADVANCED_FACE ( 'NONE', ( #7032 ), #2172, .T. ) ;
#4387 = DIRECTION ( 'NONE',  ( -1.000000000000000000, -0.000000000000000000, -0.000000000000000000 ) ) ;
#4389 = DIRECTION ( 'NONE',  ( 0.000000000000000000, 1.000000000000000000, 0.000000000000000000 ) ) ;
#4390 =( GEOMETRIC_REPRESENTATION_CONTEXT ( 3 ) GLOBAL_UNCERTAINTY_ASSIGNED_CONTEXT ( ( #7855 ) ) GLOBAL_UNIT_ASSIGNED_CONTEXT ( ( #6450, #1058, #8004 ) ) REPRESENTATION_CONTEXT ( 'NONE', 'WORKASPACE' ) );
#4391 = CARTESIAN_POINT ( 'NONE',  ( -0.3522995963832012967, -0.2864899641146302356, 0.3009999999999999343 ) ) ;
#4392 = VERTEX_POINT ( 'NONE', #3685 ) ;
#4393 = EDGE_CURVE ( 'NONE', #3389, #8193, #119, .T. ) ;
#4395 = EDGE_LOOP ( 'NONE', ( #8422, #7473, #8785, #1714 ) ) ;
#4394 = COLOUR_RGB ( '',1.000000000000000000, 1.000000000000000000, 1.000000000000000000 ) ;
#4396 =( NAMED_UNIT ( * ) PLANE_ANGLE_UNIT ( ) SI_UNIT ( $, .RADIAN. ) );
#4397 = COLOUR_RGB ( '',0.5019607843137254832, 0.5019607843137254832, 0.5019607843137254832 ) ;
#4398 = CARTESIAN_POINT ( 'NONE',  ( 0.6349999999999992317, -0.07500000000000009437, -2.199999999999999734 ) ) ;
#4399 = ORIENTED_EDGE ( 'NONE', *, *, #4225, .F. ) ;
#4400 = FILL_AREA_STYLE ('',( #9128 ) ) ;
#4401 = UNCERTAINTY_MEASURE_WITH_UNIT (LENGTH_MEASURE( 1.000000000000000082E-05 ), #1740, 'distance_accuracy_value', 'NONE');
#4402 =( NAMED_UNIT ( * ) PLANE_ANGLE_UNIT ( ) SI_UNIT ( $, .RADIAN. ) );
#4403 = ORIENTED_EDGE ( 'NONE', *, *, #6067, .F. ) ;
#4404 = VERTEX_POINT ( 'NONE', #5445 ) ;
#4405 = EDGE_CURVE ( 'NONE', #4606, #5384, #9355, .T. ) ;
#4406 = MECHANICAL_DESIGN_GEOMETRIC_PRESENTATION_REPRESENTATION (  '', ( #8419 ), #8963 ) ;
#4407 = VERTEX_POINT ( 'NONE', #731 ) ;
#4408 = LINE ( 'NONE', #7713, #9980 ) ;
#4409 = ORIENTED_EDGE ( 'NONE', *, *, #318, .F. ) ;
#4410 = CARTESIAN_POINT ( 'NONE',  ( -0.8350000000000006306, -0.07500000000000009437, 0.2999999999999999889 ) ) ;
#4411 =( NAMED_UNIT ( * ) PLANE_ANGLE_UNIT ( ) SI_UNIT ( $, .RADIAN. ) );
#4412 = CARTESIAN_POINT ( 'NONE',  ( 0.2248028900658797513, -0.4381058487151240355, 0.3000000000000000444 ) ) ;
#4413 = DIRECTION ( 'NONE',  ( -1.000000000000000000, 0.000000000000000000, 0.000000000000000000 ) ) ;
#4414 = VECTOR ( 'NONE', #4772, 1000.000000000000000 ) ;
#4415 = FILL_AREA_STYLE ('',( #8176 ) ) ;
#4416 = PLANE ( 'NONE',  #7267 ) ;
#4417 = ORIENTED_EDGE ( 'NONE', *, *, #8824, .F. ) ;
#4418 = ORIENTED_EDGE ( 'NONE', *, *, #10036, .F. ) ;
#4419 = PRESENTATION_STYLE_ASSIGNMENT (( #9136 ) ) ;
#4420 = STYLED_ITEM ( 'NONE', ( #10160 ), #3653 ) ;
#4421 = CARTESIAN_POINT ( 'NONE',  ( 0.02808467368872833575, -0.2994247443463592395, 0.2999999999999999889 ) ) ;
#4422 = ADVANCED_FACE ( 'NONE', ( #8459 ), #5478, .F. ) ;
#4423 =( LENGTH_UNIT ( ) NAMED_UNIT ( * ) SI_UNIT ( .MILLI., .METRE. ) );
#4424 = ORIENTED_EDGE ( 'NONE', *, *, #4877, .F. ) ;
#4425 = COLOUR_RGB ( '',0.5019607843137254832, 0.5019607843137254832, 0.5019607843137254832 ) ;
#4426 = EDGE_CURVE ( 'NONE', #530, #2946, #2857, .T. ) ;
#4427 = CARTESIAN_POINT ( 'NONE',  ( 1.504999999999998561, -0.4000000000000000222, 4.199999999999999289 ) ) ;
#4428 = ORIENTED_EDGE ( 'NONE', *, *, #2781, .T. ) ;
#4429 = CARTESIAN_POINT ( 'NONE',  ( 0.1723637907839250805, -0.4029701047012048676, 0.3000000000000000999 ) ) ;
#4430 = DIRECTION ( 'NONE',  ( 0.000000000000000000, -1.000000000000000000, 0.000000000000000000 ) ) ;
#4431 = DIRECTION ( 'NONE',  ( 1.016439536705160037E-16, 1.000000000000000000, 0.000000000000000000 ) ) ;
#4432 = EDGE_CURVE ( 'NONE', #3793, #5904, #3920, .T. ) ;
#4433 = ORIENTED_EDGE ( 'NONE', *, *, #5604, .T. ) ;
#4434 = DIRECTION ( 'NONE',  ( 1.000000000000000000, 0.000000000000000000, 0.000000000000000000 ) ) ;
#4435 = VECTOR ( 'NONE', #3369, 1000.000000000000000 ) ;
#4436 = MECHANICAL_DESIGN_GEOMETRIC_PRESENTATION_REPRESENTATION (  '', ( #4097 ), #7280 ) ;
#4437 = STYLED_ITEM ( 'NONE', ( #3775 ), #8327 ) ;
#4438 = MECHANICAL_DESIGN_GEOMETRIC_PRESENTATION_REPRESENTATION (  '', ( #8156 ), #2510 ) ;
#4439 = FILL_AREA_STYLE ('',( #322 ) ) ;
#4440 = ORIENTED_EDGE ( 'NONE', *, *, #3808, .F. ) ;
#4441 = CARTESIAN_POINT ( 'NONE',  ( -0.09264703362834485201, -0.4347905980048958341, 0.2999999999999999889 ) ) ;
#4442 = ADVANCED_FACE ( 'NONE', ( #8601 ), #3041, .F. ) ;
#4443 = CARTESIAN_POINT ( 'NONE',  ( -0.2829841600898753140, -0.1746711753060409822, 0.3010000000000001563 ) ) ;
#4444 = VERTEX_POINT ( 'NONE', #10236 ) ;
#4445 = MECHANICAL_DESIGN_GEOMETRIC_PRESENTATION_REPRESENTATION (  '', ( #10146 ), #5522 ) ;
#4446 = CARTESIAN_POINT ( 'NONE',  ( -0.3676825620835854624, -0.3702002513604397693, 0.3009999999999999343 ) ) ;
#4447 =( LENGTH_UNIT ( ) NAMED_UNIT ( * ) SI_UNIT ( .MILLI., .METRE. ) );
#4448 = SURFACE_STYLE_USAGE ( .BOTH. , #10048 ) ;
#4449 = LINE ( 'NONE', #6721, #2091 ) ;
#4450 =( GEOMETRIC_REPRESENTATION_CONTEXT ( 3 ) GLOBAL_UNCERTAINTY_ASSIGNED_CONTEXT ( ( #4401 ) ) GLOBAL_UNIT_ASSIGNED_CONTEXT ( ( #1740, #6539, #5639 ) ) REPRESENTATION_CONTEXT ( 'NONE', 'WORKASPACE' ) );
#4451 = SURFACE_SIDE_STYLE ('',( #5297 ) ) ;
#4452 = CARTESIAN_POINT ( 'NONE',  ( -3.944999999999999840, -0.5000000000000011102, 4.299999999999999822 ) ) ;
#4453 = LINE ( 'NONE', #185, #4196 ) ;
#4454 = SURFACE_STYLE_USAGE ( .BOTH. , #9138 ) ;
#4455 = VECTOR ( 'NONE', #5498, 1000.000000000000000 ) ;
#4456 =( NAMED_UNIT ( * ) PLANE_ANGLE_UNIT ( ) SI_UNIT ( $, .RADIAN. ) );
#4457 = CARTESIAN_POINT ( 'NONE',  ( -0.09264703362834485201, -0.4018637687366031774, 0.3009999999999999898 ) ) ;
#4458 = ORIENTED_EDGE ( 'NONE', *, *, #8962, .T. ) ;
#4459 = FILL_AREA_STYLE ('',( #450 ) ) ;
#4460 = COLOUR_RGB ( '',1.000000000000000000, 1.000000000000000000, 1.000000000000000000 ) ;
#4461 = FILL_AREA_STYLE_COLOUR ( '', #4244 ) ;
#4462 = MECHANICAL_DESIGN_GEOMETRIC_PRESENTATION_REPRESENTATION (  '', ( #8877 ), #8119 ) ;
#4463 = CARTESIAN_POINT ( 'NONE',  ( -0.1511836189941984931, -0.1347905980048958452, 0.3009999999999999898 ) ) ;
#4464 = DIRECTION ( 'NONE',  ( 0.000000000000000000, 1.000000000000000000, 0.000000000000000000 ) ) ;
#4465 = FILL_AREA_STYLE ('',( #5984 ) ) ;
#4466 = FACE_OUTER_BOUND ( 'NONE', #5926, .T. ) ;
#4467 = DIRECTION ( 'NONE',  ( 0.5773502691896258421, 0.5773502691896255090, 0.5773502691896258421 ) ) ;
#4468 = ORIENTED_EDGE ( 'NONE', *, *, #9127, .T. ) ;
#4469 = SURFACE_SIDE_STYLE ('',( #9931 ) ) ;
#4470 = ORIENTED_EDGE ( 'NONE', *, *, #2544, .F. ) ;
#4471 = EDGE_CURVE ( 'NONE', #5780, #3425, #208, .T. ) ;
#4472 = ADVANCED_FACE ( 'NONE', ( #6996 ), #1481, .F. ) ;
#4473 = MECHANICAL_DESIGN_GEOMETRIC_PRESENTATION_REPRESENTATION (  '', ( #6711 ), #7752 ) ;
#4474 = B_SPLINE_SURFACE_WITH_KNOTS ( 'NONE', 3, 1, ( 
 ( #3636, #3887 ),
 ( #9333, #10260 ),
 ( #4611, #5430 ),
 ( #3782, #8641 ),
 ( #7054, #718 ),
 ( #8545, #3119 ),
 ( #6168, #4690 ),
 ( #10154, #4576 ),
 ( #679, #6204 ),
 ( #10121, #7690 ),
 ( #1557, #648 ) ),
 .UNSPECIFIED., .F., .F., .F.,
 ( 4, 1, 1, 1, 1, 1, 1, 1, 4 ),
 ( 2, 2 ),
 ( 0.000000000000000000, 0.1451868664724697833, 0.2834426109197299426, 0.4165243659288289657, 0.5431811235350828548, 0.6651530826377138883, 0.7813602063127152997, 0.8927566556418089494, 1.000000000000000000 ),
 ( 0.000000000000000000, 1.000000000000000000 ),
 .UNSPECIFIED. ) ;
#4475 = VECTOR ( 'NONE', #8481, 1000.000000000000000 ) ;
#4476 = EDGE_CURVE ( 'NONE', #3924, #2385, #8343, .T. ) ;
#4477 = DIRECTION ( 'NONE',  ( 1.000000000000000000, 0.000000000000000000, 0.000000000000000000 ) ) ;
#4478 = UNCERTAINTY_MEASURE_WITH_UNIT (LENGTH_MEASURE( 1.000000000000000082E-05 ), #1290, 'distance_accuracy_value', 'NONE');
#4479 = AXIS2_PLACEMENT_3D ( 'NONE', #1049, #4992, #238 ) ;
#4480 = MECHANICAL_DESIGN_GEOMETRIC_PRESENTATION_REPRESENTATION (  '', ( #3945 ), #10115 ) ;
#4481 = ORIENTED_EDGE ( 'NONE', *, *, #8689, .T. ) ;
#4482 = CARTESIAN_POINT ( 'NONE',  ( -2.975000000000000089, 0.07499999999999984457, 0.2999999999999999889 ) ) ;
#4483 = SURFACE_STYLE_FILL_AREA ( #9408 ) ;
#4484 = FILL_AREA_STYLE ('',( #2930 ) ) ;
#4485 = CARTESIAN_POINT ( 'NONE',  ( 0.3407459490621893017, -0.3506678666646942388, 0.3000000000000000444 ) ) ;
#4486 = FACE_OUTER_BOUND ( 'NONE', #2835, .T. ) ;
#4487 = CARTESIAN_POINT ( 'NONE',  ( -0.3506268412192895534, -0.2553927701498148739, 0.2999999999999998779 ) ) ;
#4488 = DIRECTION ( 'NONE',  ( 0.000000000000000000, -1.000000000000000000, 0.000000000000000000 ) ) ;
#4489 = EDGE_CURVE ( 'NONE', #213, #9104, #6632, .T. ) ;
#4490 = DIRECTION ( 'NONE',  ( -0.000000000000000000, -1.000000000000000000, -0.000000000000000000 ) ) ;
#4491 = PRESENTATION_STYLE_ASSIGNMENT (( #5377 ) ) ;
#4492 = EDGE_LOOP ( 'NONE', ( #4547, #3864, #2864, #4910 ) ) ;
#4493 = DIRECTION ( 'NONE',  ( 0.000000000000000000, 1.000000000000000000, 0.000000000000000000 ) ) ;
#4494 = UNCERTAINTY_MEASURE_WITH_UNIT (LENGTH_MEASURE( 1.000000000000000082E-05 ), #5303, 'distance_accuracy_value', 'NONE');
#4495 = LINE ( 'NONE', #1813, #6334 ) ;
#4496 = PRESENTATION_LAYER_ASSIGNMENT (  '', '', ( #9247 ) ) ;
#4497 = VECTOR ( 'NONE', #10134, 1000.000000000000000 ) ;
#4498 = STYLED_ITEM ( 'NONE', ( #3407 ), #7953 ) ;
#4499 = CARTESIAN_POINT ( 'NONE',  ( -2.305000000000001492, -0.4000000000000000222, 4.199999999999999289 ) ) ;
#4500 = CARTESIAN_POINT ( 'NONE',  ( 0.1939548579466332801, -0.1641067528667242981, 0.2999999999999999334 ) ) ;
#4501 = DIRECTION ( 'NONE',  ( -1.000000000000000000, 0.000000000000000000, 0.000000000000000000 ) ) ;
#4502 = DIRECTION ( 'NONE',  ( -0.000000000000000000, -0.000000000000000000, 1.000000000000000000 ) ) ;
#4503 = ORIENTED_EDGE ( 'NONE', *, *, #4676, .T. ) ;
#4504 = DIRECTION ( 'NONE',  ( 1.355252715606880296E-16, 1.000000000000000000, 0.000000000000000000 ) ) ;
#4505 = SURFACE_STYLE_FILL_AREA ( #3866 ) ;
#4506 = VECTOR ( 'NONE', #5155, 1000.000000000000000 ) ;
#4507 = DIRECTION ( 'NONE',  ( -0.000000000000000000, 1.000000000000000000, 0.000000000000000000 ) ) ;
#4508 = EDGE_CURVE ( 'NONE', #3065, #6124, #3055, .T. ) ;
#4509 = ORIENTED_EDGE ( 'NONE', *, *, #7878, .T. ) ;
#4510 = MECHANICAL_DESIGN_GEOMETRIC_PRESENTATION_REPRESENTATION (  '', ( #3976 ), #4646 ) ;
#4511 = ORIENTED_EDGE ( 'NONE', *, *, #1279, .F. ) ;
#4512 = CARTESIAN_POINT ( 'NONE',  ( 2.774999999999999023, -0.5000000000000011102, 4.299999999999999822 ) ) ;
#4513 = PRESENTATION_LAYER_ASSIGNMENT (  '', '', ( #8538 ) ) ;
#4514 = CARTESIAN_POINT ( 'NONE',  ( 0.1971204968594600648, -0.1640588906878226727, 0.3009999999999999898 ) ) ;
#4515 =( LENGTH_UNIT ( ) NAMED_UNIT ( * ) SI_UNIT ( .MILLI., .METRE. ) );
#4516 =( NAMED_UNIT ( * ) PLANE_ANGLE_UNIT ( ) SI_UNIT ( $, .RADIAN. ) );
#4517 = CARTESIAN_POINT ( 'NONE',  ( 0.3209364539422668861, -0.3874528608043563138, 0.3000000000000000444 ) ) ;
#4518 =( NAMED_UNIT ( * ) SI_UNIT ( $, .STERADIAN. ) SOLID_ANGLE_UNIT ( ) );
#4519 = CARTESIAN_POINT ( 'NONE',  ( -0.2604786860262924830, -0.1693131289549649754, 0.3000000000000000444 ) ) ;
#4520 = ORIENTED_EDGE ( 'NONE', *, *, #5447, .T. ) ;
#4521 = VECTOR ( 'NONE', #9634, 1000.000000000000000 ) ;
#4522 = DIRECTION ( 'NONE',  ( -0.000000000000000000, -1.000000000000000000, -0.000000000000000000 ) ) ;
#4523 =( NAMED_UNIT ( * ) SI_UNIT ( $, .STERADIAN. ) SOLID_ANGLE_UNIT ( ) );
#4524 = VERTEX_POINT ( 'NONE', #9453 ) ;
#4525 =( NAMED_UNIT ( * ) SI_UNIT ( $, .STERADIAN. ) SOLID_ANGLE_UNIT ( ) );
#4526 = PRESENTATION_STYLE_ASSIGNMENT (( #391 ) ) ;
#4527 = ORIENTED_EDGE ( 'NONE', *, *, #10058, .T. ) ;
#4528 = CARTESIAN_POINT ( 'NONE',  ( 0.02808467368872833575, -0.2994247443463592395, 0.3009999999999999898 ) ) ;
#4529 = VECTOR ( 'NONE', #4175, 1000.000000000000000 ) ;
#4530 = STYLED_ITEM ( 'NONE', ( #10093 ), #5212 ) ;
#4531 = ORIENTED_EDGE ( 'NONE', *, *, #3609, .T. ) ;
#4532 = UNCERTAINTY_MEASURE_WITH_UNIT (LENGTH_MEASURE( 1.000000000000000082E-05 ), #998, 'distance_accuracy_value', 'NONE');
#4533 = LINE ( 'NONE', #1120, #8196 ) ;
#4534 = EDGE_CURVE ( 'NONE', #5043, #8959, #8208, .T. ) ;
#4535 = ORIENTED_EDGE ( 'NONE', *, *, #4961, .F. ) ;
#4536 = FACE_OUTER_BOUND ( 'NONE', #3163, .T. ) ;
#4537 = CARTESIAN_POINT ( 'NONE',  ( -4.045000000000000817, 0.4000000000000000222, 1.300000000000000044 ) ) ;
#4538 = COLOUR_RGB ( '',1.000000000000000000, 1.000000000000000000, 1.000000000000000000 ) ;
#4539 = FILL_AREA_STYLE ('',( #2216 ) ) ;
#4540 = ORIENTED_EDGE ( 'NONE', *, *, #96, .F. ) ;
#4541 = PRESENTATION_STYLE_ASSIGNMENT (( #5418 ) ) ;
#4542 = ORIENTED_EDGE ( 'NONE', *, *, #9087, .F. ) ;
#4543 = LINE ( 'NONE', #9558, #1827 ) ;
#4544 = EDGE_LOOP ( 'NONE', ( #725, #7448, #2306, #1287 ) ) ;
#4545 = LINE ( 'NONE', #4512, #2577 ) ;
#4546 = LINE ( 'NONE', #8761, #3542 ) ;
#4547 = ORIENTED_EDGE ( 'NONE', *, *, #4206, .T. ) ;
#4548 =( NAMED_UNIT ( * ) PLANE_ANGLE_UNIT ( ) SI_UNIT ( $, .RADIAN. ) );
#4549 = DIRECTION ( 'NONE',  ( -0.000000000000000000, 1.000000000000000000, 0.000000000000000000 ) ) ;
#4550 = CARTESIAN_POINT ( 'NONE',  ( -0.3400706433952894736, -0.2217807515821046127, 0.3010000000000000453 ) ) ;
#4551 = PRESENTATION_LAYER_ASSIGNMENT (  '', '', ( #6139 ) ) ;
#4552 = FACE_OUTER_BOUND ( 'NONE', #9962, .T. ) ;
#4553 = PRESENTATION_STYLE_ASSIGNMENT (( #2109 ) ) ;
#4554 = ORIENTED_EDGE ( 'NONE', *, *, #3875, .F. ) ;
#4555 = CARTESIAN_POINT ( 'NONE',  ( 0.06832857612775269929, -0.1347905980048958452, 0.3009999999999999898 ) ) ;
#4556 = FACE_BOUND ( 'NONE', #8926, .T. ) ;
#4557 = CARTESIAN_POINT ( 'NONE',  ( 0.1783909163399616526, -0.1651737199795262068, 0.2999999999999999334 ) ) ;
#4558 = CARTESIAN_POINT ( 'NONE',  ( -5.715000000000001634, -0.07500000000000010825, -2.199999999999999734 ) ) ;
#4559 = EDGE_CURVE ( 'NONE', #6877, #10213, #4543, .T. ) ;
#4560 = VERTEX_POINT ( 'NONE', #6222 ) ;
#4561 = MECHANICAL_DESIGN_GEOMETRIC_PRESENTATION_REPRESENTATION (  '', ( #3490 ), #5111 ) ;
#4562 =( NAMED_UNIT ( * ) PLANE_ANGLE_UNIT ( ) SI_UNIT ( $, .RADIAN. ) );
#4563 = SURFACE_STYLE_FILL_AREA ( #7954 ) ;
#4564 = CARTESIAN_POINT ( 'NONE',  ( 0.1268651614936064098, -0.1832662077609934215, 0.3009999999999999898 ) ) ;
#4565 = CARTESIAN_POINT ( 'NONE',  ( -2.775000000000000355, 0.4000000000000000222, 1.300000000000000044 ) ) ;
#4566 = DIRECTION ( 'NONE',  ( 0.000000000000000000, -1.000000000000000000, 0.000000000000000000 ) ) ;
#4567 = DIRECTION ( 'NONE',  ( -0.000000000000000000, -0.000000000000000000, -1.000000000000000000 ) ) ;
#4568 = VECTOR ( 'NONE', #1943, 1000.000000000000000 ) ;
#4569 = SURFACE_STYLE_FILL_AREA ( #4122 ) ;
#4570 =( NAMED_UNIT ( * ) SI_UNIT ( $, .STERADIAN. ) SOLID_ANGLE_UNIT ( ) );
#4571 = PRESENTATION_LAYER_ASSIGNMENT (  '', '', ( #4050 ) ) ;
#4572 =( LENGTH_UNIT ( ) NAMED_UNIT ( * ) SI_UNIT ( .MILLI., .METRE. ) );
#4573 = SURFACE_STYLE_FILL_AREA ( #1532 ) ;
#4574 =( NAMED_UNIT ( * ) SI_UNIT ( $, .STERADIAN. ) SOLID_ANGLE_UNIT ( ) );
#4575 = VERTEX_POINT ( 'NONE', #4843 ) ;
#4576 = CARTESIAN_POINT ( 'NONE',  ( 0.1418238606590045137, -0.1377311980607633102, 0.2999999999999999334 ) ) ;
#4577 = VERTEX_POINT ( 'NONE', #4804 ) ;
#4578 = DIRECTION ( 'NONE',  ( 1.000000000000000000, 0.000000000000000000, 0.000000000000000000 ) ) ;
#4579 = FILL_AREA_STYLE ('',( #2093 ) ) ;
#4580 = LINE ( 'NONE', #4222, #2230 ) ;
#4581 = FILL_AREA_STYLE_COLOUR ( '', #3434 ) ;
#4582 = SURFACE_STYLE_FILL_AREA ( #5772 ) ;
#4583 = DIRECTION ( 'NONE',  ( -0.000000000000000000, -0.000000000000000000, 1.000000000000000000 ) ) ;
#4584 = SURFACE_STYLE_FILL_AREA ( #3778 ) ;
#4585 = CARTESIAN_POINT ( 'NONE',  ( 0.3476169927686597605, -0.2564872504687285004, 0.3000000000000000444 ) ) ;
#4586 = DIRECTION ( 'NONE',  ( 1.000000000000000000, -1.355252715606883008E-16, 0.000000000000000000 ) ) ;
#4587 = EDGE_CURVE ( 'NONE', #519, #3793, #8477, .T. ) ;
#4588 = FILL_AREA_STYLE ('',( #6219 ) ) ;
#4589 = VECTOR ( 'NONE', #4237, 1000.000000000000114 ) ;
#4590 =( NAMED_UNIT ( * ) PLANE_ANGLE_UNIT ( ) SI_UNIT ( $, .RADIAN. ) );
#4591 = ORIENTED_EDGE ( 'NONE', *, *, #3073, .F. ) ;
#4592 = CARTESIAN_POINT ( 'NONE',  ( -4.445000000000000284, 0.07499999999999987232, -2.399999999999999911 ) ) ;
#4593 = CARTESIAN_POINT ( 'NONE',  ( 0.1268651614936064098, -0.4192418175170909422, 0.2999999999999999889 ) ) ;
#4594 = VECTOR ( 'NONE', #3164, 1000.000000000000000 ) ;
#4595 = UNCERTAINTY_MEASURE_WITH_UNIT (LENGTH_MEASURE( 1.000000000000000082E-05 ), #7526, 'distance_accuracy_value', 'NONE');
#4596 = CARTESIAN_POINT ( 'NONE',  ( 0.3095458721228931953, -0.3009446401639437330, 0.3009999999999999898 ) ) ;
#4597 = CARTESIAN_POINT ( 'NONE',  ( 0.2319119389118499963, -0.1685185341866905218, 0.3010000000000000453 ) ) ;
#4598 = EDGE_CURVE ( 'NONE', #8615, #7219, #968, .T. ) ;
#4599 = LINE ( 'NONE', #7259, #144 ) ;
#4600 = MECHANICAL_DESIGN_GEOMETRIC_PRESENTATION_REPRESENTATION (  '', ( #2147 ), #7226 ) ;
#4601 = ORIENTED_EDGE ( 'NONE', *, *, #1517, .F. ) ;
#4602 = CARTESIAN_POINT ( 'NONE',  ( -0.3925272832602125228, -0.2755796421799420193, 0.2999999999999999889 ) ) ;
#4603 = EDGE_CURVE ( 'NONE', #155, #104, #9345, .T. ) ;
#4604 = CARTESIAN_POINT ( 'NONE',  ( 1.704999999999998961, -0.07500000000000009437, 0.2999999999999999889 ) ) ;
#4605 = FACE_OUTER_BOUND ( 'NONE', #6913, .T. ) ;
#4606 = VERTEX_POINT ( 'NONE', #4735 ) ;
#4607 = MECHANICAL_DESIGN_GEOMETRIC_PRESENTATION_REPRESENTATION (  '', ( #4083 ), #3944 ) ;
#4608 = DIRECTION ( 'NONE',  ( -0.000000000000000000, -1.000000000000000000, -0.000000000000000000 ) ) ;
#4609 = ORIENTED_EDGE ( 'NONE', *, *, #6018, .F. ) ;
#4610 =( NAMED_UNIT ( * ) SI_UNIT ( $, .STERADIAN. ) SOLID_ANGLE_UNIT ( ) );
#4611 = CARTESIAN_POINT ( 'NONE',  ( 0.1871658276227928519, -0.1312058777696166190, 0.3009999999999999343 ) ) ;
#4612 = CARTESIAN_POINT ( 'NONE',  ( -0.5520478145303516770, -0.1912155988884748914, 0.3009999999999999898 ) ) ;
#4613 = VECTOR ( 'NONE', #6489, 1000.000000000000000 ) ;
#4614 = UNCERTAINTY_MEASURE_WITH_UNIT (LENGTH_MEASURE( 1.000000000000000082E-05 ), #6454, 'distance_accuracy_value', 'NONE');
#4615 = CARTESIAN_POINT ( 'NONE',  ( 2.774999999999999023, 0.4000000000000000222, 4.199999999999999289 ) ) ;
#4616 =( LENGTH_UNIT ( ) NAMED_UNIT ( * ) SI_UNIT ( .MILLI., .METRE. ) );
#4617 = FACE_OUTER_BOUND ( 'NONE', #1822, .T. ) ;
#4618 = EDGE_CURVE ( 'NONE', #8300, #3059, #4919, .T. ) ;
#4619 = LINE ( 'NONE', #10188, #5981 ) ;
#4620 = PLANE ( 'NONE',  #5299 ) ;
#4621 = ADVANCED_FACE ( 'NONE', ( #709 ), #1705, .T. ) ;
#4622 = EDGE_CURVE ( 'NONE', #7591, #7924, #6746, .T. ) ;
#4623 = ORIENTED_EDGE ( 'NONE', *, *, #179, .F. ) ;
#4624 = CARTESIAN_POINT ( 'NONE',  ( 2.104999999999999094, 0.07499999999999984457, -2.199999999999999734 ) ) ;
#4625 = MECHANICAL_DESIGN_GEOMETRIC_PRESENTATION_REPRESENTATION (  '', ( #1984 ), #6528 ) ;
#4626 = VECTOR ( 'NONE', #4567, 1000.000000000000000 ) ;
#4627 =( GEOMETRIC_REPRESENTATION_CONTEXT ( 3 ) GLOBAL_UNCERTAINTY_ASSIGNED_CONTEXT ( ( #7983 ) ) GLOBAL_UNIT_ASSIGNED_CONTEXT ( ( #9526, #8525, #5610 ) ) REPRESENTATION_CONTEXT ( 'NONE', 'WORKASPACE' ) );
#4628 =( NAMED_UNIT ( * ) SI_UNIT ( $, .STERADIAN. ) SOLID_ANGLE_UNIT ( ) );
#4629 = SURFACE_SIDE_STYLE ('',( #6954 ) ) ;
#4630 = LINE ( 'NONE', #743, #2529 ) ;
#4631 = MECHANICAL_DESIGN_GEOMETRIC_PRESENTATION_REPRESENTATION (  '', ( #191 ), #6928 ) ;
#4632 = SURFACE_STYLE_FILL_AREA ( #1462 ) ;
#4633 = DIRECTION ( 'NONE',  ( 0.000000000000000000, -1.000000000000000000, 0.000000000000000000 ) ) ;
#4634 = DIRECTION ( 'NONE',  ( 0.000000000000000000, 0.000000000000000000, -1.000000000000000000 ) ) ;
#4635 = SURFACE_SIDE_STYLE ('',( #9686 ) ) ;
#4636 =( LENGTH_UNIT ( ) NAMED_UNIT ( * ) SI_UNIT ( .MILLI., .METRE. ) );
#4637 = VECTOR ( 'NONE', #5030, 1000.000000000000000 ) ;
#4638 = ORIENTED_EDGE ( 'NONE', *, *, #8925, .F. ) ;
#4639 = FILL_AREA_STYLE ('',( #7716 ) ) ;
#4640 = FACE_OUTER_BOUND ( 'NONE', #6858, .T. ) ;
#4641 = CARTESIAN_POINT ( 'NONE',  ( 0.2977926420137664287, -0.2259458659165182737, 0.3009999999999999898 ) ) ;
#4642 = ORIENTED_EDGE ( 'NONE', *, *, #7062, .F. ) ;
#4643 = B_SPLINE_SURFACE_WITH_KNOTS ( 'NONE', 3, 1, ( 
 ( #4042, #7847 ),
 ( #3200, #2456 ),
 ( #69, #3977 ),
 ( #8734, #1545 ),
 ( #5611, #8766 ),
 ( #3135, #1646 ),
 ( #9565, #3942 ),
 ( #5483, #737 ),
 ( #8663, #6257 ),
 ( #4740, #9493 ),
 ( #7038, #1617 ) ),
 .UNSPECIFIED., .F., .F., .F.,
 ( 4, 1, 1, 1, 1, 1, 1, 1, 4 ),
 ( 2, 2 ),
 ( 0.000000000000000000, 0.1252796967356261115, 0.2494199707420509948, 0.3733567994928191913, 0.4966812787822861841, 0.6202029157439823415, 0.7450863201614561504, 0.8712691950190973866, 1.000000000000000000 ),
 ( 0.000000000000000000, 1.000000000000000000 ),
 .UNSPECIFIED. ) ;
#4644 = ORIENTED_EDGE ( 'NONE', *, *, #9919, .F. ) ;
#4645 = CARTESIAN_POINT ( 'NONE',  ( 3.374999999999999556, -0.07500000000000012212, -2.199999999999999734 ) ) ;
#4646 =( GEOMETRIC_REPRESENTATION_CONTEXT ( 3 ) GLOBAL_UNCERTAINTY_ASSIGNED_CONTEXT ( ( #2785 ) ) GLOBAL_UNIT_ASSIGNED_CONTEXT ( ( #5210, #6832, #2081 ) ) REPRESENTATION_CONTEXT ( 'NONE', 'WORKASPACE' ) );
#4647 = CARTESIAN_POINT ( 'NONE',  ( 2.104999999999999094, -0.07500000000000012212, 0.2999999999999999889 ) ) ;
#4648 = ORIENTED_EDGE ( 'NONE', *, *, #2434, .F. ) ;
#4649 = ORIENTED_EDGE ( 'NONE', *, *, #363, .T. ) ;
#4650 = SURFACE_STYLE_FILL_AREA ( #4981 ) ;
#4651 = FILL_AREA_STYLE_COLOUR ( '', #3207 ) ;
#4652 = ORIENTED_EDGE ( 'NONE', *, *, #6312, .T. ) ;
#4653 = CARTESIAN_POINT ( 'NONE',  ( 0.1825668594184698124, -0.4044185704957131700, 0.2999999999999998779 ) ) ;
#4654 = SURFACE_SIDE_STYLE ('',( #4573 ) ) ;
#4655 = SURFACE_STYLE_FILL_AREA ( #8793 ) ;
#4656 = DIRECTION ( 'NONE',  ( -1.000000000000000000, 0.000000000000000000, -0.000000000000000000 ) ) ;
#4657 =( NAMED_UNIT ( * ) PLANE_ANGLE_UNIT ( ) SI_UNIT ( $, .RADIAN. ) );
#4658 = AXIS2_PLACEMENT_3D ( 'NONE', #8388, #6076, #1393 ) ;
#4659 = LINE ( 'NONE', #5393, #3651 ) ;
#4660 = SURFACE_SIDE_STYLE ('',( #8872 ) ) ;
#4661 = ORIENTED_EDGE ( 'NONE', *, *, #5660, .T. ) ;
#4662 = EDGE_LOOP ( 'NONE', ( #9896, #4012, #2924, #6478 ) ) ;
#4663 = UNCERTAINTY_MEASURE_WITH_UNIT (LENGTH_MEASURE( 1.000000000000000082E-05 ), #7577, 'distance_accuracy_value', 'NONE');
#4664 = DIRECTION ( 'NONE',  ( 0.000000000000000000, 0.000000000000000000, -1.000000000000000000 ) ) ;
#4665 = SURFACE_STYLE_USAGE ( .BOTH. , #4629 ) ;
#4666 = VERTEX_POINT ( 'NONE', #6347 ) ;
#4667 = LINE ( 'NONE', #5837, #4046 ) ;
#4668 = DIRECTION ( 'NONE',  ( -0.000000000000000000, 0.000000000000000000, 1.000000000000000000 ) ) ;
#4669 = SURFACE_STYLE_USAGE ( .BOTH. , #2340 ) ;
#4670 = FACE_OUTER_BOUND ( 'NONE', #1950, .T. ) ;
#4671 = CARTESIAN_POINT ( 'NONE',  ( 2.974999999999999201, -0.07500000000000009437, 0.2999999999999999889 ) ) ;
#4672 = EDGE_CURVE ( 'NONE', #5839, #8067, #6134, .T. ) ;
#4673 = PRESENTATION_LAYER_ASSIGNMENT (  '', '', ( #7482 ) ) ;
#4674 = EDGE_LOOP ( 'NONE', ( #2057, #917, #9480, #2561 ) ) ;
#4675 = CARTESIAN_POINT ( 'NONE',  ( 0.1539626200200891193, -0.4311192570133932089, 0.2999999999999999889 ) ) ;
#4676 = EDGE_CURVE ( 'NONE', #4560, #5839, #2932, .T. ) ;
#4677 = FILL_AREA_STYLE ('',( #3011 ) ) ;
#4678 = CARTESIAN_POINT ( 'NONE',  ( 0.2091572776438672676, -0.1643177035113760065, 0.3009999999999999898 ) ) ;
#4679 = VERTEX_POINT ( 'NONE', #873 ) ;
#4680 = ORIENTED_EDGE ( 'NONE', *, *, #8559, .F. ) ;
#4681 = ADVANCED_FACE ( 'NONE', ( #4783 ), #2450, .F. ) ;
#4682 = PRESENTATION_LAYER_ASSIGNMENT (  '', '', ( #5841 ) ) ;
#4683 = COLOUR_RGB ( '',0.5019607843137254832, 0.5019607843137254832, 0.5019607843137254832 ) ;
#4684 = ORIENTED_EDGE ( 'NONE', *, *, #2434, .T. ) ;
#4685 = FACE_BOUND ( 'NONE', #2475, .T. ) ;
#4686 = SURFACE_SIDE_STYLE ('',( #255 ) ) ;
#4687 = COLOUR_RGB ( '',1.000000000000000000, 1.000000000000000000, 1.000000000000000000 ) ;
#4688 = DIRECTION ( 'NONE',  ( -1.000000000000000000, 0.000000000000000000, 0.000000000000000000 ) ) ;
#4689 = ADVANCED_FACE ( 'NONE', ( #8467 ), #3784, .T. ) ;
#4690 = CARTESIAN_POINT ( 'NONE',  ( 0.1499593947473567834, -0.1356379245031441583, 0.2999999999999999889 ) ) ;
#4691 = CARTESIAN_POINT ( 'NONE',  ( -0.3119694418486022580, -0.1895314762674392972, 0.3000000000000000444 ) ) ;
#4692 = CARTESIAN_POINT ( 'NONE',  ( -0.09264703362834485201, -0.4018637687366031774, 0.2999999999999999889 ) ) ;
#4693 = EDGE_LOOP ( 'NONE', ( #970, #2635, #5206, #6311, #4623 ) ) ;
#4694 =( NAMED_UNIT ( * ) SI_UNIT ( $, .STERADIAN. ) SOLID_ANGLE_UNIT ( ) );
#4695 = AXIS2_PLACEMENT_3D ( 'NONE', #8245, #4346, #9872 ) ;
#4696 = STYLED_ITEM ( 'NONE', ( #5763 ), #8159 ) ;
#4697 = DIRECTION ( 'NONE',  ( 0.000000000000000000, 1.000000000000000000, 0.000000000000000000 ) ) ;
#4698 = ORIENTED_EDGE ( 'NONE', *, *, #4130, .F. ) ;
#4699 = DIRECTION ( 'NONE',  ( 1.016439536705160037E-16, 1.000000000000000000, 0.000000000000000000 ) ) ;
#4700 =( NAMED_UNIT ( * ) PLANE_ANGLE_UNIT ( ) SI_UNIT ( $, .RADIAN. ) );
#4701 = LINE ( 'NONE', #8676, #9258 ) ;
#4702 = FILL_AREA_STYLE_COLOUR ( '', #7233 ) ;
#4703 = PRESENTATION_STYLE_ASSIGNMENT (( #5159 ) ) ;
#4704 = EDGE_CURVE ( 'NONE', #2201, #9348, #7222, .T. ) ;
#4705 = FACE_OUTER_BOUND ( 'NONE', #3068, .T. ) ;
#4706 = CARTESIAN_POINT ( 'NONE',  ( 0.1444199401432136876, -0.4277879044303056766, 0.3010000000000000453 ) ) ;
#4707 = AXIS2_PLACEMENT_3D ( 'NONE', #5806, #135, #5675 ) ;
#4708 =( NAMED_UNIT ( * ) PLANE_ANGLE_UNIT ( ) SI_UNIT ( $, .RADIAN. ) );
#4709 = PRESENTATION_LAYER_ASSIGNMENT (  '', '', ( #8735 ) ) ;
#4710 = CARTESIAN_POINT ( 'NONE',  ( 0.3058820228629207660, -0.3252699600941914571, 0.3009999999999999343 ) ) ;
#4711 = CARTESIAN_POINT ( 'NONE',  ( -6.465000000000000746, 0.9000000000000002442, 4.299999999999999822 ) ) ;
#4712 = LINE ( 'NONE', #5084, #5598 ) ;
#4713 = COLOUR_RGB ( '',1.000000000000000000, 1.000000000000000000, 1.000000000000000000 ) ;
#4714 = CARTESIAN_POINT ( 'NONE',  ( -0.1914275214332228636, -0.1677174272731885296, 0.3009999999999999898 ) ) ;
#4715 = ORIENTED_EDGE ( 'NONE', *, *, #9221, .T. ) ;
#4716 = CARTESIAN_POINT ( 'NONE',  ( 0.3209364539422668861, -0.3874528608043563138, 0.3010000000000000453 ) ) ;
#4717 = ORIENTED_EDGE ( 'NONE', *, *, #9105, .T. ) ;
#4718 = FILL_AREA_STYLE ('',( #4651 ) ) ;
#4719 = CARTESIAN_POINT ( 'NONE',  ( 0.2290930808300303267, -0.1336198203544676222, 0.3009999999999999343 ) ) ;
#4720 = UNCERTAINTY_MEASURE_WITH_UNIT (LENGTH_MEASURE( 1.000000000000000082E-05 ), #10153, 'distance_accuracy_value', 'NONE');
#4721 = FILL_AREA_STYLE ('',( #9505 ) ) ;
#4722 = CARTESIAN_POINT ( 'NONE',  ( -0.5482078595022333856, -0.1736821760498524492, 0.2999999999999999334 ) ) ;
#4723 = CARTESIAN_POINT ( 'NONE',  ( -3.375000000000000444, 0.07499999999999990008, -5.227200187265875542 ) ) ;
#4724 = FILL_AREA_STYLE_COLOUR ( '', #1975 ) ;
#4725 = LINE ( 'NONE', #5832, #2623 ) ;
#4726 = ORIENTED_EDGE ( 'NONE', *, *, #3534, .T. ) ;
#4727 = PRESENTATION_LAYER_ASSIGNMENT (  '', '', ( #3124 ) ) ;
#4728 = COLOUR_RGB ( '',1.000000000000000000, 1.000000000000000000, 1.000000000000000000 ) ;
#4729 = COLOUR_RGB ( '',1.000000000000000000, 1.000000000000000000, 1.000000000000000000 ) ;
#4730 = CARTESIAN_POINT ( 'NONE',  ( 0.2537555116595443527, -0.4330055285684181188, 0.3010000000000001008 ) ) ;
#4731 = EDGE_CURVE ( 'NONE', #4033, #2353, #9723, .T. ) ;
#4732 = UNCERTAINTY_MEASURE_WITH_UNIT (LENGTH_MEASURE( 1.000000000000000082E-05 ), #3406, 'distance_accuracy_value', 'NONE');
#4733 = FILL_AREA_STYLE_COLOUR ( '', #8166 ) ;
#4734 = DIRECTION ( 'NONE',  ( -0.000000000000000000, -0.000000000000000000, -1.000000000000000000 ) ) ;
#4735 = CARTESIAN_POINT ( 'NONE',  ( -0.1511836189941984931, -0.4347905980048958341, 0.3009999999999999898 ) ) ;
#4736 = SURFACE_STYLE_FILL_AREA ( #6893 ) ;
#4737 = ORIENTED_EDGE ( 'NONE', *, *, #4587, .F. ) ;
#4738 = DIRECTION ( 'NONE',  ( 0.000000000000000000, 0.000000000000000000, -1.000000000000000000 ) ) ;
#4739 = LINE ( 'NONE', #3381, #787 ) ;
#4740 = CARTESIAN_POINT ( 'NONE',  ( 0.1939548579466332801, -0.1641067528667242981, 0.3009999999999999343 ) ) ;
#4741 = FACE_OUTER_BOUND ( 'NONE', #7963, .T. ) ;
#4742 = LINE ( 'NONE', #762, #7181 ) ;
#4743 = EDGE_CURVE ( 'NONE', #2588, #9758, #4533, .T. ) ;
#4744 = PRESENTATION_LAYER_ASSIGNMENT (  '', '', ( #9295 ) ) ;
#4745 = DIRECTION ( 'NONE',  ( -0.000000000000000000, -0.000000000000000000, 1.000000000000000000 ) ) ;
#4746 = ORIENTED_EDGE ( 'NONE', *, *, #9087, .T. ) ;
#4747 = DIRECTION ( 'NONE',  ( 0.000000000000000000, 0.000000000000000000, -1.000000000000000000 ) ) ;
#4748 = VECTOR ( 'NONE', #5597, 1000.000000000000000 ) ;
#4749 = CARTESIAN_POINT ( 'NONE',  ( 0.2670226505307328746, -0.4285238062748377152, 0.3009999999999999898 ) ) ;
#4750 = COLOUR_RGB ( '',0.5019607843137254832, 0.5019607843137254832, 0.5019607843137254832 ) ;
#4751 = MECHANICAL_DESIGN_GEOMETRIC_PRESENTATION_REPRESENTATION (  '', ( #5811 ), #3825 ) ;
#4752 = LINE ( 'NONE', #3781, #6586 ) ;
#4753 =( GEOMETRIC_REPRESENTATION_CONTEXT ( 3 ) GLOBAL_UNCERTAINTY_ASSIGNED_CONTEXT ( ( #9721 ) ) GLOBAL_UNIT_ASSIGNED_CONTEXT ( ( #10193, #722, #10265 ) ) REPRESENTATION_CONTEXT ( 'NONE', 'WORKASPACE' ) );
#4754 = CARTESIAN_POINT ( 'NONE',  ( 0.3500358932009234314, -0.2904498967853836322, 0.3000000000000000999 ) ) ;
#4755 = PLANE ( 'NONE',  #125 ) ;
#4756 = FILL_AREA_STYLE ('',( #2502 ) ) ;
#4757 = FILL_AREA_STYLE ('',( #8677 ) ) ;
#4758 = ORIENTED_EDGE ( 'NONE', *, *, #10064, .T. ) ;
#4759 = EDGE_CURVE ( 'NONE', #3539, #3083, #3523, .T. ) ;
#4760 = SURFACE_STYLE_USAGE ( .BOTH. , #5537 ) ;
#4761 = VECTOR ( 'NONE', #9069, 1000.000000000000000 ) ;
#4762 = EDGE_CURVE ( 'NONE', #5644, #8300, #4909, .T. ) ;
#4763 = CARTESIAN_POINT ( 'NONE',  ( 0.000000000000000000, 0.000000000000000000, 0.000000000000000000 ) ) ;
#4764 = EDGE_LOOP ( 'NONE', ( #4348, #8674, #7706, #544 ) ) ;
#4765 = MECHANICAL_DESIGN_GEOMETRIC_PRESENTATION_REPRESENTATION (  '', ( #7580 ), #8090 ) ;
#4766 = SURFACE_STYLE_USAGE ( .BOTH. , #6247 ) ;
#4768 = VERTEX_POINT ( 'NONE', #4174 ) ;
#4767 = SURFACE_STYLE_FILL_AREA ( #7611 ) ;
#4769 = AXIS2_PLACEMENT_3D ( 'NONE', #9432, #7084, #13 ) ;
#4770 = PLANE ( 'NONE',  #1593 ) ;
#4771 = VECTOR ( 'NONE', #8142, 1000.000000000000000 ) ;
#4772 = DIRECTION ( 'NONE',  ( -0.000000000000000000, -1.000000000000000000, 0.000000000000000000 ) ) ;
#4773 = CIRCLE ( 'NONE', #6904, 0.2000000000000000944 ) ;
#4774 = CARTESIAN_POINT ( 'NONE',  ( 1.904999999999998694, 0.07499999999999987232, -2.199999999999999734 ) ) ;
#4775 = CARTESIAN_POINT ( 'NONE',  ( -3.375000000000000444, -0.07500000000000009437, 0.2999999999999999889 ) ) ;
#4776 = ORIENTED_EDGE ( 'NONE', *, *, #6774, .F. ) ;
#4777 = FILL_AREA_STYLE_COLOUR ( '', #1884 ) ;
#4778 = ORIENTED_EDGE ( 'NONE', *, *, #6321, .T. ) ;
#4779 = VERTEX_POINT ( 'NONE', #7262 ) ;
#4780 = PRESENTATION_LAYER_ASSIGNMENT (  '', '', ( #4245 ) ) ;
#4781 = FILL_AREA_STYLE_COLOUR ( '', #6750 ) ;
#4782 = MECHANICAL_DESIGN_GEOMETRIC_PRESENTATION_REPRESENTATION (  '', ( #9944 ), #747 ) ;
#4783 = FACE_OUTER_BOUND ( 'NONE', #4395, .T. ) ;
#4784 = CARTESIAN_POINT ( 'NONE',  ( 0.2912081584527922984, -0.4158605038466192116, 0.3009999999999999343 ) ) ;
#4785 = VERTEX_POINT ( 'NONE', #8024 ) ;
#4786 = COLOUR_RGB ( '',0.5019607843137254832, 0.5019607843137254832, 0.5019607843137254832 ) ;
#4787 = VECTOR ( 'NONE', #2892, 1000.000000000000000 ) ;
#4788 = CARTESIAN_POINT ( 'NONE',  ( 0.2960532993198346507, -0.1645136980923813941, 0.3000000000000000999 ) ) ;
#4789 = VERTEX_POINT ( 'NONE', #232 ) ;
#4790 = ADVANCED_FACE ( 'NONE', ( #8723 ), #4944, .T. ) ;
#4791 = PRESENTATION_LAYER_ASSIGNMENT (  '', '', ( #892 ) ) ;
#4792 = EDGE_LOOP ( 'NONE', ( #4921, #2655, #6630, #8328 ) ) ;
#4793 = PLANE ( 'NONE',  #7675 ) ;
#4794 = UNCERTAINTY_MEASURE_WITH_UNIT (LENGTH_MEASURE( 1.000000000000000082E-05 ), #5323, 'distance_accuracy_value', 'NONE');
#4795 = EDGE_CURVE ( 'NONE', #1526, #4176, #8603, .T. ) ;
#4796 = DIRECTION ( 'NONE',  ( 0.000000000000000000, -1.000000000000000000, 0.000000000000000000 ) ) ;
#4797 = EDGE_LOOP ( 'NONE', ( #8458, #1728, #5773, #3215 ) ) ;
#4798 = VERTEX_POINT ( 'NONE', #4140 ) ;
#4799 = SURFACE_SIDE_STYLE ('',( #4987 ) ) ;
#4800 = B_SPLINE_CURVE_WITH_KNOTS ( 'NONE', 3,
 ( #7122, #7088, #8610, #3091, #3888, #2395, #3150, #3958, #6332, #7890, #4691, #5499, #754, #1558, #7055, #5534, #2329, #9437, #786 ),
 .UNSPECIFIED., .F., .F.,
 ( 4, 1, 1, 1, 1, 1, 1, 1, 1, 1, 1, 1, 1, 1, 1, 1, 4 ),
 ( 0.000000000000000000, 0.07430379644281602525, 0.1443936103644178348, 0.2104994961032798373, 0.2735426065034681775, 0.3338247445790735735, 0.3925296724085028388, 0.4500874545995854348, 0.5078206115557880596, 0.5654649127768465178, 0.6231487223336197312, 0.6812971927909353687, 0.7409134981565806966, 0.8018557521958579182, 0.8652412377209434124, 0.9309416570467443641, 1.000000000000000000 ),
 .UNSPECIFIED. ) ;
#4801 =( LENGTH_UNIT ( ) NAMED_UNIT ( * ) SI_UNIT ( .MILLI., .METRE. ) );
#4802 = PLANE ( 'NONE',  #9973 ) ;
#4803 = CARTESIAN_POINT ( 'NONE',  ( 2.304999999999998828, 0.4000000000000000222, 1.300000000000000044 ) ) ;
#4804 = CARTESIAN_POINT ( 'NONE',  ( 2.774999999999999023, 0.4000000000000000222, 4.199999999999999289 ) ) ;
#4805 = ORIENTED_EDGE ( 'NONE', *, *, #9346, .F. ) ;
#4806 = EDGE_CURVE ( 'NONE', #7169, #8602, #9855, .T. ) ;
#4807 = PRESENTATION_LAYER_ASSIGNMENT (  '', '', ( #1317 ) ) ;
#4808 = SURFACE_SIDE_STYLE ('',( #9360 ) ) ;
#4809 = VECTOR ( 'NONE', #4467, 1000.000000000000114 ) ;
#4810 =( LENGTH_UNIT ( ) NAMED_UNIT ( * ) SI_UNIT ( .MILLI., .METRE. ) );
#4811 = ORIENTED_EDGE ( 'NONE', *, *, #4194, .T. ) ;
#4812 = EDGE_CURVE ( 'NONE', #9998, #6017, #4667, .T. ) ;
#4813 = FILL_AREA_STYLE ('',( #8626 ) ) ;
#4814 = FACE_OUTER_BOUND ( 'NONE', #5139, .T. ) ;
#4815 = DIRECTION ( 'NONE',  ( 1.000000000000000000, -1.355252715606880296E-16, 0.000000000000000000 ) ) ;
#4816 =( GEOMETRIC_REPRESENTATION_CONTEXT ( 3 ) GLOBAL_UNCERTAINTY_ASSIGNED_CONTEXT ( ( #8096 ) ) GLOBAL_UNIT_ASSIGNED_CONTEXT ( ( #3458, #4657, #7125 ) ) REPRESENTATION_CONTEXT ( 'NONE', 'WORKASPACE' ) );
#4817 = AXIS2_PLACEMENT_3D ( 'NONE', #3103, #4738, #8590 ) ;
#4818 = VERTEX_POINT ( 'NONE', #6469 ) ;
#4819 = CARTESIAN_POINT ( 'NONE',  ( -0.5682567897259058753, -0.1347905980048958452, 0.3009999999999999898 ) ) ;
#4820 = CIRCLE ( 'NONE', #6720, 0.2000000000000000944 ) ;
#4821 =( NAMED_UNIT ( * ) PLANE_ANGLE_UNIT ( ) SI_UNIT ( $, .RADIAN. ) );
#4822 = EDGE_CURVE ( 'NONE', #4577, #3495, #3290, .T. ) ;
#4823 = SURFACE_SIDE_STYLE ('',( #4569 ) ) ;
#4824 = CARTESIAN_POINT ( 'NONE',  ( -0.5424716498316771718, -0.1910451858223793931, 0.2999999999999999334 ) ) ;
#4825 = CARTESIAN_POINT ( 'NONE',  ( 0.1341217517586880403, -0.1400766953463642162, 0.3000000000000000444 ) ) ;
#4826 = FILL_AREA_STYLE_COLOUR ( '', #1626 ) ;
#4827 = CARTESIAN_POINT ( 'NONE',  ( 3.574999999999999289, 0.4000000000000000222, 4.199999999999999289 ) ) ;
#4828 = COLOUR_RGB ( '',1.000000000000000000, 1.000000000000000000, 1.000000000000000000 ) ;
#4829 =( GEOMETRIC_REPRESENTATION_CONTEXT ( 3 ) GLOBAL_UNCERTAINTY_ASSIGNED_CONTEXT ( ( #621 ) ) GLOBAL_UNIT_ASSIGNED_CONTEXT ( ( #6467, #3999, #9521 ) ) REPRESENTATION_CONTEXT ( 'NONE', 'WORKASPACE' ) );
#4830 =( GEOMETRIC_REPRESENTATION_CONTEXT ( 3 ) GLOBAL_UNCERTAINTY_ASSIGNED_CONTEXT ( ( #8634 ) ) GLOBAL_UNIT_ASSIGNED_CONTEXT ( ( #4831, #6432, #1730 ) ) REPRESENTATION_CONTEXT ( 'NONE', 'WORKASPACE' ) );
#4831 =( LENGTH_UNIT ( ) NAMED_UNIT ( * ) SI_UNIT ( .MILLI., .METRE. ) );
#4832 = PRESENTATION_LAYER_ASSIGNMENT (  '', '', ( #191 ) ) ;
#4833 = VECTOR ( 'NONE', #9005, 1000.000000000000000 ) ;
#4834 = CARTESIAN_POINT ( 'NONE',  ( -3.575000000000001066, 0.4000000000000000222, 1.300000000000000044 ) ) ;
#4835 = LINE ( 'NONE', #887, #10031 ) ;
#4836 = CARTESIAN_POINT ( 'NONE',  ( -0.2340151738722471841, -0.4018637687366031774, 0.3000000000000000999 ) ) ;
#4837 = VERTEX_POINT ( 'NONE', #6575 ) ;
#4838 = VERTEX_POINT ( 'NONE', #1909 ) ;
#4839 = ORIENTED_EDGE ( 'NONE', *, *, #5866, .F. ) ;
#4840 = DIRECTION ( 'NONE',  ( -1.000000000000000000, 0.000000000000000000, 0.000000000000000000 ) ) ;
#4841 =( NAMED_UNIT ( * ) SI_UNIT ( $, .STERADIAN. ) SOLID_ANGLE_UNIT ( ) );
#4842 = DIRECTION ( 'NONE',  ( -0.000000000000000000, 0.000000000000000000, 1.000000000000000000 ) ) ;
#4843 = CARTESIAN_POINT ( 'NONE',  ( 1.504999999999998561, -0.4000000000000000222, 1.300000000000000044 ) ) ;
#4844 = CARTESIAN_POINT ( 'NONE',  ( -5.315000000000001279, 0.5000000000000011102, 4.299999999999999822 ) ) ;
#4845 = FACE_OUTER_BOUND ( 'NONE', #87, .T. ) ;
#4846 = CARTESIAN_POINT ( 'NONE',  ( 1.704999999999998961, 0.07499999999999990008, 0.2999999999999999889 ) ) ;
#4847 = LINE ( 'NONE', #8687, #2235 ) ;
#4848 = ADVANCED_FACE ( 'NONE', ( #10234 ), #8823, .F. ) ;
#4849 = FACE_OUTER_BOUND ( 'NONE', #10043, .T. ) ;
#4850 = CARTESIAN_POINT ( 'NONE',  ( -0.5524221860673690365, -0.1924125492244080915, 0.2999999999999999889 ) ) ;
#4851 = ORIENTED_EDGE ( 'NONE', *, *, #8491, .T. ) ;
#4852 = MECHANICAL_DESIGN_GEOMETRIC_PRESENTATION_REPRESENTATION (  '', ( #3571 ), #9263 ) ;
#4853 = COLOUR_RGB ( '',1.000000000000000000, 1.000000000000000000, 1.000000000000000000 ) ;
#4854 = ORIENTED_EDGE ( 'NONE', *, *, #3666, .F. ) ;
#4855 = FILL_AREA_STYLE_COLOUR ( '', #35 ) ;
#4856 = VECTOR ( 'NONE', #9289, 1000.000000000000000 ) ;
#4857 = SURFACE_SIDE_STYLE ('',( #3911 ) ) ;
#4858 = UNCERTAINTY_MEASURE_WITH_UNIT (LENGTH_MEASURE( 1.000000000000000082E-05 ), #4069, 'distance_accuracy_value', 'NONE');
#4859 = FACE_OUTER_BOUND ( 'NONE', #9822, .T. ) ;
#4860 = COLOUR_RGB ( '',1.000000000000000000, 1.000000000000000000, 1.000000000000000000 ) ;
#4861 = DIRECTION ( 'NONE',  ( -0.000000000000000000, 0.000000000000000000, 1.000000000000000000 ) ) ;
#4862 = STYLED_ITEM ( 'NONE', ( #2266 ), #380 ) ;
#4863 = PRESENTATION_STYLE_ASSIGNMENT (( #976 ) ) ;
#4864 = DIRECTION ( 'NONE',  ( 1.000000000000000000, 0.000000000000000000, 0.000000000000000000 ) ) ;
#4865 = SURFACE_SIDE_STYLE ('',( #5217 ) ) ;
#4866 = VERTEX_POINT ( 'NONE', #6005 ) ;
#4867 = SURFACE_SIDE_STYLE ('',( #8164 ) ) ;
#4868 =( LENGTH_UNIT ( ) NAMED_UNIT ( * ) SI_UNIT ( .MILLI., .METRE. ) );
#4869 = LINE ( 'NONE', #4367, #2013 ) ;
#4870 = LINE ( 'NONE', #3031, #2503 ) ;
#4871 = VECTOR ( 'NONE', #5029, 1000.000000000000000 ) ;
#4872 = FACE_OUTER_BOUND ( 'NONE', #3981, .T. ) ;
#4873 = CARTESIAN_POINT ( 'NONE',  ( -0.6853299604576130744, -0.4347905980048958341, 0.3009999999999999898 ) ) ;
#4874 = ORIENTED_EDGE ( 'NONE', *, *, #7159, .T. ) ;
#4875 = FILL_AREA_STYLE_COLOUR ( '', #7282 ) ;
#4876 = LINE ( 'NONE', #9541, #2514 ) ;
#4877 = EDGE_CURVE ( 'NONE', #2996, #354, #6999, .T. ) ;
#4878 = CARTESIAN_POINT ( 'NONE',  ( -6.115000000000001101, -0.4000000000000000222, 4.199999999999999289 ) ) ;
#4879 = FACE_OUTER_BOUND ( 'NONE', #3140, .T. ) ;
#4880 = DIRECTION ( 'NONE',  ( -0.3393303772748776370, -0.9406672605435404400, 0.000000000000000000 ) ) ;
#4881 = CARTESIAN_POINT ( 'NONE',  ( -0.1914275214332228636, -0.1677174272731885296, 0.3009999999999999898 ) ) ;
#4882 = CARTESIAN_POINT ( 'NONE',  ( -0.4585006921649301126, -0.4347905980048958341, 0.2999999999999999889 ) ) ;
#4883 = ORIENTED_EDGE ( 'NONE', *, *, #1569, .T. ) ;
#4884 = DIRECTION ( 'NONE',  ( 0.000000000000000000, -0.000000000000000000, 1.000000000000000000 ) ) ;
#4885 = CARTESIAN_POINT ( 'NONE',  ( 4.445000000000000284, 0.000000000000000000, -2.399999999999999911 ) ) ;
#4886 = STYLED_ITEM ( 'NONE', ( #3870 ), #5879 ) ;
#4887 = CARTESIAN_POINT ( 'NONE',  ( -0.07801288728688136886, -0.2994247443463592395, 0.3009999999999999898 ) ) ;
#4888 = CARTESIAN_POINT ( 'NONE',  ( -6.465000000000000746, 0.9000000000000002442, 0.000000000000000000 ) ) ;
#4889 = LINE ( 'NONE', #3551, #3244 ) ;
#4890 = ORIENTED_EDGE ( 'NONE', *, *, #526, .F. ) ;
#4891 = CARTESIAN_POINT ( 'NONE',  ( 0.2704768629642097522, -0.1896137563799143999, 0.3000000000000000999 ) ) ;
#4892 = PRESENTATION_LAYER_ASSIGNMENT (  '', '', ( #7885 ) ) ;
#4893 = MECHANICAL_DESIGN_GEOMETRIC_PRESENTATION_REPRESENTATION (  '', ( #453 ), #4830 ) ;
#4894 = COLOUR_RGB ( '',0.5019607843137254832, 0.5019607843137254832, 0.5019607843137254832 ) ;
#4895 = FACE_OUTER_BOUND ( 'NONE', #3110, .T. ) ;
#4896 = CARTESIAN_POINT ( 'NONE',  ( -3.575000000000001066, -0.4000000000000000222, 4.199999999999999289 ) ) ;
#4897 = PLANE ( 'NONE',  #7139 ) ;
#4898 = ADVANCED_FACE ( 'NONE', ( #10113 ), #443, .T. ) ;
#4899 =( NAMED_UNIT ( * ) SI_UNIT ( $, .STERADIAN. ) SOLID_ANGLE_UNIT ( ) );
#4900 = DIRECTION ( 'NONE',  ( 0.000000000000000000, -1.000000000000000000, 0.000000000000000000 ) ) ;
#4901 = ORIENTED_EDGE ( 'NONE', *, *, #1253, .F. ) ;
#4902 = FACE_OUTER_BOUND ( 'NONE', #5319, .T. ) ;
#4903 = EDGE_LOOP ( 'NONE', ( #4890, #8737, #5765, #3383 ) ) ;
#4904 = CARTESIAN_POINT ( 'NONE',  ( -1.035000000000001252, -0.4000000000000000222, 4.199999999999999289 ) ) ;
#4905 = COLOUR_RGB ( '',1.000000000000000000, 1.000000000000000000, 1.000000000000000000 ) ;
#4906 = EDGE_CURVE ( 'NONE', #9017, #1908, #1592, .T. ) ;
#4907 = ORIENTED_EDGE ( 'NONE', *, *, #7808, .F. ) ;
#4908 = AXIS2_PLACEMENT_3D ( 'NONE', #5197, #8288, #9108 ) ;
#4909 = CIRCLE ( 'NONE', #8447, 0.1999999999999999833 ) ;
#4910 = ORIENTED_EDGE ( 'NONE', *, *, #1963, .T. ) ;
#4911 = PRESENTATION_LAYER_ASSIGNMENT (  '', '', ( #4233 ) ) ;
#4912 =( NAMED_UNIT ( * ) PLANE_ANGLE_UNIT ( ) SI_UNIT ( $, .RADIAN. ) );
#4913 = DIRECTION ( 'NONE',  ( 0.7071067811865475727, -0.000000000000000000, 0.7071067811865475727 ) ) ;
#4914 = ORIENTED_EDGE ( 'NONE', *, *, #2496, .T. ) ;
#4915 = CARTESIAN_POINT ( 'NONE',  ( 0.1974277531077388292, -0.4383085925259843640, 0.2999999999999999334 ) ) ;
#4916 = ORIENTED_EDGE ( 'NONE', *, *, #5082, .T. ) ;
#4917 = SURFACE_SIDE_STYLE ('',( #2917 ) ) ;
#4918 =( NAMED_UNIT ( * ) PLANE_ANGLE_UNIT ( ) SI_UNIT ( $, .RADIAN. ) );
#4919 = LINE ( 'NONE', #6315, #10111 ) ;
#4920 = CARTESIAN_POINT ( 'NONE',  ( 1.704999999999998961, -0.07500000000000009437, -5.227200187265875542 ) ) ;
#4921 = ORIENTED_EDGE ( 'NONE', *, *, #10247, .T. ) ;
#4922 = FACE_OUTER_BOUND ( 'NONE', #9260, .T. ) ;
#4923 = SURFACE_STYLE_FILL_AREA ( #480 ) ;
#4924 = DIRECTION ( 'NONE',  ( 0.000000000000000000, -1.000000000000000000, 0.000000000000000000 ) ) ;
#4925 = ORIENTED_EDGE ( 'NONE', *, *, #186, .T. ) ;
#4926 = CIRCLE ( 'NONE', #8384, 0.1999999999999996503 ) ;
#4927 = CARTESIAN_POINT ( 'NONE',  ( 0.2922976319474791529, -0.2157380118901835453, 0.3010000000000001008 ) ) ;
#4928 = UNCERTAINTY_MEASURE_WITH_UNIT (LENGTH_MEASURE( 1.000000000000000082E-05 ), #9923, 'distance_accuracy_value', 'NONE');
#4929 = ORIENTED_EDGE ( 'NONE', *, *, #2886, .T. ) ;
#4930 = ORIENTED_EDGE ( 'NONE', *, *, #1333, .F. ) ;
#4931 = DIRECTION ( 'NONE',  ( 0.000000000000000000, 1.000000000000000000, 0.000000000000000000 ) ) ;
#4932 = PRESENTATION_STYLE_ASSIGNMENT (( #9160 ) ) ;
#4933 = DIRECTION ( 'NONE',  ( 0.000000000000000000, -1.000000000000000000, 0.000000000000000000 ) ) ;
#4934 = CIRCLE ( 'NONE', #8354, 0.2000000000000000944 ) ;
#4935 = EDGE_LOOP ( 'NONE', ( #4054, #4684, #1353, #5805 ) ) ;
#4936 = EDGE_CURVE ( 'NONE', #8976, #189, #7476, .T. ) ;
#4937 = SURFACE_STYLE_USAGE ( .BOTH. , #3356 ) ;
#4938 = ORIENTED_EDGE ( 'NONE', *, *, #9024, .T. ) ;
#4939 = UNCERTAINTY_MEASURE_WITH_UNIT (LENGTH_MEASURE( 1.000000000000000082E-05 ), #4133, 'distance_accuracy_value', 'NONE');
#4940 = ORIENTED_EDGE ( 'NONE', *, *, #7929, .T. ) ;
#4941 =( LENGTH_UNIT ( ) NAMED_UNIT ( * ) SI_UNIT ( .MILLI., .METRE. ) );
#4942 = DIRECTION ( 'NONE',  ( -0.000000000000000000, -1.000000000000000000, -0.000000000000000000 ) ) ;
#4943 = DIRECTION ( 'NONE',  ( -1.000000000000000000, 1.016439536705160037E-16, -0.000000000000000000 ) ) ;
#4944 = PLANE ( 'NONE',  #2302 ) ;
#4945 = CARTESIAN_POINT ( 'NONE',  ( -4.045000000000000817, 0.5000000000000011102, 4.299999999999999822 ) ) ;
#4946 = EDGE_CURVE ( 'NONE', #6377, #9965, #6269, .T. ) ;
#4947 = CARTESIAN_POINT ( 'NONE',  ( -0.3901176431988317428, -0.3140006303143036970, 0.2999999999999999889 ) ) ;
#4948 = ADVANCED_FACE ( 'NONE', ( #4922 ), #3464, .F. ) ;
#4949 = VECTOR ( 'NONE', #3710, 1000.000000000000000 ) ;
#4950 = DIRECTION ( 'NONE',  ( -0.000000000000000000, -0.000000000000000000, 1.000000000000000000 ) ) ;
#4951 = VECTOR ( 'NONE', #1922, 1000.000000000000000 ) ;
#4952 = CARTESIAN_POINT ( 'NONE',  ( -5.915000000000000924, -0.07500000000000009437, -5.227200187265875542 ) ) ;
#4953 = PRESENTATION_STYLE_ASSIGNMENT (( #6863 ) ) ;
#4954 = PRESENTATION_LAYER_ASSIGNMENT (  '', '', ( #651 ) ) ;
#4955 = STYLED_ITEM ( 'NONE', ( #3813 ), #7626 ) ;
#4956 = VECTOR ( 'NONE', #6049, 1000.000000000000000 ) ;
#4957 = FACE_OUTER_BOUND ( 'NONE', #6154, .T. ) ;
#4958 =( NAMED_UNIT ( * ) SI_UNIT ( $, .STERADIAN. ) SOLID_ANGLE_UNIT ( ) );
#4959 = CARTESIAN_POINT ( 'NONE',  ( 0.2038659236887283288, -0.4055223053219689788, 0.2999999999999999889 ) ) ;
#4960 = CARTESIAN_POINT ( 'NONE',  ( -0.2722996504129450157, -0.3976309185698603810, 0.3009999999999999898 ) ) ;
#4961 = EDGE_CURVE ( 'NONE', #5646, #566, #8854, .T. ) ;
#4962 = CARTESIAN_POINT ( 'NONE',  ( 0.02808467368872833575, -0.1677174272731885296, 0.3009999999999999898 ) ) ;
#4963 = LINE ( 'NONE', #4885, #8385 ) ;
#4964 = DIRECTION ( 'NONE',  ( 0.3390537954853694580, 0.9407669869669987861, 0.000000000000000000 ) ) ;
#4965 = SURFACE_STYLE_FILL_AREA ( #10235 ) ;
#4966 = DIRECTION ( 'NONE',  ( 0.000000000000000000, 0.000000000000000000, 1.000000000000000000 ) ) ;
#4967 = EDGE_CURVE ( 'NONE', #5654, #6017, #9841, .T. ) ;
#4968 = ORIENTED_EDGE ( 'NONE', *, *, #1833, .T. ) ;
#4969 = PRESENTATION_LAYER_ASSIGNMENT (  '', '', ( #9780 ) ) ;
#4970 = CARTESIAN_POINT ( 'NONE',  ( 1.034999999999999476, 0.4000000000000000222, 1.300000000000000044 ) ) ;
#4971 = VECTOR ( 'NONE', #2286, 1000.000000000000000 ) ;
#4972 = STYLED_ITEM ( 'NONE', ( #899 ), #752 ) ;
#4973 = ORIENTED_EDGE ( 'NONE', *, *, #4271, .T. ) ;
#4974 = PRESENTATION_STYLE_ASSIGNMENT (( #2180 ) ) ;
#4975 = LINE ( 'NONE', #4564, #769 ) ;
#4976 = CARTESIAN_POINT ( 'NONE',  ( 0.1431755078278772464, -0.1747829948208760587, 0.3009999999999999898 ) ) ;
#4977 = CARTESIAN_POINT ( 'NONE',  ( 2.104999999999999094, 0.07499999999999984457, 0.2999999999999999889 ) ) ;
#4978 = DIRECTION ( 'NONE',  ( -0.000000000000000000, -0.000000000000000000, -1.000000000000000000 ) ) ;
#4979 = CARTESIAN_POINT ( 'NONE',  ( 0.2290930808300303267, -0.1336198203544676222, 0.3009999999999999343 ) ) ;
#4980 = DIRECTION ( 'NONE',  ( -0.000000000000000000, -0.000000000000000000, 1.000000000000000000 ) ) ;
#4981 = FILL_AREA_STYLE ('',( #8860 ) ) ;
#4982 = ORIENTED_EDGE ( 'NONE', *, *, #8085, .F. ) ;
#4983 = CARTESIAN_POINT ( 'NONE',  ( -0.2350000000000008193, -0.4000000000000000222, 4.199999999999999289 ) ) ;
#4984 = FACE_OUTER_BOUND ( 'NONE', #2296, .T. ) ;
#4985 = AXIS2_PLACEMENT_3D ( 'NONE', #1756, #997, #4966 ) ;
#4986 = FILL_AREA_STYLE_COLOUR ( '', #4397 ) ;
#4987 = SURFACE_STYLE_FILL_AREA ( #10091 ) ;
#4988 = PLANE ( 'NONE',  #4173 ) ;
#4989 = UNCERTAINTY_MEASURE_WITH_UNIT (LENGTH_MEASURE( 1.000000000000000082E-05 ), #4515, 'distance_accuracy_value', 'NONE');
#4990 = PRESENTATION_LAYER_ASSIGNMENT (  '', '', ( #6806 ) ) ;
#4991 = LINE ( 'NONE', #5989, #779 ) ;
#4992 = DIRECTION ( 'NONE',  ( 1.000000000000000000, 0.000000000000000000, -0.000000000000000000 ) ) ;
#4993 = FILL_AREA_STYLE ('',( #4777 ) ) ;
#4994 = CARTESIAN_POINT ( 'NONE',  ( -0.3448219652454783679, -0.3323261827152385051, 0.3000000000000000444 ) ) ;
#4995 =( NAMED_UNIT ( * ) SI_UNIT ( $, .STERADIAN. ) SOLID_ANGLE_UNIT ( ) );
#4996 = VERTEX_POINT ( 'NONE', #6786 ) ;
#4997 = CARTESIAN_POINT ( 'NONE',  ( 1.504999999999998561, -0.4000000000000000222, 4.199999999999999289 ) ) ;
#4998 = LINE ( 'NONE', #5145, #9793 ) ;
#4999 = CARTESIAN_POINT ( 'NONE',  ( 0.3097919907618990609, -0.2879918175170909644, 0.2999999999999999889 ) ) ;
#5000 = SURFACE_STYLE_FILL_AREA ( #7905 ) ;
#5001 = PRESENTATION_LAYER_ASSIGNMENT (  '', '', ( #2008 ) ) ;
#5002 = DIRECTION ( 'NONE',  ( 0.000000000000000000, -0.000000000000000000, 1.000000000000000000 ) ) ;
#5003 = CARTESIAN_POINT ( 'NONE',  ( -3.944999999999999840, 0.5000000000000011102, 4.299999999999999822 ) ) ;
#5004 = FILL_AREA_STYLE ('',( #1143 ) ) ;
#5005 = ADVANCED_FACE ( 'NONE', ( #4288 ), #5943, .F. ) ;
#5006 = DIRECTION ( 'NONE',  ( 0.000000000000000000, 1.000000000000000000, 0.000000000000000000 ) ) ;
#5007 = VERTEX_POINT ( 'NONE', #5294 ) ;
#5008 = CARTESIAN_POINT ( 'NONE',  ( 0.2467503675736597846, -0.3977814388349663610, 0.2999999999999999334 ) ) ;
#5009 = EDGE_CURVE ( 'NONE', #6808, #1825, #957, .T. ) ;
#5010 = MECHANICAL_DESIGN_GEOMETRIC_PRESENTATION_REPRESENTATION (  '', ( #370 ), #1834 ) ;
#5011 = EDGE_CURVE ( 'NONE', #9592, #7612, #9090, .T. ) ;
#5012 = ORIENTED_EDGE ( 'NONE', *, *, #7214, .F. ) ;
#5013 = DIRECTION ( 'NONE',  ( -1.016439536705160037E-16, -1.000000000000000000, -0.000000000000000000 ) ) ;
#5014 = DIRECTION ( 'NONE',  ( -0.000000000000000000, 1.000000000000000000, 0.000000000000000000 ) ) ;
#5015 = CARTESIAN_POINT ( 'NONE',  ( -5.315000000000001279, 0.4000000000000000222, 1.300000000000000044 ) ) ;
#5016 = LINE ( 'NONE', #385, #4761 ) ;
#5017 = MECHANICAL_DESIGN_GEOMETRIC_PRESENTATION_REPRESENTATION (  '', ( #8137 ), #4816 ) ;
#5018 =( GEOMETRIC_REPRESENTATION_CONTEXT ( 3 ) GLOBAL_UNCERTAINTY_ASSIGNED_CONTEXT ( ( #4663 ) ) GLOBAL_UNIT_ASSIGNED_CONTEXT ( ( #7577, #3762, #5277 ) ) REPRESENTATION_CONTEXT ( 'NONE', 'WORKASPACE' ) );
#5019 = CARTESIAN_POINT ( 'NONE',  ( -0.2967629000101008052, -0.4245278429752809002, 0.3009999999999999898 ) ) ;
#5020 = CARTESIAN_POINT ( 'NONE',  ( -4.845000000000001528, 0.4000000000000000222, 1.300000000000000044 ) ) ;
#5021 = ORIENTED_EDGE ( 'NONE', *, *, #7101, .T. ) ;
#5022 = B_SPLINE_SURFACE_WITH_KNOTS ( 'NONE', 3, 1, ( 
 ( #7945, #8702 ),
 ( #43, #1654 ),
 ( #6357, #5649 ),
 ( #8741, #8775 ),
 ( #7171, #1551 ),
 ( #4010, #2322 ),
 ( #9534, #3236 ),
 ( #9571, #8633 ),
 ( #3918, #9428 ),
 ( #5523, #1024 ),
 ( #2636, #6516 ),
 ( #8838, #1783 ),
 ( #2532, #8037 ),
 ( #1751, #2570 ),
 ( #9708, #8079 ),
 ( #8941, #6480 ),
 ( #9674, #9747 ),
 ( #7270, #1720 ),
 ( #5778, #4959 ) ),
 .UNSPECIFIED., .F., .F., .F.,
 ( 4, 1, 1, 1, 1, 1, 1, 1, 1, 1, 1, 1, 1, 1, 1, 1, 4 ),
 ( 2, 2 ),
 ( 0.000000000000000000, 0.07377411937406361253, 0.1440791147260413185, 0.2113485183089116592, 0.2760768857398839260, 0.3385209158196765267, 0.3998851166931335910, 0.4602540674652132457, 0.5205889643912479103, 0.5802076845630441682, 0.6386329085525459526, 0.6963645494905240652, 0.7540017746600128357, 0.8128056813744979348, 0.8727544255255602623, 0.9351819969782669828, 1.000000000000000000 ),
 ( 0.000000000000000000, 1.000000000000000000 ),
 .UNSPECIFIED. ) ;
#5024 = ORIENTED_EDGE ( 'NONE', *, *, #4759, .T. ) ;
#5023 = SURFACE_STYLE_FILL_AREA ( #5243 ) ;
#5025 = FILL_AREA_STYLE ('',( #7367 ) ) ;
#5026 = PLANE ( 'NONE',  #3848 ) ;
#5027 = CARTESIAN_POINT ( 'NONE',  ( 5.915000000000000036, -0.07500000000000012212, -5.227200187265875542 ) ) ;
#5028 = LINE ( 'NONE', #6465, #1205 ) ;
#5029 = DIRECTION ( 'NONE',  ( -1.000000000000000000, 0.000000000000000000, -0.000000000000000000 ) ) ;
#5030 = DIRECTION ( 'NONE',  ( 0.000000000000000000, -1.000000000000000000, 0.000000000000000000 ) ) ;
#5031 = FILL_AREA_STYLE ('',( #953 ) ) ;
#5032 = CARTESIAN_POINT ( 'NONE',  ( 0.2785782059140887168, -0.1974710675561460738, 0.2999999999999998779 ) ) ;
#5033 = EDGE_LOOP ( 'NONE', ( #4327, #3289, #7128, #654 ) ) ;
#5034 = STYLED_ITEM ( 'NONE', ( #6796 ), #3732 ) ;
#5035 = AXIS2_PLACEMENT_3D ( 'NONE', #2279, #7788, #10078 ) ;
#5037 = ORIENTED_EDGE ( 'NONE', *, *, #2146, .T. ) ;
#5036 = FACE_OUTER_BOUND ( 'NONE', #6569, .T. ) ;
#5038 = PLANE ( 'NONE',  #9781 ) ;
#5039 = FILL_AREA_STYLE ('',( #4190 ) ) ;
#5040 = ORIENTED_EDGE ( 'NONE', *, *, #3153, .F. ) ;
#5041 =( NAMED_UNIT ( * ) SI_UNIT ( $, .STERADIAN. ) SOLID_ANGLE_UNIT ( ) );
#5042 = VECTOR ( 'NONE', #4464, 1000.000000000000000 ) ;
#5043 = VERTEX_POINT ( 'NONE', #2868 ) ;
#5044 = DIRECTION ( 'NONE',  ( 1.000000000000000000, 0.000000000000000000, 0.000000000000000000 ) ) ;
#5045 = CARTESIAN_POINT ( 'NONE',  ( 0.2368374618579532354, -0.4012688863928984828, 0.3000000000000000444 ) ) ;
#5046 = EDGE_CURVE ( 'NONE', #2786, #969, #586, .T. ) ;
#5047 = ORIENTED_EDGE ( 'NONE', *, *, #6268, .T. ) ;
#5048 = UNCERTAINTY_MEASURE_WITH_UNIT (LENGTH_MEASURE( 1.000000000000000082E-05 ), #6970, 'distance_accuracy_value', 'NONE');
#5049 = FACE_BOUND ( 'NONE', #7318, .T. ) ;
#5050 = ORIENTED_EDGE ( 'NONE', *, *, #9559, .T. ) ;
#5051 = PRESENTATION_LAYER_ASSIGNMENT (  '', '', ( #405 ) ) ;
#5052 = CARTESIAN_POINT ( 'NONE',  ( 3.174999999999999822, -0.07500000000000012212, -2.399999999999999911 ) ) ;
#5053 = PRESENTATION_LAYER_ASSIGNMENT (  '', '', ( #2526 ) ) ;
#5054 = PLANE ( 'NONE',  #51 ) ;
#5055 =( LENGTH_UNIT ( ) NAMED_UNIT ( * ) SI_UNIT ( .MILLI., .METRE. ) );
#5056 = DIRECTION ( 'NONE',  ( 0.000000000000000000, -0.000000000000000000, 1.000000000000000000 ) ) ;
#5057 = VERTEX_POINT ( 'NONE', #3785 ) ;
#5058 = LINE ( 'NONE', #5112, #7610 ) ;
#5059 = ADVANCED_FACE ( 'NONE', ( #8200 ), #5065, .T. ) ;
#5060 = VERTEX_POINT ( 'NONE', #6953 ) ;
#5061 = DIRECTION ( 'NONE',  ( 1.000000000000000000, 0.000000000000000000, 0.000000000000000000 ) ) ;
#5062 = SURFACE_STYLE_USAGE ( .BOTH. , #9769 ) ;
#5063 = UNCERTAINTY_MEASURE_WITH_UNIT (LENGTH_MEASURE( 1.000000000000000082E-05 ), #278, 'distance_accuracy_value', 'NONE');
#5064 = CARTESIAN_POINT ( 'NONE',  ( -0.5477918507015154814, -0.1713759638585543588, 0.3009999999999999898 ) ) ;
#5065 = B_SPLINE_SURFACE_WITH_KNOTS ( 'NONE', 3, 1, ( 
 ( #7664, #8392 ),
 ( #583, #6135 ),
 ( #9301, #5400 ),
 ( #2964, #4487 ),
 ( #1465, #8425 ),
 ( #6103, #10084 ),
 ( #4550, #5367 ),
 ( #9985, #7560 ),
 ( #6845, #3673 ),
 ( #5262, #1396 ),
 ( #1329, #514 ),
 ( #6916, #9240 ),
 ( #7597, #8468 ),
 ( #2933, #9203 ),
 ( #3638, #1364 ),
 ( #3708, #4519 ),
 ( #10051, #5332 ),
 ( #788, #10262 ),
 ( #1502, #720 ) ),
 .UNSPECIFIED., .F., .F., .F.,
 ( 4, 1, 1, 1, 1, 1, 1, 1, 1, 1, 1, 1, 1, 1, 1, 1, 4 ),
 ( 2, 2 ),
 ( 0.000000000000000000, 0.07430379644281602525, 0.1443936103644178348, 0.2104994961032798373, 0.2735426065034681775, 0.3338247445790735735, 0.3925296724085028388, 0.4500874545995854348, 0.5078206115557880596, 0.5654649127768465178, 0.6231487223336197312, 0.6812971927909353687, 0.7409134981565806966, 0.8018557521958579182, 0.8652412377209434124, 0.9309416570467443641, 1.000000000000000000 ),
 ( 0.000000000000000000, 1.000000000000000000 ),
 .UNSPECIFIED. ) ;
#5066 = ORIENTED_EDGE ( 'NONE', *, *, #8904, .F. ) ;
#5067 = SURFACE_STYLE_USAGE ( .BOTH. , #1917 ) ;
#5068 = CARTESIAN_POINT ( 'NONE',  ( 0.5293041858838503089, -0.1347905980048958452, 0.2999999999999999889 ) ) ;
#5069 = CARTESIAN_POINT ( 'NONE',  ( -0.2975604553391406615, -0.1444906523385408870, 0.3010000000000001563 ) ) ;
#5070 = ORIENTED_EDGE ( 'NONE', *, *, #5046, .F. ) ;
#5071 = PRESENTATION_STYLE_ASSIGNMENT (( #10003 ) ) ;
#5072 = VERTEX_POINT ( 'NONE', #2228 ) ;
#5073 = CARTESIAN_POINT ( 'NONE',  ( 3.174999999999999822, -0.07500000000000012212, -2.199999999999999734 ) ) ;
#5074 = PRESENTATION_STYLE_ASSIGNMENT (( #408 ) ) ;
#5075 = CARTESIAN_POINT ( 'NONE',  ( 0.1971204968594600648, -0.1640588906878226727, 0.2999999999999999889 ) ) ;
#5076 = CARTESIAN_POINT ( 'NONE',  ( -0.4972583141161497355, -0.3177174272731885241, 0.2999999999999999889 ) ) ;
#5077 = EDGE_LOOP ( 'NONE', ( #8964, #7599, #2280, #4540 ) ) ;
#5078 = STYLED_ITEM ( 'NONE', ( #4419 ), #4898 ) ;
#5079 =( LENGTH_UNIT ( ) NAMED_UNIT ( * ) SI_UNIT ( .MILLI., .METRE. ) );
#5080 = VECTOR ( 'NONE', #757, 1000.000000000000000 ) ;
#5081 = FACE_OUTER_BOUND ( 'NONE', #8344, .T. ) ;
#5082 = EDGE_CURVE ( 'NONE', #177, #4524, #4034, .T. ) ;
#5083 = CARTESIAN_POINT ( 'NONE',  ( 0.2560897937765553856, -0.3932706685705450456, 0.2999999999999999889 ) ) ;
#5084 = CARTESIAN_POINT ( 'NONE',  ( -4.245000000000000107, -0.07500000000000012212, -5.227200187265875542 ) ) ;
#5085 = CARTESIAN_POINT ( 'NONE',  ( 4.244999999999999218, -0.07500000000000009437, 0.2999999999999999889 ) ) ;
#5086 = CARTESIAN_POINT ( 'NONE',  ( 0.4890602834448259384, -0.4018637687366031774, 0.3009999999999999898 ) ) ;
#5087 = CARTESIAN_POINT ( 'NONE',  ( -0.3922883767884401962, -0.2977909717906853104, 0.3000000000000000444 ) ) ;
#5088 = VECTOR ( 'NONE', #1860, 1000.000000000000000 ) ;
#5089 = CARTESIAN_POINT ( 'NONE',  ( 0.3442819352476231831, -0.2406490518321699190, 0.3009999999999999898 ) ) ;
#5090 = CARTESIAN_POINT ( 'NONE',  ( 0.4349999999999996092, 0.07499999999999990008, 0.2999999999999999889 ) ) ;
#5091 = SURFACE_STYLE_FILL_AREA ( #7645 ) ;
#5092 = PRESENTATION_LAYER_ASSIGNMENT (  '', '', ( #2624 ) ) ;
#5093 = CARTESIAN_POINT ( 'NONE',  ( -0.3901176431988317428, -0.3140006303143036970, 0.3009999999999999343 ) ) ;
#5094 = CARTESIAN_POINT ( 'NONE',  ( 0.3756456492984844298, -0.4018637687366031774, 0.3009999999999999898 ) ) ;
#5095 = VERTEX_POINT ( 'NONE', #6275 ) ;
#5096 =( GEOMETRIC_REPRESENTATION_CONTEXT ( 3 ) GLOBAL_UNCERTAINTY_ASSIGNED_CONTEXT ( ( #7057 ) ) GLOBAL_UNIT_ASSIGNED_CONTEXT ( ( #9639, #3374, #4958 ) ) REPRESENTATION_CONTEXT ( 'NONE', 'WORKASPACE' ) );
#5097 = AXIS2_PLACEMENT_3D ( 'NONE', #2796, #8325, #3576 ) ;
#5098 = CARTESIAN_POINT ( 'NONE',  ( -0.2340151738722471841, -0.4018637687366031774, 0.2999999999999999889 ) ) ;
#5099 = CARTESIAN_POINT ( 'NONE',  ( 0.1268651614936064098, -0.3863149882487982301, 0.3009999999999999898 ) ) ;
#5100 = CARTESIAN_POINT ( 'NONE',  ( -0.3113220955537425727, -0.1500241597020889606, 0.3009999999999999343 ) ) ;
#5101 = ORIENTED_EDGE ( 'NONE', *, *, #3333, .T. ) ;
#5102 = DIRECTION ( 'NONE',  ( 1.000000000000000000, -0.000000000000000000, 0.000000000000000000 ) ) ;
#5103 = CARTESIAN_POINT ( 'NONE',  ( 0.2704768629642097522, -0.1896137563799143999, 0.3000000000000000999 ) ) ;
#5104 = ORIENTED_EDGE ( 'NONE', *, *, #532, .T. ) ;
#5105 = DIRECTION ( 'NONE',  ( -1.000000000000000000, 0.000000000000000000, -0.000000000000000000 ) ) ;
#5106 = ADVANCED_FACE ( 'NONE', ( #9469 ), #7862, .T. ) ;
#5107 = EDGE_CURVE ( 'NONE', #2575, #9130, #7600, .T. ) ;
#5108 = COLOUR_RGB ( '',1.000000000000000000, 1.000000000000000000, 1.000000000000000000 ) ;
#5109 = DIRECTION ( 'NONE',  ( 0.000000000000000000, 1.000000000000000000, 0.000000000000000000 ) ) ;
#5110 = FACE_OUTER_BOUND ( 'NONE', #3401, .T. ) ;
#5111 =( GEOMETRIC_REPRESENTATION_CONTEXT ( 3 ) GLOBAL_UNCERTAINTY_ASSIGNED_CONTEXT ( ( #1472 ) ) GLOBAL_UNIT_ASSIGNED_CONTEXT ( ( #3955, #9472, #15 ) ) REPRESENTATION_CONTEXT ( 'NONE', 'WORKASPACE' ) );
#5112 = CARTESIAN_POINT ( 'NONE',  ( -4.045000000000000817, 0.4000000000000000222, 4.199999999999999289 ) ) ;
#5113 =( GEOMETRIC_REPRESENTATION_CONTEXT ( 3 ) GLOBAL_UNCERTAINTY_ASSIGNED_CONTEXT ( ( #6358 ) ) GLOBAL_UNIT_ASSIGNED_CONTEXT ( ( #2027, #6842, #3706 ) ) REPRESENTATION_CONTEXT ( 'NONE', 'WORKASPACE' ) );
#5114 = B_SPLINE_SURFACE_WITH_KNOTS ( 'NONE', 3, 1, ( 
 ( #10082, #646 ),
 ( #5362, #615 ),
 ( #6166, #2192 ),
 ( #1460, #6949 ),
 ( #7726, #922 ),
 ( #7912, #4824 ),
 ( #782, #3148 ) ),
 .UNSPECIFIED., .F., .F., .F.,
 ( 4, 1, 1, 1, 4 ),
 ( 2, 2 ),
 ( 0.000000000000000000, 0.3005411131585108975, 0.5677471464836001402, 0.8000336137369825629, 0.9999999999999998890 ),
 ( 0.000000000000000000, 1.000000000000000000 ),
 .UNSPECIFIED. ) ;
#5115 = VECTOR ( 'NONE', #8653, 1000.000000000000000 ) ;
#5116 = ORIENTED_EDGE ( 'NONE', *, *, #1897, .F. ) ;
#5117 = VECTOR ( 'NONE', #3449, 1000.000000000000000 ) ;
#5118 = SURFACE_STYLE_USAGE ( .BOTH. , #4310 ) ;
#5119 = UNCERTAINTY_MEASURE_WITH_UNIT (LENGTH_MEASURE( 1.000000000000000082E-05 ), #357, 'distance_accuracy_value', 'NONE');
#5120 = COLOUR_RGB ( '',0.5019607843137254832, 0.5019607843137254832, 0.5019607843137254832 ) ;
#5121 = SURFACE_STYLE_FILL_AREA ( #10196 ) ;
#5122 = CARTESIAN_POINT ( 'NONE',  ( 0.3334311228802630533, -0.2116192421532121226, 0.3009999999999999343 ) ) ;
#5123 = ORIENTED_EDGE ( 'NONE', *, *, #8437, .T. ) ;
#5124 = CARTESIAN_POINT ( 'NONE',  ( -4.845000000000001528, 0.4000000000000000222, 1.300000000000000044 ) ) ;
#5125 = DIRECTION ( 'NONE',  ( 0.7071067811865475727, -0.000000000000000000, 0.7071067811865475727 ) ) ;
#5126 = MECHANICAL_DESIGN_GEOMETRIC_PRESENTATION_REPRESENTATION (  '', ( #7906 ), #9533 ) ;
#5127 = CARTESIAN_POINT ( 'NONE',  ( 3.944999999999998064, 0.5000000000000011102, 4.299999999999999822 ) ) ;
#5128 = VERTEX_POINT ( 'NONE', #5501 ) ;
#5129 = CARTESIAN_POINT ( 'NONE',  ( 1.904999999999999583, 0.07499999999999987232, -2.399999999999999911 ) ) ;
#5130 = SURFACE_SIDE_STYLE ('',( #2660 ) ) ;
#5131 = FILL_AREA_STYLE ('',( #7431 ) ) ;
#5132 = VECTOR ( 'NONE', #2319, 1000.000000000000000 ) ;
#5133 = FILL_AREA_STYLE ('',( #3230 ) ) ;
#5134 =( NAMED_UNIT ( * ) PLANE_ANGLE_UNIT ( ) SI_UNIT ( $, .RADIAN. ) );
#5135 = DIRECTION ( 'NONE',  ( -1.000000000000000000, 6.776263578034415038E-17, 0.000000000000000000 ) ) ;
#5136 = SURFACE_SIDE_STYLE ('',( #9712 ) ) ;
#5137 = MECHANICAL_DESIGN_GEOMETRIC_PRESENTATION_REPRESENTATION (  '', ( #7403 ), #8472 ) ;
#5138 = UNCERTAINTY_MEASURE_WITH_UNIT (LENGTH_MEASURE( 1.000000000000000082E-05 ), #3242, 'distance_accuracy_value', 'NONE');
#5139 = EDGE_LOOP ( 'NONE', ( #7304, #4520, #10266, #2119, #4279 ) ) ;
#5140 = SURFACE_STYLE_FILL_AREA ( #5527 ) ;
#5141 = EDGE_CURVE ( 'NONE', #1096, #7924, #336, .T. ) ;
#5142 = DIRECTION ( 'NONE',  ( 0.000000000000000000, 0.000000000000000000, -1.000000000000000000 ) ) ;
#5143 = FACE_OUTER_BOUND ( 'NONE', #7450, .T. ) ;
#5144 = DIRECTION ( 'NONE',  ( 0.000000000000000000, 1.000000000000000000, 0.000000000000000000 ) ) ;
#5145 = CARTESIAN_POINT ( 'NONE',  ( 4.644999999999999574, -0.07500000000000012212, 0.2999999999999999889 ) ) ;
#5146 =( NAMED_UNIT ( * ) SI_UNIT ( $, .STERADIAN. ) SOLID_ANGLE_UNIT ( ) );
#5147 = LINE ( 'NONE', #1180, #4134 ) ;
#5148 = ORIENTED_EDGE ( 'NONE', *, *, #1466, .T. ) ;
#5149 = DIRECTION ( 'NONE',  ( 0.000000000000000000, -0.000000000000000000, 1.000000000000000000 ) ) ;
#5150 = PRESENTATION_STYLE_ASSIGNMENT (( #9336 ) ) ;
#5151 = EDGE_CURVE ( 'NONE', #8199, #7329, #9593, .T. ) ;
#5152 = ORIENTED_EDGE ( 'NONE', *, *, #1851, .F. ) ;
#5153 = PLANE ( 'NONE',  #9149 ) ;
#5154 = EDGE_CURVE ( 'NONE', #7721, #3543, #6378, .T. ) ;
#5155 = DIRECTION ( 'NONE',  ( -1.000000000000000000, 0.000000000000000000, -0.000000000000000000 ) ) ;
#5156 = EDGE_LOOP ( 'NONE', ( #10246, #2747, #9342, #1341 ) ) ;
#5157 = FILL_AREA_STYLE ('',( #1041 ) ) ;
#5158 = SURFACE_STYLE_FILL_AREA ( #4193 ) ;
#5159 = SURFACE_STYLE_USAGE ( .BOTH. , #2761 ) ;
#5160 = DIRECTION ( 'NONE',  ( -1.000000000000000000, 6.776263578034402713E-17, 0.000000000000000000 ) ) ;
#5161 = ORIENTED_EDGE ( 'NONE', *, *, #7225, .T. ) ;
#5162 = FACE_OUTER_BOUND ( 'NONE', #828, .T. ) ;
#5163 = PRESENTATION_LAYER_ASSIGNMENT (  '', '', ( #4085 ) ) ;
#5164 = DIRECTION ( 'NONE',  ( -1.000000000000000000, 6.776263578034399015E-17, 0.000000000000000000 ) ) ;
#5165 = ADVANCED_FACE ( 'NONE', ( #4536 ), #3063, .T. ) ;
#5166 = ORIENTED_EDGE ( 'NONE', *, *, #3455, .F. ) ;
#5167 =( NAMED_UNIT ( * ) SI_UNIT ( $, .STERADIAN. ) SOLID_ANGLE_UNIT ( ) );
#5168 = FILL_AREA_STYLE_COLOUR ( '', #9237 ) ;
#5169 = SURFACE_STYLE_FILL_AREA ( #62 ) ;
#5170 = CARTESIAN_POINT ( 'NONE',  ( 2.304999999999998828, -0.4000000000000000222, 4.199999999999999289 ) ) ;
#5171 =( NAMED_UNIT ( * ) PLANE_ANGLE_UNIT ( ) SI_UNIT ( $, .RADIAN. ) );
#5172 = EDGE_CURVE ( 'NONE', #4779, #6236, #9583, .T. ) ;
#5173 = SURFACE_STYLE_USAGE ( .BOTH. , #1237 ) ;
#5174 = ORIENTED_EDGE ( 'NONE', *, *, #2375, .F. ) ;
#5175 =( NAMED_UNIT ( * ) SI_UNIT ( $, .STERADIAN. ) SOLID_ANGLE_UNIT ( ) );
#5176 = FACE_OUTER_BOUND ( 'NONE', #1188, .T. ) ;
#5177 = EDGE_CURVE ( 'NONE', #8540, #1793, #319, .T. ) ;
#5178 = ORIENTED_EDGE ( 'NONE', *, *, #3102, .F. ) ;
#5179 = CARTESIAN_POINT ( 'NONE',  ( -0.5464702271792907240, -0.1735122315450206287, 0.2999999999999999889 ) ) ;
#5180 =( GEOMETRIC_REPRESENTATION_CONTEXT ( 3 ) GLOBAL_UNCERTAINTY_ASSIGNED_CONTEXT ( ( #1580 ) ) GLOBAL_UNIT_ASSIGNED_CONTEXT ( ( #7034, #2268, #9387 ) ) REPRESENTATION_CONTEXT ( 'NONE', 'WORKASPACE' ) );
#5181 = AXIS2_PLACEMENT_3D ( 'NONE', #9253, #4431, #6770 ) ;
#5182 = ORIENTED_EDGE ( 'NONE', *, *, #2752, .F. ) ;
#5183 = CARTESIAN_POINT ( 'NONE',  ( -1.705000000000000737, -0.07500000000000012212, -2.199999999999999734 ) ) ;
#5184 = ORIENTED_EDGE ( 'NONE', *, *, #1541, .F. ) ;
#5185 = UNCERTAINTY_MEASURE_WITH_UNIT (LENGTH_MEASURE( 1.000000000000000082E-05 ), #5782, 'distance_accuracy_value', 'NONE');
#5186 = SURFACE_SIDE_STYLE ('',( #8483 ) ) ;
#5187 = ORIENTED_EDGE ( 'NONE', *, *, #9036, .T. ) ;
#5188 = ADVANCED_FACE ( 'NONE', ( #2164 ), #8547, .F. ) ;
#5189 = AXIS2_PLACEMENT_3D ( 'NONE', #4057, #4933, #5822 ) ;
#5190 = CARTESIAN_POINT ( 'NONE',  ( 0.1974634846643381070, -0.1311320614195299883, 0.3009999999999999898 ) ) ;
#5191 = VERTEX_POINT ( 'NONE', #3926 ) ;
#5192 = PLANE ( 'NONE',  #5203 ) ;
#5193 = DIRECTION ( 'NONE',  ( -0.000000000000000000, -0.000000000000000000, -1.000000000000000000 ) ) ;
#5194 = MECHANICAL_DESIGN_GEOMETRIC_PRESENTATION_REPRESENTATION (  '', ( #3428 ), #6612 ) ;
#5195 = DIRECTION ( 'NONE',  ( -0.000000000000000000, 0.000000000000000000, 1.000000000000000000 ) ) ;
#5196 = CARTESIAN_POINT ( 'NONE',  ( -0.4871401738722471730, -0.3506442565414811807, 0.3009999999999999898 ) ) ;
#5197 = CARTESIAN_POINT ( 'NONE',  ( 2.774999999999999023, -0.4000000000000000222, 1.300000000000000044 ) ) ;
#5198 = CYLINDRICAL_SURFACE ( 'NONE', #7048, 0.2000000000000000944 ) ;
#5199 = VECTOR ( 'NONE', #3074, 1000.000000000000000 ) ;
#5200 = ORIENTED_EDGE ( 'NONE', *, *, #10095, .T. ) ;
#5201 = DIRECTION ( 'NONE',  ( -1.000000000000000000, 0.000000000000000000, 0.000000000000000000 ) ) ;
#5202 = CARTESIAN_POINT ( 'NONE',  ( -0.2975604553391406615, -0.1444906523385408870, 0.3010000000000001563 ) ) ;
#5203 = AXIS2_PLACEMENT_3D ( 'NONE', #3496, #2863, #439 ) ;
#5204 = DIRECTION ( 'NONE',  ( 0.000000000000000000, 1.000000000000000000, 0.000000000000000000 ) ) ;
#5205 = DIRECTION ( 'NONE',  ( 0.000000000000000000, 0.000000000000000000, -1.000000000000000000 ) ) ;
#5206 = ORIENTED_EDGE ( 'NONE', *, *, #2295, .T. ) ;
#5207 = DIRECTION ( 'NONE',  ( -0.3363908276654480889, 0.9417224702971438433, 0.000000000000000000 ) ) ;
#5208 = SURFACE_STYLE_FILL_AREA ( #145 ) ;
#5209 = SURFACE_STYLE_FILL_AREA ( #6755 ) ;
#5210 =( LENGTH_UNIT ( ) NAMED_UNIT ( * ) SI_UNIT ( .MILLI., .METRE. ) );
#5211 = EDGE_CURVE ( 'NONE', #6476, #8530, #2414, .T. ) ;
#5212 = ADVANCED_FACE ( 'NONE', ( #823 ), #4793, .T. ) ;
#5213 = AXIS2_PLACEMENT_3D ( 'NONE', #8713, #4127, #3990 ) ;
#5214 = SURFACE_STYLE_USAGE ( .BOTH. , #1992 ) ;
#5215 = EDGE_CURVE ( 'NONE', #3398, #3056, #7702, .T. ) ;
#5216 = CARTESIAN_POINT ( 'NONE',  ( -0.5468200519210277832, -0.1713759638585543588, 0.3009999999999999898 ) ) ;
#5217 = SURFACE_STYLE_FILL_AREA ( #7887 ) ;
#5218 = STYLED_ITEM ( 'NONE', ( #9166 ), #10176 ) ;
#5219 = VECTOR ( 'NONE', #8541, 1000.000000000000000 ) ;
#5220 = CARTESIAN_POINT ( 'NONE',  ( -0.2819048265380628138, -0.4292050688942663506, 0.3009999999999999898 ) ) ;
#5221 = CARTESIAN_POINT ( 'NONE',  ( 4.644999999999999574, 0.07499999999999984457, 0.2999999999999999889 ) ) ;
#5222 = CARTESIAN_POINT ( 'NONE',  ( -1.705000000000000737, -0.07500000000000012212, 0.2999999999999999889 ) ) ;
#5223 = FILL_AREA_STYLE ('',( #9169 ) ) ;
#5224 = DIRECTION ( 'NONE',  ( 0.000000000000000000, -0.000000000000000000, -1.000000000000000000 ) ) ;
#5225 =( LENGTH_UNIT ( ) NAMED_UNIT ( * ) SI_UNIT ( .MILLI., .METRE. ) );
#5226 = EDGE_CURVE ( 'NONE', #4818, #8599, #2679, .T. ) ;
#5227 = ORIENTED_EDGE ( 'NONE', *, *, #1217, .T. ) ;
#5228 = CARTESIAN_POINT ( 'NONE',  ( -2.775000000000000355, 0.4000000000000000222, 4.199999999999999289 ) ) ;
#5229 = VECTOR ( 'NONE', #740, 1000.000000000000000 ) ;
#5230 = CARTESIAN_POINT ( 'NONE',  ( -0.5520478145303516770, -0.1912155988884748914, 0.2999999999999999889 ) ) ;
#5231 = CARTESIAN_POINT ( 'NONE',  ( 1.704999999999998961, 0.07499999999999990008, 0.2999999999999999889 ) ) ;
#5232 = LINE ( 'NONE', #6227, #6205 ) ;
#5233 = B_SPLINE_SURFACE_WITH_KNOTS ( 'NONE', 3, 1, ( 
 ( #3237, #77 ),
 ( #885, #6396 ),
 ( #10254, #9467 ),
 ( #1684, #5562 ),
 ( #8777, #6360 ),
 ( #4749, #850 ),
 ( #7857, #2422 ),
 ( #4784, #11 ),
 ( #7174, #9430 ),
 ( #8742, #7909 ),
 ( #4716, #1722 ),
 ( #44, #5594 ),
 ( #4013, #3144 ),
 ( #7204, #780 ),
 ( #7977, #9537 ),
 ( #817, #3279 ),
 ( #6295, #1590 ),
 ( #7082, #6326 ),
 ( #1625, #7115 ) ),
 .UNSPECIFIED., .F., .F., .F.,
 ( 4, 1, 1, 1, 1, 1, 1, 1, 1, 1, 1, 1, 1, 1, 1, 1, 4 ),
 ( 2, 2 ),
 ( 0.000000000000000000, 0.06783324845577354267, 0.1326555365079041537, 0.1950508840508276553, 0.2555829330687771073, 0.3147998341472897366, 0.3736004728263745966, 0.4325455953267435816, 0.4924306292835653465, 0.5526712559629693988, 0.6125130441881163623, 0.6726102503570062785, 0.7338383693139457487, 0.7965942385677736715, 0.8614497992905730817, 0.9291989423509053880, 0.9999999999999998890 ),
 ( 0.000000000000000000, 1.000000000000000000 ),
 .UNSPECIFIED. ) ;
#5234 = DIRECTION ( 'NONE',  ( -1.000000000000000000, 6.776263578034402713E-17, 0.000000000000000000 ) ) ;
#5235 = MECHANICAL_DESIGN_GEOMETRIC_PRESENTATION_REPRESENTATION (  '', ( #9247 ), #6592 ) ;
#5236 = MECHANICAL_DESIGN_GEOMETRIC_PRESENTATION_REPRESENTATION (  '', ( #4696 ), #6594 ) ;
#5237 = CARTESIAN_POINT ( 'NONE',  ( -0.3524031311893204288, -0.2818752016634324398, 0.2999999999999999889 ) ) ;
#5238 = COLOUR_RGB ( '',1.000000000000000000, 1.000000000000000000, 1.000000000000000000 ) ;
#5240 = ADVANCED_FACE ( 'NONE', ( #8060 ), #7252, .T. ) ;
#5239 = CARTESIAN_POINT ( 'NONE',  ( 0.1530484873345392682, -0.3981692894296219309, 0.3000000000000000444 ) ) ;
#5241 = DIRECTION ( 'NONE',  ( 0.000000000000000000, -1.000000000000000000, 0.000000000000000000 ) ) ;
#5242 = VERTEX_POINT ( 'NONE', #5693 ) ;
#5243 = FILL_AREA_STYLE ('',( #6113 ) ) ;
#5244 = PLANE ( 'NONE',  #1122 ) ;
#5245 = FACE_OUTER_BOUND ( 'NONE', #2689, .T. ) ;
#5246 = CARTESIAN_POINT ( 'NONE',  ( 4.044999999999999041, 0.4000000000000000222, 4.199999999999999289 ) ) ;
#5247 = SURFACE_STYLE_USAGE ( .BOTH. , #8412 ) ;
#5248 = EDGE_CURVE ( 'NONE', #9208, #6199, #9448, .T. ) ;
#5249 = ORIENTED_EDGE ( 'NONE', *, *, #4369, .T. ) ;
#5250 = CYLINDRICAL_SURFACE ( 'NONE', #5189, 0.2000000000000000944 ) ;
#5251 = PRESENTATION_LAYER_ASSIGNMENT (  '', '', ( #8927 ) ) ;
#5252 = CARTESIAN_POINT ( 'NONE',  ( -0.5420182226527350267, -0.1924125492244080360, 0.3009999999999999898 ) ) ;
#5253 = UNCERTAINTY_MEASURE_WITH_UNIT (LENGTH_MEASURE( 1.000000000000000082E-05 ), #5342, 'distance_accuracy_value', 'NONE');
#5254 = MECHANICAL_DESIGN_GEOMETRIC_PRESENTATION_REPRESENTATION (  '', ( #8735 ), #5761 ) ;
#5255 = SURFACE_STYLE_FILL_AREA ( #487 ) ;
#5256 = DIRECTION ( 'NONE',  ( 0.000000000000000000, -0.7071067811865477948, 0.7071067811865473507 ) ) ;
#5257 = ORIENTED_EDGE ( 'NONE', *, *, #3422, .T. ) ;
#5258 = CARTESIAN_POINT ( 'NONE',  ( -3.575000000000001066, -0.5000000000000011102, 4.299999999999999822 ) ) ;
#5259 = CARTESIAN_POINT ( 'NONE',  ( -2.305000000000001492, -0.5000000000000011102, 4.299999999999999822 ) ) ;
#5260 =( NAMED_UNIT ( * ) PLANE_ANGLE_UNIT ( ) SI_UNIT ( $, .RADIAN. ) );
#5261 = COLOUR_RGB ( '',1.000000000000000000, 1.000000000000000000, 1.000000000000000000 ) ;
#5262 = CARTESIAN_POINT ( 'NONE',  ( -0.3203586493010897041, -0.1962067063044974913, 0.3009999999999999898 ) ) ;
#5263 = DIRECTION ( 'NONE',  ( -0.000000000000000000, 1.000000000000000000, -0.000000000000000000 ) ) ;
#5264 = FACE_OUTER_BOUND ( 'NONE', #3408, .T. ) ;
#5265 = DIRECTION ( 'NONE',  ( 0.000000000000000000, 1.000000000000000000, 0.000000000000000000 ) ) ;
#5266 = ADVANCED_FACE ( 'NONE', ( #4902 ), #1727, .F. ) ;
#5267 =( NAMED_UNIT ( * ) SI_UNIT ( $, .STERADIAN. ) SOLID_ANGLE_UNIT ( ) );
#5268 = UNCERTAINTY_MEASURE_WITH_UNIT (LENGTH_MEASURE( 1.000000000000000082E-05 ), #9111, 'distance_accuracy_value', 'NONE');
#5269 = VERTEX_POINT ( 'NONE', #7891 ) ;
#5270 = VECTOR ( 'NONE', #412, 1000.000000000000000 ) ;
#5271 = CARTESIAN_POINT ( 'NONE',  ( -0.3480744968519008387, -0.1743104642844965912, 0.3009999999999999898 ) ) ;
#5272 = VECTOR ( 'NONE', #7842, 1000.000000000000000 ) ;
#5273 =( GEOMETRIC_REPRESENTATION_CONTEXT ( 3 ) GLOBAL_UNCERTAINTY_ASSIGNED_CONTEXT ( ( #6237 ) ) GLOBAL_UNIT_ASSIGNED_CONTEXT ( ( #132, #981, #5668 ) ) REPRESENTATION_CONTEXT ( 'NONE', 'WORKASPACE' ) );
#5274 = CARTESIAN_POINT ( 'NONE',  ( 0.3756456492984844298, -0.4018637687366031774, 0.2999999999999999889 ) ) ;
#5275 = STYLED_ITEM ( 'NONE', ( #3086 ), #6638 ) ;
#5276 = ORIENTED_EDGE ( 'NONE', *, *, #7750, .F. ) ;
#5277 =( NAMED_UNIT ( * ) SI_UNIT ( $, .STERADIAN. ) SOLID_ANGLE_UNIT ( ) );
#5278 = ORIENTED_EDGE ( 'NONE', *, *, #3517, .T. ) ;
#5279 = EDGE_CURVE ( 'NONE', #1550, #6236, #2403, .T. ) ;
#5281 = VERTEX_POINT ( 'NONE', #6457 ) ;
#5280 = COLOUR_RGB ( '',1.000000000000000000, 1.000000000000000000, 1.000000000000000000 ) ;
#5282 = CARTESIAN_POINT ( 'NONE',  ( -0.07801288728688136886, -0.2664979150780665829, 0.3009999999999999898 ) ) ;
#5283 = LINE ( 'NONE', #6717, #9082 ) ;
#5284 = FILL_AREA_STYLE_COLOUR ( '', #9728 ) ;
#5285 = ORIENTED_EDGE ( 'NONE', *, *, #1584, .F. ) ;
#5286 = EDGE_LOOP ( 'NONE', ( #742, #8551, #7851, #1688 ) ) ;
#5287 = EDGE_CURVE ( 'NONE', #5479, #9682, #690, .T. ) ;
#5288 =( GEOMETRIC_REPRESENTATION_CONTEXT ( 3 ) GLOBAL_UNCERTAINTY_ASSIGNED_CONTEXT ( ( #676 ) ) GLOBAL_UNIT_ASSIGNED_CONTEXT ( ( #5408, #6178, #4628 ) ) REPRESENTATION_CONTEXT ( 'NONE', 'WORKASPACE' ) );
#5289 = ORIENTED_EDGE ( 'NONE', *, *, #3153, .T. ) ;
#5290 = EDGE_LOOP ( 'NONE', ( #3765, #3822, #5608, #6413 ) ) ;
#5291 = CARTESIAN_POINT ( 'NONE',  ( -4.645000000000000462, 0.07499999999999990008, -5.227200187265875542 ) ) ;
#5292 = CARTESIAN_POINT ( 'NONE',  ( -5.915000000000000924, 0.07499999999999990008, -2.199999999999999734 ) ) ;
#5293 =( NAMED_UNIT ( * ) SI_UNIT ( $, .STERADIAN. ) SOLID_ANGLE_UNIT ( ) );
#5294 = CARTESIAN_POINT ( 'NONE',  ( -5.915000000000000924, -0.07500000000000009437, 0.2999999999999999889 ) ) ;
#5295 = ORIENTED_EDGE ( 'NONE', *, *, #3291, .F. ) ;
#5296 = ORIENTED_EDGE ( 'NONE', *, *, #6286, .T. ) ;
#5297 = SURFACE_STYLE_FILL_AREA ( #4579 ) ;
#5298 = PRESENTATION_LAYER_ASSIGNMENT (  '', '', ( #2095 ) ) ;
#5299 = AXIS2_PLACEMENT_3D ( 'NONE', #653, #8431, #10022 ) ;
#5300 = ORIENTED_EDGE ( 'NONE', *, *, #1378, .T. ) ;
#5301 = VECTOR ( 'NONE', #4493, 1000.000000000000000 ) ;
#5302 = VERTEX_POINT ( 'NONE', #7311 ) ;
#5303 =( LENGTH_UNIT ( ) NAMED_UNIT ( * ) SI_UNIT ( .MILLI., .METRE. ) );
#5304 = EDGE_CURVE ( 'NONE', #85, #6818, #3384, .T. ) ;
#5305 = DIRECTION ( 'NONE',  ( 0.000000000000000000, -1.000000000000000000, 0.000000000000000000 ) ) ;
#5306 = EDGE_LOOP ( 'NONE', ( #634, #3208, #312, #8241 ) ) ;
#5307 = DIRECTION ( 'NONE',  ( 1.000000000000000000, 0.000000000000000000, 0.000000000000000000 ) ) ;
#5308 = CARTESIAN_POINT ( 'NONE',  ( 4.644999999999999574, -0.07500000000000012212, -5.227200187265875542 ) ) ;
#5309 = CARTESIAN_POINT ( 'NONE',  ( -0.5524221860673690365, -0.1924125492244080915, 0.2999999999999999889 ) ) ;
#5310 = EDGE_CURVE ( 'NONE', #8300, #2201, #7328, .T. ) ;
#5311 = ORIENTED_EDGE ( 'NONE', *, *, #2342, .T. ) ;
#5312 = CARTESIAN_POINT ( 'NONE',  ( 2.304999999999998828, 0.4000000000000000222, 1.300000000000000044 ) ) ;
#5313 = UNCERTAINTY_MEASURE_WITH_UNIT (LENGTH_MEASURE( 1.000000000000000082E-05 ), #2160, 'distance_accuracy_value', 'NONE');
#5314 = AXIS2_PLACEMENT_3D ( 'NONE', #1, #9630, #3430 ) ;
#5315 = MECHANICAL_DESIGN_GEOMETRIC_PRESENTATION_REPRESENTATION (  '', ( #2647 ), #3035 ) ;
#5316 = STYLED_ITEM ( 'NONE', ( #8527 ), #1288 ) ;
#5317 = CARTESIAN_POINT ( 'NONE',  ( -5.715000000000000746, 0.07499999999999987232, -2.399999999999999911 ) ) ;
#5318 = CARTESIAN_POINT ( 'NONE',  ( 0.2616955146470927862, -0.1828050006675500661, 0.3009999999999998233 ) ) ;
#5319 = EDGE_LOOP ( 'NONE', ( #6498, #4100, #6653, #5751, #2766 ) ) ;
#5320 = ADVANCED_FACE ( 'NONE', ( #6843 ), #8161, .T. ) ;
#5321 = PRESENTATION_STYLE_ASSIGNMENT (( #6183 ) ) ;
#5322 = VERTEX_POINT ( 'NONE', #8948 ) ;
#5323 =( LENGTH_UNIT ( ) NAMED_UNIT ( * ) SI_UNIT ( .MILLI., .METRE. ) );
#5324 = VECTOR ( 'NONE', #979, 1000.000000000000000 ) ;
#5325 = ORIENTED_EDGE ( 'NONE', *, *, #4812, .T. ) ;
#5326 = CARTESIAN_POINT ( 'NONE',  ( -0.5280128872868813383, -0.1347905980048958452, 0.3009999999999999898 ) ) ;
#5327 =( GEOMETRIC_REPRESENTATION_CONTEXT ( 3 ) GLOBAL_UNCERTAINTY_ASSIGNED_CONTEXT ( ( #5887 ) ) GLOBAL_UNIT_ASSIGNED_CONTEXT ( ( #1340, #8331, #4523 ) ) REPRESENTATION_CONTEXT ( 'NONE', 'WORKASPACE' ) );
#5328 = CARTESIAN_POINT ( 'NONE',  ( 0.5293041858838503089, -0.1347905980048958452, 0.3009999999999999898 ) ) ;
#5329 = VECTOR ( 'NONE', #6209, 1000.000000000000000 ) ;
#5330 = AXIS2_PLACEMENT_3D ( 'NONE', #10243, #9527, #9420 ) ;
#5331 = PLANE ( 'NONE',  #2573 ) ;
#5332 = CARTESIAN_POINT ( 'NONE',  ( -0.2482805837756875411, -0.1679768480216788651, 0.2999999999999999334 ) ) ;
#5333 = PLANE ( 'NONE',  #1562 ) ;
#5334 = SURFACE_STYLE_FILL_AREA ( #49 ) ;
#5335 =( NAMED_UNIT ( * ) PLANE_ANGLE_UNIT ( ) SI_UNIT ( $, .RADIAN. ) );
#5336 = COLOUR_RGB ( '',1.000000000000000000, 1.000000000000000000, 1.000000000000000000 ) ;
#5337 = DIRECTION ( 'NONE',  ( -0.000000000000000000, -0.000000000000000000, -1.000000000000000000 ) ) ;
#5338 = SURFACE_SIDE_STYLE ('',( #7760 ) ) ;
#5339 = CARTESIAN_POINT ( 'NONE',  ( -0.4972583141161497355, -0.3177174272731885241, 0.3009999999999999898 ) ) ;
#5340 = EDGE_CURVE ( 'NONE', #4837, #5664, #2666, .T. ) ;
#5341 =( LENGTH_UNIT ( ) NAMED_UNIT ( * ) SI_UNIT ( .MILLI., .METRE. ) );
#5342 =( LENGTH_UNIT ( ) NAMED_UNIT ( * ) SI_UNIT ( .MILLI., .METRE. ) );
#5343 = COLOUR_RGB ( '',0.5019607843137254832, 0.5019607843137254832, 0.5019607843137254832 ) ;
#5344 = FACE_OUTER_BOUND ( 'NONE', #9719, .T. ) ;
#5345 = PRESENTATION_STYLE_ASSIGNMENT (( #2568 ) ) ;
#5346 = DIRECTION ( 'NONE',  ( -0.000000000000000000, -0.000000000000000000, -1.000000000000000000 ) ) ;
#5347 = ORIENTED_EDGE ( 'NONE', *, *, #5628, .T. ) ;
#5348 = ORIENTED_EDGE ( 'NONE', *, *, #7380, .T. ) ;
#5349 = PLANE ( 'NONE',  #1808 ) ;
#5350 = VECTOR ( 'NONE', #9131, 1000.000000000000000 ) ;
#5351 =( NAMED_UNIT ( * ) SI_UNIT ( $, .STERADIAN. ) SOLID_ANGLE_UNIT ( ) );
#5352 = DIRECTION ( 'NONE',  ( 0.5773502691896258421, 0.5773502691896255090, -0.5773502691896258421 ) ) ;
#5353 = EDGE_CURVE ( 'NONE', #4996, #6623, #3898, .T. ) ;
#5354 = MECHANICAL_DESIGN_GEOMETRIC_PRESENTATION_REPRESENTATION (  '', ( #2481 ), #2343 ) ;
#5355 = EDGE_CURVE ( 'NONE', #6686, #5439, #3033, .T. ) ;
#5356 =( LENGTH_UNIT ( ) NAMED_UNIT ( * ) SI_UNIT ( .MILLI., .METRE. ) );
#5357 = AXIS2_PLACEMENT_3D ( 'NONE', #6657, #7299, #8219 ) ;
#5358 =( GEOMETRIC_REPRESENTATION_CONTEXT ( 3 ) GLOBAL_UNCERTAINTY_ASSIGNED_CONTEXT ( ( #2187 ) ) GLOBAL_UNIT_ASSIGNED_CONTEXT ( ( #4076, #65, #7931 ) ) REPRESENTATION_CONTEXT ( 'NONE', 'WORKASPACE' ) );
#5359 = ORIENTED_EDGE ( 'NONE', *, *, #7821, .F. ) ;
#5360 = DIRECTION ( 'NONE',  ( 1.000000000000000000, 0.000000000000000000, 0.000000000000000000 ) ) ;
#5361 = SURFACE_SIDE_STYLE ('',( #4584 ) ) ;
#5362 = CARTESIAN_POINT ( 'NONE',  ( -0.5464702271792907240, -0.1735122315450206287, 0.3009999999999999898 ) ) ;
#5363 = PRESENTATION_STYLE_ASSIGNMENT (( #8402 ) ) ;
#5364 = DIRECTION ( 'NONE',  ( 1.000000000000000000, 0.000000000000000000, 0.000000000000000000 ) ) ;
#5365 = ORIENTED_EDGE ( 'NONE', *, *, #6368, .F. ) ;
#5366 = CARTESIAN_POINT ( 'NONE',  ( -4.845000000000001528, -0.4000000000000000222, 1.300000000000000044 ) ) ;
#5367 = CARTESIAN_POINT ( 'NONE',  ( -0.3400706433952894736, -0.2217807515821046127, 0.2999999999999999889 ) ) ;
#5368 =( NAMED_UNIT ( * ) PLANE_ANGLE_UNIT ( ) SI_UNIT ( $, .RADIAN. ) );
#5369 = EDGE_CURVE ( 'NONE', #4575, #4219, #3270, .T. ) ;
#5370 = CARTESIAN_POINT ( 'NONE',  ( 4.311666666666665648, -0.1333333333333335535, 3.933333333333332238 ) ) ;
#5371 = ADVANCED_FACE ( 'NONE', ( #8704 ), #8123, .T. ) ;
#5372 = FACE_OUTER_BOUND ( 'NONE', #200, .T. ) ;
#5373 = ORIENTED_EDGE ( 'NONE', *, *, #2813, .F. ) ;
#5374 = CARTESIAN_POINT ( 'NONE',  ( 0.2960532993198346507, -0.1645136980923813941, 0.2999999999999999889 ) ) ;
#5375 =( GEOMETRIC_REPRESENTATION_CONTEXT ( 3 ) GLOBAL_UNCERTAINTY_ASSIGNED_CONTEXT ( ( #2127 ) ) GLOBAL_UNIT_ASSIGNED_CONTEXT ( ( #513, #5260, #2125 ) ) REPRESENTATION_CONTEXT ( 'NONE', 'WORKASPACE' ) );
#5376 = MECHANICAL_DESIGN_GEOMETRIC_PRESENTATION_REPRESENTATION (  '', ( #5747 ), #8913 ) ;
#5378 = ORIENTED_EDGE ( 'NONE', *, *, #7316, .T. ) ;
#5377 = SURFACE_STYLE_USAGE ( .BOTH. , #6926 ) ;
#5379 = PRESENTATION_LAYER_ASSIGNMENT (  '', '', ( #8307 ) ) ;
#5380 = FILL_AREA_STYLE ('',( #6111 ) ) ;
#5381 =( NAMED_UNIT ( * ) PLANE_ANGLE_UNIT ( ) SI_UNIT ( $, .RADIAN. ) );
#5382 = FILL_AREA_STYLE ('',( #2269 ) ) ;
#5383 = LINE ( 'NONE', #454, #3234 ) ;
#5384 = VERTEX_POINT ( 'NONE', #3382 ) ;
#5385 = DIRECTION ( 'NONE',  ( 1.000000000000000000, 0.000000000000000000, 0.000000000000000000 ) ) ;
#5386 = DIRECTION ( 'NONE',  ( -1.000000000000000000, 0.000000000000000000, -0.000000000000000000 ) ) ;
#5387 = UNCERTAINTY_MEASURE_WITH_UNIT (LENGTH_MEASURE( 1.000000000000000082E-05 ), #8003, 'distance_accuracy_value', 'NONE');
#5388 = COLOUR_RGB ( '',0.5019607843137254832, 0.5019607843137254832, 0.5019607843137254832 ) ;
#5389 = VECTOR ( 'NONE', #7729, 999.9999999999998863 ) ;
#5390 = FILL_AREA_STYLE_COLOUR ( '', #8565 ) ;
#5391 = MECHANICAL_DESIGN_GEOMETRIC_PRESENTATION_REPRESENTATION (  '', ( #1673 ), #8168 ) ;
#5392 = EDGE_LOOP ( 'NONE', ( #2709, #2038, #6766, #3166 ) ) ;
#5393 = CARTESIAN_POINT ( 'NONE',  ( -0.2340151738722471841, -0.4018637687366031774, 0.3009999999999999898 ) ) ;
#5394 = PRESENTATION_LAYER_ASSIGNMENT (  '', '', ( #1155 ) ) ;
#5395 = SURFACE_STYLE_FILL_AREA ( #5919 ) ;
#5396 = FACE_OUTER_BOUND ( 'NONE', #6281, .T. ) ;
#5397 =( NAMED_UNIT ( * ) PLANE_ANGLE_UNIT ( ) SI_UNIT ( $, .RADIAN. ) );
#5398 = DIRECTION ( 'NONE',  ( 0.000000000000000000, 1.000000000000000000, 0.000000000000000000 ) ) ;
#5399 =( LENGTH_UNIT ( ) NAMED_UNIT ( * ) SI_UNIT ( .MILLI., .METRE. ) );
#5400 = CARTESIAN_POINT ( 'NONE',  ( -0.3521137054797058297, -0.2683470725099701970, 0.2999999999999999889 ) ) ;
#5401 = ORIENTED_EDGE ( 'NONE', *, *, #8813, .T. ) ;
#5402 = PLANE ( 'NONE',  #7425 ) ;
#5403 = VECTOR ( 'NONE', #2905, 1000.000000000000000 ) ;
#5404 = MECHANICAL_DESIGN_GEOMETRIC_PRESENTATION_REPRESENTATION (  '', ( #1505 ), #1166 ) ;
#5405 = CARTESIAN_POINT ( 'NONE',  ( -6.464999999999997193, -0.5000000000000000000, 0.2999999999999999889 ) ) ;
#5406 = CARTESIAN_POINT ( 'NONE',  ( 0.3172247580838090109, -0.1860762978488490205, 0.3000000000000000444 ) ) ;
#5407 = ORIENTED_EDGE ( 'NONE', *, *, #4759, .F. ) ;
#5408 =( LENGTH_UNIT ( ) NAMED_UNIT ( * ) SI_UNIT ( .MILLI., .METRE. ) );
#5409 =( LENGTH_UNIT ( ) NAMED_UNIT ( * ) SI_UNIT ( .MILLI., .METRE. ) );
#5410 = DIRECTION ( 'NONE',  ( -0.000000000000000000, 0.000000000000000000, 1.000000000000000000 ) ) ;
#5412 = VERTEX_POINT ( 'NONE', #5898 ) ;
#5411 = DIRECTION ( 'NONE',  ( -0.000000000000000000, -0.000000000000000000, -1.000000000000000000 ) ) ;
#5413 = DIRECTION ( 'NONE',  ( 1.000000000000000000, 0.000000000000000000, 0.000000000000000000 ) ) ;
#5414 = AXIS2_PLACEMENT_3D ( 'NONE', #4380, #3573, #5160 ) ;
#5415 = ORIENTED_EDGE ( 'NONE', *, *, #6194, .F. ) ;
#5416 = CARTESIAN_POINT ( 'NONE',  ( 0.1268651614936064098, -0.4192418175170909422, 0.3009999999999999898 ) ) ;
#5417 = EDGE_CURVE ( 'NONE', #8570, #9758, #5147, .T. ) ;
#5418 = SURFACE_STYLE_USAGE ( .BOTH. , #2272 ) ;
#5419 = CARTESIAN_POINT ( 'NONE',  ( -0.4585006921649301126, -0.4347905980048958341, 0.2999999999999999889 ) ) ;
#5420 = PLANE ( 'NONE',  #943 ) ;
#5421 = ADVANCED_FACE ( 'NONE', ( #7922 ), #9681, .F. ) ;
#5422 = ORIENTED_EDGE ( 'NONE', *, *, #3455, .T. ) ;
#5423 = VERTEX_POINT ( 'NONE', #2580 ) ;
#5424 = CARTESIAN_POINT ( 'NONE',  ( 0.02808467368872833575, -0.1677174272731885296, 0.2999999999999999889 ) ) ;
#5425 = CARTESIAN_POINT ( 'NONE',  ( -5.715000000000001634, -0.07500000000000009437, -2.199999999999999734 ) ) ;
#5426 = EDGE_LOOP ( 'NONE', ( #9199, #1038, #4509, #6408 ) ) ;
#5427 = DIRECTION ( 'NONE',  ( 1.000000000000000000, 0.000000000000000000, 0.000000000000000000 ) ) ;
#5428 = ORIENTED_EDGE ( 'NONE', *, *, #724, .F. ) ;
#5429 = FILL_AREA_STYLE ('',( #3744 ) ) ;
#5430 = CARTESIAN_POINT ( 'NONE',  ( 0.1871658276227928519, -0.1312058777696166190, 0.2999999999999999334 ) ) ;
#5431 = SURFACE_SIDE_STYLE ('',( #8250 ) ) ;
#5432 = SURFACE_SIDE_STYLE ('',( #6367 ) ) ;
#5433 = CARTESIAN_POINT ( 'NONE',  ( -1.771666666666667833, -0.1333333333333332205, 3.933333333333332238 ) ) ;
#5434 = MECHANICAL_DESIGN_GEOMETRIC_PRESENTATION_REPRESENTATION (  '', ( #2771 ), #6009 ) ;
#5435 = AXIS2_PLACEMENT_3D ( 'NONE', #6876, #3816, #2150 ) ;
#5436 = DIRECTION ( 'NONE',  ( 0.000000000000000000, 0.000000000000000000, -1.000000000000000000 ) ) ;
#5437 = ORIENTED_EDGE ( 'NONE', *, *, #6774, .T. ) ;
#5438 = SURFACE_STYLE_FILL_AREA ( #3288 ) ;
#5439 = VERTEX_POINT ( 'NONE', #432 ) ;
#5440 = UNCERTAINTY_MEASURE_WITH_UNIT (LENGTH_MEASURE( 1.000000000000000082E-05 ), #3501, 'distance_accuracy_value', 'NONE');
#5441 = DIRECTION ( 'NONE',  ( 0.000000000000000000, 0.000000000000000000, 1.000000000000000000 ) ) ;
#5442 = CARTESIAN_POINT ( 'NONE',  ( 4.244999999999999218, 0.07499999999999990008, 0.2999999999999999889 ) ) ;
#5443 =( NAMED_UNIT ( * ) SI_UNIT ( $, .STERADIAN. ) SOLID_ANGLE_UNIT ( ) );
#5444 =( NAMED_UNIT ( * ) PLANE_ANGLE_UNIT ( ) SI_UNIT ( $, .RADIAN. ) );
#5445 = CARTESIAN_POINT ( 'NONE',  ( -1.705000000000000737, -0.07500000000000012212, -2.199999999999999734 ) ) ;
#5446 =( NAMED_UNIT ( * ) PLANE_ANGLE_UNIT ( ) SI_UNIT ( $, .RADIAN. ) );
#5447 = EDGE_CURVE ( 'NONE', #982, #519, #3764, .T. ) ;
#5448 = PRESENTATION_STYLE_ASSIGNMENT (( #4760 ) ) ;
#5449 = CARTESIAN_POINT ( 'NONE',  ( 0.1268651614936064098, -0.4192418175170909422, 0.2999999999999999889 ) ) ;
#5450 = ORIENTED_EDGE ( 'NONE', *, *, #4603, .T. ) ;
#5451 = FACE_OUTER_BOUND ( 'NONE', #6293, .T. ) ;
#5452 = MECHANICAL_DESIGN_GEOMETRIC_PRESENTATION_REPRESENTATION (  '', ( #1737 ), #7520 ) ;
#5453 = CARTESIAN_POINT ( 'NONE',  ( -4.045000000000000817, 0.4000000000000000222, 1.300000000000000044 ) ) ;
#5454 =( LENGTH_UNIT ( ) NAMED_UNIT ( * ) SI_UNIT ( .MILLI., .METRE. ) );
#5455 = VECTOR ( 'NONE', #7730, 1000.000000000000000 ) ;
#5456 = EDGE_LOOP ( 'NONE', ( #711, #2888, #6292, #266 ) ) ;
#5457 = CARTESIAN_POINT ( 'NONE',  ( -0.3754844338937847747, -0.2079589841106359305, 0.2999999999999999889 ) ) ;
#5458 = DIRECTION ( 'NONE',  ( 0.5773502691896258421, 0.5773502691896255090, -0.5773502691896258421 ) ) ;
#5459 = PRESENTATION_STYLE_ASSIGNMENT (( #1892 ) ) ;
#5460 = COLOUR_RGB ( '',1.000000000000000000, 1.000000000000000000, 1.000000000000000000 ) ;
#5461 = CARTESIAN_POINT ( 'NONE',  ( -2.105000000000000870, -0.07500000000000009437, 0.2999999999999999889 ) ) ;
#5462 = STYLED_ITEM ( 'NONE', ( #8533 ), #9859 ) ;
#5463 = FILL_AREA_STYLE_COLOUR ( '', #3750 ) ;
#5464 = DIRECTION ( 'NONE',  ( -1.000000000000000000, 0.000000000000000000, 0.000000000000000000 ) ) ;
#5465 = CARTESIAN_POINT ( 'NONE',  ( 6.115000000000000213, -0.4000000000000000222, 4.199999999999999289 ) ) ;
#5466 = FILL_AREA_STYLE_COLOUR ( '', #1635 ) ;
#5467 = FILL_AREA_STYLE ('',( #7092 ) ) ;
#5468 = ADVANCED_FACE ( 'NONE', ( #5993 ), #6705, .F. ) ;
#5469 = VECTOR ( 'NONE', #7505, 1000.000000000000000 ) ;
#5470 = LINE ( 'NONE', #7724, #3336 ) ;
#5471 = PRESENTATION_LAYER_ASSIGNMENT (  '', '', ( #5787 ) ) ;
#5472 = FACE_OUTER_BOUND ( 'NONE', #7409, .T. ) ;
#5473 = CARTESIAN_POINT ( 'NONE',  ( 0.2580692873647508767, -0.1417831696601838110, 0.3000000000000000444 ) ) ;
#5474 = CARTESIAN_POINT ( 'NONE',  ( 0.2795284599083955879, -0.4228606829649745324, 0.3010000000000000453 ) ) ;
#5475 = EDGE_CURVE ( 'NONE', #7155, #9348, #9066, .T. ) ;
#5476 = SURFACE_SIDE_STYLE ('',( #5121 ) ) ;
#5477 = SURFACE_SIDE_STYLE ('',( #4965 ) ) ;
#5478 = PLANE ( 'NONE',  #3159 ) ;
#5479 = VERTEX_POINT ( 'NONE', #1289 ) ;
#5480 =( NAMED_UNIT ( * ) PLANE_ANGLE_UNIT ( ) SI_UNIT ( $, .RADIAN. ) );
#5481 = ADVANCED_FACE ( 'NONE', ( #2783 ), #3593, .T. ) ;
#5482 = FACE_OUTER_BOUND ( 'NONE', #4236, .T. ) ;
#5483 = CARTESIAN_POINT ( 'NONE',  ( 0.1783909163399616526, -0.1651737199795262068, 0.3009999999999999343 ) ) ;
#5484 = ORIENTED_EDGE ( 'NONE', *, *, #3534, .F. ) ;
#5485 = CARTESIAN_POINT ( 'NONE',  ( 0.2368374618579532354, -0.4012688863928984828, 0.3010000000000000453 ) ) ;
#5486 = DIRECTION ( 'NONE',  ( -0.000000000000000000, -0.000000000000000000, 1.000000000000000000 ) ) ;
#5487 = EDGE_CURVE ( 'NONE', #578, #7169, #9313, .T. ) ;
#5488 = STYLED_ITEM ( 'NONE', ( #6685 ), #6080 ) ;
#5489 = ORIENTED_EDGE ( 'NONE', *, *, #8644, .F. ) ;
#5490 = CARTESIAN_POINT ( 'NONE',  ( 3.574999999999999289, 0.4000000000000000222, 1.300000000000000044 ) ) ;
#5491 = CARTESIAN_POINT ( 'NONE',  ( -4.045000000000000817, 0.4000000000000000222, 4.199999999999999289 ) ) ;
#5492 = COLOUR_RGB ( '',0.5019607843137254832, 0.5019607843137254832, 0.5019607843137254832 ) ;
#5493 = AXIS2_PLACEMENT_3D ( 'NONE', #5885, #8257, #1309 ) ;
#5494 = AXIS2_PLACEMENT_3D ( 'NONE', #3249, #6407, #1002 ) ;
#5495 = VERTEX_POINT ( 'NONE', #6626 ) ;
#5496 = MANIFOLD_SOLID_BREP ( '�г�-����3', #2615 ) ;
#5497 = CARTESIAN_POINT ( 'NONE',  ( -6.115000000000001101, -0.4000000000000000222, 4.199999999999999289 ) ) ;
#5498 = DIRECTION ( 'NONE',  ( 0.000000000000000000, -1.000000000000000000, 0.000000000000000000 ) ) ;
#5499 = CARTESIAN_POINT ( 'NONE',  ( -0.3029703435130143285, -0.1836569452220042087, 0.3000000000000000999 ) ) ;
#5500 = PRESENTATION_STYLE_ASSIGNMENT (( #9784 ) ) ;
#5501 = CARTESIAN_POINT ( 'NONE',  ( 1.034999999999999476, 0.4000000000000000222, 1.300000000000000044 ) ) ;
#5502 = EDGE_CURVE ( 'NONE', #1651, #6623, #4889, .T. ) ;
#5503 = PRESENTATION_STYLE_ASSIGNMENT (( #8544 ) ) ;
#5504 = CARTESIAN_POINT ( 'NONE',  ( 0.6349999999999992317, 0.07499999999999987232, -2.199999999999999734 ) ) ;
#5505 = EDGE_CURVE ( 'NONE', #2881, #5979, #5868, .T. ) ;
#5506 = ORIENTED_EDGE ( 'NONE', *, *, #10264, .T. ) ;
#5507 = CARTESIAN_POINT ( 'NONE',  ( 0.2028818377552522589, -0.1312581289235660031, 0.2999999999999999889 ) ) ;
#5508 = PRESENTATION_LAYER_ASSIGNMENT (  '', '', ( #1474 ) ) ;
#5509 = COLOUR_RGB ( '',0.5019607843137254832, 0.5019607843137254832, 0.5019607843137254832 ) ;
#5510 = PRESENTATION_LAYER_ASSIGNMENT (  '', '', ( #4231 ) ) ;
#5511 = SURFACE_SIDE_STYLE ('',( #3598 ) ) ;
#5512 = UNCERTAINTY_MEASURE_WITH_UNIT (LENGTH_MEASURE( 1.000000000000000082E-05 ), #9936, 'distance_accuracy_value', 'NONE');
#5513 = DIRECTION ( 'NONE',  ( 1.000000000000000000, -1.355252715606880543E-16, 0.000000000000000000 ) ) ;
#5514 = MECHANICAL_DESIGN_GEOMETRIC_PRESENTATION_REPRESENTATION (  '', ( #4972 ), #6034 ) ;
#5515 = CARTESIAN_POINT ( 'NONE',  ( -4.845000000000001528, -0.4000000000000000222, 1.300000000000000044 ) ) ;
#5516 = SURFACE_SIDE_STYLE ('',( #8749 ) ) ;
#5517 = VERTEX_POINT ( 'NONE', #4254 ) ;
#5518 = CARTESIAN_POINT ( 'NONE',  ( -4.245000000000000107, 0.07499999999999984457, 0.2999999999999999889 ) ) ;
#5519 = COLOUR_RGB ( '',1.000000000000000000, 1.000000000000000000, 1.000000000000000000 ) ;
#5520 = COLOUR_RGB ( '',1.000000000000000000, 1.000000000000000000, 1.000000000000000000 ) ;
#5521 = ADVANCED_FACE ( 'NONE', ( #2775 ), #2805, .F. ) ;
#5522 =( GEOMETRIC_REPRESENTATION_CONTEXT ( 3 ) GLOBAL_UNCERTAINTY_ASSIGNED_CONTEXT ( ( #6318 ) ) GLOBAL_UNIT_ASSIGNED_CONTEXT ( ( #6802, #6066, #7584 ) ) REPRESENTATION_CONTEXT ( 'NONE', 'WORKASPACE' ) );
#5523 = CARTESIAN_POINT ( 'NONE',  ( 0.2806918297060396750, -0.3738932367915125954, 0.3010000000000000453 ) ) ;
#5524 = VERTEX_POINT ( 'NONE', #7510 ) ;
#5525 =( GEOMETRIC_REPRESENTATION_CONTEXT ( 3 ) GLOBAL_UNCERTAINTY_ASSIGNED_CONTEXT ( ( #9915 ) ) GLOBAL_UNIT_ASSIGNED_CONTEXT ( ( #7934, #7141, #877 ) ) REPRESENTATION_CONTEXT ( 'NONE', 'WORKASPACE' ) );
#5526 = EDGE_LOOP ( 'NONE', ( #9783, #9832, #4591, #4023 ) ) ;
#5527 = FILL_AREA_STYLE ('',( #2464 ) ) ;
#5528 = CIRCLE ( 'NONE', #2586, 0.2000000000000000944 ) ;
#5529 =( NAMED_UNIT ( * ) SI_UNIT ( $, .STERADIAN. ) SOLID_ANGLE_UNIT ( ) );
#5530 = ORIENTED_EDGE ( 'NONE', *, *, #1437, .T. ) ;
#5531 = CARTESIAN_POINT ( 'NONE',  ( 0.2580692873647508767, -0.1417831696601838110, 0.3000000000000001554 ) ) ;
#5532 =( LENGTH_UNIT ( ) NAMED_UNIT ( * ) SI_UNIT ( .MILLI., .METRE. ) );
#5533 =( NAMED_UNIT ( * ) SI_UNIT ( $, .STERADIAN. ) SOLID_ANGLE_UNIT ( ) );
#5534 = CARTESIAN_POINT ( 'NONE',  ( -0.2604786860262924830, -0.1693131289549649754, 0.3000000000000000999 ) ) ;
#5535 = EDGE_LOOP ( 'NONE', ( #4433, #609, #3032, #5174 ) ) ;
#5536 =( GEOMETRIC_REPRESENTATION_CONTEXT ( 3 ) GLOBAL_UNCERTAINTY_ASSIGNED_CONTEXT ( ( #3763 ) ) GLOBAL_UNIT_ASSIGNED_CONTEXT ( ( #373, #1227, #6681 ) ) REPRESENTATION_CONTEXT ( 'NONE', 'WORKASPACE' ) );
#5537 = SURFACE_SIDE_STYLE ('',( #4185 ) ) ;
#5538 = ORIENTED_EDGE ( 'NONE', *, *, #7360, .T. ) ;
#5539 = LINE ( 'NONE', #3105, #6993 ) ;
#5540 = ORIENTED_EDGE ( 'NONE', *, *, #801, .T. ) ;
#5541 = CARTESIAN_POINT ( 'NONE',  ( -0.3212401322061070319, -0.3704471403891262948, 0.3000000000000001554 ) ) ;
#5543 = COLOUR_RGB ( '',0.5019607843137254832, 0.5019607843137254832, 0.5019607843137254832 ) ;
#5542 = CARTESIAN_POINT ( 'NONE',  ( -0.2327575519210277888, -0.4347905980048958896, 0.3010000000000000453 ) ) ;
#5544 = DIRECTION ( 'NONE',  ( -0.000000000000000000, 0.000000000000000000, 1.000000000000000000 ) ) ;
#5545 = ORIENTED_EDGE ( 'NONE', *, *, #7652, .T. ) ;
#5546 = DIRECTION ( 'NONE',  ( -0.000000000000000000, -0.000000000000000000, 1.000000000000000000 ) ) ;
#5547 = LINE ( 'NONE', #1321, #4168 ) ;
#5548 = EDGE_CURVE ( 'NONE', #6243, #7239, #2394, .T. ) ;
#5549 = STYLED_ITEM ( 'NONE', ( #6097 ), #5673 ) ;
#5550 = CARTESIAN_POINT ( 'NONE',  ( -0.08532996045761305492, -0.1347905980048958452, 0.3009999999999999898 ) ) ;
#5551 = VERTEX_POINT ( 'NONE', #7374 ) ;
#5552 = CARTESIAN_POINT ( 'NONE',  ( 0.1746527496577898186, -0.4359106366065304550, 0.2999999999999999889 ) ) ;
#5553 = EDGE_CURVE ( 'NONE', #519, #8803, #672, .T. ) ;
#5554 = EDGE_LOOP ( 'NONE', ( #1213, #3922, #9417, #3155 ) ) ;
#5555 = VERTEX_POINT ( 'NONE', #1885 ) ;
#5556 = PRESENTATION_LAYER_ASSIGNMENT (  '', '', ( #5680 ) ) ;
#5557 =( GEOMETRIC_REPRESENTATION_CONTEXT ( 3 ) GLOBAL_UNCERTAINTY_ASSIGNED_CONTEXT ( ( #2062 ) ) GLOBAL_UNIT_ASSIGNED_CONTEXT ( ( #6088, #633, #6114 ) ) REPRESENTATION_CONTEXT ( 'NONE', 'WORKASPACE' ) );
#5558 = PRESENTATION_STYLE_ASSIGNMENT (( #6382 ) ) ;
#5559 = CARTESIAN_POINT ( 'NONE',  ( 1.404999999999997362, 0.4000000000000000222, 4.299999999999999822 ) ) ;
#5560 = ORIENTED_EDGE ( 'NONE', *, *, #6967, .T. ) ;
#5561 = CARTESIAN_POINT ( 'NONE',  ( -1.035000000000001252, 0.4000000000000000222, 1.300000000000000044 ) ) ;
#5562 = CARTESIAN_POINT ( 'NONE',  ( 0.2396806286255219465, -0.4361952830374412615, 0.2999999999999999334 ) ) ;
#5563 = EDGE_CURVE ( 'NONE', #4779, #9540, #165, .T. ) ;
#5564 = EDGE_LOOP ( 'NONE', ( #4399, #9299, #5616, #9588 ) ) ;
#5565 = DIRECTION ( 'NONE',  ( -0.000000000000000000, -0.000000000000000000, 1.000000000000000000 ) ) ;
#5566 = PRESENTATION_STYLE_ASSIGNMENT (( #7449 ) ) ;
#5567 =( NAMED_UNIT ( * ) SI_UNIT ( $, .STERADIAN. ) SOLID_ANGLE_UNIT ( ) );
#5568 = CARTESIAN_POINT ( 'NONE',  ( -0.5477918507015154814, -0.1713759638585543588, 0.3009999999999999898 ) ) ;
#5569 = ORIENTED_EDGE ( 'NONE', *, *, #5417, .T. ) ;
#5570 = UNCERTAINTY_MEASURE_WITH_UNIT (LENGTH_MEASURE( 1.000000000000000082E-05 ), #7854, 'distance_accuracy_value', 'NONE');
#5571 = STYLED_ITEM ( 'NONE', ( #3206 ), #3956 ) ;
#5572 =( LENGTH_UNIT ( ) NAMED_UNIT ( * ) SI_UNIT ( .MILLI., .METRE. ) );
#5573 = ORIENTED_EDGE ( 'NONE', *, *, #2622, .T. ) ;
#5574 = VECTOR ( 'NONE', #2233, 1000.000000000000000 ) ;
#5575 = DIRECTION ( 'NONE',  ( -0.5773502691896258421, 0.5773502691896255090, 0.5773502691896258421 ) ) ;
#5576 = PRESENTATION_STYLE_ASSIGNMENT (( #5624 ) ) ;
#5577 = DIRECTION ( 'NONE',  ( 1.000000000000000000, 0.000000000000000000, 0.000000000000000000 ) ) ;
#5578 = DIRECTION ( 'NONE',  ( -0.000000000000000000, -0.000000000000000000, -1.000000000000000000 ) ) ;
#5579 = EDGE_CURVE ( 'NONE', #5128, #8210, #4126, .T. ) ;
#5580 = CARTESIAN_POINT ( 'NONE',  ( -0.6853299604576130744, -0.4347905980048958341, 0.2999999999999999889 ) ) ;
#5581 = ADVANCED_FACE ( 'NONE', ( #1432 ), #8297, .F. ) ;
#5582 = ORIENTED_EDGE ( 'NONE', *, *, #7812, .F. ) ;
#5583 = MECHANICAL_DESIGN_GEOMETRIC_PRESENTATION_REPRESENTATION (  '', ( #405 ), #6094 ) ;
#5584 = UNCERTAINTY_MEASURE_WITH_UNIT (LENGTH_MEASURE( 1.000000000000000082E-05 ), #2562, 'distance_accuracy_value', 'NONE');
#5585 = CARTESIAN_POINT ( 'NONE',  ( -0.3445924025033119675, -0.2321170535663747980, 0.3009999999999999898 ) ) ;
#5586 = MECHANICAL_DESIGN_GEOMETRIC_PRESENTATION_REPRESENTATION (  '', ( #2526 ), #3054 ) ;
#5587 = CARTESIAN_POINT ( 'NONE',  ( 0.2077199261920934514, -0.4054229758968040942, 0.3009999999999999898 ) ) ;
#5588 = SURFACE_STYLE_FILL_AREA ( #8143 ) ;
#5589 = LINE ( 'NONE', #9557, #630 ) ;
#5590 = CARTESIAN_POINT ( 'NONE',  ( 6.464999999999998970, -0.8999999999999998002, 4.299999999999999822 ) ) ;
#5591 = VECTOR ( 'NONE', #7861, 1000.000000000000227 ) ;
#5592 = CARTESIAN_POINT ( 'NONE',  ( -3.174999999999999822, 0.07499999999999987232, -2.399999999999999911 ) ) ;
#5593 = ORIENTED_EDGE ( 'NONE', *, *, #7380, .F. ) ;
#5594 = CARTESIAN_POINT ( 'NONE',  ( 0.3287586780391846264, -0.3760208553590883018, 0.2999999999999999334 ) ) ;
#5595 = CARTESIAN_POINT ( 'NONE',  ( 0.3442819352476231831, -0.2406490518321699190, 0.3009999999999999898 ) ) ;
#5596 = PRESENTATION_STYLE_ASSIGNMENT (( #834 ) ) ;
#5597 = DIRECTION ( 'NONE',  ( 0.000000000000000000, -1.000000000000000000, 0.000000000000000000 ) ) ;
#5598 = VECTOR ( 'NONE', #6644, 1000.000000000000000 ) ;
#5599 = CARTESIAN_POINT ( 'NONE',  ( -0.09264703362834485201, -0.4347905980048958341, 0.3009999999999999898 ) ) ;
#5600 = ORIENTED_EDGE ( 'NONE', *, *, #10247, .F. ) ;
#5601 = MECHANICAL_DESIGN_GEOMETRIC_PRESENTATION_REPRESENTATION (  '', ( #7153 ), #9479 ) ;
#5602 = CARTESIAN_POINT ( 'NONE',  ( -0.2385354445037190796, -0.4017660560615664567, 0.3000000000000000999 ) ) ;
#5603 =( NAMED_UNIT ( * ) SI_UNIT ( $, .STERADIAN. ) SOLID_ANGLE_UNIT ( ) );
#5604 = EDGE_CURVE ( 'NONE', #2539, #6835, #2261, .T. ) ;
#5605 = CARTESIAN_POINT ( 'NONE',  ( -0.5975822470429789091, -0.3177174272731885241, 0.2999999999999999889 ) ) ;
#5606 = SURFACE_SIDE_STYLE ('',( #5169 ) ) ;
#5607 = MECHANICAL_DESIGN_GEOMETRIC_PRESENTATION_REPRESENTATION (  '', ( #293 ), #3082 ) ;
#5608 = ORIENTED_EDGE ( 'NONE', *, *, #7104, .F. ) ;
#5609 = DIRECTION ( 'NONE',  ( 0.5773502691896258421, 0.5773502691896255090, 0.5773502691896258421 ) ) ;
#5610 =( NAMED_UNIT ( * ) SI_UNIT ( $, .STERADIAN. ) SOLID_ANGLE_UNIT ( ) );
#5611 = CARTESIAN_POINT ( 'NONE',  ( 0.1516784807731631213, -0.1714409533686492570, 0.3009999999999998788 ) ) ;
#5612 = SURFACE_STYLE_FILL_AREA ( #8147 ) ;
#5613 = VECTOR ( 'NONE', #8120, 1000.000000000000000 ) ;
#5614 = CARTESIAN_POINT ( 'NONE',  ( -1.905000000000000471, -0.07500000000000012212, -2.199999999999999734 ) ) ;
#5615 = CARTESIAN_POINT ( 'NONE',  ( -1.705000000000000737, -0.07500000000000012212, 0.2999999999999999889 ) ) ;
#5616 = ORIENTED_EDGE ( 'NONE', *, *, #2948, .T. ) ;
#5617 = CARTESIAN_POINT ( 'NONE',  ( -0.08532996045761305492, -0.1347905980048958452, 0.2999999999999999889 ) ) ;
#5618 = UNCERTAINTY_MEASURE_WITH_UNIT (LENGTH_MEASURE( 1.000000000000000082E-05 ), #4447, 'distance_accuracy_value', 'NONE');
#5619 = CARTESIAN_POINT ( 'NONE',  ( -2.775000000000000355, 0.5000000000000011102, 4.299999999999999822 ) ) ;
#5620 = SURFACE_STYLE_FILL_AREA ( #6447 ) ;
#5621 = MECHANICAL_DESIGN_GEOMETRIC_PRESENTATION_REPRESENTATION (  '', ( #6139 ), #6660 ) ;
#5622 = CARTESIAN_POINT ( 'NONE',  ( 0.2135112913927208755, -0.1315054418370763256, 0.3009999999999999898 ) ) ;
#5623 = ADVANCED_FACE ( 'NONE', ( #3493 ), #3477, .T. ) ;
#5624 = SURFACE_STYLE_USAGE ( .BOTH. , #1691 ) ;
#5625 = FILL_AREA_STYLE_COLOUR ( '', #3774 ) ;
#5626 = ORIENTED_EDGE ( 'NONE', *, *, #10230, .F. ) ;
#5627 = LINE ( 'NONE', #9688, #7197 ) ;
#5628 = EDGE_CURVE ( 'NONE', #1442, #3306, #2336, .T. ) ;
#5629 =( NAMED_UNIT ( * ) PLANE_ANGLE_UNIT ( ) SI_UNIT ( $, .RADIAN. ) );
#5630 = AXIS2_PLACEMENT_3D ( 'NONE', #7532, #8329, #1161 ) ;
#5631 = CARTESIAN_POINT ( 'NONE',  ( -4.945000000000002949, 0.5000000000000011102, 4.299999999999999822 ) ) ;
#5633 = ORIENTED_EDGE ( 'NONE', *, *, #2920, .F. ) ;
#5632 = LINE ( 'NONE', #562, #2157 ) ;
#5634 = SURFACE_STYLE_USAGE ( .BOTH. , #5702 ) ;
#5635 =( GEOMETRIC_REPRESENTATION_CONTEXT ( 3 ) GLOBAL_UNCERTAINTY_ASSIGNED_CONTEXT ( ( #7604 ) ) GLOBAL_UNIT_ASSIGNED_CONTEXT ( ( #7982, #8712, #7888 ) ) REPRESENTATION_CONTEXT ( 'NONE', 'WORKASPACE' ) );
#5636 = DIRECTION ( 'NONE',  ( 1.000000000000000000, -1.355252715606879803E-16, 0.000000000000000000 ) ) ;
#5637 = VECTOR ( 'NONE', #8249, 1000.000000000000000 ) ;
#5638 = CARTESIAN_POINT ( 'NONE',  ( 0.3756456492984844298, -0.4347905980048958341, 0.3009999999999999898 ) ) ;
#5639 =( NAMED_UNIT ( * ) SI_UNIT ( $, .STERADIAN. ) SOLID_ANGLE_UNIT ( ) );
#5640 = SURFACE_SIDE_STYLE ('',( #9618 ) ) ;
#5641 = CARTESIAN_POINT ( 'NONE',  ( -4.845000000000001528, -0.4000000000000000222, 4.199999999999999289 ) ) ;
#5642 = DIRECTION ( 'NONE',  ( -1.000000000000000000, 0.000000000000000000, -0.000000000000000000 ) ) ;
#5643 = ORIENTED_EDGE ( 'NONE', *, *, #9821, .F. ) ;
#5644 = VERTEX_POINT ( 'NONE', #1944 ) ;
#5645 = VECTOR ( 'NONE', #5764, 1000.000000000000000 ) ;
#5646 = VERTEX_POINT ( 'NONE', #387 ) ;
#5647 =( NAMED_UNIT ( * ) SI_UNIT ( $, .STERADIAN. ) SOLID_ANGLE_UNIT ( ) );
#5648 = AXIS2_PLACEMENT_3D ( 'NONE', #4920, #3338, #2565 ) ;
#5649 = CARTESIAN_POINT ( 'NONE',  ( 0.3095458721228931953, -0.3009446401639437330, 0.2999999999999999889 ) ) ;
#5650 = DIRECTION ( 'NONE',  ( 1.000000000000000000, 0.000000000000000000, 0.000000000000000000 ) ) ;
#5651 = ORIENTED_EDGE ( 'NONE', *, *, #3184, .F. ) ;
#5652 = CARTESIAN_POINT ( 'NONE',  ( -0.2720380982560677285, -0.1715084092360913692, 0.3009999999999999343 ) ) ;
#5653 = CARTESIAN_POINT ( 'NONE',  ( 0.3442819352476231831, -0.2406490518321699190, 0.3000000000000000999 ) ) ;
#5654 = VERTEX_POINT ( 'NONE', #6662 ) ;
#5655 = FILL_AREA_STYLE ('',( #1788 ) ) ;
#5656 = LINE ( 'NONE', #1339, #3532 ) ;
#5657 = AXIS2_PLACEMENT_3D ( 'NONE', #4333, #1215, #1988 ) ;
#5658 = ORIENTED_EDGE ( 'NONE', *, *, #5502, .F. ) ;
#5659 = VECTOR ( 'NONE', #3868, 1000.000000000000000 ) ;
#5660 = EDGE_CURVE ( 'NONE', #6137, #5423, #10065, .T. ) ;
#5661 = ORIENTED_EDGE ( 'NONE', *, *, #8758, .T. ) ;
#5662 = ORIENTED_EDGE ( 'NONE', *, *, #1517, .T. ) ;
#5663 = LINE ( 'NONE', #9974, #5776 ) ;
#5664 = VERTEX_POINT ( 'NONE', #1130 ) ;
#5665 = CARTESIAN_POINT ( 'NONE',  ( -0.3350152651333352938, -0.3530125581660792933, 0.3000000000000001554 ) ) ;
#5666 = PRESENTATION_STYLE_ASSIGNMENT (( #6819 ) ) ;
#5667 = DIRECTION ( 'NONE',  ( 0.000000000000000000, -0.000000000000000000, -1.000000000000000000 ) ) ;
#5668 =( NAMED_UNIT ( * ) SI_UNIT ( $, .STERADIAN. ) SOLID_ANGLE_UNIT ( ) );
#5669 = ORIENTED_EDGE ( 'NONE', *, *, #4598, .F. ) ;
#5670 = EDGE_CURVE ( 'NONE', #1735, #1550, #1548, .T. ) ;
#5671 = PRESENTATION_LAYER_ASSIGNMENT (  '', '', ( #6711 ) ) ;
#5672 =( NAMED_UNIT ( * ) SI_UNIT ( $, .STERADIAN. ) SOLID_ANGLE_UNIT ( ) );
#5673 = ADVANCED_FACE ( 'NONE', ( #1911 ), #2737, .T. ) ;
#5674 = VECTOR ( 'NONE', #4001, 1000.000000000000000 ) ;
#5675 = DIRECTION ( 'NONE',  ( 0.000000000000000000, -0.000000000000000000, -1.000000000000000000 ) ) ;
#5676 = ORIENTED_EDGE ( 'NONE', *, *, #6188, .T. ) ;
#5677 = EDGE_CURVE ( 'NONE', #2551, #9041, #3254, .T. ) ;
#5678 = FILL_AREA_STYLE ('',( #7195 ) ) ;
#5679 = FACE_BOUND ( 'NONE', #3432, .T. ) ;
#5680 = STYLED_ITEM ( 'NONE', ( #8042 ), #2817 ) ;
#5681 = AXIS2_PLACEMENT_3D ( 'NONE', #2977, #4504, #2078 ) ;
#5682 = ORIENTED_EDGE ( 'NONE', *, *, #1005, .F. ) ;
#5683 = CARTESIAN_POINT ( 'NONE',  ( -2.305000000000001492, 0.4000000000000000222, 1.300000000000000044 ) ) ;
#5684 = VECTOR ( 'NONE', #8581, 1000.000000000000114 ) ;
#5685 = ORIENTED_EDGE ( 'NONE', *, *, #6967, .F. ) ;
#5686 = DIRECTION ( 'NONE',  ( -0.000000000000000000, -0.000000000000000000, -1.000000000000000000 ) ) ;
#5687 = UNCERTAINTY_MEASURE_WITH_UNIT (LENGTH_MEASURE( 1.000000000000000082E-05 ), #477, 'distance_accuracy_value', 'NONE');
#5688 = EDGE_CURVE ( 'NONE', #2140, #9191, #40, .T. ) ;
#5689 = VECTOR ( 'NONE', #6985, 1000.000000000000000 ) ;
#5690 = DIRECTION ( 'NONE',  ( 0.000000000000000000, -1.000000000000000000, 0.000000000000000000 ) ) ;
#5691 = EDGE_CURVE ( 'NONE', #8103, #7015, #7075, .T. ) ;
#5692 = ORIENTED_EDGE ( 'NONE', *, *, #3941, .T. ) ;
#5693 = CARTESIAN_POINT ( 'NONE',  ( 1.135000000000000675, 0.5000000000000011102, 4.299999999999999822 ) ) ;
#5694 = FACE_OUTER_BOUND ( 'NONE', #2825, .T. ) ;
#5695 = SURFACE_STYLE_FILL_AREA ( #1601 ) ;
#5696 =( GEOMETRIC_REPRESENTATION_CONTEXT ( 3 ) GLOBAL_UNCERTAINTY_ASSIGNED_CONTEXT ( ( #362 ) ) GLOBAL_UNIT_ASSIGNED_CONTEXT ( ( #2973, #6795, #2944 ) ) REPRESENTATION_CONTEXT ( 'NONE', 'WORKASPACE' ) );
#5697 =( NAMED_UNIT ( * ) PLANE_ANGLE_UNIT ( ) SI_UNIT ( $, .RADIAN. ) );
#5698 = AXIS2_PLACEMENT_3D ( 'NONE', #3484, #9856, #6557 ) ;
#5699 = LINE ( 'NONE', #7244, #1518 ) ;
#5700 = ORIENTED_EDGE ( 'NONE', *, *, #9431, .T. ) ;
#5701 = CARTESIAN_POINT ( 'NONE',  ( -5.315000000000001279, -0.4000000000000000222, 4.199999999999999289 ) ) ;
#5702 = SURFACE_SIDE_STYLE ('',( #2537 ) ) ;
#5703 = FACE_OUTER_BOUND ( 'NONE', #3176, .T. ) ;
#5704 =( LENGTH_UNIT ( ) NAMED_UNIT ( * ) SI_UNIT ( .MILLI., .METRE. ) );
#5705 = DIRECTION ( 'NONE',  ( 1.355252715606880296E-16, 1.000000000000000000, 0.000000000000000000 ) ) ;
#5706 = COLOUR_RGB ( '',0.5019607843137254832, 0.5019607843137254832, 0.5019607843137254832 ) ;
#5707 = STYLED_ITEM ( 'NONE', ( #32 ), #9222 ) ;
#5708 = PLANE ( 'NONE',  #2922 ) ;
#5709 = CARTESIAN_POINT ( 'NONE',  ( -0.5682567897259058753, -0.1347905980048958452, 0.3009999999999999898 ) ) ;
#5710 = PLANE ( 'NONE',  #8104 ) ;
#5711 = ORIENTED_EDGE ( 'NONE', *, *, #5141, .F. ) ;
#5712 = PLANE ( 'NONE',  #7047 ) ;
#5713 = CARTESIAN_POINT ( 'NONE',  ( 3.574999999999999289, 0.4000000000000000222, 1.300000000000000044 ) ) ;
#5714 = VECTOR ( 'NONE', #9317, 1000.000000000000000 ) ;
#5715 = CARTESIAN_POINT ( 'NONE',  ( 0.3056008851642367796, -0.2487038521472293706, 0.3009999999999998788 ) ) ;
#5716 = ORIENTED_EDGE ( 'NONE', *, *, #558, .T. ) ;
#5717 = CARTESIAN_POINT ( 'NONE',  ( 4.244999999999999218, 0.07499999999999990008, -5.227200187265875542 ) ) ;
#5718 = ORIENTED_EDGE ( 'NONE', *, *, #2640, .F. ) ;
#5719 = ADVANCED_FACE ( 'NONE', ( #3006 ), #6822, .T. ) ;
#5720 = DIRECTION ( 'NONE',  ( 1.000000000000000000, 0.000000000000000000, 0.000000000000000000 ) ) ;
#5721 = DIRECTION ( 'NONE',  ( -0.000000000000000000, -0.000000000000000000, -1.000000000000000000 ) ) ;
#5722 = ORIENTED_EDGE ( 'NONE', *, *, #3682, .F. ) ;
#5723 = DIRECTION ( 'NONE',  ( 0.000000000000000000, 0.000000000000000000, 1.000000000000000000 ) ) ;
#5724 = EDGE_CURVE ( 'NONE', #4789, #3543, #5383, .T. ) ;
#5725 = PRESENTATION_LAYER_ASSIGNMENT (  '', '', ( #4530 ) ) ;
#5726 = EDGE_LOOP ( 'NONE', ( #2684, #7658, #1693, #7694 ) ) ;
#5727 = LINE ( 'NONE', #6560, #8151 ) ;
#5728 =( NAMED_UNIT ( * ) SI_UNIT ( $, .STERADIAN. ) SOLID_ANGLE_UNIT ( ) );
#5729 = EDGE_CURVE ( 'NONE', #1967, #9208, #9680, .T. ) ;
#5730 = CARTESIAN_POINT ( 'NONE',  ( -6.465000000000000746, -0.8999999999999998002, 0.000000000000000000 ) ) ;
#5731 = LINE ( 'NONE', #708, #3361 ) ;
#5732 = FILL_AREA_STYLE_COLOUR ( '', #9525 ) ;
#5733 = CARTESIAN_POINT ( 'NONE',  ( 2.774999999999999023, -0.4000000000000000222, 4.199999999999999289 ) ) ;
#5734 = CARTESIAN_POINT ( 'NONE',  ( -0.2662114192182256089, -0.4323895624310891694, 0.3010000000000000453 ) ) ;
#5735 = COLOUR_RGB ( '',0.5019607843137254832, 0.5019607843137254832, 0.5019607843137254832 ) ;
#5736 = CARTESIAN_POINT ( 'NONE',  ( 4.844999999999999751, 0.4000000000000000222, 4.199999999999999289 ) ) ;
#5737 = ORIENTED_EDGE ( 'NONE', *, *, #2023, .T. ) ;
#5738 = UNCERTAINTY_MEASURE_WITH_UNIT (LENGTH_MEASURE( 1.000000000000000082E-05 ), #3718, 'distance_accuracy_value', 'NONE');
#5739 = SURFACE_STYLE_FILL_AREA ( #3089 ) ;
#5740 = SURFACE_SIDE_STYLE ('',( #6919 ) ) ;
#5741 = VECTOR ( 'NONE', #7852, 1000.000000000000000 ) ;
#5742 = EDGE_CURVE ( 'NONE', #4818, #1076, #760, .T. ) ;
#5743 =( NAMED_UNIT ( * ) PLANE_ANGLE_UNIT ( ) SI_UNIT ( $, .RADIAN. ) );
#5744 = ORIENTED_EDGE ( 'NONE', *, *, #3346, .F. ) ;
#5745 = CARTESIAN_POINT ( 'NONE',  ( -0.2941777202965055182, -0.3897120839094200262, 0.3010000000000000453 ) ) ;
#5746 = MECHANICAL_DESIGN_GEOMETRIC_PRESENTATION_REPRESENTATION (  '', ( #5034 ), #4829 ) ;
#5747 = STYLED_ITEM ( 'NONE', ( #4932 ), #7904 ) ;
#5748 = PRESENTATION_STYLE_ASSIGNMENT (( #7330 ) ) ;
#5749 = DIRECTION ( 'NONE',  ( 0.000000000000000000, 1.000000000000000000, 0.000000000000000000 ) ) ;
#5750 = CARTESIAN_POINT ( 'NONE',  ( -1.505000000000001226, 0.4000000000000000222, 1.300000000000000044 ) ) ;
#5751 = ORIENTED_EDGE ( 'NONE', *, *, #5475, .T. ) ;
#5752 = ORIENTED_EDGE ( 'NONE', *, *, #9563, .F. ) ;
#5753 = PRESENTATION_STYLE_ASSIGNMENT (( #6472 ) ) ;
#5754 = DIRECTION ( 'NONE',  ( -1.000000000000000000, 0.000000000000000000, -0.000000000000000000 ) ) ;
#5755 = EDGE_CURVE ( 'NONE', #308, #3987, #1313, .T. ) ;
#5756 = EDGE_LOOP ( 'NONE', ( #194, #5716, #7070, #4737 ) ) ;
#5757 = PRESENTATION_LAYER_ASSIGNMENT (  '', '', ( #8017 ) ) ;
#5758 = CARTESIAN_POINT ( 'NONE',  ( 0.1871658276227928519, -0.1312058777696166190, 0.3009999999999999343 ) ) ;
#5759 = CARTESIAN_POINT ( 'NONE',  ( -0.2327575519210277888, -0.4347905980048958896, 0.3010000000000000453 ) ) ;
#5760 = ORIENTED_EDGE ( 'NONE', *, *, #2613, .T. ) ;
#5761 =( GEOMETRIC_REPRESENTATION_CONTEXT ( 3 ) GLOBAL_UNCERTAINTY_ASSIGNED_CONTEXT ( ( #8816 ) ) GLOBAL_UNIT_ASSIGNED_CONTEXT ( ( #7679, #1379, #9257 ) ) REPRESENTATION_CONTEXT ( 'NONE', 'WORKASPACE' ) );
#5762 = DIRECTION ( 'NONE',  ( -1.000000000000000000, 0.000000000000000000, 0.000000000000000000 ) ) ;
#5763 = PRESENTATION_STYLE_ASSIGNMENT (( #2352 ) ) ;
#5764 = DIRECTION ( 'NONE',  ( 0.000000000000000000, 1.000000000000000000, 0.000000000000000000 ) ) ;
#5765 = ORIENTED_EDGE ( 'NONE', *, *, #9574, .T. ) ;
#5766 = CARTESIAN_POINT ( 'NONE',  ( 4.644999999999999574, -0.07500000000000012212, 0.2999999999999999889 ) ) ;
#5767 = ADVANCED_FACE ( 'NONE', ( #9183 ), #9212, .T. ) ;
#5768 = ORIENTED_EDGE ( 'NONE', *, *, #8065, .T. ) ;
#5769 = CARTESIAN_POINT ( 'NONE',  ( -5.915000000000000924, 0.07499999999999990008, 0.2999999999999999889 ) ) ;
#5770 = SURFACE_STYLE_FILL_AREA ( #2239 ) ;
#5771 = CARTESIAN_POINT ( 'NONE',  ( 0.02808467368872833575, -0.1677174272731885296, 0.3009999999999999898 ) ) ;
#5772 = FILL_AREA_STYLE ('',( #7107 ) ) ;
#5773 = ORIENTED_EDGE ( 'NONE', *, *, #4704, .T. ) ;
#5774 = VECTOR ( 'NONE', #1301, 1000.000000000000000 ) ;
#5775 = CARTESIAN_POINT ( 'NONE',  ( -0.5511932444595225578, -0.1884833454124043850, 0.3010000000000000453 ) ) ;
#5776 = VECTOR ( 'NONE', #4477, 1000.000000000000000 ) ;
#5777 = ORIENTED_EDGE ( 'NONE', *, *, #8411, .F. ) ;
#5778 = CARTESIAN_POINT ( 'NONE',  ( 0.2038659236887283288, -0.4055223053219689788, 0.3009999999999999898 ) ) ;
#5779 = CARTESIAN_POINT ( 'NONE',  ( -0.3039966041747891867, -0.3842954043665305908, 0.3009999999999999898 ) ) ;
#5780 = VERTEX_POINT ( 'NONE', #7606 ) ;
#5781 = STYLED_ITEM ( 'NONE', ( #7708 ), #2501 ) ;
#5782 =( LENGTH_UNIT ( ) NAMED_UNIT ( * ) SI_UNIT ( .MILLI., .METRE. ) );
#5783 = CARTESIAN_POINT ( 'NONE',  ( 4.244999999999999218, -0.07500000000000009437, 0.2999999999999999889 ) ) ;
#5784 = FACE_OUTER_BOUND ( 'NONE', #1555, .T. ) ;
#5785 = FILL_AREA_STYLE_COLOUR ( '', #5853 ) ;
#5786 = VECTOR ( 'NONE', #5609, 1000.000000000000114 ) ;
#5787 = STYLED_ITEM ( 'NONE', ( #1649 ), #6282 ) ;
#5788 = ORIENTED_EDGE ( 'NONE', *, *, #9415, .F. ) ;
#5789 = COLOUR_RGB ( '',1.000000000000000000, 1.000000000000000000, 1.000000000000000000 ) ;
#5790 = EDGE_CURVE ( 'NONE', #9208, #9324, #7802, .T. ) ;
#5791 = CARTESIAN_POINT ( 'NONE',  ( 0.2349999999999990985, 0.4000000000000000222, 4.199999999999999289 ) ) ;
#5792 = AXIS2_PLACEMENT_3D ( 'NONE', #3861, #2236, #5441 ) ;
#5793 = UNCERTAINTY_MEASURE_WITH_UNIT (LENGTH_MEASURE( 1.000000000000000082E-05 ), #5942, 'distance_accuracy_value', 'NONE');
#5794 = EDGE_LOOP ( 'NONE', ( #3186, #9440, #3655, #1587, #3480, #4715, #2700, #5278, #9941, #4378 ) ) ;
#5795 = CIRCLE ( 'NONE', #5681, 0.2000000000000000944 ) ;
#5796 = CARTESIAN_POINT ( 'NONE',  ( -0.5975822470429789091, -0.3177174272731885241, 0.3009999999999999898 ) ) ;
#5797 = EDGE_LOOP ( 'NONE', ( #2541, #9115, #1893, #6164, #5047 ) ) ;
#5798 =( LENGTH_UNIT ( ) NAMED_UNIT ( * ) SI_UNIT ( .MILLI., .METRE. ) );
#5799 = COLOUR_RGB ( '',0.5019607843137254832, 0.5019607843137254832, 0.5019607843137254832 ) ;
#5800 = DIRECTION ( 'NONE',  ( 0.000000000000000000, -0.000000000000000000, 1.000000000000000000 ) ) ;
#5801 =( LENGTH_UNIT ( ) NAMED_UNIT ( * ) SI_UNIT ( .MILLI., .METRE. ) );
#5802 = EDGE_CURVE ( 'NONE', #2140, #4117, #277, .T. ) ;
#5803 =( GEOMETRIC_REPRESENTATION_CONTEXT ( 3 ) GLOBAL_UNCERTAINTY_ASSIGNED_CONTEXT ( ( #7972 ) ) GLOBAL_UNIT_ASSIGNED_CONTEXT ( ( #9518, #6374, #1668 ) ) REPRESENTATION_CONTEXT ( 'NONE', 'WORKASPACE' ) );
#5804 = CARTESIAN_POINT ( 'NONE',  ( -0.2967629000101008052, -0.4245278429752809002, 0.3000000000000000444 ) ) ;
#5805 = ORIENTED_EDGE ( 'NONE', *, *, #6712, .F. ) ;
#5806 = CARTESIAN_POINT ( 'NONE',  ( -2.305000000000001492, -0.4000000000000000222, 1.300000000000000044 ) ) ;
#5807 = CARTESIAN_POINT ( 'NONE',  ( 2.974999999999999201, 0.07499999999999990008, -5.227200187265875542 ) ) ;
#5808 =( LENGTH_UNIT ( ) NAMED_UNIT ( * ) SI_UNIT ( .MILLI., .METRE. ) );
#5809 = UNCERTAINTY_MEASURE_WITH_UNIT (LENGTH_MEASURE( 1.000000000000000082E-05 ), #1156, 'distance_accuracy_value', 'NONE');
#5810 = SURFACE_STYLE_USAGE ( .BOTH. , #3438 ) ;
#5811 = STYLED_ITEM ( 'NONE', ( #5363 ), #3521 ) ;
#5812 = MECHANICAL_DESIGN_GEOMETRIC_PRESENTATION_REPRESENTATION (  '', ( #10256 ), #311 ) ;
#5813 = CARTESIAN_POINT ( 'NONE',  ( -0.5500734020687484405, -0.1837676275402476966, 0.3010000000000000453 ) ) ;
#5814 = DIRECTION ( 'NONE',  ( -1.000000000000000000, 6.776263578034399015E-17, 0.000000000000000000 ) ) ;
#5815 = SURFACE_STYLE_USAGE ( .BOTH. , #1095 ) ;
#5816 = CARTESIAN_POINT ( 'NONE',  ( 1.704999999999998961, -0.07500000000000009437, -2.199999999999999734 ) ) ;
#5817 = CARTESIAN_POINT ( 'NONE',  ( 0.3021930353909254019, -0.2369626549864884690, 0.3010000000000000453 ) ) ;
#5818 = EDGE_CURVE ( 'NONE', #7588, #1223, #7791, .T. ) ;
#5819 = VECTOR ( 'NONE', #6725, 1000.000000000000114 ) ;
#5820 =( NAMED_UNIT ( * ) PLANE_ANGLE_UNIT ( ) SI_UNIT ( $, .RADIAN. ) );
#5821 = FACE_OUTER_BOUND ( 'NONE', #9846, .T. ) ;
#5822 = DIRECTION ( 'NONE',  ( 0.000000000000000000, 0.000000000000000000, -1.000000000000000000 ) ) ;
#5823 = ADVANCED_FACE ( 'NONE', ( #3985 ), #2135, .T. ) ;
#5824 = EDGE_CURVE ( 'NONE', #6946, #4117, #6567, .T. ) ;
#5825 = ORIENTED_EDGE ( 'NONE', *, *, #5997, .T. ) ;
#5826 =( GEOMETRIC_REPRESENTATION_CONTEXT ( 3 ) GLOBAL_UNCERTAINTY_ASSIGNED_CONTEXT ( ( #1702 ) ) GLOBAL_UNIT_ASSIGNED_CONTEXT ( ( #5055, #9692, #3331 ) ) REPRESENTATION_CONTEXT ( 'NONE', 'WORKASPACE' ) );
#5827 = PRESENTATION_LAYER_ASSIGNMENT (  '', '', ( #7256 ) ) ;
#5828 = CARTESIAN_POINT ( 'NONE',  ( 0.2806918297060396750, -0.3738932367915125954, 0.3000000000000000444 ) ) ;
#5829 =( GEOMETRIC_REPRESENTATION_CONTEXT ( 3 ) GLOBAL_UNCERTAINTY_ASSIGNED_CONTEXT ( ( #4088 ) ) GLOBAL_UNIT_ASSIGNED_CONTEXT ( ( #114, #3240, #1724 ) ) REPRESENTATION_CONTEXT ( 'NONE', 'WORKASPACE' ) );
#5830 = SURFACE_SIDE_STYLE ('',( #3373 ) ) ;
#5831 = VECTOR ( 'NONE', #3840, 1000.000000000000000 ) ;
#5832 = CARTESIAN_POINT ( 'NONE',  ( -0.2327575519210277610, -0.4347905980048958341, 0.2999999999999999889 ) ) ;
#5833 = FILL_AREA_STYLE ('',( #2550 ) ) ;
#5834 = EDGE_LOOP ( 'NONE', ( #5166, #3779, #3555, #1765 ) ) ;
#5835 = CARTESIAN_POINT ( 'NONE',  ( -0.3926470336283447993, -0.2810177321512373205, 0.2999999999999999889 ) ) ;
#5836 = CARTESIAN_POINT ( 'NONE',  ( 5.915000000000000036, -0.07500000000000012212, -5.227200187265875542 ) ) ;
#5837 = CARTESIAN_POINT ( 'NONE',  ( -5.315000000000001279, -0.4000000000000000222, 1.300000000000000044 ) ) ;
#5838 = VECTOR ( 'NONE', #7628, 1000.000000000000000 ) ;
#5839 = VERTEX_POINT ( 'NONE', #6218 ) ;
#5840 = CARTESIAN_POINT ( 'NONE',  ( -0.2497540010576095593, -0.4344830880136030249, 0.3009999999999999343 ) ) ;
#5841 = STYLED_ITEM ( 'NONE', ( #1623 ), #10076 ) ;
#5842 = DIRECTION ( 'NONE',  ( -0.000000000000000000, -0.000000000000000000, 1.000000000000000000 ) ) ;
#5843 = COLOUR_RGB ( '',0.5019607843137254832, 0.5019607843137254832, 0.5019607843137254832 ) ;
#5844 = MECHANICAL_DESIGN_GEOMETRIC_PRESENTATION_REPRESENTATION (  '', ( #5781 ), #8400 ) ;
#5845 = LINE ( 'NONE', #5246, #10038 ) ;
#5846 = SURFACE_STYLE_USAGE ( .BOTH. , #5920 ) ;
#5847 = CARTESIAN_POINT ( 'NONE',  ( -0.3285585553739475695, -0.3621247111735154678, 0.2999999999999999889 ) ) ;
#5848 = SURFACE_STYLE_USAGE ( .BOTH. , #2674 ) ;
#5849 = DIRECTION ( 'NONE',  ( 0.5773502691896258421, 0.5773502691896255090, -0.5773502691896258421 ) ) ;
#5850 = ORIENTED_EDGE ( 'NONE', *, *, #7231, .T. ) ;
#5851 = CARTESIAN_POINT ( 'NONE',  ( -0.3926470336283447993, -0.2810177321512373205, 0.2999999999999999889 ) ) ;
#5852 = MECHANICAL_DESIGN_GEOMETRIC_PRESENTATION_REPRESENTATION (  '', ( #5275 ), #7211 ) ;
#5853 = COLOUR_RGB ( '',0.5019607843137254832, 0.5019607843137254832, 0.5019607843137254832 ) ;
#5854 = COLOUR_RGB ( '',1.000000000000000000, 1.000000000000000000, 1.000000000000000000 ) ;
#5855 = COLOUR_RGB ( '',0.5019607843137254832, 0.5019607843137254832, 0.5019607843137254832 ) ;
#5856 = ORIENTED_EDGE ( 'NONE', *, *, #2215, .F. ) ;
#5857 = EDGE_CURVE ( 'NONE', #3398, #73, #8413, .T. ) ;
#5858 = CARTESIAN_POINT ( 'NONE',  ( -0.5500734020687484405, -0.1837676275402476966, 0.3000000000000000444 ) ) ;
#5859 = DIRECTION ( 'NONE',  ( 0.000000000000000000, 0.000000000000000000, -1.000000000000000000 ) ) ;
#5860 = DIRECTION ( 'NONE',  ( 0.000000000000000000, -0.000000000000000000, 1.000000000000000000 ) ) ;
#5861 = ORIENTED_EDGE ( 'NONE', *, *, #1521, .T. ) ;
#5862 = DIRECTION ( 'NONE',  ( -0.000000000000000000, 0.000000000000000000, -1.000000000000000000 ) ) ;
#5863 = LINE ( 'NONE', #7974, #2770 ) ;
#5864 = VECTOR ( 'NONE', #3071, 1000.000000000000000 ) ;
#5865 = CARTESIAN_POINT ( 'NONE',  ( -0.3521137054797058297, -0.2683470725099701970, 0.3010000000000000453 ) ) ;
#5866 = EDGE_CURVE ( 'NONE', #2790, #288, #6817, .T. ) ;
#5867 = MECHANICAL_DESIGN_GEOMETRIC_PRESENTATION_REPRESENTATION (  '', ( #1449 ), #6380 ) ;
#5868 = LINE ( 'NONE', #5068, #3133 ) ;
#5869 = CARTESIAN_POINT ( 'NONE',  ( 2.674999999999997602, 0.4000000000000000222, 4.299999999999999822 ) ) ;
#5870 = ORIENTED_EDGE ( 'NONE', *, *, #8689, .F. ) ;
#5871 = UNCERTAINTY_MEASURE_WITH_UNIT (LENGTH_MEASURE( 1.000000000000000082E-05 ), #2774, 'distance_accuracy_value', 'NONE');
#5872 = CARTESIAN_POINT ( 'NONE',  ( 6.464999999999998970, 0.5000000000000000000, 0.2999999999999999889 ) ) ;
#5873 =( NAMED_UNIT ( * ) PLANE_ANGLE_UNIT ( ) SI_UNIT ( $, .RADIAN. ) );
#5874 = CARTESIAN_POINT ( 'NONE',  ( 0.3500358932009234314, -0.2904498967853836322, 0.3009999999999999898 ) ) ;
#5875 = CARTESIAN_POINT ( 'NONE',  ( -5.581666666666667886, -0.1333333333333332205, 3.933333333333332238 ) ) ;
#5876 = PRESENTATION_STYLE_ASSIGNMENT (( #1903 ) ) ;
#5877 = STYLED_ITEM ( 'NONE', ( #9352 ), #7192 ) ;
#5878 = CARTESIAN_POINT ( 'NONE',  ( -0.2662114192182256089, -0.4323895624310891694, 0.3000000000000000999 ) ) ;
#5879 = ADVANCED_FACE ( 'NONE', ( #2018 ), #2237, .F. ) ;
#5880 =( LENGTH_UNIT ( ) NAMED_UNIT ( * ) SI_UNIT ( .MILLI., .METRE. ) );
#5881 = COLOUR_RGB ( '',0.5019607843137254832, 0.2509803921568627416, 0.2509803921568627416 ) ;
#5882 = EDGE_LOOP ( 'NONE', ( #10187, #3272, #9614, #5184 ) ) ;
#5883 = CARTESIAN_POINT ( 'NONE',  ( 2.540000000000000036, 0.000000000000000000, 1.300000000000000044 ) ) ;
#5884 = VECTOR ( 'NONE', #7325, 1000.000000000000000 ) ;
#5885 = CARTESIAN_POINT ( 'NONE',  ( -1.035000000000001252, -0.4000000000000000222, 1.300000000000000044 ) ) ;
#5886 = CARTESIAN_POINT ( 'NONE',  ( -0.3242838918951862492, -0.1569561672196616020, 0.3010000000000000453 ) ) ;
#5887 = UNCERTAINTY_MEASURE_WITH_UNIT (LENGTH_MEASURE( 1.000000000000000082E-05 ), #1340, 'distance_accuracy_value', 'NONE');
#5888 = CARTESIAN_POINT ( 'NONE',  ( -0.8350000000000006306, 0.07499999999999990008, -5.227200187265875542 ) ) ;
#5889 = ORIENTED_EDGE ( 'NONE', *, *, #2680, .T. ) ;
#5890 = STYLED_ITEM ( 'NONE', ( #4703 ), #4002 ) ;
#5891 =( GEOMETRIC_REPRESENTATION_CONTEXT ( 3 ) GLOBAL_UNCERTAINTY_ASSIGNED_CONTEXT ( ( #2639 ) ) GLOBAL_UNIT_ASSIGNED_CONTEXT ( ( #8536, #6944, #675 ) ) REPRESENTATION_CONTEXT ( 'NONE', 'WORKASPACE' ) );
#5893 = EDGE_LOOP ( 'NONE', ( #7883, #3157, #1928, #6642 ) ) ;
#5892 = VECTOR ( 'NONE', #9, 1000.000000000000000 ) ;
#5894 = MECHANICAL_DESIGN_GEOMETRIC_PRESENTATION_REPRESENTATION (  '', ( #8718 ), #9865 ) ;
#5895 = ORIENTED_EDGE ( 'NONE', *, *, #5287, .T. ) ;
#5896 = SURFACE_SIDE_STYLE ('',( #3359 ) ) ;
#5897 = VERTEX_POINT ( 'NONE', #658 ) ;
#5898 = CARTESIAN_POINT ( 'NONE',  ( -2.405000000000002469, 0.5000000000000011102, 4.299999999999999822 ) ) ;
#5899 = VECTOR ( 'NONE', #901, 1000.000000000000000 ) ;
#5900 = ORIENTED_EDGE ( 'NONE', *, *, #8478, .F. ) ;
#5901 = COLOUR_RGB ( '',1.000000000000000000, 1.000000000000000000, 1.000000000000000000 ) ;
#5902 = ORIENTED_EDGE ( 'NONE', *, *, #4743, .T. ) ;
#5903 = FACE_BOUND ( 'NONE', #2211, .T. ) ;
#5904 = VERTEX_POINT ( 'NONE', #3795 ) ;
#5905 = PRESENTATION_LAYER_ASSIGNMENT (  '', '', ( #5707 ) ) ;
#5906 = CARTESIAN_POINT ( 'NONE',  ( -0.6110731007015154370, -0.3506442565414811807, 0.3009999999999999898 ) ) ;
#5907 = CARTESIAN_POINT ( 'NONE',  ( -0.3817883058157574006, -0.3438595756486165222, 0.3000000000000000444 ) ) ;
#5908 = STYLED_ITEM ( 'NONE', ( #5074 ), #1895 ) ;
#5909 = CARTESIAN_POINT ( 'NONE',  ( 0.3476169927686597605, -0.2564872504687285004, 0.3010000000000000453 ) ) ;
#5910 = VECTOR ( 'NONE', #7874, 1000.000000000000000 ) ;
#5911 = FILL_AREA_STYLE_COLOUR ( '', #5901 ) ;
#5912 = ORIENTED_EDGE ( 'NONE', *, *, #7709, .T. ) ;
#5913 = ORIENTED_EDGE ( 'NONE', *, *, #8512, .T. ) ;
#5914 = LINE ( 'NONE', #5938, #4304 ) ;
#5915 = CARTESIAN_POINT ( 'NONE',  ( -3.375000000000000444, 0.07499999999999990008, 0.2999999999999999889 ) ) ;
#5916 = DIRECTION ( 'NONE',  ( -1.000000000000000000, 6.776263578034415038E-17, 0.000000000000000000 ) ) ;
#5917 = ORIENTED_EDGE ( 'NONE', *, *, #971, .F. ) ;
#5918 = DIRECTION ( 'NONE',  ( -0.000000000000000000, -0.000000000000000000, -1.000000000000000000 ) ) ;
#5919 = FILL_AREA_STYLE ('',( #3545 ) ) ;
#5920 = SURFACE_SIDE_STYLE ('',( #5588 ) ) ;
#5921 = CARTESIAN_POINT ( 'NONE',  ( -0.3365880631115789612, -0.1650457537993336443, 0.3009999999999999898 ) ) ;
#5922 = ORIENTED_EDGE ( 'NONE', *, *, #3028, .F. ) ;
#5923 = ORIENTED_EDGE ( 'NONE', *, *, #9898, .F. ) ;
#5924 = DIRECTION ( 'NONE',  ( 0.3635424856527063597, 0.9315776194850602376, 0.000000000000000000 ) ) ;
#5925 = CARTESIAN_POINT ( 'NONE',  ( -0.3754844338937847747, -0.2079589841106359305, 0.3009999999999999898 ) ) ;
#5926 = EDGE_LOOP ( 'NONE', ( #9609, #5651, #5373, #448 ) ) ;
#5927 = CARTESIAN_POINT ( 'NONE',  ( 0.8349999999999998535, -0.07500000000000012212, -2.199999999999999734 ) ) ;
#5928 = CARTESIAN_POINT ( 'NONE',  ( -4.645000000000000462, -0.07500000000000009437, -2.199999999999999734 ) ) ;
#5929 = CARTESIAN_POINT ( 'NONE',  ( 0.1640626037638976131, -0.4337757118818044155, 0.3009999999999999898 ) ) ;
#5930 = EDGE_CURVE ( 'NONE', #3286, #335, #2633, .T. ) ;
#5931 = ADVANCED_FACE ( 'NONE', ( #28 ), #2941, .F. ) ;
#5932 = PRESENTATION_LAYER_ASSIGNMENT (  '', '', ( #2545 ) ) ;
#5933 = CARTESIAN_POINT ( 'NONE',  ( -5.715000000000001634, 0.07499999999999987232, -2.199999999999999734 ) ) ;
#5934 = SURFACE_STYLE_FILL_AREA ( #19 ) ;
#5935 = UNCERTAINTY_MEASURE_WITH_UNIT (LENGTH_MEASURE( 1.000000000000000082E-05 ), #670, 'distance_accuracy_value', 'NONE');
#5936 = ORIENTED_EDGE ( 'NONE', *, *, #290, .F. ) ;
#5937 = EDGE_CURVE ( 'NONE', #6381, #5072, #8672, .T. ) ;
#5938 = CARTESIAN_POINT ( 'NONE',  ( -0.8350000000000006306, -0.07500000000000009437, -2.199999999999999734 ) ) ;
#5939 = CARTESIAN_POINT ( 'NONE',  ( 5.715000000000000746, 0.07499999999999987232, -2.399999999999999911 ) ) ;
#5940 = DIRECTION ( 'NONE',  ( 0.000000000000000000, 1.000000000000000000, 0.000000000000000000 ) ) ;
#5941 = CARTESIAN_POINT ( 'NONE',  ( 2.974999999999999201, 0.07499999999999990008, -2.199999999999999734 ) ) ;
#5942 =( LENGTH_UNIT ( ) NAMED_UNIT ( * ) SI_UNIT ( .MILLI., .METRE. ) );
#5943 = PLANE ( 'NONE',  #2400 ) ;
#5944 =( NAMED_UNIT ( * ) PLANE_ANGLE_UNIT ( ) SI_UNIT ( $, .RADIAN. ) );
#5945 = SURFACE_STYLE_FILL_AREA ( #6453 ) ;
#5946 = CARTESIAN_POINT ( 'NONE',  ( -1.035000000000001252, -0.4000000000000000222, 1.300000000000000044 ) ) ;
#5947 = SURFACE_SIDE_STYLE ('',( #2206 ) ) ;
#5948 = PLANE ( 'NONE',  #5357 ) ;
#5949 = SURFACE_SIDE_STYLE ('',( #2103 ) ) ;
#5950 = PRESENTATION_LAYER_ASSIGNMENT (  '', '', ( #5811 ) ) ;
#5951 =( GEOMETRIC_REPRESENTATION_CONTEXT ( 3 ) GLOBAL_UNCERTAINTY_ASSIGNED_CONTEXT ( ( #7544 ) ) GLOBAL_UNIT_ASSIGNED_CONTEXT ( ( #8814, #5697, #4129 ) ) REPRESENTATION_CONTEXT ( 'NONE', 'WORKASPACE' ) );
#5953 = ADVANCED_FACE ( 'NONE', ( #4235 ), #8757, .F. ) ;
#5952 = FILL_AREA_STYLE ('',( #9118 ) ) ;
#5954 = VECTOR ( 'NONE', #9670, 1000.000000000000000 ) ;
#5955 =( LENGTH_UNIT ( ) NAMED_UNIT ( * ) SI_UNIT ( .MILLI., .METRE. ) );
#5956 = SURFACE_STYLE_FILL_AREA ( #7416 ) ;
#5957 = VECTOR ( 'NONE', #8361, 1000.000000000000000 ) ;
#5958 = DIRECTION ( 'NONE',  ( 0.000000000000000000, 1.000000000000000000, 0.000000000000000000 ) ) ;
#5959 = VECTOR ( 'NONE', #1226, 1000.000000000000000 ) ;
#5960 =( NAMED_UNIT ( * ) SI_UNIT ( $, .STERADIAN. ) SOLID_ANGLE_UNIT ( ) );
#5961 = EDGE_LOOP ( 'NONE', ( #5711, #4542, #2688, #9402 ) ) ;
#5962 = CARTESIAN_POINT ( 'NONE',  ( 0.1857891724283941282, -0.4373566976225605751, 0.3009999999999999898 ) ) ;
#5963 = EDGE_CURVE ( 'NONE', #10060, #1108, #1638, .T. ) ;
#5964 = FILL_AREA_STYLE_COLOUR ( '', #174 ) ;
#5965 = COLOUR_RGB ( '',0.5019607843137254832, 0.5019607843137254832, 0.5019607843137254832 ) ;
#5966 =( GEOMETRIC_REPRESENTATION_CONTEXT ( 3 ) GLOBAL_UNCERTAINTY_ASSIGNED_CONTEXT ( ( #10012 ) ) GLOBAL_UNIT_ASSIGNED_CONTEXT ( ( #5880, #2836, #5167 ) ) REPRESENTATION_CONTEXT ( 'NONE', 'WORKASPACE' ) );
#5967 = DIRECTION ( 'NONE',  ( 0.5773502691896258421, 0.5773502691896255090, -0.5773502691896258421 ) ) ;
#5968 = ORIENTED_EDGE ( 'NONE', *, *, #2613, .F. ) ;
#5969 = LINE ( 'NONE', #8267, #2755 ) ;
#5970 = DIRECTION ( 'NONE',  ( -1.355252715606880296E-16, -1.000000000000000000, 0.000000000000000000 ) ) ;
#5971 = DIRECTION ( 'NONE',  ( -1.355252715606880296E-16, -1.000000000000000000, 0.000000000000000000 ) ) ;
#5972 = ORIENTED_EDGE ( 'NONE', *, *, #121, .F. ) ;
#5973 = SURFACE_STYLE_USAGE ( .BOTH. , #8321 ) ;
#5974 = SURFACE_STYLE_USAGE ( .BOTH. , #2899 ) ;
#5975 = DIRECTION ( 'NONE',  ( 0.000000000000000000, 0.7071067811865477948, 0.7071067811865473507 ) ) ;
#5976 = ADVANCED_FACE ( 'NONE', ( #9921 ), #1539, .T. ) ;
#5977 = MECHANICAL_DESIGN_GEOMETRIC_PRESENTATION_REPRESENTATION (  '', ( #5462 ), #2988 ) ;
#5978 = DIRECTION ( 'NONE',  ( -0.000000000000000000, -0.000000000000000000, -1.000000000000000000 ) ) ;
#5979 = VERTEX_POINT ( 'NONE', #870 ) ;
#5980 = PLANE ( 'NONE',  #3631 ) ;
#5981 = VECTOR ( 'NONE', #7775, 1000.000000000000000 ) ;
#5982 =( NAMED_UNIT ( * ) SI_UNIT ( $, .STERADIAN. ) SOLID_ANGLE_UNIT ( ) );
#5983 =( LENGTH_UNIT ( ) NAMED_UNIT ( * ) SI_UNIT ( .MILLI., .METRE. ) );
#5984 = FILL_AREA_STYLE_COLOUR ( '', #4394 ) ;
#5985 = AXIS2_PLACEMENT_3D ( 'NONE', #2061, #5256, #508 ) ;
#5986 = VERTEX_POINT ( 'NONE', #5542 ) ;
#5987 = EDGE_CURVE ( 'NONE', #4392, #7155, #9038, .T. ) ;
#5988 = LINE ( 'NONE', #3916, #8020 ) ;
#5989 = CARTESIAN_POINT ( 'NONE',  ( -0.08532996045761305492, -0.1677174272731885296, 0.2999999999999999889 ) ) ;
#5990 = SURFACE_STYLE_FILL_AREA ( #5429 ) ;
#5991 = DIRECTION ( 'NONE',  ( -0.000000000000000000, -0.000000000000000000, -1.000000000000000000 ) ) ;
#5992 = DIRECTION ( 'NONE',  ( 1.016439536705160037E-16, 1.000000000000000000, 0.000000000000000000 ) ) ;
#5993 = FACE_OUTER_BOUND ( 'NONE', #4273, .T. ) ;
#5994 = ORIENTED_EDGE ( 'NONE', *, *, #9359, .F. ) ;
#5995 = UNCERTAINTY_MEASURE_WITH_UNIT (LENGTH_MEASURE( 1.000000000000000082E-05 ), #2704, 'distance_accuracy_value', 'NONE');
#5996 = LINE ( 'NONE', #4283, #1201 ) ;
#5997 = EDGE_CURVE ( 'NONE', #3787, #1199, #3863, .T. ) ;
#5998 = MECHANICAL_DESIGN_GEOMETRIC_PRESENTATION_REPRESENTATION (  '', ( #7361 ), #9163 ) ;
#5999 = ADVANCED_FACE ( 'NONE', ( #8273 ), #903, .T. ) ;
#6000 = PLANE ( 'NONE',  #5985 ) ;
#6001 = FILL_AREA_STYLE ('',( #9826 ) ) ;
#6002 = ORIENTED_EDGE ( 'NONE', *, *, #971, .T. ) ;
#6003 = CARTESIAN_POINT ( 'NONE',  ( 0.2670226505307328746, -0.4285238062748377152, 0.2999999999999999889 ) ) ;
#6004 = PLANE ( 'NONE',  #10131 ) ;
#6005 = CARTESIAN_POINT ( 'NONE',  ( -2.775000000000000355, -0.4000000000000000222, 1.300000000000000044 ) ) ;
#6007 = VERTEX_POINT ( 'NONE', #8857 ) ;
#6006 = LINE ( 'NONE', #8484, #3639 ) ;
#6008 = DIRECTION ( 'NONE',  ( 1.000000000000000000, 0.000000000000000000, -0.000000000000000000 ) ) ;
#6009 =( GEOMETRIC_REPRESENTATION_CONTEXT ( 3 ) GLOBAL_UNCERTAINTY_ASSIGNED_CONTEXT ( ( #157 ) ) GLOBAL_UNIT_ASSIGNED_CONTEXT ( ( #6058, #2171, #9214 ) ) REPRESENTATION_CONTEXT ( 'NONE', 'WORKASPACE' ) );
#6010 = PRESENTATION_STYLE_ASSIGNMENT (( #6508 ) ) ;
#6011 = PRESENTATION_LAYER_ASSIGNMENT (  '', '', ( #4955 ) ) ;
#6012 =( LENGTH_UNIT ( ) NAMED_UNIT ( * ) SI_UNIT ( .MILLI., .METRE. ) );
#6013 = VERTEX_POINT ( 'NONE', #8094 ) ;
#6014 = PLANE ( 'NONE',  #4373 ) ;
#6015 = CARTESIAN_POINT ( 'NONE',  ( -4.945000000000002061, 0.4000000000000000222, 4.299999999999999822 ) ) ;
#6016 = FILL_AREA_STYLE_COLOUR ( '', #1513 ) ;
#6017 = VERTEX_POINT ( 'NONE', #5701 ) ;
#6018 = EDGE_CURVE ( 'NONE', #6338, #4768, #10163, .T. ) ;
#6019 = VECTOR ( 'NONE', #9581, 1000.000000000000000 ) ;
#6021 = ORIENTED_EDGE ( 'NONE', *, *, #5248, .T. ) ;
#6020 = VECTOR ( 'NONE', #7882, 1000.000000000000000 ) ;
#6022 =( NAMED_UNIT ( * ) SI_UNIT ( $, .STERADIAN. ) SOLID_ANGLE_UNIT ( ) );
#6024 = ORIENTED_EDGE ( 'NONE', *, *, #845, .F. ) ;
#6023 = DIRECTION ( 'NONE',  ( 0.000000000000000000, -0.000000000000000000, 1.000000000000000000 ) ) ;
#6025 = CARTESIAN_POINT ( 'NONE',  ( -4.845000000000001528, -0.4000000000000000222, 1.300000000000000044 ) ) ;
#6026 = FACE_OUTER_BOUND ( 'NONE', #4148, .T. ) ;
#6027 = EDGE_CURVE ( 'NONE', #530, #3924, #3109, .T. ) ;
#6028 = ORIENTED_EDGE ( 'NONE', *, *, #7184, .F. ) ;
#6029 =( GEOMETRIC_REPRESENTATION_CONTEXT ( 3 ) GLOBAL_UNCERTAINTY_ASSIGNED_CONTEXT ( ( #1271 ) ) GLOBAL_UNIT_ASSIGNED_CONTEXT ( ( #10097, #6150, #3004 ) ) REPRESENTATION_CONTEXT ( 'NONE', 'WORKASPACE' ) );
#6030 = AXIS2_PLACEMENT_3D ( 'NONE', #1097, #6589, #8406 ) ;
#6031 = EDGE_LOOP ( 'NONE', ( #4418, #7602, #9911, #8853 ) ) ;
#6032 = EDGE_LOOP ( 'NONE', ( #413, #8840, #10098, #3385 ) ) ;
#6034 =( GEOMETRIC_REPRESENTATION_CONTEXT ( 3 ) GLOBAL_UNCERTAINTY_ASSIGNED_CONTEXT ( ( #5185 ) ) GLOBAL_UNIT_ASSIGNED_CONTEXT ( ( #5782, #3446, #1820 ) ) REPRESENTATION_CONTEXT ( 'NONE', 'WORKASPACE' ) );
#6033 = COLOUR_RGB ( '',1.000000000000000000, 1.000000000000000000, 1.000000000000000000 ) ;
#6035 = FILL_AREA_STYLE ('',( #2916 ) ) ;
#6036 = CARTESIAN_POINT ( 'NONE',  ( 5.314999999999999503, 0.4000000000000000222, 1.300000000000000044 ) ) ;
#6037 = ADVANCED_FACE ( 'NONE', ( #7060 ), #7188, .F. ) ;
#6038 = ORIENTED_EDGE ( 'NONE', *, *, #5248, .F. ) ;
#6039 = COLOUR_RGB ( '',0.5019607843137254832, 0.5019607843137254832, 0.5019607843137254832 ) ;
#6040 = ORIENTED_EDGE ( 'NONE', *, *, #5790, .F. ) ;
#6041 = PRESENTATION_STYLE_ASSIGNMENT (( #7519 ) ) ;
#6042 = PRESENTATION_LAYER_ASSIGNMENT (  '', '', ( #9261 ) ) ;
#6043 =( NAMED_UNIT ( * ) SI_UNIT ( $, .STERADIAN. ) SOLID_ANGLE_UNIT ( ) );
#6044 = ORIENTED_EDGE ( 'NONE', *, *, #2622, .F. ) ;
#6045 = SURFACE_STYLE_FILL_AREA ( #7326 ) ;
#6046 = PLANE ( 'NONE',  #4035 ) ;
#6047 = PRESENTATION_LAYER_ASSIGNMENT (  '', '', ( #8108 ) ) ;
#6048 = DIRECTION ( 'NONE',  ( -0.7071067811865475727, 0.000000000000000000, 0.7071067811865475727 ) ) ;
#6049 = DIRECTION ( 'NONE',  ( -1.000000000000000000, 0.000000000000000000, 0.000000000000000000 ) ) ;
#6050 = EDGE_LOOP ( 'NONE', ( #8309, #5012, #3531, #813 ) ) ;
#6051 = DIRECTION ( 'NONE',  ( -1.016439536705160037E-16, -1.000000000000000000, -0.000000000000000000 ) ) ;
#6052 = VECTOR ( 'NONE', #224, 1000.000000000000000 ) ;
#6053 = ORIENTED_EDGE ( 'NONE', *, *, #5987, .F. ) ;
#6054 = CARTESIAN_POINT ( 'NONE',  ( 2.104999999999999094, 0.07499999999999984457, -5.227200187265875542 ) ) ;
#6055 = SURFACE_STYLE_FILL_AREA ( #3259 ) ;
#6056 =( LENGTH_UNIT ( ) NAMED_UNIT ( * ) SI_UNIT ( .MILLI., .METRE. ) );
#6057 = PRESENTATION_LAYER_ASSIGNMENT (  '', '', ( #4121 ) ) ;
#6058 =( LENGTH_UNIT ( ) NAMED_UNIT ( * ) SI_UNIT ( .MILLI., .METRE. ) );
#6059 = PLANE ( 'NONE',  #8988 ) ;
#6060 = VERTEX_POINT ( 'NONE', #5631 ) ;
#6061 = UNCERTAINTY_MEASURE_WITH_UNIT (LENGTH_MEASURE( 1.000000000000000082E-05 ), #340, 'distance_accuracy_value', 'NONE');
#6062 = VECTOR ( 'NONE', #10100, 1000.000000000000000 ) ;
#6063 = VECTOR ( 'NONE', #8809, 1000.000000000000000 ) ;
#6064 = CARTESIAN_POINT ( 'NONE',  ( 0.000000000000000000, 0.000000000000000000, 0.3009999999999999898 ) ) ;
#6065 = VECTOR ( 'NONE', #9060, 1000.000000000000000 ) ;
#6066 =( NAMED_UNIT ( * ) PLANE_ANGLE_UNIT ( ) SI_UNIT ( $, .RADIAN. ) );
#6067 = EDGE_CURVE ( 'NONE', #8530, #2190, #3225, .T. ) ;
#6068 = VECTOR ( 'NONE', #8609, 1000.000000000000000 ) ;
#6069 = PRESENTATION_LAYER_ASSIGNMENT (  '', '', ( #8493 ) ) ;
#6070 = EDGE_CURVE ( 'NONE', #4176, #116, #4599, .T. ) ;
#6071 = FACE_OUTER_BOUND ( 'NONE', #9620, .T. ) ;
#6072 = PRESENTATION_LAYER_ASSIGNMENT (  '', '', ( #4083 ) ) ;
#6073 = PRESENTATION_STYLE_ASSIGNMENT (( #8291 ) ) ;
#6074 = SURFACE_STYLE_FILL_AREA ( #3498 ) ;
#6075 = CARTESIAN_POINT ( 'NONE',  ( -0.2967629000101008052, -0.4245278429752809002, 0.3009999999999999898 ) ) ;
#6076 = DIRECTION ( 'NONE',  ( 1.000000000000000000, 0.000000000000000000, 0.000000000000000000 ) ) ;
#6077 = CARTESIAN_POINT ( 'NONE',  ( 0.2396806286255219465, -0.4361952830374412615, 0.2999999999999999334 ) ) ;
#6078 = DIRECTION ( 'NONE',  ( 1.000000000000000000, 0.000000000000000000, 0.000000000000000000 ) ) ;
#6079 = EDGE_CURVE ( 'NONE', #2084, #8625, #8401, .T. ) ;
#6080 = ADVANCED_FACE ( 'NONE', ( #5372 ), #2548, .T. ) ;
#6081 = CARTESIAN_POINT ( 'NONE',  ( -0.07801288728688136886, -0.2994247443463592395, 0.3009999999999999898 ) ) ;
#6082 = AXIS2_PLACEMENT_3D ( 'NONE', #4036, #98, #5636 ) ;
#6083 = PRESENTATION_LAYER_ASSIGNMENT (  '', '', ( #4696 ) ) ;
#6084 = CARTESIAN_POINT ( 'NONE',  ( -0.5511932444595225578, -0.1884833454124043850, 0.3000000000000000444 ) ) ;
#6085 = DIRECTION ( 'NONE',  ( -0.5773502691896258421, 0.5773502691896255090, 0.5773502691896258421 ) ) ;
#6086 = EDGE_LOOP ( 'NONE', ( #7833, #7618, #9551, #9613, #7622, #440, #2046, #5662 ) ) ;
#6087 =( NAMED_UNIT ( * ) SI_UNIT ( $, .STERADIAN. ) SOLID_ANGLE_UNIT ( ) );
#6088 =( LENGTH_UNIT ( ) NAMED_UNIT ( * ) SI_UNIT ( .MILLI., .METRE. ) );
#6089 = LINE ( 'NONE', #4463, #3727 ) ;
#6090 =( LENGTH_UNIT ( ) NAMED_UNIT ( * ) SI_UNIT ( .MILLI., .METRE. ) );
#6091 = DIRECTION ( 'NONE',  ( -1.000000000000000000, 0.000000000000000000, 0.000000000000000000 ) ) ;
#6092 = EDGE_CURVE ( 'NONE', #7203, #4524, #8263, .T. ) ;
#6093 = VERTEX_POINT ( 'NONE', #9096 ) ;
#6094 =( GEOMETRIC_REPRESENTATION_CONTEXT ( 3 ) GLOBAL_UNCERTAINTY_ASSIGNED_CONTEXT ( ( #1153 ) ) GLOBAL_UNIT_ASSIGNED_CONTEXT ( ( #5454, #3841, #671 ) ) REPRESENTATION_CONTEXT ( 'NONE', 'WORKASPACE' ) );
#6095 =( NAMED_UNIT ( * ) SI_UNIT ( $, .STERADIAN. ) SOLID_ANGLE_UNIT ( ) );
#6096 = LINE ( 'NONE', #9751, #1906 ) ;
#6097 = PRESENTATION_STYLE_ASSIGNMENT (( #6624 ) ) ;
#6098 = CARTESIAN_POINT ( 'NONE',  ( 1.404999999999997362, 0.5000000000000011102, 4.299999999999999822 ) ) ;
#6099 = VERTEX_POINT ( 'NONE', #7452 ) ;
#6100 = PLANE ( 'NONE',  #6955 ) ;
#6101 = FILL_AREA_STYLE ('',( #9168 ) ) ;
#6102 = CARTESIAN_POINT ( 'NONE',  ( -0.1349999999999997036, -0.5000000000000011102, 4.299999999999999822 ) ) ;
#6103 = CARTESIAN_POINT ( 'NONE',  ( -0.3445924025033119675, -0.2321170535663747980, 0.3009999999999999898 ) ) ;
#6104 = FILL_AREA_STYLE ('',( #1263 ) ) ;
#6105 = PRESENTATION_STYLE_ASSIGNMENT (( #2669 ) ) ;
#6106 = CARTESIAN_POINT ( 'NONE',  ( 6.464999999999998970, -0.8999999999999998002, 0.000000000000000000 ) ) ;
#6107 = VERTEX_POINT ( 'NONE', #1966 ) ;
#6108 = CARTESIAN_POINT ( 'NONE',  ( -0.1511836189941984931, -0.4347905980048958341, 0.3009999999999999898 ) ) ;
#6109 = B_SPLINE_CURVE_WITH_KNOTS ( 'NONE', 3,
 ( #5216, #2117, #8271, #1356, #2859, #7486, #5252 ),
 .UNSPECIFIED., .F., .F.,
 ( 4, 1, 1, 1, 4 ),
 ( 0.000000000000000000, 0.3005411131585108975, 0.5677471464836001402, 0.8000336137369825629, 0.9999999999999998890 ),
 .UNSPECIFIED. ) ;
#6110 = VECTOR ( 'NONE', #2757, 1000.000000000000000 ) ;
#6111 = FILL_AREA_STYLE_COLOUR ( '', #2494 ) ;
#6112 = DIRECTION ( 'NONE',  ( 0.000000000000000000, 0.7071067811865477948, 0.7071067811865473507 ) ) ;
#6113 = FILL_AREA_STYLE_COLOUR ( '', #5280 ) ;
#6114 =( NAMED_UNIT ( * ) SI_UNIT ( $, .STERADIAN. ) SOLID_ANGLE_UNIT ( ) );
#6115 = COLOUR_RGB ( '',1.000000000000000000, 1.000000000000000000, 1.000000000000000000 ) ;
#6116 = EDGE_CURVE ( 'NONE', #2367, #7329, #1764, .T. ) ;
#6118 = EDGE_LOOP ( 'NONE', ( #8435, #2066, #8954, #8372 ) ) ;
#6117 = VECTOR ( 'NONE', #3724, 1000.000000000000000 ) ;
#6119 = UNCERTAINTY_MEASURE_WITH_UNIT (LENGTH_MEASURE( 1.000000000000000082E-05 ), #4071, 'distance_accuracy_value', 'NONE');
#6120 = FILL_AREA_STYLE ('',( #605 ) ) ;
#6121 = PRESENTATION_STYLE_ASSIGNMENT (( #1397 ) ) ;
#6122 = ADVANCED_FACE ( 'NONE', ( #8136 ), #5153, .T. ) ;
#6123 = ORIENTED_EDGE ( 'NONE', *, *, #5287, .F. ) ;
#6124 = VERTEX_POINT ( 'NONE', #406 ) ;
#6125 = COLOUR_RGB ( '',0.5019607843137254832, 0.5019607843137254832, 0.5019607843137254832 ) ;
#6126 = CYLINDRICAL_SURFACE ( 'NONE', #2111, 0.2000000000000000944 ) ;
#6127 = PRESENTATION_LAYER_ASSIGNMENT (  '', '', ( #4886 ) ) ;
#6128 = ORIENTED_EDGE ( 'NONE', *, *, #7987, .T. ) ;
#6129 = PLANE ( 'NONE',  #9586 ) ;
#6130 = ORIENTED_EDGE ( 'NONE', *, *, #6803, .F. ) ;
#6131 = CARTESIAN_POINT ( 'NONE',  ( -6.464999999999997193, -0.5000000000000000000, 0.2999999999999999889 ) ) ;
#6132 = CARTESIAN_POINT ( 'NONE',  ( -0.5524221860673690365, -0.1924125492244080915, 0.3009999999999999898 ) ) ;
#6133 = CARTESIAN_POINT ( 'NONE',  ( -0.5524221860673690365, -0.1924125492244080360, 0.3009999999999999898 ) ) ;
#6134 = LINE ( 'NONE', #8727, #5899 ) ;
#6135 = CARTESIAN_POINT ( 'NONE',  ( -0.3523047970145969932, -0.2772789361221725257, 0.2999999999999999334 ) ) ;
#6136 = EDGE_LOOP ( 'NONE', ( #9990, #1304, #7341, #3912 ) ) ;
#6137 = VERTEX_POINT ( 'NONE', #3567 ) ;
#6138 = COLOUR_RGB ( '',1.000000000000000000, 1.000000000000000000, 1.000000000000000000 ) ;
#6139 = STYLED_ITEM ( 'NONE', ( #5596 ), #3578 ) ;
#6140 = CARTESIAN_POINT ( 'NONE',  ( 5.514999999999999680, -0.07500000000000009437, -2.199999999999999734 ) ) ;
#6141 = EDGE_LOOP ( 'NONE', ( #9225, #8744, #1683, #4746 ) ) ;
#6142 = SURFACE_STYLE_FILL_AREA ( #2142 ) ;
#6143 = ORIENTED_EDGE ( 'NONE', *, *, #8065, .F. ) ;
#6144 = CARTESIAN_POINT ( 'NONE',  ( 0.2714486381944094529, -0.1480073465832075219, 0.2999999999999999889 ) ) ;
#6145 =( NAMED_UNIT ( * ) PLANE_ANGLE_UNIT ( ) SI_UNIT ( $, .RADIAN. ) );
#6146 = ORIENTED_EDGE ( 'NONE', *, *, #1405, .F. ) ;
#6147 = ORIENTED_EDGE ( 'NONE', *, *, #1731, .T. ) ;
#6148 = VECTOR ( 'NONE', #301, 1000.000000000000114 ) ;
#6149 = SURFACE_STYLE_USAGE ( .BOTH. , #597 ) ;
#6150 =( NAMED_UNIT ( * ) PLANE_ANGLE_UNIT ( ) SI_UNIT ( $, .RADIAN. ) );
#6151 =( NAMED_UNIT ( * ) SI_UNIT ( $, .STERADIAN. ) SOLID_ANGLE_UNIT ( ) );
#6152 = EDGE_CURVE ( 'NONE', #4666, #8570, #137, .T. ) ;
#6153 = LINE ( 'NONE', #520, #7130 ) ;
#6154 = EDGE_LOOP ( 'NONE', ( #2452, #6950, #7784, #3771 ) ) ;
#6155 = VECTOR ( 'NONE', #5337, 1000.000000000000000 ) ;
#6156 = PRESENTATION_LAYER_ASSIGNMENT (  '', '', ( #260 ) ) ;
#6157 =( GEOMETRIC_REPRESENTATION_CONTEXT ( 3 ) GLOBAL_UNCERTAINTY_ASSIGNED_CONTEXT ( ( #6674 ) ) GLOBAL_UNIT_ASSIGNED_CONTEXT ( ( #4868, #4094, #4899 ) ) REPRESENTATION_CONTEXT ( 'NONE', 'WORKASPACE' ) );
#6158 = CARTESIAN_POINT ( 'NONE',  ( 0.1971204968594600648, -0.1640588906878226727, 0.2999999999999999889 ) ) ;
#6159 = CARTESIAN_POINT ( 'NONE',  ( 0.2785782059140887168, -0.1974710675561460738, 0.3009999999999998788 ) ) ;
#6160 = CARTESIAN_POINT ( 'NONE',  ( -0.2413560013848350672, -0.1349134455906705887, 0.2999999999999999889 ) ) ;
#6161 = VERTEX_POINT ( 'NONE', #5052 ) ;
#6162 = SURFACE_STYLE_USAGE ( .BOTH. , #7719 ) ;
#6163 = FACE_BOUND ( 'NONE', #2189, .T. ) ;
#6164 = ORIENTED_EDGE ( 'NONE', *, *, #4618, .T. ) ;
#6165 =( GEOMETRIC_REPRESENTATION_CONTEXT ( 3 ) GLOBAL_UNCERTAINTY_ASSIGNED_CONTEXT ( ( #9356 ) ) GLOBAL_UNIT_ASSIGNED_CONTEXT ( ( #9839, #5171, #6693 ) ) REPRESENTATION_CONTEXT ( 'NONE', 'WORKASPACE' ) );
#6166 = CARTESIAN_POINT ( 'NONE',  ( -0.5458093791615163948, -0.1775478187908716143, 0.3009999999999999898 ) ) ;
#6167 =( NAMED_UNIT ( * ) SI_UNIT ( $, .STERADIAN. ) SOLID_ANGLE_UNIT ( ) );
#6168 = CARTESIAN_POINT ( 'NONE',  ( 0.1499593947473567834, -0.1356379245031441583, 0.3009999999999999898 ) ) ;
#6169 =( LENGTH_UNIT ( ) NAMED_UNIT ( * ) SI_UNIT ( .MILLI., .METRE. ) );
#6170 = CARTESIAN_POINT ( 'NONE',  ( 0.8349999999999998535, -0.07500000000000012212, -5.227200187265875542 ) ) ;
#6171 = CYLINDRICAL_SURFACE ( 'NONE', #337, 0.2000000000000000944 ) ;
#6172 = ORIENTED_EDGE ( 'NONE', *, *, #1034, .T. ) ;
#6173 =( GEOMETRIC_REPRESENTATION_CONTEXT ( 3 ) GLOBAL_UNCERTAINTY_ASSIGNED_CONTEXT ( ( #9077 ) ) GLOBAL_UNIT_ASSIGNED_CONTEXT ( ( #750, #10186, #8604 ) ) REPRESENTATION_CONTEXT ( 'NONE', 'WORKASPACE' ) );
#6174 = PRESENTATION_STYLE_ASSIGNMENT (( #7601 ) ) ;
#6175 = UNCERTAINTY_MEASURE_WITH_UNIT (LENGTH_MEASURE( 1.000000000000000082E-05 ), #8717, 'distance_accuracy_value', 'NONE');
#6176 = CARTESIAN_POINT ( 'NONE',  ( 0.2439287149643250829, -0.1370319908007674448, 0.3000000000000000444 ) ) ;
#6177 = B_SPLINE_CURVE_WITH_KNOTS ( 'NONE', 3,
 ( #2534, #1784, #7271, #9676, #4960, #215, #5745, #5779, #1025, #6519, #1815, #7306, #2601, #8261, #6732, #7513, #9928, #4391, #1245 ),
 .UNSPECIFIED., .F., .F.,
 ( 4, 1, 1, 1, 1, 1, 1, 1, 1, 1, 1, 1, 1, 1, 1, 1, 4 ),
 ( 0.000000000000000000, 0.07082657255516285055, 0.1381690332798000131, 0.2024753315338425341, 0.2639737544135196678, 0.3233803205980375073, 0.3817976227131854028, 0.4393900745193891622, 0.4969027245459973763, 0.5546621696093699816, 0.6127418784921974115, 0.6715388363911721781, 0.7316557220901981351, 0.7942978116139532974, 0.8594822049793583441, 0.9276813254527899177, 1.000000000000000000 ),
 .UNSPECIFIED. ) ;
#6178 =( NAMED_UNIT ( * ) PLANE_ANGLE_UNIT ( ) SI_UNIT ( $, .RADIAN. ) );
#6179 = EDGE_CURVE ( 'NONE', #3877, #3519, #2487, .T. ) ;
#6180 = VECTOR ( 'NONE', #10029, 1000.000000000000000 ) ;
#6181 = DIRECTION ( 'NONE',  ( -0.000000000000000000, -0.000000000000000000, -1.000000000000000000 ) ) ;
#6182 = FILL_AREA_STYLE ('',( #8482 ) ) ;
#6183 = SURFACE_STYLE_USAGE ( .BOTH. , #5516 ) ;
#6184 = ORIENTED_EDGE ( 'NONE', *, *, #8347, .T. ) ;
#6185 = DIRECTION ( 'NONE',  ( 0.000000000000000000, 0.000000000000000000, -1.000000000000000000 ) ) ;
#6186 = DIRECTION ( 'NONE',  ( 0.000000000000000000, -0.000000000000000000, 1.000000000000000000 ) ) ;
#6187 = CARTESIAN_POINT ( 'NONE',  ( 6.464999999999998970, 0.5000000000000000000, 0.2999999999999999889 ) ) ;
#6188 = EDGE_CURVE ( 'NONE', #8625, #6835, #9529, .T. ) ;
#6189 = MECHANICAL_DESIGN_GEOMETRIC_PRESENTATION_REPRESENTATION (  '', ( #1317 ), #1113 ) ;
#6190 = CIRCLE ( 'NONE', #6543, 0.1999999999999999833 ) ;
#6191 = FACE_OUTER_BOUND ( 'NONE', #674, .T. ) ;
#6192 = CARTESIAN_POINT ( 'NONE',  ( -0.2831286172299971593, -0.1401591027196565364, 0.2999999999999998779 ) ) ;
#6193 = UNCERTAINTY_MEASURE_WITH_UNIT (LENGTH_MEASURE( 1.000000000000000082E-05 ), #147, 'distance_accuracy_value', 'NONE');
#6194 = EDGE_CURVE ( 'NONE', #2201, #1613, #9908, .T. ) ;
#6195 = DIRECTION ( 'NONE',  ( 0.000000000000000000, -1.000000000000000000, 0.000000000000000000 ) ) ;
#6196 = LINE ( 'NONE', #8169, #3845 ) ;
#6197 = MECHANICAL_DESIGN_GEOMETRIC_PRESENTATION_REPRESENTATION (  '', ( #5680 ), #6391 ) ;
#6198 = PRESENTATION_LAYER_ASSIGNMENT (  '', '', ( #171 ) ) ;
#6199 = VERTEX_POINT ( 'NONE', #5796 ) ;
#6200 = DIRECTION ( 'NONE',  ( 1.000000000000000000, 0.000000000000000000, 0.000000000000000000 ) ) ;
#6201 = PRESENTATION_STYLE_ASSIGNMENT (( #2616 ) ) ;
#6202 = CARTESIAN_POINT ( 'NONE',  ( -0.5975822470429789091, -0.3177174272731885241, 0.3009999999999999898 ) ) ;
#6203 = CARTESIAN_POINT ( 'NONE',  ( -0.09264703362834485201, -0.4018637687366031774, 0.3009999999999999898 ) ) ;
#6204 = CARTESIAN_POINT ( 'NONE',  ( 0.1341217517586880403, -0.1400766953463642162, 0.3000000000000000444 ) ) ;
#6205 = VECTOR ( 'NONE', #7009, 1000.000000000000114 ) ;
#6206 = CARTESIAN_POINT ( 'NONE',  ( -2.105000000000000870, -0.07500000000000009437, 0.2999999999999999889 ) ) ;
#6207 = DIRECTION ( 'NONE',  ( 0.000000000000000000, 1.000000000000000000, 0.000000000000000000 ) ) ;
#6208 = EDGE_CURVE ( 'NONE', #4838, #6873, #8914, .T. ) ;
#6209 = DIRECTION ( 'NONE',  ( -0.000000000000000000, -1.000000000000000000, 0.000000000000000000 ) ) ;
#6210 = VECTOR ( 'NONE', #3255, 1000.000000000000000 ) ;
#6211 = ORIENTED_EDGE ( 'NONE', *, *, #9241, .F. ) ;
#6212 = EDGE_CURVE ( 'NONE', #7239, #7943, #6927, .T. ) ;
#6213 = LINE ( 'NONE', #7132, #3860 ) ;
#6214 =( NAMED_UNIT ( * ) SI_UNIT ( $, .STERADIAN. ) SOLID_ANGLE_UNIT ( ) );
#6215 = VECTOR ( 'NONE', #3982, 1000.000000000000114 ) ;
#6216 = PRESENTATION_LAYER_ASSIGNMENT (  '', '', ( #7065 ) ) ;
#6217 = MECHANICAL_DESIGN_GEOMETRIC_PRESENTATION_REPRESENTATION (  '', ( #4098 ), #8989 ) ;
#6218 = CARTESIAN_POINT ( 'NONE',  ( 2.104999999999999094, -0.07500000000000012212, -2.199999999999999734 ) ) ;
#6219 = FILL_AREA_STYLE_COLOUR ( '', #5855 ) ;
#6220 = AXIS2_PLACEMENT_3D ( 'NONE', #6972, #6901, #1416 ) ;
#6221 =( NAMED_UNIT ( * ) SI_UNIT ( $, .STERADIAN. ) SOLID_ANGLE_UNIT ( ) );
#6222 = CARTESIAN_POINT ( 'NONE',  ( 1.904999999999999583, -0.07500000000000012212, -2.399999999999999911 ) ) ;
#6223 = PLANE ( 'NONE',  #9932 ) ;
#6224 = ORIENTED_EDGE ( 'NONE', *, *, #5215, .T. ) ;
#6225 = DIRECTION ( 'NONE',  ( 0.000000000000000000, 0.000000000000000000, 1.000000000000000000 ) ) ;
#6226 = LINE ( 'NONE', #10179, #5132 ) ;
#6227 = CARTESIAN_POINT ( 'NONE',  ( -3.575000000000001066, 0.4000000000000000222, 4.199999999999999289 ) ) ;
#6228 = CARTESIAN_POINT ( 'NONE',  ( 4.044999999999999041, 0.4000000000000000222, 4.199999999999999289 ) ) ;
#6229 = SURFACE_SIDE_STYLE ('',( #7397 ) ) ;
#6230 = AXIS2_PLACEMENT_3D ( 'NONE', #9716, #1106, #1894 ) ;
#6231 = ORIENTED_EDGE ( 'NONE', *, *, #3016, .F. ) ;
#6232 = DIRECTION ( 'NONE',  ( -0.000000000000000000, -1.000000000000000000, -0.000000000000000000 ) ) ;
#6233 = SURFACE_STYLE_FILL_AREA ( #4721 ) ;
#6234 = CYLINDRICAL_SURFACE ( 'NONE', #2832, 0.2000000000000000944 ) ;
#6235 = CARTESIAN_POINT ( 'NONE',  ( 3.374999999999999556, -0.07500000000000012212, 0.2999999999999999889 ) ) ;
#6236 = VERTEX_POINT ( 'NONE', #9759 ) ;
#6237 = UNCERTAINTY_MEASURE_WITH_UNIT (LENGTH_MEASURE( 1.000000000000000082E-05 ), #132, 'distance_accuracy_value', 'NONE');
#6238 = CARTESIAN_POINT ( 'NONE',  ( 0.2002432975190013564, -0.4054747431577429562, 0.3000000000000000444 ) ) ;
#6239 = CARTESIAN_POINT ( 'NONE',  ( -0.1349999999999997036, 0.5000000000000011102, 4.299999999999999822 ) ) ;
#6240 = CARTESIAN_POINT ( 'NONE',  ( 5.314999999999999503, -0.4000000000000000222, 1.300000000000000044 ) ) ;
#6241 = PLANE ( 'NONE',  #1534 ) ;
#6243 = VERTEX_POINT ( 'NONE', #1902 ) ;
#6242 = FACE_OUTER_BOUND ( 'NONE', #8002, .T. ) ;
#6244 =( GEOMETRIC_REPRESENTATION_CONTEXT ( 3 ) GLOBAL_UNCERTAINTY_ASSIGNED_CONTEXT ( ( #1636 ) ) GLOBAL_UNIT_ASSIGNED_CONTEXT ( ( #1997, #4411, #4345 ) ) REPRESENTATION_CONTEXT ( 'NONE', 'WORKASPACE' ) );
#6245 = ORIENTED_EDGE ( 'NONE', *, *, #10230, .T. ) ;
#6246 = B_SPLINE_CURVE_WITH_KNOTS ( 'NONE', 3,
 ( #7795, #6238, #6983, #4653, #7019, #3885, #3088, #1499, #7764, #2255, #8574 ),
 .UNSPECIFIED., .F., .F.,
 ( 4, 1, 1, 1, 1, 1, 1, 1, 4 ),
 ( 0.000000000000000000, 0.1352946047634291382, 0.2667656579247484339, 0.3948160188358723621, 0.5200516544342456138, 0.6421757029708218267, 0.7626518205584230659, 0.8818340043805015238, 1.000000000000000000 ),
 .UNSPECIFIED. ) ;
#6247 = SURFACE_SIDE_STYLE ('',( #3357 ) ) ;
#6248 = ORIENTED_EDGE ( 'NONE', *, *, #3156, .T. ) ;
#6249 = DIRECTION ( 'NONE',  ( 0.000000000000000000, -1.000000000000000000, 0.000000000000000000 ) ) ;
#6250 =( NAMED_UNIT ( * ) SI_UNIT ( $, .STERADIAN. ) SOLID_ANGLE_UNIT ( ) );
#6251 = VECTOR ( 'NONE', #3500, 1000.000000000000000 ) ;
#6252 = EDGE_CURVE ( 'NONE', #2946, #2385, #6196, .T. ) ;
#6253 = AXIS2_PLACEMENT_3D ( 'NONE', #8246, #9799, #5224 ) ;
#6254 = ORIENTED_EDGE ( 'NONE', *, *, #5691, .T. ) ;
#6255 = FILL_AREA_STYLE_COLOUR ( '', #8355 ) ;
#6256 = EDGE_CURVE ( 'NONE', #5095, #2169, #4725, .T. ) ;
#6257 = CARTESIAN_POINT ( 'NONE',  ( 0.1876862366603105348, -0.1642015299028091735, 0.2999999999999999334 ) ) ;
#6258 = ORIENTED_EDGE ( 'NONE', *, *, #2148, .T. ) ;
#6259 = VECTOR ( 'NONE', #2433, 1000.000000000000000 ) ;
#6260 = PLANE ( 'NONE',  #932 ) ;
#6261 = SURFACE_STYLE_FILL_AREA ( #812 ) ;
#6262 = DIRECTION ( 'NONE',  ( -0.000000000000000000, -1.000000000000000000, 0.000000000000000000 ) ) ;
#6263 = VERTEX_POINT ( 'NONE', #7354 ) ;
#6264 = ORIENTED_EDGE ( 'NONE', *, *, #721, .T. ) ;
#6265 = CARTESIAN_POINT ( 'NONE',  ( -0.4350000000000004974, -0.07500000000000012212, 0.2999999999999999889 ) ) ;
#6266 = FILL_AREA_STYLE ('',( #4781 ) ) ;
#6267 = ORIENTED_EDGE ( 'NONE', *, *, #9548, .F. ) ;
#6268 = EDGE_CURVE ( 'NONE', #3059, #4392, #528, .T. ) ;
#6269 = LINE ( 'NONE', #4347, #9607 ) ;
#6270 = CARTESIAN_POINT ( 'NONE',  ( -0.2384997670147301074, -0.4346867063920490937, 0.3009999999999999898 ) ) ;
#6271 = VERTEX_POINT ( 'NONE', #10016 ) ;
#6272 = FILL_AREA_STYLE_COLOUR ( '', #794 ) ;
#6273 = SURFACE_STYLE_FILL_AREA ( #6789 ) ;
#6274 = DIRECTION ( 'NONE',  ( -0.000000000000000000, 1.000000000000000000, -0.000000000000000000 ) ) ;
#6275 = CARTESIAN_POINT ( 'NONE',  ( -0.2327575519210277888, -0.4347905980048958896, 0.3000000000000000999 ) ) ;
#6276 = CARTESIAN_POINT ( 'NONE',  ( -2.775000000000000355, 0.4000000000000000222, 4.199999999999999289 ) ) ;
#6277 = STYLED_ITEM ( 'NONE', ( #2733 ), #4210 ) ;
#6278 =( GEOMETRIC_REPRESENTATION_CONTEXT ( 3 ) GLOBAL_UNCERTAINTY_ASSIGNED_CONTEXT ( ( #6302 ) ) GLOBAL_UNIT_ASSIGNED_CONTEXT ( ( #2753, #3419, #1863 ) ) REPRESENTATION_CONTEXT ( 'NONE', 'WORKASPACE' ) );
#6279 = SURFACE_STYLE_USAGE ( .BOTH. , #4660 ) ;
#6280 = ORIENTED_EDGE ( 'NONE', *, *, #8052, .T. ) ;
#6281 = EDGE_LOOP ( 'NONE', ( #1485, #10178, #5682, #2569 ) ) ;
#6282 = ADVANCED_FACE ( 'NONE', ( #3980 ), #6000, .T. ) ;
#6283 = FACE_OUTER_BOUND ( 'NONE', #9673, .T. ) ;
#6284 = VERTEX_POINT ( 'NONE', #6098 ) ;
#6285 = SURFACE_STYLE_USAGE ( .BOTH. , #1540 ) ;
#6286 = EDGE_CURVE ( 'NONE', #8050, #4666, #9772, .T. ) ;
#6287 = FILL_AREA_STYLE ('',( #6255 ) ) ;
#6288 = ORIENTED_EDGE ( 'NONE', *, *, #3323, .T. ) ;
#6289 = CARTESIAN_POINT ( 'NONE',  ( -0.1511836189941984931, -0.1347905980048958452, 0.2999999999999999889 ) ) ;
#6290 = LINE ( 'NONE', #937, #486 ) ;
#6291 = CARTESIAN_POINT ( 'NONE',  ( 6.115000000000000213, -0.4000000000000000222, 1.300000000000000044 ) ) ;
#6292 = ORIENTED_EDGE ( 'NONE', *, *, #4405, .T. ) ;
#6293 = EDGE_LOOP ( 'NONE', ( #9471, #5626, #3597, #6143 ) ) ;
#6294 = CARTESIAN_POINT ( 'NONE',  ( -3.575000000000001066, 0.4000000000000000222, 1.300000000000000044 ) ) ;
#6295 = CARTESIAN_POINT ( 'NONE',  ( 0.3497586413254719084, -0.3065248754915216312, 0.3009999999999999898 ) ) ;
#6296 = COLOUR_RGB ( '',1.000000000000000000, 1.000000000000000000, 1.000000000000000000 ) ;
#6297 = CARTESIAN_POINT ( 'NONE',  ( 0.2028818377552522589, -0.1312581289235660031, 0.3009999999999999898 ) ) ;
#6298 = SURFACE_STYLE_USAGE ( .BOTH. , #3853 ) ;
#6299 = ORIENTED_EDGE ( 'NONE', *, *, #7116, .T. ) ;
#6300 = CARTESIAN_POINT ( 'NONE',  ( -0.5682567897259058753, -0.1347905980048958452, 0.3009999999999999898 ) ) ;
#6301 = FILL_AREA_STYLE_COLOUR ( '', #4786 ) ;
#6302 = UNCERTAINTY_MEASURE_WITH_UNIT (LENGTH_MEASURE( 1.000000000000000082E-05 ), #2753, 'distance_accuracy_value', 'NONE');
#6303 = VECTOR ( 'NONE', #5565, 1000.000000000000000 ) ;
#6304 =( NAMED_UNIT ( * ) SI_UNIT ( $, .STERADIAN. ) SOLID_ANGLE_UNIT ( ) );
#6305 =( GEOMETRIC_REPRESENTATION_CONTEXT ( 3 ) GLOBAL_UNCERTAINTY_ASSIGNED_CONTEXT ( ( #734 ) ) GLOBAL_UNIT_ASSIGNED_CONTEXT ( ( #584, #6815, #9172 ) ) REPRESENTATION_CONTEXT ( 'NONE', 'WORKASPACE' ) );
#6306 = COLOUR_RGB ( '',1.000000000000000000, 1.000000000000000000, 1.000000000000000000 ) ;
#6307 = COLOUR_RGB ( '',1.000000000000000000, 1.000000000000000000, 1.000000000000000000 ) ;
#6308 = MECHANICAL_DESIGN_GEOMETRIC_PRESENTATION_REPRESENTATION (  '', ( #3124 ), #9886 ) ;
#6309 = PRESENTATION_STYLE_ASSIGNMENT (( #719 ) ) ;
#6310 = CARTESIAN_POINT ( 'NONE',  ( -0.2836404042020568839, -0.3942257701221573152, 0.3009999999999999343 ) ) ;
#6311 = ORIENTED_EDGE ( 'NONE', *, *, #4961, .T. ) ;
#6312 = EDGE_CURVE ( 'NONE', #1793, #4033, #6800, .T. ) ;
#6313 = CARTESIAN_POINT ( 'NONE',  ( -1.505000000000001226, 0.4000000000000000222, 4.199999999999999289 ) ) ;
#6314 =( NAMED_UNIT ( * ) PLANE_ANGLE_UNIT ( ) SI_UNIT ( $, .RADIAN. ) );
#6315 = CARTESIAN_POINT ( 'NONE',  ( -0.4350000000000004974, -0.07500000000000012212, -5.227200187265875542 ) ) ;
#6316 = FILL_AREA_STYLE_COLOUR ( '', #4750 ) ;
#6317 = CARTESIAN_POINT ( 'NONE',  ( -0.5468200519210277832, -0.1713759638585543588, 0.3009999999999999898 ) ) ;
#6318 = UNCERTAINTY_MEASURE_WITH_UNIT (LENGTH_MEASURE( 1.000000000000000082E-05 ), #6802, 'distance_accuracy_value', 'NONE');
#6319 =( NAMED_UNIT ( * ) SI_UNIT ( $, .STERADIAN. ) SOLID_ANGLE_UNIT ( ) );
#6320 = DIRECTION ( 'NONE',  ( -1.355252715606880296E-16, -1.000000000000000000, 0.000000000000000000 ) ) ;
#6321 = EDGE_CURVE ( 'NONE', #2754, #3630, #1149, .T. ) ;
#6322 = SURFACE_STYLE_FILL_AREA ( #8018 ) ;
#6323 = ORIENTED_EDGE ( 'NONE', *, *, #3834, .F. ) ;
#6324 = SURFACE_SIDE_STYLE ('',( #5620 ) ) ;
#6325 = SURFACE_STYLE_FILL_AREA ( #9073 ) ;
#6326 = CARTESIAN_POINT ( 'NONE',  ( 0.3499421286533822006, -0.2958863364944401830, 0.2999999999999999334 ) ) ;
#6327 = PRESENTATION_LAYER_ASSIGNMENT (  '', '', ( #2771 ) ) ;
#6328 = PRESENTATION_LAYER_ASSIGNMENT (  '', '', ( #9705 ) ) ;
#6329 = SURFACE_STYLE_USAGE ( .BOTH. , #4865 ) ;
#6330 = EDGE_LOOP ( 'NONE', ( #360, #4256, #4652, #554, #7971 ) ) ;
#6331 = ADVANCED_FACE ( 'NONE', ( #886 ), #3742, .F. ) ;
#6332 = CARTESIAN_POINT ( 'NONE',  ( -0.3279317138289805089, -0.2037995780238248955, 0.2999999999999999334 ) ) ;
#6333 = FILL_AREA_STYLE ('',( #6301 ) ) ;
#6334 = VECTOR ( 'NONE', #8906, 1000.000000000000000 ) ;
#6335 = EDGE_CURVE ( 'NONE', #6093, #1550, #3457, .T. ) ;
#6336 = DIRECTION ( 'NONE',  ( 0.000000000000000000, -0.000000000000000000, -1.000000000000000000 ) ) ;
#6337 = EDGE_CURVE ( 'NONE', #9327, #6780, #1022, .T. ) ;
#6338 = VERTEX_POINT ( 'NONE', #5190 ) ;
#6339 =( LENGTH_UNIT ( ) NAMED_UNIT ( * ) SI_UNIT ( .MILLI., .METRE. ) );
#6340 = PRESENTATION_LAYER_ASSIGNMENT (  '', '', ( #9381 ) ) ;
#6341 = PRESENTATION_LAYER_ASSIGNMENT (  '', '', ( #8652 ) ) ;
#6342 = CARTESIAN_POINT ( 'NONE',  ( 0.3499421286533822006, -0.2958863364944401830, 0.3009999999999999343 ) ) ;
#6343 = VECTOR ( 'NONE', #2651, 1000.000000000000114 ) ;
#6344 = PRESENTATION_LAYER_ASSIGNMENT (  '', '', ( #7388 ) ) ;
#6345 = PRESENTATION_STYLE_ASSIGNMENT (( #10046 ) ) ;
#6346 = SURFACE_STYLE_USAGE ( .BOTH. , #3099 ) ;
#6347 = CARTESIAN_POINT ( 'NONE',  ( -4.845000000000001528, 0.4000000000000000222, 4.199999999999999289 ) ) ;
#6348 = CARTESIAN_POINT ( 'NONE',  ( -2.105000000000000870, 0.07499999999999990008, -5.227200187265875542 ) ) ;
#6349 = VECTOR ( 'NONE', #6729, 1000.000000000000000 ) ;
#6350 = ORIENTED_EDGE ( 'NONE', *, *, #8841, .T. ) ;
#6351 = CARTESIAN_POINT ( 'NONE',  ( -0.3400706433952894736, -0.2217807515821046127, 0.3010000000000000453 ) ) ;
#6352 = CARTESIAN_POINT ( 'NONE',  ( 0.2038659236887283288, -0.4055223053219689788, 0.3009999999999999898 ) ) ;
#6353 = VECTOR ( 'NONE', #7086, 1000.000000000000000 ) ;
#6354 = SURFACE_STYLE_FILL_AREA ( #2827 ) ;
#6355 = FILL_AREA_STYLE_COLOUR ( '', #5854 ) ;
#6356 = AXIS2_PLACEMENT_3D ( 'NONE', #3614, #10056, #1371 ) ;
#6357 = CARTESIAN_POINT ( 'NONE',  ( 0.3095458721228931953, -0.3009446401639437330, 0.3009999999999999898 ) ) ;
#6358 = UNCERTAINTY_MEASURE_WITH_UNIT (LENGTH_MEASURE( 1.000000000000000082E-05 ), #2027, 'distance_accuracy_value', 'NONE');
#6359 = ORIENTED_EDGE ( 'NONE', *, *, #240, .F. ) ;
#6360 = CARTESIAN_POINT ( 'NONE',  ( 0.2537555116595443527, -0.4330055285684181188, 0.3000000000000000999 ) ) ;
#6361 = DIRECTION ( 'NONE',  ( 0.000000000000000000, 1.000000000000000000, 0.000000000000000000 ) ) ;
#6362 = CARTESIAN_POINT ( 'NONE',  ( 0.2960532993198346507, -0.1645136980923813941, 0.3009999999999999898 ) ) ;
#6363 = DIRECTION ( 'NONE',  ( -1.000000000000000000, 0.000000000000000000, 0.000000000000000000 ) ) ;
#6364 = PRESENTATION_LAYER_ASSIGNMENT (  '', '', ( #4060 ) ) ;
#6365 =( NAMED_UNIT ( * ) SI_UNIT ( $, .STERADIAN. ) SOLID_ANGLE_UNIT ( ) );
#6366 = ORIENTED_EDGE ( 'NONE', *, *, #7918, .T. ) ;
#6367 = SURFACE_STYLE_FILL_AREA ( #9335 ) ;
#6368 = EDGE_CURVE ( 'NONE', #1076, #5986, #6373, .T. ) ;
#6369 = FILL_AREA_STYLE_COLOUR ( '', #4687 ) ;
#6370 = VERTEX_POINT ( 'NONE', #7592 ) ;
#6371 = VERTEX_POINT ( 'NONE', #4482 ) ;
#6372 = CARTESIAN_POINT ( 'NONE',  ( -0.3448219652454783679, -0.3323261827152385051, 0.3010000000000000453 ) ) ;
#6373 = B_SPLINE_CURVE_WITH_KNOTS ( 'NONE', 3,
 ( #2153, #9265, #9197, #1258, #438, #6753, #2862, #4446, #8356, #2024, #9982, #7524, #9940, #6075, #5220, #7688, #3849, #6270, #6910 ),
 .UNSPECIFIED., .F., .F.,
 ( 4, 1, 1, 1, 1, 1, 1, 1, 1, 1, 1, 1, 1, 1, 1, 1, 4 ),
 ( 0.000000000000000000, 0.06806869584499397607, 0.1334274328189549996, 0.1961460338131565950, 0.2570485924493127738, 0.3168826631591619702, 0.3761872086663215486, 0.4359603353635460588, 0.4965352368627262702, 0.5574653434807332886, 0.6176868634101470024, 0.6779436406969062689, 0.7388052848060404632, 0.8009493367665841967, 0.8648146674702266168, 0.9310247810786572709, 1.000000000000000000 ),
 .UNSPECIFIED. ) ;
#6375 = VECTOR ( 'NONE', #5578, 1000.000000000000000 ) ;
#6374 =( NAMED_UNIT ( * ) PLANE_ANGLE_UNIT ( ) SI_UNIT ( $, .RADIAN. ) );
#6376 = CARTESIAN_POINT ( 'NONE',  ( 0.02808467368872833575, -0.4018637687366031774, 0.3009999999999999898 ) ) ;
#6377 = VERTEX_POINT ( 'NONE', #6981 ) ;
#6378 = LINE ( 'NONE', #1602, #7714 ) ;
#6379 = EDGE_CURVE ( 'NONE', #6998, #8445, #7160, .T. ) ;
#6380 =( GEOMETRIC_REPRESENTATION_CONTEXT ( 3 ) GLOBAL_UNCERTAINTY_ASSIGNED_CONTEXT ( ( #1829 ) ) GLOBAL_UNIT_ASSIGNED_CONTEXT ( ( #9009, #314, #7402 ) ) REPRESENTATION_CONTEXT ( 'NONE', 'WORKASPACE' ) );
#6381 = VERTEX_POINT ( 'NONE', #3819 ) ;
#6382 = SURFACE_STYLE_USAGE ( .BOTH. , #4808 ) ;
#6383 = PRESENTATION_STYLE_ASSIGNMENT (( #3752 ) ) ;
#6384 = ADVANCED_FACE ( 'NONE', ( #7884 ), #1528, .T. ) ;
#6385 = EDGE_LOOP ( 'NONE', ( #2819, #4403, #9291, #5900, #9019, #4470, #5744, #1170, #79, #4186, #5152, #4077 ) ) ;
#6386 = CARTESIAN_POINT ( 'NONE',  ( 4.244999999999999218, -0.07500000000000009437, -5.227200187265875542 ) ) ;
#6387 = FILL_AREA_STYLE_COLOUR ( '', #4281 ) ;
#6388 =( NAMED_UNIT ( * ) PLANE_ANGLE_UNIT ( ) SI_UNIT ( $, .RADIAN. ) );
#6389 = ORIENTED_EDGE ( 'NONE', *, *, #902, .T. ) ;
#6390 = ORIENTED_EDGE ( 'NONE', *, *, #9180, .F. ) ;
#6391 =( GEOMETRIC_REPRESENTATION_CONTEXT ( 3 ) GLOBAL_UNCERTAINTY_ASSIGNED_CONTEXT ( ( #9992 ) ) GLOBAL_UNIT_ASSIGNED_CONTEXT ( ( #1200, #2005, #6692 ) ) REPRESENTATION_CONTEXT ( 'NONE', 'WORKASPACE' ) );
#6392 = STYLED_ITEM ( 'NONE', ( #472 ), #7053 ) ;
#6393 = DIRECTION ( 'NONE',  ( -0.000000000000000000, -1.000000000000000000, 0.000000000000000000 ) ) ;
#6394 = ORIENTED_EDGE ( 'NONE', *, *, #8437, .F. ) ;
#6395 = VECTOR ( 'NONE', #5842, 1000.000000000000000 ) ;
#6396 = CARTESIAN_POINT ( 'NONE',  ( 0.2146186116663738874, -0.4383329874648063118, 0.2999999999999999889 ) ) ;
#6397 = ORIENTED_EDGE ( 'NONE', *, *, #862, .F. ) ;
#6398 = CARTESIAN_POINT ( 'NONE',  ( 0.2714486381944094529, -0.1480073465832075219, 0.3009999999999999898 ) ) ;
#6399 = LINE ( 'NONE', #9585, #7137 ) ;
#6400 = CARTESIAN_POINT ( 'NONE',  ( 0.1974634846643381070, -0.1311320614195299883, 0.2999999999999999889 ) ) ;
#6401 = CARTESIAN_POINT ( 'NONE',  ( -2.405000000000002469, 0.4000000000000000222, 4.299999999999999822 ) ) ;
#6402 = COLOUR_RGB ( '',1.000000000000000000, 1.000000000000000000, 1.000000000000000000 ) ;
#6403 = SURFACE_STYLE_USAGE ( .BOTH. , #9507 ) ;
#6404 = EDGE_LOOP ( 'NONE', ( #384, #6482, #5658, #6940 ) ) ;
#6405 = FACE_OUTER_BOUND ( 'NONE', #4029, .T. ) ;
#6406 = AXIS2_PLACEMENT_3D ( 'NONE', #9664, #1738, #2449 ) ;
#6407 = DIRECTION ( 'NONE',  ( 0.000000000000000000, -1.000000000000000000, 0.000000000000000000 ) ) ;
#6408 = ORIENTED_EDGE ( 'NONE', *, *, #1921, .F. ) ;
#6409 = DIRECTION ( 'NONE',  ( 0.000000000000000000, 1.000000000000000000, 0.000000000000000000 ) ) ;
#6410 = PRESENTATION_STYLE_ASSIGNMENT (( #3297 ) ) ;
#6411 = CARTESIAN_POINT ( 'NONE',  ( 4.445000000000000284, -0.07500000000000012212, -2.399999999999999911 ) ) ;
#6412 = CARTESIAN_POINT ( 'NONE',  ( 6.115000000000000213, 0.4000000000000000222, 4.199999999999999289 ) ) ;
#6413 = ORIENTED_EDGE ( 'NONE', *, *, #7302, .F. ) ;
#6414 =( GEOMETRIC_REPRESENTATION_CONTEXT ( 3 ) GLOBAL_UNCERTAINTY_ASSIGNED_CONTEXT ( ( #7251 ) ) GLOBAL_UNIT_ASSIGNED_CONTEXT ( ( #3693, #7515, #428 ) ) REPRESENTATION_CONTEXT ( 'NONE', 'WORKASPACE' ) );
#6415 = CARTESIAN_POINT ( 'NONE',  ( -0.4871401738722471730, -0.3506442565414811807, 0.3009999999999999898 ) ) ;
#6416 = DIRECTION ( 'NONE',  ( -0.5773502691896258421, 0.5773502691896255090, -0.5773502691896258421 ) ) ;
#6417 = PRESENTATION_STYLE_ASSIGNMENT (( #9817 ) ) ;
#6418 = LINE ( 'NONE', #2910, #3445 ) ;
#6419 = FACE_OUTER_BOUND ( 'NONE', #8289, .T. ) ;
#6420 =( NAMED_UNIT ( * ) SI_UNIT ( $, .STERADIAN. ) SOLID_ANGLE_UNIT ( ) );
#6421 = CARTESIAN_POINT ( 'NONE',  ( 4.445000000000000284, 0.07499999999999987232, -2.399999999999999911 ) ) ;
#6422 = EDGE_LOOP ( 'NONE', ( #8195, #1935, #5295, #2848 ) ) ;
#6423 = UNCERTAINTY_MEASURE_WITH_UNIT (LENGTH_MEASURE( 1.000000000000000082E-05 ), #6641, 'distance_accuracy_value', 'NONE');
#6424 = AXIS2_PLACEMENT_3D ( 'NONE', #8358, #5971, #2724 ) ;
#6425 = LINE ( 'NONE', #7849, #389 ) ;
#6426 = CARTESIAN_POINT ( 'NONE',  ( -2.305000000000001492, 0.4000000000000000222, 1.300000000000000044 ) ) ;
#6427 = DIRECTION ( 'NONE',  ( 0.000000000000000000, -1.000000000000000000, 0.000000000000000000 ) ) ;
#6428 = ADVANCED_FACE ( 'NONE', ( #2614 ), #7018, .F. ) ;
#6429 = LINE ( 'NONE', #9791, #10161 ) ;
#6430 = DIRECTION ( 'NONE',  ( -0.7071067811865475727, 0.000000000000000000, 0.7071067811865475727 ) ) ;
#6431 = ORIENTED_EDGE ( 'NONE', *, *, #10040, .F. ) ;
#6432 =( NAMED_UNIT ( * ) PLANE_ANGLE_UNIT ( ) SI_UNIT ( $, .RADIAN. ) );
#6433 = ORIENTED_EDGE ( 'NONE', *, *, #8277, .T. ) ;
#6434 = EDGE_CURVE ( 'NONE', #6263, #1932, #2112, .T. ) ;
#6435 = STYLED_ITEM ( 'NONE', ( #7466 ), #5059 ) ;
#6436 = ADVANCED_BREP_SHAPE_REPRESENTATION ( 'HDR-TH_10P-P1.27-V-F', ( #5496, #3264 ), #9488 ) ;
#6437 = EDGE_CURVE ( 'NONE', #3940, #7049, #9642, .T. ) ;
#6438 = CARTESIAN_POINT ( 'NONE',  ( -0.09264703362834485201, -0.4347905980048958341, 0.3009999999999999898 ) ) ;
#6439 = DIRECTION ( 'NONE',  ( 1.000000000000000000, 0.000000000000000000, -0.000000000000000000 ) ) ;
#6440 = AXIS2_PLACEMENT_3D ( 'NONE', #6108, #5201, #2039 ) ;
#6441 = ORIENTED_EDGE ( 'NONE', *, *, #9484, .T. ) ;
#6442 = CARTESIAN_POINT ( 'NONE',  ( -2.674999999999999378, 0.5000000000000011102, 4.299999999999999822 ) ) ;
#6443 = SURFACE_SIDE_STYLE ('',( #9704 ) ) ;
#6444 = LINE ( 'NONE', #7027, #4362 ) ;
#6445 = SURFACE_STYLE_USAGE ( .BOTH. , #944 ) ;
#6446 = VECTOR ( 'NONE', #1781, 1000.000000000000000 ) ;
#6447 = FILL_AREA_STYLE ('',( #5390 ) ) ;
#6448 = VERTEX_POINT ( 'NONE', #8503 ) ;
#6449 = SURFACE_STYLE_FILL_AREA ( #5655 ) ;
#6450 =( LENGTH_UNIT ( ) NAMED_UNIT ( * ) SI_UNIT ( .MILLI., .METRE. ) );
#6451 = MECHANICAL_DESIGN_GEOMETRIC_PRESENTATION_REPRESENTATION (  '', ( #9842 ), #6989 ) ;
#6452 = MECHANICAL_DESIGN_GEOMETRIC_PRESENTATION_REPRESENTATION (  '', ( #10192 ), #6278 ) ;
#6453 = FILL_AREA_STYLE ('',( #8843 ) ) ;
#6454 =( LENGTH_UNIT ( ) NAMED_UNIT ( * ) SI_UNIT ( .MILLI., .METRE. ) );
#6455 = DIRECTION ( 'NONE',  ( 0.000000000000000000, 1.000000000000000000, 3.430630704733824484E-13 ) ) ;
#6456 = COLOUR_RGB ( '',1.000000000000000000, 1.000000000000000000, 1.000000000000000000 ) ;
#6457 = CARTESIAN_POINT ( 'NONE',  ( 4.044999999999999041, 0.4000000000000000222, 4.199999999999999289 ) ) ;
#6458 = EDGE_LOOP ( 'NONE', ( #7095, #7504, #7078, #9455 ) ) ;
#6459 = CARTESIAN_POINT ( 'NONE',  ( 5.915000000000000036, 0.07499999999999984457, -2.199999999999999734 ) ) ;
#6460 = LINE ( 'NONE', #5424, #8306 ) ;
#6461 = LINE ( 'NONE', #5906, #3881 ) ;
#6462 = EDGE_CURVE ( 'NONE', #1394, #2539, #2348, .T. ) ;
#6463 = MECHANICAL_DESIGN_GEOMETRIC_PRESENTATION_REPRESENTATION (  '', ( #260 ), #804 ) ;
#6464 = ORIENTED_EDGE ( 'NONE', *, *, #8620, .F. ) ;
#6465 = CARTESIAN_POINT ( 'NONE',  ( 0.1971204968594600648, -0.1640588906878226727, 0.3009999999999999898 ) ) ;
#6466 = STYLED_ITEM ( 'NONE', ( #1006 ), #1490 ) ;
#6467 =( LENGTH_UNIT ( ) NAMED_UNIT ( * ) SI_UNIT ( .MILLI., .METRE. ) );
#6468 = SURFACE_STYLE_FILL_AREA ( #9033 ) ;
#6469 = CARTESIAN_POINT ( 'NONE',  ( -0.2358444421649301403, -0.1347905980048958452, 0.3009999999999999898 ) ) ;
#6470 = CARTESIAN_POINT ( 'NONE',  ( -6.465000000000000746, -0.8999999999999998002, 0.000000000000000000 ) ) ;
#6471 = ADVANCED_FACE ( 'NONE', ( #9391 ), #5114, .T. ) ;
#6472 = SURFACE_STYLE_USAGE ( .BOTH. , #1085 ) ;
#6473 = CARTESIAN_POINT ( 'NONE',  ( -0.3481037820813347450, -0.3929906760701658563, 0.2999999999999999889 ) ) ;
#6474 = ORIENTED_EDGE ( 'NONE', *, *, #1762, .T. ) ;
#6476 = VERTEX_POINT ( 'NONE', #8673 ) ;
#6475 = FACE_OUTER_BOUND ( 'NONE', #6752, .T. ) ;
#6477 = FACE_OUTER_BOUND ( 'NONE', #7950, .T. ) ;
#6478 = ORIENTED_EDGE ( 'NONE', *, *, #6462, .T. ) ;
#6479 = MECHANICAL_DESIGN_GEOMETRIC_PRESENTATION_REPRESENTATION (  '', ( #7725 ), #8802 ) ;
#6480 = CARTESIAN_POINT ( 'NONE',  ( 0.2263325207646148529, -0.4037137094369415702, 0.2999999999999998779 ) ) ;
#6481 = CARTESIAN_POINT ( 'NONE',  ( 0.3094857791778235501, -0.2743343695727927800, 0.2999999999999999889 ) ) ;
#6482 = ORIENTED_EDGE ( 'NONE', *, *, #8629, .F. ) ;
#6483 = VECTOR ( 'NONE', #5721, 1000.000000000000000 ) ;
#6485 = ORIENTED_EDGE ( 'NONE', *, *, #5688, .F. ) ;
#6484 = VECTOR ( 'NONE', #3983, 1000.000000000000000 ) ;
#6486 = PLANE ( 'NONE',  #10274 ) ;
#6487 = SURFACE_SIDE_STYLE ('',( #5208 ) ) ;
#6488 = EDGE_LOOP ( 'NONE', ( #707, #166, #8414, #7260 ) ) ;
#6489 = DIRECTION ( 'NONE',  ( 0.000000000000000000, -1.000000000000000000, 0.000000000000000000 ) ) ;
#6490 = CARTESIAN_POINT ( 'NONE',  ( 0.1668215745703286179, -0.4342873346563703163, 0.3009999999999999343 ) ) ;
#6491 = EDGE_LOOP ( 'NONE', ( #2913, #1023, #6509, #4291 ) ) ;
#6492 =( NAMED_UNIT ( * ) PLANE_ANGLE_UNIT ( ) SI_UNIT ( $, .RADIAN. ) );
#6493 = EDGE_CURVE ( 'NONE', #6495, #9592, #2602, .T. ) ;
#6494 = DIRECTION ( 'NONE',  ( 0.000000000000000000, 1.000000000000000000, 0.000000000000000000 ) ) ;
#6495 = VERTEX_POINT ( 'NONE', #8709 ) ;
#6496 = VECTOR ( 'NONE', #6651, 1000.000000000000000 ) ;
#6497 = SURFACE_STYLE_FILL_AREA ( #541 ) ;
#6498 = ORIENTED_EDGE ( 'NONE', *, *, #6194, .T. ) ;
#6499 = LINE ( 'NONE', #9110, #6155 ) ;
#6500 = CARTESIAN_POINT ( 'NONE',  ( 0.1692903307378944566, -0.1666187031933705764, 0.3010000000000000453 ) ) ;
#6501 = FILL_AREA_STYLE_COLOUR ( '', #2661 ) ;
#6502 =( LENGTH_UNIT ( ) NAMED_UNIT ( * ) SI_UNIT ( .MILLI., .METRE. ) );
#6503 = FILL_AREA_STYLE ('',( #8726 ) ) ;
#6504 = SURFACE_SIDE_STYLE ('',( #8055 ) ) ;
#6505 = ORIENTED_EDGE ( 'NONE', *, *, #6520, .F. ) ;
#6506 = EDGE_CURVE ( 'NONE', #8976, #5551, #7272, .T. ) ;
#6507 = AXIS2_PLACEMENT_3D ( 'NONE', #7133, #4840, #8619 ) ;
#6508 = SURFACE_STYLE_USAGE ( .BOTH. , #6443 ) ;
#6509 = ORIENTED_EDGE ( 'NONE', *, *, #9711, .T. ) ;
#6510 = CARTESIAN_POINT ( 'NONE',  ( -0.3365240366108858128, -0.4027483453147461812, 0.2999999999999998779 ) ) ;
#6511 = COLOUR_RGB ( '',0.5019607843137254832, 0.5019607843137254832, 0.5019607843137254832 ) ;
#6512 = SURFACE_STYLE_USAGE ( .BOTH. , #5740 ) ;
#6513 = STYLED_ITEM ( 'NONE', ( #3851 ), #3599 ) ;
#6514 = STYLED_ITEM ( 'NONE', ( #8504 ), #7521 ) ;
#6515 = DIRECTION ( 'NONE',  ( 0.000000000000000000, 0.7071067811865477948, 0.7071067811865473507 ) ) ;
#6516 = CARTESIAN_POINT ( 'NONE',  ( 0.2730926651997326871, -0.3813139324245568562, 0.2999999999999999334 ) ) ;
#6517 = VECTOR ( 'NONE', #5385, 1000.000000000000000 ) ;
#6518 = ORIENTED_EDGE ( 'NONE', *, *, #9083, .T. ) ;
#6519 = CARTESIAN_POINT ( 'NONE',  ( -0.3212401322061070319, -0.3704471403891262948, 0.3010000000000000453 ) ) ;
#6520 = EDGE_CURVE ( 'NONE', #4132, #9758, #1631, .T. ) ;
#6521 = CARTESIAN_POINT ( 'NONE',  ( -0.4350000000000004974, -0.07500000000000012212, 0.2999999999999999889 ) ) ;
#6522 =( LENGTH_UNIT ( ) NAMED_UNIT ( * ) SI_UNIT ( .MILLI., .METRE. ) );
#6523 = CARTESIAN_POINT ( 'NONE',  ( -2.775000000000000355, 0.4000000000000000222, 1.300000000000000044 ) ) ;
#6524 = ADVANCED_FACE ( 'NONE', ( #5703 ), #6707, .T. ) ;
#6525 = EDGE_CURVE ( 'NONE', #1710, #5242, #3329, .T. ) ;
#6526 = ORIENTED_EDGE ( 'NONE', *, *, #8629, .T. ) ;
#6527 = DIRECTION ( 'NONE',  ( 1.000000000000000000, -1.355252715606879803E-16, 0.000000000000000000 ) ) ;
#6528 =( GEOMETRIC_REPRESENTATION_CONTEXT ( 3 ) GLOBAL_UNCERTAINTY_ASSIGNED_CONTEXT ( ( #748 ) ) GLOBAL_UNIT_ASSIGNED_CONTEXT ( ( #628, #5381, #9310 ) ) REPRESENTATION_CONTEXT ( 'NONE', 'WORKASPACE' ) );
#6529 = DIRECTION ( 'NONE',  ( -0.000000000000000000, 1.000000000000000000, -0.000000000000000000 ) ) ;
#6530 = FACE_OUTER_BOUND ( 'NONE', #2307, .T. ) ;
#6531 = DIRECTION ( 'NONE',  ( -1.000000000000000000, 0.000000000000000000, -0.000000000000000000 ) ) ;
#6532 = VECTOR ( 'NONE', #7596, 1000.000000000000114 ) ;
#6533 = LINE ( 'NONE', #7826, #4455 ) ;
#6534 = UNCERTAINTY_MEASURE_WITH_UNIT (LENGTH_MEASURE( 1.000000000000000082E-05 ), #6090, 'distance_accuracy_value', 'NONE');
#6535 = CARTESIAN_POINT ( 'NONE',  ( 0.1499593947473567834, -0.1356379245031441583, 0.3009999999999999898 ) ) ;
#6536 = DIRECTION ( 'NONE',  ( -1.000000000000000000, 0.000000000000000000, -0.000000000000000000 ) ) ;
#6537 = LINE ( 'NONE', #1028, #1011 ) ;
#6538 = PLANE ( 'NONE',  #3754 ) ;
#6539 =( NAMED_UNIT ( * ) PLANE_ANGLE_UNIT ( ) SI_UNIT ( $, .RADIAN. ) );
#6540 = VECTOR ( 'NONE', #106, 1000.000000000000000 ) ;
#6541 = CARTESIAN_POINT ( 'NONE',  ( -0.6110731007015154370, -0.3506442565414811807, 0.2999999999999999889 ) ) ;
#6542 = FACE_OUTER_BOUND ( 'NONE', #6136, .T. ) ;
#6543 = AXIS2_PLACEMENT_3D ( 'NONE', #209, #6548, #3308 ) ;
#6544 = SURFACE_STYLE_FILL_AREA ( #5223 ) ;
#6545 = CARTESIAN_POINT ( 'NONE',  ( -3.944999999999999840, -0.4000000000000000222, 4.299999999999999822 ) ) ;
#6546 = VERTEX_POINT ( 'NONE', #996 ) ;
#6547 = UNCERTAINTY_MEASURE_WITH_UNIT (LENGTH_MEASURE( 1.000000000000000082E-05 ), #7572, 'distance_accuracy_value', 'NONE');
#6548 = DIRECTION ( 'NONE',  ( -1.016439536705160037E-16, -1.000000000000000000, -0.000000000000000000 ) ) ;
#6549 = CARTESIAN_POINT ( 'NONE',  ( -3.174999999999999822, 0.000000000000000000, -2.399999999999999911 ) ) ;
#6550 = ORIENTED_EDGE ( 'NONE', *, *, #4534, .F. ) ;
#6551 = CARTESIAN_POINT ( 'NONE',  ( 5.080000000000000071, 0.000000000000000000, 1.300000000000000044 ) ) ;
#6552 = DIRECTION ( 'NONE',  ( -0.000000000000000000, -0.000000000000000000, 1.000000000000000000 ) ) ;
#6553 = LINE ( 'NONE', #3904, #3713 ) ;
#6554 = CARTESIAN_POINT ( 'NONE',  ( 0.2977926420137664287, -0.2259458659165182737, 0.2999999999999999889 ) ) ;
#6555 = EDGE_LOOP ( 'NONE', ( #8170, #294, #6147, #138 ) ) ;
#6556 = MECHANICAL_DESIGN_GEOMETRIC_PRESENTATION_REPRESENTATION (  '', ( #4862 ), #5536 ) ;
#6557 = DIRECTION ( 'NONE',  ( -1.000000000000000000, 0.000000000000000000, -0.000000000000000000 ) ) ;
#6558 = SURFACE_STYLE_USAGE ( .BOTH. , #6487 ) ;
#6559 = ORIENTED_EDGE ( 'NONE', *, *, #3291, .T. ) ;
#6560 = CARTESIAN_POINT ( 'NONE',  ( -6.115000000000001101, 0.4000000000000000222, 1.300000000000000044 ) ) ;
#6561 = PRESENTATION_STYLE_ASSIGNMENT (( #10006 ) ) ;
#6562 = VECTOR ( 'NONE', #726, 1000.000000000000000 ) ;
#6563 =( NAMED_UNIT ( * ) PLANE_ANGLE_UNIT ( ) SI_UNIT ( $, .RADIAN. ) );
#6564 = VECTOR ( 'NONE', #3662, 1000.000000000000000 ) ;
#6565 =( NAMED_UNIT ( * ) SI_UNIT ( $, .STERADIAN. ) SOLID_ANGLE_UNIT ( ) );
#6566 = EDGE_CURVE ( 'NONE', #7566, #2810, #6537, .T. ) ;
#6567 = LINE ( 'NONE', #593, #2376 ) ;
#6568 = AXIS2_PLACEMENT_3D ( 'NONE', #1132, #9812, #5924 ) ;
#6569 = EDGE_LOOP ( 'NONE', ( #3246, #9987, #8561, #8501 ) ) ;
#6570 = FILL_AREA_STYLE_COLOUR ( '', #2238 ) ;
#6571 = AXIS2_PLACEMENT_3D ( 'NONE', #3296, #3968, #1736 ) ;
#6572 = CARTESIAN_POINT ( 'NONE',  ( -6.115000000000001101, 0.4000000000000000222, 1.300000000000000044 ) ) ;
#6573 = CARTESIAN_POINT ( 'NONE',  ( -4.645000000000000462, 0.07499999999999990008, -2.199999999999999734 ) ) ;
#6574 = CARTESIAN_POINT ( 'NONE',  ( 0.2135112913927208755, -0.1315054418370763256, 0.3009999999999999898 ) ) ;
#6575 = CARTESIAN_POINT ( 'NONE',  ( 0.2349999999999990985, 0.4000000000000000222, 1.300000000000000044 ) ) ;
#6576 = MECHANICAL_DESIGN_GEOMETRIC_PRESENTATION_REPRESENTATION (  '', ( #914 ), #3880 ) ;
#6577 = STYLED_ITEM ( 'NONE', ( #5321 ), #6991 ) ;
#6578 = CARTESIAN_POINT ( 'NONE',  ( -0.2819048265380628138, -0.4292050688942663506, 0.3009999999999999898 ) ) ;
#6579 = ADVANCED_FACE ( 'NONE', ( #6071 ), #183, .T. ) ;
#6580 = CARTESIAN_POINT ( 'NONE',  ( 3.675000000000000266, -0.5000000000000011102, 4.299999999999999822 ) ) ;
#6581 = ORIENTED_EDGE ( 'NONE', *, *, #8144, .T. ) ;
#6582 =( NAMED_UNIT ( * ) SI_UNIT ( $, .STERADIAN. ) SOLID_ANGLE_UNIT ( ) );
#6583 = VECTOR ( 'NONE', #6363, 1000.000000000000000 ) ;
#6584 = FACE_OUTER_BOUND ( 'NONE', #8405, .T. ) ;
#6585 = EDGE_CURVE ( 'NONE', #3773, #8605, #4580, .T. ) ;
#6586 = VECTOR ( 'NONE', #6882, 1000.000000000000000 ) ;
#6587 =( NAMED_UNIT ( * ) PLANE_ANGLE_UNIT ( ) SI_UNIT ( $, .RADIAN. ) );
#6588 = CARTESIAN_POINT ( 'NONE',  ( 0.4349999999999996092, 0.07499999999999990008, -2.199999999999999734 ) ) ;
#6589 = DIRECTION ( 'NONE',  ( 0.000000000000000000, -1.000000000000000000, 0.000000000000000000 ) ) ;
#6590 = ORIENTED_EDGE ( 'NONE', *, *, #3405, .T. ) ;
#6591 = CARTESIAN_POINT ( 'NONE',  ( 0.3096880964180656615, -0.2833579902342454604, 0.2999999999999999334 ) ) ;
#6592 =( GEOMETRIC_REPRESENTATION_CONTEXT ( 3 ) GLOBAL_UNCERTAINTY_ASSIGNED_CONTEXT ( ( #7910 ) ) GLOBAL_UNIT_ASSIGNED_CONTEXT ( ( #7022, #3746, #2258 ) ) REPRESENTATION_CONTEXT ( 'NONE', 'WORKASPACE' ) );
#6593 = SURFACE_STYLE_FILL_AREA ( #1940 ) ;
#6594 =( GEOMETRIC_REPRESENTATION_CONTEXT ( 3 ) GLOBAL_UNCERTAINTY_ASSIGNED_CONTEXT ( ( #5570 ) ) GLOBAL_UNIT_ASSIGNED_CONTEXT ( ( #7854, #7818, #76 ) ) REPRESENTATION_CONTEXT ( 'NONE', 'WORKASPACE' ) );
#6595 = PRESENTATION_STYLE_ASSIGNMENT (( #7557 ) ) ;
#6596 = DIRECTION ( 'NONE',  ( 0.000000000000000000, 1.000000000000000000, 0.000000000000000000 ) ) ;
#6597 = DIRECTION ( 'NONE',  ( -0.000000000000000000, -0.000000000000000000, 1.000000000000000000 ) ) ;
#6598 = EDGE_LOOP ( 'NONE', ( #2814, #2377, #6248, #5661, #8776 ) ) ;
#6599 = COLOUR_RGB ( '',1.000000000000000000, 1.000000000000000000, 1.000000000000000000 ) ;
#6600 = ORIENTED_EDGE ( 'NONE', *, *, #8962, .F. ) ;
#6601 = CARTESIAN_POINT ( 'NONE',  ( -4.645000000000000462, -0.07500000000000009437, 0.2999999999999999889 ) ) ;
#6602 = LINE ( 'NONE', #9738, #9452 ) ;
#6603 = VECTOR ( 'NONE', #2831, 1000.000000000000000 ) ;
#6604 = EDGE_CURVE ( 'NONE', #9654, #8936, #129, .T. ) ;
#6605 = ORIENTED_EDGE ( 'NONE', *, *, #10168, .F. ) ;
#6606 = APPLICATION_CONTEXT ( 'automotive_design' ) ;
#6607 = CARTESIAN_POINT ( 'NONE',  ( -3.575000000000001066, 0.4000000000000000222, 4.199999999999999289 ) ) ;
#6608 = UNCERTAINTY_MEASURE_WITH_UNIT (LENGTH_MEASURE( 1.000000000000000082E-05 ), #4038, 'distance_accuracy_value', 'NONE');
#6609 = SURFACE_SIDE_STYLE ('',( #9958 ) ) ;
#6610 = ORIENTED_EDGE ( 'NONE', *, *, #8418, .T. ) ;
#6611 = DIRECTION ( 'NONE',  ( 0.000000000000000000, -1.000000000000000000, 0.000000000000000000 ) ) ;
#6612 =( GEOMETRIC_REPRESENTATION_CONTEXT ( 3 ) GLOBAL_UNCERTAINTY_ASSIGNED_CONTEXT ( ( #2702 ) ) GLOBAL_UNIT_ASSIGNED_CONTEXT ( ( #1745, #4918, #987 ) ) REPRESENTATION_CONTEXT ( 'NONE', 'WORKASPACE' ) );
#6613 = FILL_AREA_STYLE_COLOUR ( '', #3448 ) ;
#6614 = CARTESIAN_POINT ( 'NONE',  ( -4.645000000000000462, 0.07499999999999990008, 0.2999999999999999889 ) ) ;
#6615 = FACE_OUTER_BOUND ( 'NONE', #2087, .T. ) ;
#6616 = ORIENTED_EDGE ( 'NONE', *, *, #6604, .F. ) ;
#6617 = CARTESIAN_POINT ( 'NONE',  ( -0.4585006921649301126, -0.4347905980048958341, 0.3009999999999999898 ) ) ;
#6618 = PRESENTATION_STYLE_ASSIGNMENT (( #8895 ) ) ;
#6619 = ORIENTED_EDGE ( 'NONE', *, *, #2159, .T. ) ;
#6620 = PLANE ( 'NONE',  #9461 ) ;
#6621 =( NAMED_UNIT ( * ) PLANE_ANGLE_UNIT ( ) SI_UNIT ( $, .RADIAN. ) );
#6622 = DIRECTION ( 'NONE',  ( 1.000000000000000000, 0.000000000000000000, 0.000000000000000000 ) ) ;
#6623 = VERTEX_POINT ( 'NONE', #4896 ) ;
#6624 = SURFACE_STYLE_USAGE ( .BOTH. , #8184 ) ;
#6625 =( NAMED_UNIT ( * ) PLANE_ANGLE_UNIT ( ) SI_UNIT ( $, .RADIAN. ) );
#6627 = EDGE_LOOP ( 'NONE', ( #2668, #2776, #9223, #7829, #5936 ) ) ;
#6626 = CARTESIAN_POINT ( 'NONE',  ( -0.2340151738722471841, -0.4018637687366031774, 0.3009999999999999898 ) ) ;
#6628 = DIRECTION ( 'NONE',  ( 1.000000000000000000, -0.000000000000000000, 0.000000000000000000 ) ) ;
#6629 = FACE_BOUND ( 'NONE', #2321, .T. ) ;
#6630 = ORIENTED_EDGE ( 'NONE', *, *, #7895, .T. ) ;
#6631 = PLANE ( 'NONE',  #2695 ) ;
#6632 = LINE ( 'NONE', #1514, #3796 ) ;
#6633 = EDGE_LOOP ( 'NONE', ( #1099, #7942, #805, #7853, #2000 ) ) ;
#6634 = VERTEX_POINT ( 'NONE', #5003 ) ;
#6635 = SURFACE_STYLE_USAGE ( .BOTH. , #7442 ) ;
#6636 = CARTESIAN_POINT ( 'NONE',  ( 0.3097919907618990609, -0.2879918175170909644, 0.2999999999999999889 ) ) ;
#6637 = SURFACE_STYLE_USAGE ( .BOTH. , #5896 ) ;
#6638 = ADVANCED_FACE ( 'NONE', ( #374 ), #9134, .T. ) ;
#6639 = FACE_OUTER_BOUND ( 'NONE', #9564, .T. ) ;
#6640 = MECHANICAL_DESIGN_GEOMETRIC_PRESENTATION_REPRESENTATION (  '', ( #5078 ), #2019 ) ;
#6641 =( LENGTH_UNIT ( ) NAMED_UNIT ( * ) SI_UNIT ( .MILLI., .METRE. ) );
#6642 = ORIENTED_EDGE ( 'NONE', *, *, #5369, .T. ) ;
#6643 = EDGE_CURVE ( 'NONE', #5007, #8803, #1137, .T. ) ;
#6644 = DIRECTION ( 'NONE',  ( -0.000000000000000000, -0.000000000000000000, 1.000000000000000000 ) ) ;
#6645 = ORIENTED_EDGE ( 'NONE', *, *, #8443, .T. ) ;
#6646 = STYLED_ITEM ( 'NONE', ( #8552 ), #10242 ) ;
#6647 = ORIENTED_EDGE ( 'NONE', *, *, #1606, .F. ) ;
#6648 = DIRECTION ( 'NONE',  ( -0.000000000000000000, -0.000000000000000000, 1.000000000000000000 ) ) ;
#6649 = DIRECTION ( 'NONE',  ( 1.000000000000000000, -1.355252715606880296E-16, 0.000000000000000000 ) ) ;
#6650 = CARTESIAN_POINT ( 'NONE',  ( 0.3499052361643745779, -0.2846132434524444865, 0.3009999999999999343 ) ) ;
#6651 = DIRECTION ( 'NONE',  ( 0.000000000000000000, -1.000000000000000000, 0.000000000000000000 ) ) ;
#6652 = AXIS2_PLACEMENT_3D ( 'NONE', #2372, #3161, #1699 ) ;
#6653 = ORIENTED_EDGE ( 'NONE', *, *, #6837, .T. ) ;
#6654 = EDGE_LOOP ( 'NONE', ( #1913, #3000, #6028, #6485 ) ) ;
#6655 = CARTESIAN_POINT ( 'NONE',  ( -0.5477918507015154814, -0.1713759638585543588, 0.2999999999999999889 ) ) ;
#6656 =( LENGTH_UNIT ( ) NAMED_UNIT ( * ) SI_UNIT ( .MILLI., .METRE. ) );
#6657 = CARTESIAN_POINT ( 'NONE',  ( 1.270000000000000018, 0.000000000000000000, 1.300000000000000044 ) ) ;
#6658 = CARTESIAN_POINT ( 'NONE',  ( 0.5293041858838503089, -0.4347905980048958341, 0.3009999999999999898 ) ) ;
#6659 = VECTOR ( 'NONE', #1757, 1000.000000000000000 ) ;
#6660 =( GEOMETRIC_REPRESENTATION_CONTEXT ( 3 ) GLOBAL_UNCERTAINTY_ASSIGNED_CONTEXT ( ( #2314 ) ) GLOBAL_UNIT_ASSIGNED_CONTEXT ( ( #7840, #9451, #6221 ) ) REPRESENTATION_CONTEXT ( 'NONE', 'WORKASPACE' ) );
#6661 =( GEOMETRIC_REPRESENTATION_CONTEXT ( 3 ) GLOBAL_UNCERTAINTY_ASSIGNED_CONTEXT ( ( #8302 ) ) GLOBAL_UNIT_ASSIGNED_CONTEXT ( ( #3610, #5944, #9833 ) ) REPRESENTATION_CONTEXT ( 'NONE', 'WORKASPACE' ) );
#6662 = CARTESIAN_POINT ( 'NONE',  ( -5.214999999999999858, -0.5000000000000011102, 4.299999999999999822 ) ) ;
#6663 = VECTOR ( 'NONE', #7558, 1000.000000000000000 ) ;
#6664 = CARTESIAN_POINT ( 'NONE',  ( -5.315000000000001279, -0.4000000000000000222, 4.199999999999999289 ) ) ;
#6665 = DIRECTION ( 'NONE',  ( -0.000000000000000000, -0.000000000000000000, 1.000000000000000000 ) ) ;
#6666 = FILL_AREA_STYLE_COLOUR ( '', #7459 ) ;
#6667 = ORIENTED_EDGE ( 'NONE', *, *, #1606, .T. ) ;
#6668 = CARTESIAN_POINT ( 'NONE',  ( 0.4890602834448259384, -0.1347905980048958452, 0.3009999999999999898 ) ) ;
#6669 = LINE ( 'NONE', #1164, #8886 ) ;
#6670 = CARTESIAN_POINT ( 'NONE',  ( 0.3021930353909254019, -0.2369626549864884690, 0.3000000000000000444 ) ) ;
#6671 = CARTESIAN_POINT ( 'NONE',  ( 5.214999999999998082, -0.5000000000000011102, 4.299999999999999822 ) ) ;
#6672 = EDGE_CURVE ( 'NONE', #7005, #2790, #2595, .T. ) ;
#6673 = COLOUR_RGB ( '',0.5019607843137254832, 0.5019607843137254832, 0.5019607843137254832 ) ;
#6674 = UNCERTAINTY_MEASURE_WITH_UNIT (LENGTH_MEASURE( 1.000000000000000082E-05 ), #4868, 'distance_accuracy_value', 'NONE');
#6675 = ORIENTED_EDGE ( 'NONE', *, *, #5082, .F. ) ;
#6676 = STYLED_ITEM ( 'NONE', ( #1445 ), #8808 ) ;
#6677 = CARTESIAN_POINT ( 'NONE',  ( -0.2356729482624911332, -0.1677174272731885296, 0.3009999999999999898 ) ) ;
#6678 = AXIS2_PLACEMENT_3D ( 'NONE', #1726, #9617, #118 ) ;
#6679 = FACE_OUTER_BOUND ( 'NONE', #467, .T. ) ;
#6680 = DIRECTION ( 'NONE',  ( -1.000000000000000000, 0.000000000000000000, 0.000000000000000000 ) ) ;
#6681 =( NAMED_UNIT ( * ) SI_UNIT ( $, .STERADIAN. ) SOLID_ANGLE_UNIT ( ) );
#6682 = CARTESIAN_POINT ( 'NONE',  ( -0.3754906799826842057, -0.3574896782534518480, 0.2999999999999999334 ) ) ;
#6683 = SURFACE_STYLE_USAGE ( .BOTH. , #8134 ) ;
#6684 = DIRECTION ( 'NONE',  ( 0.000000000000000000, 0.000000000000000000, -1.000000000000000000 ) ) ;
#6685 = PRESENTATION_STYLE_ASSIGNMENT (( #9795 ) ) ;
#6686 = VERTEX_POINT ( 'NONE', #961 ) ;
#6687 = CARTESIAN_POINT ( 'NONE',  ( -4.845000000000001528, -0.4000000000000000222, 4.199999999999999289 ) ) ;
#6688 = ADVANCED_FACE ( 'NONE', ( #2852 ), #3447, .T. ) ;
#6689 = MECHANICAL_DESIGN_GEOMETRIC_PRESENTATION_REPRESENTATION (  '', ( #4050 ), #7199 ) ;
#6690 =( NAMED_UNIT ( * ) PLANE_ANGLE_UNIT ( ) SI_UNIT ( $, .RADIAN. ) );
#6691 = COLOUR_RGB ( '',0.5019607843137254832, 0.5019607843137254832, 0.5019607843137254832 ) ;
#6692 =( NAMED_UNIT ( * ) SI_UNIT ( $, .STERADIAN. ) SOLID_ANGLE_UNIT ( ) );
#6693 =( NAMED_UNIT ( * ) SI_UNIT ( $, .STERADIAN. ) SOLID_ANGLE_UNIT ( ) );
#6694 =( NAMED_UNIT ( * ) PLANE_ANGLE_UNIT ( ) SI_UNIT ( $, .RADIAN. ) );
#6695 = CARTESIAN_POINT ( 'NONE',  ( 0.1439563414391988594, -0.3948170710974103215, 0.3000000000000000444 ) ) ;
#6696 = VERTEX_POINT ( 'NONE', #249 ) ;
#6697 = CARTESIAN_POINT ( 'NONE',  ( -0.6110731007015154370, -0.3506442565414811807, 0.2999999999999999889 ) ) ;
#6698 = AXIS2_PLACEMENT_3D ( 'NONE', #2642, #5749, #1787 ) ;
#6699 = COLOUR_RGB ( '',0.5019607843137254832, 0.5019607843137254832, 0.5019607843137254832 ) ;
#6700 = PRESENTATION_STYLE_ASSIGNMENT (( #5067 ) ) ;
#6701 = FACE_OUTER_BOUND ( 'NONE', #8029, .T. ) ;
#6702 = EDGE_CURVE ( 'NONE', #4524, #2790, #7028, .T. ) ;
#6703 = SURFACE_SIDE_STYLE ('',( #8397 ) ) ;
#6704 = CARTESIAN_POINT ( 'NONE',  ( 0.1746527496577898186, -0.4359106366065304550, 0.3009999999999999898 ) ) ;
#6705 = PLANE ( 'NONE',  #9560 ) ;
#6706 = EDGE_LOOP ( 'NONE', ( #8942, #1809, #3965, #2294, #5484 ) ) ;
#6707 = B_SPLINE_SURFACE_WITH_KNOTS ( 'NONE', 3, 1, ( 
 ( #7149, #4754 ),
 ( #115, #9504 ),
 ( #4056, #855 ),
 ( #2466, #9578 ),
 ( #5595, #5653 ),
 ( #2498, #889 ),
 ( #14, #7980 ),
 ( #3282, #820 ),
 ( #7117, #2390 ),
 ( #3179, #8807 ),
 ( #6362, #4788 ),
 ( #1658, #3212 ),
 ( #6398, #2429 ),
 ( #4018, #5531 ),
 ( #9433, #9539 ),
 ( #4719, #82 ),
 ( #5622, #10258 ),
 ( #6297, #1596 ),
 ( #7085, #2358 ) ),
 .UNSPECIFIED., .F., .F., .F.,
 ( 4, 1, 1, 1, 1, 1, 1, 1, 1, 1, 1, 1, 1, 1, 1, 1, 4 ),
 ( 2, 2 ),
 ( 0.000000000000000000, 0.07064371857535406418, 0.1382567155089045041, 0.2033641242175799613, 0.2663240938030566607, 0.3279047615429893647, 0.3887377151730921354, 0.4494235281093023615, 0.5108610114593155060, 0.5720793960475145656, 0.6317344287314453632, 0.6911172105788376818, 0.7503600294901704437, 0.8100329005312619790, 0.8713624508287363124, 0.9344271412311533354, 1.000000000000000000 ),
 ( 0.000000000000000000, 1.000000000000000000 ),
 .UNSPECIFIED. ) ;
#6708 = FACE_OUTER_BOUND ( 'NONE', #5882, .T. ) ;
#6709 = CARTESIAN_POINT ( 'NONE',  ( 1.771666666666665391, -0.1333333333333335535, 3.933333333333332238 ) ) ;
#6710 = EDGE_CURVE ( 'NONE', #9215, #945, #4329, .T. ) ;
#6711 = STYLED_ITEM ( 'NONE', ( #8051 ), #5320 ) ;
#6712 = EDGE_CURVE ( 'NONE', #1793, #6808, #2726, .T. ) ;
#6713 = VERTEX_POINT ( 'NONE', #9646 ) ;
#6714 = CARTESIAN_POINT ( 'NONE',  ( 1.704999999999998961, 0.07499999999999990008, -2.199999999999999734 ) ) ;
#6715 = DIRECTION ( 'NONE',  ( -1.000000000000000000, 0.000000000000000000, -0.000000000000000000 ) ) ;
#6716 = CARTESIAN_POINT ( 'NONE',  ( -0.8350000000000006306, -0.07500000000000009437, -5.227200187265875542 ) ) ;
#6717 = CARTESIAN_POINT ( 'NONE',  ( 0.02808467368872833575, -0.2664979150780665829, 0.3009999999999999898 ) ) ;
#6718 = PRESENTATION_STYLE_ASSIGNMENT (( #1110 ) ) ;
#6719 = STYLED_ITEM ( 'NONE', ( #1323 ), #2872 ) ;
#6720 = AXIS2_PLACEMENT_3D ( 'NONE', #5073, #9815, #2777 ) ;
#6721 = CARTESIAN_POINT ( 'NONE',  ( 6.115000000000000213, 0.4000000000000000222, 4.199999999999999289 ) ) ;
#6722 = CARTESIAN_POINT ( 'NONE',  ( -0.4871401738722471730, -0.3506442565414811807, 0.3009999999999999898 ) ) ;
#6723 = ORIENTED_EDGE ( 'NONE', *, *, #3997, .F. ) ;
#6724 = SURFACE_STYLE_USAGE ( .BOTH. , #7464 ) ;
#6725 = DIRECTION ( 'NONE',  ( -0.5773502691896258421, 0.5773502691896255090, -0.5773502691896258421 ) ) ;
#6726 = EDGE_CURVE ( 'NONE', #6835, #6271, #746, .T. ) ;
#6727 = ORIENTED_EDGE ( 'NONE', *, *, #2643, .F. ) ;
#6728 = CARTESIAN_POINT ( 'NONE',  ( 0.1295292771819340216, -0.1817181558635497240, 0.2999999999999999889 ) ) ;
#6729 = DIRECTION ( 'NONE',  ( -0.000000000000000000, -0.000000000000000000, 1.000000000000000000 ) ) ;
#6730 = CARTESIAN_POINT ( 'NONE',  ( -0.2413560013848350672, -0.1349134455906705887, 0.2999999999999999889 ) ) ;
#6731 = EDGE_CURVE ( 'NONE', #993, #8162, #10229, .T. ) ;
#6732 = CARTESIAN_POINT ( 'NONE',  ( -0.3482164708936417163, -0.3208035546845176000, 0.3010000000000000453 ) ) ;
#6733 = ORIENTED_EDGE ( 'NONE', *, *, #3193, .F. ) ;
#6734 = PRESENTATION_LAYER_ASSIGNMENT (  '', '', ( #7440 ) ) ;
#6736 = ORIENTED_EDGE ( 'NONE', *, *, #2405, .T. ) ;
#6735 = LINE ( 'NONE', #7240, #2681 ) ;
#6737 = AXIS2_PLACEMENT_3D ( 'NONE', #6064, #7547, #7477 ) ;
#6738 = SURFACE_STYLE_USAGE ( .BOTH. , #6831 ) ;
#6739 = LINE ( 'NONE', #6415, #9067 ) ;
#6740 = ORIENTED_EDGE ( 'NONE', *, *, #4063, .F. ) ;
#6741 = SURFACE_SIDE_STYLE ('',( #2883 ) ) ;
#6742 = COLOUR_RGB ( '',0.5019607843137254832, 0.5019607843137254832, 0.5019607843137254832 ) ;
#6743 = ADVANCED_FACE ( 'NONE', ( #3444 ), #495, .T. ) ;
#6744 = EDGE_LOOP ( 'NONE', ( #3232, #6801, #3884, #6881 ) ) ;
#6745 =( NAMED_UNIT ( * ) PLANE_ANGLE_UNIT ( ) SI_UNIT ( $, .RADIAN. ) );
#6746 = LINE ( 'NONE', #6438, #6375 ) ;
#6747 = DIRECTION ( 'NONE',  ( 0.000000000000000000, 1.000000000000000000, 0.000000000000000000 ) ) ;
#6748 = UNCERTAINTY_MEASURE_WITH_UNIT (LENGTH_MEASURE( 1.000000000000000082E-05 ), #1128, 'distance_accuracy_value', 'NONE');
#6749 = ORIENTED_EDGE ( 'NONE', *, *, #1352, .T. ) ;
#6750 = COLOUR_RGB ( '',1.000000000000000000, 1.000000000000000000, 1.000000000000000000 ) ;
#6751 = ORIENTED_EDGE ( 'NONE', *, *, #7750, .T. ) ;
#6752 = EDGE_LOOP ( 'NONE', ( #706, #3394, #5540, #3037 ) ) ;
#6753 = CARTESIAN_POINT ( 'NONE',  ( -0.3817883058157574006, -0.3438595756486165222, 0.3010000000000000453 ) ) ;
#6754 = SURFACE_SIDE_STYLE ('',( #9373 ) ) ;
#6755 = FILL_AREA_STYLE ('',( #9983 ) ) ;
#6756 =( NAMED_UNIT ( * ) PLANE_ANGLE_UNIT ( ) SI_UNIT ( $, .RADIAN. ) );
#6757 = CARTESIAN_POINT ( 'NONE',  ( 0.1268651614936064098, -0.3863149882487982301, 0.2999999999999999889 ) ) ;
#6758 = EDGE_LOOP ( 'NONE', ( #4648, #7105, #6779, #4417 ) ) ;
#6759 = FACE_OUTER_BOUND ( 'NONE', #6598, .T. ) ;
#6760 = ORIENTED_EDGE ( 'NONE', *, *, #4906, .F. ) ;
#6761 = SURFACE_STYLE_FILL_AREA ( #2701 ) ;
#6762 = UNCERTAINTY_MEASURE_WITH_UNIT (LENGTH_MEASURE( 1.000000000000000082E-05 ), #3061, 'distance_accuracy_value', 'NONE');
#6763 = DIRECTION ( 'NONE',  ( 0.5773502691896258421, 0.5773502691896255090, 0.5773502691896258421 ) ) ;
#6764 = CARTESIAN_POINT ( 'NONE',  ( -0.2831286172299971593, -0.1401591027196565364, 0.3009999999999998788 ) ) ;
#6765 = PRESENTATION_LAYER_ASSIGNMENT (  '', '', ( #3584 ) ) ;
#6766 = ORIENTED_EDGE ( 'NONE', *, *, #6027, .T. ) ;
#6767 = DIRECTION ( 'NONE',  ( 0.000000000000000000, 0.000000000000000000, 1.000000000000000000 ) ) ;
#6768 = ADVANCED_FACE ( 'NONE', ( #9889 ), #6895, .T. ) ;
#6769 = DIRECTION ( 'NONE',  ( 1.000000000000000000, 0.000000000000000000, 0.000000000000000000 ) ) ;
#6770 = DIRECTION ( 'NONE',  ( -1.000000000000000000, 1.016439536705160037E-16, 0.000000000000000000 ) ) ;
#6771 = ORIENTED_EDGE ( 'NONE', *, *, #4091, .T. ) ;
#6772 = DIRECTION ( 'NONE',  ( -0.000000000000000000, 0.000000000000000000, 1.000000000000000000 ) ) ;
#6773 = CARTESIAN_POINT ( 'NONE',  ( 0.1971204968594600648, -0.1640588906878226727, 0.3009999999999999898 ) ) ;
#6774 = EDGE_CURVE ( 'NONE', #9327, #2881, #10140, .T. ) ;
#6775 = ORIENTED_EDGE ( 'NONE', *, *, #3591, .F. ) ;
#6776 = EDGE_CURVE ( 'NONE', #5495, #1327, #6177, .T. ) ;
#6777 = FILL_AREA_STYLE_COLOUR ( '', #88 ) ;
#6778 =( GEOMETRIC_REPRESENTATION_CONTEXT ( 3 ) GLOBAL_UNCERTAINTY_ASSIGNED_CONTEXT ( ( #371 ) ) GLOBAL_UNIT_ASSIGNED_CONTEXT ( ( #3829, #9343, #1538 ) ) REPRESENTATION_CONTEXT ( 'NONE', 'WORKASPACE' ) );
#6779 = ORIENTED_EDGE ( 'NONE', *, *, #2136, .F. ) ;
#6780 = VERTEX_POINT ( 'NONE', #6668 ) ;
#6781 = DIRECTION ( 'NONE',  ( -0.000000000000000000, -1.000000000000000000, -0.000000000000000000 ) ) ;
#6782 = VECTOR ( 'NONE', #6956, 1000.000000000000000 ) ;
#6783 = DIRECTION ( 'NONE',  ( 0.000000000000000000, 1.000000000000000000, 0.000000000000000000 ) ) ;
#6784 = CARTESIAN_POINT ( 'NONE',  ( -0.08532996045761305492, -0.1677174272731885296, 0.3009999999999999898 ) ) ;
#6785 = SURFACE_SIDE_STYLE ('',( #10030 ) ) ;
#6786 = CARTESIAN_POINT ( 'NONE',  ( -3.575000000000001066, -0.4000000000000000222, 1.300000000000000044 ) ) ;
#6787 = ADVANCED_FACE ( 'NONE', ( #5081 ), #361, .T. ) ;
#6788 = FILL_AREA_STYLE ('',( #8363 ) ) ;
#6789 = FILL_AREA_STYLE ('',( #2968 ) ) ;
#6790 = PLANE ( 'NONE',  #6440 ) ;
#6791 =( GEOMETRIC_REPRESENTATION_CONTEXT ( 3 ) GLOBAL_UNCERTAINTY_ASSIGNED_CONTEXT ( ( #1761 ) ) GLOBAL_UNIT_ASSIGNED_CONTEXT ( ( #469, #8415, #2820 ) ) REPRESENTATION_CONTEXT ( 'NONE', 'WORKASPACE' ) );
#6792 =( NAMED_UNIT ( * ) PLANE_ANGLE_UNIT ( ) SI_UNIT ( $, .RADIAN. ) );
#6793 = CARTESIAN_POINT ( 'NONE',  ( 0.1931004239707736214, -0.4053809629803714620, 0.3009999999999999898 ) ) ;
#6794 = FILL_AREA_STYLE_COLOUR ( '', #4330 ) ;
#6795 =( NAMED_UNIT ( * ) PLANE_ANGLE_UNIT ( ) SI_UNIT ( $, .RADIAN. ) );
#6796 = PRESENTATION_STYLE_ASSIGNMENT (( #7289 ) ) ;
#6797 = COLOUR_RGB ( '',1.000000000000000000, 1.000000000000000000, 1.000000000000000000 ) ;
#6798 = UNCERTAINTY_MEASURE_WITH_UNIT (LENGTH_MEASURE( 1.000000000000000082E-05 ), #8227, 'distance_accuracy_value', 'NONE');
#6799 = VERTEX_POINT ( 'NONE', #1951 ) ;
#6800 = LINE ( 'NONE', #5291, #2870 ) ;
#6801 = ORIENTED_EDGE ( 'NONE', *, *, #10109, .F. ) ;
#6802 =( LENGTH_UNIT ( ) NAMED_UNIT ( * ) SI_UNIT ( .MILLI., .METRE. ) );
#6803 = EDGE_CURVE ( 'NONE', #8445, #1962, #3128, .T. ) ;
#6804 = PRESENTATION_LAYER_ASSIGNMENT (  '', '', ( #8788 ) ) ;
#6805 = DIRECTION ( 'NONE',  ( -0.000000000000000000, -0.000000000000000000, 1.000000000000000000 ) ) ;
#6806 = STYLED_ITEM ( 'NONE', ( #2938 ), #2289 ) ;
#6807 = ADVANCED_FACE ( 'NONE', ( #3562 ), #6631, .F. ) ;
#6808 = VERTEX_POINT ( 'NONE', #9850 ) ;
#6809 = VECTOR ( 'NONE', #9968, 1000.000000000000000 ) ;
#6810 =( NAMED_UNIT ( * ) PLANE_ANGLE_UNIT ( ) SI_UNIT ( $, .RADIAN. ) );
#6811 = DIRECTION ( 'NONE',  ( 0.000000000000000000, 0.000000000000000000, 1.000000000000000000 ) ) ;
#6812 = LINE ( 'NONE', #1168, #9409 ) ;
#6813 = CARTESIAN_POINT ( 'NONE',  ( 0.3019844550542647443, -0.4074681402325208701, 0.2999999999999998779 ) ) ;
#6814 = PRESENTATION_STYLE_ASSIGNMENT (( #6738 ) ) ;
#6815 =( NAMED_UNIT ( * ) PLANE_ANGLE_UNIT ( ) SI_UNIT ( $, .RADIAN. ) );
#6816 = CARTESIAN_POINT ( 'NONE',  ( 0.2038659236887283288, -0.4055223053219689788, 0.3009999999999999898 ) ) ;
#6817 = LINE ( 'NONE', #5442, #7303 ) ;
#6818 = VERTEX_POINT ( 'NONE', #7543 ) ;
#6819 = SURFACE_STYLE_USAGE ( .BOTH. , #2874 ) ;
#6820 = LINE ( 'NONE', #325, #4119 ) ;
#6821 = CARTESIAN_POINT ( 'NONE',  ( -5.915000000000000924, 0.07499999999999990008, 0.2999999999999999889 ) ) ;
#6822 = PLANE ( 'NONE',  #8212 ) ;
#6823 = AXIS2_PLACEMENT_3D ( 'NONE', #3300, #4913, #4072 ) ;
#6824 =( NAMED_UNIT ( * ) PLANE_ANGLE_UNIT ( ) SI_UNIT ( $, .RADIAN. ) );
#6825 =( LENGTH_UNIT ( ) NAMED_UNIT ( * ) SI_UNIT ( .MILLI., .METRE. ) );
#6826 = STYLED_ITEM ( 'NONE', ( #814 ), #5266 ) ;
#6827 = VERTEX_POINT ( 'NONE', #5927 ) ;
#6828 = CARTESIAN_POINT ( 'NONE',  ( 1.034999999999999476, -0.4000000000000000222, 1.300000000000000044 ) ) ;
#6829 = LINE ( 'NONE', #5497, #4748 ) ;
#6830 = EDGE_CURVE ( 'NONE', #6161, #3043, #4820, .T. ) ;
#6831 = SURFACE_SIDE_STYLE ('',( #3728 ) ) ;
#6832 =( NAMED_UNIT ( * ) PLANE_ANGLE_UNIT ( ) SI_UNIT ( $, .RADIAN. ) );
#6833 = ADVANCED_FACE ( 'NONE', ( #9879 ), #2045, .F. ) ;
#6834 = MECHANICAL_DESIGN_GEOMETRIC_PRESENTATION_REPRESENTATION (  '', ( #3459 ), #6778 ) ;
#6835 = VERTEX_POINT ( 'NONE', #8191 ) ;
#6836 = SURFACE_SIDE_STYLE ('',( #6497 ) ) ;
#6837 = EDGE_CURVE ( 'NONE', #3101, #7155, #8107, .T. ) ;
#6838 = STYLED_ITEM ( 'NONE', ( #8794 ), #5999 ) ;
#6839 = FILL_AREA_STYLE_COLOUR ( '', #8655 ) ;
#6840 = DIRECTION ( 'NONE',  ( 0.000000000000000000, 1.000000000000000000, 0.000000000000000000 ) ) ;
#6841 = ORIENTED_EDGE ( 'NONE', *, *, #5963, .T. ) ;
#6842 =( NAMED_UNIT ( * ) PLANE_ANGLE_UNIT ( ) SI_UNIT ( $, .RADIAN. ) );
#6843 = FACE_OUTER_BOUND ( 'NONE', #1478, .T. ) ;
#6844 = CARTESIAN_POINT ( 'NONE',  ( -1.035000000000001252, 0.4000000000000000222, 4.199999999999999289 ) ) ;
#6845 = CARTESIAN_POINT ( 'NONE',  ( -0.3279317138289805089, -0.2037995780238248955, 0.3009999999999999343 ) ) ;
#6847 = ORIENTED_EDGE ( 'NONE', *, *, #9548, .T. ) ;
#6846 = PRESENTATION_STYLE_ASSIGNMENT (( #2105 ) ) ;
#6848 = FILL_AREA_STYLE_COLOUR ( '', #4905 ) ;
#6849 = MECHANICAL_DESIGN_GEOMETRIC_PRESENTATION_REPRESENTATION (  '', ( #2095 ), #851 ) ;
#6850 = VECTOR ( 'NONE', #9351, 1000.000000000000000 ) ;
#6851 = PRESENTATION_LAYER_ASSIGNMENT (  '', '', ( #518 ) ) ;
#6852 = FILL_AREA_STYLE ('',( #4581 ) ) ;
#6853 = LINE ( 'NONE', #2094, #8582 ) ;
#6854 = VECTOR ( 'NONE', #6648, 1000.000000000000000 ) ;
#6855 = CARTESIAN_POINT ( 'NONE',  ( -0.4350000000000004974, 0.07499999999999984457, -2.199999999999999734 ) ) ;
#6856 = UNCERTAINTY_MEASURE_WITH_UNIT (LENGTH_MEASURE( 1.000000000000000082E-05 ), #7164, 'distance_accuracy_value', 'NONE');
#6857 = SURFACE_STYLE_USAGE ( .BOTH. , #2133 ) ;
#6858 = EDGE_LOOP ( 'NONE', ( #2316, #3914, #7894, #1257, #4680, #6231, #334, #8373 ) ) ;
#6859 = EDGE_CURVE ( 'NONE', #7334, #85, #5795, .T. ) ;
#6860 = DIRECTION ( 'NONE',  ( -0.5773502691896258421, 0.5773502691896255090, -0.5773502691896258421 ) ) ;
#6862 = ADVANCED_FACE ( 'NONE', ( #3678 ), #5244, .T. ) ;
#6861 = SURFACE_SIDE_STYLE ('',( #7172 ) ) ;
#6864 = ORIENTED_EDGE ( 'NONE', *, *, #9718, .F. ) ;
#6863 = SURFACE_STYLE_USAGE ( .BOTH. , #458 ) ;
#6865 = EDGE_CURVE ( 'NONE', #6284, #4308, #8624, .T. ) ;
#6866 = EDGE_LOOP ( 'NONE', ( #280, #2850, #4004, #4339 ) ) ;
#6867 = MECHANICAL_DESIGN_GEOMETRIC_PRESENTATION_REPRESENTATION (  '', ( #9381 ), #5180 ) ;
#6868 =( GEOMETRIC_REPRESENTATION_CONTEXT ( 3 ) GLOBAL_UNCERTAINTY_ASSIGNED_CONTEXT ( ( #5119 ) ) GLOBAL_UNIT_ASSIGNED_CONTEXT ( ( #357, #421, #5175 ) ) REPRESENTATION_CONTEXT ( 'NONE', 'WORKASPACE' ) );
#6869 = UNCERTAINTY_MEASURE_WITH_UNIT (LENGTH_MEASURE( 1.000000000000000082E-05 ), #5808, 'distance_accuracy_value', 'NONE');
#6870 = ORIENTED_EDGE ( 'NONE', *, *, #2849, .T. ) ;
#6871 = AXIS2_PLACEMENT_3D ( 'NONE', #8780, #3379, #5002 ) ;
#6872 = CARTESIAN_POINT ( 'NONE',  ( 0.3056008851642367796, -0.2487038521472293706, 0.3009999999999998788 ) ) ;
#6873 = VERTEX_POINT ( 'NONE', #8374 ) ;
#6874 = FACE_BOUND ( 'NONE', #5794, .T. ) ;
#6875 = VERTEX_POINT ( 'NONE', #5312 ) ;
#6876 = CARTESIAN_POINT ( 'NONE',  ( 4.445000000000000284, 0.07499999999999985845, -2.199999999999999734 ) ) ;
#6877 = VERTEX_POINT ( 'NONE', #10067 ) ;
#6878 = CIRCLE ( 'NONE', #8076, 0.2000000000000000944 ) ;
#6879 = AXIS2_PLACEMENT_3D ( 'NONE', #7234, #2528, #1050 ) ;
#6880 =( LENGTH_UNIT ( ) NAMED_UNIT ( * ) SI_UNIT ( .MILLI., .METRE. ) );
#6881 = ORIENTED_EDGE ( 'NONE', *, *, #8167, .F. ) ;
#6882 = DIRECTION ( 'NONE',  ( -0.000000000000000000, -0.000000000000000000, -1.000000000000000000 ) ) ;
#6883 = SURFACE_SIDE_STYLE ('',( #8381 ) ) ;
#6884 = STYLED_ITEM ( 'NONE', ( #5150 ), #2765 ) ;
#6885 = DIRECTION ( 'NONE',  ( 1.000000000000000000, 0.000000000000000000, 0.000000000000000000 ) ) ;
#6886 = DIRECTION ( 'NONE',  ( 1.000000000000000000, 0.000000000000000000, 0.000000000000000000 ) ) ;
#6887 = CARTESIAN_POINT ( 'NONE',  ( 0.3756456492984844298, -0.4018637687366031774, 0.3009999999999999898 ) ) ;
#6888 = ORIENTED_EDGE ( 'NONE', *, *, #4268, .F. ) ;
#6889 = ADVANCED_FACE ( 'NONE', ( #735 ), #9151, .F. ) ;
#6890 = MECHANICAL_DESIGN_GEOMETRIC_PRESENTATION_REPRESENTATION (  '', ( #4060 ), #7735 ) ;
#6891 = VERTEX_POINT ( 'NONE', #6899 ) ;
#6892 =( NAMED_UNIT ( * ) PLANE_ANGLE_UNIT ( ) SI_UNIT ( $, .RADIAN. ) );
#6893 = FILL_AREA_STYLE ('',( #8519 ) ) ;
#6894 = EDGE_CURVE ( 'NONE', #9682, #5043, #1855, .T. ) ;
#6895 = B_SPLINE_SURFACE_WITH_KNOTS ( 'NONE', 3, 1, ( 
 ( #8875, #8943 ),
 ( #9749, #8839 ),
 ( #3315, #3410 ),
 ( #283, #8080 ),
 ( #4090, #2677 ),
 ( #8152, #4120 ),
 ( #3443, #9641 ),
 ( #9709, #1889 ),
 ( #8911, #4891 ),
 ( #9611, #5032 ),
 ( #4187, #1857 ),
 ( #4927, #2638 ),
 ( #7379, #6554 ),
 ( #5817, #178 ),
 ( #5715, #143 ),
 ( #994, #1100 ),
 ( #8117, #6481 ),
 ( #2572, #6591 ),
 ( #955, #4999 ) ),
 .UNSPECIFIED., .F., .F., .F.,
 ( 4, 1, 1, 1, 1, 1, 1, 1, 1, 1, 1, 1, 1, 1, 1, 1, 4 ),
 ( 2, 2 ),
 ( 0.000000000000000000, 0.06460397028839208466, 0.1267024139629471524, 0.1867568140356181128, 0.2455056873654374583, 0.3036520244499754106, 0.3615030739706253660, 0.4202402229284674107, 0.4800333407766964045, 0.5406781347755160727, 0.6011918063807817347, 0.6623335024774424928, 0.7247395102972318259, 0.7894677361728866805, 0.8565048600438306403, 0.9263120958391901638, 1.000000000000000000 ),
 ( 0.000000000000000000, 1.000000000000000000 ),
 .UNSPECIFIED. ) ;
#6896 = CARTESIAN_POINT ( 'NONE',  ( -0.2356729482624911332, -0.1677174272731885296, 0.3009999999999999898 ) ) ;
#6897 =( NAMED_UNIT ( * ) SI_UNIT ( $, .STERADIAN. ) SOLID_ANGLE_UNIT ( ) );
#6898 = ORIENTED_EDGE ( 'NONE', *, *, #8952, .T. ) ;
#6899 = CARTESIAN_POINT ( 'NONE',  ( 0.2349999999999990985, 0.4000000000000000222, 4.199999999999999289 ) ) ;
#6900 = FACE_OUTER_BOUND ( 'NONE', #3946, .T. ) ;
#6901 = DIRECTION ( 'NONE',  ( 0.000000000000000000, 0.7071067811865477948, 0.7071067811865473507 ) ) ;
#6902 = EDGE_CURVE ( 'NONE', #8103, #8199, #7860, .T. ) ;
#6903 = PRESENTATION_STYLE_ASSIGNMENT (( #4448 ) ) ;
#6904 = AXIS2_PLACEMENT_3D ( 'NONE', #4201, #5013, #9796 ) ;
#6905 = DIRECTION ( 'NONE',  ( -1.000000000000000000, 1.016439536705160037E-16, -0.000000000000000000 ) ) ;
#6906 = VECTOR ( 'NONE', #5144, 1000.000000000000000 ) ;
#6907 = SURFACE_STYLE_FILL_AREA ( #1409 ) ;
#6908 = AXIS2_PLACEMENT_3D ( 'NONE', #2351, #6976, #1588 ) ;
#6909 = AXIS2_PLACEMENT_3D ( 'NONE', #535, #7647, #3008 ) ;
#6910 = CARTESIAN_POINT ( 'NONE',  ( -0.2327575519210277888, -0.4347905980048958896, 0.3010000000000000453 ) ) ;
#6911 = LINE ( 'NONE', #8546, #3452 ) ;
#6912 = ORIENTED_EDGE ( 'NONE', *, *, #8167, .T. ) ;
#6913 = EDGE_LOOP ( 'NONE', ( #10128, #5415, #10077, #7475 ) ) ;
#6914 = CARTESIAN_POINT ( 'NONE',  ( 5.915000000000000036, -0.07500000000000012212, 0.2999999999999999889 ) ) ;
#6915 = VERTEX_POINT ( 'NONE', #9285 ) ;
#6916 = CARTESIAN_POINT ( 'NONE',  ( -0.3029703435130143285, -0.1836569452220042087, 0.3010000000000001008 ) ) ;
#6917 = EDGE_CURVE ( 'NONE', #1607, #8103, #8495, .T. ) ;
#6918 = DIRECTION ( 'NONE',  ( 0.5773502691896258421, 0.5773502691896255090, -0.5773502691896258421 ) ) ;
#6919 = SURFACE_STYLE_FILL_AREA ( #4993 ) ;
#6920 = DIRECTION ( 'NONE',  ( -1.000000000000000000, -0.000000000000000000, 0.000000000000000000 ) ) ;
#6921 = FACE_OUTER_BOUND ( 'NONE', #1457, .T. ) ;
#6922 = VECTOR ( 'NONE', #6531, 1000.000000000000000 ) ;
#6923 = UNCERTAINTY_MEASURE_WITH_UNIT (LENGTH_MEASURE( 1.000000000000000082E-05 ), #8121, 'distance_accuracy_value', 'NONE');
#6924 = PRESENTATION_LAYER_ASSIGNMENT (  '', '', ( #5890 ) ) ;
#6925 = AXIS2_PLACEMENT_3D ( 'NONE', #3737, #7016, #2186 ) ;
#6926 = SURFACE_SIDE_STYLE ('',( #8287 ) ) ;
#6927 = LINE ( 'NONE', #6607, #8001 ) ;
#6928 =( GEOMETRIC_REPRESENTATION_CONTEXT ( 3 ) GLOBAL_UNCERTAINTY_ASSIGNED_CONTEXT ( ( #2116 ) ) GLOBAL_UNIT_ASSIGNED_CONTEXT ( ( #1286, #2855, #5960 ) ) REPRESENTATION_CONTEXT ( 'NONE', 'WORKASPACE' ) );
#6929 = FILL_AREA_STYLE_COLOUR ( '', #9916 ) ;
#6930 = FILL_AREA_STYLE ('',( #2310 ) ) ;
#6931 = ORIENTED_EDGE ( 'NONE', *, *, #7480, .F. ) ;
#6932 = DIRECTION ( 'NONE',  ( -1.000000000000000000, 1.016439536705160037E-16, 0.000000000000000000 ) ) ;
#6933 = VECTOR ( 'NONE', #8532, 1000.000000000000000 ) ;
#6934 = DIRECTION ( 'NONE',  ( 0.000000000000000000, -0.000000000000000000, -1.000000000000000000 ) ) ;
#6935 = FACE_OUTER_BOUND ( 'NONE', #1954, .T. ) ;
#6936 = DIRECTION ( 'NONE',  ( -0.000000000000000000, -0.000000000000000000, 1.000000000000000000 ) ) ;
#6937 = DIRECTION ( 'NONE',  ( -1.000000000000000000, 0.000000000000000000, 0.000000000000000000 ) ) ;
#6938 = CARTESIAN_POINT ( 'NONE',  ( 0.2424373883074362468, -0.1722036493703586191, 0.3009999999999999343 ) ) ;
#6939 = SURFACE_STYLE_FILL_AREA ( #1734 ) ;
#6940 = ORIENTED_EDGE ( 'NONE', *, *, #369, .F. ) ;
#6941 = CARTESIAN_POINT ( 'NONE',  ( -0.3365880631115789612, -0.1650457537993336443, 0.2999999999999999889 ) ) ;
#6942 = VECTOR ( 'NONE', #2098, 1000.000000000000000 ) ;
#6943 = UNCERTAINTY_MEASURE_WITH_UNIT (LENGTH_MEASURE( 1.000000000000000082E-05 ), #8798, 'distance_accuracy_value', 'NONE');
#6944 =( NAMED_UNIT ( * ) PLANE_ANGLE_UNIT ( ) SI_UNIT ( $, .RADIAN. ) );
#6945 =( GEOMETRIC_REPRESENTATION_CONTEXT ( 3 ) GLOBAL_UNCERTAINTY_ASSIGNED_CONTEXT ( ( #5793 ) ) GLOBAL_UNIT_ASSIGNED_CONTEXT ( ( #5942, #5873, #342 ) ) REPRESENTATION_CONTEXT ( 'NONE', 'WORKASPACE' ) );
#6946 = VERTEX_POINT ( 'NONE', #6828 ) ;
#6947 = PRESENTATION_STYLE_ASSIGNMENT (( #8438 ) ) ;
#6948 =( NAMED_UNIT ( * ) PLANE_ANGLE_UNIT ( ) SI_UNIT ( $, .RADIAN. ) );
#6949 = CARTESIAN_POINT ( 'NONE',  ( -0.5446938326991747070, -0.1832025120280385000, 0.2999999999999999334 ) ) ;
#6950 = ORIENTED_EDGE ( 'NONE', *, *, #7546, .F. ) ;
#6951 = CARTESIAN_POINT ( 'NONE',  ( -6.465000000000000746, 0.9000000000000002442, 4.299999999999999822 ) ) ;
#6952 = CARTESIAN_POINT ( 'NONE',  ( 4.044999999999999041, -0.4000000000000000222, 4.199999999999999289 ) ) ;
#6953 = CARTESIAN_POINT ( 'NONE',  ( 5.514999999999999680, 0.07499999999999990008, -2.199999999999999734 ) ) ;
#6954 = SURFACE_STYLE_FILL_AREA ( #1476 ) ;
#6955 = AXIS2_PLACEMENT_3D ( 'NONE', #2896, #2154, #7661 ) ;
#6956 = DIRECTION ( 'NONE',  ( 0.000000000000000000, -1.000000000000000000, 0.000000000000000000 ) ) ;
#6957 = PRESENTATION_STYLE_ASSIGNMENT (( #1981 ) ) ;
#6958 = ORIENTED_EDGE ( 'NONE', *, *, #5172, .T. ) ;
#6959 = CARTESIAN_POINT ( 'NONE',  ( -1.505000000000001226, -0.4000000000000000222, 4.199999999999999289 ) ) ;
#6960 = PRESENTATION_STYLE_ASSIGNMENT (( #8640 ) ) ;
#6961 = B_SPLINE_CURVE_WITH_KNOTS ( 'NONE', 3,
 ( #2205, #8583, #2335, #4585, #7834, #10228, #3127, #8649, #5406, #656, #5374, #626, #6144, #5473, #6176, #1473, #9307, #5507, #6995 ),
 .UNSPECIFIED., .F., .F.,
 ( 4, 1, 1, 1, 1, 1, 1, 1, 1, 1, 1, 1, 1, 1, 1, 1, 4 ),
 ( 0.000000000000000000, 0.07064371857535406418, 0.1382567155089045041, 0.2033641242175799613, 0.2663240938030566607, 0.3279047615429893647, 0.3887377151730921354, 0.4494235281093023615, 0.5108610114593155060, 0.5720793960475145656, 0.6317344287314453632, 0.6911172105788376818, 0.7503600294901704437, 0.8100329005312619790, 0.8713624508287363124, 0.9344271412311533354, 1.000000000000000000 ),
 .UNSPECIFIED. ) ;
#6962 = FILL_AREA_STYLE_COLOUR ( '', #5843 ) ;
#6963 = DIRECTION ( 'NONE',  ( 1.000000000000000000, -1.355252715606880296E-16, 0.000000000000000000 ) ) ;
#6964 = EDGE_CURVE ( 'NONE', #461, #1117, #1115, .T. ) ;
#6965 =( GEOMETRIC_REPRESENTATION_CONTEXT ( 3 ) GLOBAL_UNCERTAINTY_ASSIGNED_CONTEXT ( ( #9468 ) ) GLOBAL_UNIT_ASSIGNED_CONTEXT ( ( #7956, #7984, #4061 ) ) REPRESENTATION_CONTEXT ( 'NONE', 'WORKASPACE' ) );
#6966 = CARTESIAN_POINT ( 'NONE',  ( 0.1353510407978348318, -0.4239256773966477154, 0.2999999999999998224 ) ) ;
#6967 = EDGE_CURVE ( 'NONE', #3083, #288, #8365, .T. ) ;
#6969 = ORIENTED_EDGE ( 'NONE', *, *, #328, .T. ) ;
#6968 = VECTOR ( 'NONE', #909, 1000.000000000000000 ) ;
#6970 =( LENGTH_UNIT ( ) NAMED_UNIT ( * ) SI_UNIT ( .MILLI., .METRE. ) );
#6971 =( NAMED_UNIT ( * ) PLANE_ANGLE_UNIT ( ) SI_UNIT ( $, .RADIAN. ) );
#6972 = CARTESIAN_POINT ( 'NONE',  ( -1.035000000000001252, -0.4000000000000000222, 4.199999999999999289 ) ) ;
#6973 = CARTESIAN_POINT ( 'NONE',  ( 0.1825668594184698124, -0.4044185704957131700, 0.3009999999999998788 ) ) ;
#6974 = VECTOR ( 'NONE', #9949, 1000.000000000000000 ) ;
#6975 = ORIENTED_EDGE ( 'NONE', *, *, #3087, .T. ) ;
#6976 = DIRECTION ( 'NONE',  ( 0.000000000000000000, -0.7071067811865477948, 0.7071067811865473507 ) ) ;
#6977 = ORIENTED_EDGE ( 'NONE', *, *, #5154, .T. ) ;
#6978 = ORIENTED_EDGE ( 'NONE', *, *, #4028, .F. ) ;
#6979 = FACE_OUTER_BOUND ( 'NONE', #833, .T. ) ;
#6980 = ORIENTED_EDGE ( 'NONE', *, *, #6894, .F. ) ;
#6981 = CARTESIAN_POINT ( 'NONE',  ( -0.6414275214332227915, -0.4347905980048958341, 0.3009999999999999898 ) ) ;
#6982 = UNCERTAINTY_MEASURE_WITH_UNIT (LENGTH_MEASURE( 1.000000000000000082E-05 ), #6502, 'distance_accuracy_value', 'NONE');
#6983 = CARTESIAN_POINT ( 'NONE',  ( 0.1931004239707736214, -0.4053809629803714620, 0.2999999999999999889 ) ) ;
#6984 = PLANE ( 'NONE',  #1805 ) ;
#6985 = DIRECTION ( 'NONE',  ( 1.000000000000000000, 0.000000000000000000, 0.000000000000000000 ) ) ;
#6986 = SURFACE_STYLE_USAGE ( .BOTH. , #5431 ) ;
#6987 =( NAMED_UNIT ( * ) SI_UNIT ( $, .STERADIAN. ) SOLID_ANGLE_UNIT ( ) );
#6988 = SURFACE_STYLE_FILL_AREA ( #6333 ) ;
#6989 =( GEOMETRIC_REPRESENTATION_CONTEXT ( 3 ) GLOBAL_UNCERTAINTY_ASSIGNED_CONTEXT ( ( #8891 ) ) GLOBAL_UNIT_ASSIGNED_CONTEXT ( ( #2374, #7873, #10199 ) ) REPRESENTATION_CONTEXT ( 'NONE', 'WORKASPACE' ) );
#6990 =( GEOMETRIC_REPRESENTATION_CONTEXT ( 3 ) GLOBAL_UNCERTAINTY_ASSIGNED_CONTEXT ( ( #7355 ) ) GLOBAL_UNIT_ASSIGNED_CONTEXT ( ( #5356, #8498, #110 ) ) REPRESENTATION_CONTEXT ( 'NONE', 'WORKASPACE' ) );
#6991 = ADVANCED_FACE ( 'NONE', ( #2953, #1369 ), #3044, .T. ) ;
#6992 = VERTEX_POINT ( 'NONE', #9218 ) ;
#6993 = VECTOR ( 'NONE', #7877, 1000.000000000000000 ) ;
#6994 = ORIENTED_EDGE ( 'NONE', *, *, #429, .F. ) ;
#6995 = CARTESIAN_POINT ( 'NONE',  ( 0.1974634846643381070, -0.1311320614195299883, 0.2999999999999999889 ) ) ;
#6996 = FACE_OUTER_BOUND ( 'NONE', #6488, .T. ) ;
#6997 =( NAMED_UNIT ( * ) SI_UNIT ( $, .STERADIAN. ) SOLID_ANGLE_UNIT ( ) );
#6998 = VERTEX_POINT ( 'NONE', #6317 ) ;
#6999 = LINE ( 'NONE', #198, #6496 ) ;
#7000 = CARTESIAN_POINT ( 'NONE',  ( 2.774999999999999023, 0.4000000000000000222, 1.300000000000000044 ) ) ;
#7001 = SURFACE_STYLE_FILL_AREA ( #8571 ) ;
#7002 = FILL_AREA_STYLE ('',( #103 ) ) ;
#7003 = EDGE_CURVE ( 'NONE', #7588, #6093, #358, .T. ) ;
#7004 = COLOUR_RGB ( '',0.5019607843137254832, 0.5019607843137254832, 0.5019607843137254832 ) ;
#7005 = VERTEX_POINT ( 'NONE', #8529 ) ;
#7006 = CARTESIAN_POINT ( 'NONE',  ( 0.1353510407978348318, -0.4239256773966477154, 0.2999999999999998224 ) ) ;
#7007 = PRESENTATION_LAYER_ASSIGNMENT (  '', '', ( #6676 ) ) ;
#7008 = MECHANICAL_DESIGN_GEOMETRIC_PRESENTATION_REPRESENTATION (  '', ( #10205 ), #6157 ) ;
#7009 = DIRECTION ( 'NONE',  ( -0.5773502691896258421, 0.5773502691896255090, 0.5773502691896258421 ) ) ;
#7010 = DIRECTION ( 'NONE',  ( 1.000000000000000000, 0.000000000000000000, 0.000000000000000000 ) ) ;
#7011 = ORIENTED_EDGE ( 'NONE', *, *, #2849, .F. ) ;
#7012 = COLOUR_RGB ( '',0.5019607843137254832, 0.5019607843137254832, 0.5019607843137254832 ) ;
#7013 = FACE_OUTER_BOUND ( 'NONE', #211, .T. ) ;
#7014 = DIRECTION ( 'NONE',  ( -1.000000000000000000, 6.776263578034399015E-17, 0.000000000000000000 ) ) ;
#7015 = VERTEX_POINT ( 'NONE', #2378 ) ;
#7016 = DIRECTION ( 'NONE',  ( 1.000000000000000000, 0.000000000000000000, -0.000000000000000000 ) ) ;
#7017 = FACE_BOUND ( 'NONE', #4492, .T. ) ;
#7018 = PLANE ( 'NONE',  #2468 ) ;
#7019 = CARTESIAN_POINT ( 'NONE',  ( 0.1723637907839250805, -0.4029701047012048676, 0.3000000000000000999 ) ) ;
#7020 = SURFACE_STYLE_USAGE ( .BOTH. , #10259 ) ;
#7021 = DIRECTION ( 'NONE',  ( 0.000000000000000000, -1.000000000000000000, 0.000000000000000000 ) ) ;
#7022 =( LENGTH_UNIT ( ) NAMED_UNIT ( * ) SI_UNIT ( .MILLI., .METRE. ) );
#7023 = CARTESIAN_POINT ( 'NONE',  ( -0.2350000000000008193, 0.5000000000000011102, 4.299999999999999822 ) ) ;
#7024 = ORIENTED_EDGE ( 'NONE', *, *, #2781, .F. ) ;
#7025 = DIRECTION ( 'NONE',  ( 0.000000000000000000, 0.000000000000000000, 1.000000000000000000 ) ) ;
#7026 = VECTOR ( 'NONE', #4522, 1000.000000000000000 ) ;
#7027 = CARTESIAN_POINT ( 'NONE',  ( -4.845000000000001528, 0.4000000000000000222, 4.199999999999999289 ) ) ;
#7028 = LINE ( 'NONE', #5783, #7151 ) ;
#7029 = CARTESIAN_POINT ( 'NONE',  ( 0.2094108932009234869, -0.4384491345902616910, 0.3009999999999999898 ) ) ;
#7030 = EDGE_CURVE ( 'NONE', #1782, #7844, #7157, .T. ) ;
#7031 = PLANE ( 'NONE',  #8743 ) ;
#7032 = FACE_OUTER_BOUND ( 'NONE', #694, .T. ) ;
#7033 = FILL_AREA_STYLE_COLOUR ( '', #1994 ) ;
#7034 =( LENGTH_UNIT ( ) NAMED_UNIT ( * ) SI_UNIT ( .MILLI., .METRE. ) );
#7035 = LINE ( 'NONE', #379, #4956 ) ;
#7036 = COLOUR_RGB ( '',1.000000000000000000, 1.000000000000000000, 1.000000000000000000 ) ;
#7037 = FILL_AREA_STYLE ('',( #10202 ) ) ;
#7038 = CARTESIAN_POINT ( 'NONE',  ( 0.1971204968594600648, -0.1640588906878226727, 0.3009999999999999898 ) ) ;
#7039 = SURFACE_STYLE_USAGE ( .BOTH. , #8628 ) ;
#7040 = EDGE_CURVE ( 'NONE', #4679, #9327, #3313, .T. ) ;
#7041 = ADVANCED_FACE ( 'NONE', ( #7013 ), #7745, .F. ) ;
#7042 = AXIS2_PLACEMENT_3D ( 'NONE', #1639, #4699, #3932 ) ;
#7043 = LINE ( 'NONE', #6054, #3261 ) ;
#7044 = LINE ( 'NONE', #3536, #6065 ) ;
#7045 = CARTESIAN_POINT ( 'NONE',  ( 0.3097919907618990609, -0.2879918175170909644, 0.2999999999999999889 ) ) ;
#7046 = ORIENTED_EDGE ( 'NONE', *, *, #4169, .T. ) ;
#7047 = AXIS2_PLACEMENT_3D ( 'NONE', #6551, #1853, #8114 ) ;
#7048 = AXIS2_PLACEMENT_3D ( 'NONE', #7667, #2995, #5436 ) ;
#7049 = VERTEX_POINT ( 'NONE', #9312 ) ;
#7050 = LINE ( 'NONE', #4565, #6933 ) ;
#7051 = FILL_AREA_STYLE ('',( #1554 ) ) ;
#7052 = FILL_AREA_STYLE ('',( #1556 ) ) ;
#7053 = ADVANCED_FACE ( 'NONE', ( #6283 ), #3675, .T. ) ;
#7054 = CARTESIAN_POINT ( 'NONE',  ( 0.1676518709937806495, -0.1326831101648019984, 0.3009999999999999343 ) ) ;
#7055 = CARTESIAN_POINT ( 'NONE',  ( -0.2720380982560677285, -0.1715084092360913692, 0.2999999999999999334 ) ) ;
#7056 = DIRECTION ( 'NONE',  ( 1.355252715606880296E-16, 1.000000000000000000, 0.000000000000000000 ) ) ;
#7057 = UNCERTAINTY_MEASURE_WITH_UNIT (LENGTH_MEASURE( 1.000000000000000082E-05 ), #9639, 'distance_accuracy_value', 'NONE');
#7058 = EDGE_CURVE ( 'NONE', #8322, #9306, #7613, .T. ) ;
#7059 = PLANE ( 'NONE',  #4016 ) ;
#7060 = FACE_OUTER_BOUND ( 'NONE', #4693, .T. ) ;
#7061 = ORIENTED_EDGE ( 'NONE', *, *, #5824, .T. ) ;
#7062 = EDGE_CURVE ( 'NONE', #2072, #306, #4934, .T. ) ;
#7063 = FACE_OUTER_BOUND ( 'NONE', #9243, .T. ) ;
#7064 = SURFACE_STYLE_USAGE ( .BOTH. , #8616 ) ;
#7065 = STYLED_ITEM ( 'NONE', ( #7758 ), #4368 ) ;
#7066 = PRESENTATION_LAYER_ASSIGNMENT (  '', '', ( #929 ) ) ;
#7067 = CARTESIAN_POINT ( 'NONE',  ( 0.2670226505307328746, -0.4285238062748377152, 0.3009999999999999898 ) ) ;
#7068 = AXIS2_PLACEMENT_3D ( 'NONE', #8595, #3729, #3048 ) ;
#7069 = DIRECTION ( 'NONE',  ( 0.000000000000000000, -1.000000000000000000, 0.000000000000000000 ) ) ;
#7070 = ORIENTED_EDGE ( 'NONE', *, *, #4432, .F. ) ;
#7071 = CARTESIAN_POINT ( 'NONE',  ( 0.1857891724283941282, -0.4373566976225605751, 0.2999999999999999889 ) ) ;
#7072 = UNCERTAINTY_MEASURE_WITH_UNIT (LENGTH_MEASURE( 1.000000000000000082E-05 ), #7364, 'distance_accuracy_value', 'NONE');
#7073 = LINE ( 'NONE', #6202, #5389 ) ;
#7074 = SURFACE_STYLE_USAGE ( .BOTH. , #1547 ) ;
#7075 = LINE ( 'NONE', #6549, #8027 ) ;
#7076 = DIRECTION ( 'NONE',  ( 0.000000000000000000, -1.000000000000000000, 0.000000000000000000 ) ) ;
#7077 = MECHANICAL_DESIGN_GEOMETRIC_PRESENTATION_REPRESENTATION (  '', ( #882 ), #2799 ) ;
#7078 = ORIENTED_EDGE ( 'NONE', *, *, #5502, .T. ) ;
#7079 = SURFACE_SIDE_STYLE ('',( #6261 ) ) ;
#7080 = STYLED_ITEM ( 'NONE', ( #2284 ), #2454 ) ;
#7081 = PRESENTATION_STYLE_ASSIGNMENT (( #7981 ) ) ;
#7082 = CARTESIAN_POINT ( 'NONE',  ( 0.3499421286533822006, -0.2958863364944401830, 0.3009999999999999343 ) ) ;
#7083 = COLOUR_RGB ( '',1.000000000000000000, 1.000000000000000000, 1.000000000000000000 ) ;
#7084 = DIRECTION ( 'NONE',  ( 0.7071067811865475727, -0.000000000000000000, 0.7071067811865475727 ) ) ;
#7085 = CARTESIAN_POINT ( 'NONE',  ( 0.1974634846643381070, -0.1311320614195299883, 0.3009999999999999898 ) ) ;
#7086 = DIRECTION ( 'NONE',  ( -0.000000000000000000, -0.000000000000000000, -1.000000000000000000 ) ) ;
#7087 = DIRECTION ( 'NONE',  ( 0.000000000000000000, -0.000000000000000000, -1.000000000000000000 ) ) ;
#7088 = CARTESIAN_POINT ( 'NONE',  ( -0.3523047970145969932, -0.2772789361221725257, 0.2999999999999999889 ) ) ;
#7089 = DIRECTION ( 'NONE',  ( -0.000000000000000000, 0.000000000000000000, 1.000000000000000000 ) ) ;
#7090 = ORIENTED_EDGE ( 'NONE', *, *, #8347, .F. ) ;
#7091 = MECHANICAL_DESIGN_GEOMETRIC_PRESENTATION_REPRESENTATION (  '', ( #2331 ), #3378 ) ;
#7092 = FILL_AREA_STYLE_COLOUR ( '', #865 ) ;
#7093 = LINE ( 'NONE', #3393, #8944 ) ;
#7094 = CARTESIAN_POINT ( 'NONE',  ( -0.2722996504129450157, -0.3976309185698603810, 0.3000000000000000999 ) ) ;
#7095 = ORIENTED_EDGE ( 'NONE', *, *, #1005, .T. ) ;
#7096 = B_SPLINE_CURVE_WITH_KNOTS ( 'NONE', 3,
 ( #6400, #8009, #2431, #7913, #3318, #923, #4124, #4019, #4825, #890, #4261 ),
 .UNSPECIFIED., .F., .F.,
 ( 4, 1, 1, 1, 1, 1, 1, 1, 4 ),
 ( 0.000000000000000000, 0.1451868664724697833, 0.2834426109197299426, 0.4165243659288289657, 0.5431811235350828548, 0.6651530826377138883, 0.7813602063127152997, 0.8927566556418089494, 1.000000000000000000 ),
 .UNSPECIFIED. ) ;
#7097 = ORIENTED_EDGE ( 'NONE', *, *, #2099, .F. ) ;
#7098 = PLANE ( 'NONE',  #10053 ) ;
#7099 = LINE ( 'NONE', #4180, #3768 ) ;
#7100 = FACE_OUTER_BOUND ( 'NONE', #2058, .T. ) ;
#7101 = EDGE_CURVE ( 'NONE', #9046, #492, #8865, .T. ) ;
#7102 =( LENGTH_UNIT ( ) NAMED_UNIT ( * ) SI_UNIT ( .MILLI., .METRE. ) );
#7103 = ADVANCED_FACE ( 'NONE', ( #2318 ), #2559, .F. ) ;
#7104 = EDGE_CURVE ( 'NONE', #3538, #5191, #4179, .T. ) ;
#7105 = ORIENTED_EDGE ( 'NONE', *, *, #2085, .F. ) ;
#7106 = SURFACE_STYLE_FILL_AREA ( #9371 ) ;
#7107 = FILL_AREA_STYLE_COLOUR ( '', #888 ) ;
#7108 =( GEOMETRIC_REPRESENTATION_CONTEXT ( 3 ) GLOBAL_UNCERTAINTY_ASSIGNED_CONTEXT ( ( #292 ) ) GLOBAL_UNIT_ASSIGNED_CONTEXT ( ( #9233, #7659, #3400 ) ) REPRESENTATION_CONTEXT ( 'NONE', 'WORKASPACE' ) );
#7109 = MECHANICAL_DESIGN_GEOMETRIC_PRESENTATION_REPRESENTATION (  '', ( #8285 ), #9364 ) ;
#7110 = ORIENTED_EDGE ( 'NONE', *, *, #7992, .T. ) ;
#7111 = ORIENTED_EDGE ( 'NONE', *, *, #7384, .T. ) ;
#7112 =( LENGTH_UNIT ( ) NAMED_UNIT ( * ) SI_UNIT ( .MILLI., .METRE. ) );
#7113 = CARTESIAN_POINT ( 'NONE',  ( -6.215000000000002522, 0.5000000000000011102, 4.299999999999999822 ) ) ;
#7114 = UNCERTAINTY_MEASURE_WITH_UNIT (LENGTH_MEASURE( 1.000000000000000082E-05 ), #9685, 'distance_accuracy_value', 'NONE');
#7115 = CARTESIAN_POINT ( 'NONE',  ( 0.3500358932009234314, -0.2904498967853836322, 0.2999999999999999889 ) ) ;
#7116 = EDGE_CURVE ( 'NONE', #2254, #204, #219, .T. ) ;
#7117 = CARTESIAN_POINT ( 'NONE',  ( 0.3172247580838090109, -0.1860762978488490205, 0.3010000000000000453 ) ) ;
#7118 = VERTEX_POINT ( 'NONE', #7191 ) ;
#7119 = CARTESIAN_POINT ( 'NONE',  ( -0.5477918507015154814, -0.1713759638585543588, 0.2999999999999999889 ) ) ;
#7120 = COLOUR_RGB ( '',0.5019607843137254832, 0.5019607843137254832, 0.5019607843137254832 ) ;
#7121 = CARTESIAN_POINT ( 'NONE',  ( 4.444999999999999396, -0.07500000000000010825, -2.199999999999999734 ) ) ;
#7122 = CARTESIAN_POINT ( 'NONE',  ( -0.3524031311893204288, -0.2818752016634324398, 0.2999999999999999889 ) ) ;
#7123 = VERTEX_POINT ( 'NONE', #6442 ) ;
#7124 =( NAMED_UNIT ( * ) SI_UNIT ( $, .STERADIAN. ) SOLID_ANGLE_UNIT ( ) );
#7125 =( NAMED_UNIT ( * ) SI_UNIT ( $, .STERADIAN. ) SOLID_ANGLE_UNIT ( ) );
#7126 = PRESENTATION_LAYER_ASSIGNMENT (  '', '', ( #9994 ) ) ;
#7127 = SURFACE_STYLE_USAGE ( .BOTH. , #9404 ) ;
#7128 = ORIENTED_EDGE ( 'NONE', *, *, #4936, .F. ) ;
#7129 = AXIS2_PLACEMENT_3D ( 'NONE', #3767, #2144, #6937 ) ;
#7130 = VECTOR ( 'NONE', #1266, 1000.000000000000000 ) ;
#7131 = ORIENTED_EDGE ( 'NONE', *, *, #2274, .F. ) ;
#7132 = CARTESIAN_POINT ( 'NONE',  ( -4.045000000000000817, 0.4000000000000000222, 4.199999999999999289 ) ) ;
#7133 = CARTESIAN_POINT ( 'NONE',  ( 3.374999999999999556, -0.07500000000000012212, -5.227200187265875542 ) ) ;
#7134 = SURFACE_SIDE_STYLE ('',( #9777 ) ) ;
#7135 = DIRECTION ( 'NONE',  ( -1.016439536705160037E-16, -1.000000000000000000, -0.000000000000000000 ) ) ;
#7136 = EDGE_CURVE ( 'NONE', #1076, #9700, #2076, .T. ) ;
#7137 = VECTOR ( 'NONE', #2509, 1000.000000000000000 ) ;
#7138 = CARTESIAN_POINT ( 'NONE',  ( -0.3922883767884401962, -0.2977909717906853104, 0.3010000000000000453 ) ) ;
#7139 = AXIS2_PLACEMENT_3D ( 'NONE', #7247, #6427, #8747 ) ;
#7140 = EDGE_LOOP ( 'NONE', ( #345, #7111, #6760, #1616 ) ) ;
#7141 =( NAMED_UNIT ( * ) PLANE_ANGLE_UNIT ( ) SI_UNIT ( $, .RADIAN. ) );
#7142 = FACE_OUTER_BOUND ( 'NONE', #5290, .T. ) ;
#7143 = AXIS2_PLACEMENT_3D ( 'NONE', #1086, #7398, #9878 ) ;
#7144 = CARTESIAN_POINT ( 'NONE',  ( -0.4585006921649301126, -0.4347905980048958341, 0.3009999999999999898 ) ) ;
#7145 = ORIENTED_EDGE ( 'NONE', *, *, #9241, .T. ) ;
#7146 = FILL_AREA_STYLE_COLOUR ( '', #5388 ) ;
#7147 = CARTESIAN_POINT ( 'NONE',  ( 0.8349999999999998535, -0.07500000000000012212, -2.199999999999999734 ) ) ;
#7148 = CARTESIAN_POINT ( 'NONE',  ( -0.3524031311893204288, -0.2818752016634324398, 0.3009999999999999898 ) ) ;
#7149 = CARTESIAN_POINT ( 'NONE',  ( 0.3500358932009234314, -0.2904498967853836322, 0.3009999999999999898 ) ) ;
#7150 = ADVANCED_FACE ( 'NONE', ( #3668 ), #3660, .T. ) ;
#7151 = VECTOR ( 'NONE', #4931, 1000.000000000000000 ) ;
#7152 = DIRECTION ( 'NONE',  ( 0.000000000000000000, 1.000000000000000000, 0.000000000000000000 ) ) ;
#7153 = STYLED_ITEM ( 'NONE', ( #9976 ), #5165 ) ;
#7154 = CARTESIAN_POINT ( 'NONE',  ( -0.2473536239070369958, -0.4015754374086801248, 0.3000000000000000444 ) ) ;
#7155 = VERTEX_POINT ( 'NONE', #7228 ) ;
#7156 = EDGE_LOOP ( 'NONE', ( #3791, #3705, #5752, #1591 ) ) ;
#7157 = B_SPLINE_CURVE_WITH_KNOTS ( 'NONE', 3,
 ( #5449, #7781, #7006, #8661, #4675, #9354, #5552, #7071, #2345, #802, #1579 ),
 .UNSPECIFIED., .F., .F.,
 ( 4, 1, 1, 1, 1, 1, 1, 1, 4 ),
 ( 0.000000000000000000, 0.1124483899088007527, 0.2265276752126774706, 0.3444019493260278009, 0.4658649724874581732, 0.5916594493521163400, 0.7221684870248873400, 0.8586063875549263535, 1.000000000000000000 ),
 .UNSPECIFIED. ) ;
#7158 = CARTESIAN_POINT ( 'NONE',  ( 0.3449305390878412703, -0.3367667319869486198, 0.3009999999999999343 ) ) ;
#7159 = EDGE_CURVE ( 'NONE', #3283, #64, #4546, .T. ) ;
#7160 = LINE ( 'NONE', #7555, #4971 ) ;
#7161 = DIRECTION ( 'NONE',  ( -0.9406672605435405510, 0.3393303772748776925, 0.000000000000000000 ) ) ;
#7162 = FILL_AREA_STYLE ('',( #906 ) ) ;
#7163 = CARTESIAN_POINT ( 'NONE',  ( 1.704999999999998961, -0.07500000000000009437, 0.2999999999999999889 ) ) ;
#7164 =( LENGTH_UNIT ( ) NAMED_UNIT ( * ) SI_UNIT ( .MILLI., .METRE. ) );
#7165 = CARTESIAN_POINT ( 'NONE',  ( 0.2349999999999990985, -0.5000000000000011102, 4.299999999999999822 ) ) ;
#7166 = CARTESIAN_POINT ( 'NONE',  ( 0.2152857989389318216, -0.4052279802292717004, 0.3010000000000000453 ) ) ;
#7167 = FILL_AREA_STYLE ('',( #7939 ) ) ;
#7168 = VECTOR ( 'NONE', #1116, 1000.000000000000000 ) ;
#7169 = VERTEX_POINT ( 'NONE', #304 ) ;
#7170 = DIRECTION ( 'NONE',  ( 0.000000000000000000, 1.000000000000000000, 0.000000000000000000 ) ) ;
#7171 = CARTESIAN_POINT ( 'NONE',  ( 0.3058820228629207660, -0.3252699600941914571, 0.3009999999999999343 ) ) ;
#7172 = SURFACE_STYLE_FILL_AREA ( #1344 ) ;
#7173 = LINE ( 'NONE', #2604, #1163 ) ;
#7174 = CARTESIAN_POINT ( 'NONE',  ( 0.3019844550542647443, -0.4074681402325208701, 0.3009999999999998788 ) ) ;
#7175 = UNCERTAINTY_MEASURE_WITH_UNIT (LENGTH_MEASURE( 1.000000000000000082E-05 ), #5801, 'distance_accuracy_value', 'NONE');
#7176 =( GEOMETRIC_REPRESENTATION_CONTEXT ( 3 ) GLOBAL_UNCERTAINTY_ASSIGNED_CONTEXT ( ( #484 ) ) GLOBAL_UNIT_ASSIGNED_CONTEXT ( ( #8940, #6625, #4184 ) ) REPRESENTATION_CONTEXT ( 'NONE', 'WORKASPACE' ) );
#7177 = SURFACE_SIDE_STYLE ('',( #6 ) ) ;
#7178 =( NAMED_UNIT ( * ) PLANE_ANGLE_UNIT ( ) SI_UNIT ( $, .RADIAN. ) );
#7179 = VERTEX_POINT ( 'NONE', #1159 ) ;
#7180 = DIRECTION ( 'NONE',  ( 1.000000000000000000, -1.355252715606880296E-16, 0.000000000000000000 ) ) ;
#7181 = VECTOR ( 'NONE', #7806, 1000.000000000000000 ) ;
#7182 = ORIENTED_EDGE ( 'NONE', *, *, #7058, .T. ) ;
#7183 = PLANE ( 'NONE',  #1663 ) ;
#7184 = EDGE_CURVE ( 'NONE', #9191, #5269, #7481, .T. ) ;
#7185 = ORIENTED_EDGE ( 'NONE', *, *, #10264, .F. ) ;
#7186 = CARTESIAN_POINT ( 'NONE',  ( -0.3448219652454783679, -0.3323261827152385051, 0.3000000000000001554 ) ) ;
#7187 = MECHANICAL_DESIGN_GEOMETRIC_PRESENTATION_REPRESENTATION (  '', ( #8788 ), #468 ) ;
#7188 = PLANE ( 'NONE',  #7685 ) ;
#7189 = LINE ( 'NONE', #9412, #5864 ) ;
#7190 = CARTESIAN_POINT ( 'NONE',  ( 1.904999999999999583, -0.07500000000000012212, -2.199999999999999734 ) ) ;
#7191 = CARTESIAN_POINT ( 'NONE',  ( 0.1268651614936064098, -0.4192418175170909422, 0.3009999999999999898 ) ) ;
#7192 = ADVANCED_FACE ( 'NONE', ( #1484 ), #4143, .F. ) ;
#7193 = PLANE ( 'NONE',  #8305 ) ;
#7194 = ORIENTED_EDGE ( 'NONE', *, *, #7892, .F. ) ;
#7195 = FILL_AREA_STYLE_COLOUR ( '', #6511 ) ;
#7196 = VECTOR ( 'NONE', #9838, 1000.000000000000000 ) ;
#7197 = VECTOR ( 'NONE', #3426, 1000.000000000000000 ) ;
#7198 = DIRECTION ( 'NONE',  ( -0.000000000000000000, -1.000000000000000000, -0.000000000000000000 ) ) ;
#7199 =( GEOMETRIC_REPRESENTATION_CONTEXT ( 3 ) GLOBAL_UNCERTAINTY_ASSIGNED_CONTEXT ( ( #5268 ) ) GLOBAL_UNIT_ASSIGNED_CONTEXT ( ( #9111, #9742, #3474 ) ) REPRESENTATION_CONTEXT ( 'NONE', 'WORKASPACE' ) );
#7200 =( NAMED_UNIT ( * ) SI_UNIT ( $, .STERADIAN. ) SOLID_ANGLE_UNIT ( ) );
#7201 = SURFACE_STYLE_FILL_AREA ( #8148 ) ;
#7203 = VERTEX_POINT ( 'NONE', #5766 ) ;
#7202 = COLOUR_RGB ( '',0.5019607843137254832, 0.5019607843137254832, 0.5019607843137254832 ) ;
#7204 = CARTESIAN_POINT ( 'NONE',  ( 0.3407459490621893017, -0.3506678666646942388, 0.3010000000000000453 ) ) ;
#7205 = PRESENTATION_STYLE_ASSIGNMENT (( #2732 ) ) ;
#7206 = FACE_OUTER_BOUND ( 'NONE', #5554, .T. ) ;
#7207 = DIRECTION ( 'NONE',  ( 0.000000000000000000, 1.000000000000000000, 0.000000000000000000 ) ) ;
#7208 = ORIENTED_EDGE ( 'NONE', *, *, #6493, .T. ) ;
#7209 = FILL_AREA_STYLE_COLOUR ( '', #5261 ) ;
#7210 = SURFACE_STYLE_USAGE ( .BOTH. , #1600 ) ;
#7211 =( GEOMETRIC_REPRESENTATION_CONTEXT ( 3 ) GLOBAL_UNCERTAINTY_ASSIGNED_CONTEXT ( ( #9210 ) ) GLOBAL_UNIT_ASSIGNED_CONTEXT ( ( #3347, #3380, #7340 ) ) REPRESENTATION_CONTEXT ( 'NONE', 'WORKASPACE' ) );
#7212 = FILL_AREA_STYLE_COLOUR ( '', #1066 ) ;
#7213 = ORIENTED_EDGE ( 'NONE', *, *, #445, .T. ) ;
#7214 = EDGE_CURVE ( 'NONE', #6992, #945, #2698, .T. ) ;
#7216 = VERTEX_POINT ( 'NONE', #4983 ) ;
#7215 = SURFACE_STYLE_FILL_AREA ( #3409 ) ;
#7217 = CARTESIAN_POINT ( 'NONE',  ( 0.06832857612775269929, -0.4347905980048958341, 0.2999999999999999889 ) ) ;
#7218 = LINE ( 'NONE', #6470, #4150 ) ;
#7219 = VERTEX_POINT ( 'NONE', #4243 ) ;
#7220 = CARTESIAN_POINT ( 'NONE',  ( -0.3482164708936417163, -0.3208035546845176000, 0.3010000000000000453 ) ) ;
#7222 = LINE ( 'NONE', #2620, #9219 ) ;
#7221 = CARTESIAN_POINT ( 'NONE',  ( 3.675000000000000266, -0.4000000000000000222, 4.299999999999999822 ) ) ;
#7223 = SURFACE_SIDE_STYLE ('',( #8759 ) ) ;
#7224 = CARTESIAN_POINT ( 'NONE',  ( -0.1511836189941984931, -0.4347905980048958341, 0.2999999999999999889 ) ) ;
#7225 = EDGE_CURVE ( 'NONE', #5654, #3389, #972, .T. ) ;
#7226 =( GEOMETRIC_REPRESENTATION_CONTEXT ( 3 ) GLOBAL_UNCERTAINTY_ASSIGNED_CONTEXT ( ( #9337 ) ) GLOBAL_UNIT_ASSIGNED_CONTEXT ( ( #5955, #8975, #7434 ) ) REPRESENTATION_CONTEXT ( 'NONE', 'WORKASPACE' ) );
#7227 = ORIENTED_EDGE ( 'NONE', *, *, #1118, .T. ) ;
#7228 = CARTESIAN_POINT ( 'NONE',  ( -0.8350000000000006306, 0.07499999999999990008, 0.2999999999999999889 ) ) ;
#7229 = LINE ( 'NONE', #6289, #9094 ) ;
#7230 = ORIENTED_EDGE ( 'NONE', *, *, #2107, .F. ) ;
#7231 = EDGE_CURVE ( 'NONE', #8352, #9215, #600, .T. ) ;
#7232 = UNCERTAINTY_MEASURE_WITH_UNIT (LENGTH_MEASURE( 1.000000000000000082E-05 ), #7394, 'distance_accuracy_value', 'NONE');
#7233 = COLOUR_RGB ( '',0.5019607843137254832, 0.5019607843137254832, 0.5019607843137254832 ) ;
#7234 = CARTESIAN_POINT ( 'NONE',  ( -4.645000000000000462, 0.07499999999999990008, -5.227200187265875542 ) ) ;
#7235 = ORIENTED_EDGE ( 'NONE', *, *, #3609, .F. ) ;
#7236 = MECHANICAL_DESIGN_GEOMETRIC_PRESENTATION_REPRESENTATION (  '', ( #8699 ), #38 ) ;
#7237 = PRESENTATION_LAYER_ASSIGNMENT (  '', '', ( #9570 ) ) ;
#7238 =( NAMED_UNIT ( * ) PLANE_ANGLE_UNIT ( ) SI_UNIT ( $, .RADIAN. ) );
#7239 = VERTEX_POINT ( 'NONE', #5228 ) ;
#7240 = CARTESIAN_POINT ( 'NONE',  ( 3.574999999999999289, -0.4000000000000000222, 4.199999999999999289 ) ) ;
#7241 = FILL_AREA_STYLE ('',( #1752 ) ) ;
#7242 = EDGE_CURVE ( 'NONE', #7329, #6371, #7723, .T. ) ;
#7243 = VERTEX_POINT ( 'NONE', #4421 ) ;
#7244 = CARTESIAN_POINT ( 'NONE',  ( 2.974999999999999201, -0.07500000000000009437, -5.227200187265875542 ) ) ;
#7245 = DIRECTION ( 'NONE',  ( -0.5773502691896258421, 0.5773502691896255090, -0.5773502691896258421 ) ) ;
#7246 = LINE ( 'NONE', #1035, #1491 ) ;
#7247 = CARTESIAN_POINT ( 'NONE',  ( 5.314999999999999503, -0.4000000000000000222, 1.300000000000000044 ) ) ;
#7248 = ADVANCED_FACE ( 'NONE', ( #6639 ), #9875, .T. ) ;
#7249 =( NAMED_UNIT ( * ) PLANE_ANGLE_UNIT ( ) SI_UNIT ( $, .RADIAN. ) );
#7250 = EDGE_CURVE ( 'NONE', #4866, #6243, #6153, .T. ) ;
#7251 = UNCERTAINTY_MEASURE_WITH_UNIT (LENGTH_MEASURE( 1.000000000000000082E-05 ), #3693, 'distance_accuracy_value', 'NONE');
#7252 = PLANE ( 'NONE',  #7344 ) ;
#7253 = ORIENTED_EDGE ( 'NONE', *, *, #8233, .F. ) ;
#7254 = LINE ( 'NONE', #5807, #9621 ) ;
#7255 = AXIS2_PLACEMENT_3D ( 'NONE', #9119, #5204, #6023 ) ;
#7256 = STYLED_ITEM ( 'NONE', ( #1056 ), #8608 ) ;
#7257 = CARTESIAN_POINT ( 'NONE',  ( -1.505000000000001226, -0.4000000000000000222, 1.300000000000000044 ) ) ;
#7258 = APPLICATION_PROTOCOL_DEFINITION ( 'draft international standard', 'automotive_design', 1998, #6606 ) ;
#7259 = CARTESIAN_POINT ( 'NONE',  ( -6.115000000000001101, 0.4000000000000000222, 4.199999999999999289 ) ) ;
#7260 = ORIENTED_EDGE ( 'NONE', *, *, #4559, .F. ) ;
#7261 = DIRECTION ( 'NONE',  ( -1.000000000000000000, -0.000000000000000000, -0.000000000000000000 ) ) ;
#7262 = CARTESIAN_POINT ( 'NONE',  ( 5.514999999999999680, -0.07500000000000009437, -2.199999999999999734 ) ) ;
#7263 = CARTESIAN_POINT ( 'NONE',  ( 2.974999999999999201, -0.07500000000000009437, 0.2999999999999999889 ) ) ;
#7264 = ORIENTED_EDGE ( 'NONE', *, *, #8299, .T. ) ;
#7265 = STYLED_ITEM ( 'NONE', ( #4974 ), #9600 ) ;
#7266 = COLOUR_RGB ( '',1.000000000000000000, 1.000000000000000000, 1.000000000000000000 ) ;
#7267 = AXIS2_PLACEMENT_3D ( 'NONE', #3709, #6008, #7633 ) ;
#7268 = PLANE ( 'NONE',  #5648 ) ;
#7269 = CARTESIAN_POINT ( 'NONE',  ( -5.915000000000000924, -0.07500000000000009437, -5.227200187265875542 ) ) ;
#7270 = CARTESIAN_POINT ( 'NONE',  ( 0.2077199261920934514, -0.4054229758968040942, 0.3009999999999999898 ) ) ;
#7271 = CARTESIAN_POINT ( 'NONE',  ( -0.2473536239070369958, -0.4015754374086801248, 0.3009999999999999343 ) ) ;
#7272 = LINE ( 'NONE', #3953, #8118 ) ;
#7273 =( NAMED_UNIT ( * ) PLANE_ANGLE_UNIT ( ) SI_UNIT ( $, .RADIAN. ) );
#7274 = DIRECTION ( 'NONE',  ( -0.5773502691896258421, 0.5773502691896255090, 0.5773502691896258421 ) ) ;
#7275 = LINE ( 'NONE', #10044, #5219 ) ;
#7276 = FILL_AREA_STYLE ('',( #9755 ) ) ;
#7277 = DIRECTION ( 'NONE',  ( -0.000000000000000000, -1.000000000000000000, 0.000000000000000000 ) ) ;
#7278 = ORIENTED_EDGE ( 'NONE', *, *, #4220, .T. ) ;
#7279 = EDGE_CURVE ( 'NONE', #8357, #3286, #2945, .T. ) ;
#7280 =( GEOMETRIC_REPRESENTATION_CONTEXT ( 3 ) GLOBAL_UNCERTAINTY_ASSIGNED_CONTEXT ( ( #3642 ) ) GLOBAL_UNIT_ASSIGNED_CONTEXT ( ( #3537, #9873, #1193 ) ) REPRESENTATION_CONTEXT ( 'NONE', 'WORKASPACE' ) );
#7281 = LINE ( 'NONE', #8664, #5229 ) ;
#7282 = COLOUR_RGB ( '',0.5019607843137254832, 0.2509803921568627416, 0.2509803921568627416 ) ;
#7283 = UNCERTAINTY_MEASURE_WITH_UNIT (LENGTH_MEASURE( 1.000000000000000082E-05 ), #5225, 'distance_accuracy_value', 'NONE');
#7284 = LINE ( 'NONE', #661, #8396 ) ;
#7285 = PRESENTATION_STYLE_ASSIGNMENT (( #2179 ) ) ;
#7286 = SURFACE_SIDE_STYLE ('',( #6939 ) ) ;
#7287 = EDGE_CURVE ( 'NONE', #8332, #4560, #6878, .T. ) ;
#7288 = CARTESIAN_POINT ( 'NONE',  ( -5.715000000000000746, 0.07499999999999985845, -2.199999999999999734 ) ) ;
#7289 = SURFACE_STYLE_USAGE ( .BOTH. , #4104 ) ;
#7290 = FILL_AREA_STYLE ('',( #1800 ) ) ;
#7291 = EDGE_LOOP ( 'NONE', ( #9093, #9768, #1503, #9804 ) ) ;
#7292 = CARTESIAN_POINT ( 'NONE',  ( -0.3817883058157574006, -0.3438595756486165222, 0.3010000000000000453 ) ) ;
#7293 = ADVANCED_FACE ( 'NONE', ( #89 ), #7500, .T. ) ;
#7294 = CYLINDRICAL_SURFACE ( 'NONE', #9794, 0.2000000000000000944 ) ;
#7295 = CARTESIAN_POINT ( 'NONE',  ( -0.5682567897259058753, -0.1347905980048958452, 0.2999999999999999889 ) ) ;
#7296 = LINE ( 'NONE', #7700, #777 ) ;
#7297 = SURFACE_STYLE_FILL_AREA ( #5952 ) ;
#7298 = CYLINDRICAL_SURFACE ( 'NONE', #730, 0.2000000000000000944 ) ;
#7299 = DIRECTION ( 'NONE',  ( -0.000000000000000000, 0.000000000000000000, 1.000000000000000000 ) ) ;
#7300 = UNCERTAINTY_MEASURE_WITH_UNIT (LENGTH_MEASURE( 1.000000000000000082E-05 ), #10020, 'distance_accuracy_value', 'NONE');
#7301 = FILL_AREA_STYLE ('',( #1810 ) ) ;
#7302 = EDGE_CURVE ( 'NONE', #1571, #3538, #4449, .T. ) ;
#7303 = VECTOR ( 'NONE', #9383, 1000.000000000000000 ) ;
#7304 = ORIENTED_EDGE ( 'NONE', *, *, #240, .T. ) ;
#7305 = SURFACE_SIDE_STYLE ('',( #575 ) ) ;
#7306 = CARTESIAN_POINT ( 'NONE',  ( -0.3350152651333352938, -0.3530125581660792933, 0.3010000000000000453 ) ) ;
#7307 = STYLED_ITEM ( 'NONE', ( #4334 ), #3894 ) ;
#7308 = PRESENTATION_LAYER_ASSIGNMENT (  '', '', ( #3755 ) ) ;
#7309 = CARTESIAN_POINT ( 'NONE',  ( -1.505000000000001226, -0.4000000000000000222, 1.300000000000000044 ) ) ;
#7310 = FILL_AREA_STYLE_COLOUR ( '', #7266 ) ;
#7311 = CARTESIAN_POINT ( 'NONE',  ( 0.02808467368872833575, -0.1677174272731885296, 0.2999999999999999889 ) ) ;
#7312 = VERTEX_POINT ( 'NONE', #446 ) ;
#7313 = PRESENTATION_STYLE_ASSIGNMENT (( #7020 ) ) ;
#7314 = COLOUR_RGB ( '',0.5019607843137254832, 0.5019607843137254832, 0.5019607843137254832 ) ;
#7315 = CARTESIAN_POINT ( 'NONE',  ( 6.464999999999998970, 0.9000000000000002442, 0.000000000000000000 ) ) ;
#7316 = EDGE_CURVE ( 'NONE', #9324, #3773, #7035, .T. ) ;
#7317 = CARTESIAN_POINT ( 'NONE',  ( 0.1341217517586880403, -0.1400766953463642162, 0.3010000000000000453 ) ) ;
#7318 = EDGE_LOOP ( 'NONE', ( #956, #3606, #1454, #5311, #6975 ) ) ;
#7319 = DIRECTION ( 'NONE',  ( 1.355252715606880296E-16, 1.000000000000000000, 0.000000000000000000 ) ) ;
#7320 = DIRECTION ( 'NONE',  ( -0.000000000000000000, -1.000000000000000000, -0.000000000000000000 ) ) ;
#7321 = AXIS2_PLACEMENT_3D ( 'NONE', #2981, #6185, #5386 ) ;
#7322 = CARTESIAN_POINT ( 'NONE',  ( -1.505000000000001226, 0.4000000000000000222, 1.300000000000000044 ) ) ;
#7323 = SURFACE_SIDE_STYLE ('',( #3403 ) ) ;
#7324 = SURFACE_STYLE_USAGE ( .BOTH. , #9063 ) ;
#7325 = DIRECTION ( 'NONE',  ( 0.000000000000000000, 1.000000000000000000, 0.000000000000000000 ) ) ;
#7326 = FILL_AREA_STYLE ('',( #1849 ) ) ;
#7327 = ORIENTED_EDGE ( 'NONE', *, *, #2265, .F. ) ;
#7328 = LINE ( 'NONE', #3488, #8831 ) ;
#7329 = VERTEX_POINT ( 'NONE', #5915 ) ;
#7330 = SURFACE_STYLE_USAGE ( .BOTH. , #5130 ) ;
#7331 =( LENGTH_UNIT ( ) NAMED_UNIT ( * ) SI_UNIT ( .MILLI., .METRE. ) );
#7332 = LINE ( 'NONE', #8935, #4521 ) ;
#7333 = FACE_OUTER_BOUND ( 'NONE', #2499, .T. ) ;
#7334 = VERTEX_POINT ( 'NONE', #7529 ) ;
#7335 = CARTESIAN_POINT ( 'NONE',  ( -5.515000000000000568, 0.07499999999999984457, -2.199999999999999734 ) ) ;
#7336 = CARTESIAN_POINT ( 'NONE',  ( -0.1914275214332228636, -0.1677174272731885296, 0.3009999999999999898 ) ) ;
#7337 = SURFACE_STYLE_USAGE ( .BOTH. , #1946 ) ;
#7338 = ORIENTED_EDGE ( 'NONE', *, *, #1785, .F. ) ;
#7339 = VECTOR ( 'NONE', #8873, 1000.000000000000000 ) ;
#7340 =( NAMED_UNIT ( * ) SI_UNIT ( $, .STERADIAN. ) SOLID_ANGLE_UNIT ( ) );
#7341 = ORIENTED_EDGE ( 'NONE', *, *, #10058, .F. ) ;
#7342 =( NAMED_UNIT ( * ) SI_UNIT ( $, .STERADIAN. ) SOLID_ANGLE_UNIT ( ) );
#7343 = ADVANCED_FACE ( 'NONE', ( #5694 ), #1334, .F. ) ;
#7344 = AXIS2_PLACEMENT_3D ( 'NONE', #4827, #6430, #4900 ) ;
#7345 = ORIENTED_EDGE ( 'NONE', *, *, #3997, .T. ) ;
#7346 = SURFACE_SIDE_STYLE ('',( #5158 ) ) ;
#7347 = EDGE_CURVE ( 'NONE', #5664, #6946, #3688, .T. ) ;
#7348 = CARTESIAN_POINT ( 'NONE',  ( 0.5293041858838503089, -0.4347905980048958341, 0.2999999999999999889 ) ) ;
#7349 = VECTOR ( 'NONE', #9476, 1000.000000000000000 ) ;
#7350 = FILL_AREA_STYLE_COLOUR ( '', #6797 ) ;
#7351 = PRESENTATION_LAYER_ASSIGNMENT (  '', '', ( #6646 ) ) ;
#7352 = EDGE_LOOP ( 'NONE', ( #3341, #8751, #1111, #221 ) ) ;
#7353 = VERTEX_POINT ( 'NONE', #6816 ) ;
#7354 = CARTESIAN_POINT ( 'NONE',  ( 5.314999999999999503, 0.4000000000000000222, 4.199999999999999289 ) ) ;
#7355 = UNCERTAINTY_MEASURE_WITH_UNIT (LENGTH_MEASURE( 1.000000000000000082E-05 ), #5356, 'distance_accuracy_value', 'NONE');
#7356 = CARTESIAN_POINT ( 'NONE',  ( 0.6350000000000001199, -0.07500000000000012212, -2.399999999999999911 ) ) ;
#7357 = CARTESIAN_POINT ( 'NONE',  ( 0.1974634846643381070, -0.1311320614195299883, 0.3009999999999999898 ) ) ;
#7358 = DIRECTION ( 'NONE',  ( -0.000000000000000000, -0.000000000000000000, 1.000000000000000000 ) ) ;
#7359 = VERTEX_POINT ( 'NONE', #5196 ) ;
#7360 = EDGE_CURVE ( 'NONE', #9540, #1735, #10269, .T. ) ;
#7361 = STYLED_ITEM ( 'NONE', ( #1891 ), #6122 ) ;
#7362 = LINE ( 'NONE', #7348, #9232 ) ;
#7363 = CARTESIAN_POINT ( 'NONE',  ( -0.3676825620835854624, -0.3702002513604397693, 0.3009999999999999343 ) ) ;
#7364 =( LENGTH_UNIT ( ) NAMED_UNIT ( * ) SI_UNIT ( .MILLI., .METRE. ) );
#7365 = ORIENTED_EDGE ( 'NONE', *, *, #1437, .F. ) ;
#7366 = VECTOR ( 'NONE', #9244, 1000.000000000000000 ) ;
#7367 = FILL_AREA_STYLE_COLOUR ( '', #2908 ) ;
#7368 = CARTESIAN_POINT ( 'NONE',  ( -5.315000000000001279, -0.4000000000000000222, 1.300000000000000044 ) ) ;
#7369 = MECHANICAL_DESIGN_GEOMETRIC_PRESENTATION_REPRESENTATION (  '', ( #7759 ), #5096 ) ;
#7370 = PRESENTATION_LAYER_ASSIGNMENT (  '', '', ( #1916 ) ) ;
#7371 = DIRECTION ( 'NONE',  ( 0.000000000000000000, -0.7071067811865477948, 0.7071067811865473507 ) ) ;
#7372 = ORIENTED_EDGE ( 'NONE', *, *, #3936, .F. ) ;
#7373 = SURFACE_STYLE_USAGE ( .BOTH. , #3440 ) ;
#7374 = CARTESIAN_POINT ( 'NONE',  ( -6.464999999999997193, 0.5000000000000000000, 0.000000000000000000 ) ) ;
#7375 = VECTOR ( 'NONE', #7986, 1000.000000000000000 ) ;
#7376 = CARTESIAN_POINT ( 'NONE',  ( -0.2521626210712072935, -0.1351543152041297935, 0.3009999999999999898 ) ) ;
#7377 = COLOUR_RGB ( '',1.000000000000000000, 1.000000000000000000, 1.000000000000000000 ) ;
#7378 = EDGE_LOOP ( 'NONE', ( #7454, #8069, #50, #10107 ) ) ;
#7379 = CARTESIAN_POINT ( 'NONE',  ( 0.2977926420137664287, -0.2259458659165182737, 0.3009999999999999898 ) ) ;
#7380 = EDGE_CURVE ( 'NONE', #6495, #308, #9380, .T. ) ;
#7381 = FILL_AREA_STYLE ('',( #2714 ) ) ;
#7382 = DIRECTION ( 'NONE',  ( -0.3390537954853693470, -0.9407669869669987861, 0.000000000000000000 ) ) ;
#7383 =( NAMED_UNIT ( * ) SI_UNIT ( $, .STERADIAN. ) SOLID_ANGLE_UNIT ( ) );
#7384 = EDGE_CURVE ( 'NONE', #1029, #1908, #1259, .T. ) ;
#7385 = VERTEX_POINT ( 'NONE', #8549 ) ;
#7386 = LINE ( 'NONE', #6887, #6782 ) ;
#7387 = STYLED_ITEM ( 'NONE', ( #4043 ), #4472 ) ;
#7388 = STYLED_ITEM ( 'NONE', ( #8386 ), #1310 ) ;
#7389 = ORIENTED_EDGE ( 'NONE', *, *, #7754, .F. ) ;
#7390 = DIRECTION ( 'NONE',  ( 1.000000000000000000, 0.000000000000000000, 0.000000000000000000 ) ) ;
#7391 = CARTESIAN_POINT ( 'NONE',  ( 0.8349999999999998535, 0.07499999999999984457, -5.227200187265875542 ) ) ;
#7392 = FILL_AREA_STYLE_COLOUR ( '', #9494 ) ;
#7393 =( NAMED_UNIT ( * ) PLANE_ANGLE_UNIT ( ) SI_UNIT ( $, .RADIAN. ) );
#7394 =( LENGTH_UNIT ( ) NAMED_UNIT ( * ) SI_UNIT ( .MILLI., .METRE. ) );
#7395 = ADVANCED_FACE ( 'NONE', ( #7755 ), #4620, .T. ) ;
#7396 = DIRECTION ( 'NONE',  ( 0.000000000000000000, -1.000000000000000000, 0.000000000000000000 ) ) ;
#7397 = SURFACE_STYLE_FILL_AREA ( #4757 ) ;
#7398 = DIRECTION ( 'NONE',  ( 1.016439536705160037E-16, 1.000000000000000000, 0.000000000000000000 ) ) ;
#7399 = EDGE_LOOP ( 'NONE', ( #8139, #1830, #3871, #10099 ) ) ;
#7400 = PRESENTATION_LAYER_ASSIGNMENT (  '', '', ( #6884 ) ) ;
#7401 = CARTESIAN_POINT ( 'NONE',  ( 2.774999999999999023, -0.4000000000000000222, 4.199999999999999289 ) ) ;
#7402 =( NAMED_UNIT ( * ) SI_UNIT ( $, .STERADIAN. ) SOLID_ANGLE_UNIT ( ) );
#7403 = STYLED_ITEM ( 'NONE', ( #6417 ), #6743 ) ;
#7404 =( NAMED_UNIT ( * ) SI_UNIT ( $, .STERADIAN. ) SOLID_ANGLE_UNIT ( ) );
#7405 = ORIENTED_EDGE ( 'NONE', *, *, #6894, .T. ) ;
#7406 = EDGE_CURVE ( 'NONE', #6017, #4176, #9887, .T. ) ;
#7407 = DIRECTION ( 'NONE',  ( -0.5773502691896258421, 0.5773502691896255090, 0.5773502691896258421 ) ) ;
#7408 = CARTESIAN_POINT ( 'NONE',  ( 3.574999999999999289, 0.4000000000000000222, 4.199999999999999289 ) ) ;
#7409 = EDGE_LOOP ( 'NONE', ( #1856, #2193, #6350, #4246 ) ) ;
#7410 =( NAMED_UNIT ( * ) PLANE_ANGLE_UNIT ( ) SI_UNIT ( $, .RADIAN. ) );
#7411 = DIRECTION ( 'NONE',  ( -1.000000000000000000, 1.016439536705160037E-16, -0.000000000000000000 ) ) ;
#7412 = UNCERTAINTY_MEASURE_WITH_UNIT (LENGTH_MEASURE( 1.000000000000000082E-05 ), #8506, 'distance_accuracy_value', 'NONE');
#7413 = VECTOR ( 'NONE', #3585, 1000.000000000000000 ) ;
#7414 = PRESENTATION_STYLE_ASSIGNMENT (( #3557 ) ) ;
#7415 = SURFACE_SIDE_STYLE ('',( #10116 ) ) ;
#7416 = FILL_AREA_STYLE ('',( #7350 ) ) ;
#7417 = EDGE_CURVE ( 'NONE', #8740, #8615, #7386, .T. ) ;
#7418 = AXIS2_PLACEMENT_3D ( 'NONE', #2762, #2993, #7089 ) ;
#7419 = ORIENTED_EDGE ( 'NONE', *, *, #4130, .T. ) ;
#7420 =( NAMED_UNIT ( * ) SI_UNIT ( $, .STERADIAN. ) SOLID_ANGLE_UNIT ( ) );
#7421 = EDGE_CURVE ( 'NONE', #321, #6696, #10017, .T. ) ;
#7422 = CARTESIAN_POINT ( 'NONE',  ( 1.504999999999998561, -0.4000000000000000222, 4.199999999999999289 ) ) ;
#7423 = DIRECTION ( 'NONE',  ( 1.000000000000000000, 0.000000000000000000, 0.000000000000000000 ) ) ;
#7424 = ORIENTED_EDGE ( 'NONE', *, *, #6321, .F. ) ;
#7425 = AXIS2_PLACEMENT_3D ( 'NONE', #8659, #3869, #800 ) ;
#7426 = CARTESIAN_POINT ( 'NONE',  ( -0.3754906799826842057, -0.3574896782534518480, 0.2999999999999999889 ) ) ;
#7427 = VECTOR ( 'NONE', #2100, 1000.000000000000114 ) ;
#7428 = DIRECTION ( 'NONE',  ( 1.000000000000000000, -1.355252715606880049E-16, 0.000000000000000000 ) ) ;
#7429 = EDGE_LOOP ( 'NONE', ( #3723, #9353, #9152, #843 ) ) ;
#7430 = CARTESIAN_POINT ( 'NONE',  ( 0.4890602834448259384, -0.1347905980048958452, 0.3009999999999999898 ) ) ;
#7431 = FILL_AREA_STYLE_COLOUR ( '', #3833 ) ;
#7432 = VECTOR ( 'NONE', #8739, 1000.000000000000000 ) ;
#7433 = EDGE_CURVE ( 'NONE', #5060, #4779, #4080, .T. ) ;
#7434 =( NAMED_UNIT ( * ) SI_UNIT ( $, .STERADIAN. ) SOLID_ANGLE_UNIT ( ) );
#7435 = CARTESIAN_POINT ( 'NONE',  ( -0.3585439795194402812, -0.1846119106308493629, 0.3010000000000001008 ) ) ;
#7436 = EDGE_LOOP ( 'NONE', ( #5116, #1960, #4503, #8738, #8714 ) ) ;
#7437 = DIRECTION ( 'NONE',  ( 0.9417224702971438433, 0.3363908276654480889, -0.000000000000000000 ) ) ;
#7438 = AXIS2_PLACEMENT_3D ( 'NONE', #2092, #4413, #410 ) ;
#7439 = LINE ( 'NONE', #5619, #8175 ) ;
#7440 = STYLED_ITEM ( 'NONE', ( #2542 ), #8597 ) ;
#7441 = MECHANICAL_DESIGN_GEOMETRIC_PRESENTATION_REPRESENTATION (  '', ( #10135 ), #3757 ) ;
#7442 = SURFACE_SIDE_STYLE ('',( #1420 ) ) ;
#7443 = PRESENTATION_STYLE_ASSIGNMENT (( #8892 ) ) ;
#7444 = CARTESIAN_POINT ( 'NONE',  ( 0.2785782059140887168, -0.1974710675561460738, 0.2999999999999998779 ) ) ;
#7445 =( LENGTH_UNIT ( ) NAMED_UNIT ( * ) SI_UNIT ( .MILLI., .METRE. ) );
#7446 = ADVANCED_FACE ( 'NONE', ( #7867 ), #5198, .T. ) ;
#7447 =( LENGTH_UNIT ( ) NAMED_UNIT ( * ) SI_UNIT ( .MILLI., .METRE. ) );
#7448 = ORIENTED_EDGE ( 'NONE', *, *, #2274, .T. ) ;
#7449 = SURFACE_STYLE_USAGE ( .BOTH. , #9724 ) ;
#7450 = EDGE_LOOP ( 'NONE', ( #1358, #7419, #2419, #3051 ) ) ;
#7451 = AXIS2_PLACEMENT_3D ( 'NONE', #4398, #2780, #3663 ) ;
#7452 = CARTESIAN_POINT ( 'NONE',  ( 4.044999999999999041, 0.4000000000000000222, 1.300000000000000044 ) ) ;
#7453 = CARTESIAN_POINT ( 'NONE',  ( -0.07801288728688136886, -0.2994247443463592395, 0.2999999999999999889 ) ) ;
#7454 = ORIENTED_EDGE ( 'NONE', *, *, #635, .T. ) ;
#7455 = CARTESIAN_POINT ( 'NONE',  ( -0.3585743969518460639, -0.3820882088897392115, 0.2999999999999999889 ) ) ;
#7457 = STYLED_ITEM ( 'NONE', ( #8228 ), #2082 ) ;
#7456 = COLOUR_RGB ( '',0.5019607843137254832, 0.5019607843137254832, 0.5019607843137254832 ) ;
#7458 = CARTESIAN_POINT ( 'NONE',  ( 0.3395090299458307648, -0.2256997840283368195, 0.3010000000000001008 ) ) ;
#7459 = COLOUR_RGB ( '',1.000000000000000000, 1.000000000000000000, 1.000000000000000000 ) ;
#7460 = EDGE_LOOP ( 'NONE', ( #3143, #665, #4726, #8234 ) ) ;
#7461 = FILL_AREA_STYLE ('',( #9950 ) ) ;
#7462 = ORIENTED_EDGE ( 'NONE', *, *, #7250, .F. ) ;
#7463 = FILL_AREA_STYLE ('',( #8251 ) ) ;
#7464 = SURFACE_SIDE_STYLE ('',( #5395 ) ) ;
#7465 = DIRECTION ( 'NONE',  ( -0.000000000000000000, 0.000000000000000000, 1.000000000000000000 ) ) ;
#7466 = PRESENTATION_STYLE_ASSIGNMENT (( #10123 ) ) ;
#7467 = CARTESIAN_POINT ( 'NONE',  ( 7.620000000000000107, 0.000000000000000000, 1.300000000000000044 ) ) ;
#7468 = MECHANICAL_DESIGN_GEOMETRIC_PRESENTATION_REPRESENTATION (  '', ( #2891 ), #6244 ) ;
#7469 = VECTOR ( 'NONE', #8455, 1000.000000000000000 ) ;
#7470 = FILL_AREA_STYLE ('',( #212 ) ) ;
#7471 = ORIENTED_EDGE ( 'NONE', *, *, #3199, .T. ) ;
#7472 = CARTESIAN_POINT ( 'NONE',  ( -0.3925272832602125228, -0.2755796421799420193, 0.3009999999999999898 ) ) ;
#7473 = ORIENTED_EDGE ( 'NONE', *, *, #302, .T. ) ;
#7474 =( NAMED_UNIT ( * ) PLANE_ANGLE_UNIT ( ) SI_UNIT ( $, .RADIAN. ) );
#7475 = ORIENTED_EDGE ( 'NONE', *, *, #4762, .F. ) ;
#7476 = LINE ( 'NONE', #478, #5774 ) ;
#7477 = DIRECTION ( 'NONE',  ( 1.000000000000000000, 0.000000000000000000, 0.000000000000000000 ) ) ;
#7478 = CARTESIAN_POINT ( 'NONE',  ( 0.2523681174474764477, -0.1769598584739172087, 0.3000000000000000999 ) ) ;
#7479 = FILL_AREA_STYLE ('',( #9156 ) ) ;
#7480 = EDGE_CURVE ( 'NONE', #9654, #3056, #3828, .T. ) ;
#7481 = LINE ( 'NONE', #3431, #8215 ) ;
#7482 = STYLED_ITEM ( 'NONE', ( #1831 ), #4948 ) ;
#7483 = ORIENTED_EDGE ( 'NONE', *, *, #4091, .F. ) ;
#7484 = LINE ( 'NONE', #5094, #717 ) ;
#7485 = EDGE_CURVE ( 'NONE', #1223, #9540, #4320, .T. ) ;
#7486 = CARTESIAN_POINT ( 'NONE',  ( -0.5424716498316771718, -0.1910451858223793931, 0.3009999999999999343 ) ) ;
#7487 = UNCERTAINTY_MEASURE_WITH_UNIT (LENGTH_MEASURE( 1.000000000000000082E-05 ), #9062, 'distance_accuracy_value', 'NONE');
#7488 =( NAMED_UNIT ( * ) PLANE_ANGLE_UNIT ( ) SI_UNIT ( $, .RADIAN. ) );
#7489 = ORIENTED_EDGE ( 'NONE', *, *, #6379, .T. ) ;
#7490 = PRESENTATION_LAYER_ASSIGNMENT (  '', '', ( #3459 ) ) ;
#7491 = VECTOR ( 'NONE', #6494, 1000.000000000000000 ) ;
#7492 = DIRECTION ( 'NONE',  ( 1.355252715606880296E-16, 1.000000000000000000, 0.000000000000000000 ) ) ;
#7493 = EDGE_LOOP ( 'NONE', ( #7512, #1083, #9116, #6969 ) ) ;
#7494 = CARTESIAN_POINT ( 'NONE',  ( -2.775000000000000355, 0.4000000000000000222, 1.300000000000000044 ) ) ;
#7495 = FACE_BOUND ( 'NONE', #9085, .T. ) ;
#7496 = CARTESIAN_POINT ( 'NONE',  ( 0.02808467368872833575, -0.4018637687366031774, 0.3009999999999999898 ) ) ;
#7497 = CARTESIAN_POINT ( 'NONE',  ( 6.464999999999998970, -0.5000000000000000000, 0.2999999999999999889 ) ) ;
#7498 = SURFACE_STYLE_USAGE ( .BOTH. , #9028 ) ;
#7499 =( NAMED_UNIT ( * ) PLANE_ANGLE_UNIT ( ) SI_UNIT ( $, .RADIAN. ) );
#7500 = PLANE ( 'NONE',  #652 ) ;
#7501 = ADVANCED_FACE ( 'NONE', ( #2462 ), #991, .T. ) ;
#7502 = CARTESIAN_POINT ( 'NONE',  ( -4.445000000000000284, -0.07500000000000012212, -2.199999999999999734 ) ) ;
#7503 = DIRECTION ( 'NONE',  ( -0.000000000000000000, 0.000000000000000000, 1.000000000000000000 ) ) ;
#7504 = ORIENTED_EDGE ( 'NONE', *, *, #1316, .F. ) ;
#7505 = DIRECTION ( 'NONE',  ( -0.000000000000000000, -1.000000000000000000, -0.000000000000000000 ) ) ;
#7506 = LINE ( 'NONE', #2552, #5324 ) ;
#7507 = AXIS2_PLACEMENT_3D ( 'NONE', #8165, #9864, #5862 ) ;
#7508 = CARTESIAN_POINT ( 'NONE',  ( -0.3119694418486022580, -0.1895314762674392972, 0.3010000000000000453 ) ) ;
#7509 = LINE ( 'NONE', #965, #3316 ) ;
#7510 = CARTESIAN_POINT ( 'NONE',  ( 4.844999999999999751, 0.4000000000000000222, 1.300000000000000044 ) ) ;
#7511 = CARTESIAN_POINT ( 'NONE',  ( -0.2358444421649301403, -0.1347905980048958452, 0.2999999999999999889 ) ) ;
#7512 = ORIENTED_EDGE ( 'NONE', *, *, #4672, .F. ) ;
#7513 = CARTESIAN_POINT ( 'NONE',  ( -0.3506771541010589299, -0.3085250457180861994, 0.3009999999999999898 ) ) ;
#7514 = CIRCLE ( 'NONE', #6082, 0.2000000000000000944 ) ;
#7515 =( NAMED_UNIT ( * ) PLANE_ANGLE_UNIT ( ) SI_UNIT ( $, .RADIAN. ) );
#7516 = EDGE_CURVE ( 'NONE', #1029, #3258, #616, .T. ) ;
#7517 = DIRECTION ( 'NONE',  ( 1.000000000000000000, -1.355252715606880049E-16, 0.000000000000000000 ) ) ;
#7518 = MECHANICAL_DESIGN_GEOMETRIC_PRESENTATION_REPRESENTATION (  '', ( #6676 ), #332 ) ;
#7519 = SURFACE_STYLE_USAGE ( .BOTH. , #5186 ) ;
#7520 =( GEOMETRIC_REPRESENTATION_CONTEXT ( 3 ) GLOBAL_UNCERTAINTY_ASSIGNED_CONTEXT ( ( #4858 ) ) GLOBAL_UNIT_ASSIGNED_CONTEXT ( ( #4069, #8821, #9629 ) ) REPRESENTATION_CONTEXT ( 'NONE', 'WORKASPACE' ) );
#7521 = ADVANCED_FACE ( 'NONE', ( #2213 ), #9444, .T. ) ;
#7522 = LINE ( 'NONE', #8800, #1634 ) ;
#7523 = VECTOR ( 'NONE', #4943, 1000.000000000000000 ) ;
#7524 = CARTESIAN_POINT ( 'NONE',  ( -0.3241415857268352685, -0.4114263889927195494, 0.3010000000000001008 ) ) ;
#7525 = FILL_AREA_STYLE_COLOUR ( '', #5336 ) ;
#7526 =( LENGTH_UNIT ( ) NAMED_UNIT ( * ) SI_UNIT ( .MILLI., .METRE. ) );
#7527 = VECTOR ( 'NONE', #6781, 1000.000000000000000 ) ;
#7528 = ORIENTED_EDGE ( 'NONE', *, *, #5579, .F. ) ;
#7529 = CARTESIAN_POINT ( 'NONE',  ( -1.705000000000000737, 0.07499999999999984457, -2.199999999999999734 ) ) ;
#7530 = FACE_OUTER_BOUND ( 'NONE', #6050, .T. ) ;
#7531 = AXIS2_PLACEMENT_3D ( 'NONE', #4952, #2596, #8903 ) ;
#7532 = CARTESIAN_POINT ( 'NONE',  ( 0.02808467368872833575, -0.1677174272731885296, 0.3009999999999999898 ) ) ;
#7533 = CARTESIAN_POINT ( 'NONE',  ( 6.464999999999998970, 0.5000000000000000000, 0.000000000000000000 ) ) ;
#7534 = PRESENTATION_STYLE_ASSIGNMENT (( #6346 ) ) ;
#7535 = CARTESIAN_POINT ( 'NONE',  ( -0.3866549977159111084, -0.2347797041929234885, 0.3009999999999998788 ) ) ;
#7536 = COLOUR_RGB ( '',1.000000000000000000, 1.000000000000000000, 1.000000000000000000 ) ;
#7537 = SURFACE_SIDE_STYLE ('',( #3603 ) ) ;
#7538 = SURFACE_STYLE_USAGE ( .BOTH. , #1373 ) ;
#7539 = ORIENTED_EDGE ( 'NONE', *, *, #2355, .T. ) ;
#7540 = SURFACE_SIDE_STYLE ('',( #58 ) ) ;
#7541 = AXIS2_PLACEMENT_3D ( 'NONE', #2960, #5970, #9165 ) ;
#7542 = LINE ( 'NONE', #4067, #7787 ) ;
#7543 = CARTESIAN_POINT ( 'NONE',  ( -2.105000000000000870, 0.07499999999999990008, -2.199999999999999734 ) ) ;
#7544 = UNCERTAINTY_MEASURE_WITH_UNIT (LENGTH_MEASURE( 1.000000000000000082E-05 ), #8814, 'distance_accuracy_value', 'NONE');
#7545 = PRESENTATION_STYLE_ASSIGNMENT (( #6149 ) ) ;
#7546 = EDGE_CURVE ( 'NONE', #6338, #8585, #7744, .T. ) ;
#7547 = DIRECTION ( 'NONE',  ( -0.000000000000000000, 0.000000000000000000, 1.000000000000000000 ) ) ;
#7548 = ADVANCED_FACE ( 'NONE', ( #9366 ), #7059, .T. ) ;
#7549 = ORIENTED_EDGE ( 'NONE', *, *, #3895, .F. ) ;
#7550 = COLOUR_RGB ( '',0.5019607843137254832, 0.5019607843137254832, 0.5019607843137254832 ) ;
#7551 =( NAMED_UNIT ( * ) SI_UNIT ( $, .STERADIAN. ) SOLID_ANGLE_UNIT ( ) );
#7552 = PRESENTATION_STYLE_ASSIGNMENT (( #1750 ) ) ;
#7553 = EDGE_CURVE ( 'NONE', #4768, #3787, #2837, .T. ) ;
#7554 = PRESENTATION_LAYER_ASSIGNMENT (  '', '', ( #7361 ) ) ;
#7555 = CARTESIAN_POINT ( 'NONE',  ( -0.5468200519210277832, -0.1713759638585543588, 0.3009999999999999898 ) ) ;
#7556 = ORIENTED_EDGE ( 'NONE', *, *, #8144, .F. ) ;
#7557 = SURFACE_STYLE_USAGE ( .BOTH. , #9167 ) ;
#7558 = DIRECTION ( 'NONE',  ( 1.000000000000000000, 0.000000000000000000, 0.000000000000000000 ) ) ;
#7559 = CARTESIAN_POINT ( 'NONE',  ( 0.2349999999999990985, 0.4000000000000000222, 4.199999999999999289 ) ) ;
#7560 = CARTESIAN_POINT ( 'NONE',  ( -0.3345026939452301340, -0.2123569930533761863, 0.2999999999999998779 ) ) ;
#7561 = CARTESIAN_POINT ( 'NONE',  ( 6.350000000000000533, 0.000000000000000000, 1.300000000000000044 ) ) ;
#7562 =( GEOMETRIC_REPRESENTATION_CONTEXT ( 3 ) GLOBAL_UNCERTAINTY_ASSIGNED_CONTEXT ( ( #2006 ) ) GLOBAL_UNIT_ASSIGNED_CONTEXT ( ( #2267, #6314, #7777 ) ) REPRESENTATION_CONTEXT ( 'NONE', 'WORKASPACE' ) );
#7563 =( GEOMETRIC_REPRESENTATION_CONTEXT ( 3 ) GLOBAL_UNCERTAINTY_ASSIGNED_CONTEXT ( ( #5313 ) ) GLOBAL_UNIT_ASSIGNED_CONTEXT ( ( #2160, #2902, #8394 ) ) REPRESENTATION_CONTEXT ( 'NONE', 'WORKASPACE' ) );
#7564 = DIRECTION ( 'NONE',  ( -1.000000000000000000, 0.000000000000000000, 0.000000000000000000 ) ) ;
#7565 =( LENGTH_UNIT ( ) NAMED_UNIT ( * ) SI_UNIT ( .MILLI., .METRE. ) );
#7566 = VERTEX_POINT ( 'NONE', #863 ) ;
#7567 = CARTESIAN_POINT ( 'NONE',  ( 1.135000000000000675, -0.5000000000000011102, 4.299999999999999822 ) ) ;
#7568 = ORIENTED_EDGE ( 'NONE', *, *, #5011, .F. ) ;
#7569 = EDGE_CURVE ( 'NONE', #8703, #578, #10138, .T. ) ;
#7570 = FACE_BOUND ( 'NONE', #3687, .T. ) ;
#7571 = DIRECTION ( 'NONE',  ( -1.000000000000000000, 0.000000000000000000, 0.000000000000000000 ) ) ;
#7573 = ADVANCED_FACE ( 'NONE', ( #9000 ), #3857, .F. ) ;
#7572 =( LENGTH_UNIT ( ) NAMED_UNIT ( * ) SI_UNIT ( .MILLI., .METRE. ) );
#7574 = DIRECTION ( 'NONE',  ( -0.000000000000000000, -0.000000000000000000, -1.000000000000000000 ) ) ;
#7575 = DIRECTION ( 'NONE',  ( -0.000000000000000000, -0.000000000000000000, -1.000000000000000000 ) ) ;
#7576 = EDGE_CURVE ( 'NONE', #3425, #2551, #3423, .T. ) ;
#7577 =( LENGTH_UNIT ( ) NAMED_UNIT ( * ) SI_UNIT ( .MILLI., .METRE. ) );
#7578 = ORIENTED_EDGE ( 'NONE', *, *, #1044, .F. ) ;
#7579 = AXIS2_PLACEMENT_3D ( 'NONE', #1641, #7161, #4880 ) ;
#7580 = STYLED_ITEM ( 'NONE', ( #2037 ), #8550 ) ;
#7581 = PRESENTATION_LAYER_ASSIGNMENT (  '', '', ( #10135 ) ) ;
#7582 = DIRECTION ( 'NONE',  ( 0.000000000000000000, 1.000000000000000000, 0.000000000000000000 ) ) ;
#7583 = FACE_OUTER_BOUND ( 'NONE', #236, .T. ) ;
#7584 =( NAMED_UNIT ( * ) SI_UNIT ( $, .STERADIAN. ) SOLID_ANGLE_UNIT ( ) );
#7585 = LINE ( 'NONE', #4945, #698 ) ;
#7586 = ORIENTED_EDGE ( 'NONE', *, *, #7918, .F. ) ;
#7587 = CARTESIAN_POINT ( 'NONE',  ( -0.2350000000000008193, 0.4000000000000000222, 1.300000000000000044 ) ) ;
#7588 = VERTEX_POINT ( 'NONE', #6459 ) ;
#7589 = LINE ( 'NONE', #8668, #5892 ) ;
#7590 = EDGE_LOOP ( 'NONE', ( #2088, #4776, #4137, #6258 ) ) ;
#7591 = VERTEX_POINT ( 'NONE', #5599 ) ;
#7592 = CARTESIAN_POINT ( 'NONE',  ( -6.464999999999997193, -0.5000000000000000000, 0.2999999999999999889 ) ) ;
#7593 = DIRECTION ( 'NONE',  ( 0.000000000000000000, 1.000000000000000000, 0.000000000000000000 ) ) ;
#7594 = CARTESIAN_POINT ( 'NONE',  ( 2.304999999999998828, 0.4000000000000000222, 4.199999999999999289 ) ) ;
#7595 = PRESENTATION_LAYER_ASSIGNMENT (  '', '', ( #7080 ) ) ;
#7596 = DIRECTION ( 'NONE',  ( 0.5773502691896258421, 0.5773502691896255090, 0.5773502691896258421 ) ) ;
#7597 = CARTESIAN_POINT ( 'NONE',  ( -0.2932832896549359414, -0.1787244531167642148, 0.3009999999999998788 ) ) ;
#7598 = DIRECTION ( 'NONE',  ( 0.000000000000000000, -1.000000000000000000, 0.000000000000000000 ) ) ;
#7599 = ORIENTED_EDGE ( 'NONE', *, *, #9655, .T. ) ;
#7600 = LINE ( 'NONE', #7023, #7349 ) ;
#7601 = SURFACE_STYLE_USAGE ( .BOTH. , #684 ) ;
#7602 = ORIENTED_EDGE ( 'NONE', *, *, #8128, .F. ) ;
#7603 = SURFACE_SIDE_STYLE ('',( #6273 ) ) ;
#7604 = UNCERTAINTY_MEASURE_WITH_UNIT (LENGTH_MEASURE( 1.000000000000000082E-05 ), #7982, 'distance_accuracy_value', 'NONE');
#7605 = FACE_BOUND ( 'NONE', #10127, .T. ) ;
#7606 = CARTESIAN_POINT ( 'NONE',  ( -0.1914275214332228636, -0.1677174272731885296, 0.3000000000000000444 ) ) ;
#7607 = AXIS2_PLACEMENT_3D ( 'NONE', #6313, #3831, #6249 ) ;
#7608 = ORIENTED_EDGE ( 'NONE', *, *, #7316, .F. ) ;
#7609 = CARTESIAN_POINT ( 'NONE',  ( 3.810000000000000053, 0.000000000000000000, 1.300000000000000044 ) ) ;
#7610 = VECTOR ( 'NONE', #1828, 1000.000000000000114 ) ;
#7611 = FILL_AREA_STYLE ('',( #7646 ) ) ;
#7612 = VERTEX_POINT ( 'NONE', #7257 ) ;
#7613 = LINE ( 'NONE', #4881, #5674 ) ;
#7614 = EDGE_LOOP ( 'NONE', ( #2928, #9862, #10224, #8994, #7327 ) ) ;
#7615 = COLOUR_RGB ( '',1.000000000000000000, 1.000000000000000000, 1.000000000000000000 ) ;
#7616 = UNCERTAINTY_MEASURE_WITH_UNIT (LENGTH_MEASURE( 1.000000000000000082E-05 ), #5704, 'distance_accuracy_value', 'NONE');
#7617 = DIRECTION ( 'NONE',  ( 0.000000000000000000, -0.000000000000000000, 1.000000000000000000 ) ) ;
#7618 = ORIENTED_EDGE ( 'NONE', *, *, #6506, .F. ) ;
#7619 = EDGE_CURVE ( 'NONE', #4117, #8210, #607, .T. ) ;
#7620 =( GEOMETRIC_REPRESENTATION_CONTEXT ( 3 ) GLOBAL_UNCERTAINTY_ASSIGNED_CONTEXT ( ( #5512 ) ) GLOBAL_UNIT_ASSIGNED_CONTEXT ( ( #9936, #4370, #3560 ) ) REPRESENTATION_CONTEXT ( 'NONE', 'WORKASPACE' ) );
#7621 = COLOUR_RGB ( '',0.5019607843137254832, 0.5019607843137254832, 0.5019607843137254832 ) ;
#7622 = ORIENTED_EDGE ( 'NONE', *, *, #8272, .T. ) ;
#7623 = EDGE_CURVE ( 'NONE', #306, #8332, #7246, .T. ) ;
#7624 = LINE ( 'NONE', #7422, #861 ) ;
#7625 = AXIS2_PLACEMENT_3D ( 'NONE', #5683, #811, #3277 ) ;
#7626 = ADVANCED_FACE ( 'NONE', ( #2202 ), #7919, .F. ) ;
#7627 = EDGE_LOOP ( 'NONE', ( #1360, #4307, #7831, #7213 ) ) ;
#7628 = DIRECTION ( 'NONE',  ( -1.000000000000000000, 1.016439536705160037E-16, -0.000000000000000000 ) ) ;
#7629 = SURFACE_SIDE_STYLE ('',( #3012 ) ) ;
#7630 = CARTESIAN_POINT ( 'NONE',  ( 0.2537555116595443527, -0.4330055285684181188, 0.3000000000000000999 ) ) ;
#7631 = CARTESIAN_POINT ( 'NONE',  ( 1.034999999999999476, -0.4000000000000000222, 4.199999999999999289 ) ) ;
#7632 = DIRECTION ( 'NONE',  ( 0.000000000000000000, 0.000000000000000000, -1.000000000000000000 ) ) ;
#7633 = DIRECTION ( 'NONE',  ( -0.000000000000000000, 0.000000000000000000, -1.000000000000000000 ) ) ;
#7634 = EDGE_CURVE ( 'NONE', #5551, #2204, #1367, .T. ) ;
#7635 = PRESENTATION_STYLE_ASSIGNMENT (( #6298 ) ) ;
#7636 = FILL_AREA_STYLE_COLOUR ( '', #6039 ) ;
#7637 =( NAMED_UNIT ( * ) SI_UNIT ( $, .STERADIAN. ) SOLID_ANGLE_UNIT ( ) );
#7638 = VECTOR ( 'NONE', #8044, 1000.000000000000000 ) ;
#7639 = STYLED_ITEM ( 'NONE', ( #8770 ), #4317 ) ;
#7640 = AXIS2_PLACEMENT_3D ( 'NONE', #6677, #1961, #5149 ) ;
#7641 = DIRECTION ( 'NONE',  ( -0.000000000000000000, 0.000000000000000000, 1.000000000000000000 ) ) ;
#7642 = MECHANICAL_DESIGN_GEOMETRIC_PRESENTATION_REPRESENTATION (  '', ( #8307 ), #9047 ) ;
#7643 =( NAMED_UNIT ( * ) SI_UNIT ( $, .STERADIAN. ) SOLID_ANGLE_UNIT ( ) );
#7644 = LINE ( 'NONE', #4321, #4833 ) ;
#7645 = FILL_AREA_STYLE ('',( #9960 ) ) ;
#7646 = FILL_AREA_STYLE_COLOUR ( '', #1330 ) ;
#7647 = DIRECTION ( 'NONE',  ( 1.355252715606880296E-16, 1.000000000000000000, 0.000000000000000000 ) ) ;
#7648 = ORIENTED_EDGE ( 'NONE', *, *, #6604, .T. ) ;
#7649 = PRESENTATION_STYLE_ASSIGNMENT (( #8463 ) ) ;
#7650 = CARTESIAN_POINT ( 'NONE',  ( 2.304999999999998828, -0.4000000000000000222, 4.199999999999999289 ) ) ;
#7651 = CARTESIAN_POINT ( 'NONE',  ( 0.1296228605322573280, -0.3878682545022095196, 0.3009999999999999898 ) ) ;
#7652 = EDGE_CURVE ( 'NONE', #1327, #9041, #6399, .T. ) ;
#7653 = FACE_OUTER_BOUND ( 'NONE', #2182, .T. ) ;
#7654 = VECTOR ( 'NONE', #1150, 1000.000000000000000 ) ;
#7655 = MECHANICAL_DESIGN_GEOMETRIC_PRESENTATION_REPRESENTATION (  '', ( #5707 ), #3052 ) ;
#7656 = SURFACE_STYLE_USAGE ( .BOTH. , #7756 ) ;
#7657 = MECHANICAL_DESIGN_GEOMETRIC_PRESENTATION_REPRESENTATION (  '', ( #8538 ), #71 ) ;
#7658 = ORIENTED_EDGE ( 'NONE', *, *, #2148, .F. ) ;
#7659 =( NAMED_UNIT ( * ) PLANE_ANGLE_UNIT ( ) SI_UNIT ( $, .RADIAN. ) );
#7660 = FACE_OUTER_BOUND ( 'NONE', #10112, .T. ) ;
#7661 = DIRECTION ( 'NONE',  ( 0.000000000000000000, 0.000000000000000000, -1.000000000000000000 ) ) ;
#7662 = CARTESIAN_POINT ( 'NONE',  ( 0.000000000000000000, 0.000000000000000000, 0.3009999999999999898 ) ) ;
#7663 = VECTOR ( 'NONE', #9782, 1000.000000000000000 ) ;
#7664 = CARTESIAN_POINT ( 'NONE',  ( -0.3524031311893204288, -0.2818752016634324398, 0.3009999999999999898 ) ) ;
#7665 = DIRECTION ( 'NONE',  ( -0.7071067811865475727, 0.000000000000000000, 0.7071067811865475727 ) ) ;
#7666 = AXIS2_PLACEMENT_3D ( 'NONE', #9384, #10165, #5513 ) ;
#7667 = CARTESIAN_POINT ( 'NONE',  ( -4.445000000000001172, -0.07500000000000009437, -2.199999999999999734 ) ) ;
#7668 = VERTEX_POINT ( 'NONE', #4904 ) ;
#7669 = SURFACE_STYLE_FILL_AREA ( #9752 ) ;
#7670 = UNCERTAINTY_MEASURE_WITH_UNIT (LENGTH_MEASURE( 1.000000000000000082E-05 ), #4801, 'distance_accuracy_value', 'NONE');
#7671 = DIRECTION ( 'NONE',  ( -0.3635424856527064152, -0.9315776194850602376, 0.000000000000000000 ) ) ;
#7672 = VECTOR ( 'NONE', #8915, 1000.000000000000000 ) ;
#7673 = CARTESIAN_POINT ( 'NONE',  ( -6.215000000000002522, 0.4000000000000000222, 4.299999999999999822 ) ) ;
#7674 = DIRECTION ( 'NONE',  ( 1.000000000000000000, 0.000000000000000000, 0.000000000000000000 ) ) ;
#7675 = AXIS2_PLACEMENT_3D ( 'NONE', #150, #3245, #9619 ) ;
#7676 = ORIENTED_EDGE ( 'NONE', *, *, #5755, .T. ) ;
#7677 = LINE ( 'NONE', #2467, #289 ) ;
#7678 = EDGE_CURVE ( 'NONE', #6377, #492, #3302, .T. ) ;
#7679 =( LENGTH_UNIT ( ) NAMED_UNIT ( * ) SI_UNIT ( .MILLI., .METRE. ) );
#7680 = LINE ( 'NONE', #7944, #9555 ) ;
#7681 = COLOUR_RGB ( '',1.000000000000000000, 1.000000000000000000, 1.000000000000000000 ) ;
#7682 = CARTESIAN_POINT ( 'NONE',  ( 0.3094857791778235501, -0.2743343695727927800, 0.3009999999999999898 ) ) ;
#7683 = PRESENTATION_STYLE_ASSIGNMENT (( #9775 ) ) ;
#7684 = EDGE_LOOP ( 'NONE', ( #1225, #6994, #6841, #8252 ) ) ;
#7685 = AXIS2_PLACEMENT_3D ( 'NONE', #4102, #7966, #126 ) ;
#7686 = VECTOR ( 'NONE', #2656, 1000.000000000000000 ) ;
#7687 = DIRECTION ( 'NONE',  ( 1.000000000000000000, 0.000000000000000000, 0.000000000000000000 ) ) ;
#7688 = CARTESIAN_POINT ( 'NONE',  ( -0.2662114192182256089, -0.4323895624310891694, 0.3010000000000000453 ) ) ;
#7689 = SURFACE_STYLE_USAGE ( .BOTH. , #7629 ) ;
#7690 = CARTESIAN_POINT ( 'NONE',  ( 0.1292531985468026168, -0.1420529484327070213, 0.2999999999999999889 ) ) ;
#7691 = FILL_AREA_STYLE_COLOUR ( '', #6673 ) ;
#7692 = CARTESIAN_POINT ( 'NONE',  ( -2.305000000000001492, -0.4000000000000000222, 1.300000000000000044 ) ) ;
#7694 = ORIENTED_EDGE ( 'NONE', *, *, #6437, .T. ) ;
#7693 = VECTOR ( 'NONE', #4502, 1000.000000000000000 ) ;
#7695 = PRESENTATION_LAYER_ASSIGNMENT (  '', '', ( #6513 ) ) ;
#7696 =( GEOMETRIC_REPRESENTATION_CONTEXT ( 3 ) GLOBAL_UNCERTAINTY_ASSIGNED_CONTEXT ( ( #7232 ) ) GLOBAL_UNIT_ASSIGNED_CONTEXT ( ( #7394, #8101, #8068 ) ) REPRESENTATION_CONTEXT ( 'NONE', 'WORKASPACE' ) );
#7697 = FILL_AREA_STYLE_COLOUR ( '', #9132 ) ;
#7698 = LINE ( 'NONE', #9103, #6974 ) ;
#7699 = VECTOR ( 'NONE', #97, 1000.000000000000114 ) ;
#7700 = CARTESIAN_POINT ( 'NONE',  ( 6.115000000000000213, -0.4000000000000000222, 4.199999999999999289 ) ) ;
#7701 = ORIENTED_EDGE ( 'NONE', *, *, #1065, .T. ) ;
#7702 = LINE ( 'NONE', #2504, #6019 ) ;
#7703 =( LENGTH_UNIT ( ) NAMED_UNIT ( * ) SI_UNIT ( .MILLI., .METRE. ) );
#7704 = ORIENTED_EDGE ( 'NONE', *, *, #920, .T. ) ;
#7705 = CARTESIAN_POINT ( 'NONE',  ( 0.1971204968594600648, -0.1640588906878226727, 0.2999999999999999889 ) ) ;
#7706 = ORIENTED_EDGE ( 'NONE', *, *, #3016, .T. ) ;
#7707 = CARTESIAN_POINT ( 'NONE',  ( 0.4349999999999996092, -0.07500000000000009437, -5.227200187265875542 ) ) ;
#7708 = PRESENTATION_STYLE_ASSIGNMENT (( #7324 ) ) ;
#7709 = EDGE_CURVE ( 'NONE', #7049, #4282, #2952, .T. ) ;
#7710 = ORIENTED_EDGE ( 'NONE', *, *, #7740, .T. ) ;
#7711 = DIRECTION ( 'NONE',  ( -0.000000000000000000, -0.000000000000000000, 1.000000000000000000 ) ) ;
#7712 = AXIS2_PLACEMENT_3D ( 'NONE', #9139, #9835, #9913 ) ;
#7713 = CARTESIAN_POINT ( 'NONE',  ( 0.4349999999999996092, 0.07499999999999990008, -5.227200187265875542 ) ) ;
#7715 = AXIS2_PLACEMENT_3D ( 'NONE', #148, #5690, #7087 ) ;
#7714 = VECTOR ( 'NONE', #4656, 1000.000000000000000 ) ;
#7716 = FILL_AREA_STYLE_COLOUR ( '', #9159 ) ;
#7717 = ORIENTED_EDGE ( 'NONE', *, *, #8052, .F. ) ;
#7718 = ORIENTED_EDGE ( 'NONE', *, *, #6312, .F. ) ;
#7719 = SURFACE_SIDE_STYLE ('',( #7001 ) ) ;
#7720 = EDGE_LOOP ( 'NONE', ( #689, #1666, #9315, #7483 ) ) ;
#7721 = VERTEX_POINT ( 'NONE', #4165 ) ;
#7722 = PRESENTATION_STYLE_ASSIGNMENT (( #3018 ) ) ;
#7723 = LINE ( 'NONE', #4209, #2441 ) ;
#7724 = CARTESIAN_POINT ( 'NONE',  ( -0.6414275214332227915, -0.4347905980048958341, 0.2999999999999999889 ) ) ;
#7725 = STYLED_ITEM ( 'NONE', ( #881 ), #10000 ) ;
#7726 = CARTESIAN_POINT ( 'NONE',  ( -0.5434517905224323098, -0.1880894553950496761, 0.3009999999999999898 ) ) ;
#7727 = EDGE_LOOP ( 'NONE', ( #1337, #4164, #3050, #3368 ) ) ;
#7728 = UNCERTAINTY_MEASURE_WITH_UNIT (LENGTH_MEASURE( 1.000000000000000082E-05 ), #2194, 'distance_accuracy_value', 'NONE');
#7729 = DIRECTION ( 'NONE',  ( 0.3390537954853694580, 0.9407669869669987861, 0.000000000000000000 ) ) ;
#7730 = DIRECTION ( 'NONE',  ( -0.000000000000000000, -0.000000000000000000, 1.000000000000000000 ) ) ;
#7731 =( NAMED_UNIT ( * ) SI_UNIT ( $, .STERADIAN. ) SOLID_ANGLE_UNIT ( ) );
#7732 =( NAMED_UNIT ( * ) PLANE_ANGLE_UNIT ( ) SI_UNIT ( $, .RADIAN. ) );
#7733 = DIRECTION ( 'NONE',  ( -1.000000000000000000, 6.776263578034415038E-17, 0.000000000000000000 ) ) ;
#7734 = LINE ( 'NONE', #4970, #856 ) ;
#7735 =( GEOMETRIC_REPRESENTATION_CONTEXT ( 3 ) GLOBAL_UNCERTAINTY_ASSIGNED_CONTEXT ( ( #2955 ) ) GLOBAL_UNIT_ASSIGNED_CONTEXT ( ( #6522, #5820, #9714 ) ) REPRESENTATION_CONTEXT ( 'NONE', 'WORKASPACE' ) );
#7736 = ORIENTED_EDGE ( 'NONE', *, *, #8559, .T. ) ;
#7737 = DIRECTION ( 'NONE',  ( 0.000000000000000000, -0.000000000000000000, -1.000000000000000000 ) ) ;
#7738 = B_SPLINE_CURVE_WITH_KNOTS ( 'NONE', 3,
 ( #4026, #895, #8990, #1898, #333, #4266, #291, #4195, #3456, #5828, #9789, #1109, #5083, #5008, #5045, #8198, #3386, #9823, #402 ),
 .UNSPECIFIED., .F., .F.,
 ( 4, 1, 1, 1, 1, 1, 1, 1, 1, 1, 1, 1, 1, 1, 1, 1, 4 ),
 ( 0.000000000000000000, 0.07377411937406361253, 0.1440791147260413185, 0.2113485183089116592, 0.2760768857398839260, 0.3385209158196765267, 0.3998851166931335910, 0.4602540674652132457, 0.5205889643912479103, 0.5802076845630441682, 0.6386329085525459526, 0.6963645494905240652, 0.7540017746600128357, 0.8128056813744979348, 0.8727544255255602623, 0.9351819969782669828, 1.000000000000000000 ),
 .UNSPECIFIED. ) ;
#7739 = FILL_AREA_STYLE ('',( #7774 ) ) ;
#7740 = EDGE_CURVE ( 'NONE', #5517, #6377, #9867, .T. ) ;
#7741 = DIRECTION ( 'NONE',  ( 1.000000000000000000, 0.000000000000000000, 0.000000000000000000 ) ) ;
#7742 = CARTESIAN_POINT ( 'NONE',  ( 0.1604017222396391662, -0.1687730531197441652, 0.3000000000000000444 ) ) ;
#7743 = DIRECTION ( 'NONE',  ( -1.016439536705160037E-16, -1.000000000000000000, -0.000000000000000000 ) ) ;
#7744 = LINE ( 'NONE', #1604, #732 ) ;
#7745 = PLANE ( 'NONE',  #9910 ) ;
#7746 = EDGE_LOOP ( 'NONE', ( #3453, #7097, #9235, #86 ) ) ;
#7747 = LINE ( 'NONE', #299, #2956 ) ;
#7748 =( LENGTH_UNIT ( ) NAMED_UNIT ( * ) SI_UNIT ( .MILLI., .METRE. ) );
#7749 = CARTESIAN_POINT ( 'NONE',  ( 0.1723637907839250805, -0.4029701047012048676, 0.3010000000000001008 ) ) ;
#7750 = EDGE_CURVE ( 'NONE', #6946, #5128, #7734, .T. ) ;
#7751 = ADVANCED_FACE ( 'NONE', ( #3552 ), #7183, .T. ) ;
#7752 =( GEOMETRIC_REPRESENTATION_CONTEXT ( 3 ) GLOBAL_UNCERTAINTY_ASSIGNED_CONTEXT ( ( #6423 ) ) GLOBAL_UNIT_ASSIGNED_CONTEXT ( ( #6641, #6563, #8986 ) ) REPRESENTATION_CONTEXT ( 'NONE', 'WORKASPACE' ) );
#7753 = CARTESIAN_POINT ( 'NONE',  ( -0.3242838918951862492, -0.1569561672196616020, 0.3000000000000000444 ) ) ;
#7754 = EDGE_CURVE ( 'NONE', #8162, #7959, #7738, .T. ) ;
#7755 = FACE_OUTER_BOUND ( 'NONE', #8682, .T. ) ;
#7756 = SURFACE_SIDE_STYLE ('',( #2803 ) ) ;
#7757 = COLOUR_RGB ( '',1.000000000000000000, 1.000000000000000000, 1.000000000000000000 ) ;
#7758 = PRESENTATION_STYLE_ASSIGNMENT (( #7538 ) ) ;
#7759 = STYLED_ITEM ( 'NONE', ( #1172 ), #3266 ) ;
#7760 = SURFACE_STYLE_FILL_AREA ( #4459 ) ;
#7761 = PRESENTATION_LAYER_ASSIGNMENT (  '', '', ( #1844 ) ) ;
#7762 = COLOUR_RGB ( '',0.5019607843137254832, 0.5019607843137254832, 0.5019607843137254832 ) ;
#7763 = SURFACE_SIDE_STYLE ('',( #246 ) ) ;
#7764 = CARTESIAN_POINT ( 'NONE',  ( 0.1351619739027334621, -0.3909881445814360479, 0.2999999999999999334 ) ) ;
#7765 =( NAMED_UNIT ( * ) PLANE_ANGLE_UNIT ( ) SI_UNIT ( $, .RADIAN. ) );
#7766 = CARTESIAN_POINT ( 'NONE',  ( -5.315000000000001279, 0.4000000000000000222, 4.199999999999999289 ) ) ;
#7767 =( NAMED_UNIT ( * ) PLANE_ANGLE_UNIT ( ) SI_UNIT ( $, .RADIAN. ) );
#7768 = EDGE_CURVE ( 'NONE', #9018, #7179, #3677, .T. ) ;
#7769 = FILL_AREA_STYLE ('',( #4724 ) ) ;
#7770 = VECTOR ( 'NONE', #159, 1000.000000000000114 ) ;
#7771 = EDGE_CURVE ( 'NONE', #3987, #10219, #8494, .T. ) ;
#7772 = SURFACE_SIDE_STYLE ('',( #4483 ) ) ;
#7773 = MECHANICAL_DESIGN_GEOMETRIC_PRESENTATION_REPRESENTATION (  '', ( #1067 ), #7898 ) ;
#7774 = FILL_AREA_STYLE_COLOUR ( '', #2511 ) ;
#7775 = DIRECTION ( 'NONE',  ( 0.000000000000000000, 1.000000000000000000, 0.000000000000000000 ) ) ;
#7776 =( GEOMETRIC_REPRESENTATION_CONTEXT ( 3 ) GLOBAL_UNCERTAINTY_ASSIGNED_CONTEXT ( ( #1198 ) ) GLOBAL_UNIT_ASSIGNED_CONTEXT ( ( #7748, #1486, #5351 ) ) REPRESENTATION_CONTEXT ( 'NONE', 'WORKASPACE' ) );
#7777 =( NAMED_UNIT ( * ) SI_UNIT ( $, .STERADIAN. ) SOLID_ANGLE_UNIT ( ) );
#7778 = CARTESIAN_POINT ( 'NONE',  ( -5.915000000000000924, -0.07500000000000009437, -2.199999999999999734 ) ) ;
#7779 = VERTEX_POINT ( 'NONE', #6601 ) ;
#7780 = FILL_AREA_STYLE_COLOUR ( '', #7202 ) ;
#7781 = CARTESIAN_POINT ( 'NONE',  ( 0.1296801787261031569, -0.4207955924180587504, 0.2999999999999999334 ) ) ;
#7782 = LINE ( 'NONE', #7650, #5714 ) ;
#7783 = CARTESIAN_POINT ( 'NONE',  ( 0.2704768629642097522, -0.1896137563799143999, 0.3010000000000001008 ) ) ;
#7784 = ORIENTED_EDGE ( 'NONE', *, *, #6018, .T. ) ;
#7785 = CARTESIAN_POINT ( 'NONE',  ( 4.644999999999999574, 0.07499999999999984457, -2.199999999999999734 ) ) ;
#7786 = PRESENTATION_LAYER_ASSIGNMENT (  '', '', ( #9054 ) ) ;
#7787 = VECTOR ( 'NONE', #10270, 1000.000000000000000 ) ;
#7788 = DIRECTION ( 'NONE',  ( -1.355252715606880296E-16, -1.000000000000000000, 0.000000000000000000 ) ) ;
#7789 = VECTOR ( 'NONE', #7198, 1000.000000000000000 ) ;
#7790 = AXIS2_PLACEMENT_3D ( 'NONE', #7928, #6439, #3332 ) ;
#7791 = CIRCLE ( 'NONE', #3817, 0.1999999999999996503 ) ;
#7792 = FILL_AREA_STYLE ('',( #6316 ) ) ;
#7793 = SURFACE_SIDE_STYLE ('',( #8778 ) ) ;
#7794 = ORIENTED_EDGE ( 'NONE', *, *, #6702, .T. ) ;
#7795 = CARTESIAN_POINT ( 'NONE',  ( 0.2038659236887283288, -0.4055223053219689788, 0.2999999999999999889 ) ) ;
#7796 =( LENGTH_UNIT ( ) NAMED_UNIT ( * ) SI_UNIT ( .MILLI., .METRE. ) );
#7797 = CARTESIAN_POINT ( 'NONE',  ( -0.5511932444595225578, -0.1884833454124043850, 0.3010000000000000453 ) ) ;
#7798 = UNCERTAINTY_MEASURE_WITH_UNIT (LENGTH_MEASURE( 1.000000000000000082E-05 ), #3309, 'distance_accuracy_value', 'NONE');
#7799 = VECTOR ( 'NONE', #7076, 1000.000000000000000 ) ;
#7800 = PRESENTATION_LAYER_ASSIGNMENT (  '', '', ( #4862 ) ) ;
#7801 = ADVANCED_FACE ( 'NONE', ( #4552 ), #4341, .T. ) ;
#7802 = LINE ( 'NONE', #5339, #3621 ) ;
#7803 = ORIENTED_EDGE ( 'NONE', *, *, #1183, .F. ) ;
#7804 = DIRECTION ( 'NONE',  ( 0.000000000000000000, -1.000000000000000000, 0.000000000000000000 ) ) ;
#7805 = CARTESIAN_POINT ( 'NONE',  ( 0.3478569001354136492, -0.3220455170571877024, 0.3009999999999999343 ) ) ;
#7806 = DIRECTION ( 'NONE',  ( -1.000000000000000000, 0.000000000000000000, -0.000000000000000000 ) ) ;
#7807 = PRESENTATION_STYLE_ASSIGNMENT (( #582 ) ) ;
#7808 = EDGE_CURVE ( 'NONE', #8050, #6634, #5058, .T. ) ;
#7809 = AXIS2_PLACEMENT_3D ( 'NONE', #4615, #3821, #821 ) ;
#7810 = SURFACE_SIDE_STYLE ('',( #2579 ) ) ;
#7811 = ADVANCED_FACE ( 'NONE', ( #2317 ), #1184, .T. ) ;
#7812 = EDGE_CURVE ( 'NONE', #461, #1434, #7961, .T. ) ;
#7813 = EDGE_LOOP ( 'NONE', ( #2271, #2794, #1919, #3798 ) ) ;
#7814 = SURFACE_STYLE_USAGE ( .BOTH. , #3909 ) ;
#7815 = PRESENTATION_STYLE_ASSIGNMENT (( #1232 ) ) ;
#7816 = LINE ( 'NONE', #5771, #7196 ) ;
#7817 = CARTESIAN_POINT ( 'NONE',  ( -0.2680098643270467651, -0.1369840017770131702, 0.2999999999999999889 ) ) ;
#7818 =( NAMED_UNIT ( * ) PLANE_ANGLE_UNIT ( ) SI_UNIT ( $, .RADIAN. ) );
#7819 = ORIENTED_EDGE ( 'NONE', *, *, #6079, .T. ) ;
#7820 = ORIENTED_EDGE ( 'NONE', *, *, #3875, .T. ) ;
#7821 = EDGE_CURVE ( 'NONE', #3101, #576, #5914, .T. ) ;
#7822 =( NAMED_UNIT ( * ) PLANE_ANGLE_UNIT ( ) SI_UNIT ( $, .RADIAN. ) );
#7823 = EDGE_LOOP ( 'NONE', ( #4154, #601, #201, #2915 ) ) ;
#7824 = DIRECTION ( 'NONE',  ( -0.000000000000000000, -0.000000000000000000, -1.000000000000000000 ) ) ;
#7825 =( NAMED_UNIT ( * ) PLANE_ANGLE_UNIT ( ) SI_UNIT ( $, .RADIAN. ) );
#7826 = CARTESIAN_POINT ( 'NONE',  ( 0.1268651614936064098, -0.3863149882487982301, 0.3009999999999999898 ) ) ;
#7827 = CARTESIAN_POINT ( 'NONE',  ( -0.5500734020687484405, -0.1837676275402476966, 0.3010000000000000453 ) ) ;
#7828 = DIRECTION ( 'NONE',  ( -0.000000000000000000, -0.000000000000000000, 1.000000000000000000 ) ) ;
#7829 = ORIENTED_EDGE ( 'NONE', *, *, #4489, .T. ) ;
#7830 = FILL_AREA_STYLE ('',( #551 ) ) ;
#7831 = ORIENTED_EDGE ( 'NONE', *, *, #9512, .T. ) ;
#7832 = PRESENTATION_STYLE_ASSIGNMENT (( #4005 ) ) ;
#7833 = ORIENTED_EDGE ( 'NONE', *, *, #3659, .T. ) ;
#7834 = CARTESIAN_POINT ( 'NONE',  ( 0.3442819352476231831, -0.2406490518321699190, 0.2999999999999999889 ) ) ;
#7836 = PRESENTATION_STYLE_ASSIGNMENT (( #6285 ) ) ;
#7835 = CARTESIAN_POINT ( 'NONE',  ( 0.2396806286255219465, -0.4361952830374412615, 0.3009999999999999343 ) ) ;
#7837 =( NAMED_UNIT ( * ) SI_UNIT ( $, .STERADIAN. ) SOLID_ANGLE_UNIT ( ) );
#7838 = ORIENTED_EDGE ( 'NONE', *, *, #9496, .F. ) ;
#7839 = SURFACE_STYLE_FILL_AREA ( #7290 ) ;
#7840 =( LENGTH_UNIT ( ) NAMED_UNIT ( * ) SI_UNIT ( .MILLI., .METRE. ) );
#7841 = DIRECTION ( 'NONE',  ( 1.000000000000000000, 0.000000000000000000, 0.000000000000000000 ) ) ;
#7842 = DIRECTION ( 'NONE',  ( -1.000000000000000000, 1.016439536705160037E-16, -0.000000000000000000 ) ) ;
#7843 = EDGE_CURVE ( 'NONE', #9068, #2881, #7362, .T. ) ;
#7844 = VERTEX_POINT ( 'NONE', #1221 ) ;
#7845 = CARTESIAN_POINT ( 'NONE',  ( -4.245000000000000107, -0.07500000000000012212, -5.227200187265875542 ) ) ;
#7846 = STYLED_ITEM ( 'NONE', ( #9442 ), #8967 ) ;
#7847 = CARTESIAN_POINT ( 'NONE',  ( 0.1268651614936064098, -0.1832662077609934215, 0.2999999999999999889 ) ) ;
#7848 = PRESENTATION_LAYER_ASSIGNMENT (  '', '', ( #7457 ) ) ;
#7849 = CARTESIAN_POINT ( 'NONE',  ( 0.1349999999999979550, 0.4000000000000000222, 4.299999999999999822 ) ) ;
#7850 = ORIENTED_EDGE ( 'NONE', *, *, #635, .F. ) ;
#7851 = ORIENTED_EDGE ( 'NONE', *, *, #1632, .F. ) ;
#7852 = DIRECTION ( 'NONE',  ( 0.000000000000000000, -1.000000000000000000, 0.000000000000000000 ) ) ;
#7853 = ORIENTED_EDGE ( 'NONE', *, *, #8904, .T. ) ;
#7854 =( LENGTH_UNIT ( ) NAMED_UNIT ( * ) SI_UNIT ( .MILLI., .METRE. ) );
#7855 = UNCERTAINTY_MEASURE_WITH_UNIT (LENGTH_MEASURE( 1.000000000000000082E-05 ), #6450, 'distance_accuracy_value', 'NONE');
#7856 = FACE_OUTER_BOUND ( 'NONE', #9972, .T. ) ;
#7857 = CARTESIAN_POINT ( 'NONE',  ( 0.2795284599083955879, -0.4228606829649745324, 0.3010000000000000453 ) ) ;
#7858 = DIRECTION ( 'NONE',  ( 0.000000000000000000, 0.000000000000000000, 1.000000000000000000 ) ) ;
#7859 = ADVANCED_FACE ( 'NONE', ( #10249 ), #3694, .F. ) ;
#7860 = CIRCLE ( 'NONE', #3022, 0.2000000000000000944 ) ;
#7861 = DIRECTION ( 'NONE',  ( -0.3635424856527064152, -0.9315776194850602376, 0.000000000000000000 ) ) ;
#7862 = PLANE ( 'NONE',  #7866 ) ;
#7863 = ORIENTED_EDGE ( 'NONE', *, *, #3941, .F. ) ;
#7864 = MECHANICAL_DESIGN_GEOMETRIC_PRESENTATION_REPRESENTATION (  '', ( #8108 ), #5525 ) ;
#7865 = ORIENTED_EDGE ( 'NONE', *, *, #318, .T. ) ;
#7866 = AXIS2_PLACEMENT_3D ( 'NONE', #8611, #755, #6207 ) ;
#7867 = FACE_OUTER_BOUND ( 'NONE', #4935, .T. ) ;
#7868 = CARTESIAN_POINT ( 'NONE',  ( -0.3130296137503071341, -0.3778496586027608184, 0.3000000000000000999 ) ) ;
#7869 = B_SPLINE_CURVE_WITH_KNOTS ( 'NONE', 3,
 ( #6773, #8346, #4678, #2247, #4597, #6938, #2950, #5318, #7783, #6159, #3081, #3013, #4641, #3769, #6872, #10142, #7682, #2983, #1523 ),
 .UNSPECIFIED., .F., .F.,
 ( 4, 1, 1, 1, 1, 1, 1, 1, 1, 1, 1, 1, 1, 1, 1, 1, 4 ),
 ( 0.000000000000000000, 0.06460397028839208466, 0.1267024139629471524, 0.1867568140356181128, 0.2455056873654374583, 0.3036520244499754106, 0.3615030739706253660, 0.4202402229284674107, 0.4800333407766964045, 0.5406781347755160727, 0.6011918063807817347, 0.6623335024774424928, 0.7247395102972318259, 0.7894677361728866805, 0.8565048600438306403, 0.9263120958391901638, 1.000000000000000000 ),
 .UNSPECIFIED. ) ;
#7870 = CARTESIAN_POINT ( 'NONE',  ( 0.1295292771819340216, -0.1817181558635497240, 0.3009999999999999898 ) ) ;
#7871 = EDGE_CURVE ( 'NONE', #8625, #3877, #4545, .T. ) ;
#7872 =( LENGTH_UNIT ( ) NAMED_UNIT ( * ) SI_UNIT ( .MILLI., .METRE. ) );
#7873 =( NAMED_UNIT ( * ) PLANE_ANGLE_UNIT ( ) SI_UNIT ( $, .RADIAN. ) );
#7874 = DIRECTION ( 'NONE',  ( 0.000000000000000000, -1.000000000000000000, 0.000000000000000000 ) ) ;
#7875 = COLOUR_RGB ( '',1.000000000000000000, 1.000000000000000000, 1.000000000000000000 ) ;
#7876 =( NAMED_UNIT ( * ) PLANE_ANGLE_UNIT ( ) SI_UNIT ( $, .RADIAN. ) );
#7877 = DIRECTION ( 'NONE',  ( -0.000000000000000000, 1.000000000000000000, -0.000000000000000000 ) ) ;
#7878 = EDGE_CURVE ( 'NONE', #9530, #8275, #1105, .T. ) ;
#7879 = MECHANICAL_DESIGN_GEOMETRIC_PRESENTATION_REPRESENTATION (  '', ( #505 ), #3667 ) ;
#7880 = LINE ( 'NONE', #7322, #8773 ) ;
#7881 = COLOUR_RGB ( '',1.000000000000000000, 1.000000000000000000, 1.000000000000000000 ) ;
#7882 = DIRECTION ( 'NONE',  ( -0.000000000000000000, -0.000000000000000000, 1.000000000000000000 ) ) ;
#7883 = ORIENTED_EDGE ( 'NONE', *, *, #3686, .T. ) ;
#7884 = FACE_OUTER_BOUND ( 'NONE', #4223, .T. ) ;
#7885 = STYLED_ITEM ( 'NONE', ( #3222 ), #3365 ) ;
#7886 = MECHANICAL_DESIGN_GEOMETRIC_PRESENTATION_REPRESENTATION (  '', ( #3146 ), #852 ) ;
#7887 = FILL_AREA_STYLE ('',( #47 ) ) ;
#7888 =( NAMED_UNIT ( * ) SI_UNIT ( $, .STERADIAN. ) SOLID_ANGLE_UNIT ( ) );
#7889 = VECTOR ( 'NONE', #9392, 1000.000000000000000 ) ;
#7890 = CARTESIAN_POINT ( 'NONE',  ( -0.3203586493010897041, -0.1962067063044974913, 0.2999999999999999889 ) ) ;
#7891 = CARTESIAN_POINT ( 'NONE',  ( 0.2349999999999990985, -0.4000000000000000222, 4.199999999999999289 ) ) ;
#7892 = EDGE_CURVE ( 'NONE', #6998, #1967, #6109, .T. ) ;
#7893 = SURFACE_SIDE_STYLE ('',( #2083 ) ) ;
#7894 = ORIENTED_EDGE ( 'NONE', *, *, #6027, .F. ) ;
#7895 = EDGE_CURVE ( 'NONE', #4300, #8570, #8862, .T. ) ;
#7896 = CARTESIAN_POINT ( 'NONE',  ( -0.2941777202965055182, -0.3897120839094200262, 0.3010000000000000453 ) ) ;
#7897 = FACE_OUTER_BOUND ( 'NONE', #4903, .T. ) ;
#7898 =( GEOMETRIC_REPRESENTATION_CONTEXT ( 3 ) GLOBAL_UNCERTAINTY_ASSIGNED_CONTEXT ( ( #6119 ) ) GLOBAL_UNIT_ASSIGNED_CONTEXT ( ( #4071, #3970, #3935 ) ) REPRESENTATION_CONTEXT ( 'NONE', 'WORKASPACE' ) );
#7899 = VECTOR ( 'NONE', #2114, 1000.000000000000000 ) ;
#7900 = AXIS2_PLACEMENT_3D ( 'NONE', #7707, #662, #3228 ) ;
#7901 = SURFACE_STYLE_USAGE ( .BOTH. , #5511 ) ;
#7902 = DIRECTION ( 'NONE',  ( 0.000000000000000000, 1.000000000000000000, 0.000000000000000000 ) ) ;
#7903 = ORIENTED_EDGE ( 'NONE', *, *, #6256, .F. ) ;
#7904 = ADVANCED_FACE ( 'NONE', ( #5784 ), #1350, .T. ) ;
#7905 = FILL_AREA_STYLE ('',( #139 ) ) ;
#7906 = STYLED_ITEM ( 'NONE', ( #3711 ), #9753 ) ;
#7907 = ORIENTED_EDGE ( 'NONE', *, *, #8478, .T. ) ;
#7908 = PRESENTATION_LAYER_ASSIGNMENT (  '', '', ( #4248 ) ) ;
#7909 = CARTESIAN_POINT ( 'NONE',  ( 0.3119999484517816390, -0.3980218929226799762, 0.3000000000000000999 ) ) ;
#7910 = UNCERTAINTY_MEASURE_WITH_UNIT (LENGTH_MEASURE( 1.000000000000000082E-05 ), #7022, 'distance_accuracy_value', 'NONE');
#7911 = SURFACE_SIDE_STYLE ('',( #4251 ) ) ;
#7912 = CARTESIAN_POINT ( 'NONE',  ( -0.5424716498316771718, -0.1910451858223793931, 0.3009999999999999343 ) ) ;
#7913 = CARTESIAN_POINT ( 'NONE',  ( 0.1771760541321914795, -0.1318179975493542766, 0.2999999999999999889 ) ) ;
#7914 = PRESENTATION_LAYER_ASSIGNMENT (  '', '', ( #7403 ) ) ;
#7915 =( NAMED_UNIT ( * ) PLANE_ANGLE_UNIT ( ) SI_UNIT ( $, .RADIAN. ) );
#7916 = ORIENTED_EDGE ( 'NONE', *, *, #2687, .T. ) ;
#7917 = FACE_OUTER_BOUND ( 'NONE', #5834, .T. ) ;
#7918 = EDGE_CURVE ( 'NONE', #4404, #1489, #3165, .T. ) ;
#7919 = PLANE ( 'NONE',  #9443 ) ;
#7920 = SURFACE_STYLE_FILL_AREA ( #8971 ) ;
#7921 = CARTESIAN_POINT ( 'NONE',  ( -0.3522995963832012967, -0.2864899641146302356, 0.3009999999999999343 ) ) ;
#7922 = FACE_OUTER_BOUND ( 'NONE', #5797, .T. ) ;
#7923 = DIRECTION ( 'NONE',  ( 0.000000000000000000, -0.000000000000000000, 1.000000000000000000 ) ) ;
#7924 = VERTEX_POINT ( 'NONE', #4441 ) ;
#7925 = DIRECTION ( 'NONE',  ( 0.000000000000000000, -1.000000000000000000, 0.000000000000000000 ) ) ;
#7926 = CARTESIAN_POINT ( 'NONE',  ( 0.1268651614936064098, -0.1832662077609934215, 0.3009999999999999898 ) ) ;
#7927 = SURFACE_STYLE_USAGE ( .BOTH. , #5606 ) ;
#7928 = CARTESIAN_POINT ( 'NONE',  ( 0.1268651614936064098, -0.1430223053219690232, 0.3009999999999999898 ) ) ;
#7929 = EDGE_CURVE ( 'NONE', #8602, #8703, #5547, .T. ) ;
#7930 = PRESENTATION_LAYER_ASSIGNMENT (  '', '', ( #5549 ) ) ;
#7931 =( NAMED_UNIT ( * ) SI_UNIT ( $, .STERADIAN. ) SOLID_ANGLE_UNIT ( ) );
#7932 = DIRECTION ( 'NONE',  ( 0.000000000000000000, -1.000000000000000000, 0.000000000000000000 ) ) ;
#7933 = PRESENTATION_LAYER_ASSIGNMENT (  '', '', ( #4079 ) ) ;
#7934 =( LENGTH_UNIT ( ) NAMED_UNIT ( * ) SI_UNIT ( .MILLI., .METRE. ) );
#7935 = CARTESIAN_POINT ( 'NONE',  ( -0.2941777202965055182, -0.3897120839094200262, 0.3000000000000000444 ) ) ;
#7936 = ORIENTED_EDGE ( 'NONE', *, *, #1541, .T. ) ;
#7938 = ORIENTED_EDGE ( 'NONE', *, *, #10105, .F. ) ;
#7937 = COLOUR_RGB ( '',1.000000000000000000, 1.000000000000000000, 1.000000000000000000 ) ;
#7939 = FILL_AREA_STYLE_COLOUR ( '', #9656 ) ;
#7940 = STYLED_ITEM ( 'NONE', ( #5748 ), #2845 ) ;
#7941 = STYLED_ITEM ( 'NONE', ( #5558 ), #7150 ) ;
#7942 = ORIENTED_EDGE ( 'NONE', *, *, #5304, .T. ) ;
#7943 = VERTEX_POINT ( 'NONE', #10039 ) ;
#7944 = CARTESIAN_POINT ( 'NONE',  ( 4.244999999999999218, -0.07500000000000009437, -2.199999999999999734 ) ) ;
#7945 = CARTESIAN_POINT ( 'NONE',  ( 0.3097919907618990609, -0.2879918175170909644, 0.3009999999999999898 ) ) ;
#7946 =( NAMED_UNIT ( * ) SI_UNIT ( $, .STERADIAN. ) SOLID_ANGLE_UNIT ( ) );
#7947 = EDGE_CURVE ( 'NONE', #6546, #659, #8345, .T. ) ;
#7948 = SURFACE_STYLE_USAGE ( .BOTH. , #7911 ) ;
#7949 = DIRECTION ( 'NONE',  ( 0.000000000000000000, -1.000000000000000000, 0.000000000000000000 ) ) ;
#7950 = EDGE_LOOP ( 'NONE', ( #6888, #5722, #1366, #1314 ) ) ;
#7951 = CARTESIAN_POINT ( 'NONE',  ( -0.4871401738722471730, -0.3506442565414811807, 0.2999999999999999889 ) ) ;
#7952 = LINE ( 'NONE', #6015, #5301 ) ;
#7953 = ADVANCED_FACE ( 'NONE', ( #6759 ), #10014, .F. ) ;
#7954 = FILL_AREA_STYLE ('',( #9474 ) ) ;
#7955 = ORIENTED_EDGE ( 'NONE', *, *, #1867, .T. ) ;
#7956 =( LENGTH_UNIT ( ) NAMED_UNIT ( * ) SI_UNIT ( .MILLI., .METRE. ) );
#7957 = STYLED_ITEM ( 'NONE', ( #1866 ), #4058 ) ;
#7958 = ORIENTED_EDGE ( 'NONE', *, *, #1183, .T. ) ;
#7959 = VERTEX_POINT ( 'NONE', #3085 ) ;
#7960 = STYLED_ITEM ( 'NONE', ( #9027 ), #1124 ) ;
#7961 = LINE ( 'NONE', #8091, #8083 ) ;
#7962 = VECTOR ( 'NONE', #2001, 1000.000000000000000 ) ;
#7963 = EDGE_LOOP ( 'NONE', ( #273, #1331, #9547, #5401 ) ) ;
#7964 = CARTESIAN_POINT ( 'NONE',  ( -0.2722996504129450157, -0.3976309185698603810, 0.3009999999999999898 ) ) ;
#7965 = VECTOR ( 'NONE', #1127, 1000.000000000000000 ) ;
#7966 = DIRECTION ( 'NONE',  ( -1.355252715606880296E-16, -1.000000000000000000, 0.000000000000000000 ) ) ;
#7967 = PLANE ( 'NONE',  #592 ) ;
#7968 = CARTESIAN_POINT ( 'NONE',  ( 0.1746527496577898186, -0.4359106366065304550, 0.3009999999999999898 ) ) ;
#7969 = AXIS2_PLACEMENT_3D ( 'NONE', #6228, #2145, #7010 ) ;
#7970 = SURFACE_SIDE_STYLE ('',( #176 ) ) ;
#7971 = ORIENTED_EDGE ( 'NONE', *, *, #10125, .F. ) ;
#7972 = UNCERTAINTY_MEASURE_WITH_UNIT (LENGTH_MEASURE( 1.000000000000000082E-05 ), #9518, 'distance_accuracy_value', 'NONE');
#7973 = MECHANICAL_DESIGN_GEOMETRIC_PRESENTATION_REPRESENTATION (  '', ( #7457 ), #3106 ) ;
#7974 = CARTESIAN_POINT ( 'NONE',  ( -0.2350000000000008193, -0.4000000000000000222, 1.300000000000000044 ) ) ;
#7975 = DIRECTION ( 'NONE',  ( -0.000000000000000000, -0.000000000000000000, -1.000000000000000000 ) ) ;
#7976 = VECTOR ( 'NONE', #5686, 1000.000000000000000 ) ;
#7977 = CARTESIAN_POINT ( 'NONE',  ( 0.3449305390878412703, -0.3367667319869486198, 0.3009999999999999343 ) ) ;
#7978 = PRESENTATION_LAYER_ASSIGNMENT (  '', '', ( #2199 ) ) ;
#7979 = SURFACE_STYLE_USAGE ( .BOTH. , #4823 ) ;
#7980 = CARTESIAN_POINT ( 'NONE',  ( 0.3334311228802630533, -0.2116192421532121226, 0.3000000000000000444 ) ) ;
#7981 = SURFACE_STYLE_USAGE ( .BOTH. , #4867 ) ;
#7982 =( LENGTH_UNIT ( ) NAMED_UNIT ( * ) SI_UNIT ( .MILLI., .METRE. ) );
#7983 = UNCERTAINTY_MEASURE_WITH_UNIT (LENGTH_MEASURE( 1.000000000000000082E-05 ), #9526, 'distance_accuracy_value', 'NONE');
#7984 =( NAMED_UNIT ( * ) PLANE_ANGLE_UNIT ( ) SI_UNIT ( $, .RADIAN. ) );
#7985 = VECTOR ( 'NONE', #3827, 1000.000000000000000 ) ;
#7986 = DIRECTION ( 'NONE',  ( -1.000000000000000000, 0.000000000000000000, 0.000000000000000000 ) ) ;
#7987 = EDGE_CURVE ( 'NONE', #3519, #2084, #5663, .T. ) ;
#7988 = VECTOR ( 'NONE', #8708, 1000.000000000000000 ) ;
#7989 = PRESENTATION_LAYER_ASSIGNMENT (  '', '', ( #10169 ) ) ;
#7990 = CARTESIAN_POINT ( 'NONE',  ( -0.3350152651333352938, -0.3530125581660792933, 0.3010000000000000453 ) ) ;
#7991 = DIRECTION ( 'NONE',  ( 0.000000000000000000, -1.000000000000000000, 0.000000000000000000 ) ) ;
#7992 = EDGE_CURVE ( 'NONE', #3877, #3495, #1093, .T. ) ;
#7993 = CARTESIAN_POINT ( 'NONE',  ( -4.445000000000000284, -0.07500000000000012212, -2.399999999999999911 ) ) ;
#7994 = DIRECTION ( 'NONE',  ( 1.000000000000000000, 0.000000000000000000, 0.000000000000000000 ) ) ;
#7995 = CARTESIAN_POINT ( 'NONE',  ( 0.1640626037638976131, -0.4337757118818044155, 0.2999999999999999889 ) ) ;
#7996 = ADVANCED_FACE ( 'NONE', ( #4670 ), #610, .T. ) ;
#7997 = PRESENTATION_STYLE_ASSIGNMENT (( #614 ) ) ;
#7998 = FILL_AREA_STYLE_COLOUR ( '', #4267 ) ;
#7999 = DIRECTION ( 'NONE',  ( 0.000000000000000000, 1.000000000000000000, 0.000000000000000000 ) ) ;
#8000 = SURFACE_SIDE_STYLE ('',( #3972 ) ) ;
#8001 = VECTOR ( 'NONE', #261, 1000.000000000000000 ) ;
#8002 = EDGE_LOOP ( 'NONE', ( #6675, #10066, #6898, #4758, #3413 ) ) ;
#8003 =( LENGTH_UNIT ( ) NAMED_UNIT ( * ) SI_UNIT ( .MILLI., .METRE. ) );
#8004 =( NAMED_UNIT ( * ) SI_UNIT ( $, .STERADIAN. ) SOLID_ANGLE_UNIT ( ) );
#8005 = PRESENTATION_LAYER_ASSIGNMENT (  '', '', ( #5571 ) ) ;
#8006 = CARTESIAN_POINT ( 'NONE',  ( 1.034999999999999476, 0.5000000000000011102, 4.299999999999999822 ) ) ;
#8007 = ORIENTED_EDGE ( 'NONE', *, *, #5340, .T. ) ;
#8008 = B_SPLINE_SURFACE_WITH_KNOTS ( 'NONE', 3, 1, ( 
 ( #9883, #8336 ),
 ( #4324, #1277 ),
 ( #6793, #3550 ),
 ( #9145, #8370 ),
 ( #1206, #4429 ),
 ( #388, #2804 ),
 ( #9959, #5239 ),
 ( #3510, #6695 ),
 ( #9039, #9008 ),
 ( #4289, #9811 ),
 ( #5099, #1980 ) ),
 .UNSPECIFIED., .F., .F., .F.,
 ( 4, 1, 1, 1, 1, 1, 1, 1, 4 ),
 ( 2, 2 ),
 ( 0.000000000000000000, 0.1352946047634291382, 0.2667656579247484339, 0.3948160188358723621, 0.5200516544342456138, 0.6421757029708218267, 0.7626518205584230659, 0.8818340043805015238, 1.000000000000000000 ),
 ( 0.000000000000000000, 1.000000000000000000 ),
 .UNSPECIFIED. ) ;
#8009 = CARTESIAN_POINT ( 'NONE',  ( 0.1939754264771917924, -0.1311570647502125209, 0.2999999999999999889 ) ) ;
#8010 = CARTESIAN_POINT ( 'NONE',  ( -6.115000000000001101, 0.4000000000000000222, 4.199999999999999289 ) ) ;
#8011 = FACE_OUTER_BOUND ( 'NONE', #7140, .T. ) ;
#8012 = CARTESIAN_POINT ( 'NONE',  ( -0.8350000000000006306, 0.07499999999999990008, -5.227200187265875542 ) ) ;
#8013 = DIRECTION ( 'NONE',  ( -1.000000000000000000, 0.000000000000000000, 0.000000000000000000 ) ) ;
#8014 = EDGE_CURVE ( 'NONE', #6371, #8874, #2815, .T. ) ;
#8015 = ORIENTED_EDGE ( 'NONE', *, *, #4095, .T. ) ;
#8016 = UNCERTAINTY_MEASURE_WITH_UNIT (LENGTH_MEASURE( 1.000000000000000082E-05 ), #9914, 'distance_accuracy_value', 'NONE');
#8017 = STYLED_ITEM ( 'NONE', ( #3371 ), #9016 ) ;
#8018 = FILL_AREA_STYLE ('',( #2515 ) ) ;
#8019 = PLANE ( 'NONE',  #2484 ) ;
#8020 = VECTOR ( 'NONE', #1492, 1000.000000000000114 ) ;
#8021 = FILL_AREA_STYLE_COLOUR ( '', #2710 ) ;
#8022 = MECHANICAL_DESIGN_GEOMETRIC_PRESENTATION_REPRESENTATION (  '', ( #7388 ), #1415 ) ;
#8023 = SURFACE_SIDE_STYLE ('',( #9647 ) ) ;
#8024 = CARTESIAN_POINT ( 'NONE',  ( 0.1268651614936064098, -0.1430223053219690232, 0.2999999999999999889 ) ) ;
#8025 = DIRECTION ( 'NONE',  ( 1.000000000000000000, 0.000000000000000000, 0.000000000000000000 ) ) ;
#8026 = SURFACE_SIDE_STYLE ('',( #4048 ) ) ;
#8027 = VECTOR ( 'NONE', #2042, 1000.000000000000000 ) ;
#8028 = CARTESIAN_POINT ( 'NONE',  ( 0.000000000000000000, 0.000000000000000000, 0.2999999999999999889 ) ) ;
#8029 = EDGE_LOOP ( 'NONE', ( #2512, #5289, #4916, #7794 ) ) ;
#8030 = CARTESIAN_POINT ( 'NONE',  ( -0.3108500325488544602, -0.4186366866913621698, 0.2999999999999999889 ) ) ;
#8031 = FACE_OUTER_BOUND ( 'NONE', #5306, .T. ) ;
#8032 = PLANE ( 'NONE',  #7531 ) ;
#8033 = VECTOR ( 'NONE', #1549, 1000.000000000000000 ) ;
#8034 = COLOUR_RGB ( '',0.5019607843137254832, 0.5019607843137254832, 0.5019607843137254832 ) ;
#8035 = PLANE ( 'NONE',  #1972 ) ;
#8036 = PRESENTATION_LAYER_ASSIGNMENT (  '', '', ( #7906 ) ) ;
#8037 = CARTESIAN_POINT ( 'NONE',  ( 0.2560897937765553856, -0.3932706685705450456, 0.2999999999999999889 ) ) ;
#8039 = ORIENTED_EDGE ( 'NONE', *, *, #4822, .T. ) ;
#8038 = COLOUR_RGB ( '',0.5019607843137254832, 0.5019607843137254832, 0.5019607843137254832 ) ;
#8040 = CARTESIAN_POINT ( 'NONE',  ( 0.5293041858838503089, -0.1347905980048958452, 0.3009999999999999898 ) ) ;
#8041 = LINE ( 'NONE', #1338, #9691 ) ;
#8042 = PRESENTATION_STYLE_ASSIGNMENT (( #6724 ) ) ;
#8043 = CARTESIAN_POINT ( 'NONE',  ( 0.3756456492984844298, -0.4018637687366031774, 0.3009999999999999898 ) ) ;
#8044 = DIRECTION ( 'NONE',  ( 1.000000000000000000, 0.000000000000000000, 0.000000000000000000 ) ) ;
#8045 =( NAMED_UNIT ( * ) PLANE_ANGLE_UNIT ( ) SI_UNIT ( $, .RADIAN. ) );
#8046 = ADVANCED_FACE ( 'NONE', ( #10237 ), #9323, .F. ) ;
#8047 = CARTESIAN_POINT ( 'NONE',  ( -0.1914275214332228636, -0.4018637687366031774, 0.3009999999999999898 ) ) ;
#8048 = MECHANICAL_DESIGN_GEOMETRIC_PRESENTATION_REPRESENTATION (  '', ( #8260 ), #6173 ) ;
#8049 =( NAMED_UNIT ( * ) PLANE_ANGLE_UNIT ( ) SI_UNIT ( $, .RADIAN. ) );
#8050 = VERTEX_POINT ( 'NONE', #5491 ) ;
#8051 = PRESENTATION_STYLE_ASSIGNMENT (( #8087 ) ) ;
#8052 = EDGE_CURVE ( 'NONE', #3083, #8349, #3057, .T. ) ;
#8053 = EDGE_LOOP ( 'NONE', ( #2459, #9701, #3910, #4649 ) ) ;
#8054 = FILL_AREA_STYLE ('',( #2435 ) ) ;
#8055 = SURFACE_STYLE_FILL_AREA ( #99 ) ;
#8056 = ORIENTED_EDGE ( 'NONE', *, *, #7947, .T. ) ;
#8057 = CARTESIAN_POINT ( 'NONE',  ( 0.1604017222396391662, -0.1687730531197441652, 0.3010000000000000453 ) ) ;
#8058 = VERTEX_POINT ( 'NONE', #3053 ) ;
#8059 = DIRECTION ( 'NONE',  ( 0.7071067811865475727, -0.000000000000000000, 0.7071067811865475727 ) ) ;
#8060 = FACE_OUTER_BOUND ( 'NONE', #625, .T. ) ;
#8061 =( NAMED_UNIT ( * ) SI_UNIT ( $, .STERADIAN. ) SOLID_ANGLE_UNIT ( ) );
#8062 = DIRECTION ( 'NONE',  ( -0.5773502691896258421, 0.5773502691896255090, -0.5773502691896258421 ) ) ;
#8064 = ORIENTED_EDGE ( 'NONE', *, *, #5670, .T. ) ;
#8063 = LINE ( 'NONE', #5561, #6020 ) ;
#8065 = EDGE_CURVE ( 'NONE', #2810, #7721, #959, .T. ) ;
#8066 = AXIS2_PLACEMENT_3D ( 'NONE', #7467, #9920, #3583 ) ;
#8067 = VERTEX_POINT ( 'NONE', #4647 ) ;
#8068 =( NAMED_UNIT ( * ) SI_UNIT ( $, .STERADIAN. ) SOLID_ANGLE_UNIT ( ) );
#8069 = ORIENTED_EDGE ( 'NONE', *, *, #2017, .T. ) ;
#8070 = DIRECTION ( 'NONE',  ( -1.000000000000000000, -0.000000000000000000, -0.000000000000000000 ) ) ;
#8071 =( NAMED_UNIT ( * ) SI_UNIT ( $, .STERADIAN. ) SOLID_ANGLE_UNIT ( ) );
#8072 = ORIENTED_EDGE ( 'NONE', *, *, #894, .T. ) ;
#8073 = ORIENTED_EDGE ( 'NONE', *, *, #7214, .T. ) ;
#8074 = COLOUR_RGB ( '',0.5019607843137254832, 0.5019607843137254832, 0.5019607843137254832 ) ;
#8075 = MECHANICAL_DESIGN_GEOMETRIC_PRESENTATION_REPRESENTATION (  '', ( #1723 ), #8779 ) ;
#8076 = AXIS2_PLACEMENT_3D ( 'NONE', #4349, #1302, #5164 ) ;
#8077 =( NAMED_UNIT ( * ) PLANE_ANGLE_UNIT ( ) SI_UNIT ( $, .RADIAN. ) );
#8078 = ORIENTED_EDGE ( 'NONE', *, *, #5211, .T. ) ;
#8079 = CARTESIAN_POINT ( 'NONE',  ( 0.2368374618579532354, -0.4012688863928984828, 0.3000000000000000444 ) ) ;
#8080 = CARTESIAN_POINT ( 'NONE',  ( 0.2208037209573177617, -0.1660006524170093423, 0.2999999999999999889 ) ) ;
#8081 = EDGE_CURVE ( 'NONE', #5495, #2551, #4659, .T. ) ;
#8082 = DIRECTION ( 'NONE',  ( -0.000000000000000000, -0.000000000000000000, 1.000000000000000000 ) ) ;
#8083 = VECTOR ( 'NONE', #254, 1000.000000000000000 ) ;
#8084 = DIRECTION ( 'NONE',  ( 0.5773502691896258421, 0.5773502691896255090, -0.5773502691896258421 ) ) ;
#8085 = EDGE_CURVE ( 'NONE', #8067, #2418, #3789, .T. ) ;
#8086 = COLOUR_RGB ( '',1.000000000000000000, 1.000000000000000000, 1.000000000000000000 ) ;
#8087 = SURFACE_STYLE_USAGE ( .BOTH. , #7346 ) ;
#8088 = ORIENTED_EDGE ( 'NONE', *, *, #3834, .T. ) ;
#8089 = STYLED_ITEM ( 'NONE', ( #954 ), #4689 ) ;
#8090 =( GEOMETRIC_REPRESENTATION_CONTEXT ( 3 ) GLOBAL_UNCERTAINTY_ASSIGNED_CONTEXT ( ( #502 ) ) GLOBAL_UNIT_ASSIGNED_CONTEXT ( ( #4810, #5446, #2241 ) ) REPRESENTATION_CONTEXT ( 'NONE', 'WORKASPACE' ) );
#8091 = CARTESIAN_POINT ( 'NONE',  ( -6.465000000000000746, 0.9000000000000002442, 4.299999999999999822 ) ) ;
#8092 = CARTESIAN_POINT ( 'NONE',  ( 2.774999999999999023, 0.4000000000000000222, 4.199999999999999289 ) ) ;
#8093 = DIRECTION ( 'NONE',  ( 0.000000000000000000, 0.000000000000000000, 1.000000000000000000 ) ) ;
#8094 = CARTESIAN_POINT ( 'NONE',  ( -1.905000000000000471, -0.07500000000000012212, -2.399999999999999911 ) ) ;
#8095 = ORIENTED_EDGE ( 'NONE', *, *, #3936, .T. ) ;
#8096 = UNCERTAINTY_MEASURE_WITH_UNIT (LENGTH_MEASURE( 1.000000000000000082E-05 ), #3458, 'distance_accuracy_value', 'NONE');
#8097 = DIRECTION ( 'NONE',  ( -0.7071067811865475727, 0.000000000000000000, 0.7071067811865475727 ) ) ;
#8098 = CARTESIAN_POINT ( 'NONE',  ( 0.3071166857366123271, -0.1747657500427520216, 0.3009999999999998788 ) ) ;
#8099 = CARTESIAN_POINT ( 'NONE',  ( -0.6350000000000001199, -0.07500000000000012212, -2.199999999999999734 ) ) ;
#8100 = FILL_AREA_STYLE_COLOUR ( '', #1696 ) ;
#8101 =( NAMED_UNIT ( * ) PLANE_ANGLE_UNIT ( ) SI_UNIT ( $, .RADIAN. ) );
#8102 = ADVANCED_FACE ( 'NONE', ( #199 ), #702, .T. ) ;
#8103 = VERTEX_POINT ( 'NONE', #5592 ) ;
#8104 = AXIS2_PLACEMENT_3D ( 'NONE', #9035, #7465, #8254 ) ;
#8105 = PRESENTATION_STYLE_ASSIGNMENT (( #9339 ) ) ;
#8106 = CARTESIAN_POINT ( 'NONE',  ( -0.09264703362834485201, -0.4347905980048958341, 0.3009999999999999898 ) ) ;
#8107 = LINE ( 'NONE', #5888, #6062 ) ;
#8108 = STYLED_ITEM ( 'NONE', ( #7832 ), #2333 ) ;
#8109 = PLANE ( 'NONE',  #9909 ) ;
#8110 = SURFACE_STYLE_USAGE ( .BOTH. , #8869 ) ;
#8111 = DIRECTION ( 'NONE',  ( 0.9466707760722533616, 0.3222024856061133091, -0.000000000000000000 ) ) ;
#8112 = VECTOR ( 'NONE', #442, 1000.000000000000000 ) ;
#8113 = LINE ( 'NONE', #6784, #6663 ) ;
#8114 = DIRECTION ( 'NONE',  ( 1.000000000000000000, 0.000000000000000000, 0.000000000000000000 ) ) ;
#8115 = CARTESIAN_POINT ( 'NONE',  ( -0.4350000000000004974, -0.07500000000000012212, -2.199999999999999734 ) ) ;
#8116 = UNCERTAINTY_MEASURE_WITH_UNIT (LENGTH_MEASURE( 1.000000000000000082E-05 ), #4423, 'distance_accuracy_value', 'NONE');
#8117 = CARTESIAN_POINT ( 'NONE',  ( 0.3094857791778235501, -0.2743343695727927800, 0.3009999999999999898 ) ) ;
#8118 = VECTOR ( 'NONE', #8781, 1000.000000000000000 ) ;
#8119 =( GEOMETRIC_REPRESENTATION_CONTEXT ( 3 ) GLOBAL_UNCERTAINTY_ASSIGNED_CONTEXT ( ( #4720 ) ) GLOBAL_UNIT_ASSIGNED_CONTEXT ( ( #10153, #4548, #4574 ) ) REPRESENTATION_CONTEXT ( 'NONE', 'WORKASPACE' ) );
#8120 = DIRECTION ( 'NONE',  ( -0.000000000000000000, -0.000000000000000000, -1.000000000000000000 ) ) ;
#8121 =( LENGTH_UNIT ( ) NAMED_UNIT ( * ) SI_UNIT ( .MILLI., .METRE. ) );
#8122 = FACE_OUTER_BOUND ( 'NONE', #3525, .T. ) ;
#8123 = PLANE ( 'NONE',  #1255 ) ;
#8124 = VECTOR ( 'NONE', #2963, 1000.000000000000000 ) ;
#8125 = EDGE_LOOP ( 'NONE', ( #1216, #3417, #9849, #3743 ) ) ;
#8126 = ORIENTED_EDGE ( 'NONE', *, *, #7287, .F. ) ;
#8127 = SURFACE_STYLE_USAGE ( .BOTH. , #7415 ) ;
#8128 = EDGE_CURVE ( 'NONE', #2060, #8731, #1467, .T. ) ;
#8129 = AXIS2_PLACEMENT_3D ( 'NONE', #8012, #2469, #7180 ) ;
#8130 = LINE ( 'NONE', #4711, #133 ) ;
#8131 =( GEOMETRIC_REPRESENTATION_CONTEXT ( 3 ) GLOBAL_UNCERTAINTY_ASSIGNED_CONTEXT ( ( #3009 ) ) GLOBAL_UNIT_ASSIGNED_CONTEXT ( ( #7872, #3162, #4841 ) ) REPRESENTATION_CONTEXT ( 'NONE', 'WORKASPACE' ) );
#8132 = CARTESIAN_POINT ( 'NONE',  ( -0.6853299604576130744, -0.4347905980048958341, 0.3009999999999999898 ) ) ;
#8133 = CARTESIAN_POINT ( 'NONE',  ( 5.214999999999998082, 0.5000000000000011102, 4.299999999999999822 ) ) ;
#8134 = SURFACE_SIDE_STYLE ('',( #1876 ) ) ;
#8135 =( NAMED_UNIT ( * ) SI_UNIT ( $, .STERADIAN. ) SOLID_ANGLE_UNIT ( ) );
#8136 = FACE_OUTER_BOUND ( 'NONE', #6654, .T. ) ;
#8137 = STYLED_ITEM ( 'NONE', ( #6718 ), #2919 ) ;
#8138 = PRESENTATION_LAYER_ASSIGNMENT (  '', '', ( #6392 ) ) ;
#8139 = ORIENTED_EDGE ( 'NONE', *, *, #5691, .F. ) ;
#8140 = CARTESIAN_POINT ( 'NONE',  ( -6.115000000000001101, -0.5000000000000011102, 4.299999999999999822 ) ) ;
#8141 = PRESENTATION_STYLE_ASSIGNMENT (( #2016 ) ) ;
#8142 = DIRECTION ( 'NONE',  ( 0.000000000000000000, -1.000000000000000000, 0.000000000000000000 ) ) ;
#8143 = FILL_AREA_STYLE ('',( #3582 ) ) ;
#8144 = EDGE_CURVE ( 'NONE', #217, #9121, #8842, .T. ) ;
#8145 = CARTESIAN_POINT ( 'NONE',  ( -0.2722996504129450157, -0.3976309185698603810, 0.2999999999999999889 ) ) ;
#8146 = VECTOR ( 'NONE', #1568, 1000.000000000000000 ) ;
#8147 = FILL_AREA_STYLE ('',( #3342 ) ) ;
#8148 = FILL_AREA_STYLE ('',( #279 ) ) ;
#8149 = ORIENTED_EDGE ( 'NONE', *, *, #2544, .T. ) ;
#8150 = CARTESIAN_POINT ( 'NONE',  ( -0.3365880631115789612, -0.1650457537993336443, 0.2999999999999999889 ) ) ;
#8151 = VECTOR ( 'NONE', #6597, 1000.000000000000000 ) ;
#8152 = CARTESIAN_POINT ( 'NONE',  ( 0.2424373883074362468, -0.1722036493703586191, 0.3009999999999999343 ) ) ;
#8153 = AXIS2_PLACEMENT_3D ( 'NONE', #9147, #6769, #1345 ) ;
#8154 = VECTOR ( 'NONE', #7407, 1000.000000000000114 ) ;
#8155 = PRESENTATION_LAYER_ASSIGNMENT (  '', '', ( #4498 ) ) ;
#8156 = STYLED_ITEM ( 'NONE', ( #7997 ), #1231 ) ;
#8157 = DIRECTION ( 'NONE',  ( -0.000000000000000000, 0.000000000000000000, -1.000000000000000000 ) ) ;
#8158 = DIRECTION ( 'NONE',  ( -0.000000000000000000, -1.000000000000000000, -0.000000000000000000 ) ) ;
#8159 = ADVANCED_FACE ( 'NONE', ( #4157 ), #3112, .T. ) ;
#8160 = VECTOR ( 'NONE', #1882, 1000.000000000000000 ) ;
#8161 = PLANE ( 'NONE',  #4269 ) ;
#8162 = VERTEX_POINT ( 'NONE', #7045 ) ;
#8163 = UNCERTAINTY_MEASURE_WITH_UNIT (LENGTH_MEASURE( 1.000000000000000082E-05 ), #3271, 'distance_accuracy_value', 'NONE');
#8164 = SURFACE_STYLE_FILL_AREA ( #184 ) ;
#8165 = CARTESIAN_POINT ( 'NONE',  ( -0.07801288728688136886, -0.2664979150780665829, 0.3009999999999999898 ) ) ;
#8166 = COLOUR_RGB ( '',0.5019607843137254832, 0.5019607843137254832, 0.5019607843137254832 ) ;
#8167 = EDGE_CURVE ( 'NONE', #6915, #5007, #8335, .T. ) ;
#8168 =( GEOMETRIC_REPRESENTATION_CONTEXT ( 3 ) GLOBAL_UNCERTAINTY_ASSIGNED_CONTEXT ( ( #6193 ) ) GLOBAL_UNIT_ASSIGNED_CONTEXT ( ( #147, #7273, #1660 ) ) REPRESENTATION_CONTEXT ( 'NONE', 'WORKASPACE' ) );
#8169 = CARTESIAN_POINT ( 'NONE',  ( -0.4145982531405399407, -0.4347905980048958341, 0.2999999999999999889 ) ) ;
#8170 = ORIENTED_EDGE ( 'NONE', *, *, #7576, .F. ) ;
#8171 =( NAMED_UNIT ( * ) SI_UNIT ( $, .STERADIAN. ) SOLID_ANGLE_UNIT ( ) );
#8172 =( NAMED_UNIT ( * ) PLANE_ANGLE_UNIT ( ) SI_UNIT ( $, .RADIAN. ) );
#8173 = PRESENTATION_LAYER_ASSIGNMENT (  '', '', ( #2727 ) ) ;
#8174 = FILL_AREA_STYLE_COLOUR ( '', #5343 ) ;
#8175 = VECTOR ( 'NONE', #5650, 1000.000000000000000 ) ;
#8176 = FILL_AREA_STYLE_COLOUR ( '', #4167 ) ;
#8177 = CARTESIAN_POINT ( 'NONE',  ( -0.2340151738722471841, -0.4018637687366031774, 0.2999999999999999889 ) ) ;
#8178 = VECTOR ( 'NONE', #1968, 1000.000000000000000 ) ;
#8179 = CARTESIAN_POINT ( 'NONE',  ( -0.3817883058157574006, -0.3438595756486165222, 0.3000000000000000999 ) ) ;
#8180 =( NAMED_UNIT ( * ) PLANE_ANGLE_UNIT ( ) SI_UNIT ( $, .RADIAN. ) );
#8181 =( NAMED_UNIT ( * ) PLANE_ANGLE_UNIT ( ) SI_UNIT ( $, .RADIAN. ) );
#8182 = ORIENTED_EDGE ( 'NONE', *, *, #121, .T. ) ;
#8183 = DIRECTION ( 'NONE',  ( -1.000000000000000000, 1.016439536705160037E-16, 0.000000000000000000 ) ) ;
#8184 = SURFACE_SIDE_STYLE ('',( #286 ) ) ;
#8185 = MECHANICAL_DESIGN_GEOMETRIC_PRESENTATION_REPRESENTATION (  '', ( #3927 ), #9274 ) ;
#8186 = LINE ( 'NONE', #5433, #1931 ) ;
#8187 = ORIENTED_EDGE ( 'NONE', *, *, #6865, .T. ) ;
#8188 = CARTESIAN_POINT ( 'NONE',  ( -0.5477918507015154814, -0.1713759638585543588, 0.3009999999999999898 ) ) ;
#8189 =( NAMED_UNIT ( * ) SI_UNIT ( $, .STERADIAN. ) SOLID_ANGLE_UNIT ( ) );
#8190 = SURFACE_SIDE_STYLE ('',( #9325 ) ) ;
#8191 = CARTESIAN_POINT ( 'NONE',  ( 3.574999999999999289, -0.4000000000000000222, 4.199999999999999289 ) ) ;
#8192 = VERTEX_POINT ( 'NONE', #849 ) ;
#8193 = VERTEX_POINT ( 'NONE', #7113 ) ;
#8194 = SURFACE_SIDE_STYLE ('',( #10055 ) ) ;
#8195 = ORIENTED_EDGE ( 'NONE', *, *, #5304, .F. ) ;
#8196 = VECTOR ( 'NONE', #8062, 1000.000000000000114 ) ;
#8197 = EDGE_CURVE ( 'NONE', #4838, #471, #8063, .T. ) ;
#8198 = CARTESIAN_POINT ( 'NONE',  ( 0.2263325207646148529, -0.4037137094369415702, 0.2999999999999998779 ) ) ;
#8199 = VERTEX_POINT ( 'NONE', #10252 ) ;
#8200 = FACE_OUTER_BOUND ( 'NONE', #5564, .T. ) ;
#8201 = ORIENTED_EDGE ( 'NONE', *, *, #692, .T. ) ;
#8202 = FACE_OUTER_BOUND ( 'NONE', #4544, .T. ) ;
#8203 = ORIENTED_EDGE ( 'NONE', *, *, #8293, .F. ) ;
#8204 = CARTESIAN_POINT ( 'NONE',  ( -4.845000000000001528, -0.4000000000000000222, 4.199999999999999289 ) ) ;
#8205 = FILL_AREA_STYLE_COLOUR ( '', #7314 ) ;
#8206 = CARTESIAN_POINT ( 'NONE',  ( -0.2399447311244230774, -0.1678053255239168595, 0.3009999999999999898 ) ) ;
#8207 = CARTESIAN_POINT ( 'NONE',  ( -0.5280128872868813383, -0.1347905980048958452, 0.3009999999999999898 ) ) ;
#8208 = LINE ( 'NONE', #9595, #5910 ) ;
#8209 = CARTESIAN_POINT ( 'NONE',  ( -5.515000000000000568, -0.07500000000000012212, -5.227200187265875542 ) ) ;
#8210 = VERTEX_POINT ( 'NONE', #2463 ) ;
#8211 = ORIENTED_EDGE ( 'NONE', *, *, #4476, .F. ) ;
#8212 = AXIS2_PLACEMENT_3D ( 'NONE', #4427, #3683, #7571 ) ;
#8213 = SURFACE_STYLE_USAGE ( .BOTH. , #2731 ) ;
#8214 = ADVANCED_FACE ( 'NONE', ( #9977 ), #5022, .T. ) ;
#8215 = VECTOR ( 'NONE', #9735, 1000.000000000000114 ) ;
#8216 = DIRECTION ( 'NONE',  ( -1.016439536705160037E-16, -1.000000000000000000, -0.000000000000000000 ) ) ;
#8217 = ORIENTED_EDGE ( 'NONE', *, *, #5279, .F. ) ;
#8218 = DIRECTION ( 'NONE',  ( -0.000000000000000000, 0.000000000000000000, -1.000000000000000000 ) ) ;
#8219 = DIRECTION ( 'NONE',  ( 1.000000000000000000, 0.000000000000000000, 0.000000000000000000 ) ) ;
#8220 =( NAMED_UNIT ( * ) PLANE_ANGLE_UNIT ( ) SI_UNIT ( $, .RADIAN. ) );
#8221 = MECHANICAL_DESIGN_GEOMETRIC_PRESENTATION_REPRESENTATION (  '', ( #6513 ), #7562 ) ;
#8222 = PRESENTATION_LAYER_ASSIGNMENT (  '', '', ( #9303 ) ) ;
#8223 = CARTESIAN_POINT ( 'NONE',  ( 1.504999999999998561, 0.4000000000000000222, 4.199999999999999289 ) ) ;
#8224 = VERTEX_POINT ( 'NONE', #1854 ) ;
#8225 = CARTESIAN_POINT ( 'NONE',  ( -4.645000000000000462, -0.07500000000000009437, -5.227200187265875542 ) ) ;
#8226 = ORIENTED_EDGE ( 'NONE', *, *, #5553, .F. ) ;
#8227 =( LENGTH_UNIT ( ) NAMED_UNIT ( * ) SI_UNIT ( .MILLI., .METRE. ) );
#8228 = PRESENTATION_STYLE_ASSIGNMENT (( #2800 ) ) ;
#8229 = CARTESIAN_POINT ( 'NONE',  ( -0.4145982531405399407, -0.4347905980048958341, 0.2999999999999999889 ) ) ;
#8230 = SURFACE_STYLE_USAGE ( .BOTH. , #1140 ) ;
#8231 = CARTESIAN_POINT ( 'NONE',  ( 0.2977926420137664287, -0.2259458659165182737, 0.2999999999999999889 ) ) ;
#8232 =( NAMED_UNIT ( * ) PLANE_ANGLE_UNIT ( ) SI_UNIT ( $, .RADIAN. ) );
#8233 = EDGE_CURVE ( 'NONE', #6873, #7668, #7589, .T. ) ;
#8234 = ORIENTED_EDGE ( 'NONE', *, *, #9496, .T. ) ;
#8235 = SURFACE_SIDE_STYLE ('',( #9572 ) ) ;
#8236 = PRESENTATION_STYLE_ASSIGNMENT (( #3892 ) ) ;
#8237 =( GEOMETRIC_REPRESENTATION_CONTEXT ( 3 ) GLOBAL_UNCERTAINTY_ASSIGNED_CONTEXT ( ( #3092 ) ) GLOBAL_UNIT_ASSIGNED_CONTEXT ( ( #7565, #4456, #7946 ) ) REPRESENTATION_CONTEXT ( 'NONE', 'WORKASPACE' ) );
#8238 = CARTESIAN_POINT ( 'NONE',  ( -0.08532996045761305492, -0.1347905980048958452, 0.3009999999999999898 ) ) ;
#8239 = UNCERTAINTY_MEASURE_WITH_UNIT (LENGTH_MEASURE( 1.000000000000000082E-05 ), #4096, 'distance_accuracy_value', 'NONE');
#8240 = MECHANICAL_DESIGN_GEOMETRIC_PRESENTATION_REPRESENTATION (  '', ( #4233 ), #5113 ) ;
#8241 = ORIENTED_EDGE ( 'NONE', *, *, #7225, .F. ) ;
#8242 =( LENGTH_UNIT ( ) NAMED_UNIT ( * ) SI_UNIT ( .MILLI., .METRE. ) );
#8243 = SURFACE_STYLE_USAGE ( .BOTH. , #2026 ) ;
#8244 = CARTESIAN_POINT ( 'NONE',  ( -0.3901176431988317428, -0.3140006303143036970, 0.2999999999999999334 ) ) ;
#8245 = CARTESIAN_POINT ( 'NONE',  ( 0.3756456492984844298, -0.4347905980048958341, 0.3009999999999999898 ) ) ;
#8246 = CARTESIAN_POINT ( 'NONE',  ( 0.5293041858838503089, -0.1347905980048958452, 0.3009999999999999898 ) ) ;
#8247 = LINE ( 'NONE', #6658, #4568 ) ;
#8248 = PRESENTATION_LAYER_ASSIGNMENT (  '', '', ( #7725 ) ) ;
#8249 = DIRECTION ( 'NONE',  ( 1.000000000000000000, 0.000000000000000000, 0.000000000000000000 ) ) ;
#8250 = SURFACE_STYLE_FILL_AREA ( #10122 ) ;
#8251 = FILL_AREA_STYLE_COLOUR ( '', #5789 ) ;
#8252 = ORIENTED_EDGE ( 'NONE', *, *, #8828, .T. ) ;
#8253 = UNCERTAINTY_MEASURE_WITH_UNIT (LENGTH_MEASURE( 1.000000000000000082E-05 ), #918, 'distance_accuracy_value', 'NONE');
#8254 = DIRECTION ( 'NONE',  ( 1.000000000000000000, 0.000000000000000000, 0.000000000000000000 ) ) ;
#8255 = PRESENTATION_STYLE_ASSIGNMENT (( #2326 ) ) ;
#8256 =( NAMED_UNIT ( * ) SI_UNIT ( $, .STERADIAN. ) SOLID_ANGLE_UNIT ( ) );
#8257 = DIRECTION ( 'NONE',  ( 0.000000000000000000, -1.000000000000000000, 0.000000000000000000 ) ) ;
#8258 = SURFACE_STYLE_USAGE ( .BOTH. , #8190 ) ;
#8259 = LINE ( 'NONE', #9594, #7523 ) ;
#8260 = STYLED_ITEM ( 'NONE', ( #9519 ), #6384 ) ;
#8261 = CARTESIAN_POINT ( 'NONE',  ( -0.3448219652454783679, -0.3323261827152385051, 0.3010000000000000453 ) ) ;
#8262 = EDGE_CURVE ( 'NONE', #7118, #1782, #8457, .T. ) ;
#8263 = LINE ( 'NONE', #5085, #396 ) ;
#8264 = CARTESIAN_POINT ( 'NONE',  ( 5.915000000000000036, -0.07500000000000012212, -2.199999999999999734 ) ) ;
#8265 = FILL_AREA_STYLE ('',( #2779 ) ) ;
#8266 = VERTEX_POINT ( 'NONE', #3375 ) ;
#8267 = CARTESIAN_POINT ( 'NONE',  ( -0.1914275214332228636, -0.1677174272731885296, 0.3009999999999999898 ) ) ;
#8268 = ADVANCED_FACE ( 'NONE', ( #947 ), #6126, .T. ) ;
#8269 = LINE ( 'NONE', #6291, #3220 ) ;
#8270 = DIRECTION ( 'NONE',  ( 1.016439536705160037E-16, 1.000000000000000000, 0.000000000000000000 ) ) ;
#8271 = CARTESIAN_POINT ( 'NONE',  ( -0.5458093791615163948, -0.1775478187908716143, 0.3009999999999999898 ) ) ;
#8272 = EDGE_CURVE ( 'NONE', #3630, #228, #2925, .T. ) ;
#8273 = FACE_OUTER_BOUND ( 'NONE', #6422, .T. ) ;
#8274 = AXIS2_PLACEMENT_3D ( 'NONE', #3479, #9884, #2675 ) ;
#8275 = VERTEX_POINT ( 'NONE', #4997 ) ;
#8276 = DIRECTION ( 'NONE',  ( 0.000000000000000000, 0.7071067811865477948, 0.7071067811865473507 ) ) ;
#8277 = EDGE_CURVE ( 'NONE', #3065, #6271, #693, .T. ) ;
#8278 = CARTESIAN_POINT ( 'NONE',  ( 3.374999999999999556, 0.07499999999999984457, -5.227200187265875542 ) ) ;
#8279 = LINE ( 'NONE', #7269, #6446 ) ;
#8280 = SURFACE_SIDE_STYLE ('',( #3427 ) ) ;
#8281 =( NAMED_UNIT ( * ) PLANE_ANGLE_UNIT ( ) SI_UNIT ( $, .RADIAN. ) );
#8282 =( NAMED_UNIT ( * ) PLANE_ANGLE_UNIT ( ) SI_UNIT ( $, .RADIAN. ) );
#8283 =( NAMED_UNIT ( * ) SI_UNIT ( $, .STERADIAN. ) SOLID_ANGLE_UNIT ( ) );
#8284 = PRESENTATION_LAYER_ASSIGNMENT (  '', '', ( #7759 ) ) ;
#8285 = STYLED_ITEM ( 'NONE', ( #992 ), #7041 ) ;
#8286 =( NAMED_UNIT ( * ) PLANE_ANGLE_UNIT ( ) SI_UNIT ( $, .RADIAN. ) );
#8287 = SURFACE_STYLE_FILL_AREA ( #7739 ) ;
#8288 = DIRECTION ( 'NONE',  ( 0.000000000000000000, -1.000000000000000000, 0.000000000000000000 ) ) ;
#8289 = EDGE_LOOP ( 'NONE', ( #540, #6526, #7462, #1079 ) ) ;
#8290 =( LENGTH_UNIT ( ) NAMED_UNIT ( * ) SI_UNIT ( .MILLI., .METRE. ) );
#8291 = SURFACE_STYLE_USAGE ( .BOTH. , #5949 ) ;
#8292 = VECTOR ( 'NONE', #2278, 1000.000000000000000 ) ;
#8293 = EDGE_CURVE ( 'NONE', #3495, #6835, #6735, .T. ) ;
#8294 = CARTESIAN_POINT ( 'NONE',  ( -0.3754844338937847747, -0.2079589841106359305, 0.3009999999999999898 ) ) ;
#8295 = CARTESIAN_POINT ( 'NONE',  ( -0.3029703435130143285, -0.1836569452220042087, 0.3010000000000001008 ) ) ;
#8296 = PLANE ( 'NONE',  #8635 ) ;
#8297 = PLANE ( 'NONE',  #7418 ) ;
#8298 = CARTESIAN_POINT ( 'NONE',  ( -0.2413560013848350672, -0.1349134455906705887, 0.3009999999999999898 ) ) ;
#8299 = EDGE_CURVE ( 'NONE', #2508, #2996, #9079, .T. ) ;
#8300 = VERTEX_POINT ( 'NONE', #8115 ) ;
#8301 =( NAMED_UNIT ( * ) SI_UNIT ( $, .STERADIAN. ) SOLID_ANGLE_UNIT ( ) );
#8302 = UNCERTAINTY_MEASURE_WITH_UNIT (LENGTH_MEASURE( 1.000000000000000082E-05 ), #3610, 'distance_accuracy_value', 'NONE');
#8303 = MECHANICAL_DESIGN_GEOMETRIC_PRESENTATION_REPRESENTATION (  '', ( #9186 ), #2444 ) ;
#8304 = COLOUR_RGB ( '',1.000000000000000000, 1.000000000000000000, 1.000000000000000000 ) ;
#8305 = AXIS2_PLACEMENT_3D ( 'NONE', #6386, #1674, #6932 ) ;
#8306 = VECTOR ( 'NONE', #4566, 1000.000000000000000 ) ;
#8307 = STYLED_ITEM ( 'NONE', ( #2609 ), #1178 ) ;
#8308 = LINE ( 'NONE', #3704, #10198 ) ;
#8309 = ORIENTED_EDGE ( 'NONE', *, *, #8512, .F. ) ;
#8310 =( LENGTH_UNIT ( ) NAMED_UNIT ( * ) SI_UNIT ( .MILLI., .METRE. ) );
#8311 = EDGE_LOOP ( 'NONE', ( #595, #2455, #4661, #7936 ) ) ;
#8312 = DIRECTION ( 'NONE',  ( 0.000000000000000000, -0.000000000000000000, 1.000000000000000000 ) ) ;
#8313 = FACE_OUTER_BOUND ( 'NONE', #3901, .T. ) ;
#8314 =( GEOMETRIC_REPRESENTATION_CONTEXT ( 3 ) GLOBAL_UNCERTAINTY_ASSIGNED_CONTEXT ( ( #4363 ) ) GLOBAL_UNIT_ASSIGNED_CONTEXT ( ( #2383, #4, #4044 ) ) REPRESENTATION_CONTEXT ( 'NONE', 'WORKASPACE' ) );
#8315 = SURFACE_STYLE_USAGE ( .BOTH. , #3702 ) ;
#8316 = ORIENTED_EDGE ( 'NONE', *, *, #5487, .T. ) ;
#8317 = CARTESIAN_POINT ( 'NONE',  ( -6.465000000000000746, 0.9000000000000002442, 4.299999999999999822 ) ) ;
#8319 = MECHANICAL_DESIGN_GEOMETRIC_PRESENTATION_REPRESENTATION (  '', ( #1027 ), #3707 ) ;
#8318 = COLOUR_RGB ( '',1.000000000000000000, 1.000000000000000000, 1.000000000000000000 ) ;
#8320 = SURFACE_SIDE_STYLE ('',( #5209 ) ) ;
#8321 = SURFACE_SIDE_STYLE ('',( #1479 ) ) ;
#8322 = VERTEX_POINT ( 'NONE', #7336 ) ;
#8323 = CARTESIAN_POINT ( 'NONE',  ( -6.115000000000001101, 0.4000000000000000222, 1.300000000000000044 ) ) ;
#8324 = LINE ( 'NONE', #8867, #4015 ) ;
#8325 = DIRECTION ( 'NONE',  ( 1.355252715606880296E-16, 1.000000000000000000, 0.000000000000000000 ) ) ;
#8326 = PRESENTATION_STYLE_ASSIGNMENT (( #5974 ) ) ;
#8327 = ADVANCED_FACE ( 'NONE', ( #5036 ), #1682, .T. ) ;
#8328 = ORIENTED_EDGE ( 'NONE', *, *, #6152, .F. ) ;
#8329 = DIRECTION ( 'NONE',  ( 1.000000000000000000, 0.000000000000000000, -0.000000000000000000 ) ) ;
#8330 = PRESENTATION_STYLE_ASSIGNMENT (( #4454 ) ) ;
#8331 =( NAMED_UNIT ( * ) PLANE_ANGLE_UNIT ( ) SI_UNIT ( $, .RADIAN. ) );
#8332 = VERTEX_POINT ( 'NONE', #5816 ) ;
#8333 = DIRECTION ( 'NONE',  ( -0.000000000000000000, -0.000000000000000000, 1.000000000000000000 ) ) ;
#8334 =( GEOMETRIC_REPRESENTATION_CONTEXT ( 3 ) GLOBAL_UNCERTAINTY_ASSIGNED_CONTEXT ( ( #282 ) ) GLOBAL_UNIT_ASSIGNED_CONTEXT ( ( #9236, #4516, #6167 ) ) REPRESENTATION_CONTEXT ( 'NONE', 'WORKASPACE' ) );
#8335 = LINE ( 'NONE', #4052, #2427 ) ;
#8336 = CARTESIAN_POINT ( 'NONE',  ( 0.2038659236887283288, -0.4055223053219689788, 0.2999999999999999889 ) ) ;
#8338 = ORIENTED_EDGE ( 'NONE', *, *, #3405, .F. ) ;
#8337 = SURFACE_SIDE_STYLE ('',( #3202 ) ) ;
#8339 =( LENGTH_UNIT ( ) NAMED_UNIT ( * ) SI_UNIT ( .MILLI., .METRE. ) );
#8340 = COLOUR_RGB ( '',0.5019607843137254832, 0.5019607843137254832, 0.5019607843137254832 ) ;
#8341 = ORIENTED_EDGE ( 'NONE', *, *, #27, .T. ) ;
#8342 = CARTESIAN_POINT ( 'NONE',  ( -0.5434517905224323098, -0.1880894553950496761, 0.2999999999999999889 ) ) ;
#8343 = LINE ( 'NONE', #3072, #4298 ) ;
#8344 = EDGE_LOOP ( 'NONE', ( #5285, #6323, #715, #297 ) ) ;
#8345 = LINE ( 'NONE', #7587, #3801 ) ;
#8346 = CARTESIAN_POINT ( 'NONE',  ( 0.2011853054188131040, -0.1641462915136159550, 0.3009999999999999898 ) ) ;
#8347 = EDGE_CURVE ( 'NONE', #10219, #9682, #3036, .T. ) ;
#8348 = MECHANICAL_DESIGN_GEOMETRIC_PRESENTATION_REPRESENTATION (  '', ( #632 ), #3804 ) ;
#8349 = VERTEX_POINT ( 'NONE', #6421 ) ;
#8350 = PRESENTATION_LAYER_ASSIGNMENT (  '', '', ( #3392 ) ) ;
#8351 = FILL_AREA_STYLE ('',( #6777 ) ) ;
#8352 = VERTEX_POINT ( 'NONE', #6697 ) ;
#8353 = ADVANCED_FACE ( 'NONE', ( #6615 ), #9925, .F. ) ;
#8354 = AXIS2_PLACEMENT_3D ( 'NONE', #4774, #5705, #31 ) ;
#8355 = COLOUR_RGB ( '',1.000000000000000000, 1.000000000000000000, 1.000000000000000000 ) ;
#8356 = CARTESIAN_POINT ( 'NONE',  ( -0.3585743969518460639, -0.3820882088897392115, 0.3009999999999999898 ) ) ;
#8357 = VERTEX_POINT ( 'NONE', #1208 ) ;
#8358 = CARTESIAN_POINT ( 'NONE',  ( -3.375000000000000444, 0.07499999999999990008, -5.227200187265875542 ) ) ;
#8359 = FACE_BOUND ( 'NONE', #2625, .T. ) ;
#8360 = DIRECTION ( 'NONE',  ( 0.5773502691896258421, 0.5773502691896255090, 0.5773502691896258421 ) ) ;
#8361 = DIRECTION ( 'NONE',  ( -0.000000000000000000, 1.000000000000000000, -0.000000000000000000 ) ) ;
#8362 =( NAMED_UNIT ( * ) SI_UNIT ( $, .STERADIAN. ) SOLID_ANGLE_UNIT ( ) );
#8363 = FILL_AREA_STYLE_COLOUR ( '', #5519 ) ;
#8364 = UNCERTAINTY_MEASURE_WITH_UNIT (LENGTH_MEASURE( 1.000000000000000082E-05 ), #8654, 'distance_accuracy_value', 'NONE');
#8365 = LINE ( 'NONE', #563, #9370 ) ;
#8366 = ORIENTED_EDGE ( 'NONE', *, *, #7250, .T. ) ;
#8367 = CARTESIAN_POINT ( 'NONE',  ( 4.644999999999999574, -0.07500000000000012212, -5.227200187265875542 ) ) ;
#8368 = VECTOR ( 'NONE', #5193, 1000.000000000000000 ) ;
#8369 = PRESENTATION_LAYER_ASSIGNMENT (  '', '', ( #6277 ) ) ;
#8370 = CARTESIAN_POINT ( 'NONE',  ( 0.1825668594184698124, -0.4044185704957131700, 0.2999999999999998779 ) ) ;
#8371 =( NAMED_UNIT ( * ) PLANE_ANGLE_UNIT ( ) SI_UNIT ( $, .RADIAN. ) );
#8372 = ORIENTED_EDGE ( 'NONE', *, *, #8014, .T. ) ;
#8373 = ORIENTED_EDGE ( 'NONE', *, *, #7740, .F. ) ;
#8374 = CARTESIAN_POINT ( 'NONE',  ( -1.035000000000001252, -0.4000000000000000222, 1.300000000000000044 ) ) ;
#8375 = SURFACE_STYLE_FILL_AREA ( #7241 ) ;
#8376 = UNCERTAINTY_MEASURE_WITH_UNIT (LENGTH_MEASURE( 1.000000000000000082E-05 ), #1677, 'distance_accuracy_value', 'NONE');
#8377 = CARTESIAN_POINT ( 'NONE',  ( -0.1511836189941984931, -0.1347905980048958452, 0.3009999999999999898 ) ) ;
#8378 = CARTESIAN_POINT ( 'NONE',  ( 0.1268651614936064098, -0.4192418175170909422, 0.3009999999999999898 ) ) ;
#8379 = ADVANCED_FACE ( 'NONE', ( #2415 ), #1069, .T. ) ;
#8380 = EDGE_CURVE ( 'NONE', #1090, #461, #9964, .T. ) ;
#8381 = SURFACE_STYLE_FILL_AREA ( #6101 ) ;
#8382 = ORIENTED_EDGE ( 'NONE', *, *, #5475, .F. ) ;
#8383 = MECHANICAL_DESIGN_GEOMETRIC_PRESENTATION_REPRESENTATION (  '', ( #7846 ), #8237 ) ;
#8384 = AXIS2_PLACEMENT_3D ( 'NONE', #2665, #9034, #383 ) ;
#8385 = VECTOR ( 'NONE', #8833, 1000.000000000000000 ) ;
#8386 = PRESENTATION_STYLE_ASSIGNMENT (( #7979 ) ) ;
#8387 = CARTESIAN_POINT ( 'NONE',  ( -6.464999999999997193, -0.5000000000000000000, 0.000000000000000000 ) ) ;
#8388 = CARTESIAN_POINT ( 'NONE',  ( -2.775000000000000355, 0.4000000000000000222, 1.300000000000000044 ) ) ;
#8389 = ORIENTED_EDGE ( 'NONE', *, *, #1521, .F. ) ;
#8390 = CARTESIAN_POINT ( 'NONE',  ( 0.3287586780391846264, -0.3760208553590883018, 0.2999999999999999334 ) ) ;
#8391 = CARTESIAN_POINT ( 'NONE',  ( -1.705000000000000737, 0.07499999999999984457, 0.2999999999999999889 ) ) ;
#8392 = CARTESIAN_POINT ( 'NONE',  ( -0.3524031311893204288, -0.2818752016634324398, 0.2999999999999999334 ) ) ;
#8393 = FILL_AREA_STYLE ('',( #8100 ) ) ;
#8394 =( NAMED_UNIT ( * ) SI_UNIT ( $, .STERADIAN. ) SOLID_ANGLE_UNIT ( ) );
#8395 = FACE_OUTER_BOUND ( 'NONE', #6330, .T. ) ;
#8396 = VECTOR ( 'NONE', #10061, 1000.000000000000000 ) ;
#8397 = SURFACE_STYLE_FILL_AREA ( #6035 ) ;
#8398 = CARTESIAN_POINT ( 'NONE',  ( -6.465000000000000746, 0.9000000000000002442, 0.000000000000000000 ) ) ;
#8399 = CARTESIAN_POINT ( 'NONE',  ( -0.3901124419615973893, -0.2494397315770706947, 0.3010000000000000453 ) ) ;
#8400 =( GEOMETRIC_REPRESENTATION_CONTEXT ( 3 ) GLOBAL_UNCERTAINTY_ASSIGNED_CONTEXT ( ( #1384 ) ) GLOBAL_UNIT_ASSIGNED_CONTEXT ( ( #1080, #4205, #9874 ) ) REPRESENTATION_CONTEXT ( 'NONE', 'WORKASPACE' ) );
#8401 = LINE ( 'NONE', #7221, #2118 ) ;
#8403 = ADVANCED_FACE ( 'NONE', ( #10085 ), #491, .F. ) ;
#8402 = SURFACE_STYLE_USAGE ( .BOTH. , #6861 ) ;
#8404 = CARTESIAN_POINT ( 'NONE',  ( 5.314999999999999503, -0.4000000000000000222, 4.199999999999999289 ) ) ;
#8405 = EDGE_LOOP ( 'NONE', ( #4527, #2055, #1477, #1819 ) ) ;
#8406 = DIRECTION ( 'NONE',  ( 0.000000000000000000, 0.000000000000000000, -1.000000000000000000 ) ) ;
#8407 =( GEOMETRIC_REPRESENTATION_CONTEXT ( 3 ) GLOBAL_UNCERTAINTY_ASSIGNED_CONTEXT ( ( #7487 ) ) GLOBAL_UNIT_ASSIGNED_CONTEXT ( ( #9062, #6756, #2029 ) ) REPRESENTATION_CONTEXT ( 'NONE', 'WORKASPACE' ) );
#8408 = FILL_AREA_STYLE_COLOUR ( '', #7377 ) ;
#8409 = FACE_OUTER_BOUND ( 'NONE', #9459, .T. ) ;
#8410 = LINE ( 'NONE', #7309, #9669 ) ;
#8411 = EDGE_CURVE ( 'NONE', #7169, #9654, #815, .T. ) ;
#8412 = SURFACE_SIDE_STYLE ('',( #2627 ) ) ;
#8413 = LINE ( 'NONE', #1406, #1899 ) ;
#8414 = ORIENTED_EDGE ( 'NONE', *, *, #9287, .F. ) ;
#8415 =( NAMED_UNIT ( * ) PLANE_ANGLE_UNIT ( ) SI_UNIT ( $, .RADIAN. ) );
#8416 = VECTOR ( 'NONE', #847, 1000.000000000000000 ) ;
#8417 = VECTOR ( 'NONE', #8082, 1000.000000000000000 ) ;
#8418 = EDGE_CURVE ( 'NONE', #6799, #8570, #4147, .T. ) ;
#8419 = STYLED_ITEM ( 'NONE', ( #4863 ), #6037 ) ;
#8420 = SURFACE_SIDE_STYLE ('',( #8783 ) ) ;
#8421 = DIRECTION ( 'NONE',  ( -1.000000000000000000, -0.000000000000000000, 0.000000000000000000 ) ) ;
#8422 = ORIENTED_EDGE ( 'NONE', *, *, #2080, .F. ) ;
#8423 =( LENGTH_UNIT ( ) NAMED_UNIT ( * ) SI_UNIT ( .MILLI., .METRE. ) );
#8424 = CARTESIAN_POINT ( 'NONE',  ( 0.3478569001354136492, -0.3220455170571877024, 0.2999999999999999334 ) ) ;
#8425 = CARTESIAN_POINT ( 'NONE',  ( -0.3481350457054549485, -0.2433066776090683225, 0.2999999999999999889 ) ) ;
#8426 = DIRECTION ( 'NONE',  ( -1.000000000000000000, 0.000000000000000000, 0.000000000000000000 ) ) ;
#8427 = LINE ( 'NONE', #5791, #6343 ) ;
#8428 = AXIS2_PLACEMENT_3D ( 'NONE', #798, #3867, #3832 ) ;
#8429 = FACE_OUTER_BOUND ( 'NONE', #10209, .T. ) ;
#8430 =( GEOMETRIC_REPRESENTATION_CONTEXT ( 3 ) GLOBAL_UNCERTAINTY_ASSIGNED_CONTEXT ( ( #5440 ) ) GLOBAL_UNIT_ASSIGNED_CONTEXT ( ( #3501, #9032, #10087 ) ) REPRESENTATION_CONTEXT ( 'NONE', 'WORKASPACE' ) );
#8431 = DIRECTION ( 'NONE',  ( -0.7071067811865475727, 0.000000000000000000, 0.7071067811865475727 ) ) ;
#8432 = ADVANCED_FACE ( 'NONE', ( #8953 ), #1312, .F. ) ;
#8433 = CARTESIAN_POINT ( 'NONE',  ( -1.505000000000001226, 0.5000000000000011102, 4.299999999999999822 ) ) ;
#8434 = SURFACE_STYLE_FILL_AREA ( #2010 ) ;
#8435 = ORIENTED_EDGE ( 'NONE', *, *, #9374, .F. ) ;
#8436 = UNCERTAINTY_MEASURE_WITH_UNIT (LENGTH_MEASURE( 1.000000000000000082E-05 ), #9123, 'distance_accuracy_value', 'NONE');
#8437 = EDGE_CURVE ( 'NONE', #6476, #7243, #3142, .T. ) ;
#8438 = SURFACE_STYLE_USAGE ( .BOTH. , #2167 ) ;
#8439 = LINE ( 'NONE', #5759, #2530 ) ;
#8440 = CARTESIAN_POINT ( 'NONE',  ( 2.774999999999999023, -0.4000000000000000222, 4.199999999999999289 ) ) ;
#8441 = FILL_AREA_STYLE ('',( #10062 ) ) ;
#8442 = CARTESIAN_POINT ( 'NONE',  ( -0.4350000000000004974, -0.07500000000000012212, -5.227200187265875542 ) ) ;
#8443 = EDGE_CURVE ( 'NONE', #4444, #2575, #6006, .T. ) ;
#8444 = DIRECTION ( 'NONE',  ( 0.000000000000000000, -1.000000000000000000, 0.000000000000000000 ) ) ;
#8445 = VERTEX_POINT ( 'NONE', #9284 ) ;
#8446 = SURFACE_STYLE_FILL_AREA ( #7276 ) ;
#8447 = AXIS2_PLACEMENT_3D ( 'NONE', #8099, #4105, #3299 ) ;
#8448 = MECHANICAL_DESIGN_GEOMETRIC_PRESENTATION_REPRESENTATION (  '', ( #4231 ), #6868 ) ;
#8450 = ORIENTED_EDGE ( 'NONE', *, *, #4587, .T. ) ;
#8449 = VECTOR ( 'NONE', #7575, 1000.000000000000000 ) ;
#8451 = MECHANICAL_DESIGN_GEOMETRIC_PRESENTATION_REPRESENTATION (  '', ( #5316 ), #5829 ) ;
#8452 = LINE ( 'NONE', #5020, #4771 ) ;
#8453 = CARTESIAN_POINT ( 'NONE',  ( 0.1268651614936064098, -0.3863149882487982301, 0.3009999999999999898 ) ) ;
#8454 = UNCERTAINTY_MEASURE_WITH_UNIT (LENGTH_MEASURE( 1.000000000000000082E-05 ), #1823, 'distance_accuracy_value', 'NONE');
#8455 = DIRECTION ( 'NONE',  ( 0.000000000000000000, 1.000000000000000000, 0.000000000000000000 ) ) ;
#8456 = ORIENTED_EDGE ( 'NONE', *, *, #831, .F. ) ;
#8457 = LINE ( 'NONE', #3344, #7339 ) ;
#8458 = ORIENTED_EDGE ( 'NONE', *, *, #4618, .F. ) ;
#8459 = FACE_OUTER_BOUND ( 'NONE', #4108, .T. ) ;
#8460 =( LENGTH_UNIT ( ) NAMED_UNIT ( * ) SI_UNIT ( .MILLI., .METRE. ) );
#8461 = ORIENTED_EDGE ( 'NONE', *, *, #8262, .F. ) ;
#8462 = STYLED_ITEM ( 'NONE', ( #9276 ), #9801 ) ;
#8463 = SURFACE_STYLE_USAGE ( .BOTH. , #3633 ) ;
#8464 = FILL_AREA_STYLE ('',( #2961 ) ) ;
#8465 = CARTESIAN_POINT ( 'NONE',  ( 0.2094108932009234869, -0.4384491345902616910, 0.2999999999999999889 ) ) ;
#8466 = CARTESIAN_POINT ( 'NONE',  ( 5.848333333333332718, -0.1333333333333332205, 3.933333333333332238 ) ) ;
#8467 = FACE_OUTER_BOUND ( 'NONE', #338, .T. ) ;
#8468 = CARTESIAN_POINT ( 'NONE',  ( -0.2932832896549359414, -0.1787244531167642148, 0.2999999999999998224 ) ) ;
#8469 = DIRECTION ( 'NONE',  ( 0.000000000000000000, 0.000000000000000000, 1.000000000000000000 ) ) ;
#8470 = EDGE_LOOP ( 'NONE', ( #9204, #854, #5347, #5573 ) ) ;
#8471 = FACE_BOUND ( 'NONE', #2184, .T. ) ;
#8472 =( GEOMETRIC_REPRESENTATION_CONTEXT ( 3 ) GLOBAL_UNCERTAINTY_ASSIGNED_CONTEXT ( ( #1325 ) ) GLOBAL_UNIT_ASSIGNED_CONTEXT ( ( #4366, #9048, #8983 ) ) REPRESENTATION_CONTEXT ( 'NONE', 'WORKASPACE' ) );
#8473 = ORIENTED_EDGE ( 'NONE', *, *, #290, .T. ) ;
#8474 = SURFACE_STYLE_USAGE ( .BOTH. , #5338 ) ;
#8475 = B_SPLINE_CURVE_WITH_KNOTS ( 'NONE', 3,
 ( #1240, #6728, #3684, #10136, #2101, #7742, #10096, #4557, #1408, #4500, #7705 ),
 .UNSPECIFIED., .F., .F.,
 ( 4, 1, 1, 1, 1, 1, 1, 1, 4 ),
 ( 0.000000000000000000, 0.1252796967356261115, 0.2494199707420509948, 0.3733567994928191913, 0.4966812787822861841, 0.6202029157439823415, 0.7450863201614561504, 0.8712691950190973866, 1.000000000000000000 ),
 .UNSPECIFIED. ) ;
#8477 = LINE ( 'NONE', #7778, #4414 ) ;
#8476 = DIRECTION ( 'NONE',  ( 1.000000000000000000, 0.000000000000000000, 0.000000000000000000 ) ) ;
#8478 = EDGE_CURVE ( 'NONE', #2240, #6476, #5632, .T. ) ;
#8479 = ORIENTED_EDGE ( 'NONE', *, *, #5866, .T. ) ;
#8480 = ORIENTED_EDGE ( 'NONE', *, *, #7347, .F. ) ;
#8481 = DIRECTION ( 'NONE',  ( 1.000000000000000000, 0.000000000000000000, 0.000000000000000000 ) ) ;
#8482 = FILL_AREA_STYLE_COLOUR ( '', #594 ) ;
#8483 = SURFACE_STYLE_FILL_AREA ( #3564 ) ;
#8484 = CARTESIAN_POINT ( 'NONE',  ( -1.135000000000002229, 0.4000000000000000222, 4.299999999999999822 ) ) ;
#8485 = ORIENTED_EDGE ( 'NONE', *, *, #4095, .F. ) ;
#8486 = CARTESIAN_POINT ( 'NONE',  ( -1.035000000000001252, 0.4000000000000000222, 4.199999999999999289 ) ) ;
#8487 = LINE ( 'NONE', #2035, #7366 ) ;
#8488 = SURFACE_SIDE_STYLE ('',( #9224 ) ) ;
#8489 =( LENGTH_UNIT ( ) NAMED_UNIT ( * ) SI_UNIT ( .MILLI., .METRE. ) );
#8490 = VERTEX_POINT ( 'NONE', #2882 ) ;
#8491 = EDGE_CURVE ( 'NONE', #306, #2254, #8705, .T. ) ;
#8492 = ADVANCED_FACE ( 'NONE', ( #6475 ), #2044, .F. ) ;
#8493 = STYLED_ITEM ( 'NONE', ( #9802 ), #5719 ) ;
#8494 = LINE ( 'NONE', #8923, #3067 ) ;
#8495 = CIRCLE ( 'NONE', #6909, 0.2000000000000000944 ) ;
#8496 = ORIENTED_EDGE ( 'NONE', *, *, #4471, .F. ) ;
#8497 =( GEOMETRIC_REPRESENTATION_CONTEXT ( 3 ) GLOBAL_UNCERTAINTY_ASSIGNED_CONTEXT ( ( #10240 ) ) GLOBAL_UNIT_ASSIGNED_CONTEXT ( ( #5798, #262, #8171 ) ) REPRESENTATION_CONTEXT ( 'NONE', 'WORKASPACE' ) );
#8498 =( NAMED_UNIT ( * ) PLANE_ANGLE_UNIT ( ) SI_UNIT ( $, .RADIAN. ) );
#8499 = LINE ( 'NONE', #4145, #8617 ) ;
#8500 = PRESENTATION_LAYER_ASSIGNMENT (  '', '', ( #8699 ) ) ;
#8501 = ORIENTED_EDGE ( 'NONE', *, *, #7136, .T. ) ;
#8502 =( LENGTH_UNIT ( ) NAMED_UNIT ( * ) SI_UNIT ( .MILLI., .METRE. ) );
#8503 = CARTESIAN_POINT ( 'NONE',  ( 0.02808467368872833575, -0.2664979150780665829, 0.3009999999999999898 ) ) ;
#8504 = PRESENTATION_STYLE_ASSIGNMENT (( #7127 ) ) ;
#8505 = UNCERTAINTY_MEASURE_WITH_UNIT (LENGTH_MEASURE( 1.000000000000000082E-05 ), #4055, 'distance_accuracy_value', 'NONE');
#8506 =( LENGTH_UNIT ( ) NAMED_UNIT ( * ) SI_UNIT ( .MILLI., .METRE. ) );
#8507 = SURFACE_STYLE_FILL_AREA ( #2851 ) ;
#8508 = CARTESIAN_POINT ( 'NONE',  ( -4.845000000000001528, 0.4000000000000000222, 1.300000000000000044 ) ) ;
#8509 = CARTESIAN_POINT ( 'NONE',  ( -2.105000000000000870, -0.07500000000000009437, -5.227200187265875542 ) ) ;
#8510 = DIRECTION ( 'NONE',  ( 0.000000000000000000, -1.000000000000000000, 0.000000000000000000 ) ) ;
#8511 = COLOUR_RGB ( '',1.000000000000000000, 1.000000000000000000, 1.000000000000000000 ) ;
#8512 = EDGE_CURVE ( 'NONE', #945, #2946, #2270, .T. ) ;
#8513 =( LENGTH_UNIT ( ) NAMED_UNIT ( * ) SI_UNIT ( .MILLI., .METRE. ) );
#8514 = ORIENTED_EDGE ( 'NONE', *, *, #1319, .F. ) ;
#8515 = FILL_AREA_STYLE ('',( #1565 ) ) ;
#8516 = VECTOR ( 'NONE', #6596, 1000.000000000000000 ) ;
#8517 = PRESENTATION_LAYER_ASSIGNMENT (  '', '', ( #7957 ) ) ;
#8518 =( GEOMETRIC_REPRESENTATION_CONTEXT ( 3 ) GLOBAL_UNCERTAINTY_ASSIGNED_CONTEXT ( ( #34 ) ) GLOBAL_UNIT_ASSIGNED_CONTEXT ( ( #9640, #5743, #7200 ) ) REPRESENTATION_CONTEXT ( 'NONE', 'WORKASPACE' ) );
#8519 = FILL_AREA_STYLE_COLOUR ( '', #10185 ) ;
#8520 = DIRECTION ( 'NONE',  ( -0.000000000000000000, 1.000000000000000000, 0.000000000000000000 ) ) ;
#8521 = SURFACE_STYLE_FILL_AREA ( #6930 ) ;
#8522 = MECHANICAL_DESIGN_GEOMETRIC_PRESENTATION_REPRESENTATION (  '', ( #7960 ), #2170 ) ;
#8523 = PLANE ( 'NONE',  #8428 ) ;
#8524 = LINE ( 'NONE', #9179, #2597 ) ;
#8525 =( NAMED_UNIT ( * ) PLANE_ANGLE_UNIT ( ) SI_UNIT ( $, .RADIAN. ) );
#8526 = CIRCLE ( 'NONE', #6406, 0.1999999999999996503 ) ;
#8527 = PRESENTATION_STYLE_ASSIGNMENT (( #1786 ) ) ;
#8528 = VECTOR ( 'NONE', #6885, 1000.000000000000000 ) ;
#8529 = CARTESIAN_POINT ( 'NONE',  ( 4.244999999999999218, 0.07499999999999990008, -2.199999999999999734 ) ) ;
#8530 = VERTEX_POINT ( 'NONE', #8733 ) ;
#8531 = PRESENTATION_STYLE_ASSIGNMENT (( #6329 ) ) ;
#8532 = DIRECTION ( 'NONE',  ( -0.000000000000000000, 1.000000000000000000, -0.000000000000000000 ) ) ;
#8533 = PRESENTATION_STYLE_ASSIGNMENT (( #2630 ) ) ;
#8534 = CARTESIAN_POINT ( 'NONE',  ( -0.3585439795194402812, -0.1846119106308493629, 0.3000000000000000999 ) ) ;
#8535 = PRESENTATION_LAYER_ASSIGNMENT (  '', '', ( #7265 ) ) ;
#8536 =( LENGTH_UNIT ( ) NAMED_UNIT ( * ) SI_UNIT ( .MILLI., .METRE. ) );
#8537 = EDGE_LOOP ( 'NONE', ( #5450, #5257, #2682, #4930 ) ) ;
#8538 = STYLED_ITEM ( 'NONE', ( #603 ), #2102 ) ;
#8539 = SURFACE_STYLE_FILL_AREA ( #2756 ) ;
#8540 = VERTEX_POINT ( 'NONE', #4592 ) ;
#8541 = DIRECTION ( 'NONE',  ( 0.000000000000000000, 1.000000000000000000, 0.000000000000000000 ) ) ;
#8542 = SURFACE_STYLE_FILL_AREA ( #8769 ) ;
#8543 = CARTESIAN_POINT ( 'NONE',  ( -2.305000000000001492, 0.4000000000000000222, 4.199999999999999289 ) ) ;
#8544 = SURFACE_STYLE_USAGE ( .BOTH. , #2990 ) ;
#8545 = CARTESIAN_POINT ( 'NONE',  ( 0.1585794955916082216, -0.1340320966855799989, 0.3009999999999999898 ) ) ;
#8546 = CARTESIAN_POINT ( 'NONE',  ( 6.464999999999998970, 0.9000000000000002442, 0.000000000000000000 ) ) ;
#8547 = PLANE ( 'NONE',  #5213 ) ;
#8548 = MECHANICAL_DESIGN_GEOMETRIC_PRESENTATION_REPRESENTATION (  '', ( #2199 ), #9612 ) ;
#8549 = CARTESIAN_POINT ( 'NONE',  ( 0.02808467368872833575, -0.4018637687366031774, 0.2999999999999999889 ) ) ;
#8550 = ADVANCED_FACE ( 'NONE', ( #950 ), #6223, .F. ) ;
#8551 = ORIENTED_EDGE ( 'NONE', *, *, #1273, .T. ) ;
#8552 = PRESENTATION_STYLE_ASSIGNMENT (( #2474 ) ) ;
#8553 = SURFACE_STYLE_USAGE ( .BOTH. , #7772 ) ;
#8554 = CARTESIAN_POINT ( 'NONE',  ( 3.174999999999998934, 0.07499999999999987232, -2.199999999999999734 ) ) ;
#8555 =( LENGTH_UNIT ( ) NAMED_UNIT ( * ) SI_UNIT ( .MILLI., .METRE. ) );
#8556 = DIRECTION ( 'NONE',  ( 0.000000000000000000, -1.000000000000000000, 0.000000000000000000 ) ) ;
#8557 = DIRECTION ( 'NONE',  ( 1.000000000000000000, 0.000000000000000000, 0.000000000000000000 ) ) ;
#8558 = CARTESIAN_POINT ( 'NONE',  ( -0.2358444421649301403, -0.1347905980048958452, 0.2999999999999999889 ) ) ;
#8559 = EDGE_CURVE ( 'NONE', #7359, #6992, #6739, .T. ) ;
#8560 = PRESENTATION_LAYER_ASSIGNMENT (  '', '', ( #7153 ) ) ;
#8561 = ORIENTED_EDGE ( 'NONE', *, *, #5742, .T. ) ;
#8562 = COLOUR_RGB ( '',0.5019607843137254832, 0.5019607843137254832, 0.5019607843137254832 ) ;
#8563 = EDGE_CURVE ( 'NONE', #4798, #228, #9439, .T. ) ;
#8564 = DIRECTION ( 'NONE',  ( 1.000000000000000000, 0.000000000000000000, 0.000000000000000000 ) ) ;
#8565 = COLOUR_RGB ( '',1.000000000000000000, 1.000000000000000000, 1.000000000000000000 ) ;
#8566 = CARTESIAN_POINT ( 'NONE',  ( -1.035000000000001252, 0.4000000000000000222, 1.300000000000000044 ) ) ;
#8567 = CARTESIAN_POINT ( 'NONE',  ( 0.1530484873345392682, -0.3981692894296219309, 0.3010000000000000453 ) ) ;
#8568 =( GEOMETRIC_REPRESENTATION_CONTEXT ( 3 ) GLOBAL_UNCERTAINTY_ASSIGNED_CONTEXT ( ( #9097 ) ) GLOBAL_UNIT_ASSIGNED_CONTEXT ( ( #1404, #6892, #1305 ) ) REPRESENTATION_CONTEXT ( 'NONE', 'WORKASPACE' ) );
#8569 = CARTESIAN_POINT ( 'NONE',  ( -1.035000000000001252, -0.4000000000000000222, 4.199999999999999289 ) ) ;
#8570 = VERTEX_POINT ( 'NONE', #5641 ) ;
#8571 = FILL_AREA_STYLE ('',( #8600 ) ) ;
#8572 = LINE ( 'NONE', #6203, #6353 ) ;
#8573 =( NAMED_UNIT ( * ) PLANE_ANGLE_UNIT ( ) SI_UNIT ( $, .RADIAN. ) );
#8574 = CARTESIAN_POINT ( 'NONE',  ( 0.1268651614936064098, -0.3863149882487982301, 0.3000000000000000444 ) ) ;
#8575 = DIRECTION ( 'NONE',  ( 0.000000000000000000, -1.000000000000000000, 0.000000000000000000 ) ) ;
#8576 = DIRECTION ( 'NONE',  ( 0.7071067811865475727, -0.000000000000000000, 0.7071067811865475727 ) ) ;
#8578 = ORIENTED_EDGE ( 'NONE', *, *, #2159, .F. ) ;
#8577 = LINE ( 'NONE', #1515, #6968 ) ;
#8579 = UNCERTAINTY_MEASURE_WITH_UNIT (LENGTH_MEASURE( 1.000000000000000082E-05 ), #1907, 'distance_accuracy_value', 'NONE');
#8580 = AXIS2_PLACEMENT_3D ( 'NONE', #9088, #435, #8312 ) ;
#8581 = DIRECTION ( 'NONE',  ( 0.5773502691896258421, 0.5773502691896255090, 0.5773502691896258421 ) ) ;
#8582 = VECTOR ( 'NONE', #8426, 1000.000000000000000 ) ;
#8583 = CARTESIAN_POINT ( 'NONE',  ( 0.3499052361643745779, -0.2846132434524444865, 0.2999999999999999334 ) ) ;
#8584 = ORIENTED_EDGE ( 'NONE', *, *, #2841, .T. ) ;
#8585 = VERTEX_POINT ( 'NONE', #3802 ) ;
#8586 = DIRECTION ( 'NONE',  ( 1.000000000000000000, -1.355252715606880049E-16, 0.000000000000000000 ) ) ;
#8587 = VECTOR ( 'NONE', #4141, 1000.000000000000000 ) ;
#8588 = EDGE_CURVE ( 'NONE', #1442, #8605, #8577, .T. ) ;
#8589 = ORIENTED_EDGE ( 'NONE', *, *, #7619, .T. ) ;
#8590 = DIRECTION ( 'NONE',  ( -1.000000000000000000, 0.000000000000000000, -0.000000000000000000 ) ) ;
#8591 = AXIS2_PLACEMENT_3D ( 'NONE', #522, #6051, #3646 ) ;
#8592 = UNCERTAINTY_MEASURE_WITH_UNIT (LENGTH_MEASURE( 1.000000000000000082E-05 ), #6339, 'distance_accuracy_value', 'NONE');
#8593 = ORIENTED_EDGE ( 'NONE', *, *, #3529, .T. ) ;
#8594 = AXIS2_PLACEMENT_3D ( 'NONE', #182, #7207, #2428 ) ;
#8595 = CARTESIAN_POINT ( 'NONE',  ( 4.444999999999999396, 0.07499999999999987232, -2.199999999999999734 ) ) ;
#8596 = DIRECTION ( 'NONE',  ( -0.5773502691896258421, 0.5773502691896255090, 0.5773502691896258421 ) ) ;
#8597 = ADVANCED_FACE ( 'NONE', ( #5162 ), #9562, .T. ) ;
#8598 = EDGE_LOOP ( 'NONE', ( #7586, #822, #10194, #9177 ) ) ;
#8599 = VERTEX_POINT ( 'NONE', #8558 ) ;
#8600 = FILL_AREA_STYLE_COLOUR ( '', #9106 ) ;
#8601 = FACE_OUTER_BOUND ( 'NONE', #2490, .T. ) ;
#8602 = VERTEX_POINT ( 'NONE', #2483 ) ;
#8603 = LINE ( 'NONE', #5015, #2053 ) ;
#8604 =( NAMED_UNIT ( * ) SI_UNIT ( $, .STERADIAN. ) SOLID_ANGLE_UNIT ( ) );
#8605 = VERTEX_POINT ( 'NONE', #4850 ) ;
#8606 = DIRECTION ( 'NONE',  ( 0.000000000000000000, 0.7071067811865477948, 0.7071067811865473507 ) ) ;
#8607 = LINE ( 'NONE', #9836, #7965 ) ;
#8608 = ADVANCED_FACE ( 'NONE', ( #6242 ), #7193, .F. ) ;
#8609 = DIRECTION ( 'NONE',  ( -0.000000000000000000, -0.000000000000000000, -1.000000000000000000 ) ) ;
#8610 = CARTESIAN_POINT ( 'NONE',  ( -0.3521137054797058297, -0.2683470725099701970, 0.3000000000000000444 ) ) ;
#8611 = CARTESIAN_POINT ( 'NONE',  ( -1.035000000000001252, 0.4000000000000000222, 4.199999999999999289 ) ) ;
#8612 = FILL_AREA_STYLE_COLOUR ( '', #4894 ) ;
#8613 = CARTESIAN_POINT ( 'NONE',  ( 0.6350000000000001199, -0.07500000000000012212, -2.199999999999999734 ) ) ;
#8614 = ORIENTED_EDGE ( 'NONE', *, *, #8620, .T. ) ;
#8615 = VERTEX_POINT ( 'NONE', #3042 ) ;
#8616 = SURFACE_SIDE_STYLE ('',( #4227 ) ) ;
#8617 = VECTOR ( 'NONE', #4950, 1000.000000000000000 ) ;
#8618 = B_SPLINE_CURVE_WITH_KNOTS ( 'NONE', 3,
 ( #776, #6160, #9426, #7817, #6192, #2250, #1451, #7753, #6941, #3084, #8534, #2218, #5457, #3015, #3111, #3814, #9322, #4602, #10145 ),
 .UNSPECIFIED., .F., .F.,
 ( 4, 1, 1, 1, 1, 1, 1, 1, 1, 1, 1, 1, 1, 1, 1, 1, 4 ),
 ( 0.000000000000000000, 0.06863117867660142868, 0.1345664660386773626, 0.1983281540108812191, 0.2607897666408453552, 0.3219991514841584745, 0.3827217465030195442, 0.4435374740357288514, 0.5051334294849251227, 0.5662138747646719983, 0.6261058646175456932, 0.6853493221605165830, 0.7449958703477973510, 0.8054158418145627163, 0.8676362663459533664, 0.9323077823023293575, 1.000000000000000000 ),
 .UNSPECIFIED. ) ;
#8619 = DIRECTION ( 'NONE',  ( 0.000000000000000000, 0.000000000000000000, 1.000000000000000000 ) ) ;
#8620 = EDGE_CURVE ( 'NONE', #2418, #2254, #3257, .T. ) ;
#8621 = SURFACE_STYLE_USAGE ( .BOTH. , #796 ) ;
#8622 = DIRECTION ( 'NONE',  ( -1.000000000000000000, 6.776263578034415038E-17, 0.000000000000000000 ) ) ;
#8623 = COLOUR_RGB ( '',1.000000000000000000, 1.000000000000000000, 1.000000000000000000 ) ;
#8624 = LINE ( 'NONE', #602, #6517 ) ;
#8625 = VERTEX_POINT ( 'NONE', #6580 ) ;
#8626 = FILL_AREA_STYLE_COLOUR ( '', #8340 ) ;
#8627 = VECTOR ( 'NONE', #7320, 1000.000000000000000 ) ;
#8628 = SURFACE_SIDE_STYLE ('',( #3469 ) ) ;
#8629 = EDGE_CURVE ( 'NONE', #6623, #6243, #8324, .T. ) ;
#8630 = AXIS2_PLACEMENT_3D ( 'NONE', #3070, #7641, #8476 ) ;
#8631 = ORIENTED_EDGE ( 'NONE', *, *, #920, .F. ) ;
#8632 = CARTESIAN_POINT ( 'NONE',  ( -3.575000000000001066, -0.4000000000000000222, 4.199999999999999289 ) ) ;
#8633 = CARTESIAN_POINT ( 'NONE',  ( 0.2935321049712026342, -0.3565825735271292984, 0.2999999999999999889 ) ) ;
#8634 = UNCERTAINTY_MEASURE_WITH_UNIT (LENGTH_MEASURE( 1.000000000000000082E-05 ), #4831, 'distance_accuracy_value', 'NONE');
#8635 = AXIS2_PLACEMENT_3D ( 'NONE', #3800, #2909, #2137 ) ;
#8636 = SURFACE_STYLE_FILL_AREA ( #5131 ) ;
#8637 = MECHANICAL_DESIGN_GEOMETRIC_PRESENTATION_REPRESENTATION (  '', ( #9705 ), #6661 ) ;
#8638 = LINE ( 'NONE', #9690, #2341 ) ;
#8639 = VECTOR ( 'NONE', #476, 1000.000000000000000 ) ;
#8640 = SURFACE_STYLE_USAGE ( .BOTH. , #8675 ) ;
#8641 = CARTESIAN_POINT ( 'NONE',  ( 0.1771760541321914795, -0.1318179975493542766, 0.2999999999999999889 ) ) ;
#8642 = CARTESIAN_POINT ( 'NONE',  ( -0.5489754668845311381, -0.1779375319464842620, 0.2999999999999997669 ) ) ;
#8643 = SURFACE_STYLE_USAGE ( .BOTH. , #5432 ) ;
#8644 = EDGE_CURVE ( 'NONE', #1117, #10144, #6602, .T. ) ;
#8645 =( LENGTH_UNIT ( ) NAMED_UNIT ( * ) SI_UNIT ( .MILLI., .METRE. ) );
#8646 = FACE_OUTER_BOUND ( 'NONE', #1675, .T. ) ;
#8647 = SURFACE_STYLE_FILL_AREA ( #6503 ) ;
#8648 = EDGE_CURVE ( 'NONE', #7779, #4033, #10211, .T. ) ;
#8649 = CARTESIAN_POINT ( 'NONE',  ( 0.3260430484362988879, -0.1983886907850343773, 0.2999999999999999889 ) ) ;
#8650 = VERTEX_POINT ( 'NONE', #1019 ) ;
#8651 = MECHANICAL_DESIGN_GEOMETRIC_PRESENTATION_REPRESENTATION (  '', ( #7639 ), #1609 ) ;
#8652 = STYLED_ITEM ( 'NONE', ( #8961 ), #8268 ) ;
#8653 = DIRECTION ( 'NONE',  ( 0.000000000000000000, 1.000000000000000000, 0.000000000000000000 ) ) ;
#8654 =( LENGTH_UNIT ( ) NAMED_UNIT ( * ) SI_UNIT ( .MILLI., .METRE. ) );
#8655 = COLOUR_RGB ( '',1.000000000000000000, 1.000000000000000000, 1.000000000000000000 ) ;
#8656 = PRESENTATION_LAYER_ASSIGNMENT (  '', '', ( #1285 ) ) ;
#8657 = FILL_AREA_STYLE ('',( #6929 ) ) ;
#8658 = ORIENTED_EDGE ( 'NONE', *, *, #5824, .F. ) ;
#8659 = CARTESIAN_POINT ( 'NONE',  ( 4.844999999999999751, 0.4000000000000000222, 4.199999999999999289 ) ) ;
#8660 = CARTESIAN_POINT ( 'NONE',  ( 0.2349999999999990985, 0.4000000000000000222, 4.199999999999999289 ) ) ;
#8661 = CARTESIAN_POINT ( 'NONE',  ( 0.1444199401432136876, -0.4277879044303056766, 0.3000000000000000444 ) ) ;
#8662 = SURFACE_STYLE_FILL_AREA ( #8657 ) ;
#8663 = CARTESIAN_POINT ( 'NONE',  ( 0.1876862366603105348, -0.1642015299028091735, 0.3009999999999999343 ) ) ;
#8664 = CARTESIAN_POINT ( 'NONE',  ( -5.214999999999999858, -0.4000000000000000222, 4.299999999999999822 ) ) ;
#8665 = ORIENTED_EDGE ( 'NONE', *, *, #6776, .T. ) ;
#8666 = LINE ( 'NONE', #5183, #269 ) ;
#8667 = PRESENTATION_LAYER_ASSIGNMENT (  '', '', ( #882 ) ) ;
#8668 = CARTESIAN_POINT ( 'NONE',  ( -1.035000000000001252, -0.4000000000000000222, 1.300000000000000044 ) ) ;
#8669 = PRESENTATION_LAYER_ASSIGNMENT (  '', '', ( #2866 ) ) ;
#8670 = LINE ( 'NONE', #8377, #6564 ) ;
#8671 = CARTESIAN_POINT ( 'NONE',  ( 0.000000000000000000, 0.000000000000000000, 0.3009999999999999898 ) ) ;
#8672 = LINE ( 'NONE', #3966, #8146 ) ;
#8673 = CARTESIAN_POINT ( 'NONE',  ( 0.02808467368872833575, -0.2994247443463592395, 0.3009999999999999898 ) ) ;
#8674 = ORIENTED_EDGE ( 'NONE', *, *, #363, .F. ) ;
#8675 = SURFACE_SIDE_STYLE ('',( #1192 ) ) ;
#8676 = CARTESIAN_POINT ( 'NONE',  ( -4.645000000000000462, -0.07500000000000009437, -5.227200187265875542 ) ) ;
#8677 = FILL_AREA_STYLE_COLOUR ( '', #883 ) ;
#8678 = VECTOR ( 'NONE', #4224, 1000.000000000000000 ) ;
#8679 = LINE ( 'NONE', #172, #4365 ) ;
#8680 = PRESENTATION_LAYER_ASSIGNMENT (  '', '', ( #2891 ) ) ;
#8681 = DIRECTION ( 'NONE',  ( 1.355252715606880296E-16, 1.000000000000000000, 0.000000000000000000 ) ) ;
#8682 = EDGE_LOOP ( 'NONE', ( #2533, #3811, #5922, #1174 ) ) ;
#8683 = CARTESIAN_POINT ( 'NONE',  ( -0.2602045908703879418, -0.4000616969247989818, 0.3000000000000000444 ) ) ;
#8684 = PRESENTATION_STYLE_ASSIGNMENT (( #2538 ) ) ;
#8685 = CARTESIAN_POINT ( 'NONE',  ( 0.1348332783437373450, -0.1786361316487051487, 0.3009999999999999898 ) ) ;
#8686 = PLANE ( 'NONE',  #6571 ) ;
#8687 = CARTESIAN_POINT ( 'NONE',  ( -0.5280128872868813383, -0.1347905980048958452, 0.2999999999999999889 ) ) ;
#8688 = FILL_AREA_STYLE ('',( #1612 ) ) ;
#8689 = EDGE_CURVE ( 'NONE', #6713, #6799, #8452, .T. ) ;
#8690 = STYLED_ITEM ( 'NONE', ( #1211 ), #5371 ) ;
#8691 =( NAMED_UNIT ( * ) PLANE_ANGLE_UNIT ( ) SI_UNIT ( $, .RADIAN. ) );
#8692 = UNCERTAINTY_MEASURE_WITH_UNIT (LENGTH_MEASURE( 1.000000000000000082E-05 ), #3435, 'distance_accuracy_value', 'NONE');
#8693 = B_SPLINE_SURFACE_WITH_KNOTS ( 'NONE', 3, 1, ( 
 ( #2301, #4836 ),
 ( #3158, #5602 ),
 ( #2369, #7154 ),
 ( #9514, #8683 ),
 ( #7964, #7094 ),
 ( #6310, #2443 ),
 ( #7896, #1608 ),
 ( #3187, #56 ),
 ( #867, #7868 ),
 ( #93, #5541 ),
 ( #2513, #8721 ),
 ( #7990, #5665 ),
 ( #3252, #3995 ),
 ( #6372, #7186 ),
 ( #7220, #3964 ),
 ( #3293, #1667 ),
 ( #123, #9481 ),
 ( #7921, #9552 ),
 ( #3221, #3930 ) ),
 .UNSPECIFIED., .F., .F., .F.,
 ( 4, 1, 1, 1, 1, 1, 1, 1, 1, 1, 1, 1, 1, 1, 1, 1, 4 ),
 ( 2, 2 ),
 ( 0.000000000000000000, 0.07082657255516285055, 0.1381690332798000131, 0.2024753315338425341, 0.2639737544135196678, 0.3233803205980375073, 0.3817976227131854028, 0.4393900745193891622, 0.4969027245459973763, 0.5546621696093699816, 0.6127418784921974115, 0.6715388363911721781, 0.7316557220901981351, 0.7942978116139532974, 0.8594822049793583441, 0.9276813254527899177, 1.000000000000000000 ),
 ( 0.000000000000000000, 1.000000000000000000 ),
 .UNSPECIFIED. ) ;
#8694 = MECHANICAL_DESIGN_GEOMETRIC_PRESENTATION_REPRESENTATION (  '', ( #8890 ), #9227 ) ;
#8695 = ORIENTED_EDGE ( 'NONE', *, *, #6437, .F. ) ;
#8696 = FILL_AREA_STYLE ('',( #2313 ) ) ;
#8697 = FACE_OUTER_BOUND ( 'NONE', #9582, .T. ) ;
#8698 = DIRECTION ( 'NONE',  ( 0.000000000000000000, 1.000000000000000000, 0.000000000000000000 ) ) ;
#8699 = STYLED_ITEM ( 'NONE', ( #9302 ), #3169 ) ;
#8700 = AXIS2_PLACEMENT_3D ( 'NONE', #9888, #7437, #5207 ) ;
#8701 = DIRECTION ( 'NONE',  ( -0.000000000000000000, 0.000000000000000000, 1.000000000000000000 ) ) ;
#8702 = CARTESIAN_POINT ( 'NONE',  ( 0.3097919907618990609, -0.2879918175170909644, 0.2999999999999999889 ) ) ;
#8703 = VERTEX_POINT ( 'NONE', #5736 ) ;
#8704 = FACE_OUTER_BOUND ( 'NONE', #4764, .T. ) ;
#8705 = LINE ( 'NONE', #460, #7693 ) ;
#8706 = UNCERTAINTY_MEASURE_WITH_UNIT (LENGTH_MEASURE( 1.000000000000000082E-05 ), #4616, 'distance_accuracy_value', 'NONE');
#8707 = EDGE_CURVE ( 'NONE', #7312, #8192, #7332, .T. ) ;
#8708 = DIRECTION ( 'NONE',  ( -0.000000000000000000, -1.000000000000000000, -0.000000000000000000 ) ) ;
#8709 = CARTESIAN_POINT ( 'NONE',  ( -2.305000000000001492, 0.4000000000000000222, 1.300000000000000044 ) ) ;
#8710 = DIRECTION ( 'NONE',  ( 0.000000000000000000, 0.000000000000000000, -1.000000000000000000 ) ) ;
#8711 = ADVANCED_FACE ( 'NONE', ( #9967 ), #5708, .T. ) ;
#8712 =( NAMED_UNIT ( * ) PLANE_ANGLE_UNIT ( ) SI_UNIT ( $, .RADIAN. ) );
#8713 = CARTESIAN_POINT ( 'NONE',  ( 4.044999999999999041, 0.4000000000000000222, 1.300000000000000044 ) ) ;
#8714 = ORIENTED_EDGE ( 'NONE', *, *, #8085, .T. ) ;
#8715 = PRESENTATION_LAYER_ASSIGNMENT (  '', '', ( #7639 ) ) ;
#8716 = PRESENTATION_LAYER_ASSIGNMENT (  '', '', ( #453 ) ) ;
#8717 =( LENGTH_UNIT ( ) NAMED_UNIT ( * ) SI_UNIT ( .MILLI., .METRE. ) );
#8718 = STYLED_ITEM ( 'NONE', ( #9513 ), #1256 ) ;
#8719 = ORIENTED_EDGE ( 'NONE', *, *, #766, .T. ) ;
#8720 = ORIENTED_EDGE ( 'NONE', *, *, #7040, .T. ) ;
#8721 = CARTESIAN_POINT ( 'NONE',  ( -0.3285585553739475695, -0.3621247111735154678, 0.3000000000000000999 ) ) ;
#8723 = FACE_OUTER_BOUND ( 'NONE', #83, .T. ) ;
#8722 = CARTESIAN_POINT ( 'NONE',  ( -0.8350000000000006306, -0.07500000000000009437, 0.2999999999999999889 ) ) ;
#8724 = SURFACE_SIDE_STYLE ('',( #571 ) ) ;
#8725 = VECTOR ( 'NONE', #411, 1000.000000000000114 ) ;
#8726 = FILL_AREA_STYLE_COLOUR ( '', #5706 ) ;
#8727 = CARTESIAN_POINT ( 'NONE',  ( 2.104999999999999094, -0.07500000000000012212, -5.227200187265875542 ) ) ;
#8728 = PLANE ( 'NONE',  #6908 ) ;
#8729 = ORIENTED_EDGE ( 'NONE', *, *, #4169, .F. ) ;
#8730 = FILL_AREA_STYLE_COLOUR ( '', #3304 ) ;
#8731 = VERTEX_POINT ( 'NONE', #7295 ) ;
#8732 =( GEOMETRIC_REPRESENTATION_CONTEXT ( 3 ) GLOBAL_UNCERTAINTY_ASSIGNED_CONTEXT ( ( #4614 ) ) GLOBAL_UNIT_ASSIGNED_CONTEXT ( ( #6454, #8045, #8880 ) ) REPRESENTATION_CONTEXT ( 'NONE', 'WORKASPACE' ) );
#8733 = CARTESIAN_POINT ( 'NONE',  ( 0.02808467368872833575, -0.4018637687366031774, 0.3009999999999999898 ) ) ;
#8734 = CARTESIAN_POINT ( 'NONE',  ( 0.1431755078278772464, -0.1747829948208760587, 0.3009999999999999898 ) ) ;
#8735 = STYLED_ITEM ( 'NONE', ( #4541 ), #2275 ) ;
#8736 = CARTESIAN_POINT ( 'NONE',  ( -0.3926470336283447993, -0.2810177321512373205, 0.2999999999999999889 ) ) ;
#8737 = ORIENTED_EDGE ( 'NONE', *, *, #721, .F. ) ;
#8738 = ORIENTED_EDGE ( 'NONE', *, *, #4672, .T. ) ;
#8739 = DIRECTION ( 'NONE',  ( -0.000000000000000000, -0.000000000000000000, 1.000000000000000000 ) ) ;
#8740 = VERTEX_POINT ( 'NONE', #9698 ) ;
#8741 = CARTESIAN_POINT ( 'NONE',  ( 0.3081473961359023628, -0.3134479435407903636, 0.3009999999999999343 ) ) ;
#8742 = CARTESIAN_POINT ( 'NONE',  ( 0.3119999484517816390, -0.3980218929226799762, 0.3010000000000001008 ) ) ;
#8743 = AXIS2_PLACEMENT_3D ( 'NONE', #2338, #5544, #7741 ) ;
#8744 = ORIENTED_EDGE ( 'NONE', *, *, #1924, .F. ) ;
#8745 = PLANE ( 'NONE',  #6871 ) ;
#8746 = CARTESIAN_POINT ( 'NONE',  ( -4.045000000000000817, -0.4000000000000000222, 1.300000000000000044 ) ) ;
#8747 = DIRECTION ( 'NONE',  ( 0.000000000000000000, -0.000000000000000000, -1.000000000000000000 ) ) ;
#8748 = CARTESIAN_POINT ( 'NONE',  ( -0.4585006921649301126, -0.4347905980048958341, 0.3009999999999999898 ) ) ;
#8749 = SURFACE_STYLE_FILL_AREA ( #10172 ) ;
#8750 = DIRECTION ( 'NONE',  ( -1.000000000000000000, 0.000000000000000000, 0.000000000000000000 ) ) ;
#8751 = ORIENTED_EDGE ( 'NONE', *, *, #2841, .F. ) ;
#8752 = LINE ( 'NONE', #8893, #8627 ) ;
#8753 = EDGE_LOOP ( 'NONE', ( #9254, #9217, #9827, #5870 ) ) ;
#8754 =( GEOMETRIC_REPRESENTATION_CONTEXT ( 3 ) GLOBAL_UNCERTAINTY_ASSIGNED_CONTEXT ( ( #10124 ) ) GLOBAL_UNIT_ASSIGNED_CONTEXT ( ( #6169, #2156, #3747 ) ) REPRESENTATION_CONTEXT ( 'NONE', 'WORKASPACE' ) );
#8755 =( LENGTH_UNIT ( ) NAMED_UNIT ( * ) SI_UNIT ( .MILLI., .METRE. ) );
#8756 = B_SPLINE_CURVE_WITH_KNOTS ( 'NONE', 3,
 ( #5309, #5230, #6084, #5858, #9114, #9475, #7119 ),
 .UNSPECIFIED., .F., .F.,
 ( 4, 1, 1, 1, 4 ),
 ( 0.000000000000000000, 0.1744817153170506174, 0.3982857591281120935, 0.6738978473986667606, 1.000000000000000000 ),
 .UNSPECIFIED. ) ;
#8757 = PLANE ( 'NONE',  #6507 ) ;
#8758 = EDGE_CURVE ( 'NONE', #9161, #6093, #7099, .T. ) ;
#8759 = SURFACE_STYLE_FILL_AREA ( #4172 ) ;
#8760 = CARTESIAN_POINT ( 'NONE',  ( -5.915000000000000924, -0.07500000000000009437, -2.199999999999999734 ) ) ;
#8761 = CARTESIAN_POINT ( 'NONE',  ( -5.515000000000000568, 0.07499999999999984457, -5.227200187265875542 ) ) ;
#8762 = EDGE_LOOP ( 'NONE', ( #884, #5669, #7046, #1659 ) ) ;
#8763 = ADVANCED_FACE ( 'NONE', ( #7583 ), #206, .F. ) ;
#8764 = ORIENTED_EDGE ( 'NONE', *, *, #3102, .T. ) ;
#8765 = SURFACE_STYLE_USAGE ( .BOTH. , #4635 ) ;
#8766 = CARTESIAN_POINT ( 'NONE',  ( 0.1516784807731631213, -0.1714409533686492570, 0.2999999999999998779 ) ) ;
#8767 = CARTESIAN_POINT ( 'NONE',  ( -0.3350152651333352938, -0.3530125581660792933, 0.3000000000000000444 ) ) ;
#8768 = UNCERTAINTY_MEASURE_WITH_UNIT (LENGTH_MEASURE( 1.000000000000000082E-05 ), #6825, 'distance_accuracy_value', 'NONE');
#8769 = FILL_AREA_STYLE ('',( #9423 ) ) ;
#8770 = PRESENTATION_STYLE_ASSIGNMENT (( #3722 ) ) ;
#8771 = AXIS2_PLACEMENT_3D ( 'NONE', #2789, #6680, #1077 ) ;
#8772 = FACE_OUTER_BOUND ( 'NONE', #9754, .T. ) ;
#8773 = VECTOR ( 'NONE', #2728, 1000.000000000000000 ) ;
#8774 = LINE ( 'NONE', #5366, #3703 ) ;
#8775 = CARTESIAN_POINT ( 'NONE',  ( 0.3081473961359023628, -0.3134479435407903636, 0.2999999999999999334 ) ) ;
#8776 = ORIENTED_EDGE ( 'NONE', *, *, #7003, .F. ) ;
#8777 = CARTESIAN_POINT ( 'NONE',  ( 0.2537555116595443527, -0.4330055285684181188, 0.3010000000000001008 ) ) ;
#8778 = SURFACE_STYLE_FILL_AREA ( #10117 ) ;
#8779 =( GEOMETRIC_REPRESENTATION_CONTEXT ( 3 ) GLOBAL_UNCERTAINTY_ASSIGNED_CONTEXT ( ( #6547 ) ) GLOBAL_UNIT_ASSIGNED_CONTEXT ( ( #7572, #5134, #6022 ) ) REPRESENTATION_CONTEXT ( 'NONE', 'WORKASPACE' ) );
#8780 = CARTESIAN_POINT ( 'NONE',  ( -6.465000000000000746, -0.8999999999999998002, 4.299999999999999822 ) ) ;
#8781 = DIRECTION ( 'NONE',  ( -0.000000000000000000, -0.000000000000000000, -1.000000000000000000 ) ) ;
#8782 = SURFACE_SIDE_STYLE ('',( #6449 ) ) ;
#8783 = SURFACE_STYLE_FILL_AREA ( #3700 ) ;
#8784 = CARTESIAN_POINT ( 'NONE',  ( -0.2358444421649301403, -0.1347905980048958452, 0.3009999999999999898 ) ) ;
#8785 = ORIENTED_EDGE ( 'NONE', *, *, #1319, .T. ) ;
#8786 = EDGE_CURVE ( 'NONE', #245, #6161, #5528, .T. ) ;
#8787 =( NAMED_UNIT ( * ) SI_UNIT ( $, .STERADIAN. ) SOLID_ANGLE_UNIT ( ) );
#8788 = STYLED_ITEM ( 'NONE', ( #7815 ), #8864 ) ;
#8789 = FILL_AREA_STYLE ('',( #4171 ) ) ;
#8790 = DIRECTION ( 'NONE',  ( -0.000000000000000000, -0.000000000000000000, -1.000000000000000000 ) ) ;
#8791 = CARTESIAN_POINT ( 'NONE',  ( -0.6350000000000001199, 0.000000000000000000, -2.399999999999999911 ) ) ;
#8792 = STYLED_ITEM ( 'NONE', ( #10049 ), #1644 ) ;
#8793 = FILL_AREA_STYLE ('',( #3132 ) ) ;
#8794 = PRESENTATION_STYLE_ASSIGNMENT (( #1797 ) ) ;
#8795 = ORIENTED_EDGE ( 'NONE', *, *, #7623, .T. ) ;
#8796 = DIRECTION ( 'NONE',  ( -1.355252715606880296E-16, -1.000000000000000000, 0.000000000000000000 ) ) ;
#8797 = SURFACE_STYLE_FILL_AREA ( #4539 ) ;
#8798 =( LENGTH_UNIT ( ) NAMED_UNIT ( * ) SI_UNIT ( .MILLI., .METRE. ) );
#8799 = SURFACE_SIDE_STYLE ('',( #6045 ) ) ;
#8800 = CARTESIAN_POINT ( 'NONE',  ( 4.044999999999999041, 0.4000000000000000222, 1.300000000000000044 ) ) ;
#8801 = CARTESIAN_POINT ( 'NONE',  ( -2.775000000000000355, 0.4000000000000000222, 4.199999999999999289 ) ) ;
#8802 =( GEOMETRIC_REPRESENTATION_CONTEXT ( 3 ) GLOBAL_UNCERTAINTY_ASSIGNED_CONTEXT ( ( #2654 ) ) GLOBAL_UNIT_ASSIGNED_CONTEXT ( ( #1089, #8972, #4250 ) ) REPRESENTATION_CONTEXT ( 'NONE', 'WORKASPACE' ) );
#8803 = VERTEX_POINT ( 'NONE', #5769 ) ;
#8804 = SURFACE_STYLE_USAGE ( .BOTH. , #3278 ) ;
#8805 = LINE ( 'NONE', #857, #6583 ) ;
#8806 = CARTESIAN_POINT ( 'NONE',  ( 0.4349999999999996092, -0.07500000000000009437, -2.199999999999999734 ) ) ;
#8807 = CARTESIAN_POINT ( 'NONE',  ( 0.3071166857366123271, -0.1747657500427520216, 0.2999999999999999889 ) ) ;
#8808 = ADVANCED_FACE ( 'NONE', ( #1574 ), #2523, .F. ) ;
#8809 = DIRECTION ( 'NONE',  ( 0.000000000000000000, 1.000000000000000000, 0.000000000000000000 ) ) ;
#8810 = AXIS2_PLACEMENT_3D ( 'NONE', #4160, #4123, #8157 ) ;
#8811 = FILL_AREA_STYLE ('',( #8849 ) ) ;
#8812 = ORIENTED_EDGE ( 'NONE', *, *, #558, .F. ) ;
#8813 = EDGE_CURVE ( 'NONE', #6873, #8224, #3387, .T. ) ;
#8814 =( LENGTH_UNIT ( ) NAMED_UNIT ( * ) SI_UNIT ( .MILLI., .METRE. ) );
#8815 = CIRCLE ( 'NONE', #2488, 0.2000000000000000944 ) ;
#8816 = UNCERTAINTY_MEASURE_WITH_UNIT (LENGTH_MEASURE( 1.000000000000000082E-05 ), #7679, 'distance_accuracy_value', 'NONE');
#8817 = PRESENTATION_STYLE_ASSIGNMENT (( #5815 ) ) ;
#8818 = CARTESIAN_POINT ( 'NONE',  ( 0.1876862366603105348, -0.1642015299028091735, 0.3009999999999999343 ) ) ;
#8820 = ORIENTED_EDGE ( 'NONE', *, *, #704, .F. ) ;
#8819 = VECTOR ( 'NONE', #4040, 1000.000000000000000 ) ;
#8821 =( NAMED_UNIT ( * ) PLANE_ANGLE_UNIT ( ) SI_UNIT ( $, .RADIAN. ) );
#8822 = LINE ( 'NONE', #6722, #3029 ) ;
#8823 = PLANE ( 'NONE',  #9084 ) ;
#8824 = EDGE_CURVE ( 'NONE', #1825, #5057, #192, .T. ) ;
#8825 = PRESENTATION_LAYER_ASSIGNMENT (  '', '', ( #370 ) ) ;
#8826 = CARTESIAN_POINT ( 'NONE',  ( 0.1857891724283941282, -0.4373566976225605751, 0.2999999999999999889 ) ) ;
#8827 =( LENGTH_UNIT ( ) NAMED_UNIT ( * ) SI_UNIT ( .MILLI., .METRE. ) );
#8828 = EDGE_CURVE ( 'NONE', #1108, #6007, #683, .T. ) ;
#8829 = CARTESIAN_POINT ( 'NONE',  ( -0.2497540010576095593, -0.4344830880136030249, 0.2999999999999999334 ) ) ;
#8830 = ORIENTED_EDGE ( 'NONE', *, *, #3731, .T. ) ;
#8831 = VECTOR ( 'NONE', #330, 1000.000000000000000 ) ;
#8832 = ORIENTED_EDGE ( 'NONE', *, *, #6726, .F. ) ;
#8833 = DIRECTION ( 'NONE',  ( -0.000000000000000000, -1.000000000000000000, -0.000000000000000000 ) ) ;
#8834 = PRESENTATION_LAYER_ASSIGNMENT (  '', '', ( #914 ) ) ;
#8835 = LINE ( 'NONE', #940, #8587 ) ;
#8836 = VERTEX_POINT ( 'NONE', #6655 ) ;
#8837 = DIRECTION ( 'NONE',  ( 0.000000000000000000, -0.000000000000000000, 1.000000000000000000 ) ) ;
#8838 = CARTESIAN_POINT ( 'NONE',  ( 0.2648979378177804822, -0.3878309705213124903, 0.3010000000000000453 ) ) ;
#8839 = CARTESIAN_POINT ( 'NONE',  ( 0.2011853054188131040, -0.1641462915136159550, 0.2999999999999999889 ) ) ;
#8840 = ORIENTED_EDGE ( 'NONE', *, *, #4731, .F. ) ;
#8841 = EDGE_CURVE ( 'NONE', #3389, #104, #5996, .T. ) ;
#8842 = LINE ( 'NONE', #5617, #3528 ) ;
#8843 = FILL_AREA_STYLE_COLOUR ( '', #7881 ) ;
#8844 = CARTESIAN_POINT ( 'NONE',  ( -0.4871401738722471730, -0.3506442565414811807, 0.2999999999999999889 ) ) ;
#8845 = ORIENTED_EDGE ( 'NONE', *, *, #7871, .T. ) ;
#8846 = CARTESIAN_POINT ( 'NONE',  ( -0.5975822470429789091, -0.3177174272731885241, 0.3009999999999999898 ) ) ;
#8847 = EDGE_CURVE ( 'NONE', #6891, #5269, #3136, .T. ) ;
#8848 = ORIENTED_EDGE ( 'NONE', *, *, #1603, .F. ) ;
#8849 = FILL_AREA_STYLE_COLOUR ( '', #6125 ) ;
#8850 = MECHANICAL_DESIGN_GEOMETRIC_PRESENTATION_REPRESENTATION (  '', ( #1474 ), #536 ) ;
#8851 = MECHANICAL_DESIGN_GEOMETRIC_PRESENTATION_REPRESENTATION (  '', ( #7440 ), #9722 ) ;
#8852 = DIRECTION ( 'NONE',  ( -0.000000000000000000, -0.000000000000000000, -1.000000000000000000 ) ) ;
#8853 = ORIENTED_EDGE ( 'NONE', *, *, #225, .T. ) ;
#8855 = AXIS2_PLACEMENT_3D ( 'NONE', #10141, #10174, #6186 ) ;
#8854 = LINE ( 'NONE', #5090, #4152 ) ;
#8856 = ORIENTED_EDGE ( 'NONE', *, *, #9105, .F. ) ;
#8857 = CARTESIAN_POINT ( 'NONE',  ( 0.3500358932009234314, -0.2904498967853836322, 0.2999999999999999889 ) ) ;
#8858 = CARTESIAN_POINT ( 'NONE',  ( -0.08532996045761305492, -0.1347905980048958452, 0.2999999999999999889 ) ) ;
#8859 = DIRECTION ( 'NONE',  ( -0.7071067811865475727, 0.000000000000000000, 0.7071067811865475727 ) ) ;
#8860 = FILL_AREA_STYLE_COLOUR ( '', #6742 ) ;
#8861 = ORIENTED_EDGE ( 'NONE', *, *, #2691, .F. ) ;
#8862 = LINE ( 'NONE', #9897, #347 ) ;
#8863 = CARTESIAN_POINT ( 'NONE',  ( -0.2327575519210277888, -0.4347905980048958896, 0.3010000000000000453 ) ) ;
#8864 = ADVANCED_FACE ( 'NONE', ( #8697 ), #9803, .F. ) ;
#8865 = LINE ( 'NONE', #5580, #9478 ) ;
#8866 = AXIS2_PLACEMENT_3D ( 'NONE', #5614, #773, #2416 ) ;
#8867 = CARTESIAN_POINT ( 'NONE',  ( -2.775000000000000355, -0.4000000000000000222, 4.199999999999999289 ) ) ;
#8868 = ORIENTED_EDGE ( 'NONE', *, *, #4063, .T. ) ;
#8869 = SURFACE_SIDE_STYLE ('',( #3963 ) ) ;
#8870 = ORIENTED_EDGE ( 'NONE', *, *, #1112, .T. ) ;
#8871 =( LENGTH_UNIT ( ) NAMED_UNIT ( * ) SI_UNIT ( .MILLI., .METRE. ) );
#8872 = SURFACE_STYLE_FILL_AREA ( #7769 ) ;
#8873 = DIRECTION ( 'NONE',  ( -0.000000000000000000, -0.000000000000000000, -1.000000000000000000 ) ) ;
#8874 = VERTEX_POINT ( 'NONE', #4382 ) ;
#8875 = CARTESIAN_POINT ( 'NONE',  ( 0.1971204968594600648, -0.1640588906878226727, 0.3009999999999999898 ) ) ;
#8876 = PRESENTATION_STYLE_ASSIGNMENT (( #231 ) ) ;
#8877 = STYLED_ITEM ( 'NONE', ( #5503 ), #481 ) ;
#8878 = SURFACE_SIDE_STYLE ('',( #5945 ) ) ;
#8879 =( NAMED_UNIT ( * ) SI_UNIT ( $, .STERADIAN. ) SOLID_ANGLE_UNIT ( ) );
#8880 =( NAMED_UNIT ( * ) SI_UNIT ( $, .STERADIAN. ) SOLID_ANGLE_UNIT ( ) );
#8881 = PLANE ( 'NONE',  #2113 ) ;
#8882 = ORIENTED_EDGE ( 'NONE', *, *, #3333, .F. ) ;
#8883 = DIRECTION ( 'NONE',  ( 0.000000000000000000, -1.000000000000000000, 0.000000000000000000 ) ) ;
#8884 = SURFACE_STYLE_FILL_AREA ( #1430 ) ;
#8885 = CARTESIAN_POINT ( 'NONE',  ( -0.6414275214332227915, -0.4347905980048958341, 0.3009999999999999898 ) ) ;
#8886 = VECTOR ( 'NONE', #9246, 1000.000000000000000 ) ;
#8887 = LINE ( 'NONE', #2867, #5957 ) ;
#8888 = EDGE_CURVE ( 'NONE', #7359, #9215, #8822, .T. ) ;
#8889 = CARTESIAN_POINT ( 'NONE',  ( 0.1516784807731631213, -0.1714409533686492570, 0.3009999999999998788 ) ) ;
#8890 = STYLED_ITEM ( 'NONE', ( #9824 ), #117 ) ;
#8891 = UNCERTAINTY_MEASURE_WITH_UNIT (LENGTH_MEASURE( 1.000000000000000082E-05 ), #2374, 'distance_accuracy_value', 'NONE');
#8892 = SURFACE_STYLE_USAGE ( .BOTH. , #6609 ) ;
#8893 = CARTESIAN_POINT ( 'NONE',  ( 3.174999999999999822, 0.000000000000000000, -2.399999999999999911 ) ) ;
#8894 = CARTESIAN_POINT ( 'NONE',  ( -2.305000000000001492, -0.4000000000000000222, 1.300000000000000044 ) ) ;
#8895 = SURFACE_STYLE_USAGE ( .BOTH. , #9596 ) ;
#8896 = STYLED_ITEM ( 'NONE', ( #3175 ), #7103 ) ;
#8897 = CARTESIAN_POINT ( 'NONE',  ( -0.3866524343737838265, -0.3293597401969844962, 0.3009999999999999898 ) ) ;
#8898 = DIRECTION ( 'NONE',  ( 0.000000000000000000, 0.000000000000000000, -1.000000000000000000 ) ) ;
#8899 = LINE ( 'NONE', #7497, #1267 ) ;
#8900 = CARTESIAN_POINT ( 'NONE',  ( -0.5420182226527350267, -0.1924125492244080360, 0.3009999999999999898 ) ) ;
#8901 = ORIENTED_EDGE ( 'NONE', *, *, #4471, .T. ) ;
#8902 = PLANE ( 'NONE',  #4479 ) ;
#8903 = DIRECTION ( 'NONE',  ( 0.000000000000000000, 0.000000000000000000, -1.000000000000000000 ) ) ;
#8904 = EDGE_CURVE ( 'NONE', #2525, #4045, #9193, .T. ) ;
#8905 = ORIENTED_EDGE ( 'NONE', *, *, #1316, .T. ) ;
#8906 = DIRECTION ( 'NONE',  ( 0.000000000000000000, -1.000000000000000000, 0.000000000000000000 ) ) ;
#8907 = COLOUR_RGB ( '',1.000000000000000000, 1.000000000000000000, 1.000000000000000000 ) ;
#8908 = DIRECTION ( 'NONE',  ( 0.000000000000000000, -1.000000000000000000, 0.000000000000000000 ) ) ;
#8909 = VECTOR ( 'NONE', #5307, 1000.000000000000000 ) ;
#8910 = UNCERTAINTY_MEASURE_WITH_UNIT (LENGTH_MEASURE( 1.000000000000000082E-05 ), #7445, 'distance_accuracy_value', 'NONE');
#8911 = CARTESIAN_POINT ( 'NONE',  ( 0.2704768629642097522, -0.1896137563799143999, 0.3010000000000001008 ) ) ;
#8912 = MECHANICAL_DESIGN_GEOMETRIC_PRESENTATION_REPRESENTATION (  '', ( #6277 ), #9441 ) ;
#8913 =( GEOMETRIC_REPRESENTATION_CONTEXT ( 3 ) GLOBAL_UNCERTAINTY_ASSIGNED_CONTEXT ( ( #4478 ) ) GLOBAL_UNIT_ASSIGNED_CONTEXT ( ( #1290, #4402, #7551 ) ) REPRESENTATION_CONTEXT ( 'NONE', 'WORKASPACE' ) );
#8914 = LINE ( 'NONE', #2653, #5959 ) ;
#8915 = DIRECTION ( 'NONE',  ( -1.000000000000000000, -0.000000000000000000, -0.000000000000000000 ) ) ;
#8916 = VERTEX_POINT ( 'NONE', #1126 ) ;
#8917 = PLANE ( 'NONE',  #6230 ) ;
#8918 = ADVANCED_FACE ( 'NONE', ( #2397 ), #2034, .T. ) ;
#8919 = VECTOR ( 'NONE', #8084, 1000.000000000000114 ) ;
#8920 = FACE_OUTER_BOUND ( 'NONE', #59, .T. ) ;
#8921 = DIRECTION ( 'NONE',  ( -1.000000000000000000, 1.016439536705160037E-16, -0.000000000000000000 ) ) ;
#8922 = COLOUR_RGB ( '',0.5019607843137254832, 0.5019607843137254832, 0.5019607843137254832 ) ;
#8923 = CARTESIAN_POINT ( 'NONE',  ( -1.505000000000001226, -0.4000000000000000222, 4.199999999999999289 ) ) ;
#8924 = CARTESIAN_POINT ( 'NONE',  ( 0.5293041858838503089, -0.1347905980048958452, 0.2999999999999999889 ) ) ;
#8925 = EDGE_CURVE ( 'NONE', #6448, #4128, #4385, .T. ) ;
#8926 = EDGE_LOOP ( 'NONE', ( #8187, #6245, #6749, #9164 ) ) ;
#8927 = STYLED_ITEM ( 'NONE', ( #7205 ), #8918 ) ;
#8928 = CARTESIAN_POINT ( 'NONE',  ( 0.1939754264771917924, -0.1311570647502125209, 0.3009999999999999898 ) ) ;
#8929 = DIRECTION ( 'NONE',  ( 1.000000000000000000, -1.355252715606883008E-16, 0.000000000000000000 ) ) ;
#8930 = PRESENTATION_LAYER_ASSIGNMENT (  '', '', ( #3428 ) ) ;
#8931 = LINE ( 'NONE', #1955, #8417 ) ;
#8932 = DIRECTION ( 'NONE',  ( 0.000000000000000000, 0.000000000000000000, 1.000000000000000000 ) ) ;
#8933 = SURFACE_SIDE_STYLE ('',( #4655 ) ) ;
#8934 = DIRECTION ( 'NONE',  ( -0.000000000000000000, 0.000000000000000000, -1.000000000000000000 ) ) ;
#8935 = CARTESIAN_POINT ( 'NONE',  ( 0.1268651614936064098, -0.3863149882487982301, 0.3009999999999999898 ) ) ;
#8936 = VERTEX_POINT ( 'NONE', #5127 ) ;
#8937 =( NAMED_UNIT ( * ) PLANE_ANGLE_UNIT ( ) SI_UNIT ( $, .RADIAN. ) );
#8938 = COLOUR_RGB ( '',1.000000000000000000, 1.000000000000000000, 1.000000000000000000 ) ;
#8939 = DIRECTION ( 'NONE',  ( -0.000000000000000000, -0.000000000000000000, 1.000000000000000000 ) ) ;
#8940 =( LENGTH_UNIT ( ) NAMED_UNIT ( * ) SI_UNIT ( .MILLI., .METRE. ) );
#8941 = CARTESIAN_POINT ( 'NONE',  ( 0.2263325207646148529, -0.4037137094369415702, 0.3009999999999998788 ) ) ;
#8942 = ORIENTED_EDGE ( 'NONE', *, *, #2948, .F. ) ;
#8943 = CARTESIAN_POINT ( 'NONE',  ( 0.1971204968594600648, -0.1640588906878226727, 0.2999999999999999889 ) ) ;
#8944 = VECTOR ( 'NONE', #7261, 1000.000000000000000 ) ;
#8945 = FILL_AREA_STYLE ('',( #4092 ) ) ;
#8946 = CARTESIAN_POINT ( 'NONE',  ( -0.4350000000000004974, 0.07499999999999984457, 0.2999999999999999889 ) ) ;
#8947 = MECHANICAL_DESIGN_GEOMETRIC_PRESENTATION_REPRESENTATION (  '', ( #6435 ), #8754 ) ;
#8948 = CARTESIAN_POINT ( 'NONE',  ( 0.8349999999999998535, 0.07499999999999984457, -2.199999999999999734 ) ) ;
#8949 = UNCERTAINTY_MEASURE_WITH_UNIT (LENGTH_MEASURE( 1.000000000000000082E-05 ), #6012, 'distance_accuracy_value', 'NONE');
#8950 = VERTEX_POINT ( 'NONE', #381 ) ;
#8951 = VECTOR ( 'NONE', #1826, 1000.000000000000000 ) ;
#8952 = EDGE_CURVE ( 'NONE', #2430, #3539, #3632, .T. ) ;
#8954 = ORIENTED_EDGE ( 'NONE', *, *, #2265, .T. ) ;
#8953 = FACE_OUTER_BOUND ( 'NONE', #4797, .T. ) ;
#8955 = DIRECTION ( 'NONE',  ( 0.000000000000000000, 1.000000000000000000, 0.000000000000000000 ) ) ;
#8956 = CARTESIAN_POINT ( 'NONE',  ( -0.3523047970145969932, -0.2772789361221725257, 0.3009999999999999898 ) ) ;
#8957 = DIRECTION ( 'NONE',  ( 0.000000000000000000, -1.000000000000000000, 0.000000000000000000 ) ) ;
#8958 = CARTESIAN_POINT ( 'NONE',  ( 2.974999999999999201, -0.07500000000000009437, -2.199999999999999734 ) ) ;
#8959 = VERTEX_POINT ( 'NONE', #4319 ) ;
#8960 = CARTESIAN_POINT ( 'NONE',  ( 0.2580692873647508767, -0.1417831696601838110, 0.3010000000000000453 ) ) ;
#8961 = PRESENTATION_STYLE_ASSIGNMENT (( #214 ) ) ;
#8962 = EDGE_CURVE ( 'NONE', #8836, #8445, #8041, .T. ) ;
#8963 =( GEOMETRIC_REPRESENTATION_CONTEXT ( 3 ) GLOBAL_UNCERTAINTY_ASSIGNED_CONTEXT ( ( #3247 ) ) GLOBAL_UNIT_ASSIGNED_CONTEXT ( ( #1769, #9730, #5728 ) ) REPRESENTATION_CONTEXT ( 'NONE', 'WORKASPACE' ) );
#8964 = ORIENTED_EDGE ( 'NONE', *, *, #3137, .T. ) ;
#8965 = FILL_AREA_STYLE ('',( #1123 ) ) ;
#8966 = LINE ( 'NONE', #4844, #4529 ) ;
#8967 = ADVANCED_FACE ( 'NONE', ( #7570, #4640 ), #6014, .F. ) ;
#8968 = ORIENTED_EDGE ( 'NONE', *, *, #1101, .T. ) ;
#8969 = SURFACE_SIDE_STYLE ('',( #6761 ) ) ;
#8970 = COLOUR_RGB ( '',1.000000000000000000, 1.000000000000000000, 1.000000000000000000 ) ;
#8971 = FILL_AREA_STYLE ('',( #4249 ) ) ;
#8972 =( NAMED_UNIT ( * ) PLANE_ANGLE_UNIT ( ) SI_UNIT ( $, .RADIAN. ) );
#8973 =( GEOMETRIC_REPRESENTATION_CONTEXT ( 3 ) GLOBAL_UNCERTAINTY_ASSIGNED_CONTEXT ( ( #9396 ) ) GLOBAL_UNIT_ASSIGNED_CONTEXT ( ( #8513, #5335, #9206 ) ) REPRESENTATION_CONTEXT ( 'NONE', 'WORKASPACE' ) );
#8974 = CARTESIAN_POINT ( 'NONE',  ( -0.3212401322061070319, -0.3704471403891262948, 0.3000000000000000444 ) ) ;
#8976 = VERTEX_POINT ( 'NONE', #1303 ) ;
#8975 =( NAMED_UNIT ( * ) PLANE_ANGLE_UNIT ( ) SI_UNIT ( $, .RADIAN. ) );
#8977 = CARTESIAN_POINT ( 'NONE',  ( -0.3585439795194402812, -0.1846119106308493629, 0.3000000000000000999 ) ) ;
#8978 = LINE ( 'NONE', #5405, #590 ) ;
#8979 = ORIENTED_EDGE ( 'NONE', *, *, #692, .F. ) ;
#8980 = EDGE_CURVE ( 'NONE', #9687, #7123, #7439, .T. ) ;
#8981 = ORIENTED_EDGE ( 'NONE', *, *, #3256, .T. ) ;
#8982 = CARTESIAN_POINT ( 'NONE',  ( 4.244999999999999218, -0.07500000000000009437, -5.227200187265875542 ) ) ;
#8983 =( NAMED_UNIT ( * ) SI_UNIT ( $, .STERADIAN. ) SOLID_ANGLE_UNIT ( ) );
#8984 = DIRECTION ( 'NONE',  ( -0.000000000000000000, -0.000000000000000000, 1.000000000000000000 ) ) ;
#8985 = EDGE_CURVE ( 'NONE', #7668, #7216, #168, .T. ) ;
#8986 =( NAMED_UNIT ( * ) SI_UNIT ( $, .STERADIAN. ) SOLID_ANGLE_UNIT ( ) );
#8987 = ORIENTED_EDGE ( 'NONE', *, *, #6379, .F. ) ;
#8988 = AXIS2_PLACEMENT_3D ( 'NONE', #5308, #3619, #2138 ) ;
#8989 =( GEOMETRIC_REPRESENTATION_CONTEXT ( 3 ) GLOBAL_UNCERTAINTY_ASSIGNED_CONTEXT ( ( #4344 ) ) GLOBAL_UNIT_ASSIGNED_CONTEXT ( ( #8339, #3620, #9148 ) ) REPRESENTATION_CONTEXT ( 'NONE', 'WORKASPACE' ) );
#8990 = CARTESIAN_POINT ( 'NONE',  ( 0.3095458721228931953, -0.3009446401639437330, 0.2999999999999999889 ) ) ;
#8991 =( GEOMETRIC_REPRESENTATION_CONTEXT ( 3 ) GLOBAL_UNCERTAINTY_ASSIGNED_CONTEXT ( ( #7412 ) ) GLOBAL_UNIT_ASSIGNED_CONTEXT ( ( #8506, #2328, #5533 ) ) REPRESENTATION_CONTEXT ( 'NONE', 'WORKASPACE' ) );
#8992 = ORIENTED_EDGE ( 'NONE', *, *, #1246, .F. ) ;
#8993 = COLOUR_RGB ( '',0.5019607843137254832, 0.5019607843137254832, 0.5019607843137254832 ) ;
#8994 = ORIENTED_EDGE ( 'NONE', *, *, #7242, .T. ) ;
#8995 = FILL_AREA_STYLE ('',( #6501 ) ) ;
#8996 = LINE ( 'NONE', #7496, #8368 ) ;
#8997 = DIRECTION ( 'NONE',  ( -0.000000000000000000, -0.000000000000000000, 1.000000000000000000 ) ) ;
#8998 = CARTESIAN_POINT ( 'NONE',  ( -0.3585743969518460639, -0.3820882088897392115, 0.3000000000000000444 ) ) ;
#8999 = ORIENTED_EDGE ( 'NONE', *, *, #9563, .T. ) ;
#9000 = FACE_OUTER_BOUND ( 'NONE', #3269, .T. ) ;
#9001 =( NAMED_UNIT ( * ) SI_UNIT ( $, .STERADIAN. ) SOLID_ANGLE_UNIT ( ) );
#9002 = COLOUR_RGB ( '',0.5019607843137254832, 0.5019607843137254832, 0.5019607843137254832 ) ;
#9003 = MECHANICAL_DESIGN_GEOMETRIC_PRESENTATION_REPRESENTATION (  '', ( #6884 ), #9536 ) ;
#9004 = CARTESIAN_POINT ( 'NONE',  ( 5.514999999999999680, -0.07500000000000009437, -5.227200187265875542 ) ) ;
#9005 = DIRECTION ( 'NONE',  ( 0.000000000000000000, 1.000000000000000000, 0.000000000000000000 ) ) ;
#9006 = LINE ( 'NONE', #8010, #10273 ) ;
#9007 = CARTESIAN_POINT ( 'NONE',  ( -0.5520478145303516770, -0.1912155988884748914, 0.3009999999999999898 ) ) ;
#9008 = CARTESIAN_POINT ( 'NONE',  ( 0.1351619739027334621, -0.3909881445814360479, 0.2999999999999999334 ) ) ;
#9009 =( LENGTH_UNIT ( ) NAMED_UNIT ( * ) SI_UNIT ( .MILLI., .METRE. ) );
#9010 = STYLED_ITEM ( 'NONE', ( #1509 ), #6768 ) ;
#9011 = FILL_AREA_STYLE_COLOUR ( '', #9256 ) ;
#9012 = VECTOR ( 'NONE', #1142, 1000.000000000000114 ) ;
#9013 = EDGE_CURVE ( 'NONE', #6827, #5322, #9308, .T. ) ;
#9014 = PLANE ( 'NONE',  #6737 ) ;
#9015 = CARTESIAN_POINT ( 'NONE',  ( 0.2319119389118499963, -0.1685185341866905218, 0.3000000000000000444 ) ) ;
#9016 = ADVANCED_FACE ( 'NONE', ( #9429 ), #5233, .T. ) ;
#9017 = VERTEX_POINT ( 'NONE', #8806 ) ;
#9018 = VERTEX_POINT ( 'NONE', #3345 ) ;
#9019 = ORIENTED_EDGE ( 'NONE', *, *, #894, .F. ) ;
#9020 = DIRECTION ( 'NONE',  ( 0.000000000000000000, -1.000000000000000000, 0.000000000000000000 ) ) ;
#9021 = UNCERTAINTY_MEASURE_WITH_UNIT (LENGTH_MEASURE( 1.000000000000000082E-05 ), #5399, 'distance_accuracy_value', 'NONE');
#9022 = COLOUR_RGB ( '',0.5019607843137254832, 0.5019607843137254832, 0.5019607843137254832 ) ;
#9023 = DIRECTION ( 'NONE',  ( -0.000000000000000000, 0.000000000000000000, 1.000000000000000000 ) ) ;
#9024 = EDGE_CURVE ( 'NONE', #2240, #354, #2264, .T. ) ;
#9025 = PRESENTATION_LAYER_ASSIGNMENT (  '', '', ( #2481 ) ) ;
#9026 = VECTOR ( 'NONE', #4070, 1000.000000000000000 ) ;
#9027 = PRESENTATION_STYLE_ASSIGNMENT (( #3527 ) ) ;
#9028 = SURFACE_SIDE_STYLE ('',( #1091 ) ) ;
#9029 = VECTOR ( 'NONE', #8957, 1000.000000000000000 ) ;
#9030 = STYLED_ITEM ( 'NONE', ( #6700 ), #3214 ) ;
#9031 = VERTEX_POINT ( 'NONE', #7217 ) ;
#9032 =( NAMED_UNIT ( * ) PLANE_ANGLE_UNIT ( ) SI_UNIT ( $, .RADIAN. ) );
#9033 = FILL_AREA_STYLE ('',( #4350 ) ) ;
#9034 = DIRECTION ( 'NONE',  ( 1.355252715606880296E-16, 1.000000000000000000, 0.000000000000000000 ) ) ;
#9035 = CARTESIAN_POINT ( 'NONE',  ( 0.000000000000000000, 0.000000000000000000, 0.000000000000000000 ) ) ;
#9036 = EDGE_CURVE ( 'NONE', #8605, #8836, #8756, .T. ) ;
#9037 = SURFACE_SIDE_STYLE ('',( #9561 ) ) ;
#9038 = LINE ( 'NONE', #8722, #5115 ) ;
#9039 = CARTESIAN_POINT ( 'NONE',  ( 0.1351619739027334621, -0.3909881445814360479, 0.3009999999999999343 ) ) ;
#9040 = DIRECTION ( 'NONE',  ( -1.016439536705160037E-16, -1.000000000000000000, -0.000000000000000000 ) ) ;
#9041 = VERTEX_POINT ( 'NONE', #3886 ) ;
#9042 = FILL_AREA_STYLE_COLOUR ( '', #1212 ) ;
#9043 = SURFACE_SIDE_STYLE ('',( #8507 ) ) ;
#9044 = PRESENTATION_LAYER_ASSIGNMENT (  '', '', ( #5034 ) ) ;
#9045 =( GEOMETRIC_REPRESENTATION_CONTEXT ( 3 ) GLOBAL_UNCERTAINTY_ASSIGNED_CONTEXT ( ( #8768 ) ) GLOBAL_UNIT_ASSIGNED_CONTEXT ( ( #6825, #3656, #2911 ) ) REPRESENTATION_CONTEXT ( 'NONE', 'WORKASPACE' ) );
#9046 = VERTEX_POINT ( 'NONE', #1629 ) ;
#9047 =( GEOMETRIC_REPRESENTATION_CONTEXT ( 3 ) GLOBAL_UNCERTAINTY_ASSIGNED_CONTEXT ( ( #2889 ) ) GLOBAL_UNIT_ASSIGNED_CONTEXT ( ( #8460, #7488, #9328 ) ) REPRESENTATION_CONTEXT ( 'NONE', 'WORKASPACE' ) );
#9048 =( NAMED_UNIT ( * ) PLANE_ANGLE_UNIT ( ) SI_UNIT ( $, .RADIAN. ) );
#9049 = CARTESIAN_POINT ( 'NONE',  ( -2.038333333333334885, -0.1333333333333335535, 3.933333333333332238 ) ) ;
#9050 = ORIENTED_EDGE ( 'NONE', *, *, #8443, .F. ) ;
#9051 = FILL_AREA_STYLE ('',( #1071 ) ) ;
#9052 = LINE ( 'NONE', #5559, #2893 ) ;
#9053 = COLOUR_RGB ( '',0.5019607843137254832, 0.5019607843137254832, 0.5019607843137254832 ) ;
#9054 = STYLED_ITEM ( 'NONE', ( #9157 ), #9649 ) ;
#9055 = SURFACE_SIDE_STYLE ('',( #6322 ) ) ;
#9056 = VERTEX_POINT ( 'NONE', #716 ) ;
#9057 =( NAMED_UNIT ( * ) SI_UNIT ( $, .STERADIAN. ) SOLID_ANGLE_UNIT ( ) );
#9058 = DIRECTION ( 'NONE',  ( 0.000000000000000000, -1.000000000000000000, 0.000000000000000000 ) ) ;
#9059 = AXIS2_PLACEMENT_3D ( 'NONE', #9904, #1228, #6611 ) ;
#9060 = DIRECTION ( 'NONE',  ( -1.000000000000000000, -0.000000000000000000, -0.000000000000000000 ) ) ;
#9061 = LINE ( 'NONE', #10189, #425 ) ;
#9062 =( LENGTH_UNIT ( ) NAMED_UNIT ( * ) SI_UNIT ( .MILLI., .METRE. ) );
#9063 = SURFACE_SIDE_STYLE ('',( #4650 ) ) ;
#9064 = ADVANCED_FACE ( 'NONE', ( #8031 ), #2359, .T. ) ;
#9065 = FILL_AREA_STYLE ('',( #5168 ) ) ;
#9066 = LINE ( 'NONE', #9861, #1318 ) ;
#9068 = VERTEX_POINT ( 'NONE', #3852 ) ;
#9067 = VECTOR ( 'NONE', #629, 1000.000000000000114 ) ;
#9069 = DIRECTION ( 'NONE',  ( 1.000000000000000000, 0.000000000000000000, 0.000000000000000000 ) ) ;
#9070 = CARTESIAN_POINT ( 'NONE',  ( -1.905000000000000471, 0.000000000000000000, -2.399999999999999911 ) ) ;
#9071 = CARTESIAN_POINT ( 'NONE',  ( -0.2358444421649301403, -0.1347905980048958452, 0.3009999999999999898 ) ) ;
#9072 =( GEOMETRIC_REPRESENTATION_CONTEXT ( 3 ) GLOBAL_UNCERTAINTY_ASSIGNED_CONTEXT ( ( #5618 ) ) GLOBAL_UNIT_ASSIGNED_CONTEXT ( ( #4447, #1189, #9057 ) ) REPRESENTATION_CONTEXT ( 'NONE', 'WORKASPACE' ) );
#9073 = FILL_AREA_STYLE ('',( #456 ) ) ;
#9074 = DIRECTION ( 'NONE',  ( -1.000000000000000000, 0.000000000000000000, 0.000000000000000000 ) ) ;
#9075 = CARTESIAN_POINT ( 'NONE',  ( -0.3922931262718386547, -0.2649461319031464757, 0.3009999999999999343 ) ) ;
#9076 = SURFACE_SIDE_STYLE ('',( #1377 ) ) ;
#9077 = UNCERTAINTY_MEASURE_WITH_UNIT (LENGTH_MEASURE( 1.000000000000000082E-05 ), #750, 'distance_accuracy_value', 'NONE');
#9078 = ORIENTED_EDGE ( 'NONE', *, *, #3666, .T. ) ;
#9080 = ORIENTED_EDGE ( 'NONE', *, *, #9378, .F. ) ;
#9079 = LINE ( 'NONE', #281, #824 ) ;
#9081 = SURFACE_SIDE_STYLE ('',( #4081 ) ) ;
#9082 = VECTOR ( 'NONE', #2694, 1000.000000000000000 ) ;
#9083 = EDGE_CURVE ( 'NONE', #3056, #8602, #4006, .T. ) ;
#9084 = AXIS2_PLACEMENT_3D ( 'NONE', #5124, #9948, #5195 ) ;
#9085 = EDGE_LOOP ( 'NONE', ( #6128, #7819, #8845, #1424 ) ) ;
#9086 = DIRECTION ( 'NONE',  ( -1.000000000000000000, 1.016439536705160037E-16, 0.000000000000000000 ) ) ;
#9087 = EDGE_CURVE ( 'NONE', #2190, #1096, #8572, .T. ) ;
#9088 = CARTESIAN_POINT ( 'NONE',  ( 0.2349999999999990985, 0.4000000000000000222, 1.300000000000000044 ) ) ;
#9089 = EDGE_LOOP ( 'NONE', ( #9710, #1244, #6931, #5777 ) ) ;
#9090 = LINE ( 'NONE', #7692, #2553 ) ;
#9091 = ADVANCED_FACE ( 'NONE', ( #7917 ), #4755, .T. ) ;
#9092 = PRESENTATION_LAYER_ASSIGNMENT (  '', '', ( #293 ) ) ;
#9093 = ORIENTED_EDGE ( 'NONE', *, *, #4136, .T. ) ;
#9094 = VECTOR ( 'NONE', #806, 1000.000000000000000 ) ;
#9095 = ORIENTED_EDGE ( 'NONE', *, *, #2342, .F. ) ;
#9096 = CARTESIAN_POINT ( 'NONE',  ( 5.915000000000000036, 0.07499999999999984457, 0.2999999999999999889 ) ) ;
#9097 = UNCERTAINTY_MEASURE_WITH_UNIT (LENGTH_MEASURE( 1.000000000000000082E-05 ), #1404, 'distance_accuracy_value', 'NONE');
#9098 = SURFACE_STYLE_USAGE ( .BOTH. , #1326 ) ;
#9099 = DIRECTION ( 'NONE',  ( -0.000000000000000000, -0.000000000000000000, 1.000000000000000000 ) ) ;
#9100 = PLANE ( 'NONE',  #7438 ) ;
#9101 = VECTOR ( 'NONE', #1672, 1000.000000000000000 ) ;
#9102 = SURFACE_SIDE_STYLE ('',( #9726 ) ) ;
#9103 = CARTESIAN_POINT ( 'NONE',  ( 3.374999999999999556, -0.07500000000000012212, -5.227200187265875542 ) ) ;
#9104 = VERTEX_POINT ( 'NONE', #3988 ) ;
#9105 = EDGE_CURVE ( 'NONE', #6124, #4577, #9061, .T. ) ;
#9106 = COLOUR_RGB ( '',1.000000000000000000, 1.000000000000000000, 1.000000000000000000 ) ;
#9107 = CARTESIAN_POINT ( 'NONE',  ( 5.314999999999999503, 0.4000000000000000222, 4.199999999999999289 ) ) ;
#9108 = DIRECTION ( 'NONE',  ( 0.000000000000000000, -0.000000000000000000, -1.000000000000000000 ) ) ;
#9109 = ORIENTED_EDGE ( 'NONE', *, *, #569, .F. ) ;
#9110 = CARTESIAN_POINT ( 'NONE',  ( 0.4890602834448259384, -0.1347905980048958452, 0.3009999999999999898 ) ) ;
#9111 =( LENGTH_UNIT ( ) NAMED_UNIT ( * ) SI_UNIT ( .MILLI., .METRE. ) );
#9112 = MECHANICAL_DESIGN_GEOMETRIC_PRESENTATION_REPRESENTATION (  '', ( #5890 ), #2364 ) ;
#9113 = MECHANICAL_DESIGN_GEOMETRIC_PRESENTATION_REPRESENTATION (  '', ( #4955 ), #5951 ) ;
#9114 = CARTESIAN_POINT ( 'NONE',  ( -0.5489754668845311381, -0.1779375319464842620, 0.2999999999999997669 ) ) ;
#9115 = ORIENTED_EDGE ( 'NONE', *, *, #9821, .T. ) ;
#9116 = ORIENTED_EDGE ( 'NONE', *, *, #10105, .T. ) ;
#9117 = DIRECTION ( 'NONE',  ( 0.000000000000000000, 1.000000000000000000, 0.000000000000000000 ) ) ;
#9118 = FILL_AREA_STYLE_COLOUR ( '', #5492 ) ;
#9119 = CARTESIAN_POINT ( 'NONE',  ( -0.2327575519210277610, -0.4347905980048958341, 0.3009999999999999898 ) ) ;
#9120 = CARTESIAN_POINT ( 'NONE',  ( -0.3926470336283447993, -0.2810177321512373205, 0.3009999999999999898 ) ) ;
#9121 = VERTEX_POINT ( 'NONE', #3117 ) ;
#9122 = ORIENTED_EDGE ( 'NONE', *, *, #9454, .F. ) ;
#9123 =( LENGTH_UNIT ( ) NAMED_UNIT ( * ) SI_UNIT ( .MILLI., .METRE. ) );
#9124 = FACE_BOUND ( 'NONE', #7727, .T. ) ;
#9125 = FILL_AREA_STYLE ('',( #1247 ) ) ;
#9126 = ADVANCED_FACE ( 'NONE', ( #677 ), #1182, .T. ) ;
#9127 = EDGE_CURVE ( 'NONE', #116, #104, #6829, .T. ) ;
#9128 = FILL_AREA_STYLE_COLOUR ( '', #4264 ) ;
#9129 = ORIENTED_EDGE ( 'NONE', *, *, #7242, .F. ) ;
#9130 = VERTEX_POINT ( 'NONE', #6239 ) ;
#9131 = DIRECTION ( 'NONE',  ( -1.000000000000000000, 0.000000000000000000, 0.000000000000000000 ) ) ;
#9132 = COLOUR_RGB ( '',1.000000000000000000, 1.000000000000000000, 1.000000000000000000 ) ;
#9133 = CARTESIAN_POINT ( 'NONE',  ( 3.574999999999999289, 0.4000000000000000222, 4.199999999999999289 ) ) ;
#9134 = CYLINDRICAL_SURFACE ( 'NONE', #6698, 0.2000000000000000944 ) ;
#9135 = CARTESIAN_POINT ( 'NONE',  ( -0.3279317138289805089, -0.2037995780238248955, 0.3009999999999999343 ) ) ;
#9136 = SURFACE_STYLE_USAGE ( .BOTH. , #9102 ) ;
#9137 = SURFACE_SIDE_STYLE ('',( #3905 ) ) ;
#9138 = SURFACE_SIDE_STYLE ('',( #10101 ) ) ;
#9139 = CARTESIAN_POINT ( 'NONE',  ( 2.304999999999998828, 0.4000000000000000222, 1.300000000000000044 ) ) ;
#9140 = PLANE ( 'NONE',  #4314 ) ;
#9141 = UNCERTAINTY_MEASURE_WITH_UNIT (LENGTH_MEASURE( 1.000000000000000082E-05 ), #2795, 'distance_accuracy_value', 'NONE');
#9142 = CARTESIAN_POINT ( 'NONE',  ( -5.315000000000001279, 0.4000000000000000222, 4.199999999999999289 ) ) ;
#9143 = VECTOR ( 'NONE', #6200, 1000.000000000000000 ) ;
#9144 = CARTESIAN_POINT ( 'NONE',  ( -0.3522995963832012967, -0.2864899641146302356, 0.2999999999999999334 ) ) ;
#9146 = ADVANCED_FACE ( 'NONE', ( #9805 ), #6984, .F. ) ;
#9145 = CARTESIAN_POINT ( 'NONE',  ( 0.1825668594184698124, -0.4044185704957131700, 0.3009999999999998788 ) ) ;
#9147 = CARTESIAN_POINT ( 'NONE',  ( 1.034999999999999476, 0.4000000000000000222, 1.300000000000000044 ) ) ;
#9148 =( NAMED_UNIT ( * ) SI_UNIT ( $, .STERADIAN. ) SOLID_ANGLE_UNIT ( ) );
#9149 = AXIS2_PLACEMENT_3D ( 'NONE', #3494, #8276, #4343 ) ;
#9150 = VECTOR ( 'NONE', #6715, 1000.000000000000000 ) ;
#9151 = PLANE ( 'NONE',  #9978 ) ;
#9152 = ORIENTED_EDGE ( 'NONE', *, *, #45, .T. ) ;
#9153 = EDGE_CURVE ( 'NONE', #189, #1488, #4876, .T. ) ;
#9154 = UNCERTAINTY_MEASURE_WITH_UNIT (LENGTH_MEASURE( 1.000000000000000082E-05 ), #3322, 'distance_accuracy_value', 'NONE');
#9155 = EDGE_LOOP ( 'NONE', ( #1125, #825, #4851, #6299, #7938 ) ) ;
#9156 = FILL_AREA_STYLE_COLOUR ( '', #4728 ) ;
#9157 = PRESENTATION_STYLE_ASSIGNMENT (( #7074 ) ) ;
#9158 = COLOUR_RGB ( '',0.5019607843137254832, 0.5019607843137254832, 0.5019607843137254832 ) ;
#9159 = COLOUR_RGB ( '',0.5019607843137254832, 0.5019607843137254832, 0.5019607843137254832 ) ;
#9160 = SURFACE_STYLE_USAGE ( .BOTH. , #1252 ) ;
#9161 = VERTEX_POINT ( 'NONE', #9579 ) ;
#9162 = EDGE_CURVE ( 'NONE', #6818, #3612, #7677, .T. ) ;
#9163 =( GEOMETRIC_REPRESENTATION_CONTEXT ( 3 ) GLOBAL_UNCERTAINTY_ASSIGNED_CONTEXT ( ( #1136 ) ) GLOBAL_UNIT_ASSIGNED_CONTEXT ( ( #8242, #1152, #7420 ) ) REPRESENTATION_CONTEXT ( 'NONE', 'WORKASPACE' ) );
#9164 = ORIENTED_EDGE ( 'NONE', *, *, #3129, .T. ) ;
#9165 = DIRECTION ( 'NONE',  ( 1.000000000000000000, -1.355252715606880296E-16, 0.000000000000000000 ) ) ;
#9166 = PRESENTATION_STYLE_ASSIGNMENT (( #7064 ) ) ;
#9167 = SURFACE_SIDE_STYLE ('',( #2152 ) ) ;
#9168 = FILL_AREA_STYLE_COLOUR ( '', #7036 ) ;
#9169 = FILL_AREA_STYLE_COLOUR ( '', #4713 ) ;
#9170 = ORIENTED_EDGE ( 'NONE', *, *, #8888, .F. ) ;
#9171 = CARTESIAN_POINT ( 'NONE',  ( 0.06832857612775269929, -0.1347905980048958452, 0.3009999999999999898 ) ) ;
#9172 =( NAMED_UNIT ( * ) SI_UNIT ( $, .STERADIAN. ) SOLID_ANGLE_UNIT ( ) );
#9173 = PRESENTATION_LAYER_ASSIGNMENT (  '', '', ( #4420 ) ) ;
#9174 = MECHANICAL_DESIGN_GEOMETRIC_PRESENTATION_REPRESENTATION (  '', ( #9303 ), #8430 ) ;
#9175 = ADVANCED_FACE ( 'NONE', ( #10069 ), #3349, .F. ) ;
#9176 = DIRECTION ( 'NONE',  ( -0.000000000000000000, -0.000000000000000000, -1.000000000000000000 ) ) ;
#9177 = ORIENTED_EDGE ( 'NONE', *, *, #3193, .T. ) ;
#9178 = LINE ( 'NONE', #1030, #5117 ) ;
#9179 = CARTESIAN_POINT ( 'NONE',  ( -0.5682567897259058753, -0.1347905980048958452, 0.2999999999999999889 ) ) ;
#9180 = EDGE_CURVE ( 'NONE', #4128, #2996, #8805, .T. ) ;
#9181 = PLANE ( 'NONE',  #4354 ) ;
#9182 = EDGE_CURVE ( 'NONE', #5242, #2140, #549, .T. ) ;
#9183 = FACE_OUTER_BOUND ( 'NONE', #5893, .T. ) ;
#9184 = EDGE_LOOP ( 'NONE', ( #1230, #5024, #5560, #580 ) ) ;
#9185 = CARTESIAN_POINT ( 'NONE',  ( -1.505000000000001226, 0.4000000000000000222, 4.199999999999999289 ) ) ;
#9186 = STYLED_ITEM ( 'NONE', ( #4953 ), #4388 ) ;
#9187 = MECHANICAL_DESIGN_GEOMETRIC_PRESENTATION_REPRESENTATION (  '', ( #596 ), #9250 ) ;
#9188 = DIRECTION ( 'NONE',  ( -0.5773502691896258421, 0.5773502691896255090, 0.5773502691896258421 ) ) ;
#9189 = CARTESIAN_POINT ( 'NONE',  ( 0.1296801787261031569, -0.4207955924180587504, 0.3009999999999999343 ) ) ;
#9190 = VECTOR ( 'NONE', #2818, 1000.000000000000000 ) ;
#9191 = VERTEX_POINT ( 'NONE', #4093 ) ;
#9192 = CARTESIAN_POINT ( 'NONE',  ( -1.705000000000000737, -0.07500000000000012212, -5.227200187265875542 ) ) ;
#9193 = LINE ( 'NONE', #1269, #9318 ) ;
#9194 = COLOUR_RGB ( '',1.000000000000000000, 1.000000000000000000, 1.000000000000000000 ) ;
#9195 = ADVANCED_FACE ( 'NONE', ( #6708 ), #4897, .F. ) ;
#9196 = STYLED_ITEM ( 'NONE', ( #897 ), #9697 ) ;
#9197 = CARTESIAN_POINT ( 'NONE',  ( -0.3922883767884401962, -0.2977909717906853104, 0.3010000000000000453 ) ) ;
#9198 = DIRECTION ( 'NONE',  ( 0.000000000000000000, -1.000000000000000000, 0.000000000000000000 ) ) ;
#9199 = ORIENTED_EDGE ( 'NONE', *, *, #3482, .T. ) ;
#9200 = CARTESIAN_POINT ( 'NONE',  ( 0.3353762426123065854, -0.3637614340708853478, 0.2999999999999999334 ) ) ;
#9201 = PRESENTATION_LAYER_ASSIGNMENT (  '', '', ( #9397 ) ) ;
#9202 = FILL_AREA_STYLE ('',( #8174 ) ) ;
#9203 = CARTESIAN_POINT ( 'NONE',  ( -0.2829841600898753140, -0.1746711753060409822, 0.3000000000000000999 ) ) ;
#9204 = ORIENTED_EDGE ( 'NONE', *, *, #9036, .F. ) ;
#9205 = DIRECTION ( 'NONE',  ( -1.016439536705160037E-16, -1.000000000000000000, -0.000000000000000000 ) ) ;
#9206 =( NAMED_UNIT ( * ) SI_UNIT ( $, .STERADIAN. ) SOLID_ANGLE_UNIT ( ) );
#9207 = SURFACE_STYLE_FILL_AREA ( #3064 ) ;
#9208 = VERTEX_POINT ( 'NONE', #4162 ) ;
#9209 = DIRECTION ( 'NONE',  ( 1.000000000000000000, 0.000000000000000000, 0.000000000000000000 ) ) ;
#9210 = UNCERTAINTY_MEASURE_WITH_UNIT (LENGTH_MEASURE( 1.000000000000000082E-05 ), #3347, 'distance_accuracy_value', 'NONE');
#9211 = ORIENTED_EDGE ( 'NONE', *, *, #6286, .F. ) ;
#9212 = PLANE ( 'NONE',  #8066 ) ;
#9213 = AXIS2_PLACEMENT_3D ( 'NONE', #1425, #7593, #6811 ) ;
#9214 =( NAMED_UNIT ( * ) SI_UNIT ( $, .STERADIAN. ) SOLID_ANGLE_UNIT ( ) );
#9215 = VERTEX_POINT ( 'NONE', #7951 ) ;
#9216 = CARTESIAN_POINT ( 'NONE',  ( 4.044999999999999041, -0.5000000000000011102, 4.299999999999999822 ) ) ;
#9217 = ORIENTED_EDGE ( 'NONE', *, *, #6152, .T. ) ;
#9218 = CARTESIAN_POINT ( 'NONE',  ( -0.4585006921649301126, -0.4347905980048958341, 0.3009999999999999898 ) ) ;
#9219 = VECTOR ( 'NONE', #4980, 1000.000000000000000 ) ;
#9220 = PRESENTATION_STYLE_ASSIGNMENT (( #6162 ) ) ;
#9221 = EDGE_CURVE ( 'NONE', #8585, #4785, #7096, .T. ) ;
#9222 = ADVANCED_FACE ( 'NONE', ( #1901 ), #5250, .T. ) ;
#9223 = ORIENTED_EDGE ( 'NONE', *, *, #2080, .T. ) ;
#9224 = SURFACE_STYLE_FILL_AREA ( #2177 ) ;
#9225 = ORIENTED_EDGE ( 'NONE', *, *, #1101, .F. ) ;
#9226 = UNCERTAINTY_MEASURE_WITH_UNIT (LENGTH_MEASURE( 1.000000000000000082E-05 ), #7331, 'distance_accuracy_value', 'NONE');
#9227 =( GEOMETRIC_REPRESENTATION_CONTEXT ( 3 ) GLOBAL_UNCERTAINTY_ASSIGNED_CONTEXT ( ( #1055 ) ) GLOBAL_UNIT_ASSIGNED_CONTEXT ( ( #2447, #2408, #60 ) ) REPRESENTATION_CONTEXT ( 'NONE', 'WORKASPACE' ) );
#9228 = SURFACE_STYLE_USAGE ( .BOTH. , #6836 ) ;
#9229 = ORIENTED_EDGE ( 'NONE', *, *, #3554, .T. ) ;
#9230 = MECHANICAL_DESIGN_GEOMETRIC_PRESENTATION_REPRESENTATION (  '', ( #7940 ), #712 ) ;
#9231 =( GEOMETRIC_REPRESENTATION_CONTEXT ( 3 ) GLOBAL_UNCERTAINTY_ASSIGNED_CONTEXT ( ( #3695 ) ) GLOBAL_UNIT_ASSIGNED_CONTEXT ( ( #7102, #7876, #10139 ) ) REPRESENTATION_CONTEXT ( 'NONE', 'WORKASPACE' ) );
#9232 = VECTOR ( 'NONE', #8955, 1000.000000000000000 ) ;
#9233 =( LENGTH_UNIT ( ) NAMED_UNIT ( * ) SI_UNIT ( .MILLI., .METRE. ) );
#9234 = FILL_AREA_STYLE_COLOUR ( '', #3720 ) ;
#9235 = ORIENTED_EDGE ( 'NONE', *, *, #7417, .T. ) ;
#9236 =( LENGTH_UNIT ( ) NAMED_UNIT ( * ) SI_UNIT ( .MILLI., .METRE. ) );
#9237 = COLOUR_RGB ( '',0.5019607843137254832, 0.5019607843137254832, 0.5019607843137254832 ) ;
#9238 = CARTESIAN_POINT ( 'NONE',  ( 1.504999999999998561, -0.5000000000000011102, 4.299999999999999822 ) ) ;
#9239 =( NAMED_UNIT ( * ) PLANE_ANGLE_UNIT ( ) SI_UNIT ( $, .RADIAN. ) );
#9240 = CARTESIAN_POINT ( 'NONE',  ( -0.3029703435130143285, -0.1836569452220042087, 0.3000000000000000444 ) ) ;
#9241 = EDGE_CURVE ( 'NONE', #5897, #116, #5727, .T. ) ;
#9242 = DIRECTION ( 'NONE',  ( -1.000000000000000000, -0.000000000000000000, -0.000000000000000000 ) ) ;
#9243 = EDGE_LOOP ( 'NONE', ( #9587, #3548, #8665, #5545 ) ) ;
#9244 = DIRECTION ( 'NONE',  ( -1.000000000000000000, -0.000000000000000000, -0.000000000000000000 ) ) ;
#9245 = EDGE_LOOP ( 'NONE', ( #3235, #5378, #1239, #5187, #4458, #9463 ) ) ;
#9246 = DIRECTION ( 'NONE',  ( -0.000000000000000000, -0.000000000000000000, 1.000000000000000000 ) ) ;
#9247 = STYLED_ITEM ( 'NONE', ( #6309 ), #4163 ) ;
#9248 = PRESENTATION_LAYER_ASSIGNMENT (  '', '', ( #1859 ) ) ;
#9249 =( NAMED_UNIT ( * ) PLANE_ANGLE_UNIT ( ) SI_UNIT ( $, .RADIAN. ) );
#9250 =( GEOMETRIC_REPRESENTATION_CONTEXT ( 3 ) GLOBAL_UNCERTAINTY_ASSIGNED_CONTEXT ( ( #5935 ) ) GLOBAL_UNIT_ASSIGNED_CONTEXT ( ( #670, #1522, #3080 ) ) REPRESENTATION_CONTEXT ( 'NONE', 'WORKASPACE' ) );
#9251 = CARTESIAN_POINT ( 'NONE',  ( 0.6350000000000001199, 0.07499999999999985845, -2.199999999999999734 ) ) ;
#9252 =( NAMED_UNIT ( * ) SI_UNIT ( $, .STERADIAN. ) SOLID_ANGLE_UNIT ( ) );
#9253 = CARTESIAN_POINT ( 'NONE',  ( 2.974999999999999201, -0.07500000000000009437, -5.227200187265875542 ) ) ;
#9254 = ORIENTED_EDGE ( 'NONE', *, *, #2107, .T. ) ;
#9255 = SURFACE_STYLE_FILL_AREA ( #6852 ) ;
#9256 = COLOUR_RGB ( '',0.5019607843137254832, 0.5019607843137254832, 0.5019607843137254832 ) ;
#9257 =( NAMED_UNIT ( * ) SI_UNIT ( $, .STERADIAN. ) SOLID_ANGLE_UNIT ( ) );
#9258 = VECTOR ( 'NONE', #9543, 1000.000000000000000 ) ;
#9259 = SURFACE_SIDE_STYLE ('',( #142 ) ) ;
#9260 = EDGE_LOOP ( 'NONE', ( #1862, #9329, #2178, #1210 ) ) ;
#9261 = STYLED_ITEM ( 'NONE', ( #8141 ), #9434 ) ;
#9262 = DIRECTION ( 'NONE',  ( -0.000000000000000000, -0.000000000000000000, -1.000000000000000000 ) ) ;
#9263 =( GEOMETRIC_REPRESENTATION_CONTEXT ( 3 ) GLOBAL_UNCERTAINTY_ASSIGNED_CONTEXT ( ( #3312 ) ) GLOBAL_UNIT_ASSIGNED_CONTEXT ( ( #2657, #8172, #1154 ) ) REPRESENTATION_CONTEXT ( 'NONE', 'WORKASPACE' ) );
#9264 = DIRECTION ( 'NONE',  ( 0.000000000000000000, -1.000000000000000000, 0.000000000000000000 ) ) ;
#9265 = CARTESIAN_POINT ( 'NONE',  ( -0.3925258734675513006, -0.2866840075031422130, 0.3010000000000000453 ) ) ;
#9266 = LINE ( 'NONE', #6952, #8124 ) ;
#9267 = UNCERTAINTY_MEASURE_WITH_UNIT (LENGTH_MEASURE( 1.000000000000000082E-05 ), #10212, 'distance_accuracy_value', 'NONE');
#9268 = FILL_AREA_STYLE_COLOUR ( '', #7083 ) ;
#9269 = ORIENTED_EDGE ( 'NONE', *, *, #2031, .T. ) ;
#9270 = CARTESIAN_POINT ( 'NONE',  ( 0.3119999484517816390, -0.3980218929226799762, 0.3000000000000000999 ) ) ;
#9271 = DIRECTION ( 'NONE',  ( 0.000000000000000000, -0.000000000000000000, 1.000000000000000000 ) ) ;
#9272 = DIRECTION ( 'NONE',  ( -0.000000000000000000, -0.000000000000000000, -1.000000000000000000 ) ) ;
#9273 = SURFACE_STYLE_FILL_AREA ( #9902 ) ;
#9274 =( GEOMETRIC_REPRESENTATION_CONTEXT ( 3 ) GLOBAL_UNCERTAINTY_ASSIGNED_CONTEXT ( ( #10045 ) ) GLOBAL_UNIT_ASSIGNED_CONTEXT ( ( #5409, #3098, #5443 ) ) REPRESENTATION_CONTEXT ( 'NONE', 'WORKASPACE' ) );
#9275 = ADVANCED_FACE ( 'NONE', ( #9292 ), #3486, .F. ) ;
#9276 = PRESENTATION_STYLE_ASSIGNMENT (( #1021 ) ) ;
#9277 = CARTESIAN_POINT ( 'NONE',  ( -0.1511836189941984931, -0.4347905980048958341, 0.2999999999999999889 ) ) ;
#9278 = VECTOR ( 'NONE', #4633, 1000.000000000000000 ) ;
#9279 = FACE_OUTER_BOUND ( 'NONE', #10002, .T. ) ;
#9280 = DIRECTION ( 'NONE',  ( 1.355252715606880296E-16, 1.000000000000000000, 0.000000000000000000 ) ) ;
#9281 = DIRECTION ( 'NONE',  ( 1.355252715606880296E-16, 1.000000000000000000, 0.000000000000000000 ) ) ;
#9282 = SURFACE_STYLE_USAGE ( .BOTH. , #3760 ) ;
#9283 = ORIENTED_EDGE ( 'NONE', *, *, #4795, .F. ) ;
#9284 = CARTESIAN_POINT ( 'NONE',  ( -0.5468200519210277832, -0.1713759638585543588, 0.2999999999999999889 ) ) ;
#9285 = CARTESIAN_POINT ( 'NONE',  ( -5.515000000000000568, -0.07500000000000012212, 0.2999999999999999889 ) ) ;
#9286 = COLOUR_RGB ( '',1.000000000000000000, 1.000000000000000000, 1.000000000000000000 ) ;
#9287 = EDGE_CURVE ( 'NONE', #10213, #3538, #1039, .T. ) ;
#9288 = SURFACE_STYLE_USAGE ( .BOTH. , #567 ) ;
#9289 = DIRECTION ( 'NONE',  ( -0.000000000000000000, -0.000000000000000000, -1.000000000000000000 ) ) ;
#9290 = PRODUCT_DEFINITION_FORMATION_WITH_SPECIFIED_SOURCE ( '�κ�', '', #3931, .NOT_KNOWN. ) ;
#9291 = ORIENTED_EDGE ( 'NONE', *, *, #5211, .F. ) ;
#9292 = FACE_OUTER_BOUND ( 'NONE', #5535, .T. ) ;
#9293 =( LENGTH_UNIT ( ) NAMED_UNIT ( * ) SI_UNIT ( .MILLI., .METRE. ) );
#9294 = ORIENTED_EDGE ( 'NONE', *, *, #1645, .T. ) ;
#9295 = STYLED_ITEM ( 'NONE', ( #6947 ), #5931 ) ;
#9296 = VECTOR ( 'NONE', #5305, 1000.000000000000000 ) ;
#9297 =( NAMED_UNIT ( * ) PLANE_ANGLE_UNIT ( ) SI_UNIT ( $, .RADIAN. ) );
#9298 = CARTESIAN_POINT ( 'NONE',  ( 2.774999999999999023, -0.4000000000000000222, 1.300000000000000044 ) ) ;
#9299 = ORIENTED_EDGE ( 'NONE', *, *, #7652, .F. ) ;
#9300 = CARTESIAN_POINT ( 'NONE',  ( -4.045000000000000817, -0.4000000000000000222, 1.300000000000000044 ) ) ;
#9301 = CARTESIAN_POINT ( 'NONE',  ( -0.3521137054797058297, -0.2683470725099701970, 0.3010000000000000453 ) ) ;
#9302 = PRESENTATION_STYLE_ASSIGNMENT (( #4049 ) ) ;
#9303 = STYLED_ITEM ( 'NONE', ( #3568 ), #7343 ) ;
#9304 = SURFACE_SIDE_STYLE ('',( #9255 ) ) ;
#9305 = CARTESIAN_POINT ( 'NONE',  ( -5.515000000000000568, -0.07500000000000012212, 0.2999999999999999889 ) ) ;
#9306 = VERTEX_POINT ( 'NONE', #4191 ) ;
#9307 = CARTESIAN_POINT ( 'NONE',  ( 0.2135112913927208755, -0.1315054418370763256, 0.2999999999999999889 ) ) ;
#9308 = LINE ( 'NONE', #7147, #3879 ) ;
#9309 = CARTESIAN_POINT ( 'NONE',  ( 4.945000000000000284, 0.5000000000000011102, 4.299999999999999822 ) ) ;
#9310 =( NAMED_UNIT ( * ) SI_UNIT ( $, .STERADIAN. ) SOLID_ANGLE_UNIT ( ) );
#9311 = EDGE_CURVE ( 'NONE', #2958, #9377, #4739, .T. ) ;
#9312 = CARTESIAN_POINT ( 'NONE',  ( 0.4890602834448259384, -0.4018637687366031774, 0.2999999999999999889 ) ) ;
#9313 = LINE ( 'NONE', #355, #4637 ) ;
#9314 = PRESENTATION_LAYER_ASSIGNMENT (  '', '', ( #2245 ) ) ;
#9315 = ORIENTED_EDGE ( 'NONE', *, *, #2886, .F. ) ;
#9316 = STYLED_ITEM ( 'NONE', ( #10021 ), #1742 ) ;
#9317 = DIRECTION ( 'NONE',  ( 1.000000000000000000, 0.000000000000000000, 0.000000000000000000 ) ) ;
#9318 = VECTOR ( 'NONE', #7428, 1000.000000000000000 ) ;
#9319 = CARTESIAN_POINT ( 'NONE',  ( 0.2002432975190013564, -0.4054747431577429562, 0.3010000000000000453 ) ) ;
#9320 = VECTOR ( 'NONE', #7598, 1000.000000000000000 ) ;
#9321 = COLOUR_RGB ( '',1.000000000000000000, 1.000000000000000000, 1.000000000000000000 ) ;
#9322 = CARTESIAN_POINT ( 'NONE',  ( -0.3922931262718386547, -0.2649461319031464757, 0.2999999999999999334 ) ) ;
#9323 = PLANE ( 'NONE',  #4355 ) ;
#9324 = VERTEX_POINT ( 'NONE', #5076 ) ;
#9326 = ORIENTED_EDGE ( 'NONE', *, *, #10267, .T. ) ;
#9325 = SURFACE_STYLE_FILL_AREA ( #1133 ) ;
#9327 = VERTEX_POINT ( 'NONE', #4335 ) ;
#9328 =( NAMED_UNIT ( * ) SI_UNIT ( $, .STERADIAN. ) SOLID_ANGLE_UNIT ( ) );
#9329 = ORIENTED_EDGE ( 'NONE', *, *, #7821, .T. ) ;
#9330 = AXIS2_PLACEMENT_3D ( 'NONE', #1648, #1619, #3107 ) ;
#9331 = SURFACE_STYLE_USAGE ( .BOTH. , #7793 ) ;
#9332 = CARTESIAN_POINT ( 'NONE',  ( -1.035000000000001252, 0.4000000000000000222, 4.199999999999999289 ) ) ;
#9333 = CARTESIAN_POINT ( 'NONE',  ( 0.1939754264771917924, -0.1311570647502125209, 0.3009999999999999898 ) ) ;
#9334 = CARTESIAN_POINT ( 'NONE',  ( -0.5524221860673690365, -0.1924125492244080360, 0.2999999999999999889 ) ) ;
#9335 = FILL_AREA_STYLE ('',( #681 ) ) ;
#9336 = SURFACE_STYLE_USAGE ( .BOTH. , #3823 ) ;
#9337 = UNCERTAINTY_MEASURE_WITH_UNIT (LENGTH_MEASURE( 1.000000000000000082E-05 ), #5955, 'distance_accuracy_value', 'NONE');
#9338 = PRESENTATION_STYLE_ASSIGNMENT (( #3151 ) ) ;
#9339 = SURFACE_STYLE_USAGE ( .BOTH. , #9304 ) ;
#9340 = ORIENTED_EDGE ( 'NONE', *, *, #1448, .T. ) ;
#9341 = PRESENTATION_LAYER_ASSIGNMENT (  '', '', ( #9010 ) ) ;
#9342 = ORIENTED_EDGE ( 'NONE', *, *, #7003, .T. ) ;
#9343 =( NAMED_UNIT ( * ) PLANE_ANGLE_UNIT ( ) SI_UNIT ( $, .RADIAN. ) );
#9345 = LINE ( 'NONE', #3262, #9101 ) ;
#9344 = CARTESIAN_POINT ( 'NONE',  ( 5.715000000000000746, 0.07499999999999985845, -2.199999999999999734 ) ) ;
#9346 = EDGE_CURVE ( 'NONE', #288, #7203, #4998, .T. ) ;
#9347 = PLANE ( 'NONE',  #7607 ) ;
#9348 = VERTEX_POINT ( 'NONE', #8946 ) ;
#9349 = CARTESIAN_POINT ( 'NONE',  ( -2.105000000000000870, -0.07500000000000009437, 0.2999999999999999889 ) ) ;
#9350 = CARTESIAN_POINT ( 'NONE',  ( 6.115000000000000213, 0.4000000000000000222, 1.300000000000000044 ) ) ;
#9351 = DIRECTION ( 'NONE',  ( 0.000000000000000000, 1.000000000000000000, 0.000000000000000000 ) ) ;
#9352 = PRESENTATION_STYLE_ASSIGNMENT (( #3335 ) ) ;
#9353 = ORIENTED_EDGE ( 'NONE', *, *, #1963, .F. ) ;
#9354 = CARTESIAN_POINT ( 'NONE',  ( 0.1640626037638976131, -0.4337757118818044155, 0.2999999999999999889 ) ) ;
#9355 = LINE ( 'NONE', #1311, #5042 ) ;
#9356 = UNCERTAINTY_MEASURE_WITH_UNIT (LENGTH_MEASURE( 1.000000000000000082E-05 ), #9839, 'distance_accuracy_value', 'NONE');
#9357 = PLANE ( 'NONE',  #6220 ) ;
#9358 = CARTESIAN_POINT ( 'NONE',  ( 5.715000000000000746, -0.07500000000000012212, -2.399999999999999911 ) ) ;
#9359 = EDGE_CURVE ( 'NONE', #5664, #5269, #9178, .T. ) ;
#9360 = SURFACE_STYLE_FILL_AREA ( #9524 ) ;
#9361 = CARTESIAN_POINT ( 'NONE',  ( -3.174999999999999822, -0.07500000000000012212, -2.199999999999999734 ) ) ;
#9362 = ORIENTED_EDGE ( 'NONE', *, *, #9024, .F. ) ;
#9363 = PRESENTATION_LAYER_ASSIGNMENT (  '', '', ( #8137 ) ) ;
#9364 =( GEOMETRIC_REPRESENTATION_CONTEXT ( 3 ) GLOBAL_UNCERTAINTY_ASSIGNED_CONTEXT ( ( #1001 ) ) GLOBAL_UNIT_ASSIGNED_CONTEXT ( ( #4636, #1519, #9389 ) ) REPRESENTATION_CONTEXT ( 'NONE', 'WORKASPACE' ) );
#9365 =( NAMED_UNIT ( * ) SI_UNIT ( $, .STERADIAN. ) SOLID_ANGLE_UNIT ( ) );
#9366 = FACE_OUTER_BOUND ( 'NONE', #2546, .T. ) ;
#9367 = DIRECTION ( 'NONE',  ( 0.000000000000000000, 0.7071067811865477948, 0.7071067811865473507 ) ) ;
#9368 = CARTESIAN_POINT ( 'NONE',  ( 4.844999999999999751, -0.4000000000000000222, 4.199999999999999289 ) ) ;
#9369 =( NAMED_UNIT ( * ) SI_UNIT ( $, .STERADIAN. ) SOLID_ANGLE_UNIT ( ) );
#9370 = VECTOR ( 'NONE', #7711, 1000.000000000000000 ) ;
#9371 = FILL_AREA_STYLE ('',( #9438 ) ) ;
#9372 = ORIENTED_EDGE ( 'NONE', *, *, #5226, .T. ) ;
#9373 = SURFACE_STYLE_FILL_AREA ( #5157 ) ;
#9374 = EDGE_CURVE ( 'NONE', #6107, #8874, #6820, .T. ) ;
#9375 = DIRECTION ( 'NONE',  ( 1.000000000000000000, -1.355252715606880543E-16, 0.000000000000000000 ) ) ;
#9376 = LINE ( 'NONE', #1531, #2921 ) ;
#9377 = VERTEX_POINT ( 'NONE', #6671 ) ;
#9378 = EDGE_CURVE ( 'NONE', #321, #7239, #2637, .T. ) ;
#9379 = ORIENTED_EDGE ( 'NONE', *, *, #154, .T. ) ;
#9380 = LINE ( 'NONE', #3790, #7985 ) ;
#9381 = STYLED_ITEM ( 'NONE', ( #2220 ), #4422 ) ;
#9382 = PRESENTATION_LAYER_ASSIGNMENT (  '', '', ( #1475 ) ) ;
#9383 = DIRECTION ( 'NONE',  ( 1.000000000000000000, -1.355252715606880049E-16, 0.000000000000000000 ) ) ;
#9384 = CARTESIAN_POINT ( 'NONE',  ( -0.6350000000000010081, 0.07499999999999987232, -2.199999999999999734 ) ) ;
#9385 = PRESENTATION_LAYER_ASSIGNMENT (  '', '', ( #596 ) ) ;
#9386 = DIRECTION ( 'NONE',  ( -1.000000000000000000, 0.000000000000000000, 0.000000000000000000 ) ) ;
#9387 =( NAMED_UNIT ( * ) SI_UNIT ( $, .STERADIAN. ) SOLID_ANGLE_UNIT ( ) );
#9388 = VECTOR ( 'NONE', #2931, 1000.000000000000000 ) ;
#9389 =( NAMED_UNIT ( * ) SI_UNIT ( $, .STERADIAN. ) SOLID_ANGLE_UNIT ( ) );
#9390 = ADVANCED_FACE ( 'NONE', ( #2021 ), #8917, .F. ) ;
#9391 = FACE_OUTER_BOUND ( 'NONE', #4318, .T. ) ;
#9392 = DIRECTION ( 'NONE',  ( -1.000000000000000000, -0.000000000000000000, -0.000000000000000000 ) ) ;
#9393 = COLOUR_RGB ( '',1.000000000000000000, 1.000000000000000000, 1.000000000000000000 ) ;
#9394 = PRESENTATION_LAYER_ASSIGNMENT (  '', '', ( #4111 ) ) ;
#9395 = FILL_AREA_STYLE ('',( #10110 ) ) ;
#9396 = UNCERTAINTY_MEASURE_WITH_UNIT (LENGTH_MEASURE( 1.000000000000000082E-05 ), #8513, 'distance_accuracy_value', 'NONE');
#9397 = STYLED_ITEM ( 'NONE', ( #8326 ), #2560 ) ;
#9398 = ORIENTED_EDGE ( 'NONE', *, *, #5802, .F. ) ;
#9399 = SURFACE_STYLE_FILL_AREA ( #793 ) ;
#9400 = DIRECTION ( 'NONE',  ( 1.000000000000000000, 0.000000000000000000, 0.000000000000000000 ) ) ;
#9401 =( NAMED_UNIT ( * ) SI_UNIT ( $, .STERADIAN. ) SOLID_ANGLE_UNIT ( ) );
#9402 = ORIENTED_EDGE ( 'NONE', *, *, #4622, .T. ) ;
#9403 = PRESENTATION_LAYER_ASSIGNMENT (  '', '', ( #8877 ) ) ;
#9404 = SURFACE_SIDE_STYLE ('',( #5934 ) ) ;
#9405 = ORIENTED_EDGE ( 'NONE', *, *, #7030, .F. ) ;
#9406 = LINE ( 'NONE', #9049, #8919 ) ;
#9407 = COLOUR_RGB ( '',0.5019607843137254832, 0.5019607843137254832, 0.5019607843137254832 ) ;
#9408 = FILL_AREA_STYLE ('',( #1435 ) ) ;
#9409 = VECTOR ( 'NONE', #3618, 1000.000000000000000 ) ;
#9410 = B_SPLINE_CURVE_WITH_KNOTS ( 'NONE', 3,
 ( #1444, #3809, #4596, #9495, #4710, #1647, #1618, #841, #1679, #3978, #9566, #72, #772, #809, #5485, #2382, #7166, #5587, #6352 ),
 .UNSPECIFIED., .F., .F.,
 ( 4, 1, 1, 1, 1, 1, 1, 1, 1, 1, 1, 1, 1, 1, 1, 1, 4 ),
 ( 0.000000000000000000, 0.07377411937406361253, 0.1440791147260413185, 0.2113485183089116592, 0.2760768857398839260, 0.3385209158196765267, 0.3998851166931335910, 0.4602540674652132457, 0.5205889643912479103, 0.5802076845630441682, 0.6386329085525459526, 0.6963645494905240652, 0.7540017746600128357, 0.8128056813744979348, 0.8727544255255602623, 0.9351819969782669828, 1.000000000000000000 ),
 .UNSPECIFIED. ) ;
#9411 = CARTESIAN_POINT ( 'NONE',  ( 0.3500358932009234314, -0.2904498967853836322, 0.3009999999999999898 ) ) ;
#9412 = CARTESIAN_POINT ( 'NONE',  ( -5.715000000000000746, 0.000000000000000000, -2.399999999999999911 ) ) ;
#9413 = CARTESIAN_POINT ( 'NONE',  ( 0.06832857612775269929, -0.1347905980048958452, 0.2999999999999999889 ) ) ;
#9414 = CARTESIAN_POINT ( 'NONE',  ( 0.06832857612775269929, -0.1347905980048958452, 0.3009999999999999898 ) ) ;
#9415 = EDGE_CURVE ( 'NONE', #8950, #3987, #9406, .T. ) ;
#9416 =( GEOMETRIC_REPRESENTATION_CONTEXT ( 3 ) GLOBAL_UNCERTAINTY_ASSIGNED_CONTEXT ( ( #4284 ) ) GLOBAL_UNIT_ASSIGNED_CONTEXT ( ( #2793, #8282, #2198 ) ) REPRESENTATION_CONTEXT ( 'NONE', 'WORKASPACE' ) );
#9417 = ORIENTED_EDGE ( 'NONE', *, *, #7569, .F. ) ;
#9418 = CARTESIAN_POINT ( 'NONE',  ( 0.1296801787261031569, -0.4207955924180587504, 0.2999999999999999334 ) ) ;
#9419 = PRESENTATION_LAYER_ASSIGNMENT (  '', '', ( #8890 ) ) ;
#9420 = DIRECTION ( 'NONE',  ( 1.000000000000000000, 0.000000000000000000, 0.000000000000000000 ) ) ;
#9421 = COLOUR_RGB ( '',0.5019607843137254832, 0.5019607843137254832, 0.5019607843137254832 ) ;
#9422 = SURFACE_STYLE_FILL_AREA ( #8464 ) ;
#9423 = FILL_AREA_STYLE_COLOUR ( '', #5108 ) ;
#9424 = ADVANCED_FACE ( 'NONE', ( #4984 ), #7294, .T. ) ;
#9425 =( GEOMETRIC_REPRESENTATION_CONTEXT ( 3 ) GLOBAL_UNCERTAINTY_ASSIGNED_CONTEXT ( ( #6798 ) ) GLOBAL_UNIT_ASSIGNED_CONTEXT ( ( #8227, #424, #7404 ) ) REPRESENTATION_CONTEXT ( 'NONE', 'WORKASPACE' ) );
#9426 = CARTESIAN_POINT ( 'NONE',  ( -0.2521626210712072935, -0.1351543152041297935, 0.2999999999999999889 ) ) ;
#9427 = ORIENTED_EDGE ( 'NONE', *, *, #161, .F. ) ;
#9428 = CARTESIAN_POINT ( 'NONE',  ( 0.2875362996452603959, -0.3656182290174452842, 0.3000000000000000444 ) ) ;
#9429 = FACE_OUTER_BOUND ( 'NONE', #7684, .T. ) ;
#9430 = CARTESIAN_POINT ( 'NONE',  ( 0.3019844550542647443, -0.4074681402325208701, 0.2999999999999998779 ) ) ;
#9431 = EDGE_CURVE ( 'NONE', #5269, #4117, #1293, .T. ) ;
#9432 = CARTESIAN_POINT ( 'NONE',  ( 0.2349999999999990985, 0.4000000000000000222, 4.199999999999999289 ) ) ;
#9433 = CARTESIAN_POINT ( 'NONE',  ( 0.2439287149643250829, -0.1370319908007674448, 0.3010000000000000453 ) ) ;
#9434 = ADVANCED_FACE ( 'NONE', ( #1032 ), #2816, .F. ) ;
#9435 = CARTESIAN_POINT ( 'NONE',  ( 4.044999999999999041, 0.4000000000000000222, 1.300000000000000044 ) ) ;
#9436 = SURFACE_STYLE_FILL_AREA ( #4400 ) ;
#9437 = CARTESIAN_POINT ( 'NONE',  ( -0.2399447311244230774, -0.1678053255239168595, 0.2999999999999999889 ) ) ;
#9438 = FILL_AREA_STYLE_COLOUR ( '', #7456 ) ;
#9440 = ORIENTED_EDGE ( 'NONE', *, *, #2643, .T. ) ;
#9439 = LINE ( 'NONE', #68, #8819 ) ;
#9441 =( GEOMETRIC_REPRESENTATION_CONTEXT ( 3 ) GLOBAL_UNCERTAINTY_ASSIGNED_CONTEXT ( ( #9021 ) ) GLOBAL_UNIT_ASSIGNED_CONTEXT ( ( #5399, #1464, #7731 ) ) REPRESENTATION_CONTEXT ( 'NONE', 'WORKASPACE' ) );
#9442 = PRESENTATION_STYLE_ASSIGNMENT (( #9989 ) ) ;
#9443 = AXIS2_PLACEMENT_3D ( 'NONE', #1763, #190, #5723 ) ;
#9444 = PLANE ( 'NONE',  #1265 ) ;
#9445 = VECTOR ( 'NONE', #298, 1000.000000000000000 ) ;
#9446 = APPLICATION_PROTOCOL_DEFINITION ( 'draft international standard', 'automotive_design', 1998, #1732 ) ;
#9447 = ORIENTED_EDGE ( 'NONE', *, *, #4225, .T. ) ;
#9448 = LINE ( 'NONE', #926, #3141 ) ;
#9449 = CARTESIAN_POINT ( 'NONE',  ( 0.2912081584527922984, -0.4158605038466192116, 0.3009999999999999343 ) ) ;
#9450 = EDGE_LOOP ( 'NONE', ( #6002, #6590, #4481, #4811 ) ) ;
#9451 =( NAMED_UNIT ( * ) PLANE_ANGLE_UNIT ( ) SI_UNIT ( $, .RADIAN. ) );
#9452 = VECTOR ( 'NONE', #8070, 1000.000000000000000 ) ;
#9453 = CARTESIAN_POINT ( 'NONE',  ( 4.244999999999999218, -0.07500000000000009437, 0.2999999999999999889 ) ) ;
#9454 = EDGE_CURVE ( 'NONE', #4404, #7334, #8666, .T. ) ;
#9455 = ORIENTED_EDGE ( 'NONE', *, *, #3001, .F. ) ;
#9456 =( NAMED_UNIT ( * ) SI_UNIT ( $, .STERADIAN. ) SOLID_ANGLE_UNIT ( ) );
#9457 = UNCERTAINTY_MEASURE_WITH_UNIT (LENGTH_MEASURE( 1.000000000000000082E-05 ), #8502, 'distance_accuracy_value', 'NONE');
#9458 = MECHANICAL_DESIGN_GEOMETRIC_PRESENTATION_REPRESENTATION (  '', ( #8017 ), #10011 ) ;
#9459 = EDGE_LOOP ( 'NONE', ( #3376, #2951, #2935, #1238 ) ) ;
#9461 = AXIS2_PLACEMENT_3D ( 'NONE', #7430, #2734, #8218 ) ;
#9460 = SURFACE_STYLE_FILL_AREA ( #1000 ) ;
#9462 = DIRECTION ( 'NONE',  ( 0.000000000000000000, 1.000000000000000000, 0.000000000000000000 ) ) ;
#9463 = ORIENTED_EDGE ( 'NONE', *, *, #6803, .T. ) ;
#9464 = ORIENTED_EDGE ( 'NONE', *, *, #6830, .T. ) ;
#9465 = PLANE ( 'NONE',  #7625 ) ;
#9466 = DIRECTION ( 'NONE',  ( -1.000000000000000000, 1.016439536705160037E-16, -0.000000000000000000 ) ) ;
#9467 = CARTESIAN_POINT ( 'NONE',  ( 0.2248028900658797513, -0.4381058487151240355, 0.3000000000000000444 ) ) ;
#9468 = UNCERTAINTY_MEASURE_WITH_UNIT (LENGTH_MEASURE( 1.000000000000000082E-05 ), #7956, 'distance_accuracy_value', 'NONE');
#9469 = FACE_OUTER_BOUND ( 'NONE', #1147, .T. ) ;
#9470 = CARTESIAN_POINT ( 'NONE',  ( 3.944999999999998064, 0.4000000000000000222, 4.299999999999999822 ) ) ;
#9471 = ORIENTED_EDGE ( 'NONE', *, *, #6566, .F. ) ;
#9472 =( NAMED_UNIT ( * ) PLANE_ANGLE_UNIT ( ) SI_UNIT ( $, .RADIAN. ) );
#9473 = FACE_BOUND ( 'NONE', #75, .T. ) ;
#9474 = FILL_AREA_STYLE_COLOUR ( '', #8511 ) ;
#9475 = CARTESIAN_POINT ( 'NONE',  ( -0.5482078595022333856, -0.1736821760498524492, 0.2999999999999999334 ) ) ;
#9476 = DIRECTION ( 'NONE',  ( 1.000000000000000000, 0.000000000000000000, 0.000000000000000000 ) ) ;
#9477 = ORIENTED_EDGE ( 'NONE', *, *, #5355, .T. ) ;
#9478 = VECTOR ( 'NONE', #1643, 1000.000000000000000 ) ;
#9479 =( GEOMETRIC_REPRESENTATION_CONTEXT ( 3 ) GLOBAL_UNCERTAINTY_ASSIGNED_CONTEXT ( ( #2900 ) ) GLOBAL_UNIT_ASSIGNED_CONTEXT ( ( #1630, #7732, #10191 ) ) REPRESENTATION_CONTEXT ( 'NONE', 'WORKASPACE' ) );
#9480 = ORIENTED_EDGE ( 'NONE', *, *, #6434, .F. ) ;
#9481 = CARTESIAN_POINT ( 'NONE',  ( -0.3520984245177762872, -0.2954566141292548909, 0.3000000000000000999 ) ) ;
#9482 = LINE ( 'NONE', #2162, #3294 ) ;
#9483 = FILL_AREA_STYLE ('',( #4031 ) ) ;
#9484 = EDGE_CURVE ( 'NONE', #7118, #10060, #2476, .T. ) ;
#9485 = DIRECTION ( 'NONE',  ( -0.000000000000000000, 1.000000000000000000, -0.000000000000000000 ) ) ;
#9486 = DIRECTION ( 'NONE',  ( 0.000000000000000000, -0.000000000000000000, -1.000000000000000000 ) ) ;
#9487 = DIRECTION ( 'NONE',  ( -0.000000000000000000, 1.000000000000000000, -0.000000000000000000 ) ) ;
#9488 =( GEOMETRIC_REPRESENTATION_CONTEXT ( 3 ) GLOBAL_UNCERTAINTY_ASSIGNED_CONTEXT ( ( #9675 ) ) GLOBAL_UNIT_ASSIGNED_CONTEXT ( ( #8755, #5629, #9590 ) ) REPRESENTATION_CONTEXT ( 'NONE', 'WORKASPACE' ) );
#9489 = SURFACE_STYLE_FILL_AREA ( #8054 ) ;
#9490 = DIRECTION ( 'NONE',  ( -0.000000000000000000, -0.000000000000000000, -1.000000000000000000 ) ) ;
#9491 = ADVANCED_FACE ( 'NONE', ( #8011 ), #908, .T. ) ;
#9492 = ORIENTED_EDGE ( 'NONE', *, *, #7553, .F. ) ;
#9493 = CARTESIAN_POINT ( 'NONE',  ( 0.1939548579466332801, -0.1641067528667242981, 0.2999999999999999334 ) ) ;
#9494 = COLOUR_RGB ( '',1.000000000000000000, 1.000000000000000000, 1.000000000000000000 ) ;
#9495 = CARTESIAN_POINT ( 'NONE',  ( 0.3081473961359023628, -0.3134479435407903636, 0.3009999999999999343 ) ) ;
#9496 = EDGE_CURVE ( 'NONE', #8322, #5780, #5969, .T. ) ;
#9497 = AXIS2_PLACEMENT_3D ( 'NONE', #10059, #1436, #4664 ) ;
#9498 = DIRECTION ( 'NONE',  ( 0.000000000000000000, -1.000000000000000000, 0.000000000000000000 ) ) ;
#9499 = PRESENTATION_STYLE_ASSIGNMENT (( #4364 ) ) ;
#9500 = DIRECTION ( 'NONE',  ( 0.000000000000000000, 1.000000000000000000, 0.000000000000000000 ) ) ;
#9501 = CYLINDRICAL_SURFACE ( 'NONE', #6678, 0.2000000000000000944 ) ;
#9502 = AXIS2_PLACEMENT_3D ( 'NONE', #3478, #4924, #1053 ) ;
#9503 = AXIS2_PLACEMENT_3D ( 'NONE', #8613, #4697, #7025 ) ;
#9504 = CARTESIAN_POINT ( 'NONE',  ( 0.3499052361643745779, -0.2846132434524444865, 0.3000000000000000444 ) ) ;
#9505 = FILL_AREA_STYLE_COLOUR ( '', #5509 ) ;
#9506 = DIRECTION ( 'NONE',  ( 1.000000000000000000, 0.000000000000000000, 0.000000000000000000 ) ) ;
#9507 = SURFACE_SIDE_STYLE ('',( #441 ) ) ;
#9508 = EDGE_CURVE ( 'NONE', #3924, #2060, #4869, .T. ) ;
#9509 = COLOUR_RGB ( '',1.000000000000000000, 1.000000000000000000, 1.000000000000000000 ) ;
#9510 = VECTOR ( 'NONE', #7574, 1000.000000000000000 ) ;
#9511 = LINE ( 'NONE', #8894, #3577 ) ;
#9512 = EDGE_CURVE ( 'NONE', #1199, #1708, #7869, .T. ) ;
#9513 = PRESENTATION_STYLE_ASSIGNMENT (( #1595 ) ) ;
#9514 = CARTESIAN_POINT ( 'NONE',  ( -0.2602045908703879418, -0.4000616969247989818, 0.3009999999999999343 ) ) ;
#9515 = ORIENTED_EDGE ( 'NONE', *, *, #3749, .F. ) ;
#9516 = PRESENTATION_LAYER_ASSIGNMENT (  '', '', ( #1067 ) ) ;
#9517 = PRESENTATION_LAYER_ASSIGNMENT (  '', '', ( #4098 ) ) ;
#9518 =( LENGTH_UNIT ( ) NAMED_UNIT ( * ) SI_UNIT ( .MILLI., .METRE. ) );
#9519 = PRESENTATION_STYLE_ASSIGNMENT (( #3883 ) ) ;
#9520 = PRESENTATION_LAYER_ASSIGNMENT (  '', '', ( #3691 ) ) ;
#9521 =( NAMED_UNIT ( * ) SI_UNIT ( $, .STERADIAN. ) SOLID_ANGLE_UNIT ( ) );
#9522 = SURFACE_STYLE_USAGE ( .BOTH. , #3192 ) ;
#9523 = CARTESIAN_POINT ( 'NONE',  ( 4.244999999999999218, 0.07499999999999990008, 0.2999999999999999889 ) ) ;
#9524 = FILL_AREA_STYLE ('',( #8730 ) ) ;
#9525 = COLOUR_RGB ( '',0.5019607843137254832, 0.5019607843137254832, 0.5019607843137254832 ) ;
#9526 =( LENGTH_UNIT ( ) NAMED_UNIT ( * ) SI_UNIT ( .MILLI., .METRE. ) );
#9527 = DIRECTION ( 'NONE',  ( 0.000000000000000000, -0.7071067811865477948, 0.7071067811865473507 ) ) ;
#9528 = UNCERTAINTY_MEASURE_WITH_UNIT (LENGTH_MEASURE( 1.000000000000000082E-05 ), #4087, 'distance_accuracy_value', 'NONE');
#9529 = LINE ( 'NONE', #9825, #4589 ) ;
#9530 = VERTEX_POINT ( 'NONE', #10104 ) ;
#9531 = SURFACE_STYLE_USAGE ( .BOTH. , #2531 ) ;
#9532 = VECTOR ( 'NONE', #8596, 1000.000000000000114 ) ;
#9533 =( GEOMETRIC_REPRESENTATION_CONTEXT ( 3 ) GLOBAL_UNCERTAINTY_ASSIGNED_CONTEXT ( ( #9226 ) ) GLOBAL_UNIT_ASSIGNED_CONTEXT ( ( #7331, #949, #1746 ) ) REPRESENTATION_CONTEXT ( 'NONE', 'WORKASPACE' ) );
#9534 = CARTESIAN_POINT ( 'NONE',  ( 0.2985468887969255358, -0.3468285712710282853, 0.3009999999999999343 ) ) ;
#9535 = VECTOR ( 'NONE', #6085, 1000.000000000000114 ) ;
#9536 =( GEOMETRIC_REPRESENTATION_CONTEXT ( 3 ) GLOBAL_UNCERTAINTY_ASSIGNED_CONTEXT ( ( #8706 ) ) GLOBAL_UNIT_ASSIGNED_CONTEXT ( ( #4616, #1504, #6987 ) ) REPRESENTATION_CONTEXT ( 'NONE', 'WORKASPACE' ) );
#9537 = CARTESIAN_POINT ( 'NONE',  ( 0.3449305390878412703, -0.3367667319869486198, 0.2999999999999999334 ) ) ;
#9538 = FILL_AREA_STYLE_COLOUR ( '', #4211 ) ;
#9539 = CARTESIAN_POINT ( 'NONE',  ( 0.2439287149643250829, -0.1370319908007674448, 0.3000000000000001554 ) ) ;
#9540 = VERTEX_POINT ( 'NONE', #9358 ) ;
#9541 = CARTESIAN_POINT ( 'NONE',  ( 6.464999999999998970, -0.5000000000000000000, 0.2999999999999999889 ) ) ;
#9542 = ADVANCED_FACE ( 'NONE', ( #10180 ), #703, .T. ) ;
#9543 = DIRECTION ( 'NONE',  ( -0.000000000000000000, -0.000000000000000000, 1.000000000000000000 ) ) ;
#9544 = MECHANICAL_DESIGN_GEOMETRIC_PRESENTATION_REPRESENTATION (  '', ( #5787 ), #1433 ) ;
#9545 = SURFACE_STYLE_USAGE ( .BOTH. , #967 ) ;
#9546 = SURFACE_STYLE_FILL_AREA ( #4588 ) ;
#9547 = ORIENTED_EDGE ( 'NONE', *, *, #6208, .T. ) ;
#9548 = EDGE_CURVE ( 'NONE', #4866, #321, #7050, .T. ) ;
#9549 = SURFACE_SIDE_STYLE ('',( #5438 ) ) ;
#9550 = PRESENTATION_STYLE_ASSIGNMENT (( #2772 ) ) ;
#9551 = ORIENTED_EDGE ( 'NONE', *, *, #496, .F. ) ;
#9552 = CARTESIAN_POINT ( 'NONE',  ( -0.3522995963832012967, -0.2864899641146302356, 0.3000000000000000444 ) ) ;
#9553 = B_SPLINE_CURVE_WITH_KNOTS ( 'NONE', 3,
 ( #8465, #3745, #4412, #6077, #7630, #6003, #3604, #1298, #6813, #9270, #4517, #8390, #9200, #4485, #10083, #8424, #3672, #2828, #10019 ),
 .UNSPECIFIED., .F., .F.,
 ( 4, 1, 1, 1, 1, 1, 1, 1, 1, 1, 1, 1, 1, 1, 1, 1, 4 ),
 ( 0.000000000000000000, 0.06783324845577354267, 0.1326555365079041537, 0.1950508840508276553, 0.2555829330687771073, 0.3147998341472897366, 0.3736004728263745966, 0.4325455953267435816, 0.4924306292835653465, 0.5526712559629693988, 0.6125130441881163623, 0.6726102503570062785, 0.7338383693139457487, 0.7965942385677736715, 0.8614497992905730817, 0.9291989423509053880, 0.9999999999999998890 ),
 .UNSPECIFIED. ) ;
#9554 = CARTESIAN_POINT ( 'NONE',  ( 0.3119999484517816390, -0.3980218929226799762, 0.3010000000000001008 ) ) ;
#9555 = VECTOR ( 'NONE', #6393, 1000.000000000000000 ) ;
#9556 = PRESENTATION_STYLE_ASSIGNMENT (( #7689 ) ) ;
#9557 = CARTESIAN_POINT ( 'NONE',  ( 0.06832857612775269929, -0.4347905980048958341, 0.3009999999999999898 ) ) ;
#9558 = CARTESIAN_POINT ( 'NONE',  ( 6.115000000000000213, 0.4000000000000000222, 1.300000000000000044 ) ) ;
#9559 = EDGE_CURVE ( 'NONE', #189, #2204, #10171, .T. ) ;
#9560 = AXIS2_PLACEMENT_3D ( 'NONE', #9895, #5992, #4337 ) ;
#9561 = SURFACE_STYLE_FILL_AREA ( #1165 ) ;
#9562 = PLANE ( 'NONE',  #9584 ) ;
#9563 = EDGE_CURVE ( 'NONE', #4577, #3519, #2987, .T. ) ;
#9564 = EDGE_LOOP ( 'NONE', ( #5902, #1692, #710, #4554 ) ) ;
#9565 = CARTESIAN_POINT ( 'NONE',  ( 0.1692903307378944566, -0.1666187031933705764, 0.3010000000000000453 ) ) ;
#9566 = CARTESIAN_POINT ( 'NONE',  ( 0.2730926651997326871, -0.3813139324245568562, 0.3009999999999999343 ) ) ;
#9567 = CARTESIAN_POINT ( 'NONE',  ( -1.505000000000001226, 0.4000000000000000222, 4.199999999999999289 ) ) ;
#9568 = PRESENTATION_LAYER_ASSIGNMENT (  '', '', ( #9030 ) ) ;
#9569 = VECTOR ( 'NONE', #2692, 1000.000000000000000 ) ;
#9570 = STYLED_ITEM ( 'NONE', ( #9499 ), #6833 ) ;
#9571 = CARTESIAN_POINT ( 'NONE',  ( 0.2935321049712026342, -0.3565825735271292984, 0.3009999999999999898 ) ) ;
#9572 = SURFACE_STYLE_FILL_AREA ( #466 ) ;
#9573 = ORIENTED_EDGE ( 'NONE', *, *, #5107, .T. ) ;
#9574 = EDGE_CURVE ( 'NONE', #7353, #7312, #2207, .T. ) ;
#9575 = PRESENTATION_STYLE_ASSIGNMENT (( #10157 ) ) ;
#9576 =( NAMED_UNIT ( * ) PLANE_ANGLE_UNIT ( ) SI_UNIT ( $, .RADIAN. ) );
#9577 = PRESENTATION_STYLE_ASSIGNMENT (( #3190 ) ) ;
#9578 = CARTESIAN_POINT ( 'NONE',  ( 0.3476169927686597605, -0.2564872504687285004, 0.3000000000000001554 ) ) ;
#9579 = CARTESIAN_POINT ( 'NONE',  ( 5.514999999999999680, 0.07499999999999990008, 0.2999999999999999889 ) ) ;
#9580 = DIRECTION ( 'NONE',  ( -1.000000000000000000, 6.776263578034415038E-17, 0.000000000000000000 ) ) ;
#9581 = DIRECTION ( 'NONE',  ( -0.000000000000000000, -0.000000000000000000, 1.000000000000000000 ) ) ;
#9582 = EDGE_LOOP ( 'NONE', ( #8182, #9666, #589, #853 ) ) ;
#9583 = LINE ( 'NONE', #3121, #3154 ) ;
#9584 = AXIS2_PLACEMENT_3D ( 'NONE', #876, #1440, #7932 ) ;
#9585 = CARTESIAN_POINT ( 'NONE',  ( -0.3524031311893204288, -0.2818752016634324398, 0.3009999999999999898 ) ) ;
#9586 = AXIS2_PLACEMENT_3D ( 'NONE', #2222, #7687, #1186 ) ;
#9587 = ORIENTED_EDGE ( 'NONE', *, *, #5677, .F. ) ;
#9588 = ORIENTED_EDGE ( 'NONE', *, *, #5937, .T. ) ;
#9589 = UNCERTAINTY_MEASURE_WITH_UNIT (LENGTH_MEASURE( 1.000000000000000082E-05 ), #8555, 'distance_accuracy_value', 'NONE');
#9590 =( NAMED_UNIT ( * ) SI_UNIT ( $, .STERADIAN. ) SOLID_ANGLE_UNIT ( ) );
#9591 = CARTESIAN_POINT ( 'NONE',  ( 0.1783909163399616526, -0.1651737199795262068, 0.3009999999999999343 ) ) ;
#9592 = VERTEX_POINT ( 'NONE', #10075 ) ;
#9593 = LINE ( 'NONE', #4723, #2424 ) ;
#9594 = CARTESIAN_POINT ( 'NONE',  ( -4.645000000000000462, -0.07500000000000009437, 0.2999999999999999889 ) ) ;
#9595 = CARTESIAN_POINT ( 'NONE',  ( -1.405000000000000027, -0.4000000000000000222, 4.299999999999999822 ) ) ;
#9596 = SURFACE_SIDE_STYLE ('',( #1824 ) ) ;
#9597 = ORIENTED_EDGE ( 'NONE', *, *, #8411, .T. ) ;
#9598 = CARTESIAN_POINT ( 'NONE',  ( 0.2053692951108458120, -0.4384017334471437266, 0.3009999999999999343 ) ) ;
#9599 = FACE_BOUND ( 'NONE', #4265, .T. ) ;
#9600 = ADVANCED_FACE ( 'NONE', ( #7530 ), #5420, .T. ) ;
#9601 = ORIENTED_EDGE ( 'NONE', *, *, #9374, .T. ) ;
#9602 = FILL_AREA_STYLE ('',( #7780 ) ) ;
#9603 = CARTESIAN_POINT ( 'NONE',  ( -0.2662114192182256089, -0.4323895624310891694, 0.3000000000000000444 ) ) ;
#9604 = STYLED_ITEM ( 'NONE', ( #1362 ), #2129 ) ;
#9605 = ORIENTED_EDGE ( 'NONE', *, *, #663, .F. ) ;
#9606 = ORIENTED_EDGE ( 'NONE', *, *, #4220, .F. ) ;
#9607 = VECTOR ( 'NONE', #3499, 1000.000000000000227 ) ;
#9608 = COLOUR_RGB ( '',1.000000000000000000, 1.000000000000000000, 1.000000000000000000 ) ;
#9609 = ORIENTED_EDGE ( 'NONE', *, *, #2480, .T. ) ;
#9610 =( NAMED_UNIT ( * ) SI_UNIT ( $, .STERADIAN. ) SOLID_ANGLE_UNIT ( ) );
#9611 = CARTESIAN_POINT ( 'NONE',  ( 0.2785782059140887168, -0.1974710675561460738, 0.3009999999999998788 ) ) ;
#9612 =( GEOMETRIC_REPRESENTATION_CONTEXT ( 3 ) GLOBAL_UNCERTAINTY_ASSIGNED_CONTEXT ( ( #1942 ) ) GLOBAL_UNIT_ASSIGNED_CONTEXT ( ( #4331, #4189, #2745 ) ) REPRESENTATION_CONTEXT ( 'NONE', 'WORKASPACE' ) );
#9613 = ORIENTED_EDGE ( 'NONE', *, *, #3591, .T. ) ;
#9614 = ORIENTED_EDGE ( 'NONE', *, *, #9683, .F. ) ;
#9615 = DIRECTION ( 'NONE',  ( 1.000000000000000000, 0.000000000000000000, -0.000000000000000000 ) ) ;
#9616 = DIRECTION ( 'NONE',  ( 0.000000000000000000, 0.000000000000000000, 1.000000000000000000 ) ) ;
#9617 = DIRECTION ( 'NONE',  ( 0.000000000000000000, 1.000000000000000000, 0.000000000000000000 ) ) ;
#9618 = SURFACE_STYLE_FILL_AREA ( #7162 ) ;
#9619 = DIRECTION ( 'NONE',  ( 1.000000000000000000, 0.000000000000000000, 0.000000000000000000 ) ) ;
#9620 = EDGE_LOOP ( 'NONE', ( #7863, #6394, #8078, #1566 ) ) ;
#9621 = VECTOR ( 'NONE', #1234, 1000.000000000000000 ) ;
#9622 = SURFACE_STYLE_USAGE ( .BOTH. , #9549 ) ;
#9623 = EDGE_CURVE ( 'NONE', #8058, #5654, #7281, .T. ) ;
#9624 = MECHANICAL_DESIGN_GEOMETRIC_PRESENTATION_REPRESENTATION (  '', ( #2545 ), #9416 ) ;
#9625 = CARTESIAN_POINT ( 'NONE',  ( 0.02808467368872833575, -0.4018637687366031774, 0.3009999999999999898 ) ) ;
#9626 = ORIENTED_EDGE ( 'NONE', *, *, #7433, .F. ) ;
#9627 = EDGE_CURVE ( 'NONE', #8199, #8266, #3847, .T. ) ;
#9628 = FILL_AREA_STYLE_COLOUR ( '', #9321 ) ;
#9629 =( NAMED_UNIT ( * ) SI_UNIT ( $, .STERADIAN. ) SOLID_ANGLE_UNIT ( ) );
#9630 = DIRECTION ( 'NONE',  ( 0.000000000000000000, -1.000000000000000000, 0.000000000000000000 ) ) ;
#9631 = DIRECTION ( 'NONE',  ( 0.000000000000000000, 1.000000000000000000, 0.000000000000000000 ) ) ;
#9632 = CARTESIAN_POINT ( 'NONE',  ( 0.1974277531077388292, -0.4383085925259843640, 0.3009999999999999343 ) ) ;
#9633 = ORIENTED_EDGE ( 'NONE', *, *, #3388, .F. ) ;
#9634 = DIRECTION ( 'NONE',  ( -0.000000000000000000, -0.000000000000000000, -1.000000000000000000 ) ) ;
#9635 = SURFACE_STYLE_FILL_AREA ( #3643 ) ;
#9636 =( NAMED_UNIT ( * ) SI_UNIT ( $, .STERADIAN. ) SOLID_ANGLE_UNIT ( ) );
#9637 = DIRECTION ( 'NONE',  ( 1.000000000000000000, 0.000000000000000000, 0.000000000000000000 ) ) ;
#9638 = EDGE_CURVE ( 'NONE', #4444, #7668, #1653, .T. ) ;
#9639 =( LENGTH_UNIT ( ) NAMED_UNIT ( * ) SI_UNIT ( .MILLI., .METRE. ) );
#9640 =( LENGTH_UNIT ( ) NAMED_UNIT ( * ) SI_UNIT ( .MILLI., .METRE. ) );
#9641 = CARTESIAN_POINT ( 'NONE',  ( 0.2523681174474764477, -0.1769598584739172087, 0.3000000000000000999 ) ) ;
#9642 = LINE ( 'NONE', #3115, #10026 ) ;
#9643 = MECHANICAL_DESIGN_GEOMETRIC_PRESENTATION_REPRESENTATION (  '', ( #7307 ), #1662 ) ;
#9644 =( GEOMETRIC_REPRESENTATION_CONTEXT ( 3 ) GLOBAL_UNCERTAINTY_ASSIGNED_CONTEXT ( ( #807 ) ) GLOBAL_UNIT_ASSIGNED_CONTEXT ( ( #9293, #1495, #3844 ) ) REPRESENTATION_CONTEXT ( 'NONE', 'WORKASPACE' ) );
#9645 =( NAMED_UNIT ( * ) SI_UNIT ( $, .STERADIAN. ) SOLID_ANGLE_UNIT ( ) );
#9646 = CARTESIAN_POINT ( 'NONE',  ( -4.845000000000001528, 0.4000000000000000222, 1.300000000000000044 ) ) ;
#9647 = SURFACE_STYLE_FILL_AREA ( #1799 ) ;
#9648 = CARTESIAN_POINT ( 'NONE',  ( 1.135000000000000675, -0.4000000000000000222, 4.299999999999999822 ) ) ;
#9649 = ADVANCED_FACE ( 'NONE', ( #1766 ), #810, .F. ) ;
#9650 = SURFACE_STYLE_USAGE ( .BOTH. , #16 ) ;
#9651 =( NAMED_UNIT ( * ) PLANE_ANGLE_UNIT ( ) SI_UNIT ( $, .RADIAN. ) );
#9652 = DIRECTION ( 'NONE',  ( 0.7071067811865475727, -0.000000000000000000, 0.7071067811865475727 ) ) ;
#9653 = VECTOR ( 'NONE', #8421, 1000.000000000000000 ) ;
#9654 = VERTEX_POINT ( 'NONE', #10244 ) ;
#9655 = EDGE_CURVE ( 'NONE', #7216, #659, #3725, .T. ) ;
#9656 = COLOUR_RGB ( '',1.000000000000000000, 1.000000000000000000, 1.000000000000000000 ) ;
#9657 = VECTOR ( 'NONE', #9386, 1000.000000000000000 ) ;
#9658 = AXIS2_PLACEMENT_3D ( 'NONE', #2288, #8606, #5464 ) ;
#9659 = CARTESIAN_POINT ( 'NONE',  ( 0.1676518709937806495, -0.1326831101648019984, 0.3009999999999999343 ) ) ;
#9660 = UNCERTAINTY_MEASURE_WITH_UNIT (LENGTH_MEASURE( 1.000000000000000082E-05 ), #131, 'distance_accuracy_value', 'NONE');
#9661 = SURFACE_SIDE_STYLE ('',( #1563 ) ) ;
#9662 = CARTESIAN_POINT ( 'NONE',  ( 0.1268651614936064098, -0.4192418175170909422, 0.2999999999999999889 ) ) ;
#9663 = STYLED_ITEM ( 'NONE', ( #8876 ), #1846 ) ;
#9664 = CARTESIAN_POINT ( 'NONE',  ( 5.714999999999999858, 0.07499999999999987232, -2.199999999999999734 ) ) ;
#9665 = CARTESIAN_POINT ( 'NONE',  ( -0.07801288728688136886, -0.2664979150780665829, 0.3009999999999999898 ) ) ;
#9666 = ORIENTED_EDGE ( 'NONE', *, *, #8293, .T. ) ;
#9667 = CARTESIAN_POINT ( 'NONE',  ( -0.3481037820813347450, -0.3929906760701658563, 0.3009999999999999898 ) ) ;
#9668 =( NAMED_UNIT ( * ) SI_UNIT ( $, .STERADIAN. ) SOLID_ANGLE_UNIT ( ) );
#9669 = VECTOR ( 'NONE', #1062, 1000.000000000000000 ) ;
#9670 = DIRECTION ( 'NONE',  ( -1.000000000000000000, -0.000000000000000000, -0.000000000000000000 ) ) ;
#9671 = VECTOR ( 'NONE', #6860, 1000.000000000000114 ) ;
#9672 = DIRECTION ( 'NONE',  ( -0.000000000000000000, -0.000000000000000000, -1.000000000000000000 ) ) ;
#9673 = EDGE_LOOP ( 'NONE', ( #9405, #8461, #6441, #2954 ) ) ;
#9674 = CARTESIAN_POINT ( 'NONE',  ( 0.2152857989389318216, -0.4052279802292717004, 0.3010000000000000453 ) ) ;
#9675 = UNCERTAINTY_MEASURE_WITH_UNIT (LENGTH_MEASURE( 1.000000000000000082E-05 ), #8755, 'distance_accuracy_value', 'NONE');
#9676 = CARTESIAN_POINT ( 'NONE',  ( -0.2602045908703879418, -0.4000616969247989818, 0.3009999999999999343 ) ) ;
#9677 = CIRCLE ( 'NONE', #7666, 0.1999999999999999833 ) ;
#9678 = SURFACE_SIDE_STYLE ('',( #2971 ) ) ;
#9679 = CARTESIAN_POINT ( 'NONE',  ( 2.104999999999999094, -0.07500000000000012212, -5.227200187265875542 ) ) ;
#9680 = LINE ( 'NONE', #9996, #7427 ) ;
#9681 = PLANE ( 'NONE',  #1964 ) ;
#9682 = VERTEX_POINT ( 'NONE', #9567 ) ;
#9683 = EDGE_CURVE ( 'NONE', #6877, #1571, #8269, .T. ) ;
#9684 = PRESENTATION_STYLE_ASSIGNMENT (( #1249 ) ) ;
#9685 =( LENGTH_UNIT ( ) NAMED_UNIT ( * ) SI_UNIT ( .MILLI., .METRE. ) );
#9687 = VERTEX_POINT ( 'NONE', #2315 ) ;
#9686 = SURFACE_STYLE_FILL_AREA ( #9602 ) ;
#9688 = CARTESIAN_POINT ( 'NONE',  ( -3.575000000000001066, -0.4000000000000000222, 1.300000000000000044 ) ) ;
#9689 =( NAMED_UNIT ( * ) SI_UNIT ( $, .STERADIAN. ) SOLID_ANGLE_UNIT ( ) );
#9690 = CARTESIAN_POINT ( 'NONE',  ( -5.315000000000001279, 0.4000000000000000222, 1.300000000000000044 ) ) ;
#9691 = VECTOR ( 'NONE', #9951, 1000.000000000000000 ) ;
#9692 =( NAMED_UNIT ( * ) PLANE_ANGLE_UNIT ( ) SI_UNIT ( $, .RADIAN. ) );
#9693 = FACE_OUTER_BOUND ( 'NONE', #3921, .T. ) ;
#9694 = EDGE_CURVE ( 'NONE', #6013, #4404, #1160, .T. ) ;
#9695 = STYLED_ITEM ( 'NONE', ( #4491 ), #5823 ) ;
#9696 = DIRECTION ( 'NONE',  ( 1.000000000000000000, 0.000000000000000000, -0.000000000000000000 ) ) ;
#9697 = ADVANCED_FACE ( 'NONE', ( #7660 ), #3913, .T. ) ;
#9698 = CARTESIAN_POINT ( 'NONE',  ( 0.3756456492984844298, -0.4018637687366031774, 0.3009999999999999898 ) ) ;
#9699 = CARTESIAN_POINT ( 'NONE',  ( -0.5420182226527350267, -0.1924125492244080360, 0.2999999999999999889 ) ) ;
#9700 = VERTEX_POINT ( 'NONE', #8736 ) ;
#9701 = ORIENTED_EDGE ( 'NONE', *, *, #7678, .F. ) ;
#9702 =( NAMED_UNIT ( * ) PLANE_ANGLE_UNIT ( ) SI_UNIT ( $, .RADIAN. ) );
#9703 = MECHANICAL_DESIGN_GEOMETRIC_PRESENTATION_REPRESENTATION (  '', ( #4420 ), #517 ) ;
#9704 = SURFACE_STYLE_FILL_AREA ( #1847 ) ;
#9705 = STYLED_ITEM ( 'NONE', ( #8330 ), #7293 ) ;
#9706 = DIRECTION ( 'NONE',  ( -0.3222024856061132536, 0.9466707760722532505, 0.000000000000000000 ) ) ;
#9707 = ORIENTED_EDGE ( 'NONE', *, *, #9182, .F. ) ;
#9708 = CARTESIAN_POINT ( 'NONE',  ( 0.2368374618579532354, -0.4012688863928984828, 0.3010000000000000453 ) ) ;
#9709 = CARTESIAN_POINT ( 'NONE',  ( 0.2616955146470927862, -0.1828050006675500661, 0.3009999999999998233 ) ) ;
#9710 = ORIENTED_EDGE ( 'NONE', *, *, #4806, .T. ) ;
#9711 = EDGE_CURVE ( 'NONE', #1434, #4798, #8130, .T. ) ;
#9713 = ORIENTED_EDGE ( 'NONE', *, *, #7417, .F. ) ;
#9712 = SURFACE_STYLE_FILL_AREA ( #3512 ) ;
#9714 =( NAMED_UNIT ( * ) SI_UNIT ( $, .STERADIAN. ) SOLID_ANGLE_UNIT ( ) );
#9715 = ORIENTED_EDGE ( 'NONE', *, *, #179, .T. ) ;
#9716 = CARTESIAN_POINT ( 'NONE',  ( 0.2349999999999990985, -0.4000000000000000222, 1.300000000000000044 ) ) ;
#9717 = LINE ( 'NONE', #771, #2808 ) ;
#9718 = EDGE_CURVE ( 'NONE', #9191, #1710, #6425, .T. ) ;
#9719 = EDGE_LOOP ( 'NONE', ( #4929, #6864, #723, #4051 ) ) ;
#9720 = CARTESIAN_POINT ( 'NONE',  ( -0.08532996045761305492, -0.1677174272731885296, 0.3009999999999999898 ) ) ;
#9721 = UNCERTAINTY_MEASURE_WITH_UNIT (LENGTH_MEASURE( 1.000000000000000082E-05 ), #10193, 'distance_accuracy_value', 'NONE');
#9722 =( GEOMETRIC_REPRESENTATION_CONTEXT ( 3 ) GLOBAL_UNCERTAINTY_ASSIGNED_CONTEXT ( ( #6943 ) ) GLOBAL_UNIT_ASSIGNED_CONTEXT ( ( #8798, #1711, #6151 ) ) REPRESENTATION_CONTEXT ( 'NONE', 'WORKASPACE' ) );
#9723 = LINE ( 'NONE', #6614, #1700 ) ;
#9724 = SURFACE_SIDE_STYLE ('',( #9746 ) ) ;
#9725 = ORIENTED_EDGE ( 'NONE', *, *, #7421, .T. ) ;
#9726 = SURFACE_STYLE_FILL_AREA ( #1157 ) ;
#9727 = CARTESIAN_POINT ( 'NONE',  ( -0.3524031311893204288, -0.2818752016634324398, 0.3009999999999999898 ) ) ;
#9728 = COLOUR_RGB ( '',1.000000000000000000, 1.000000000000000000, 1.000000000000000000 ) ;
#9729 = ORIENTED_EDGE ( 'NONE', *, *, #3595, .T. ) ;
#9730 =( NAMED_UNIT ( * ) PLANE_ANGLE_UNIT ( ) SI_UNIT ( $, .RADIAN. ) );
#9731 = FILL_AREA_STYLE_COLOUR ( '', #1864 ) ;
#9732 = CARTESIAN_POINT ( 'NONE',  ( 0.2714486381944094529, -0.1480073465832075219, 0.3009999999999999898 ) ) ;
#9733 = FILL_AREA_STYLE_COLOUR ( '', #6033 ) ;
#9734 = ORIENTED_EDGE ( 'NONE', *, *, #4795, .T. ) ;
#9735 = DIRECTION ( 'NONE',  ( 0.5773502691896258421, 0.5773502691896255090, -0.5773502691896258421 ) ) ;
#9736 = VECTOR ( 'NONE', #9490, 1000.000000000000000 ) ;
#9737 = MECHANICAL_DESIGN_GEOMETRIC_PRESENTATION_REPRESENTATION (  '', ( #1422 ), #6165 ) ;
#9738 = CARTESIAN_POINT ( 'NONE',  ( -6.465000000000000746, 0.9000000000000002442, 0.000000000000000000 ) ) ;
#9739 = ORIENTED_EDGE ( 'NONE', *, *, #7480, .T. ) ;
#9740 = PRESENTATION_STYLE_ASSIGNMENT (( #2485 ) ) ;
#9741 = CARTESIAN_POINT ( 'NONE',  ( 0.2349999999999990985, 0.4000000000000000222, 1.300000000000000044 ) ) ;
#9742 =( NAMED_UNIT ( * ) PLANE_ANGLE_UNIT ( ) SI_UNIT ( $, .RADIAN. ) );
#9743 = CARTESIAN_POINT ( 'NONE',  ( -0.5482078595022333856, -0.1736821760498524492, 0.3009999999999999343 ) ) ;
#9744 = FILL_AREA_STYLE ('',( #4855 ) ) ;
#9745 = SURFACE_SIDE_STYLE ('',( #8434 ) ) ;
#9746 = SURFACE_STYLE_FILL_AREA ( #9051 ) ;
#9747 = CARTESIAN_POINT ( 'NONE',  ( 0.2152857989389318216, -0.4052279802292717004, 0.3000000000000000444 ) ) ;
#9748 = ORIENTED_EDGE ( 'NONE', *, *, #8380, .F. ) ;
#9749 = CARTESIAN_POINT ( 'NONE',  ( 0.2011853054188131040, -0.1641462915136159550, 0.3009999999999999898 ) ) ;
#9750 = MECHANICAL_DESIGN_GEOMETRIC_PRESENTATION_REPRESENTATION (  '', ( #80 ), #9810 ) ;
#9751 = CARTESIAN_POINT ( 'NONE',  ( 5.314999999999999503, 0.4000000000000000222, 1.300000000000000044 ) ) ;
#9752 = FILL_AREA_STYLE ('',( #1861 ) ) ;
#9753 = ADVANCED_FACE ( 'NONE', ( #8395 ), #4149, .F. ) ;
#9754 = EDGE_LOOP ( 'NONE', ( #2939, #912, #5994, #511 ) ) ;
#9755 = FILL_AREA_STYLE_COLOUR ( '', #6599 ) ;
#9756 = EDGE_CURVE ( 'NONE', #8936, #578, #1401, .T. ) ;
#9757 = STYLED_ITEM ( 'NONE', ( #4011 ), #5421 ) ;
#9758 = VERTEX_POINT ( 'NONE', #4182 ) ;
#9759 = CARTESIAN_POINT ( 'NONE',  ( 5.514999999999999680, -0.07500000000000009437, 0.2999999999999999889 ) ) ;
#9760 = MECHANICAL_DESIGN_GEOMETRIC_PRESENTATION_REPRESENTATION (  '', ( #4079 ), #8497 ) ;
#9761 = DIRECTION ( 'NONE',  ( -1.000000000000000000, 0.000000000000000000, 0.000000000000000000 ) ) ;
#9762 = FILL_AREA_STYLE_COLOUR ( '', #5543 ) ;
#9763 = AXIS2_PLACEMENT_3D ( 'NONE', #4887, #7170, #8837 ) ;
#9764 = PRESENTATION_LAYER_ASSIGNMENT (  '', '', ( #8896 ) ) ;
#9765 = DIRECTION ( 'NONE',  ( -0.000000000000000000, -0.000000000000000000, 1.000000000000000000 ) ) ;
#9766 = CARTESIAN_POINT ( 'NONE',  ( -4.645000000000000462, -0.07500000000000009437, 0.2999999999999999889 ) ) ;
#9767 =( NAMED_UNIT ( * ) PLANE_ANGLE_UNIT ( ) SI_UNIT ( $, .RADIAN. ) );
#9768 = ORIENTED_EDGE ( 'NONE', *, *, #10173, .F. ) ;
#9769 = SURFACE_SIDE_STYLE ('',( #7920 ) ) ;
#9770 = FILL_AREA_STYLE ('',( #2670 ) ) ;
#9771 = EDGE_CURVE ( 'NONE', #5524, #6099, #4342, .T. ) ;
#9772 = LINE ( 'NONE', #1391, #3969 ) ;
#9773 = CARTESIAN_POINT ( 'NONE',  ( -0.3506771541010589299, -0.3085250457180861994, 0.2999999999999999889 ) ) ;
#9774 = PLANE ( 'NONE',  #9502 ) ;
#9775 = SURFACE_STYLE_USAGE ( .BOTH. , #4358 ) ;
#9776 = CARTESIAN_POINT ( 'NONE',  ( -0.2521626210712072935, -0.1351543152041297935, 0.2999999999999999889 ) ) ;
#9777 = SURFACE_STYLE_FILL_AREA ( #10275 ) ;
#9778 =( NAMED_UNIT ( * ) PLANE_ANGLE_UNIT ( ) SI_UNIT ( $, .RADIAN. ) );
#9779 = PRESENTATION_LAYER_ASSIGNMENT (  '', '', ( #7307 ) ) ;
#9780 = STYLED_ITEM ( 'NONE', ( #1818 ), #8214 ) ;
#9781 = AXIS2_PLACEMENT_3D ( 'NONE', #8982, #5102, #5142 ) ;
#9782 = DIRECTION ( 'NONE',  ( -0.000000000000000000, -1.000000000000000000, -0.000000000000000000 ) ) ;
#9783 = ORIENTED_EDGE ( 'NONE', *, *, #9378, .T. ) ;
#9784 = SURFACE_STYLE_USAGE ( .BOTH. , #365 ) ;
#9785 = VECTOR ( 'NONE', #8698, 1000.000000000000000 ) ;
#9786 = SURFACE_STYLE_USAGE ( .BOTH. , #1107 ) ;
#9787 = VECTOR ( 'NONE', #4387, 1000.000000000000000 ) ;
#9788 = SURFACE_STYLE_FILL_AREA ( #4302 ) ;
#9789 = CARTESIAN_POINT ( 'NONE',  ( 0.2730926651997326871, -0.3813139324245568562, 0.2999999999999999334 ) ) ;
#9790 = UNCERTAINTY_MEASURE_WITH_UNIT (LENGTH_MEASURE( 1.000000000000000082E-05 ), #1426, 'distance_accuracy_value', 'NONE');
#9791 = CARTESIAN_POINT ( 'NONE',  ( 1.904999999999999583, 0.000000000000000000, -2.399999999999999911 ) ) ;
#9792 = EDGE_LOOP ( 'NONE', ( #5889, #1471, #4883, #3590 ) ) ;
#9793 = VECTOR ( 'NONE', #8158, 1000.000000000000000 ) ;
#9794 = AXIS2_PLACEMENT_3D ( 'NONE', #1248, #2050, #3625 ) ;
#9795 = SURFACE_STYLE_USAGE ( .BOTH. , #9055 ) ;
#9796 = DIRECTION ( 'NONE',  ( -1.000000000000000000, 6.776263578034399015E-17, 0.000000000000000000 ) ) ;
#9797 = MECHANICAL_DESIGN_GEOMETRIC_PRESENTATION_REPRESENTATION (  '', ( #1155 ), #4114 ) ;
#9798 = LINE ( 'NONE', #2641, #5613 ) ;
#9799 = DIRECTION ( 'NONE',  ( 0.000000000000000000, -1.000000000000000000, 0.000000000000000000 ) ) ;
#9800 = CARTESIAN_POINT ( 'NONE',  ( -0.3676825620835854624, -0.3702002513604397693, 0.2999999999999999889 ) ) ;
#9801 = ADVANCED_FACE ( 'NONE', ( #4845 ), #8032, .F. ) ;
#9802 = PRESENTATION_STYLE_ASSIGNMENT (( #5173 ) ) ;
#9803 = PLANE ( 'NONE',  #4908 ) ;
#9804 = ORIENTED_EDGE ( 'NONE', *, *, #9311, .F. ) ;
#9805 = FACE_OUTER_BOUND ( 'NONE', #7493, .T. ) ;
#9806 = DIRECTION ( 'NONE',  ( 0.000000000000000000, 0.000000000000000000, -1.000000000000000000 ) ) ;
#9807 = DIRECTION ( 'NONE',  ( 1.016439536705160037E-16, 1.000000000000000000, 0.000000000000000000 ) ) ;
#9808 = PRESENTATION_STYLE_ASSIGNMENT (( #4665 ) ) ;
#9809 = CARTESIAN_POINT ( 'NONE',  ( -0.5489754668845311381, -0.1779375319464842620, 0.3009999999999997677 ) ) ;
#9810 =( GEOMETRIC_REPRESENTATION_CONTEXT ( 3 ) GLOBAL_UNCERTAINTY_ASSIGNED_CONTEXT ( ( #7728 ) ) GLOBAL_UNIT_ASSIGNED_CONTEXT ( ( #2194, #3024, #4610 ) ) REPRESENTATION_CONTEXT ( 'NONE', 'WORKASPACE' ) );
#9811 = CARTESIAN_POINT ( 'NONE',  ( 0.1296228605322573280, -0.3878682545022095196, 0.2999999999999999889 ) ) ;
#9812 = DIRECTION ( 'NONE',  ( 0.9315776194850603487, -0.3635424856527064152, 0.000000000000000000 ) ) ;
#9813 = CARTESIAN_POINT ( 'NONE',  ( -0.3480744968519008387, -0.1743104642844965912, 0.3009999999999999898 ) ) ;
#9814 = EDGE_LOOP ( 'NONE', ( #7556, #5633, #3170, #153 ) ) ;
#9815 = DIRECTION ( 'NONE',  ( -1.016439536705160037E-16, -1.000000000000000000, -0.000000000000000000 ) ) ;
#9816 = FACE_OUTER_BOUND ( 'NONE', #7614, .T. ) ;
#9817 = SURFACE_STYLE_USAGE ( .BOTH. , #9081 ) ;
#9818 = DIRECTION ( 'NONE',  ( -0.000000000000000000, -0.000000000000000000, 1.000000000000000000 ) ) ;
#9819 = AXIS2_PLACEMENT_3D ( 'NONE', #10218, #7056, #10156 ) ;
#9820 =( NAMED_UNIT ( * ) SI_UNIT ( $, .STERADIAN. ) SOLID_ANGLE_UNIT ( ) );
#9821 = EDGE_CURVE ( 'NONE', #576, #5644, #6190, .T. ) ;
#9822 = EDGE_LOOP ( 'NONE', ( #6433, #7701, #8856, #1102 ) ) ;
#9823 = CARTESIAN_POINT ( 'NONE',  ( 0.2077199261920934514, -0.4054229758968040942, 0.2999999999999999889 ) ) ;
#9824 = PRESENTATION_STYLE_ASSIGNMENT (( #5634 ) ) ;
#9825 = CARTESIAN_POINT ( 'NONE',  ( 3.308333333333332238, -0.1333333333333332205, 3.933333333333332238 ) ) ;
#9826 = FILL_AREA_STYLE_COLOUR ( '', #427 ) ;
#9827 = ORIENTED_EDGE ( 'NONE', *, *, #8418, .F. ) ;
#9828 = CARTESIAN_POINT ( 'NONE',  ( -0.3866524343737838265, -0.3293597401969844962, 0.2999999999999999889 ) ) ;
#9829 = SURFACE_STYLE_FILL_AREA ( #8811 ) ;
#9830 = SURFACE_SIDE_STYLE ('',( #6074 ) ) ;
#9831 = DIRECTION ( 'NONE',  ( -0.000000000000000000, 1.000000000000000000, 0.000000000000000000 ) ) ;
#9832 = ORIENTED_EDGE ( 'NONE', *, *, #6212, .T. ) ;
#9833 =( NAMED_UNIT ( * ) SI_UNIT ( $, .STERADIAN. ) SOLID_ANGLE_UNIT ( ) );
#9834 = EDGE_LOOP ( 'NONE', ( #4535, #6024, #9997, #3658 ) ) ;
#9835 = DIRECTION ( 'NONE',  ( 1.000000000000000000, 0.000000000000000000, 0.000000000000000000 ) ) ;
#9836 = CARTESIAN_POINT ( 'NONE',  ( -4.245000000000000107, -0.07500000000000012212, -2.199999999999999734 ) ) ;
#9837 = COLOUR_RGB ( '',1.000000000000000000, 1.000000000000000000, 1.000000000000000000 ) ;
#9838 = DIRECTION ( 'NONE',  ( -0.000000000000000000, -0.000000000000000000, -1.000000000000000000 ) ) ;
#9839 =( LENGTH_UNIT ( ) NAMED_UNIT ( * ) SI_UNIT ( .MILLI., .METRE. ) );
#9840 = ORIENTED_EDGE ( 'NONE', *, *, #5724, .T. ) ;
#9841 = LINE ( 'NONE', #5875, #8725 ) ;
#9842 = STYLED_ITEM ( 'NONE', ( #7534 ), #3626 ) ;
#9843 = AXIS2_PLACEMENT_3D ( 'NONE', #1468, #3751, #7733 ) ;
#9844 = CARTESIAN_POINT ( 'NONE',  ( -0.3039966041747891867, -0.3842954043665305908, 0.2999999999999999889 ) ) ;
#9845 =( LENGTH_UNIT ( ) NAMED_UNIT ( * ) SI_UNIT ( .MILLI., .METRE. ) );
#9846 = EDGE_LOOP ( 'NONE', ( #3661, #3753, #4907, #3172 ) ) ;
#9847 = CARTESIAN_POINT ( 'NONE',  ( -0.3866549977159111084, -0.2347797041929234885, 0.3009999999999998788 ) ) ;
#9848 = FACE_BOUND ( 'NONE', #2173, .T. ) ;
#9849 = ORIENTED_EDGE ( 'NONE', *, *, #3731, .F. ) ;
#9850 = CARTESIAN_POINT ( 'NONE',  ( -4.645000000000000462, -0.07500000000000009437, -2.199999999999999734 ) ) ;
#9851 = UNCERTAINTY_MEASURE_WITH_UNIT (LENGTH_MEASURE( 1.000000000000000082E-05 ), #6056, 'distance_accuracy_value', 'NONE');
#9852 = VECTOR ( 'NONE', #835, 1000.000000000000000 ) ;
#9853 = ORIENTED_EDGE ( 'NONE', *, *, #5151, .F. ) ;
#9854 = EDGE_LOOP ( 'NONE', ( #3152, #4359, #4299, #7865 ) ) ;
#9855 = LINE ( 'NONE', #3396, #6148 ) ;
#9856 = DIRECTION ( 'NONE',  ( 0.000000000000000000, 0.000000000000000000, -1.000000000000000000 ) ) ;
#9857 = CARTESIAN_POINT ( 'NONE',  ( 0.2091572776438672676, -0.1643177035113760065, 0.2999999999999999889 ) ) ;
#9858 = DIRECTION ( 'NONE',  ( 1.000000000000000000, 0.000000000000000000, 0.000000000000000000 ) ) ;
#9859 = ADVANCED_FACE ( 'NONE', ( #6679 ), #7268, .F. ) ;
#9860 = EDGE_CURVE ( 'NONE', #5191, #2958, #1524, .T. ) ;
#9861 = CARTESIAN_POINT ( 'NONE',  ( -0.8350000000000006306, 0.07499999999999990008, 0.2999999999999999889 ) ) ;
#9862 = ORIENTED_EDGE ( 'NONE', *, *, #6902, .T. ) ;
#9863 =( GEOMETRIC_REPRESENTATION_CONTEXT ( 3 ) GLOBAL_UNCERTAINTY_ASSIGNED_CONTEXT ( ( #5138 ) ) GLOBAL_UNIT_ASSIGNED_CONTEXT ( ( #3242, #963, #3284 ) ) REPRESENTATION_CONTEXT ( 'NONE', 'WORKASPACE' ) );
#9864 = DIRECTION ( 'NONE',  ( 1.000000000000000000, 0.000000000000000000, -0.000000000000000000 ) ) ;
#9865 =( GEOMETRIC_REPRESENTATION_CONTEXT ( 3 ) GLOBAL_UNCERTAINTY_ASSIGNED_CONTEXT ( ( #9267 ) ) GLOBAL_UNIT_ASSIGNED_CONTEXT ( ( #10212, #7822, #5529 ) ) REPRESENTATION_CONTEXT ( 'NONE', 'WORKASPACE' ) );
#9866 =( LENGTH_UNIT ( ) NAMED_UNIT ( * ) SI_UNIT ( .MILLI., .METRE. ) );
#9867 = LINE ( 'NONE', #4873, #6052 ) ;
#9868 = UNCERTAINTY_MEASURE_WITH_UNIT (LENGTH_MEASURE( 1.000000000000000082E-05 ), #37, 'distance_accuracy_value', 'NONE');
#9869 = ORIENTED_EDGE ( 'NONE', *, *, #9627, .F. ) ;
#9870 = PLANE ( 'NONE',  #6424 ) ;
#9871 = VECTOR ( 'NONE', #6416, 1000.000000000000114 ) ;
#9872 = DIRECTION ( 'NONE',  ( 0.000000000000000000, -0.000000000000000000, 1.000000000000000000 ) ) ;
#9873 =( NAMED_UNIT ( * ) PLANE_ANGLE_UNIT ( ) SI_UNIT ( $, .RADIAN. ) );
#9874 =( NAMED_UNIT ( * ) SI_UNIT ( $, .STERADIAN. ) SOLID_ANGLE_UNIT ( ) );
#9875 = PLANE ( 'NONE',  #2232 ) ;
#9876 =( GEOMETRIC_REPRESENTATION_CONTEXT ( 3 ) GLOBAL_UNCERTAINTY_ASSIGNED_CONTEXT ( ( #4494 ) ) GLOBAL_UNIT_ASSIGNED_CONTEXT ( ( #5303, #485, #7637 ) ) REPRESENTATION_CONTEXT ( 'NONE', 'WORKASPACE' ) );
#9877 = PRODUCT_DEFINITION_CONTEXT ( 'detailed design', #6606, 'design' ) ;
#9878 = DIRECTION ( 'NONE',  ( -1.000000000000000000, 1.016439536705160037E-16, 0.000000000000000000 ) ) ;
#9879 = FACE_OUTER_BOUND ( 'NONE', #5033, .T. ) ;
#9880 = ORIENTED_EDGE ( 'NONE', *, *, #6335, .F. ) ;
#9881 = DIRECTION ( 'NONE',  ( 0.3536223923290754967, -0.9353882635801357148, 0.000000000000000000 ) ) ;
#9882 = FILL_AREA_STYLE_COLOUR ( '', #3741 ) ;
#9883 = CARTESIAN_POINT ( 'NONE',  ( 0.2038659236887283288, -0.4055223053219689788, 0.3009999999999999898 ) ) ;
#9884 = DIRECTION ( 'NONE',  ( -1.000000000000000000, 0.000000000000000000, -0.000000000000000000 ) ) ;
#9885 = CARTESIAN_POINT ( 'NONE',  ( -0.3922931262718386547, -0.2649461319031464757, 0.2999999999999999334 ) ) ;
#9886 =( GEOMETRIC_REPRESENTATION_CONTEXT ( 3 ) GLOBAL_UNCERTAINTY_ASSIGNED_CONTEXT ( ( #4022 ) ) GLOBAL_UNIT_ASSIGNED_CONTEXT ( ( #6880, #3601, #2121 ) ) REPRESENTATION_CONTEXT ( 'NONE', 'WORKASPACE' ) );
#9887 = LINE ( 'NONE', #10159, #4949 ) ;
#9888 = CARTESIAN_POINT ( 'NONE',  ( -0.5420182226527350267, -0.1924125492244080360, 0.3009999999999999898 ) ) ;
#9889 = FACE_OUTER_BOUND ( 'NONE', #7627, .T. ) ;
#9890 = EDGE_CURVE ( 'NONE', #6099, #5281, #7522, .T. ) ;
#9891 = COLOUR_RGB ( '',1.000000000000000000, 1.000000000000000000, 1.000000000000000000 ) ;
#9892 = VECTOR ( 'NONE', #7423, 1000.000000000000000 ) ;
#9893 = FILL_AREA_STYLE_COLOUR ( '', #4361 ) ;
#9894 = VECTOR ( 'NONE', #6361, 1000.000000000000000 ) ;
#9895 = CARTESIAN_POINT ( 'NONE',  ( 0.4349999999999996092, -0.07500000000000009437, -5.227200187265875542 ) ) ;
#9896 = ORIENTED_EDGE ( 'NONE', *, *, #2375, .T. ) ;
#9897 = CARTESIAN_POINT ( 'NONE',  ( -4.578333333333334032, -0.1333333333333335535, 3.933333333333332238 ) ) ;
#9898 = EDGE_CURVE ( 'NONE', #8349, #2430, #4963, .T. ) ;
#9899 = STYLED_ITEM ( 'NONE', ( #4376 ), #5623 ) ;
#9900 = FACE_OUTER_BOUND ( 'NONE', #3549, .T. ) ;
#9901 = LINE ( 'NONE', #1704, #7770 ) ;
#9902 = FILL_AREA_STYLE ('',( #6839 ) ) ;
#9903 = FACE_OUTER_BOUND ( 'NONE', #8762, .T. ) ;
#9904 = CARTESIAN_POINT ( 'NONE',  ( 2.304999999999998828, 0.4000000000000000222, 4.199999999999999289 ) ) ;
#9905 = DIRECTION ( 'NONE',  ( -0.000000000000000000, 1.000000000000000000, -0.000000000000000000 ) ) ;
#9906 = SURFACE_STYLE_USAGE ( .BOTH. , #3607 ) ;
#9907 = CARTESIAN_POINT ( 'NONE',  ( -5.715000000000000746, -0.07500000000000012212, -2.199999999999999734 ) ) ;
#9908 = CIRCLE ( 'NONE', #1758, 0.1999999999999999833 ) ;
#9909 = AXIS2_PLACEMENT_3D ( 'NONE', #9004, #3437, #9806 ) ;
#9910 = AXIS2_PLACEMENT_3D ( 'NONE', #7845, #3939, #6225 ) ;
#9911 = ORIENTED_EDGE ( 'NONE', *, *, #4258, .T. ) ;
#9912 = ADVANCED_FACE ( 'NONE', ( #9900 ), #5710, .F. ) ;
#9913 = DIRECTION ( 'NONE',  ( 0.000000000000000000, 0.000000000000000000, -1.000000000000000000 ) ) ;
#9914 =( LENGTH_UNIT ( ) NAMED_UNIT ( * ) SI_UNIT ( .MILLI., .METRE. ) );
#9915 = UNCERTAINTY_MEASURE_WITH_UNIT (LENGTH_MEASURE( 1.000000000000000082E-05 ), #7934, 'distance_accuracy_value', 'NONE');
#9916 = COLOUR_RGB ( '',0.5019607843137254832, 0.5019607843137254832, 0.5019607843137254832 ) ;
#9917 = SURFACE_STYLE_FILL_AREA ( #1582 ) ;
#9918 = SURFACE_SIDE_STYLE ('',( #4332 ) ) ;
#9919 = EDGE_CURVE ( 'NONE', #4166, #6243, #10028, .T. ) ;
#9920 = DIRECTION ( 'NONE',  ( -0.000000000000000000, 0.000000000000000000, 1.000000000000000000 ) ) ;
#9921 = FACE_OUTER_BOUND ( 'NONE', #210, .T. ) ;
#9922 = SURFACE_STYLE_USAGE ( .BOTH. , #489 ) ;
#9923 =( LENGTH_UNIT ( ) NAMED_UNIT ( * ) SI_UNIT ( .MILLI., .METRE. ) );
#9924 = ORIENTED_EDGE ( 'NONE', *, *, #5963, .F. ) ;
#9925 = PLANE ( 'NONE',  #1610 ) ;
#9926 = EDGE_CURVE ( 'NONE', #6107, #1607, #7644, .T. ) ;
#9927 = PRESENTATION_STYLE_ASSIGNMENT (( #1446 ) ) ;
#9928 = CARTESIAN_POINT ( 'NONE',  ( -0.3520984245177762872, -0.2954566141292548909, 0.3009999999999999898 ) ) ;
#9929 = LINE ( 'NONE', #2634, #4871 ) ;
#9930 = AXIS2_PLACEMENT_3D ( 'NONE', #9350, #7841, #4634 ) ;
#9931 = SURFACE_STYLE_FILL_AREA ( #9125 ) ;
#9932 = AXIS2_PLACEMENT_3D ( 'NONE', #3198, #4078, #1483 ) ;
#9933 = PRESENTATION_LAYER_ASSIGNMENT (  '', '', ( #4972 ) ) ;
#9934 = DIRECTION ( 'NONE',  ( 0.000000000000000000, 0.000000000000000000, 1.000000000000000000 ) ) ;
#9935 = SURFACE_SIDE_STYLE ('',( #533 ) ) ;
#9936 =( LENGTH_UNIT ( ) NAMED_UNIT ( * ) SI_UNIT ( .MILLI., .METRE. ) );
#9937 = ORIENTED_EDGE ( 'NONE', *, *, #2920, .T. ) ;
#9938 = ADVANCED_FACE ( 'NONE', ( #4208 ), #2736, .T. ) ;
#9939 = AXIS2_PLACEMENT_3D ( 'NONE', #3201, #6320, #4815 ) ;
#9940 = CARTESIAN_POINT ( 'NONE',  ( -0.3108500325488544602, -0.4186366866913621698, 0.3009999999999999898 ) ) ;
#9941 = ORIENTED_EDGE ( 'NONE', *, *, #6731, .T. ) ;
#9942 = DIRECTION ( 'NONE',  ( -0.000000000000000000, -0.000000000000000000, -1.000000000000000000 ) ) ;
#9943 = DIRECTION ( 'NONE',  ( -0.000000000000000000, 0.000000000000000000, 1.000000000000000000 ) ) ;
#9944 = STYLED_ITEM ( 'NONE', ( #9575 ), #2716 ) ;
#9945 = CARTESIAN_POINT ( 'NONE',  ( -0.3203586493010897041, -0.1962067063044974913, 0.3009999999999999898 ) ) ;
#9946 = CARTESIAN_POINT ( 'NONE',  ( -2.305000000000001492, -0.4000000000000000222, 4.199999999999999289 ) ) ;
#9947 = VECTOR ( 'NONE', #3948, 1000.000000000000000 ) ;
#9948 = DIRECTION ( 'NONE',  ( -1.000000000000000000, 0.000000000000000000, -0.000000000000000000 ) ) ;
#9949 = DIRECTION ( 'NONE',  ( -0.000000000000000000, -0.000000000000000000, 1.000000000000000000 ) ) ;
#9950 = FILL_AREA_STYLE_COLOUR ( '', #2547 ) ;
#9951 = DIRECTION ( 'NONE',  ( 1.000000000000000000, 0.000000000000000000, 0.000000000000000000 ) ) ;
#9952 = DIRECTION ( 'NONE',  ( 1.000000000000000000, 0.000000000000000000, 0.000000000000000000 ) ) ;
#9953 = ORIENTED_EDGE ( 'NONE', *, *, #5369, .F. ) ;
#9954 = DIRECTION ( 'NONE',  ( -0.000000000000000000, -0.000000000000000000, 1.000000000000000000 ) ) ;
#9955 = COLOUR_RGB ( '',1.000000000000000000, 1.000000000000000000, 1.000000000000000000 ) ;
#9956 = CARTESIAN_POINT ( 'NONE',  ( -0.3922931262718386547, -0.2649461319031464757, 0.3009999999999999343 ) ) ;
#9957 = MECHANICAL_DESIGN_GEOMETRIC_PRESENTATION_REPRESENTATION (  '', ( #3584 ), #9072 ) ;
#9958 = SURFACE_STYLE_FILL_AREA ( #5833 ) ;
#9959 = CARTESIAN_POINT ( 'NONE',  ( 0.1530484873345392682, -0.3981692894296219309, 0.3010000000000000453 ) ) ;
#9960 = FILL_AREA_STYLE_COLOUR ( '', #1747 ) ;
#9961 = DIRECTION ( 'NONE',  ( -1.000000000000000000, 0.000000000000000000, 0.000000000000000000 ) ) ;
#9962 = EDGE_LOOP ( 'NONE', ( #4424, #3522, #8072, #4938 ) ) ;
#9963 = VECTOR ( 'NONE', #7411, 1000.000000000000000 ) ;
#9965 = VERTEX_POINT ( 'NONE', #4353 ) ;
#9964 = LINE ( 'NONE', #599, #2406 ) ;
#9966 = CARTESIAN_POINT ( 'NONE',  ( -5.715000000000000746, -0.07500000000000012212, -2.199999999999999734 ) ) ;
#9967 = FACE_OUTER_BOUND ( 'NONE', #9245, .T. ) ;
#9968 = DIRECTION ( 'NONE',  ( 1.000000000000000000, 0.000000000000000000, 0.000000000000000000 ) ) ;
#9969 = EDGE_CURVE ( 'NONE', #85, #6013, #1016, .T. ) ;
#9970 = ADVANCED_FACE ( 'NONE', ( #2972 ), #386, .F. ) ;
#9971 = AXIS2_PLACEMENT_3D ( 'NONE', #2672, #8111, #9706 ) ;
#9972 = EDGE_LOOP ( 'NONE', ( #4371, #108, #948, #8870, #4151 ) ) ;
#9973 = AXIS2_PLACEMENT_3D ( 'NONE', #6376, #7925, #5667 ) ;
#9974 = CARTESIAN_POINT ( 'NONE',  ( 3.574999999999999289, 0.5000000000000011102, 4.299999999999999822 ) ) ;
#9975 = ORIENTED_EDGE ( 'NONE', *, *, #7892, .T. ) ;
#9976 = PRESENTATION_STYLE_ASSIGNMENT (( #3959 ) ) ;
#9977 = FACE_OUTER_BOUND ( 'NONE', #875, .T. ) ;
#9978 = AXIS2_PLACEMENT_3D ( 'NONE', #2884, #8444, #6934 ) ;
#9979 = EDGE_LOOP ( 'NONE', ( #4287, #5700, #8658, #8480 ) ) ;
#9980 = VECTOR ( 'NONE', #6936, 1000.000000000000000 ) ;
#9981 = ORIENTED_EDGE ( 'NONE', *, *, #7116, .F. ) ;
#9982 = CARTESIAN_POINT ( 'NONE',  ( -0.3365240366108858128, -0.4027483453147461812, 0.3009999999999998788 ) ) ;
#9983 = FILL_AREA_STYLE_COLOUR ( '', #6296 ) ;
#9984 = PRESENTATION_STYLE_ASSIGNMENT (( #9522 ) ) ;
#9985 = CARTESIAN_POINT ( 'NONE',  ( -0.3345026939452301340, -0.2123569930533761863, 0.3009999999999999343 ) ) ;
#9986 = CARTESIAN_POINT ( 'NONE',  ( 4.844999999999999751, 0.4000000000000000222, 1.300000000000000044 ) ) ;
#9987 = ORIENTED_EDGE ( 'NONE', *, *, #5226, .F. ) ;
#9988 = DIRECTION ( 'NONE',  ( 0.000000000000000000, 1.000000000000000000, 0.000000000000000000 ) ) ;
#9989 = SURFACE_STYLE_USAGE ( .BOTH. , #2069 ) ;
#9990 = ORIENTED_EDGE ( 'NONE', *, *, #4967, .F. ) ;
#9991 = CARTESIAN_POINT ( 'NONE',  ( 2.774999999999999023, 0.4000000000000000222, 4.199999999999999289 ) ) ;
#9992 = UNCERTAINTY_MEASURE_WITH_UNIT (LENGTH_MEASURE( 1.000000000000000082E-05 ), #1200, 'distance_accuracy_value', 'NONE');
#9993 = CARTESIAN_POINT ( 'NONE',  ( -4.245000000000000107, 0.07499999999999984457, -5.227200187265875542 ) ) ;
#9994 = STYLED_ITEM ( 'NONE', ( #5345 ), #4262 ) ;
#9995 = AXIS2_PLACEMENT_3D ( 'NONE', #2054, #2923, #503 ) ;
#9996 = CARTESIAN_POINT ( 'NONE',  ( -0.5420182226527350267, -0.1924125492244080360, 0.3009999999999999898 ) ) ;
#9997 = ORIENTED_EDGE ( 'NONE', *, *, #5355, .F. ) ;
#9998 = VERTEX_POINT ( 'NONE', #7368 ) ;
#10000 = ADVANCED_FACE ( 'NONE', ( #8646 ), #275, .T. ) ;
#9999 = CARTESIAN_POINT ( 'NONE',  ( 4.644999999999999574, -0.07500000000000012212, -2.199999999999999734 ) ) ;
#10001 = SURFACE_STYLE_USAGE ( .BOTH. , #1374 ) ;
#10002 = EDGE_LOOP ( 'NONE', ( #4854, #8211, #3314, #2285 ) ) ;
#10003 = SURFACE_STYLE_USAGE ( .BOTH. , #1412 ) ;
#10004 = CARTESIAN_POINT ( 'NONE',  ( -0.2604786860262924830, -0.1693131289549649754, 0.3010000000000001008 ) ) ;
#10005 =( NAMED_UNIT ( * ) SI_UNIT ( $, .STERADIAN. ) SOLID_ANGLE_UNIT ( ) );
#10006 = SURFACE_STYLE_USAGE ( .BOTH. , #9935 ) ;
#10007 = EDGE_CURVE ( 'NONE', #4679, #9068, #8247, .T. ) ;
#10008 = COLOUR_RGB ( '',1.000000000000000000, 1.000000000000000000, 1.000000000000000000 ) ;
#10009 = ORIENTED_EDGE ( 'NONE', *, *, #7678, .T. ) ;
#10010 = SURFACE_STYLE_FILL_AREA ( #1315 ) ;
#10011 =( GEOMETRIC_REPRESENTATION_CONTEXT ( 3 ) GLOBAL_UNCERTAINTY_ASSIGNED_CONTEXT ( ( #8253 ) ) GLOBAL_UNIT_ASSIGNED_CONTEXT ( ( #918, #4821, #3209 ) ) REPRESENTATION_CONTEXT ( 'NONE', 'WORKASPACE' ) );
#10012 = UNCERTAINTY_MEASURE_WITH_UNIT (LENGTH_MEASURE( 1.000000000000000082E-05 ), #5880, 'distance_accuracy_value', 'NONE');
#10013 = EDGE_LOOP ( 'NONE', ( #3226, #6771, #5428, #7011 ) ) ;
#10014 = PLANE ( 'NONE',  #5035 ) ;
#10015 = ORIENTED_EDGE ( 'NONE', *, *, #2823, .F. ) ;
#10016 = CARTESIAN_POINT ( 'NONE',  ( 3.574999999999999289, 0.4000000000000000222, 4.199999999999999289 ) ) ;
#10017 = LINE ( 'NONE', #587, #744 ) ;
#10018 = DIRECTION ( 'NONE',  ( -0.000000000000000000, -0.000000000000000000, -1.000000000000000000 ) ) ;
#10019 = CARTESIAN_POINT ( 'NONE',  ( 0.3500358932009234314, -0.2904498967853836322, 0.2999999999999999889 ) ) ;
#10020 =( LENGTH_UNIT ( ) NAMED_UNIT ( * ) SI_UNIT ( .MILLI., .METRE. ) );
#10021 = PRESENTATION_STYLE_ASSIGNMENT (( #9650 ) ) ;
#10022 = DIRECTION ( 'NONE',  ( 0.000000000000000000, -1.000000000000000000, 0.000000000000000000 ) ) ;
#10023 = ADVANCED_FACE ( 'NONE', ( #8772 ), #5026, .F. ) ;
#10024 = FILL_AREA_STYLE ('',( #2131 ) ) ;
#10025 = SURFACE_STYLE_USAGE ( .BOTH. , #9918 ) ;
#10026 = VECTOR ( 'NONE', #7824, 1000.000000000000000 ) ;
#10027 = CARTESIAN_POINT ( 'NONE',  ( -0.3926470336283447993, -0.2810177321512373205, 0.3009999999999999898 ) ) ;
#10028 = LINE ( 'NONE', #3506, #5819 ) ;
#10029 = DIRECTION ( 'NONE',  ( 0.000000000000000000, -1.000000000000000000, 0.000000000000000000 ) ) ;
#10030 = SURFACE_STYLE_FILL_AREA ( #9202 ) ;
#10031 = VECTOR ( 'NONE', #960, 1000.000000000000000 ) ;
#10032 = PRESENTATION_LAYER_ASSIGNMENT (  '', '', ( #6826 ) ) ;
#10033 = LINE ( 'NONE', #8466, #1146 ) ;
#10034 = DIRECTION ( 'NONE',  ( 0.000000000000000000, -0.7071067811865477948, 0.7071067811865473507 ) ) ;
#10035 = EDGE_LOOP ( 'NONE', ( #10089, #74, #2821, #8905 ) ) ;
#10036 = EDGE_CURVE ( 'NONE', #8731, #9046, #8524, .T. ) ;
#10037 = CARTESIAN_POINT ( 'NONE',  ( 0.1353510407978348318, -0.4239256773966477154, 0.3009999999999998233 ) ) ;
#10038 = VECTOR ( 'NONE', #9188, 1000.000000000000114 ) ;
#10039 = CARTESIAN_POINT ( 'NONE',  ( -3.575000000000001066, 0.4000000000000000222, 4.199999999999999289 ) ) ;
#10040 = EDGE_CURVE ( 'NONE', #6818, #2525, #6669, .T. ) ;
#10041 =( GEOMETRIC_REPRESENTATION_CONTEXT ( 3 ) GLOBAL_UNCERTAINTY_ASSIGNED_CONTEXT ( ( #5738 ) ) GLOBAL_UNIT_ASSIGNED_CONTEXT ( ( #3718, #9249, #4525 ) ) REPRESENTATION_CONTEXT ( 'NONE', 'WORKASPACE' ) );
#10042 = ADVANCED_FACE ( 'NONE', ( #6419 ), #2071, .F. ) ;
#10043 = EDGE_LOOP ( 'NONE', ( #8882, #837, #3929, #3640, #6912 ) ) ;
#10044 = CARTESIAN_POINT ( 'NONE',  ( 5.514999999999999680, -0.07500000000000009437, 0.2999999999999999889 ) ) ;
#10045 = UNCERTAINTY_MEASURE_WITH_UNIT (LENGTH_MEASURE( 1.000000000000000082E-05 ), #5409, 'distance_accuracy_value', 'NONE');
#10046 = SURFACE_STYLE_USAGE ( .BOTH. , #1361 ) ;
#10047 = VECTOR ( 'NONE', #4357, 1000.000000000000000 ) ;
#10048 = SURFACE_SIDE_STYLE ('',( #2721 ) ) ;
#10049 = PRESENTATION_STYLE_ASSIGNMENT (( #7210 ) ) ;
#10050 = CARTESIAN_POINT ( 'NONE',  ( -6.115000000000001101, 0.4000000000000000222, 4.199999999999999289 ) ) ;
#10051 = CARTESIAN_POINT ( 'NONE',  ( -0.2482805837756875411, -0.1679768480216788651, 0.3009999999999999898 ) ) ;
#10052 = DIRECTION ( 'NONE',  ( -1.000000000000000000, 6.776263578034415038E-17, 0.000000000000000000 ) ) ;
#10053 = AXIS2_PLACEMENT_3D ( 'NONE', #26, #4668, #5577 ) ;
#10054 = ORIENTED_EDGE ( 'NONE', *, *, #4073, .F. ) ;
#10055 = SURFACE_STYLE_FILL_AREA ( #1177 ) ;
#10056 = DIRECTION ( 'NONE',  ( 0.000000000000000000, -1.000000000000000000, 0.000000000000000000 ) ) ;
#10057 = CIRCLE ( 'NONE', #2425, 0.2000000000000000944 ) ;
#10058 = EDGE_CURVE ( 'NONE', #4176, #8058, #4197, .T. ) ;
#10060 = VERTEX_POINT ( 'NONE', #3680 ) ;
#10059 = CARTESIAN_POINT ( 'NONE',  ( -4.045000000000000817, 0.4000000000000000222, 1.300000000000000044 ) ) ;
#10061 = DIRECTION ( 'NONE',  ( 1.000000000000000000, 0.000000000000000000, 0.000000000000000000 ) ) ;
#10062 = FILL_AREA_STYLE_COLOUR ( '', #5460 ) ;
#10063 = DIRECTION ( 'NONE',  ( 0.000000000000000000, 0.000000000000000000, 1.000000000000000000 ) ) ;
#10064 = EDGE_CURVE ( 'NONE', #3539, #7203, #4084, .T. ) ;
#10065 = LINE ( 'NONE', #2632, #8160 ) ;
#10066 = ORIENTED_EDGE ( 'NONE', *, *, #1603, .T. ) ;
#10067 = CARTESIAN_POINT ( 'NONE',  ( 6.115000000000000213, -0.4000000000000000222, 1.300000000000000044 ) ) ;
#10068 =( GEOMETRIC_REPRESENTATION_CONTEXT ( 3 ) GLOBAL_UNCERTAINTY_ASSIGNED_CONTEXT ( ( #7175 ) ) GLOBAL_UNIT_ASSIGNED_CONTEXT ( ( #5801, #7393, #8135 ) ) REPRESENTATION_CONTEXT ( 'NONE', 'WORKASPACE' ) );
#10069 = FACE_OUTER_BOUND ( 'NONE', #8598, .T. ) ;
#10070 = PRESENTATION_LAYER_ASSIGNMENT (  '', '', ( #7580 ) ) ;
#10071 = PRESENTATION_STYLE_ASSIGNMENT (( #7948 ) ) ;
#10072 = MECHANICAL_DESIGN_GEOMETRIC_PRESENTATION_REPRESENTATION (  '', ( #3691 ), #2246 ) ;
#10073 = PLANE ( 'NONE',  #7129 ) ;
#10074 = FACE_OUTER_BOUND ( 'NONE', #6404, .T. ) ;
#10075 = CARTESIAN_POINT ( 'NONE',  ( -2.305000000000001492, -0.4000000000000000222, 1.300000000000000044 ) ) ;
#10076 = ADVANCED_FACE ( 'NONE', ( #499 ), #6790, .T. ) ;
#10077 = ORIENTED_EDGE ( 'NONE', *, *, #5310, .F. ) ;
#10078 = DIRECTION ( 'NONE',  ( 1.000000000000000000, -1.355252715606880296E-16, 0.000000000000000000 ) ) ;
#10079 = PRESENTATION_STYLE_ASSIGNMENT (( #9098 ) ) ;
#10080 = FILL_AREA_STYLE_COLOUR ( '', #891 ) ;
#10081 = PRESENTATION_LAYER_ASSIGNMENT (  '', '', ( #8462 ) ) ;
#10082 = CARTESIAN_POINT ( 'NONE',  ( -0.5468200519210277832, -0.1713759638585543588, 0.3009999999999999898 ) ) ;
#10083 = CARTESIAN_POINT ( 'NONE',  ( 0.3449305390878412703, -0.3367667319869486198, 0.2999999999999999334 ) ) ;
#10084 = CARTESIAN_POINT ( 'NONE',  ( -0.3445924025033119675, -0.2321170535663747980, 0.2999999999999999334 ) ) ;
#10086 = ORIENTED_EDGE ( 'NONE', *, *, #6672, .T. ) ;
#10085 = FACE_OUTER_BOUND ( 'NONE', #1291, .T. ) ;
#10087 =( NAMED_UNIT ( * ) SI_UNIT ( $, .STERADIAN. ) SOLID_ANGLE_UNIT ( ) );
#10088 = VECTOR ( 'NONE', #2126, 1000.000000000000000 ) ;
#10089 = ORIENTED_EDGE ( 'NONE', *, *, #8980, .T. ) ;
#10090 = PRESENTATION_LAYER_ASSIGNMENT (  '', '', ( #493 ) ) ;
#10091 = FILL_AREA_STYLE ('',( #688 ) ) ;
#10092 = ORIENTED_EDGE ( 'NONE', *, *, #2823, .T. ) ;
#10093 = PRESENTATION_STYLE_ASSIGNMENT (( #1661 ) ) ;
#10094 = DIRECTION ( 'NONE',  ( -0.000000000000000000, -0.000000000000000000, -1.000000000000000000 ) ) ;
#10095 = EDGE_CURVE ( 'NONE', #1908, #6827, #655, .T. ) ;
#10096 = CARTESIAN_POINT ( 'NONE',  ( 0.1692903307378944566, -0.1666187031933705764, 0.3000000000000000444 ) ) ;
#10098 = ORIENTED_EDGE ( 'NONE', *, *, #8648, .F. ) ;
#10097 =( LENGTH_UNIT ( ) NAMED_UNIT ( * ) SI_UNIT ( .MILLI., .METRE. ) );
#10099 = ORIENTED_EDGE ( 'NONE', *, *, #2975, .F. ) ;
#10100 = DIRECTION ( 'NONE',  ( -0.000000000000000000, -0.000000000000000000, 1.000000000000000000 ) ) ;
#10101 = SURFACE_STYLE_FILL_AREA ( #7461 ) ;
#10102 =( NAMED_UNIT ( * ) SI_UNIT ( $, .STERADIAN. ) SOLID_ANGLE_UNIT ( ) );
#10103 =( NAMED_UNIT ( * ) SI_UNIT ( $, .STERADIAN. ) SOLID_ANGLE_UNIT ( ) );
#10104 = CARTESIAN_POINT ( 'NONE',  ( 1.404999999999997362, -0.5000000000000011102, 4.299999999999999822 ) ) ;
#10105 = EDGE_CURVE ( 'NONE', #10233, #204, #7043, .T. ) ;
#10106 = PRESENTATION_LAYER_ASSIGNMENT (  '', '', ( #9899 ) ) ;
#10107 = ORIENTED_EDGE ( 'NONE', *, *, #9771, .F. ) ;
#10108 = ORIENTED_EDGE ( 'NONE', *, *, #3736, .F. ) ;
#10109 = EDGE_CURVE ( 'NONE', #8803, #64, #2132, .T. ) ;
#10110 = FILL_AREA_STYLE_COLOUR ( '', #9608 ) ;
#10111 = VECTOR ( 'NONE', #5546, 1000.000000000000000 ) ;
#10112 = EDGE_LOOP ( 'NONE', ( #3533, #3219, #7710, #10009 ) ) ;
#10113 = FACE_OUTER_BOUND ( 'NONE', #7590, .T. ) ;
#10114 = MECHANICAL_DESIGN_GEOMETRIC_PRESENTATION_REPRESENTATION (  '', ( #9030 ), #377 ) ;
#10115 =( GEOMETRIC_REPRESENTATION_CONTEXT ( 3 ) GLOBAL_UNCERTAINTY_ASSIGNED_CONTEXT ( ( #8436 ) ) GLOBAL_UNIT_ASSIGNED_CONTEXT ( ( #9123, #9778, #462 ) ) REPRESENTATION_CONTEXT ( 'NONE', 'WORKASPACE' ) );
#10116 = SURFACE_STYLE_FILL_AREA ( #3524 ) ;
#10117 = FILL_AREA_STYLE ('',( #2989 ) ) ;
#10118 = ORIENTED_EDGE ( 'NONE', *, *, #3323, .F. ) ;
#10119 = CARTESIAN_POINT ( 'NONE',  ( -0.6414275214332227915, -0.4347905980048958341, 0.2999999999999999889 ) ) ;
#10120 = SURFACE_STYLE_FILL_AREA ( #10024 ) ;
#10121 = CARTESIAN_POINT ( 'NONE',  ( 0.1292531985468026168, -0.1420529484327070213, 0.3009999999999999898 ) ) ;
#10122 = FILL_AREA_STYLE ('',( #5466 ) ) ;
#10123 = SURFACE_STYLE_USAGE ( .BOTH. , #4451 ) ;
#10124 = UNCERTAINTY_MEASURE_WITH_UNIT (LENGTH_MEASURE( 1.000000000000000082E-05 ), #6169, 'distance_accuracy_value', 'NONE');
#10125 = EDGE_CURVE ( 'NONE', #4115, #2353, #259, .T. ) ;
#10126 = DIRECTION ( 'NONE',  ( -1.000000000000000000, 0.000000000000000000, 0.000000000000000000 ) ) ;
#10127 = EDGE_LOOP ( 'NONE', ( #5066, #10238, #4901, #6733 ) ) ;
#10128 = ORIENTED_EDGE ( 'NONE', *, *, #1867, .F. ) ;
#10129 = CARTESIAN_POINT ( 'NONE',  ( 6.115000000000000213, 0.4000000000000000222, 1.300000000000000044 ) ) ;
#10130 = LINE ( 'NONE', #6545, #4435 ) ;
#10131 = AXIS2_PLACEMENT_3D ( 'NONE', #2064, #6048, #1328 ) ;
#10132 = MECHANICAL_DESIGN_GEOMETRIC_PRESENTATION_REPRESENTATION (  '', ( #7256 ), #4627 ) ;
#10133 =( NAMED_UNIT ( * ) SI_UNIT ( $, .STERADIAN. ) SOLID_ANGLE_UNIT ( ) );
#10134 = DIRECTION ( 'NONE',  ( 0.000000000000000000, 1.000000000000000000, 0.000000000000000000 ) ) ;
#10135 = STYLED_ITEM ( 'NONE', ( #7414 ), #858 ) ;
#10136 = CARTESIAN_POINT ( 'NONE',  ( 0.1431755078278772464, -0.1747829948208760587, 0.2999999999999999889 ) ) ;
#10137 = CARTESIAN_POINT ( 'NONE',  ( 4.244999999999999218, 0.07499999999999990008, -5.227200187265875542 ) ) ;
#10138 = LINE ( 'NONE', #2260, #5684 ) ;
#10139 =( NAMED_UNIT ( * ) SI_UNIT ( $, .STERADIAN. ) SOLID_ANGLE_UNIT ( ) );
#10140 = LINE ( 'NONE', #8040, #7976 ) ;
#10141 = CARTESIAN_POINT ( 'NONE',  ( -1.035000000000001252, 0.4000000000000000222, 1.300000000000000044 ) ) ;
#10142 = CARTESIAN_POINT ( 'NONE',  ( 0.3080606343730871721, -0.2611534365470468688, 0.3010000000000001008 ) ) ;
#10143 = VECTOR ( 'NONE', #7021, 1000.000000000000000 ) ;
#10144 = VERTEX_POINT ( 'NONE', #8398 ) ;
#10145 = CARTESIAN_POINT ( 'NONE',  ( -0.3926470336283447993, -0.2810177321512373205, 0.2999999999999999889 ) ) ;
#10146 = STYLED_ITEM ( 'NONE', ( #4226 ), #9424 ) ;
#10147 = DIRECTION ( 'NONE',  ( -1.000000000000000000, 1.016439536705160037E-16, 0.000000000000000000 ) ) ;
#10148 = PRESENTATION_LAYER_ASSIGNMENT (  '', '', ( #9604 ) ) ;
#10149 = FACE_OUTER_BOUND ( 'NONE', #2904, .T. ) ;
#10150 = PRESENTATION_STYLE_ASSIGNMENT (( #2465 ) ) ;
#10151 =( NAMED_UNIT ( * ) SI_UNIT ( $, .STERADIAN. ) SOLID_ANGLE_UNIT ( ) );
#10152 = FILL_AREA_STYLE_COLOUR ( '', #1399 ) ;
#10153 =( LENGTH_UNIT ( ) NAMED_UNIT ( * ) SI_UNIT ( .MILLI., .METRE. ) );
#10154 = CARTESIAN_POINT ( 'NONE',  ( 0.1418238606590045137, -0.1377311980607633102, 0.3009999999999999343 ) ) ;
#10155 = CARTESIAN_POINT ( 'NONE',  ( -4.245000000000000107, 0.07499999999999984457, -2.199999999999999734 ) ) ;
#10156 = DIRECTION ( 'NONE',  ( 1.000000000000000000, -1.355252715606883008E-16, 0.000000000000000000 ) ) ;
#10157 = SURFACE_STYLE_USAGE ( .BOTH. , #2293 ) ;
#10158 = AXIS2_PLACEMENT_3D ( 'NONE', #1529, #9367, #3060 ) ;
#10159 = CARTESIAN_POINT ( 'NONE',  ( -5.315000000000001279, 0.4000000000000000222, 4.199999999999999289 ) ) ;
#10160 = PRESENTATION_STYLE_ASSIGNMENT (( #10166 ) ) ;
#10161 = VECTOR ( 'NONE', #4608, 1000.000000000000000 ) ;
#10162 = DIRECTION ( 'NONE',  ( -0.000000000000000000, -0.000000000000000000, 1.000000000000000000 ) ) ;
#10163 = B_SPLINE_CURVE_WITH_KNOTS ( 'NONE', 3,
 ( #95, #8928, #5758, #3327, #9659, #1040, #6535, #1836, #7317, #2587, #2617 ),
 .UNSPECIFIED., .F., .F.,
 ( 4, 1, 1, 1, 1, 1, 1, 1, 4 ),
 ( 0.000000000000000000, 0.1451868664724697833, 0.2834426109197299426, 0.4165243659288289657, 0.5431811235350828548, 0.6651530826377138883, 0.7813602063127152997, 0.8927566556418089494, 1.000000000000000000 ),
 .UNSPECIFIED. ) ;
#10164 = CARTESIAN_POINT ( 'NONE',  ( 0.7683333333333326465, -0.1333333333333332205, 3.933333333333332238 ) ) ;
#10165 = DIRECTION ( 'NONE',  ( 1.355252715606880296E-16, 1.000000000000000000, 0.000000000000000000 ) ) ;
#10166 = SURFACE_STYLE_USAGE ( .BOTH. , #5477 ) ;
#10167 = ORIENTED_EDGE ( 'NONE', *, *, #8952, .F. ) ;
#10168 = EDGE_CURVE ( 'NONE', #4789, #4575, #2357, .T. ) ;
#10169 = STYLED_ITEM ( 'NONE', ( #9338 ), #5106 ) ;
#10170 = DIRECTION ( 'NONE',  ( 0.000000000000000000, -0.7071067811865477948, 0.7071067811865473507 ) ) ;
#10171 = LINE ( 'NONE', #6187, #4856 ) ;
#10172 = FILL_AREA_STYLE ('',( #8408 ) ) ;
#10173 = EDGE_CURVE ( 'NONE', #5555, #1571, #7296, .T. ) ;
#10174 = DIRECTION ( 'NONE',  ( -0.000000000000000000, 1.000000000000000000, 0.000000000000000000 ) ) ;
#10175 = SURFACE_SIDE_STYLE ('',( #8797 ) ) ;
#10176 = ADVANCED_FACE ( 'NONE', ( #8920 ), #758, .T. ) ;
#10177 =( GEOMETRIC_REPRESENTATION_CONTEXT ( 3 ) GLOBAL_UNCERTAINTY_ASSIGNED_CONTEXT ( ( #8592 ) ) GLOBAL_UNIT_ASSIGNED_CONTEXT ( ( #6339, #2401, #8787 ) ) REPRESENTATION_CONTEXT ( 'NONE', 'WORKASPACE' ) );
#10178 = ORIENTED_EDGE ( 'NONE', *, *, #8980, .F. ) ;
#10179 = CARTESIAN_POINT ( 'NONE',  ( -0.8350000000000006306, -0.07500000000000009437, -5.227200187265875542 ) ) ;
#10180 = FACE_OUTER_BOUND ( 'NONE', #6866, .T. ) ;
#10181 = CARTESIAN_POINT ( 'NONE',  ( 3.041666666666665630, -0.1333333333333335535, 3.933333333333332238 ) ) ;
#10182 = UNCERTAINTY_MEASURE_WITH_UNIT (LENGTH_MEASURE( 1.000000000000000082E-05 ), #1498, 'distance_accuracy_value', 'NONE');
#10183 = FACE_OUTER_BOUND ( 'NONE', #2798, .T. ) ;
#10184 = EDGE_CURVE ( 'NONE', #7334, #4045, #4870, .T. ) ;
#10185 = COLOUR_RGB ( '',0.5019607843137254832, 0.5019607843137254832, 0.5019607843137254832 ) ;
#10186 =( NAMED_UNIT ( * ) PLANE_ANGLE_UNIT ( ) SI_UNIT ( $, .RADIAN. ) );
#10187 = ORIENTED_EDGE ( 'NONE', *, *, #1632, .T. ) ;
#10188 = CARTESIAN_POINT ( 'NONE',  ( -5.515000000000000568, -0.07500000000000012212, -2.199999999999999734 ) ) ;
#10189 = CARTESIAN_POINT ( 'NONE',  ( 2.774999999999999023, 0.4000000000000000222, 1.300000000000000044 ) ) ;
#10190 = CARTESIAN_POINT ( 'NONE',  ( -0.5520478145303516770, -0.1912155988884748914, 0.2999999999999999889 ) ) ;
#10191 =( NAMED_UNIT ( * ) SI_UNIT ( $, .STERADIAN. ) SOLID_ANGLE_UNIT ( ) );
#10192 = STYLED_ITEM ( 'NONE', ( #4047 ), #7811 ) ;
#10193 =( LENGTH_UNIT ( ) NAMED_UNIT ( * ) SI_UNIT ( .MILLI., .METRE. ) );
#10194 = ORIENTED_EDGE ( 'NONE', *, *, #10184, .T. ) ;
#10195 = DIRECTION ( 'NONE',  ( 1.000000000000000000, -1.355252715606879803E-16, 0.000000000000000000 ) ) ;
#10196 = FILL_AREA_STYLE ('',( #10231 ) ) ;
#10197 = FACE_OUTER_BOUND ( 'NONE', #7720, .T. ) ;
#10198 = VECTOR ( 'NONE', #10018, 1000.000000000000000 ) ;
#10199 =( NAMED_UNIT ( * ) SI_UNIT ( $, .STERADIAN. ) SOLID_ANGLE_UNIT ( ) );
#10200 = DIRECTION ( 'NONE',  ( -1.355252715606880296E-16, -1.000000000000000000, 0.000000000000000000 ) ) ;
#10201 = EDGE_CURVE ( 'NONE', #6007, #8585, #6961, .T. ) ;
#10202 = FILL_AREA_STYLE_COLOUR ( '', #6402 ) ;
#10203 = STYLED_ITEM ( 'NONE', ( #1552 ), #9091 ) ;
#10204 = ORIENTED_EDGE ( 'NONE', *, *, #8707, .F. ) ;
#10205 = STYLED_ITEM ( 'NONE', ( #5576 ), #1690 ) ;
#10206 = LINE ( 'NONE', #7391, #9569 ) ;
#10207 = CARTESIAN_POINT ( 'NONE',  ( 4.044999999999999041, -0.4000000000000000222, 4.199999999999999289 ) ) ;
#10208 = CARTESIAN_POINT ( 'NONE',  ( 5.514999999999999680, -0.07500000000000009437, -5.227200187265875542 ) ) ;
#10209 = EDGE_LOOP ( 'NONE', ( #9853, #927, #6667, #398 ) ) ;
#10210 = ORIENTED_EDGE ( 'NONE', *, *, #5857, .F. ) ;
#10211 = LINE ( 'NONE', #9766, #5884 ) ;
#10212 =( LENGTH_UNIT ( ) NAMED_UNIT ( * ) SI_UNIT ( .MILLI., .METRE. ) );
#10213 = VERTEX_POINT ( 'NONE', #10129 ) ;
#10214 =( NAMED_UNIT ( * ) SI_UNIT ( $, .STERADIAN. ) SOLID_ANGLE_UNIT ( ) );
#10215 = SURFACE_STYLE_USAGE ( .BOTH. , #6883 ) ;
#10216 = CARTESIAN_POINT ( 'NONE',  ( -0.5500734020687484405, -0.1837676275402476966, 0.3000000000000000444 ) ) ;
#10217 = PRESENTATION_STYLE_ASSIGNMENT (( #9906 ) ) ;
#10218 = CARTESIAN_POINT ( 'NONE',  ( -4.445000000000001172, 0.07499999999999987232, -2.199999999999999734 ) ) ;
#10219 = VERTEX_POINT ( 'NONE', #6959 ) ;
#10220 = PRESENTATION_STYLE_ASSIGNMENT (( #9545 ) ) ;
#10221 = COLOUR_RGB ( '',1.000000000000000000, 1.000000000000000000, 1.000000000000000000 ) ;
#10222 =( GEOMETRIC_REPRESENTATION_CONTEXT ( 3 ) GLOBAL_UNCERTAINTY_ASSIGNED_CONTEXT ( ( #5048 ) ) GLOBAL_UNIT_ASSIGNED_CONTEXT ( ( #6970, #4562, #10102 ) ) REPRESENTATION_CONTEXT ( 'NONE', 'WORKASPACE' ) );
#10223 = ADVANCED_FACE ( 'NONE', ( #2122 ), #2263, .F. ) ;
#10224 = ORIENTED_EDGE ( 'NONE', *, *, #5151, .T. ) ;
#10225 = LINE ( 'NONE', #9305, #326 ) ;
#10226 = PRESENTATION_LAYER_ASSIGNMENT (  '', '', ( #8260 ) ) ;
#10227 = ORIENTED_EDGE ( 'NONE', *, *, #186, .F. ) ;
#10228 = CARTESIAN_POINT ( 'NONE',  ( 0.3395090299458307648, -0.2256997840283368195, 0.3000000000000000999 ) ) ;
#10229 = B_SPLINE_CURVE_WITH_KNOTS ( 'NONE', 3,
 ( #5075, #3558, #9857, #3485, #9015, #2715, #7478, #1956, #5103, #7444, #2746, #364, #8231, #6670, #1176, #323, #4303, #3518, #6636 ),
 .UNSPECIFIED., .F., .F.,
 ( 4, 1, 1, 1, 1, 1, 1, 1, 1, 1, 1, 1, 1, 1, 1, 1, 4 ),
 ( 0.000000000000000000, 0.06460397028839208466, 0.1267024139629471524, 0.1867568140356181128, 0.2455056873654374583, 0.3036520244499754106, 0.3615030739706253660, 0.4202402229284674107, 0.4800333407766964045, 0.5406781347755160727, 0.6011918063807817347, 0.6623335024774424928, 0.7247395102972318259, 0.7894677361728866805, 0.8565048600438306403, 0.9263120958391901638, 1.000000000000000000 ),
 .UNSPECIFIED. ) ;
#10230 = EDGE_CURVE ( 'NONE', #4308, #7566, #534, .T. ) ;
#10231 = FILL_AREA_STYLE_COLOUR ( '', #3739 ) ;
#10232 = ORIENTED_EDGE ( 'NONE', *, *, #8648, .T. ) ;
#10233 = VERTEX_POINT ( 'NONE', #4624 ) ;
#10234 = FACE_OUTER_BOUND ( 'NONE', #8753, .T. ) ;
#10235 = FILL_AREA_STYLE ('',( #7033 ) ) ;
#10236 = CARTESIAN_POINT ( 'NONE',  ( -1.135000000000002229, -0.5000000000000011102, 4.299999999999999822 ) ) ;
#10237 = FACE_OUTER_BOUND ( 'NONE', #3275, .T. ) ;
#10238 = ORIENTED_EDGE ( 'NONE', *, *, #3627, .F. ) ;
#10239 = CARTESIAN_POINT ( 'NONE',  ( 0.1444199401432136876, -0.4277879044303056766, 0.3000000000000000444 ) ) ;
#10240 = UNCERTAINTY_MEASURE_WITH_UNIT (LENGTH_MEASURE( 1.000000000000000082E-05 ), #5798, 'distance_accuracy_value', 'NONE');
#10241 = FACE_OUTER_BOUND ( 'NONE', #9792, .T. ) ;
#10242 = ADVANCED_FACE ( 'NONE', ( #7063 ), #8693, .T. ) ;
#10243 = CARTESIAN_POINT ( 'NONE',  ( -2.305000000000001492, 0.4000000000000000222, 4.199999999999999289 ) ) ;
#10244 = CARTESIAN_POINT ( 'NONE',  ( 3.944999999999998064, -0.5000000000000011102, 4.299999999999999822 ) ) ;
#10245 = ORIENTED_EDGE ( 'NONE', *, *, #4676, .F. ) ;
#10246 = ORIENTED_EDGE ( 'NONE', *, *, #5670, .F. ) ;
#10247 = EDGE_CURVE ( 'NONE', #4666, #6060, #6444, .T. ) ;
#10248 = PRESENTATION_LAYER_ASSIGNMENT (  '', '', ( #9695 ) ) ;
#10249 = FACE_OUTER_BOUND ( 'NONE', #10013, .T. ) ;
#10250 = CARTESIAN_POINT ( 'NONE',  ( -0.6110731007015154370, -0.3506442565414811807, 0.3009999999999999898 ) ) ;
#10251 = ORIENTED_EDGE ( 'NONE', *, *, #7485, .T. ) ;
#10252 = CARTESIAN_POINT ( 'NONE',  ( -3.375000000000000444, 0.07499999999999990008, -2.199999999999999734 ) ) ;
#10253 = PRESENTATION_STYLE_ASSIGNMENT (( #6445 ) ) ;
#10254 = CARTESIAN_POINT ( 'NONE',  ( 0.2248028900658797513, -0.4381058487151240355, 0.3010000000000000453 ) ) ;
#10255 = UNCERTAINTY_MEASURE_WITH_UNIT (LENGTH_MEASURE( 1.000000000000000082E-05 ), #2740, 'distance_accuracy_value', 'NONE');
#10256 = STYLED_ITEM ( 'NONE', ( #349 ), #7248 ) ;
#10257 = SURFACE_SIDE_STYLE ('',( #3835 ) ) ;
#10258 = CARTESIAN_POINT ( 'NONE',  ( 0.2135112913927208755, -0.1315054418370763256, 0.3000000000000000999 ) ) ;
#10259 = SURFACE_SIDE_STYLE ('',( #6233 ) ) ;
#10260 = CARTESIAN_POINT ( 'NONE',  ( 0.1939754264771917924, -0.1311570647502125209, 0.2999999999999999889 ) ) ;
#10261 = CARTESIAN_POINT ( 'NONE',  ( -0.5477918507015154814, -0.1713759638585543588, 0.2999999999999999889 ) ) ;
#10262 = CARTESIAN_POINT ( 'NONE',  ( -0.2399447311244230774, -0.1678053255239168595, 0.2999999999999999334 ) ) ;
#10263 = ORIENTED_EDGE ( 'NONE', *, *, #8828, .F. ) ;
#10264 = EDGE_CURVE ( 'NONE', #4575, #8275, #7542, .T. ) ;
#10265 =( NAMED_UNIT ( * ) SI_UNIT ( $, .STERADIAN. ) SOLID_ANGLE_UNIT ( ) );
#10266 = ORIENTED_EDGE ( 'NONE', *, *, #5553, .T. ) ;
#10267 = EDGE_CURVE ( 'NONE', #9758, #8050, #6213, .T. ) ;
#10268 = ORIENTED_EDGE ( 'NONE', *, *, #6252, .T. ) ;
#10269 = CIRCLE ( 'NONE', #9843, 0.1999999999999996503 ) ;
#10270 = DIRECTION ( 'NONE',  ( -0.000000000000000000, -0.000000000000000000, 1.000000000000000000 ) ) ;
#10271 = PRESENTATION_LAYER_ASSIGNMENT (  '', '', ( #9186 ) ) ;
#10272 = MECHANICAL_DESIGN_GEOMETRIC_PRESENTATION_REPRESENTATION (  '', ( #8652 ), #8518 ) ;
#10273 = VECTOR ( 'NONE', #7274, 1000.000000000000114 ) ;
#10274 = AXIS2_PLACEMENT_3D ( 'NONE', #8043, #9615, #4159 ) ;
#10275 = FILL_AREA_STYLE ('',( #2339 ) ) ;
ENDSEC;
END-ISO-10303-21;
