#VRML V2.0 utf8

Shape {
  appearance Appearance {
    material Material {
      diffuseColor 1.0000 1.0000 0.5020
      specularColor 0.5020 0.5020 0.2510
      ambientIntensity 0.2
      transparency 0.0000
      shininess 0.5
    }
  }
  geometry IndexedFaceSet {
    ccw TRUE
    solid FALSE
    coord DEF co Coordinate {
      point [
        0.531496 1.482283 -0.003937,
        0.531496 1.627953 -0.003937,
        0.452756 1.482283 -0.003937,
        0.452756 1.627953 -0.003937,
        0.531496 1.627953 -0.039370,
        0.452756 1.627953 -0.039370,
        0.531496 1.466535 -0.039370,
        0.452756 1.466535 -0.039370,
        0.531496 1.446850 -0.019685,
        0.452756 1.446850 -0.019685,
        0.452756 1.447344 -0.024065,
        0.531496 1.447344 -0.024065,
        0.452756 1.448800 -0.028226,
        0.531496 1.448800 -0.028226,
        0.452756 1.451145 -0.031958,
        0.531496 1.451145 -0.031958,
        0.452756 1.454262 -0.035076,
        0.531496 1.454262 -0.035076,
        0.452756 1.457994 -0.037420,
        0.531496 1.457994 -0.037420,
        0.452756 1.462155 -0.038876,
        0.531496 1.462155 -0.038876,
        0.531496 1.446850 -0.000000,
        0.452756 1.446850 -0.000000,
        0.531496 1.482283 -0.000000,
        0.452756 1.482283 -0.000000,
        -1.342520 1.482283 -0.000000,
        -1.342520 1.446850 -0.000000,
        -1.263780 1.482283 -0.000000,
        -1.263780 1.446850 -0.000000,
        -1.342520 1.482283 -0.003937,
        -1.263780 1.482283 -0.003937,
        -1.342520 1.627953 -0.003937,
        -1.263780 1.627953 -0.003937,
        -1.342520 1.627953 -0.039370,
        -1.263780 1.627953 -0.039370,
        -1.342520 1.466535 -0.039370,
        -1.263780 1.466535 -0.039370,
        -1.263780 1.462155 -0.038876,
        -1.342520 1.462155 -0.038876,
        -1.263780 1.457994 -0.037420,
        -1.342520 1.457994 -0.037420,
        -1.263780 1.454262 -0.035076,
        -1.342520 1.454262 -0.035076,
        -1.263780 1.451145 -0.031958,
        -1.342520 1.451145 -0.031958,
        -1.263780 1.448800 -0.028226,
        -1.342520 1.448800 -0.028226,
        -1.263780 1.447344 -0.024065,
        -1.342520 1.447344 -0.024065,
        -1.263780 1.446850 -0.019685,
        -1.342520 1.446850 -0.019685,
        -0.984252 0.049213 0.523622,
        -0.984252 0.049213 0.484252,
        -1.102362 0.049213 0.523622,
        -1.102362 0.049213 0.484252,
        -0.984252 -1.269685 0.523622,
        -1.102362 -1.269685 0.523622,
        -0.984252 -1.269685 0.484252,
        -1.102362 -1.269685 0.484252,
        -0.059055 0.049213 0.523622,
        -0.059055 0.049213 0.484252,
        -0.177165 0.049213 0.523622,
        -0.177165 0.049213 0.484252,
        -0.059055 -1.269685 0.523622,
        -0.177165 -1.269685 0.523622,
        -0.059055 -1.269685 0.484252,
        -0.177165 -1.269685 0.484252,
        0.413386 0.049213 0.523622,
        0.531496 0.049213 0.523622,
        0.413386 0.049213 0.484252,
        0.531496 0.049213 0.484252,
        0.413386 -1.269685 0.523622,
        0.413386 -1.269685 0.484252,
        0.531496 -1.269685 0.523622,
        0.531496 -1.269685 0.484252,
        -0.531496 -1.269685 0.720472,
        -0.531496 0.049213 0.720472,
        -0.413386 -1.269685 0.720472,
        -0.413386 0.049213 0.720472,
        -0.413386 0.049213 0.759843,
        -0.531496 0.049213 0.759843,
        -0.413386 -1.269685 0.759843,
        -0.531496 -1.269685 0.759843,
        -0.948819 1.482283 -0.000000,
        -0.948819 1.482283 -0.003937,
        -1.027559 1.482283 -0.000000,
        -1.027559 1.482283 -0.003937,
        -0.948819 1.446850 -0.000000,
        -1.027559 1.446850 -0.000000,
        -0.948819 1.446850 -0.019685,
        -1.027559 1.446850 -0.019685,
        -1.027559 1.447344 -0.024065,
        -0.948819 1.447344 -0.024065,
        -1.027559 1.448800 -0.028226,
        -0.948819 1.448800 -0.028226,
        -1.027559 1.451145 -0.031958,
        -0.948819 1.451145 -0.031958,
        -1.027559 1.454262 -0.035076,
        -0.948819 1.454262 -0.035076,
        -1.027559 1.457994 -0.037420,
        -0.948819 1.457994 -0.037420,
        -1.027559 1.462155 -0.038876,
        -0.948819 1.462155 -0.038876,
        -1.027559 1.466535 -0.039370,
        -0.948819 1.466535 -0.039370,
        -0.948819 1.627953 -0.039370,
        -1.027559 1.627953 -0.039370,
        -0.948819 1.627953 -0.003937,
        -1.027559 1.627953 -0.003937,
        0.948819 1.482283 -0.003937,
        0.948819 1.482283 -0.000000,
        1.027559 1.482283 -0.003937,
        1.027559 1.482283 -0.000000,
        0.948819 1.446850 -0.000000,
        1.027559 1.446850 -0.000000,
        0.948819 1.446850 -0.019685,
        1.027559 1.446850 -0.019685,
        0.948819 1.466535 -0.039370,
        1.027559 1.466535 -0.039370,
        1.027559 1.462155 -0.038876,
        0.948819 1.462155 -0.038876,
        1.027559 1.457994 -0.037420,
        0.948819 1.457994 -0.037420,
        1.027559 1.454262 -0.035076,
        0.948819 1.454262 -0.035076,
        1.027559 1.451145 -0.031958,
        0.948819 1.451145 -0.031958,
        1.027559 1.448800 -0.028226,
        0.948819 1.448800 -0.028226,
        1.027559 1.447344 -0.024065,
        0.948819 1.447344 -0.024065,
        0.948819 1.627953 -0.039370,
        1.027559 1.627953 -0.039370,
        0.948819 1.627953 -0.003937,
        1.027559 1.627953 -0.003937,
        0.334646 1.482283 -0.003937,
        0.334646 1.627953 -0.003937,
        0.255906 1.482283 -0.003937,
        0.255906 1.627953 -0.003937,
        0.334646 1.627953 -0.039370,
        0.255906 1.627953 -0.039370,
        0.334646 1.466535 -0.039370,
        0.255906 1.466535 -0.039370,
        0.334646 1.446850 -0.019685,
        0.255906 1.446850 -0.019685,
        0.255906 1.447344 -0.024065,
        0.334646 1.447344 -0.024065,
        0.255906 1.448800 -0.028226,
        0.334646 1.448800 -0.028226,
        0.255906 1.451145 -0.031958,
        0.334646 1.451145 -0.031958,
        0.255906 1.454262 -0.035076,
        0.334646 1.454262 -0.035076,
        0.255906 1.457994 -0.037420,
        0.334646 1.457994 -0.037420,
        0.255906 1.462155 -0.038876,
        0.334646 1.462155 -0.038876,
        0.334646 1.446850 -0.000000,
        0.255906 1.446850 -0.000000,
        0.334646 1.482283 -0.000000,
        0.255906 1.482283 -0.000000,
      ]
    }
    coordIndex [
      0, 1, 2, -1,
      2, 1, 3, -1,
      1, 4, 3, -1,
      3, 4, 5, -1,
      4, 6, 5, -1,
      5, 6, 7, -1,
      8, 9, 10, -1,
      8, 10, 11, -1,
      11, 10, 12, -1,
      11, 12, 13, -1,
      13, 12, 14, -1,
      13, 14, 15, -1,
      15, 14, 16, -1,
      15, 16, 17, -1,
      17, 16, 18, -1,
      17, 18, 19, -1,
      19, 18, 20, -1,
      19, 20, 21, -1,
      21, 20, 7, -1,
      21, 7, 6, -1,
      8, 22, 9, -1,
      9, 22, 23, -1,
      22, 24, 23, -1,
      23, 24, 25, -1,
      24, 0, 25, -1,
      25, 0, 2, -1,
      4, 1, 6, -1,
      6, 1, 0, -1,
      24, 22, 0, -1,
      0, 22, 8, -1,
      0, 8, 11, -1,
      17, 19, 0, -1,
      0, 19, 21, -1,
      0, 21, 6, -1,
      11, 13, 0, -1,
      0, 13, 15, -1,
      0, 15, 17, -1,
      23, 25, 9, -1,
      9, 25, 2, -1,
      3, 5, 2, -1,
      2, 5, 7, -1,
      2, 7, 20, -1,
      20, 18, 2, -1,
      2, 18, 16, -1,
      2, 16, 14, -1,
      14, 12, 2, -1,
      2, 12, 10, -1,
      2, 10, 9, -1,
      26, 27, 28, -1,
      28, 27, 29, -1,
      30, 26, 31, -1,
      31, 26, 28, -1,
      32, 30, 33, -1,
      33, 30, 31, -1,
      34, 32, 35, -1,
      35, 32, 33, -1,
      36, 34, 37, -1,
      37, 34, 35, -1,
      36, 37, 38, -1,
      36, 38, 39, -1,
      39, 38, 40, -1,
      39, 40, 41, -1,
      41, 40, 42, -1,
      41, 42, 43, -1,
      43, 42, 44, -1,
      43, 44, 45, -1,
      45, 44, 46, -1,
      45, 46, 47, -1,
      47, 46, 48, -1,
      47, 48, 49, -1,
      49, 48, 50, -1,
      49, 50, 51, -1,
      27, 51, 29, -1,
      29, 51, 50, -1,
      27, 26, 51, -1,
      51, 26, 30, -1,
      32, 34, 30, -1,
      30, 34, 36, -1,
      30, 36, 39, -1,
      39, 41, 30, -1,
      30, 41, 43, -1,
      30, 43, 45, -1,
      45, 47, 30, -1,
      30, 47, 49, -1,
      30, 49, 51, -1,
      31, 42, 40, -1,
      28, 29, 31, -1,
      31, 29, 50, -1,
      31, 50, 48, -1,
      35, 33, 37, -1,
      37, 33, 31, -1,
      37, 31, 38, -1,
      38, 31, 40, -1,
      48, 46, 31, -1,
      31, 46, 44, -1,
      31, 44, 42, -1,
      52, 53, 54, -1,
      54, 53, 55, -1,
      56, 52, 57, -1,
      57, 52, 54, -1,
      58, 53, 56, -1,
      56, 53, 52, -1,
      59, 55, 58, -1,
      58, 55, 53, -1,
      57, 54, 59, -1,
      59, 54, 55, -1,
      56, 57, 58, -1,
      58, 57, 59, -1,
      60, 61, 62, -1,
      62, 61, 63, -1,
      64, 60, 65, -1,
      65, 60, 62, -1,
      66, 61, 64, -1,
      64, 61, 60, -1,
      67, 63, 66, -1,
      66, 63, 61, -1,
      65, 62, 67, -1,
      67, 62, 63, -1,
      64, 65, 66, -1,
      66, 65, 67, -1,
      68, 69, 70, -1,
      70, 69, 71, -1,
      72, 68, 73, -1,
      73, 68, 70, -1,
      74, 69, 72, -1,
      72, 69, 68, -1,
      75, 71, 74, -1,
      74, 71, 69, -1,
      73, 70, 75, -1,
      75, 70, 71, -1,
      72, 73, 74, -1,
      74, 73, 75, -1,
      76, 77, 78, -1,
      78, 77, 79, -1,
      80, 81, 82, -1,
      82, 81, 83, -1,
      77, 81, 79, -1,
      79, 81, 80, -1,
      83, 81, 76, -1,
      76, 81, 77, -1,
      79, 80, 78, -1,
      78, 80, 82, -1,
      83, 76, 82, -1,
      82, 76, 78, -1,
      84, 85, 86, -1,
      86, 85, 87, -1,
      88, 84, 89, -1,
      89, 84, 86, -1,
      90, 88, 91, -1,
      91, 88, 89, -1,
      90, 91, 92, -1,
      90, 92, 93, -1,
      93, 92, 94, -1,
      93, 94, 95, -1,
      95, 94, 96, -1,
      95, 96, 97, -1,
      97, 96, 98, -1,
      97, 98, 99, -1,
      99, 98, 100, -1,
      99, 100, 101, -1,
      101, 100, 102, -1,
      101, 102, 103, -1,
      103, 102, 104, -1,
      103, 104, 105, -1,
      106, 105, 107, -1,
      107, 105, 104, -1,
      108, 106, 109, -1,
      109, 106, 107, -1,
      85, 108, 87, -1,
      87, 108, 109, -1,
      106, 108, 105, -1,
      105, 108, 85, -1,
      84, 88, 85, -1,
      85, 88, 90, -1,
      85, 90, 93, -1,
      99, 101, 85, -1,
      85, 101, 103, -1,
      85, 103, 105, -1,
      93, 95, 85, -1,
      85, 95, 97, -1,
      85, 97, 99, -1,
      89, 86, 91, -1,
      91, 86, 87, -1,
      109, 107, 87, -1,
      87, 107, 104, -1,
      87, 104, 102, -1,
      102, 100, 87, -1,
      87, 100, 98, -1,
      87, 98, 96, -1,
      96, 94, 87, -1,
      87, 94, 92, -1,
      87, 92, 91, -1,
      110, 111, 112, -1,
      112, 111, 113, -1,
      111, 114, 113, -1,
      113, 114, 115, -1,
      114, 116, 115, -1,
      115, 116, 117, -1,
      118, 119, 120, -1,
      118, 120, 121, -1,
      121, 120, 122, -1,
      121, 122, 123, -1,
      123, 122, 124, -1,
      123, 124, 125, -1,
      125, 124, 126, -1,
      125, 126, 127, -1,
      127, 126, 128, -1,
      127, 128, 129, -1,
      129, 128, 130, -1,
      129, 130, 131, -1,
      131, 130, 117, -1,
      131, 117, 116, -1,
      118, 132, 119, -1,
      119, 132, 133, -1,
      132, 134, 133, -1,
      133, 134, 135, -1,
      134, 110, 135, -1,
      135, 110, 112, -1,
      114, 111, 116, -1,
      116, 111, 110, -1,
      134, 132, 110, -1,
      110, 132, 118, -1,
      110, 125, 127, -1,
      118, 121, 110, -1,
      110, 121, 123, -1,
      110, 123, 125, -1,
      127, 129, 110, -1,
      110, 129, 131, -1,
      110, 131, 116, -1,
      112, 124, 122, -1,
      113, 115, 112, -1,
      112, 115, 117, -1,
      112, 117, 130, -1,
      133, 135, 119, -1,
      119, 135, 112, -1,
      119, 112, 120, -1,
      120, 112, 122, -1,
      130, 128, 112, -1,
      112, 128, 126, -1,
      112, 126, 124, -1,
      136, 137, 138, -1,
      138, 137, 139, -1,
      137, 140, 139, -1,
      139, 140, 141, -1,
      140, 142, 141, -1,
      141, 142, 143, -1,
      144, 145, 146, -1,
      144, 146, 147, -1,
      147, 146, 148, -1,
      147, 148, 149, -1,
      149, 148, 150, -1,
      149, 150, 151, -1,
      151, 150, 152, -1,
      151, 152, 153, -1,
      153, 152, 154, -1,
      153, 154, 155, -1,
      155, 154, 156, -1,
      155, 156, 157, -1,
      157, 156, 143, -1,
      157, 143, 142, -1,
      144, 158, 145, -1,
      145, 158, 159, -1,
      158, 160, 159, -1,
      159, 160, 161, -1,
      160, 136, 161, -1,
      161, 136, 138, -1,
      140, 137, 142, -1,
      142, 137, 136, -1,
      160, 158, 136, -1,
      136, 158, 144, -1,
      136, 144, 147, -1,
      153, 155, 136, -1,
      136, 155, 157, -1,
      136, 157, 142, -1,
      147, 149, 136, -1,
      136, 149, 151, -1,
      136, 151, 153, -1,
      159, 161, 145, -1,
      145, 161, 138, -1,
      150, 148, 138, -1,
      138, 148, 146, -1,
      138, 146, 145, -1,
      139, 141, 138, -1,
      138, 141, 143, -1,
      138, 143, 156, -1,
      156, 154, 138, -1,
      138, 154, 152, -1,
      138, 152, 150, -1,
    ]
  }
}

Shape {
  appearance Appearance {
    material Material {
      diffuseColor 0.2510 0.2510 0.2510
      specularColor 0.1255 0.1255 0.1255
      ambientIntensity 0.2
      transparency 0.0000
      shininess 0.5
    }
  }
  geometry IndexedFaceSet {
    ccw TRUE
    solid FALSE
    coord DEF co Coordinate {
      point [
        -0.551181 0.049213 0.484252,
        -0.551181 -1.289370 0.484252,
        -0.964567 0.049213 0.484252,
        -0.964567 -1.289370 0.484252,
        -1.318898 -0.856299 0.484252,
        -1.288328 -0.852275 0.484252,
        -1.318898 -1.092520 0.484252,
        -1.122047 -1.289370 0.484252,
        -1.234533 -1.289370 0.484252,
        -1.259843 -0.840476 0.484252,
        -1.235381 -0.821706 0.484252,
        -1.216611 -0.797244 0.484252,
        -1.200787 0.049213 0.484252,
        -1.122047 0.049213 0.484252,
        -1.200787 -0.738189 0.484252,
        -1.204812 -0.768758 0.484252,
        -0.393701 -1.289370 0.484252,
        -0.393701 0.049213 0.484252,
        -0.374016 -1.289370 0.484252,
        -0.374016 0.049213 0.484252,
        -0.196850 0.049213 0.484252,
        -0.196850 -1.289370 0.484252,
        -0.216535 0.049213 0.484252,
        -0.216535 -1.289370 0.484252,
        -0.964567 -1.368110 0.562992,
        -0.551181 -1.368110 0.562992,
        -1.122047 -1.339640 0.534521,
        -1.231805 -1.295737 0.490619,
        -0.374016 -1.368110 0.562992,
        -0.393701 -1.368110 0.562992,
        -0.216535 -1.368110 0.562992,
        -0.196850 -1.368110 0.562992,
        -1.231805 -1.295737 0.753476,
        -1.122047 -1.339640 0.562992,
        -1.122047 -1.339640 0.709573,
        -1.122047 -1.339640 0.681102,
        -1.050870 -1.368110 0.681102,
        -1.050870 -1.368110 0.562992,
        -0.039370 -1.289370 0.484252,
        -0.039370 0.049213 0.484252,
        0.039370 -1.289370 0.484252,
        0.039370 0.049213 0.484252,
        0.216535 0.049213 0.484252,
        0.216535 -1.289370 0.484252,
        0.196850 0.049213 0.484252,
        0.196850 -1.289370 0.484252,
        1.122047 0.049213 0.484252,
        1.200787 0.049213 0.484252,
        1.200787 -0.738189 0.484252,
        1.122047 -1.289370 0.484252,
        1.204812 -0.768758 0.484252,
        1.216611 -0.797244 0.484252,
        1.235381 -0.821706 0.484252,
        1.259843 -0.840476 0.484252,
        1.288328 -0.852275 0.484252,
        1.318898 -0.856299 0.484252,
        1.318898 -1.092520 0.484252,
        1.234533 -1.289370 0.484252,
        0.551181 -1.289370 0.484252,
        0.551181 0.049213 0.484252,
        0.964567 -1.289370 0.484252,
        0.964567 0.049213 0.484252,
        0.374016 -1.289370 0.484252,
        0.374016 0.049213 0.484252,
        0.393701 -1.289370 0.484252,
        0.393701 0.049213 0.484252,
        0.039370 -1.368110 0.562992,
        -0.039370 -1.368110 0.562992,
        0.196850 -1.368110 0.562992,
        0.216535 -1.368110 0.562992,
        1.122047 -1.339640 0.534521,
        1.231805 -1.295737 0.490619,
        0.964567 -1.368110 0.562992,
        0.551181 -1.368110 0.562992,
        0.393701 -1.368110 0.562992,
        0.374016 -1.368110 0.562992,
        1.122047 -1.339640 0.562992,
        1.231805 -1.295737 0.753476,
        1.122047 -1.339640 0.709573,
        1.122047 -1.339640 0.681102,
        1.050870 -1.368110 0.681102,
        1.050870 -1.368110 0.562992,
        -0.283313 1.525591 1.125984,
        -0.677014 1.525591 0.898681,
        -0.283313 1.131890 1.125984,
        -0.677014 1.131890 0.898681,
        0.059055 0.049213 0.759843,
        0.039370 0.049213 0.759843,
        0.059055 0.049213 0.720472,
        0.039370 0.049213 0.681102,
        0.177165 0.049213 0.720472,
        0.196850 0.049213 0.681102,
        0.177165 0.049213 0.759843,
        0.196850 0.049213 0.759843,
        0.413386 0.049213 0.759843,
        0.393701 0.049213 0.759843,
        0.413386 0.049213 0.720472,
        0.393701 0.049213 0.681102,
        0.531496 0.049213 0.720472,
        0.551181 0.049213 0.681102,
        0.531496 0.049213 0.759843,
        0.551181 0.049213 0.759843,
        0.236220 0.049213 0.759843,
        0.216535 0.049213 0.759843,
        0.236220 0.049213 0.720472,
        0.216535 0.049213 0.681102,
        0.354331 0.049213 0.720472,
        0.374016 0.049213 0.681102,
        0.354331 0.049213 0.759843,
        0.374016 0.049213 0.759843,
        -1.102362 0.049213 0.759843,
        -1.122047 0.049213 0.759843,
        -1.102362 0.049213 0.720472,
        -1.122047 0.049213 0.681102,
        -0.984252 0.049213 0.720472,
        -0.964567 0.049213 0.681102,
        -0.984252 0.049213 0.759843,
        -0.964567 0.049213 0.759843,
        -1.204812 -0.768758 0.759843,
        -1.216611 -0.797244 0.759843,
        -1.122047 -1.289370 0.759843,
        -1.235381 -0.821706 0.759843,
        -1.259843 -0.840476 0.759843,
        -1.288328 -0.852275 0.759843,
        -1.318898 -0.856299 0.759843,
        -1.318898 -1.092520 0.759843,
        -1.234533 -1.289370 0.759843,
        -1.200787 -0.738189 0.759843,
        -1.200787 0.049213 0.759843,
        -0.551181 -1.289370 0.759843,
        -0.551181 0.049213 0.759843,
        -0.964567 -1.289370 0.759843,
        -0.964567 -1.368110 0.681102,
        -0.551181 -1.368110 0.681102,
        -0.393701 0.049213 0.759843,
        -0.393701 -1.289370 0.759843,
        -0.374016 0.049213 0.759843,
        -0.374016 -1.289370 0.759843,
        -0.374016 -1.368110 0.681102,
        -0.393701 -1.368110 0.681102,
        -0.216535 -1.289370 0.759843,
        -0.196850 -1.289370 0.759843,
        -0.216535 0.049213 0.759843,
        -0.196850 0.049213 0.759843,
        -0.196850 -1.368110 0.681102,
        -0.216535 -1.368110 0.681102,
        -1.641732 0.718504 0.771654,
        -1.641732 1.525591 0.771654,
        -1.641732 0.718504 0.000000,
        -1.641732 1.525591 0.000000,
        -1.632848 0.718504 0.850500,
        -1.632848 1.525591 0.850500,
        -1.606643 0.718504 0.925392,
        -1.606643 1.525591 0.925392,
        -1.564428 0.718504 0.992575,
        -1.564428 1.525591 0.992575,
        -1.508323 0.718504 1.048680,
        -1.508323 1.525591 1.048680,
        -1.441140 0.718504 1.090894,
        -1.441140 1.525591 1.090894,
        -1.366248 0.718504 1.117100,
        -1.366248 1.525591 1.117100,
        -1.287402 0.718504 1.125984,
        -1.287402 1.525591 1.125984,
        1.287402 1.525591 1.125984,
        0.866142 1.525591 1.125984,
        1.287402 0.718504 1.125984,
        0.866142 1.131890 1.125984,
        0.283313 1.525591 1.125984,
        0.283313 1.131890 1.125984,
        -0.866142 1.525591 1.125984,
        -0.866142 1.131890 1.125984,
        -1.182087 0.952813 0.000000,
        -1.160722 0.943963 0.000000,
        1.641732 0.718504 -0.000000,
        -1.075158 0.966890 0.000000,
        -1.061080 0.985236 0.000000,
        -1.160722 1.115092 0.000000,
        -1.182087 1.106243 0.000000,
        -1.200433 1.092165 0.000000,
        -1.214510 1.073819 0.000000,
        -1.223359 1.052454 0.000000,
        -1.226378 1.029528 0.000000,
        -1.223359 1.006601 0.000000,
        -1.214510 0.985236 0.000000,
        -1.200433 0.966890 0.000000,
        -1.137795 0.940945 0.000000,
        -1.114869 0.943963 0.000000,
        -1.093504 0.952813 0.000000,
        1.214510 1.073819 -0.000000,
        1.200433 1.092165 -0.000000,
        1.641732 1.525591 -0.000000,
        1.182087 1.106243 -0.000000,
        1.160722 1.115092 0.000000,
        -1.075158 1.092165 0.000000,
        -1.093504 1.106243 0.000000,
        -1.114869 1.115092 0.000000,
        -1.137795 1.118110 0.000000,
        1.226378 1.029528 -0.000000,
        1.223359 1.052454 -0.000000,
        -1.052231 1.052454 0.000000,
        -1.061080 1.073819 0.000000,
        1.052231 1.052454 0.000000,
        1.061080 1.073819 0.000000,
        1.075158 1.092165 0.000000,
        -1.049213 1.029528 0.000000,
        1.049213 1.029528 0.000000,
        -1.052231 1.006601 0.000000,
        1.052231 1.006601 0.000000,
        1.061080 0.985236 0.000000,
        1.075158 0.966890 0.000000,
        1.200433 0.966890 -0.000000,
        1.182087 0.952813 -0.000000,
        1.160722 0.943963 0.000000,
        1.214510 0.985236 -0.000000,
        1.223359 1.006601 -0.000000,
        1.093504 0.952813 0.000000,
        1.114869 0.943963 0.000000,
        1.137795 0.940945 0.000000,
        1.137795 1.118110 0.000000,
        1.114869 1.115092 0.000000,
        1.093504 1.106243 0.000000,
        -0.866142 1.525591 0.875353,
        -0.677014 1.525591 0.875353,
        0.677014 1.525591 0.898681,
        0.677014 1.525591 0.875353,
        1.632848 1.525591 0.850500,
        1.641732 1.525591 0.771654,
        0.866142 1.525591 0.875353,
        1.441140 1.525591 1.090894,
        1.508323 1.525591 1.048680,
        1.366248 1.525591 1.117100,
        1.564428 1.525591 0.992575,
        1.606643 1.525591 0.925392,
        1.632848 0.718504 0.850500,
        1.606643 0.718504 0.925392,
        1.397638 0.718504 0.838583,
        -1.397638 0.718504 0.838583,
        -1.397638 0.718504 0.405512,
        1.397638 0.718504 0.405512,
        1.641732 0.718504 0.771654,
        1.564428 0.718504 0.992575,
        1.508323 0.718504 1.048680,
        1.441140 0.718504 1.090894,
        1.366248 0.718504 1.117100,
        1.279528 0.127953 0.838583,
        1.397638 0.127953 0.838583,
        -1.279528 0.127953 0.838583,
        -1.397638 0.127953 0.838583,
        -1.397638 0.127953 0.405512,
        -1.279528 0.127953 0.405512,
        1.279528 0.127953 0.405512,
        1.397638 0.127953 0.405512,
        -0.039370 -1.289370 0.759843,
        0.039370 -1.289370 0.759843,
        -0.039370 0.049213 0.759843,
        -0.039370 -1.368110 0.681102,
        0.039370 -1.368110 0.681102,
        0.196850 -1.368110 0.681102,
        0.216535 -1.368110 0.681102,
        0.374016 -1.368110 0.681102,
        0.393701 -1.368110 0.681102,
        0.551181 -1.368110 0.681102,
        0.964567 -1.368110 0.681102,
      ]
    }
    coordIndex [
      0, 1, 2, -1,
      2, 1, 3, -1,
      4, 5, 6, -1,
      6, 5, 7, -1,
      6, 7, 8, -1,
      5, 9, 7, -1,
      7, 9, 10, -1,
      7, 10, 11, -1,
      12, 13, 14, -1,
      14, 13, 7, -1,
      14, 7, 15, -1,
      15, 7, 11, -1,
      16, 17, 18, -1,
      18, 17, 19, -1,
      20, 21, 22, -1,
      22, 21, 23, -1,
      3, 1, 24, -1,
      24, 1, 25, -1,
      26, 27, 7, -1,
      7, 27, 8, -1,
      28, 29, 18, -1,
      18, 29, 16, -1,
      23, 21, 30, -1,
      30, 21, 31, -1,
      27, 26, 32, -1,
      32, 26, 33, -1,
      34, 32, 35, -1,
      35, 32, 33, -1,
      35, 33, 36, -1,
      36, 33, 37, -1,
      38, 39, 40, -1,
      40, 39, 41, -1,
      42, 43, 44, -1,
      44, 43, 45, -1,
      46, 47, 48, -1,
      46, 48, 49, -1,
      49, 48, 50, -1,
      49, 50, 51, -1,
      51, 52, 49, -1,
      49, 52, 53, -1,
      49, 53, 54, -1,
      54, 55, 49, -1,
      49, 55, 56, -1,
      49, 56, 57, -1,
      58, 59, 60, -1,
      60, 59, 61, -1,
      62, 63, 64, -1,
      64, 63, 65, -1,
      66, 67, 40, -1,
      40, 67, 38, -1,
      45, 43, 68, -1,
      68, 43, 69, -1,
      49, 57, 70, -1,
      70, 57, 71, -1,
      72, 73, 60, -1,
      60, 73, 58, -1,
      74, 75, 64, -1,
      64, 75, 62, -1,
      76, 70, 71, -1,
      77, 78, 79, -1,
      80, 81, 79, -1,
      79, 81, 76, -1,
      79, 76, 77, -1,
      77, 76, 71, -1,
      82, 83, 84, -1,
      84, 83, 85, -1,
      86, 87, 88, -1,
      88, 87, 89, -1,
      88, 89, 90, -1,
      90, 89, 91, -1,
      90, 91, 92, -1,
      92, 91, 93, -1,
      94, 95, 96, -1,
      96, 95, 97, -1,
      96, 97, 98, -1,
      98, 97, 99, -1,
      98, 99, 100, -1,
      100, 99, 101, -1,
      102, 103, 104, -1,
      104, 103, 105, -1,
      104, 105, 106, -1,
      106, 105, 107, -1,
      106, 107, 108, -1,
      108, 107, 109, -1,
      110, 111, 112, -1,
      112, 111, 113, -1,
      112, 113, 114, -1,
      114, 113, 115, -1,
      114, 115, 116, -1,
      116, 115, 117, -1,
      118, 119, 120, -1,
      119, 121, 120, -1,
      120, 121, 122, -1,
      120, 122, 123, -1,
      123, 124, 120, -1,
      120, 124, 125, -1,
      120, 125, 126, -1,
      118, 120, 127, -1,
      127, 120, 111, -1,
      127, 111, 128, -1,
      129, 130, 131, -1,
      131, 130, 117, -1,
      120, 126, 34, -1,
      34, 126, 32, -1,
      132, 133, 131, -1,
      131, 133, 129, -1,
      134, 135, 136, -1,
      136, 135, 137, -1,
      137, 135, 138, -1,
      138, 135, 139, -1,
      140, 141, 142, -1,
      142, 141, 143, -1,
      144, 141, 145, -1,
      145, 141, 140, -1,
      146, 147, 148, -1,
      148, 147, 149, -1,
      147, 146, 150, -1,
      147, 150, 151, -1,
      151, 150, 152, -1,
      151, 152, 153, -1,
      153, 152, 154, -1,
      153, 154, 155, -1,
      155, 154, 156, -1,
      155, 156, 157, -1,
      157, 156, 158, -1,
      157, 158, 159, -1,
      159, 158, 160, -1,
      159, 160, 161, -1,
      161, 160, 162, -1,
      161, 162, 163, -1,
      164, 165, 166, -1,
      166, 165, 167, -1,
      168, 82, 169, -1,
      169, 82, 84, -1,
      170, 163, 171, -1,
      171, 163, 162, -1,
      171, 162, 84, -1,
      84, 162, 166, -1,
      84, 166, 169, -1,
      169, 166, 167, -1,
      172, 173, 148, -1,
      174, 175, 176, -1,
      177, 178, 149, -1,
      149, 178, 179, -1,
      179, 180, 149, -1,
      149, 180, 181, -1,
      149, 181, 148, -1,
      148, 181, 182, -1,
      148, 182, 183, -1,
      183, 184, 148, -1,
      148, 184, 185, -1,
      148, 185, 172, -1,
      173, 186, 148, -1,
      148, 186, 187, -1,
      148, 187, 174, -1,
      174, 187, 188, -1,
      174, 188, 175, -1,
      189, 190, 191, -1,
      191, 190, 192, -1,
      191, 192, 193, -1,
      194, 195, 191, -1,
      191, 195, 196, -1,
      191, 196, 149, -1,
      149, 196, 197, -1,
      149, 197, 177, -1,
      174, 198, 191, -1,
      191, 198, 199, -1,
      191, 199, 189, -1,
      200, 201, 202, -1,
      202, 201, 194, -1,
      202, 194, 203, -1,
      203, 194, 204, -1,
      200, 202, 205, -1,
      205, 202, 206, -1,
      205, 206, 207, -1,
      207, 206, 208, -1,
      207, 208, 176, -1,
      176, 208, 209, -1,
      176, 209, 210, -1,
      211, 174, 212, -1,
      212, 174, 213, -1,
      211, 214, 174, -1,
      174, 214, 215, -1,
      174, 215, 198, -1,
      210, 216, 176, -1,
      176, 216, 217, -1,
      176, 217, 174, -1,
      174, 217, 218, -1,
      174, 218, 213, -1,
      193, 219, 191, -1,
      191, 219, 220, -1,
      191, 220, 194, -1,
      194, 220, 221, -1,
      194, 221, 204, -1,
      163, 170, 222, -1,
      147, 163, 149, -1,
      149, 163, 222, -1,
      149, 222, 191, -1,
      191, 222, 223, -1,
      168, 224, 82, -1,
      82, 224, 225, -1,
      82, 225, 83, -1,
      83, 225, 223, -1,
      226, 227, 164, -1,
      223, 225, 191, -1,
      191, 225, 228, -1,
      191, 228, 227, -1,
      227, 228, 165, -1,
      227, 165, 164, -1,
      147, 151, 163, -1,
      163, 151, 153, -1,
      163, 153, 155, -1,
      155, 157, 163, -1,
      163, 157, 159, -1,
      163, 159, 161, -1,
      229, 230, 231, -1,
      231, 230, 232, -1,
      231, 232, 164, -1,
      164, 232, 233, -1,
      164, 233, 226, -1,
      234, 235, 236, -1,
      152, 150, 237, -1,
      237, 150, 146, -1,
      237, 146, 238, -1,
      238, 146, 148, -1,
      238, 148, 239, -1,
      239, 148, 174, -1,
      239, 174, 236, -1,
      236, 174, 240, -1,
      236, 240, 234, -1,
      235, 241, 236, -1,
      236, 241, 242, -1,
      236, 242, 243, -1,
      160, 158, 237, -1,
      243, 244, 236, -1,
      236, 244, 166, -1,
      236, 166, 237, -1,
      237, 166, 162, -1,
      237, 162, 160, -1,
      158, 156, 237, -1,
      237, 156, 154, -1,
      237, 154, 152, -1,
      245, 246, 236, -1,
      245, 236, 247, -1,
      247, 236, 237, -1,
      247, 237, 248, -1,
      249, 248, 238, -1,
      238, 248, 237, -1,
      249, 238, 250, -1,
      250, 238, 239, -1,
      250, 239, 251, -1,
      251, 239, 252, -1,
      247, 248, 250, -1,
      250, 248, 249, -1,
      125, 124, 6, -1,
      6, 124, 4, -1,
      253, 254, 255, -1,
      255, 254, 87, -1,
      36, 37, 132, -1,
      132, 37, 24, -1,
      132, 24, 133, -1,
      133, 24, 25, -1,
      133, 25, 139, -1,
      139, 25, 29, -1,
      139, 29, 138, -1,
      138, 29, 28, -1,
      138, 28, 145, -1,
      145, 28, 30, -1,
      145, 30, 144, -1,
      144, 30, 31, -1,
      144, 31, 256, -1,
      256, 31, 67, -1,
      256, 67, 257, -1,
      257, 67, 66, -1,
      257, 66, 258, -1,
      258, 66, 68, -1,
      258, 68, 259, -1,
      259, 68, 69, -1,
      259, 69, 260, -1,
      260, 69, 75, -1,
      260, 75, 261, -1,
      261, 75, 74, -1,
      261, 74, 262, -1,
      262, 74, 73, -1,
      262, 73, 263, -1,
      263, 73, 72, -1,
      263, 72, 80, -1,
      80, 72, 81, -1,
      12, 14, 128, -1,
      128, 14, 127, -1,
    ]
  }
}

Shape {
  appearance Appearance {
    material Material {
      diffuseColor 0.5020 0.2510 0.0000
      specularColor 0.4431 0.2196 0.0000
      ambientIntensity 0.2
      transparency 0.0000
      shininess 0.5
    }
  }
  geometry IndexedFaceSet {
    ccw TRUE
    solid FALSE
    coord DEF co Coordinate {
      point [
        -1.318898 -0.856299 0.484252,
        -1.288328 -0.852275 0.484252,
        -1.259843 -0.840476 0.484252,
        -1.235381 -0.821706 0.484252,
        -1.216611 -0.797244 0.484252,
        -1.200787 -0.738189 0.484252,
        -1.204812 -0.768758 0.484252,
        -1.204812 -0.768758 0.759843,
        -1.216611 -0.797244 0.759843,
        -1.235381 -0.821706 0.759843,
        -1.259843 -0.840476 0.759843,
        -1.288328 -0.852275 0.759843,
        -1.318898 -0.856299 0.759843,
        -1.200787 -0.738189 0.759843,
      ]
    }
    coordIndex [
      13, 5, 7, -1,
      7, 5, 6, -1,
      7, 6, 8, -1,
      8, 6, 4, -1,
      8, 4, 9, -1,
      9, 4, 3, -1,
      9, 3, 10, -1,
      10, 3, 2, -1,
      10, 2, 11, -1,
      11, 2, 1, -1,
      11, 1, 12, -1,
      12, 1, 0, -1,
    ]
  }
}

Shape {
  appearance Appearance {
    material Material {
      diffuseColor 0.2510 0.2510 0.2510
      specularColor 0.1255 0.1255 0.1255
      ambientIntensity 0.2
      transparency 0.0000
      shininess 0.5
    }
  }
  geometry IndexedFaceSet {
    ccw TRUE
    solid FALSE
    coord DEF co Coordinate {
      point [
        -0.551181 0.049213 0.484252,
        -0.964567 0.049213 0.484252,
        -1.318898 -1.092520 0.484252,
        -1.234533 -1.289370 0.484252,
        -1.200787 0.049213 0.484252,
        -1.122047 0.049213 0.484252,
        -0.393701 0.049213 0.484252,
        -0.374016 0.049213 0.484252,
        -0.196850 0.049213 0.484252,
        -0.216535 0.049213 0.484252,
        -1.231805 -1.295737 0.490619,
        -1.231805 -1.295737 0.753476,
        -1.122047 -1.339640 0.709573,
        -1.122047 -1.339640 0.681102,
        -1.050870 -1.368110 0.681102,
        -0.039370 0.049213 0.484252,
        0.039370 0.049213 0.484252,
        0.216535 0.049213 0.484252,
        0.196850 0.049213 0.484252,
        1.122047 0.049213 0.484252,
        1.200787 0.049213 0.484252,
        0.551181 0.049213 0.484252,
        0.964567 0.049213 0.484252,
        0.374016 0.049213 0.484252,
        0.393701 0.049213 0.484252,
        0.059055 0.049213 0.759843,
        0.039370 0.049213 0.759843,
        0.177165 0.049213 0.759843,
        0.196850 0.049213 0.759843,
        0.413386 0.049213 0.759843,
        0.393701 0.049213 0.759843,
        0.531496 0.049213 0.759843,
        0.551181 0.049213 0.759843,
        0.236220 0.049213 0.759843,
        0.216535 0.049213 0.759843,
        0.354331 0.049213 0.759843,
        0.374016 0.049213 0.759843,
        -1.102362 0.049213 0.759843,
        -1.122047 0.049213 0.759843,
        -1.122047 0.049213 0.681102,
        -0.964567 0.049213 0.681102,
        -0.984252 0.049213 0.759843,
        -0.964567 0.049213 0.759843,
        -1.122047 -1.289370 0.759843,
        -1.318898 -1.092520 0.759843,
        -1.234533 -1.289370 0.759843,
        -1.200787 0.049213 0.759843,
        -0.551181 -1.289370 0.759843,
        -0.551181 0.049213 0.759843,
        -0.964567 -1.289370 0.759843,
        -0.964567 -1.368110 0.681102,
        -0.551181 -1.368110 0.681102,
        -0.393701 0.049213 0.759843,
        -0.393701 -1.289370 0.759843,
        -0.374016 0.049213 0.759843,
        -0.374016 -1.289370 0.759843,
        -0.374016 -1.368110 0.681102,
        -0.393701 -1.368110 0.681102,
        -0.216535 -1.289370 0.759843,
        -0.196850 -1.289370 0.759843,
        -0.216535 0.049213 0.759843,
        -0.196850 0.049213 0.759843,
        -0.196850 -1.368110 0.681102,
        -0.216535 -1.368110 0.681102,
        1.279528 0.127953 0.838583,
        -1.279528 0.127953 0.838583,
        -1.279528 0.127953 0.405512,
        1.279528 0.127953 0.405512,
        -0.039370 -1.289370 0.759843,
        0.039370 -1.289370 0.759843,
        -0.039370 0.049213 0.759843,
        -0.039370 -1.368110 0.681102,
        0.039370 -1.368110 0.681102,
        0.964567 0.049213 0.759843,
        0.984252 0.049213 0.759843,
        1.102362 0.049213 0.759843,
        1.122047 0.049213 0.759843,
        1.200787 0.049213 0.759843,
        -0.196850 0.049213 0.681102,
        -0.039370 0.049213 0.681102,
        -0.393701 0.049213 0.681102,
        -0.551181 0.049213 0.681102,
        -0.374016 0.049213 0.681102,
        -0.216535 0.049213 0.681102,
      ]
    }
    coordIndex [
      44, 2, 3, -1,
      10, 11, 3, -1,
      3, 11, 45, -1,
      3, 45, 44, -1,
      72, 69, 71, -1,
      71, 69, 68, -1,
      66, 4, 65, -1,
      65, 4, 46, -1,
      15, 8, 66, -1,
      66, 8, 9, -1,
      9, 7, 66, -1,
      66, 7, 6, -1,
      66, 6, 0, -1,
      0, 1, 66, -1,
      66, 1, 5, -1,
      66, 5, 4, -1,
      15, 66, 16, -1,
      16, 66, 67, -1,
      16, 67, 18, -1,
      67, 20, 19, -1,
      19, 22, 67, -1,
      67, 22, 21, -1,
      67, 21, 24, -1,
      24, 23, 67, -1,
      67, 23, 17, -1,
      67, 17, 18, -1,
      29, 31, 64, -1,
      46, 38, 65, -1,
      65, 38, 37, -1,
      65, 37, 41, -1,
      31, 32, 64, -1,
      64, 32, 73, -1,
      64, 73, 74, -1,
      74, 75, 64, -1,
      64, 75, 76, -1,
      64, 76, 77, -1,
      41, 42, 65, -1,
      65, 42, 48, -1,
      65, 48, 52, -1,
      52, 54, 65, -1,
      65, 54, 60, -1,
      65, 60, 61, -1,
      27, 28, 64, -1,
      35, 36, 64, -1,
      64, 36, 30, -1,
      64, 30, 29, -1,
      28, 34, 64, -1,
      64, 34, 33, -1,
      64, 33, 35, -1,
      61, 70, 65, -1,
      65, 70, 26, -1,
      65, 26, 64, -1,
      64, 26, 25, -1,
      64, 25, 27, -1,
      62, 71, 78, -1,
      78, 71, 79, -1,
      78, 79, 61, -1,
      61, 79, 70, -1,
      61, 59, 78, -1,
      78, 59, 62, -1,
      70, 79, 68, -1,
      68, 79, 71, -1,
      80, 81, 57, -1,
      57, 81, 51, -1,
      81, 80, 48, -1,
      48, 80, 52, -1,
      48, 47, 81, -1,
      81, 47, 51, -1,
      52, 80, 53, -1,
      53, 80, 57, -1,
      56, 63, 82, -1,
      82, 63, 83, -1,
      82, 83, 54, -1,
      54, 83, 60, -1,
      54, 55, 82, -1,
      82, 55, 56, -1,
      60, 83, 58, -1,
      58, 83, 63, -1,
      50, 40, 14, -1,
      14, 40, 39, -1,
      14, 39, 13, -1,
      39, 38, 13, -1,
      13, 38, 43, -1,
      13, 43, 12, -1,
      40, 50, 42, -1,
      42, 50, 49, -1,
    ]
  }
}

Shape {
  appearance Appearance {
    material Material {
      diffuseColor 1.0000 1.0000 0.5020
      specularColor 0.5020 0.5020 0.2510
      ambientIntensity 0.2
      transparency 0.0000
      shininess 0.5
    }
  }
  geometry IndexedFaceSet {
    ccw TRUE
    solid FALSE
    coord DEF co Coordinate {
      point [
        -1.102362 0.049213 0.759843,
        -1.102362 0.049213 0.720472,
        -0.984252 0.049213 0.720472,
        -0.984252 0.049213 0.759843,
        -1.102362 -1.269685 0.759843,
        -1.102362 -1.269685 0.720472,
        -0.984252 -1.269685 0.720472,
        -0.984252 -1.269685 0.759843,
      ]
    }
    coordIndex [
      4, 0, 5, -1,
      5, 0, 1, -1,
      5, 1, 6, -1,
      6, 1, 2, -1,
      6, 2, 7, -1,
      7, 2, 3, -1,
      7, 3, 4, -1,
      4, 3, 0, -1,
      4, 5, 7, -1,
      7, 5, 6, -1,
    ]
  }
}

Shape {
  appearance Appearance {
    material Material {
      diffuseColor 0.2510 0.2510 0.2510
      specularColor 0.1255 0.1255 0.1255
      ambientIntensity 0.2
      transparency 0.0000
      shininess 0.5
    }
  }
  geometry IndexedFaceSet {
    ccw TRUE
    solid FALSE
    coord DEF co Coordinate {
      point [
        1.200787 0.049213 0.484252,
        1.200787 -0.738189 0.484252,
        1.204812 -0.768758 0.484252,
        1.216611 -0.797244 0.484252,
        1.235381 -0.821706 0.484252,
        1.259843 -0.840476 0.484252,
        1.288328 -0.852275 0.484252,
        1.318898 -0.856299 0.484252,
        1.318898 -1.092520 0.484252,
        1.234533 -1.289370 0.484252,
        1.231805 -1.295737 0.490619,
        1.231805 -1.295737 0.753476,
        1.122047 -1.339640 0.709573,
        1.122047 -1.339640 0.681102,
        1.050870 -1.368110 0.681102,
        0.039370 0.049213 0.759843,
        0.039370 0.049213 0.681102,
        0.196850 0.049213 0.681102,
        0.196850 0.049213 0.759843,
        0.393701 0.049213 0.759843,
        0.393701 0.049213 0.681102,
        0.551181 0.049213 0.681102,
        0.551181 0.049213 0.759843,
        0.216535 0.049213 0.759843,
        0.216535 0.049213 0.681102,
        0.374016 0.049213 0.681102,
        0.374016 0.049213 0.759843,
        1.287402 1.525591 1.125984,
        1.287402 0.718504 1.125984,
        0.283313 1.525591 1.125984,
        0.283313 1.131890 1.125984,
        1.641732 0.718504 -0.000000,
        1.641732 1.525591 -0.000000,
        0.677014 1.525591 0.898681,
        1.632848 1.525591 0.850500,
        1.641732 1.525591 0.771654,
        1.441140 1.525591 1.090894,
        1.508323 1.525591 1.048680,
        1.366248 1.525591 1.117100,
        1.564428 1.525591 0.992575,
        1.606643 1.525591 0.925392,
        1.632848 0.718504 0.850500,
        1.606643 0.718504 0.925392,
        1.397638 0.718504 0.838583,
        1.397638 0.718504 0.405512,
        1.641732 0.718504 0.771654,
        1.564428 0.718504 0.992575,
        1.508323 0.718504 1.048680,
        1.441140 0.718504 1.090894,
        1.366248 0.718504 1.117100,
        1.279528 0.127953 0.838583,
        1.397638 0.127953 0.838583,
        1.279528 0.127953 0.405512,
        1.397638 0.127953 0.405512,
        0.039370 -1.289370 0.759843,
        0.039370 -1.368110 0.681102,
        0.196850 -1.368110 0.681102,
        0.216535 -1.368110 0.681102,
        0.374016 -1.368110 0.681102,
        0.393701 -1.368110 0.681102,
        0.551181 -1.368110 0.681102,
        0.964567 -1.368110 0.681102,
        0.964567 0.049213 0.759843,
        0.984252 0.049213 0.759843,
        1.102362 0.049213 0.759843,
        1.122047 0.049213 0.759843,
        1.200787 0.049213 0.759843,
        0.984252 0.049213 0.720472,
        0.964567 0.049213 0.681102,
        1.102362 0.049213 0.720472,
        1.122047 0.049213 0.681102,
        1.318898 -0.856299 0.759843,
        1.288328 -0.852275 0.759843,
        1.318898 -1.092520 0.759843,
        1.122047 -1.289370 0.759843,
        1.234533 -1.289370 0.759843,
        1.259843 -0.840476 0.759843,
        1.235381 -0.821706 0.759843,
        1.216611 -0.797244 0.759843,
        1.200787 -0.738189 0.759843,
        1.204812 -0.768758 0.759843,
        0.551181 -1.289370 0.759843,
        0.964567 -1.289370 0.759843,
        0.393701 -1.289370 0.759843,
        0.374016 -1.289370 0.759843,
        0.196850 -1.289370 0.759843,
        0.216535 -1.289370 0.759843,
        0.677014 1.131890 0.898681,
      ]
    }
    coordIndex [
      63, 62, 67, -1,
      67, 62, 68, -1,
      67, 68, 69, -1,
      69, 68, 70, -1,
      69, 70, 64, -1,
      64, 70, 65, -1,
      71, 72, 73, -1,
      73, 72, 74, -1,
      73, 74, 75, -1,
      72, 76, 74, -1,
      74, 76, 77, -1,
      74, 77, 78, -1,
      66, 65, 79, -1,
      79, 65, 74, -1,
      79, 74, 80, -1,
      80, 74, 78, -1,
      22, 81, 62, -1,
      62, 81, 82, -1,
      75, 74, 11, -1,
      11, 74, 12, -1,
      60, 61, 81, -1,
      81, 61, 82, -1,
      83, 19, 84, -1,
      84, 19, 26, -1,
      83, 84, 59, -1,
      59, 84, 58, -1,
      85, 86, 18, -1,
      18, 86, 23, -1,
      85, 56, 86, -1,
      86, 56, 57, -1,
      35, 45, 32, -1,
      32, 45, 31, -1,
      27, 28, 49, -1,
      27, 49, 38, -1,
      38, 49, 48, -1,
      38, 48, 36, -1,
      36, 48, 47, -1,
      36, 47, 37, -1,
      37, 47, 46, -1,
      37, 46, 39, -1,
      39, 46, 42, -1,
      39, 42, 40, -1,
      40, 42, 41, -1,
      40, 41, 34, -1,
      34, 41, 45, -1,
      34, 45, 35, -1,
      87, 33, 30, -1,
      30, 33, 29, -1,
      51, 53, 43, -1,
      43, 53, 44, -1,
      51, 50, 53, -1,
      53, 50, 52, -1,
      71, 73, 7, -1,
      7, 73, 8, -1,
      1, 0, 79, -1,
      79, 0, 66, -1,
      71, 7, 72, -1,
      72, 7, 6, -1,
      72, 6, 76, -1,
      76, 6, 5, -1,
      76, 5, 77, -1,
      77, 5, 4, -1,
      77, 4, 78, -1,
      78, 4, 3, -1,
      78, 3, 80, -1,
      80, 3, 2, -1,
      80, 2, 79, -1,
      79, 2, 1, -1,
      11, 10, 75, -1,
      75, 10, 9, -1,
      75, 9, 73, -1,
      73, 9, 8, -1,
      0, 52, 66, -1,
      66, 52, 50, -1,
      55, 56, 16, -1,
      16, 56, 17, -1,
      85, 18, 56, -1,
      56, 18, 17, -1,
      16, 15, 55, -1,
      55, 15, 54, -1,
      21, 20, 60, -1,
      60, 20, 59, -1,
      81, 22, 60, -1,
      60, 22, 21, -1,
      20, 19, 59, -1,
      59, 19, 83, -1,
      57, 58, 24, -1,
      24, 58, 25, -1,
      84, 26, 58, -1,
      58, 26, 25, -1,
      24, 23, 57, -1,
      57, 23, 86, -1,
      13, 70, 14, -1,
      14, 70, 68, -1,
      14, 68, 61, -1,
      65, 70, 74, -1,
      74, 70, 13, -1,
      74, 13, 12, -1,
      61, 68, 82, -1,
      82, 68, 62, -1,
    ]
  }
}

Shape {
  appearance Appearance {
    material Material {
      diffuseColor 1.0000 1.0000 0.5020
      specularColor 0.5020 0.5020 0.2510
      ambientIntensity 0.2
      transparency 0.0000
      shininess 0.5
    }
  }
  geometry IndexedFaceSet {
    ccw TRUE
    solid FALSE
    coord DEF co Coordinate {
      point [
        0.059055 0.049213 0.759843,
        0.059055 0.049213 0.720472,
        0.177165 0.049213 0.720472,
        0.177165 0.049213 0.759843,
        0.413386 0.049213 0.759843,
        0.413386 0.049213 0.720472,
        0.531496 0.049213 0.720472,
        0.531496 0.049213 0.759843,
        0.236220 0.049213 0.759843,
        0.236220 0.049213 0.720472,
        0.354331 0.049213 0.720472,
        0.354331 0.049213 0.759843,
        0.984252 0.049213 0.759843,
        1.102362 0.049213 0.759843,
        0.984252 0.049213 0.720472,
        1.102362 0.049213 0.720472,
        1.102362 -1.269685 0.759843,
        1.102362 -1.269685 0.720472,
        0.984252 -1.269685 0.720472,
        0.984252 -1.269685 0.759843,
        0.354331 -1.210630 0.759843,
        0.236220 -1.210630 0.759843,
        0.354331 -1.210630 0.720472,
        0.236220 -1.210630 0.720472,
        0.531496 -1.269685 0.759843,
        0.413386 -1.269685 0.759843,
        0.531496 -1.269685 0.720472,
        0.413386 -1.269685 0.720472,
        0.177165 -1.210630 0.759843,
        0.059055 -1.210630 0.759843,
        0.177165 -1.210630 0.720472,
        0.059055 -1.210630 0.720472,
      ]
    }
    coordIndex [
      13, 16, 15, -1,
      15, 16, 17, -1,
      15, 17, 14, -1,
      14, 17, 18, -1,
      14, 18, 12, -1,
      12, 18, 19, -1,
      12, 19, 13, -1,
      13, 19, 16, -1,
      17, 16, 18, -1,
      18, 16, 19, -1,
      20, 21, 22, -1,
      22, 21, 23, -1,
      10, 22, 9, -1,
      9, 22, 23, -1,
      11, 8, 20, -1,
      20, 8, 21, -1,
      11, 20, 10, -1,
      10, 20, 22, -1,
      8, 9, 21, -1,
      21, 9, 23, -1,
      24, 25, 26, -1,
      26, 25, 27, -1,
      6, 26, 5, -1,
      5, 26, 27, -1,
      7, 4, 24, -1,
      24, 4, 25, -1,
      7, 24, 6, -1,
      6, 24, 26, -1,
      4, 5, 25, -1,
      25, 5, 27, -1,
      28, 29, 30, -1,
      30, 29, 31, -1,
      2, 30, 1, -1,
      1, 30, 31, -1,
      3, 0, 28, -1,
      28, 0, 29, -1,
      3, 28, 2, -1,
      2, 28, 30, -1,
      0, 1, 29, -1,
      29, 1, 31, -1,
    ]
  }
}

Shape {
  appearance Appearance {
    material Material {
      diffuseColor 0.2510 0.2510 0.2510
      specularColor 0.1255 0.1255 0.1255
      ambientIntensity 0.2
      transparency 0.0000
      shininess 0.5
    }
  }
  geometry IndexedFaceSet {
    ccw TRUE
    solid FALSE
    coord DEF co Coordinate {
      point [
        -0.551181 0.049213 0.484252,
        -0.551181 -1.289370 0.484252,
        -0.964567 0.049213 0.484252,
        -0.964567 -1.289370 0.484252,
        -1.122047 -1.289370 0.484252,
        -1.122047 0.049213 0.484252,
        -0.393701 -1.289370 0.484252,
        -0.393701 0.049213 0.484252,
        -0.374016 -1.289370 0.484252,
        -0.374016 0.049213 0.484252,
        -0.196850 0.049213 0.484252,
        -0.196850 -1.289370 0.484252,
        -0.216535 0.049213 0.484252,
        -0.216535 -1.289370 0.484252,
        -0.964567 -1.368110 0.562992,
        -0.551181 -1.368110 0.562992,
        -1.122047 -1.339640 0.534521,
        -0.374016 -1.368110 0.562992,
        -0.393701 -1.368110 0.562992,
        -0.216535 -1.368110 0.562992,
        -0.196850 -1.368110 0.562992,
        -1.122047 -1.339640 0.562992,
        -1.050870 -1.368110 0.562992,
        -0.039370 -1.289370 0.484252,
        -0.039370 0.049213 0.484252,
        0.039370 -1.289370 0.484252,
        0.039370 0.049213 0.484252,
        0.216535 0.049213 0.484252,
        0.216535 -1.289370 0.484252,
        0.196850 0.049213 0.484252,
        0.196850 -1.289370 0.484252,
        1.122047 0.049213 0.484252,
        1.122047 -1.289370 0.484252,
        0.551181 -1.289370 0.484252,
        0.551181 0.049213 0.484252,
        0.964567 -1.289370 0.484252,
        0.964567 0.049213 0.484252,
        0.374016 -1.289370 0.484252,
        0.374016 0.049213 0.484252,
        0.393701 -1.289370 0.484252,
        0.393701 0.049213 0.484252,
        0.039370 -1.368110 0.562992,
        -0.039370 -1.368110 0.562992,
        0.196850 -1.368110 0.562992,
        0.216535 -1.368110 0.562992,
        1.122047 -1.339640 0.534521,
        0.964567 -1.368110 0.562992,
        0.551181 -1.368110 0.562992,
        0.393701 -1.368110 0.562992,
        0.374016 -1.368110 0.562992,
        1.122047 -1.339640 0.562992,
        1.050870 -1.368110 0.562992,
        -0.677014 1.525591 0.898681,
        -0.283313 1.131890 1.125984,
        -0.677014 1.131890 0.898681,
        0.866142 1.525591 1.125984,
        0.866142 1.131890 1.125984,
        0.283313 1.131890 1.125984,
        -0.866142 1.525591 1.125984,
        -0.866142 1.131890 1.125984,
        -1.182087 0.952813 0.000000,
        -1.160722 0.943963 0.000000,
        -1.075158 0.966890 0.000000,
        -1.061080 0.985236 0.000000,
        -1.160722 1.115092 0.000000,
        -1.182087 1.106243 0.000000,
        -1.200433 1.092165 0.000000,
        -1.214510 1.073819 0.000000,
        -1.223359 1.052454 0.000000,
        -1.226378 1.029528 0.000000,
        -1.223359 1.006601 0.000000,
        -1.214510 0.985236 0.000000,
        -1.200433 0.966890 0.000000,
        -1.137795 0.940945 0.000000,
        -1.114869 0.943963 0.000000,
        -1.093504 0.952813 0.000000,
        1.214510 1.073819 -0.000000,
        1.200433 1.092165 -0.000000,
        1.182087 1.106243 -0.000000,
        1.160722 1.115092 0.000000,
        -1.075158 1.092165 0.000000,
        -1.093504 1.106243 0.000000,
        -1.114869 1.115092 0.000000,
        -1.137795 1.118110 0.000000,
        1.226378 1.029528 -0.000000,
        1.223359 1.052454 -0.000000,
        -1.052231 1.052454 0.000000,
        -1.061080 1.073819 0.000000,
        1.052231 1.052454 0.000000,
        1.061080 1.073819 0.000000,
        1.075158 1.092165 0.000000,
        -1.049213 1.029528 0.000000,
        1.049213 1.029528 0.000000,
        -1.052231 1.006601 0.000000,
        1.052231 1.006601 0.000000,
        1.061080 0.985236 0.000000,
        1.075158 0.966890 0.000000,
        1.200433 0.966890 -0.000000,
        1.182087 0.952813 -0.000000,
        1.160722 0.943963 0.000000,
        1.214510 0.985236 -0.000000,
        1.223359 1.006601 -0.000000,
        1.093504 0.952813 0.000000,
        1.114869 0.943963 0.000000,
        1.137795 0.940945 0.000000,
        1.137795 1.118110 0.000000,
        1.114869 1.115092 0.000000,
        1.093504 1.106243 0.000000,
        -0.866142 1.525591 0.875353,
        -0.677014 1.525591 0.875353,
        0.677014 1.525591 0.898681,
        0.677014 1.525591 0.875353,
        0.866142 1.525591 0.875353,
        0.677014 1.131890 0.898681,
        0.866142 1.131890 0.875353,
        0.677014 1.131890 0.875353,
        -0.677014 1.131890 0.875353,
        -0.866142 1.131890 0.875353,
        -1.223359 1.006601 -0.196850,
        -1.214510 0.985236 -0.196850,
        -1.200433 0.966890 -0.196850,
        -1.182087 0.952813 -0.196850,
        -1.160722 0.943963 -0.196850,
        -1.137795 0.940945 -0.196850,
        -1.114869 0.943963 -0.196850,
        -1.093504 0.952813 -0.196850,
        -1.075158 0.966890 -0.196850,
        -1.061080 0.985236 -0.196850,
        -1.052231 1.006601 -0.196850,
        -1.049213 1.029528 -0.196850,
        -1.052231 1.052454 -0.196850,
        -1.061080 1.073819 -0.196850,
        -1.075158 1.092165 -0.196850,
        -1.093504 1.106243 -0.196850,
        -1.114869 1.115092 -0.196850,
        -1.137795 1.118110 -0.196850,
        -1.160722 1.115092 -0.196850,
        -1.182087 1.106243 -0.196850,
        -1.200433 1.092165 -0.196850,
        -1.214510 1.073819 -0.196850,
        -1.223359 1.052454 -0.196850,
        -1.226378 1.029528 -0.196850,
        -1.095176 1.054134 -0.236220,
        -1.090259 1.042265 -0.236220,
        -1.137795 1.029528 -0.236220,
        -1.088583 1.029528 -0.236220,
        -1.090259 1.016791 -0.236220,
        -1.125058 1.077063 -0.236220,
        -1.113189 1.072147 -0.236220,
        -1.102997 1.064326 -0.236220,
        -1.162402 1.072147 -0.236220,
        -1.150532 1.077063 -0.236220,
        -1.137795 1.078740 -0.236220,
        -1.185331 1.042265 -0.236220,
        -1.180415 1.054134 -0.236220,
        -1.172594 1.064326 -0.236220,
        -1.180415 1.004921 -0.236220,
        -1.185331 1.016791 -0.236220,
        -1.187008 1.029528 -0.236220,
        -1.150532 0.981992 -0.236220,
        -1.162402 0.986908 -0.236220,
        -1.172594 0.994729 -0.236220,
        -1.113189 0.986908 -0.236220,
        -1.125058 0.981992 -0.236220,
        -1.137795 0.980315 -0.236220,
        -1.095176 1.004921 -0.236220,
        -1.102997 0.994729 -0.236220,
        1.052231 1.006601 -0.196850,
        1.061080 0.985236 -0.196850,
        1.075158 0.966890 -0.196850,
        1.093504 0.952813 -0.196850,
        1.114869 0.943963 -0.196850,
        1.137795 0.940945 -0.196850,
        1.160722 0.943963 -0.196850,
        1.182087 0.952813 -0.196850,
        1.200433 0.966890 -0.196850,
        1.214510 0.985236 -0.196850,
        1.223359 1.006601 -0.196850,
        1.226378 1.029528 -0.196850,
        1.223359 1.052454 -0.196850,
        1.214510 1.073819 -0.196850,
        1.200433 1.092165 -0.196850,
        1.182087 1.106243 -0.196850,
        1.160722 1.115092 -0.196850,
        1.137795 1.118110 -0.196850,
        1.114869 1.115092 -0.196850,
        1.093504 1.106243 -0.196850,
        1.075158 1.092165 -0.196850,
        1.061080 1.073819 -0.196850,
        1.052231 1.052454 -0.196850,
        1.049213 1.029528 -0.196850,
        1.095176 1.004921 -0.236220,
        1.090259 1.016791 -0.236220,
        1.137795 1.029528 -0.236220,
        1.088583 1.029528 -0.236220,
        1.090259 1.042265 -0.236220,
        1.125058 0.981992 -0.236220,
        1.113189 0.986908 -0.236220,
        1.102997 0.994729 -0.236220,
        1.162402 0.986908 -0.236220,
        1.150532 0.981992 -0.236220,
        1.137795 0.980315 -0.236220,
        1.185331 1.016791 -0.236220,
        1.180415 1.004921 -0.236220,
        1.172594 0.994729 -0.236220,
        1.180415 1.054134 -0.236220,
        1.185331 1.042265 -0.236220,
        1.187008 1.029528 -0.236220,
        1.150532 1.077063 -0.236220,
        1.162402 1.072147 -0.236220,
        1.172594 1.064326 -0.236220,
        1.113189 1.072147 -0.236220,
        1.125058 1.077063 -0.236220,
        1.137795 1.078740 -0.236220,
        1.095176 1.054134 -0.236220,
        1.102997 1.064326 -0.236220,
        -0.039370 0.049213 0.562992,
        -0.196850 0.049213 0.562992,
        1.122047 0.049213 0.562992,
        0.964567 0.049213 0.562992,
        -0.551181 0.049213 0.562992,
        -0.393701 0.049213 0.562992,
        -0.374016 0.049213 0.562992,
        -0.216535 0.049213 0.562992,
        0.216535 0.049213 0.562992,
        0.374016 0.049213 0.562992,
        0.393701 0.049213 0.562992,
        0.551181 0.049213 0.562992,
        0.196850 0.049213 0.562992,
        0.039370 0.049213 0.562992,
        -0.964567 0.049213 0.562992,
        -1.122047 0.049213 0.562992,
      ]
    }
    coordIndex [
      114, 115, 56, -1,
      56, 115, 113, -1,
      56, 113, 57, -1,
      111, 110, 115, -1,
      115, 110, 113, -1,
      115, 114, 111, -1,
      111, 114, 112, -1,
      112, 114, 55, -1,
      55, 114, 56, -1,
      116, 117, 54, -1,
      54, 117, 59, -1,
      54, 59, 53, -1,
      116, 54, 109, -1,
      109, 54, 52, -1,
      108, 117, 109, -1,
      109, 117, 116, -1,
      117, 108, 59, -1,
      59, 108, 58, -1,
      69, 118, 70, -1,
      70, 118, 119, -1,
      70, 119, 71, -1,
      71, 119, 120, -1,
      71, 120, 72, -1,
      72, 120, 121, -1,
      72, 121, 60, -1,
      60, 121, 122, -1,
      60, 122, 61, -1,
      61, 122, 123, -1,
      61, 123, 73, -1,
      73, 123, 124, -1,
      73, 124, 74, -1,
      74, 124, 125, -1,
      74, 125, 75, -1,
      75, 125, 126, -1,
      75, 126, 62, -1,
      62, 126, 127, -1,
      62, 127, 63, -1,
      63, 127, 128, -1,
      63, 128, 93, -1,
      93, 128, 129, -1,
      93, 129, 91, -1,
      91, 129, 130, -1,
      91, 130, 86, -1,
      86, 130, 131, -1,
      86, 131, 87, -1,
      87, 131, 132, -1,
      87, 132, 80, -1,
      80, 132, 133, -1,
      80, 133, 81, -1,
      81, 133, 134, -1,
      81, 134, 82, -1,
      82, 134, 135, -1,
      82, 135, 83, -1,
      83, 135, 136, -1,
      83, 136, 64, -1,
      64, 136, 137, -1,
      64, 137, 65, -1,
      65, 137, 138, -1,
      65, 138, 66, -1,
      66, 138, 139, -1,
      66, 139, 67, -1,
      67, 139, 140, -1,
      67, 140, 68, -1,
      68, 140, 141, -1,
      68, 141, 69, -1,
      69, 141, 118, -1,
      142, 143, 144, -1,
      144, 143, 145, -1,
      144, 145, 146, -1,
      147, 148, 144, -1,
      144, 148, 149, -1,
      144, 149, 142, -1,
      150, 151, 144, -1,
      144, 151, 152, -1,
      144, 152, 147, -1,
      153, 154, 144, -1,
      144, 154, 155, -1,
      144, 155, 150, -1,
      156, 157, 144, -1,
      144, 157, 158, -1,
      144, 158, 153, -1,
      159, 160, 144, -1,
      144, 160, 161, -1,
      144, 161, 156, -1,
      162, 163, 144, -1,
      144, 163, 164, -1,
      144, 164, 159, -1,
      146, 165, 144, -1,
      144, 165, 166, -1,
      144, 166, 162, -1,
      92, 167, 94, -1,
      94, 167, 168, -1,
      94, 168, 95, -1,
      95, 168, 169, -1,
      95, 169, 96, -1,
      96, 169, 170, -1,
      96, 170, 102, -1,
      102, 170, 171, -1,
      102, 171, 103, -1,
      103, 171, 172, -1,
      103, 172, 104, -1,
      104, 172, 173, -1,
      104, 173, 99, -1,
      99, 173, 174, -1,
      99, 174, 98, -1,
      98, 174, 175, -1,
      98, 175, 97, -1,
      97, 175, 176, -1,
      97, 176, 100, -1,
      100, 176, 177, -1,
      100, 177, 101, -1,
      101, 177, 178, -1,
      101, 178, 84, -1,
      84, 178, 179, -1,
      84, 179, 85, -1,
      85, 179, 180, -1,
      85, 180, 76, -1,
      76, 180, 181, -1,
      76, 181, 77, -1,
      77, 181, 182, -1,
      77, 182, 78, -1,
      78, 182, 183, -1,
      78, 183, 79, -1,
      79, 183, 184, -1,
      79, 184, 105, -1,
      105, 184, 185, -1,
      105, 185, 106, -1,
      106, 185, 186, -1,
      106, 186, 107, -1,
      107, 186, 187, -1,
      107, 187, 90, -1,
      90, 187, 188, -1,
      90, 188, 89, -1,
      89, 188, 189, -1,
      89, 189, 88, -1,
      88, 189, 190, -1,
      88, 190, 92, -1,
      92, 190, 167, -1,
      191, 192, 193, -1,
      193, 192, 194, -1,
      193, 194, 195, -1,
      196, 197, 193, -1,
      193, 197, 198, -1,
      193, 198, 191, -1,
      199, 200, 193, -1,
      193, 200, 201, -1,
      193, 201, 196, -1,
      202, 203, 193, -1,
      193, 203, 204, -1,
      193, 204, 199, -1,
      205, 206, 193, -1,
      193, 206, 207, -1,
      193, 207, 202, -1,
      208, 209, 193, -1,
      193, 209, 210, -1,
      193, 210, 205, -1,
      211, 212, 193, -1,
      193, 212, 213, -1,
      193, 213, 208, -1,
      195, 214, 193, -1,
      193, 214, 215, -1,
      193, 215, 211, -1,
      141, 157, 118, -1,
      118, 157, 156, -1,
      118, 156, 119, -1,
      119, 156, 161, -1,
      119, 161, 120, -1,
      120, 161, 160, -1,
      120, 160, 121, -1,
      121, 160, 159, -1,
      121, 159, 122, -1,
      122, 159, 164, -1,
      122, 164, 123, -1,
      123, 164, 163, -1,
      123, 163, 124, -1,
      124, 163, 162, -1,
      124, 162, 125, -1,
      125, 162, 166, -1,
      125, 166, 126, -1,
      126, 166, 165, -1,
      126, 165, 127, -1,
      127, 165, 146, -1,
      127, 146, 128, -1,
      128, 146, 145, -1,
      128, 145, 129, -1,
      129, 145, 143, -1,
      129, 143, 130, -1,
      130, 143, 142, -1,
      130, 142, 131, -1,
      131, 142, 149, -1,
      131, 149, 132, -1,
      132, 149, 148, -1,
      132, 148, 133, -1,
      133, 148, 147, -1,
      133, 147, 134, -1,
      134, 147, 152, -1,
      134, 152, 135, -1,
      135, 152, 151, -1,
      135, 151, 136, -1,
      136, 151, 150, -1,
      136, 150, 137, -1,
      137, 150, 155, -1,
      137, 155, 138, -1,
      138, 155, 154, -1,
      138, 154, 139, -1,
      139, 154, 153, -1,
      139, 153, 140, -1,
      140, 153, 158, -1,
      140, 158, 141, -1,
      141, 158, 157, -1,
      190, 192, 167, -1,
      167, 192, 191, -1,
      167, 191, 168, -1,
      168, 191, 198, -1,
      168, 198, 169, -1,
      169, 198, 197, -1,
      169, 197, 170, -1,
      170, 197, 196, -1,
      170, 196, 171, -1,
      171, 196, 201, -1,
      171, 201, 172, -1,
      172, 201, 200, -1,
      172, 200, 173, -1,
      173, 200, 199, -1,
      173, 199, 174, -1,
      174, 199, 204, -1,
      174, 204, 175, -1,
      175, 204, 203, -1,
      175, 203, 176, -1,
      176, 203, 202, -1,
      176, 202, 177, -1,
      177, 202, 207, -1,
      177, 207, 178, -1,
      178, 207, 206, -1,
      178, 206, 179, -1,
      179, 206, 205, -1,
      179, 205, 180, -1,
      180, 205, 210, -1,
      180, 210, 181, -1,
      181, 210, 209, -1,
      181, 209, 182, -1,
      182, 209, 208, -1,
      182, 208, 183, -1,
      183, 208, 213, -1,
      183, 213, 184, -1,
      184, 213, 212, -1,
      184, 212, 185, -1,
      185, 212, 211, -1,
      185, 211, 186, -1,
      186, 211, 215, -1,
      186, 215, 187, -1,
      187, 215, 214, -1,
      187, 214, 188, -1,
      188, 214, 195, -1,
      188, 195, 189, -1,
      189, 195, 194, -1,
      189, 194, 190, -1,
      190, 194, 192, -1,
      216, 24, 42, -1,
      42, 24, 23, -1,
      11, 10, 20, -1,
      20, 10, 217, -1,
      216, 217, 24, -1,
      24, 217, 10, -1,
      42, 20, 216, -1,
      216, 20, 217, -1,
      218, 31, 50, -1,
      50, 31, 32, -1,
      50, 32, 45, -1,
      46, 219, 51, -1,
      51, 219, 218, -1,
      51, 218, 50, -1,
      219, 46, 36, -1,
      36, 46, 35, -1,
      218, 219, 31, -1,
      31, 219, 36, -1,
      220, 221, 15, -1,
      15, 221, 18, -1,
      220, 15, 0, -1,
      0, 15, 1, -1,
      7, 6, 221, -1,
      221, 6, 18, -1,
      0, 7, 220, -1,
      220, 7, 221, -1,
      222, 223, 17, -1,
      17, 223, 19, -1,
      222, 17, 9, -1,
      9, 17, 8, -1,
      12, 13, 223, -1,
      223, 13, 19, -1,
      9, 12, 222, -1,
      222, 12, 223, -1,
      224, 44, 27, -1,
      27, 44, 28, -1,
      38, 37, 225, -1,
      225, 37, 49, -1,
      225, 49, 224, -1,
      224, 49, 44, -1,
      38, 225, 27, -1,
      27, 225, 224, -1,
      226, 48, 40, -1,
      40, 48, 39, -1,
      34, 33, 227, -1,
      227, 33, 47, -1,
      227, 47, 226, -1,
      226, 47, 48, -1,
      34, 227, 40, -1,
      40, 227, 226, -1,
      228, 43, 229, -1,
      229, 43, 41, -1,
      229, 41, 26, -1,
      26, 41, 25, -1,
      29, 30, 228, -1,
      228, 30, 43, -1,
      26, 29, 229, -1,
      229, 29, 228, -1,
      2, 3, 230, -1,
      230, 3, 14, -1,
      21, 231, 22, -1,
      22, 231, 230, -1,
      22, 230, 14, -1,
      5, 231, 4, -1,
      4, 231, 21, -1,
      4, 21, 16, -1,
      231, 5, 230, -1,
      230, 5, 2, -1,
    ]
  }
}

Shape {
  appearance Appearance {
    material Material {
      diffuseColor 1.0000 1.0000 0.5020
      specularColor 0.5020 0.5020 0.2510
      ambientIntensity 0.2
      transparency 0.0000
      shininess 0.5
    }
  }
  geometry IndexedFaceSet {
    ccw TRUE
    solid FALSE
    coord DEF co Coordinate {
      point [
        -0.854331 1.482283 -0.000000,
        -0.854331 1.482283 -0.003937,
        -0.933071 1.482283 -0.000000,
        -0.933071 1.482283 -0.003937,
        -0.854331 1.446850 -0.000000,
        -0.933071 1.446850 -0.000000,
        -0.854331 1.446850 -0.019685,
        -0.933071 1.446850 -0.019685,
        -0.933071 1.447344 -0.024065,
        -0.854331 1.447344 -0.024065,
        -0.933071 1.448800 -0.028226,
        -0.854331 1.448800 -0.028226,
        -0.933071 1.451145 -0.031958,
        -0.854331 1.451145 -0.031958,
        -0.933071 1.454262 -0.035076,
        -0.854331 1.454262 -0.035076,
        -0.933071 1.457994 -0.037420,
        -0.854331 1.457994 -0.037420,
        -0.933071 1.462155 -0.038876,
        -0.854331 1.462155 -0.038876,
        -0.933071 1.466535 -0.039370,
        -0.854331 1.466535 -0.039370,
        -0.854331 1.627953 -0.039370,
        -0.933071 1.627953 -0.039370,
        -0.854331 1.627953 -0.003937,
        -0.933071 1.627953 -0.003937,
        -0.413386 0.049213 0.523622,
        -0.413386 0.049213 0.484252,
        -0.531496 0.049213 0.523622,
        -0.531496 0.049213 0.484252,
        -0.413386 -1.269685 0.523622,
        -0.531496 -1.269685 0.523622,
        -0.413386 -1.269685 0.484252,
        -0.531496 -1.269685 0.484252,
        0.854331 1.482283 -0.003937,
        0.854331 1.482283 -0.000000,
        0.933071 1.482283 -0.003937,
        0.933071 1.482283 -0.000000,
        0.854331 1.446850 -0.000000,
        0.933071 1.446850 -0.000000,
        0.854331 1.446850 -0.019685,
        0.933071 1.446850 -0.019685,
        0.854331 1.466535 -0.039370,
        0.933071 1.466535 -0.039370,
        0.933071 1.462155 -0.038876,
        0.854331 1.462155 -0.038876,
        0.933071 1.457994 -0.037420,
        0.854331 1.457994 -0.037420,
        0.933071 1.454262 -0.035076,
        0.854331 1.454262 -0.035076,
        0.933071 1.451145 -0.031958,
        0.854331 1.451145 -0.031958,
        0.933071 1.448800 -0.028226,
        0.854331 1.448800 -0.028226,
        0.933071 1.447344 -0.024065,
        0.854331 1.447344 -0.024065,
        0.854331 1.627953 -0.039370,
        0.933071 1.627953 -0.039370,
        0.854331 1.627953 -0.003937,
        0.933071 1.627953 -0.003937,
        0.177165 0.049213 0.484252,
        0.059055 0.049213 0.484252,
        0.177165 0.049213 0.523622,
        0.059055 0.049213 0.523622,
        0.177165 -1.269685 0.484252,
        0.177165 -1.269685 0.523622,
        0.059055 -1.269685 0.484252,
        0.059055 -1.269685 0.523622,
        0.137795 1.482283 -0.003937,
        0.137795 1.627953 -0.003937,
        0.059055 1.482283 -0.003937,
        0.059055 1.627953 -0.003937,
        0.137795 1.627953 -0.039370,
        0.059055 1.627953 -0.039370,
        0.137795 1.466535 -0.039370,
        0.059055 1.466535 -0.039370,
        0.137795 1.446850 -0.019685,
        0.059055 1.446850 -0.019685,
        0.059055 1.447344 -0.024065,
        0.137795 1.447344 -0.024065,
        0.059055 1.448800 -0.028226,
        0.137795 1.448800 -0.028226,
        0.059055 1.451145 -0.031958,
        0.137795 1.451145 -0.031958,
        0.059055 1.454262 -0.035076,
        0.137795 1.454262 -0.035076,
        0.059055 1.457994 -0.037420,
        0.137795 1.457994 -0.037420,
        0.059055 1.462155 -0.038876,
        0.137795 1.462155 -0.038876,
        0.137795 1.446850 0.000000,
        0.059055 1.446850 0.000000,
        0.137795 1.482283 0.000000,
        0.059055 1.482283 0.000000,
        0.984252 0.049213 0.523622,
        1.102362 0.049213 0.523622,
        0.984252 0.049213 0.484252,
        1.102362 0.049213 0.484252,
        0.984252 -1.269685 0.523622,
        0.984252 -1.269685 0.484252,
        1.102362 -1.269685 0.523622,
        1.102362 -1.269685 0.484252,
        -0.137795 1.627953 -0.003937,
        -0.137795 1.482283 -0.003937,
        -0.059055 1.627953 -0.003937,
        -0.059055 1.482283 -0.003937,
        -0.137795 1.627953 -0.039370,
        -0.059055 1.627953 -0.039370,
        -0.137795 1.466535 -0.039370,
        -0.059055 1.466535 -0.039370,
        -0.059055 1.462155 -0.038876,
        -0.137795 1.462155 -0.038876,
        -0.059055 1.457994 -0.037420,
        -0.137795 1.457994 -0.037420,
        -0.059055 1.454262 -0.035076,
        -0.137795 1.454262 -0.035076,
        -0.059055 1.451145 -0.031958,
        -0.137795 1.451145 -0.031958,
        -0.059055 1.448800 -0.028226,
        -0.137795 1.448800 -0.028226,
        -0.059055 1.447344 -0.024065,
        -0.137795 1.447344 -0.024065,
        -0.059055 1.446850 -0.019685,
        -0.137795 1.446850 -0.019685,
        -0.137795 1.446850 0.000000,
        -0.059055 1.446850 0.000000,
        -0.137795 1.482283 0.000000,
        -0.059055 1.482283 0.000000,
        -0.177165 -1.210630 0.720472,
        -0.177165 0.049213 0.720472,
        -0.059055 -1.210630 0.720472,
        -0.059055 0.049213 0.720472,
        -0.059055 0.049213 0.759843,
        -0.177165 0.049213 0.759843,
        -0.059055 -1.210630 0.759843,
        -0.177165 -1.210630 0.759843,
        -1.248031 1.482283 -0.000000,
        -1.248031 1.446850 -0.000000,
        -1.169291 1.482283 -0.000000,
        -1.169291 1.446850 -0.000000,
        -1.248031 1.482283 -0.003937,
        -1.169291 1.482283 -0.003937,
        -1.248031 1.627953 -0.003937,
        -1.169291 1.627953 -0.003937,
        -1.248031 1.627953 -0.039370,
        -1.169291 1.627953 -0.039370,
        -1.248031 1.466535 -0.039370,
        -1.169291 1.466535 -0.039370,
        -1.169291 1.462155 -0.038876,
        -1.248031 1.462155 -0.038876,
        -1.169291 1.457994 -0.037420,
        -1.248031 1.457994 -0.037420,
        -1.169291 1.454262 -0.035076,
        -1.248031 1.454262 -0.035076,
        -1.169291 1.451145 -0.031958,
        -1.248031 1.451145 -0.031958,
        -1.169291 1.448800 -0.028226,
        -1.248031 1.448800 -0.028226,
        -1.169291 1.447344 -0.024065,
        -1.248031 1.447344 -0.024065,
        -1.169291 1.446850 -0.019685,
        -1.248031 1.446850 -0.019685,
        1.342520 1.446850 -0.000000,
        1.342520 1.482283 -0.000000,
        1.263780 1.446850 -0.000000,
        1.263780 1.482283 -0.000000,
        1.342520 1.482283 -0.003937,
        1.263780 1.482283 -0.003937,
        1.342520 1.627953 -0.003937,
        1.263780 1.627953 -0.003937,
        1.342520 1.627953 -0.039370,
        1.263780 1.627953 -0.039370,
        1.342520 1.466535 -0.039370,
        1.263780 1.466535 -0.039370,
        1.342520 1.446850 -0.019685,
        1.263780 1.446850 -0.019685,
        1.263780 1.447344 -0.024065,
        1.342520 1.447344 -0.024065,
        1.263780 1.448800 -0.028226,
        1.342520 1.448800 -0.028226,
        1.263780 1.451145 -0.031958,
        1.342520 1.451145 -0.031958,
        1.263780 1.454262 -0.035076,
        1.342520 1.454262 -0.035076,
        1.263780 1.457994 -0.037420,
        1.342520 1.457994 -0.037420,
        1.263780 1.462155 -0.038876,
        1.342520 1.462155 -0.038876,
        0.728346 1.482283 -0.003937,
        0.728346 1.627953 -0.003937,
        0.649606 1.482283 -0.003937,
        0.649606 1.627953 -0.003937,
        0.728346 1.627953 -0.039370,
        0.649606 1.627953 -0.039370,
        0.728346 1.466535 -0.039370,
        0.649606 1.466535 -0.039370,
        0.728346 1.446850 -0.019685,
        0.649606 1.446850 -0.019685,
        0.649606 1.447344 -0.024065,
        0.728346 1.447344 -0.024065,
        0.649606 1.448800 -0.028226,
        0.728346 1.448800 -0.028226,
        0.649606 1.451145 -0.031958,
        0.728346 1.451145 -0.031958,
        0.649606 1.454262 -0.035076,
        0.728346 1.454262 -0.035076,
        0.649606 1.457994 -0.037420,
        0.728346 1.457994 -0.037420,
        0.649606 1.462155 -0.038876,
        0.728346 1.462155 -0.038876,
        0.728346 1.446850 -0.000000,
        0.649606 1.446850 -0.000000,
        0.728346 1.482283 -0.000000,
        0.649606 1.482283 -0.000000,
      ]
    }
    coordIndex [
      0, 1, 2, -1,
      2, 1, 3, -1,
      4, 0, 5, -1,
      5, 0, 2, -1,
      6, 4, 7, -1,
      7, 4, 5, -1,
      6, 7, 8, -1,
      6, 8, 9, -1,
      9, 8, 10, -1,
      9, 10, 11, -1,
      11, 10, 12, -1,
      11, 12, 13, -1,
      13, 12, 14, -1,
      13, 14, 15, -1,
      15, 14, 16, -1,
      15, 16, 17, -1,
      17, 16, 18, -1,
      17, 18, 19, -1,
      19, 18, 20, -1,
      19, 20, 21, -1,
      22, 21, 23, -1,
      23, 21, 20, -1,
      24, 22, 25, -1,
      25, 22, 23, -1,
      1, 24, 3, -1,
      3, 24, 25, -1,
      22, 24, 21, -1,
      21, 24, 1, -1,
      0, 4, 1, -1,
      1, 4, 6, -1,
      1, 6, 9, -1,
      15, 17, 1, -1,
      1, 17, 19, -1,
      1, 19, 21, -1,
      9, 11, 1, -1,
      1, 11, 13, -1,
      1, 13, 15, -1,
      5, 2, 7, -1,
      7, 2, 3, -1,
      25, 23, 3, -1,
      3, 23, 20, -1,
      3, 20, 18, -1,
      18, 16, 3, -1,
      3, 16, 14, -1,
      3, 14, 12, -1,
      12, 10, 3, -1,
      3, 10, 8, -1,
      3, 8, 7, -1,
      26, 27, 28, -1,
      28, 27, 29, -1,
      30, 26, 31, -1,
      31, 26, 28, -1,
      32, 27, 30, -1,
      30, 27, 26, -1,
      33, 29, 32, -1,
      32, 29, 27, -1,
      31, 28, 33, -1,
      33, 28, 29, -1,
      30, 31, 32, -1,
      32, 31, 33, -1,
      34, 35, 36, -1,
      36, 35, 37, -1,
      35, 38, 37, -1,
      37, 38, 39, -1,
      38, 40, 39, -1,
      39, 40, 41, -1,
      42, 43, 44, -1,
      42, 44, 45, -1,
      45, 44, 46, -1,
      45, 46, 47, -1,
      47, 46, 48, -1,
      47, 48, 49, -1,
      49, 48, 50, -1,
      49, 50, 51, -1,
      51, 50, 52, -1,
      51, 52, 53, -1,
      53, 52, 54, -1,
      53, 54, 55, -1,
      55, 54, 41, -1,
      55, 41, 40, -1,
      42, 56, 43, -1,
      43, 56, 57, -1,
      56, 58, 57, -1,
      57, 58, 59, -1,
      58, 34, 59, -1,
      59, 34, 36, -1,
      38, 35, 40, -1,
      40, 35, 34, -1,
      58, 56, 34, -1,
      34, 56, 42, -1,
      34, 49, 51, -1,
      42, 45, 34, -1,
      34, 45, 47, -1,
      34, 47, 49, -1,
      51, 53, 34, -1,
      34, 53, 55, -1,
      34, 55, 40, -1,
      36, 48, 46, -1,
      37, 39, 36, -1,
      36, 39, 41, -1,
      36, 41, 54, -1,
      57, 59, 43, -1,
      43, 59, 36, -1,
      43, 36, 44, -1,
      44, 36, 46, -1,
      54, 52, 36, -1,
      36, 52, 50, -1,
      36, 50, 48, -1,
      60, 61, 62, -1,
      62, 61, 63, -1,
      64, 60, 65, -1,
      65, 60, 62, -1,
      66, 61, 64, -1,
      64, 61, 60, -1,
      67, 63, 66, -1,
      66, 63, 61, -1,
      65, 62, 67, -1,
      67, 62, 63, -1,
      64, 65, 66, -1,
      66, 65, 67, -1,
      68, 69, 70, -1,
      70, 69, 71, -1,
      69, 72, 71, -1,
      71, 72, 73, -1,
      72, 74, 73, -1,
      73, 74, 75, -1,
      76, 77, 78, -1,
      76, 78, 79, -1,
      79, 78, 80, -1,
      79, 80, 81, -1,
      81, 80, 82, -1,
      81, 82, 83, -1,
      83, 82, 84, -1,
      83, 84, 85, -1,
      85, 84, 86, -1,
      85, 86, 87, -1,
      87, 86, 88, -1,
      87, 88, 89, -1,
      89, 88, 75, -1,
      89, 75, 74, -1,
      76, 90, 77, -1,
      77, 90, 91, -1,
      90, 92, 91, -1,
      91, 92, 93, -1,
      92, 68, 93, -1,
      93, 68, 70, -1,
      72, 69, 74, -1,
      74, 69, 68, -1,
      92, 90, 68, -1,
      68, 90, 76, -1,
      68, 76, 79, -1,
      85, 87, 68, -1,
      68, 87, 89, -1,
      68, 89, 74, -1,
      79, 81, 68, -1,
      68, 81, 83, -1,
      68, 83, 85, -1,
      91, 93, 77, -1,
      77, 93, 70, -1,
      82, 80, 70, -1,
      70, 80, 78, -1,
      70, 78, 77, -1,
      71, 73, 70, -1,
      70, 73, 75, -1,
      70, 75, 88, -1,
      88, 86, 70, -1,
      70, 86, 84, -1,
      70, 84, 82, -1,
      94, 95, 96, -1,
      96, 95, 97, -1,
      98, 94, 99, -1,
      99, 94, 96, -1,
      100, 95, 98, -1,
      98, 95, 94, -1,
      101, 97, 100, -1,
      100, 97, 95, -1,
      99, 96, 101, -1,
      101, 96, 97, -1,
      98, 99, 100, -1,
      100, 99, 101, -1,
      102, 103, 104, -1,
      104, 103, 105, -1,
      106, 102, 107, -1,
      107, 102, 104, -1,
      108, 106, 109, -1,
      109, 106, 107, -1,
      108, 109, 110, -1,
      108, 110, 111, -1,
      111, 110, 112, -1,
      111, 112, 113, -1,
      113, 112, 114, -1,
      113, 114, 115, -1,
      115, 114, 116, -1,
      115, 116, 117, -1,
      117, 116, 118, -1,
      117, 118, 119, -1,
      119, 118, 120, -1,
      119, 120, 121, -1,
      121, 120, 122, -1,
      121, 122, 123, -1,
      124, 123, 125, -1,
      125, 123, 122, -1,
      126, 124, 127, -1,
      127, 124, 125, -1,
      103, 126, 105, -1,
      105, 126, 127, -1,
      124, 126, 123, -1,
      123, 126, 103, -1,
      102, 106, 103, -1,
      103, 106, 108, -1,
      103, 108, 111, -1,
      111, 113, 103, -1,
      103, 113, 115, -1,
      103, 115, 117, -1,
      117, 119, 103, -1,
      103, 119, 121, -1,
      103, 121, 123, -1,
      105, 114, 112, -1,
      127, 125, 105, -1,
      105, 125, 122, -1,
      105, 122, 120, -1,
      107, 104, 109, -1,
      109, 104, 105, -1,
      109, 105, 110, -1,
      110, 105, 112, -1,
      120, 118, 105, -1,
      105, 118, 116, -1,
      105, 116, 114, -1,
      128, 129, 130, -1,
      130, 129, 131, -1,
      132, 133, 134, -1,
      134, 133, 135, -1,
      129, 133, 131, -1,
      131, 133, 132, -1,
      135, 133, 128, -1,
      128, 133, 129, -1,
      131, 132, 130, -1,
      130, 132, 134, -1,
      135, 128, 134, -1,
      134, 128, 130, -1,
      136, 137, 138, -1,
      138, 137, 139, -1,
      140, 136, 141, -1,
      141, 136, 138, -1,
      142, 140, 143, -1,
      143, 140, 141, -1,
      144, 142, 145, -1,
      145, 142, 143, -1,
      146, 144, 147, -1,
      147, 144, 145, -1,
      146, 147, 148, -1,
      146, 148, 149, -1,
      149, 148, 150, -1,
      149, 150, 151, -1,
      151, 150, 152, -1,
      151, 152, 153, -1,
      153, 152, 154, -1,
      153, 154, 155, -1,
      155, 154, 156, -1,
      155, 156, 157, -1,
      157, 156, 158, -1,
      157, 158, 159, -1,
      159, 158, 160, -1,
      159, 160, 161, -1,
      137, 161, 139, -1,
      139, 161, 160, -1,
      137, 136, 161, -1,
      161, 136, 140, -1,
      142, 144, 140, -1,
      140, 144, 146, -1,
      140, 146, 149, -1,
      149, 151, 140, -1,
      140, 151, 153, -1,
      140, 153, 155, -1,
      155, 157, 140, -1,
      140, 157, 159, -1,
      140, 159, 161, -1,
      145, 143, 147, -1,
      147, 143, 141, -1,
      138, 139, 141, -1,
      141, 139, 160, -1,
      141, 160, 158, -1,
      152, 150, 141, -1,
      141, 150, 148, -1,
      141, 148, 147, -1,
      158, 156, 141, -1,
      141, 156, 154, -1,
      141, 154, 152, -1,
      162, 163, 164, -1,
      164, 163, 165, -1,
      163, 166, 165, -1,
      165, 166, 167, -1,
      166, 168, 167, -1,
      167, 168, 169, -1,
      168, 170, 169, -1,
      169, 170, 171, -1,
      170, 172, 171, -1,
      171, 172, 173, -1,
      174, 175, 176, -1,
      174, 176, 177, -1,
      177, 176, 178, -1,
      177, 178, 179, -1,
      179, 178, 180, -1,
      179, 180, 181, -1,
      181, 180, 182, -1,
      181, 182, 183, -1,
      183, 182, 184, -1,
      183, 184, 185, -1,
      185, 184, 186, -1,
      185, 186, 187, -1,
      187, 186, 173, -1,
      187, 173, 172, -1,
      174, 162, 175, -1,
      175, 162, 164, -1,
      166, 183, 185, -1,
      163, 162, 166, -1,
      166, 162, 174, -1,
      166, 174, 177, -1,
      170, 168, 172, -1,
      172, 168, 166, -1,
      172, 166, 187, -1,
      187, 166, 185, -1,
      177, 179, 166, -1,
      166, 179, 181, -1,
      166, 181, 183, -1,
      164, 165, 175, -1,
      175, 165, 167, -1,
      169, 171, 167, -1,
      167, 171, 173, -1,
      167, 173, 186, -1,
      186, 184, 167, -1,
      167, 184, 182, -1,
      167, 182, 180, -1,
      180, 178, 167, -1,
      167, 178, 176, -1,
      167, 176, 175, -1,
      188, 189, 190, -1,
      190, 189, 191, -1,
      189, 192, 191, -1,
      191, 192, 193, -1,
      192, 194, 193, -1,
      193, 194, 195, -1,
      196, 197, 198, -1,
      196, 198, 199, -1,
      199, 198, 200, -1,
      199, 200, 201, -1,
      201, 200, 202, -1,
      201, 202, 203, -1,
      203, 202, 204, -1,
      203, 204, 205, -1,
      205, 204, 206, -1,
      205, 206, 207, -1,
      207, 206, 208, -1,
      207, 208, 209, -1,
      209, 208, 195, -1,
      209, 195, 194, -1,
      196, 210, 197, -1,
      197, 210, 211, -1,
      210, 212, 211, -1,
      211, 212, 213, -1,
      212, 188, 213, -1,
      213, 188, 190, -1,
      192, 189, 194, -1,
      194, 189, 188, -1,
      212, 210, 188, -1,
      188, 210, 196, -1,
      188, 196, 199, -1,
      205, 207, 188, -1,
      188, 207, 209, -1,
      188, 209, 194, -1,
      199, 201, 188, -1,
      188, 201, 203, -1,
      188, 203, 205, -1,
      211, 213, 197, -1,
      197, 213, 190, -1,
      191, 193, 190, -1,
      190, 193, 195, -1,
      190, 195, 208, -1,
      208, 206, 190, -1,
      190, 206, 204, -1,
      190, 204, 202, -1,
      202, 200, 190, -1,
      190, 200, 198, -1,
      190, 198, 197, -1,
    ]
  }
}

Shape {
  appearance Appearance {
    material Material {
      diffuseColor 0.7529 0.7529 0.7529
      specularColor 0.3765 0.3765 0.3765
      ambientIntensity 0.2
      transparency 0.0000
      shininess 0.5
    }
  }
  geometry IndexedFaceSet {
    ccw TRUE
    solid FALSE
    coord DEF co Coordinate {
      point [
        0.343906 -0.899806 1.244094,
        0.345955 -0.916539 1.244094,
        0.349286 -0.857008 1.244094,
        -0.005823 -0.858022 1.244094,
        -0.005823 -0.964433 1.244094,
        0.042010 -0.964433 1.244094,
        0.141913 -1.217249 1.244094,
        0.141913 -1.427165 1.244094,
        0.208827 -1.427165 1.244094,
        0.326797 -1.062371 1.244094,
        0.326797 -1.100809 1.244094,
        0.349286 -1.100809 1.244094,
        0.183997 -1.169030 1.244094,
        0.178659 -1.169672 1.244094,
        0.208827 -1.169672 1.244094,
        0.098226 -1.167869 1.244094,
        0.092882 -1.169672 1.244094,
        0.111549 -1.168659 1.244094,
        0.090856 -0.858149 1.244094,
        0.100140 -0.857008 1.244094,
        0.045096 -0.857008 1.244094,
        0.134798 -0.974173 1.244094,
        0.131720 -0.975183 1.244094,
        0.131720 -1.014354 1.244094,
        0.176391 -0.924030 1.244094,
        0.176391 -0.964433 1.244094,
        0.208827 -0.964433 1.244094,
        -0.394246 -1.148751 1.244094,
        -0.399157 -1.169672 1.244094,
        -0.355121 -1.169672 1.244094,
        -0.070509 -0.857008 1.244094,
        -0.250341 -0.870201 1.244094,
        -0.222370 -0.902470 1.244094,
        -0.204229 -0.937661 1.244094,
        -0.197617 -0.939964 1.244094,
        -0.172435 -0.953145 1.244094,
        -0.070509 -0.171756 1.244094,
        -0.288425 -0.844595 1.244094,
        -0.269963 -0.857008 1.244094,
        -0.408830 -0.831028 1.244094,
        -0.366476 -0.825796 1.244094,
        -0.355121 -0.171756 1.244094,
        -0.355121 -0.826989 1.244094,
        -0.331278 -0.829494 1.244094,
        -0.448199 -0.846238 1.244094,
        -1.287402 -0.171756 1.244094,
        -0.465574 -0.857008 1.244094,
        -1.287402 -0.857008 1.244094,
        -0.468947 -0.859100 1.244094,
        -0.645020 -0.962483 1.244094,
        -0.624363 -0.935953 1.244094,
        -0.559947 -0.899157 1.244094,
        -0.526161 -0.894965 1.244094,
        -0.489015 -0.876285 1.244094,
        -0.516341 -0.895498 1.244094,
        -0.506520 -0.896672 1.244094,
        -0.618711 -0.930599 1.244094,
        -0.591570 -0.911476 1.244094,
        -0.571259 -1.164088 1.244094,
        -0.602103 -1.149024 1.244094,
        -1.287402 -1.169672 1.244094,
        -0.628632 -1.126380 1.244094,
        -0.647993 -1.098798 1.244094,
        -0.660296 -1.067024 1.244094,
        -1.287402 -1.014354 1.244094,
        -0.664497 -1.033301 1.244094,
        -0.664270 -1.025358 1.244094,
        -0.662325 -1.014354 1.244094,
        -0.658595 -0.993257 1.244094,
        -1.287402 -1.217249 1.244094,
        -0.514500 -1.217249 1.244094,
        -0.522404 -1.213921 1.244094,
        -0.539099 -1.201319 1.244094,
        -0.560318 -1.167368 1.244094,
        -0.559242 -1.169672 1.244094,
        -0.551787 -1.185638 1.244094,
        -0.443830 -1.217249 1.244094,
        -0.458576 -1.222902 1.244094,
        -0.355121 -1.427165 1.244094,
        -0.479194 -1.225435 1.244094,
        -0.482551 -1.225372 1.244094,
        -1.287402 -1.427165 1.244094,
        -0.502710 -1.222213 1.244094,
        -0.355121 -1.217249 1.244094,
        -0.399197 -1.169842 1.244094,
        -0.409264 -1.188900 1.244094,
        -0.422513 -1.203775 1.244094,
        -0.439527 -1.215599 1.244094,
        -0.355121 -1.111057 1.244094,
        -0.393802 -1.131503 1.244094,
        -0.393802 -1.140043 1.244094,
        -0.282497 -1.168683 1.244094,
        -0.288215 -1.166874 1.244094,
        -0.302463 -1.133388 1.244094,
        -0.274252 -1.068312 1.244094,
        -0.299316 -1.127452 1.244094,
        -0.149750 -0.973172 1.244094,
        -0.132838 -0.997822 1.244094,
        -0.070509 -1.014354 1.244094,
        -0.126625 -1.014354 1.244094,
        -0.122982 -1.024048 1.244094,
        -0.294022 -1.163302 1.244094,
        -0.297746 -1.159671 1.244094,
        -0.301338 -1.154254 1.244094,
        -0.300723 -1.023054 1.244094,
        -0.173035 -1.043048 1.244094,
        -0.177008 -1.026637 1.244094,
        -0.294851 -1.122537 1.244094,
        -0.289520 -1.118969 1.244094,
        -0.283611 -1.116815 1.244094,
        -0.135743 -1.109541 1.244094,
        -0.151286 -1.130649 1.244094,
        -0.070509 -1.169672 1.244094,
        -0.154387 -1.133892 1.244094,
        -0.176937 -1.151851 1.244094,
        -0.303459 -1.148436 1.244094,
        -0.304139 -1.142604 1.244094,
        -0.304003 -1.139930 1.244094,
        -0.119690 -1.049526 1.244094,
        -0.119811 -1.054910 1.244094,
        -0.124389 -1.082843 1.244094,
        -0.203227 -1.163946 1.244094,
        -0.228993 -1.169076 1.244094,
        -0.279375 -1.169076 1.244094,
        -0.277667 -1.116132 1.244094,
        -0.276836 -1.116193 1.244094,
        -0.274274 -1.116760 1.244094,
        -0.189940 -1.095517 1.244094,
        -0.180552 -1.082193 1.244094,
        -0.174675 -1.066970 1.244094,
        -0.172634 -1.050380 1.244094,
        -0.272544 -1.116986 1.244094,
        -0.234117 -1.116986 1.244094,
        -0.218905 -1.114086 1.244094,
        -0.203823 -1.107133 1.244094,
        -0.191178 -1.096844 1.244094,
        -0.355121 -1.014354 1.244094,
        -0.448145 -1.059548 1.244094,
        -0.430033 -1.069270 1.244094,
        -0.183594 -1.014354 1.244094,
        -0.355121 -1.051470 1.244094,
        -0.415150 -1.082829 1.244094,
        -0.603627 -1.065489 1.244094,
        -0.593347 -1.083011 1.244094,
        -0.549986 -1.091738 1.244094,
        -0.578028 -1.098729 1.244094,
        -0.559464 -1.110155 1.244094,
        -0.518386 -1.063492 1.244094,
        -0.608582 -1.014354 1.244094,
        -0.535856 -1.075608 1.244094,
        -0.610700 -1.031593 1.244094,
        -0.609707 -1.044570 1.244094,
        -0.499520 -1.056292 1.244094,
        -0.479194 -1.053796 1.244094,
        -0.468752 -1.054418 1.244094,
        -0.468779 -0.934833 1.244094,
        -0.480048 -0.959009 1.244094,
        -0.355121 -0.878188 1.244094,
        -0.365622 -0.877032 1.244094,
        -0.370783 -0.877137 1.244094,
        -0.399172 -0.881661 1.244094,
        -0.486373 -0.955563 1.244094,
        -0.505528 -0.948622 1.244094,
        -0.426868 -0.893486 1.244094,
        -0.450304 -0.911467 1.244094,
        -0.555107 -0.951596 1.244094,
        -0.574165 -0.961663 1.244094,
        -0.534015 -0.946644 1.244094,
        -0.589039 -0.974911 1.244094,
        -0.600864 -0.991926 1.244094,
        -0.525307 -0.946200 1.244094,
        -0.608167 -1.010975 1.244094,
        -0.277109 -0.916146 1.244094,
        -0.288269 -0.905445 1.244094,
        -0.259620 -0.940689 1.244094,
        -0.184919 -1.011882 1.244094,
        -0.194887 -1.000734 1.244094,
        -0.239241 -0.983773 1.244094,
        -0.208137 -0.991495 1.244094,
        -0.223044 -0.985766 1.244094,
        -0.312608 -0.889459 1.244094,
        -0.339606 -0.879895 1.244094,
        -0.246072 -0.983773 1.244094,
        -0.248666 -0.969193 1.244094,
        0.451168 -1.050578 1.244094,
        0.465664 -1.055870 1.244094,
        0.478524 -1.014354 1.244094,
        0.478524 -1.151506 1.244094,
        0.478248 -1.151835 1.244094,
        0.478524 -1.169672 1.244094,
        0.465887 -1.160730 1.244094,
        0.452239 -1.166115 1.244094,
        0.431612 -1.168659 1.244094,
        0.387233 -1.169672 1.244094,
        0.398578 -1.168659 1.244094,
        0.387233 -1.014354 1.244094,
        0.398578 -1.048555 1.244094,
        0.432840 -1.048555 1.244094,
        0.487198 -1.141173 1.244094,
        0.499693 -1.169672 1.244094,
        0.493104 -1.128745 1.244094,
        0.478248 -1.064459 1.244094,
        0.478524 -1.064728 1.244094,
        0.499693 -1.014354 1.244094,
        0.482372 -1.068481 1.244094,
        0.489836 -1.078919 1.244094,
        0.494313 -1.090340 1.244094,
        0.496362 -1.107072 1.244094,
        0.496006 -1.114677 1.244094,
        0.040536 -1.062371 1.244094,
        -0.005823 -1.062371 1.244094,
        -0.005823 -1.100809 1.244094,
        0.042639 -1.169672 1.244094,
        -0.021327 -1.168659 1.244094,
        0.042639 -1.168659 1.244094,
        -0.005823 -1.114563 1.244094,
        -0.005823 -1.154967 1.244094,
        0.037128 -1.114563 1.244094,
        0.042639 -1.154967 1.244094,
        0.037128 -1.100809 1.244094,
        -0.021327 -1.048555 1.244094,
        0.042639 -1.014354 1.244094,
        0.040536 -1.048555 1.244094,
        0.043269 -1.168659 1.244094,
        0.045096 -1.169672 1.244094,
        0.043269 -1.154967 1.244094,
        0.387233 -0.887242 1.244094,
        0.398363 -0.858022 1.244094,
        0.387233 -0.857008 1.244094,
        0.414941 -0.858022 1.244094,
        0.478524 -0.857008 1.244094,
        0.460687 -0.978126 1.244094,
        0.352617 -0.978126 1.244094,
        0.349286 -1.014354 1.244094,
        0.369749 -0.978126 1.244094,
        0.381293 -0.945275 1.244094,
        0.387233 -0.945275 1.244094,
        0.219342 -0.910276 1.244094,
        0.219342 -0.924030 1.244094,
        0.236826 -1.014354 1.244094,
        0.208827 -0.857008 1.244094,
        0.222750 -0.858022 1.244094,
        0.236826 -0.857008 1.244094,
        0.222750 -0.871837 1.244094,
        0.208827 -0.871837 1.244094,
        0.208827 -0.910276 1.244094,
        0.176391 -0.871837 1.244094,
        0.176391 -0.910276 1.244094,
        0.160886 -0.978126 1.244094,
        0.141913 -1.014354 1.244094,
        0.208827 -0.978126 1.244094,
        0.208827 -1.014354 1.244094,
        0.225482 -0.978126 1.244094,
        0.225482 -0.964433 1.244094,
        0.208827 -0.924030 1.244094,
        0.141913 -0.857008 1.244094,
        0.160886 -0.858022 1.244094,
        0.208827 -0.858022 1.244094,
        0.136847 -0.958293 1.244094,
        0.136847 -0.973152 1.244094,
        0.111510 -0.966122 1.244094,
        0.125084 -0.963583 1.244094,
        0.131720 -0.874954 1.244094,
        0.131720 -0.960598 1.244094,
        0.135509 -0.876396 1.244094,
        0.136847 -0.877118 1.244094,
        0.077306 -0.955987 1.244094,
        0.085142 -0.961544 1.244094,
        0.123327 -0.871761 1.244094,
        0.074301 -0.885017 1.244094,
        0.068681 -0.893547 1.244094,
        0.064849 -0.904221 1.244094,
        0.108540 -0.869995 1.244094,
        0.103904 -0.870180 1.244094,
        0.075813 -0.883320 1.244094,
        0.093452 -0.872189 1.244094,
        0.084006 -0.876559 1.244094,
        0.063194 -0.919424 1.244094,
        0.063324 -0.923862 1.244094,
        0.065249 -0.935880 1.244094,
        0.093689 -0.964863 1.244094,
        0.105839 -0.966336 1.244094,
        0.069132 -0.945563 1.244094,
        0.074983 -0.953687 1.244094,
        0.121105 -0.857008 1.244094,
        0.124357 -0.857273 1.244094,
        0.131720 -0.857008 1.244094,
        0.131720 -0.859416 1.244094,
        0.136847 -0.860907 1.244094,
        0.045096 -0.171756 1.244094,
        0.108387 -0.855995 1.244094,
        0.131720 -0.171756 1.244094,
        0.108681 -0.855996 1.244094,
        0.083346 -0.977135 1.244094,
        0.072009 -0.971793 1.244094,
        0.045096 -1.014354 1.244094,
        0.049854 -0.898407 1.244094,
        0.055556 -0.885064 1.244094,
        0.064269 -0.873680 1.244094,
        0.121903 -0.978402 1.244094,
        0.103597 -0.980152 1.244094,
        0.096365 -0.979811 1.244094,
        0.062334 -0.963757 1.244094,
        0.060442 -0.961637 1.244094,
        0.053523 -0.951162 1.244094,
        0.067107 -0.870963 1.244094,
        0.078331 -0.863052 1.244094,
        0.048884 -0.938274 1.244094,
        0.046922 -0.920346 1.244094,
        0.047133 -0.914090 1.244094,
        0.972721 0.667603 1.244094,
        0.978978 0.659449 1.244094,
        1.287402 1.171260 1.244094,
        0.972721 0.493815 1.244094,
        1.287402 -0.171756 1.244094,
        0.978978 0.501969 1.244094,
        0.982911 0.511464 1.244094,
        0.964567 0.487558 1.244094,
        0.955072 0.483625 1.244094,
        0.797672 -0.171756 1.244094,
        0.905512 1.407480 1.244094,
        0.905512 1.131890 1.244094,
        0.944882 1.446850 1.244094,
        0.904170 1.121700 1.244094,
        0.900237 1.112205 1.244094,
        1.208661 1.171260 1.244094,
        0.893981 1.104051 1.244094,
        0.797672 0.679134 1.244094,
        0.885827 1.097794 1.244094,
        0.876331 1.093861 1.244094,
        0.944882 0.679134 1.244094,
        0.955072 0.677793 1.244094,
        0.964567 0.673859 1.244094,
        0.982911 0.649954 1.244094,
        0.984252 0.639764 1.244094,
        0.984252 0.521654 1.244094,
        1.208661 1.446850 1.244094,
        0.936121 1.445863 1.244094,
        0.927800 1.442952 1.244094,
        0.906499 1.416241 1.244094,
        0.920335 1.438261 1.244094,
        0.909411 1.424562 1.244094,
        0.914101 1.432027 1.244094,
        0.499693 1.092520 1.244094,
        0.602082 0.667603 1.244094,
        0.610236 0.673859 1.244094,
        0.944882 0.482283 1.244094,
        0.797672 0.482283 1.244094,
        0.499693 -0.171756 1.244094,
        0.629921 0.482283 1.244094,
        0.619731 0.483625 1.244094,
        0.610236 0.487558 1.244094,
        0.602082 0.493815 1.244094,
        0.590551 0.639764 1.244094,
        0.591893 0.649954 1.244094,
        0.595826 0.659449 1.244094,
        0.595826 0.501969 1.244094,
        0.591893 0.511464 1.244094,
        0.590551 0.521654 1.244094,
        0.866142 1.092520 1.244094,
        0.797672 1.092520 1.244094,
        0.629921 0.679134 1.244094,
        0.619731 0.677793 1.244094,
        -0.591893 0.649954 1.244094,
        -0.590551 0.639764 1.244094,
        -0.413386 1.097794 1.244094,
        -0.964567 0.487558 1.244094,
        -0.972721 0.493815 1.244094,
        -0.944882 1.446850 1.244094,
        -1.208661 1.446850 1.244094,
        -1.208661 1.171260 1.244094,
        -0.395042 1.121700 1.244094,
        -0.398975 1.112205 1.244094,
        -0.405232 1.104051 1.244094,
        -0.972721 0.667603 1.244094,
        -0.964567 0.673859 1.244094,
        -0.955072 0.483625 1.244094,
        -0.591893 0.511464 1.244094,
        -0.595826 0.501969 1.244094,
        -0.602082 0.493815 1.244094,
        -0.610236 0.487558 1.244094,
        -0.978978 0.501969 1.244094,
        -0.982911 0.511464 1.244094,
        -1.287402 1.171260 1.244094,
        -0.984252 0.639764 1.244094,
        -0.982911 0.649954 1.244094,
        -0.978978 0.659449 1.244094,
        -0.422881 1.093861 1.244094,
        -0.602082 0.667603 1.244094,
        -0.595826 0.659449 1.244094,
        -0.590551 0.521654 1.244094,
        -0.984252 0.521654 1.244094,
        -0.393701 1.446850 1.244094,
        -0.393701 1.171260 1.244094,
        -0.355121 1.446850 1.244094,
        -0.393701 1.131890 1.244094,
        -0.900237 1.112205 1.244094,
        -0.893981 1.104051 1.244094,
        -0.885827 1.097794 1.244094,
        -0.876331 1.093861 1.244094,
        -0.619731 0.483625 1.244094,
        -0.629921 0.482283 1.244094,
        -0.944882 0.482283 1.244094,
        -0.905512 1.407480 1.244094,
        -0.906499 1.416241 1.244094,
        -0.909411 1.424562 1.244094,
        -0.955072 0.677793 1.244094,
        -0.944882 0.679134 1.244094,
        -0.866142 1.092520 1.244094,
        -0.433071 1.092520 1.244094,
        -0.914101 1.432027 1.244094,
        -0.920335 1.438261 1.244094,
        -0.927800 1.442952 1.244094,
        -0.904170 1.121700 1.244094,
        -0.905512 1.131890 1.244094,
        -0.936121 1.445863 1.244094,
        -0.629921 0.679134 1.244094,
        -0.619731 0.677793 1.244094,
        -0.610236 0.673859 1.244094,
        0.413386 1.097794 1.244094,
        0.405232 1.104051 1.244094,
        0.387233 -0.171756 1.244094,
        0.478524 1.092520 1.244094,
        0.433071 1.092520 1.244094,
        0.422881 1.093861 1.244094,
        0.398975 1.112205 1.244094,
        0.395042 1.121700 1.244094,
        0.393701 1.131890 1.244094,
        0.393701 1.446850 1.244094,
        0.387233 1.446850 1.244094,
        0.393701 1.171260 1.244094,
        0.478524 -0.171756 1.244094,
        0.076370 -1.169672 1.244094,
        0.075448 -1.169530 1.244094,
        0.066049 -1.088897 1.244094,
        0.066049 -1.103511 1.244094,
        0.103754 -1.164332 1.244094,
        0.119922 -1.090258 1.244094,
        0.123013 -1.095088 1.244094,
        0.069755 -1.167281 1.244094,
        0.065036 -1.163931 1.244094,
        0.062938 -1.161743 1.244094,
        0.063723 -1.127790 1.244094,
        0.068327 -1.123791 1.244094,
        0.074728 -1.120507 1.244094,
        0.076497 -1.096955 1.244094,
        0.086128 -1.117695 1.244094,
        0.099370 -1.093691 1.244094,
        0.094172 -1.093134 1.244094,
        0.085923 -1.093920 1.244094,
        0.104496 -1.081703 1.244094,
        0.110875 -1.083609 1.244094,
        0.115893 -1.086445 1.244094,
        0.111549 -1.155396 1.244094,
        0.111150 -1.155396 1.244094,
        0.108545 -1.159310 1.244094,
        0.060193 -1.157532 1.244094,
        0.058388 -1.152424 1.244094,
        0.057668 -1.145694 1.244094,
        0.057708 -1.143910 1.244094,
        0.058662 -1.137409 1.244094,
        0.060721 -1.132101 1.244094,
        0.069039 -1.087160 1.244094,
        0.080204 -1.082799 1.244094,
        0.095584 -1.080915 1.244094,
        0.126593 -1.168659 1.244094,
        0.131720 -1.169672 1.244094,
        0.126593 -1.113458 1.244094,
        0.125387 -1.101875 1.244094,
        0.111549 -1.114133 1.244094,
        0.111050 -1.107625 1.244094,
        0.109507 -1.102209 1.244094,
        0.107750 -1.099091 1.244094,
        0.105488 -1.096657 1.244094,
        0.102832 -1.094923 1.244094,
        0.131720 -1.217249 1.244094,
        0.092021 -1.169963 1.244094,
        0.045096 -1.217249 1.244094,
        0.084869 -1.170686 1.244094,
        0.082523 -1.170623 1.244094,
        0.200798 -1.084722 1.244094,
        0.200798 -1.099335 1.244094,
        0.157493 -1.169352 1.244094,
        0.146978 -1.165651 1.244094,
        0.141913 -1.169672 1.244094,
        0.146978 -1.150116 1.244094,
        0.191028 -1.081851 1.244094,
        0.202490 -1.155873 1.244094,
        0.199759 -1.159863 1.244094,
        0.204266 -1.151088 1.244094,
        0.149352 -1.096007 1.244094,
        0.152087 -1.091930 1.244094,
        0.156711 -1.087730 1.244094,
        0.195241 -1.163870 1.244094,
        0.191871 -1.165953 1.244094,
        0.151338 -1.119598 1.244094,
        0.149496 -1.116697 1.244094,
        0.160326 -1.085502 1.244094,
        0.168369 -1.082377 1.244094,
        0.180474 -1.080915 1.244094,
        0.147786 -1.112152 1.244094,
        0.147070 -1.106028 1.244094,
        0.147617 -1.100856 1.244094,
        0.199877 -1.131142 1.244094,
        0.202530 -1.134986 1.244094,
        0.204202 -1.139363 1.244094,
        0.204912 -1.145326 1.244094,
        0.161795 -1.157180 1.244094,
        0.169851 -1.130958 1.244094,
        0.152386 -1.153503 1.244094,
        0.160884 -1.126848 1.244094,
        0.153799 -1.122172 1.244094,
        0.171724 -1.158405 1.244094,
        0.172388 -1.158401 1.244094,
        0.179730 -1.135095 1.244094,
        0.180100 -1.157537 1.244094,
        0.189469 -1.146800 1.244094,
        0.189322 -1.144928 1.244094,
        0.179000 -1.093134 1.244094,
        0.174547 -1.093468 1.244094,
        0.162575 -1.104678 1.244094,
        0.170523 -1.094533 1.244094,
        0.167150 -1.096327 1.244094,
        0.162712 -1.106679 1.244094,
        0.163309 -1.109016 1.244094,
        0.164393 -1.111045 1.244094,
        0.183982 -1.156116 1.244094,
        0.185354 -1.155284 1.244094,
        0.187080 -1.153751 1.244094,
        0.165860 -1.112660 1.244094,
        0.171164 -1.115976 1.244094,
        0.189533 -1.094418 1.244094,
        0.180474 -1.120028 1.244094,
        0.198041 -1.097720 1.244094,
        0.186299 -1.122385 1.244094,
        0.196290 -1.127942 1.244094,
        0.188393 -1.151809 1.244094,
        0.189158 -1.149670 1.244094,
        0.188639 -1.142580 1.244094,
        0.187476 -1.140585 1.244094,
        0.185601 -1.138633 1.244094,
        0.164880 -1.098333 1.244094,
        0.163590 -1.100247 1.244094,
        0.162847 -1.102278 1.244094,
        0.160558 -1.169672 1.244094,
        0.170250 -1.170686 1.244094,
        0.311293 -1.048555 1.244094,
        0.295083 -1.082880 1.244094,
        0.311293 -1.168659 1.244094,
        0.260862 -1.169672 1.244094,
        0.349286 -1.169672 1.244094,
        0.251978 -1.147352 1.244094,
        0.253820 -1.154414 1.244094,
        0.254219 -1.154414 1.244094,
        0.254910 -1.151474 1.244094,
        0.256061 -1.147475 1.244094,
        0.236826 -1.103767 1.244094,
        0.279486 -1.082880 1.244094,
        0.236826 -1.169672 1.244094,
        0.236826 -1.144148 1.244094,
        0.212741 -1.082880 1.244094,
        0.229566 -1.082880 1.244094,
        0.246390 -1.168475 1.244094,
        0.245883 -1.169672 1.244094,
        0.239789 -1.184072 1.244094,
        0.208827 -1.217249 1.244094,
        0.215842 -1.207835 1.244094,
        0.215842 -1.194449 1.244094,
        0.218920 -1.195457 1.244094,
        0.224377 -1.196168 1.244094,
        0.225515 -1.196131 1.244094,
        0.228946 -1.195502 1.244094,
        0.232144 -1.194031 1.244094,
        0.233783 -1.192835 1.244094,
        0.236590 -1.189824 1.244094,
        0.236826 -1.189398 1.244094,
        0.236826 -1.206375 1.244094,
        0.231674 -1.208351 1.244094,
        0.236826 -1.217249 1.244094,
        0.225544 -1.209063 1.244094,
        0.221981 -1.208924 1.244094,
        0.256153 -1.181615 1.244094,
        0.249218 -1.195063 1.244094,
        0.349286 -1.217249 1.244094,
        0.243707 -1.201614 1.244094,
        0.242856 -1.202391 1.244094,
        0.237605 -1.206077 1.244094,
        0.369749 -1.114563 1.244094,
        0.349286 -1.114563 1.244094,
        0.349286 -1.154967 1.244094,
        0.326797 -1.114563 1.244094,
        0.326797 -1.154967 1.244094,
        0.349286 -1.048555 1.244094,
        0.373157 -1.048555 1.244094,
        0.373157 -1.062371 1.244094,
        0.375889 -1.154967 1.244094,
        0.375889 -1.168659 1.244094,
        0.349286 -1.168659 1.244094,
        0.369749 -1.100809 1.244094,
        0.349286 -1.062371 1.244094,
        -0.070509 -1.427165 1.244094,
        -0.070509 -1.217249 1.244094,
        0.042639 -1.427165 1.244094,
        0.042639 -1.217249 1.244094,
        0.045096 -1.427165 1.244094,
        0.131720 -1.427165 1.244094,
        0.236826 -1.427165 1.244094,
        0.349286 -1.427165 1.244094,
        0.387233 -1.427165 1.244094,
        0.387233 -1.217249 1.244094,
        0.478524 -1.427165 1.244094,
        0.478524 -1.217249 1.244094,
        0.499693 -1.427165 1.244094,
        0.499693 -1.217249 1.244094,
        0.797672 -1.427165 1.244094,
        0.797672 -1.217249 1.244094,
        0.797672 -1.169672 1.244094,
        0.520156 -1.168659 1.244094,
        0.503024 -1.168659 1.244094,
        0.593962 -1.168659 1.244094,
        0.581712 -1.135809 1.244094,
        0.531699 -1.135809 1.244094,
        0.548769 -1.048555 1.244094,
        0.565348 -1.048555 1.244094,
        0.611093 -1.168659 1.244094,
        0.797672 -1.014354 1.244094,
        1.287402 -1.427165 1.244094,
        1.287402 -1.217249 1.244094,
        1.287402 -1.169672 1.244094,
        1.287402 -1.014354 1.244094,
        -0.021327 -0.858022 1.244094,
        0.042639 -0.857008 1.244094,
        0.042010 -0.978126 1.244094,
        -0.021327 -0.978126 1.244094,
        0.248171 -0.978126 1.244094,
        0.339429 -0.888385 1.244094,
        0.345599 -0.924143 1.244094,
        0.342697 -0.938212 1.244094,
        0.336792 -0.950639 1.244094,
        0.327841 -0.961302 1.244094,
        0.315481 -0.970196 1.244094,
        0.301833 -0.975582 1.244094,
        0.281206 -0.978126 1.244094,
        0.248171 -0.858022 1.244094,
        0.282433 -0.858022 1.244094,
        0.300761 -0.860044 1.244094,
        0.315257 -0.865337 1.244094,
        0.327841 -0.873925 1.244094,
        0.331965 -0.877947 1.244094,
        0.431305 -0.945275 1.244094,
        0.443555 -0.978126 1.244094,
        0.499693 -0.857008 1.244094,
        0.797672 -0.857008 1.244094,
        1.287402 -0.857008 1.244094,
        0.042639 -0.171756 1.244094,
        0.141913 -0.171756 1.244094,
        0.208827 -0.171756 1.244094,
        0.236826 -0.171756 1.244094,
        0.349286 -0.171756 1.244094,
        0.349286 1.446850 1.244094,
        0.236826 1.446850 1.244094,
        0.208827 1.446850 1.244094,
        0.141913 1.446850 1.244094,
        0.131720 1.446850 1.244094,
        0.045096 1.446850 1.244094,
        0.042639 1.446850 1.244094,
        -0.070509 1.446850 1.244094,
        0.944882 1.446850 1.125984,
        1.208661 1.446850 1.125984,
        1.208661 1.171260 1.125984,
        1.287402 1.171260 1.125984,
        1.287402 -1.427165 1.125984,
        -1.287402 -1.427165 1.125984,
        -0.362053 1.446850 1.125984,
        0.362053 1.446850 1.125984,
        -0.362053 1.210630 1.125984,
        0.362053 1.210630 1.125984,
        -0.905512 1.131890 1.125984,
        -0.904170 1.121700 1.125984,
        -1.208661 1.171260 1.125984,
        -0.900237 1.112205 1.125984,
        -0.893981 1.104051 1.125984,
        -0.885827 1.097794 1.125984,
        -0.876331 1.093861 1.125984,
        0.433071 1.210630 1.125984,
        0.422881 1.209289 1.125984,
        -0.905512 1.407480 1.125984,
        -1.208661 1.446850 1.125984,
        -0.944882 1.446850 1.125984,
        0.413386 1.205356 1.125984,
        0.405232 1.199099 1.125984,
        0.398975 1.190945 1.125984,
        -0.866142 1.092520 1.125984,
        -0.433071 1.092520 1.125984,
        -0.422881 1.093861 1.125984,
        -0.413386 1.097794 1.125984,
        -0.405232 1.104051 1.125984,
        -1.287402 1.171260 1.125984,
        -0.398975 1.112205 1.125984,
        -0.395042 1.121700 1.125984,
        -0.393701 1.131890 1.125984,
        0.395042 1.121700 1.125984,
        0.398975 1.112205 1.125984,
        0.405232 1.104051 1.125984,
        0.885827 1.097794 1.125984,
        0.893981 1.104051 1.125984,
        0.900237 1.112205 1.125984,
        0.904170 1.121700 1.125984,
        0.905512 1.131890 1.125984,
        0.905512 1.407480 1.125984,
        0.936121 1.445863 1.125984,
        -0.936121 1.445863 1.125984,
        -0.927800 1.442952 1.125984,
        -0.920335 1.438261 1.125984,
        -0.914101 1.432027 1.125984,
        -0.909411 1.424562 1.125984,
        -0.906499 1.416241 1.125984,
        -0.405232 1.199099 1.125984,
        -0.413386 1.205356 1.125984,
        -0.422881 1.209289 1.125984,
        -0.433071 1.210630 1.125984,
        0.395042 1.181450 1.125984,
        0.393701 1.171260 1.125984,
        0.393701 1.131890 1.125984,
        0.413386 1.097794 1.125984,
        0.422881 1.093861 1.125984,
        0.433071 1.092520 1.125984,
        -0.393701 1.171260 1.125984,
        -0.395042 1.181450 1.125984,
        -0.398975 1.190945 1.125984,
        0.866142 1.092520 1.125984,
        0.876331 1.093861 1.125984,
        0.927800 1.442952 1.125984,
        0.906499 1.416241 1.125984,
        0.920335 1.438261 1.125984,
        0.909411 1.424562 1.125984,
        0.914101 1.432027 1.125984,
        -1.759580 -0.053150 0.787402,
        -1.759843 -0.053150 0.771654,
        -1.759843 -0.053150 0.787402,
        -1.641732 -0.564961 -0.354331,
        -1.641732 -0.564961 0.708661,
        -1.759843 -0.564961 -0.354331,
        -1.755624 -0.564961 0.708661,
        -1.759843 -0.564961 0.771654,
        -1.759843 1.446850 0.614173,
        -1.759843 1.446850 -0.389764,
        -1.759843 1.368110 -0.468504,
        -1.759843 0.856299 0.496063,
        -1.759843 0.856299 0.472441,
        -1.759843 0.104331 0.472441,
        -1.759843 0.072835 0.771654,
        -1.759843 1.171260 0.771654,
        -1.759843 0.081268 0.764339,
        -1.759843 0.093781 0.748031,
        -1.759843 0.858982 0.516443,
        -1.759843 1.181809 0.732283,
        -1.759843 0.974409 0.564254,
        -1.759843 1.173943 0.751274,
        -1.759843 0.955419 0.572120,
        -1.759843 0.935039 0.574803,
        -1.759843 0.914660 0.572120,
        -1.759843 0.895669 0.564254,
        -1.759843 1.444167 0.634553,
        -1.759843 1.368110 0.692913,
        -1.759843 1.250000 0.692913,
        -1.759843 1.092520 -0.468504,
        -1.759843 1.229620 0.695596,
        -1.759843 1.013780 -0.389764,
        -1.759843 1.210630 0.703463,
        -1.759843 1.013780 0.496063,
        -1.759843 1.011096 0.516443,
        -1.759843 1.194322 0.715976,
        -1.759843 1.003230 0.535433,
        -1.759843 0.990717 0.551741,
        -1.759843 0.104331 0.708661,
        -1.759843 0.101648 0.729041,
        -1.759843 0.866848 0.535433,
        -1.759843 0.879362 0.551741,
        -1.759843 1.388490 0.690230,
        -1.759843 1.407480 0.682364,
        -1.759843 1.436301 0.653543,
        -1.759843 1.423788 0.669851,
        -1.641732 0.104331 0.708661,
        -1.641732 0.104331 0.472441,
        -1.641732 0.718504 0.472441,
        -1.641732 0.072835 0.771654,
        -1.641732 0.081268 0.764339,
        -1.641732 1.171260 0.771654,
        -1.641732 0.093781 0.748031,
        -1.641732 0.101648 0.729041,
        -1.641732 0.879362 0.551741,
        -1.641732 0.866848 0.535433,
        -1.641732 0.858982 0.516443,
        -1.641732 0.895669 0.564254,
        -1.641732 0.914660 0.572120,
        -1.641732 0.718504 0.159951,
        -1.641732 0.856299 0.159951,
        -1.641732 0.856299 0.496063,
        -1.641732 1.092520 -0.468504,
        -1.641732 1.368110 -0.468504,
        -1.641732 1.013780 -0.389764,
        -1.641732 1.446850 -0.389764,
        -1.641732 1.013780 0.496063,
        -1.641732 1.446850 0.614173,
        -1.641732 1.011096 0.516443,
        -1.641732 1.444167 0.634553,
        -1.641732 0.935039 0.574803,
        -1.641732 0.955419 0.572120,
        -1.641732 0.974409 0.564254,
        -1.641732 1.423788 0.669851,
        -1.641732 1.407480 0.682364,
        -1.641732 1.436301 0.653543,
        -1.641732 1.250000 0.692913,
        -1.641732 1.368110 0.692913,
        -1.641732 1.388490 0.690230,
        -1.641732 1.229620 0.695596,
        -1.641732 1.210630 0.703463,
        -1.641732 1.003230 0.535433,
        -1.641732 1.194322 0.715976,
        -1.641732 0.990717 0.551741,
        -1.641732 1.181809 0.732283,
        -1.641732 1.173943 0.751274,
        -1.287402 0.718504 0.000000,
        -1.287402 0.104331 0.000000,
        -1.392530 0.104331 0.011845,
        -1.392530 0.718504 0.011845,
        -1.492386 0.104331 0.046786,
        -1.492386 0.718504 0.046786,
        -1.581964 0.104331 0.103072,
        -1.581964 0.718504 0.103072,
        -1.656771 0.856299 0.177879,
        -1.656771 0.104331 0.177879,
        -1.713056 0.104331 0.267457,
        -1.713056 0.856299 0.267457,
        -1.747998 0.104331 0.367313,
        -1.747998 0.856299 0.367313,
        -1.387893 1.171260 1.233283,
        -1.759742 0.055763 0.781391,
        -1.759662 0.045970 0.784719,
        -1.758673 1.171260 0.804879,
        -1.759814 0.064961 0.776852,
        -1.759602 0.015287 0.786724,
        -1.759580 0.025591 0.787402,
        -1.759602 0.035883 0.786726,
        -1.759662 0.005211 0.784719,
        -1.759742 -0.004578 0.781393,
        -1.759814 -0.013780 0.776852,
        -1.759842 -0.022329 0.771142,
        -1.759786 -0.030087 0.764339,
        -1.759604 -0.036854 0.756626,
        -1.759252 -0.042600 0.748031,
        -1.758698 -0.047159 0.738786,
        -1.757917 -0.050467 0.729041,
        -1.756891 -0.052478 0.718921,
        -1.755624 -0.053150 0.708661,
        -1.756894 -0.565636 0.718950,
        -1.757917 -0.567644 0.729041,
        -1.758701 -0.570967 0.738824,
        -1.759252 -0.575510 0.748031,
        -1.759602 -0.581222 0.756583,
        -1.759580 -0.564961 0.787402,
        -1.759786 -0.588023 0.764339,
        -1.759842 -0.595734 0.771105,
        -1.759814 -0.604331 0.776852,
        -1.759742 -0.613564 0.781406,
        -1.759662 -0.623321 0.784719,
        -1.759602 -0.633428 0.786729,
        -1.759580 -0.643701 0.787402,
        -1.756131 -1.427165 0.804593,
        -1.759602 -0.654004 0.786724,
        -1.759662 -0.664080 0.784719,
        -1.759843 -0.690945 0.771654,
        -1.759843 -1.427165 0.771654,
        -1.759794 -0.682766 0.776318,
        -1.759742 -0.673861 0.781396,
        -1.387836 -1.427165 1.232778,
        -1.392530 -1.427165 1.232250,
        -1.483785 1.171260 1.201344,
        -1.483465 -1.427165 1.200430,
        -1.492386 -1.427165 1.197308,
        -1.570689 1.171260 1.149739,
        -1.569954 -1.427165 1.148569,
        -1.581964 -1.427165 1.141023,
        -1.644628 1.171260 1.080830,
        -1.643393 -1.427165 1.079594,
        -1.656771 -1.427165 1.066216,
        -1.702217 1.171260 0.997770,
        -1.700469 -1.427165 0.996671,
        -1.713056 -1.427165 0.976638,
        -1.740821 1.171260 0.904361,
        -1.738617 -1.427165 0.903590,
        -1.747998 -1.427165 0.876781,
        -0.668913 1.446850 0.948819,
        -0.727968 1.446850 1.051105,
        0.727968 1.446850 1.051105,
        0.668913 1.446850 0.948819,
        -1.641732 -0.643701 0.787402,
        -1.641732 0.025591 0.787402,
        -1.641382 -0.643701 0.787402,
        -1.641382 0.025591 0.787402,
        -1.759843 -0.711892 0.748031,
        -1.759843 -0.699378 0.764339,
        -1.759843 -0.722441 0.472441,
        -1.759843 -1.427165 0.472441,
        -1.759843 -0.722441 0.708661,
        -1.759843 -0.719758 0.729041,
        -1.287402 -0.722441 0.000000,
        -1.287402 -1.427165 0.000000,
        -1.392530 -1.427165 0.011845,
        -1.392530 -0.722441 0.011845,
        -1.492386 -1.427165 0.046786,
        -1.492386 -0.722441 0.046786,
        -1.581964 -1.427165 0.103072,
        -1.581964 -0.722441 0.103072,
        -1.656771 -1.427165 0.177879,
        -1.656771 -0.722441 0.177879,
        -1.713056 -1.427165 0.267457,
        -1.713056 -0.722441 0.267457,
        -1.747998 -1.427165 0.367313,
        -1.747998 -0.722441 0.367313,
        -1.641732 -0.722441 0.472441,
        -1.641732 -1.427165 0.472441,
        -1.632848 -0.722441 0.393595,
        -1.632848 -1.427165 0.393595,
        -1.606643 -0.722441 0.318703,
        -1.606643 -1.427165 0.318703,
        -1.564428 -0.722441 0.251519,
        -1.564428 -1.427165 0.251519,
        -1.508323 -0.722441 0.195414,
        -1.508323 -1.427165 0.195414,
        -1.441140 -0.722441 0.153200,
        -1.441140 -1.427165 0.153200,
        -1.366248 -0.722441 0.126994,
        -1.366248 -1.427165 0.126994,
        -1.287402 -0.722441 0.118110,
        -1.287402 -1.427165 0.118110,
        -1.641732 -1.427165 0.771654,
        -1.641732 -0.722441 0.708661,
        -1.641732 -0.719758 0.729041,
        -1.641732 -0.711892 0.748031,
        -1.641732 -0.699378 0.764339,
        -1.641732 -0.690945 0.771654,
        -1.287402 -1.446850 1.145669,
        -1.287402 -1.446850 1.224409,
        -1.370628 -1.446850 1.136292,
        -1.388149 -1.446850 1.213058,
        -1.449681 -1.446850 1.108630,
        -1.483845 -1.446850 1.179572,
        -1.520596 -1.446850 1.064071,
        -1.569690 -1.446850 1.125632,
        -1.579819 -1.446850 1.004848,
        -1.641380 -1.446850 1.053942,
        -1.624378 -1.446850 0.933933,
        -1.695320 -1.446850 0.968097,
        -1.652040 -1.446850 0.854880,
        -1.728806 -1.446850 0.872401,
        -1.661417 -1.446850 0.771654,
        -1.740157 -1.446850 0.771654,
        -1.661417 -1.446850 0.472441,
        -1.740157 -1.446850 0.472441,
        -1.652040 -1.446850 0.389215,
        -1.728806 -1.446850 0.371693,
        -1.624378 -1.446850 0.310161,
        -1.695320 -1.446850 0.275998,
        -1.579819 -1.446850 0.239246,
        -1.641380 -1.446850 0.190152,
        -1.520596 -1.446850 0.180024,
        -1.569690 -1.446850 0.118462,
        -1.449681 -1.446850 0.135465,
        -1.483845 -1.446850 0.064522,
        -1.370628 -1.446850 0.107802,
        -1.388149 -1.446850 0.031037,
        -1.287402 -1.446850 0.098425,
        -1.287402 -1.446850 0.019685,
        1.287402 -1.446850 0.098425,
        1.287402 -1.446850 0.019685,
        1.370628 -1.446850 0.107802,
        1.388149 -1.446850 0.031037,
        1.449681 -1.446850 0.135465,
        1.483845 -1.446850 0.064522,
        1.520596 -1.446850 0.180024,
        1.569690 -1.446850 0.118462,
        1.579819 -1.446850 0.239246,
        1.641380 -1.446850 0.190152,
        1.624378 -1.446850 0.310161,
        1.695320 -1.446850 0.275998,
        1.652040 -1.446850 0.389215,
        1.728806 -1.446850 0.371693,
        1.661417 -1.446850 0.472441,
        1.740157 -1.446850 0.472441,
        1.661417 -1.446850 0.771654,
        1.740157 -1.446850 0.771654,
        1.652040 -1.446850 0.854880,
        1.728806 -1.446850 0.872401,
        1.624378 -1.446850 0.933933,
        1.695320 -1.446850 0.968097,
        1.579819 -1.446850 1.004848,
        1.641380 -1.446850 1.053942,
        1.520596 -1.446850 1.064071,
        1.569690 -1.446850 1.125632,
        1.449681 -1.446850 1.108630,
        1.483845 -1.446850 1.179572,
        1.370628 -1.446850 1.136292,
        1.388149 -1.446850 1.213058,
        1.287402 -1.446850 1.145669,
        1.287402 -1.446850 1.224409,
        -0.978978 0.659449 0.000000,
        -0.982911 0.649954 0.000000,
        -0.944882 0.679134 0.000000,
        -0.955072 0.677793 0.000000,
        -0.975124 -0.664080 0.000000,
        1.287402 -1.427165 0.000000,
        -0.982990 -0.683071 0.000000,
        -0.995504 -0.699378 0.000000,
        0.982911 0.649954 0.000000,
        0.978978 0.659449 0.000000,
        1.287402 0.718504 0.000000,
        0.984252 0.639764 0.000000,
        0.590551 0.521654 0.000000,
        -0.629921 0.482283 0.000000,
        -0.619731 0.483625 0.000000,
        -0.964567 0.673859 0.000000,
        -0.972721 0.667603 0.000000,
        -1.051181 -0.722441 0.000000,
        -1.030802 -0.719758 0.000000,
        -1.011811 -0.711892 0.000000,
        0.982990 -0.683071 0.000000,
        0.995504 -0.699378 0.000000,
        1.287402 -0.722441 0.000000,
        1.051181 -0.722441 0.000000,
        1.030802 -0.719758 0.000000,
        1.287402 0.104331 0.000000,
        0.978978 0.501969 0.000000,
        0.982911 0.511464 0.000000,
        -0.629921 0.679134 0.000000,
        -0.619731 0.677793 0.000000,
        0.610236 0.673859 0.000000,
        0.602082 0.667603 0.000000,
        -0.610236 0.487558 0.000000,
        -0.602082 0.493815 0.000000,
        -0.595826 0.501969 0.000000,
        0.619731 0.483625 0.000000,
        0.610236 0.487558 0.000000,
        1.051181 0.104331 0.000000,
        1.030802 0.101648 0.000000,
        0.591893 0.511464 0.000000,
        0.595826 0.501969 0.000000,
        0.602082 0.493815 0.000000,
        -0.984252 0.639764 0.000000,
        -0.984252 0.521654 0.000000,
        -0.982911 0.511464 0.000000,
        -0.978978 0.501969 0.000000,
        1.011811 -0.711892 0.000000,
        0.984252 0.521654 0.000000,
        0.972721 0.667603 0.000000,
        0.964567 0.673859 0.000000,
        0.955072 0.677793 0.000000,
        0.629921 0.482283 0.000000,
        0.944882 0.482283 0.000000,
        0.955072 0.483625 0.000000,
        0.964567 0.487558 0.000000,
        0.972721 0.493815 0.000000,
        0.975124 0.045970 0.000000,
        0.982990 0.064961 0.000000,
        0.995504 0.081268 0.000000,
        1.011811 0.093781 0.000000,
        0.591893 0.649954 0.000000,
        -0.595826 0.659449 0.000000,
        -0.602082 0.667603 0.000000,
        0.595826 0.659449 0.000000,
        -0.610236 0.673859 0.000000,
        -0.972721 0.493815 0.000000,
        -0.964567 0.487558 0.000000,
        -1.051181 0.104331 0.000000,
        -0.955072 0.483625 0.000000,
        -1.030802 0.101648 0.000000,
        -0.944882 0.482283 0.000000,
        -1.011811 0.093781 0.000000,
        -0.995504 0.081268 0.000000,
        -0.982990 0.064961 0.000000,
        0.944882 0.679134 0.000000,
        0.629921 0.679134 0.000000,
        0.619731 0.677793 0.000000,
        -0.975124 0.045970 0.000000,
        -0.972441 0.025591 0.000000,
        0.972441 0.025591 0.000000,
        -0.972441 -0.643701 0.000000,
        0.972441 -0.643701 0.000000,
        0.975124 -0.664080 0.000000,
        -0.591893 0.511464 0.000000,
        -0.590551 0.521654 0.000000,
        0.590551 0.639764 0.000000,
        -0.590551 0.639764 0.000000,
        -0.591893 0.649954 0.000000,
        -1.632848 -1.427165 0.850500,
        -1.641694 -0.683071 0.776852,
        -1.641598 -0.673873 0.781391,
        -1.641491 -0.664080 0.784719,
        -1.641411 -0.653993 0.786726,
        -1.641412 0.035894 0.786724,
        -1.632848 1.171260 0.850500,
        -1.641491 0.045970 0.784719,
        -1.641668 0.064656 0.776318,
        -1.641598 0.055751 0.781396,
        -1.366248 1.171260 1.117100,
        -1.366248 -1.427165 1.117100,
        -1.441140 1.171260 1.090894,
        -1.441140 -1.427165 1.090894,
        -1.508323 1.171260 1.048680,
        -1.508323 -1.427165 1.048680,
        -1.564428 1.171260 0.992575,
        -1.564428 -1.427165 0.992575,
        -1.606643 1.171260 0.925392,
        -1.606643 -1.427165 0.925392,
        1.051181 0.104331 0.118110,
        1.287402 0.104331 0.118110,
        1.287402 0.718504 0.118110,
        -1.051181 -0.722441 0.118110,
        -1.287402 0.718504 0.118110,
        0.975124 0.045970 0.118110,
        0.982990 0.064961 0.118110,
        0.995504 0.081268 0.118110,
        1.011811 0.093781 0.118110,
        1.030802 0.101648 0.118110,
        -0.982990 -0.683071 0.118110,
        -0.995504 -0.699378 0.118110,
        1.287402 -1.427165 0.118110,
        -1.011811 -0.711892 0.118110,
        -1.030802 -0.719758 0.118110,
        -0.975124 -0.664080 0.118110,
        1.011811 -0.711892 0.118110,
        0.995504 -0.699378 0.118110,
        1.287402 -0.722441 0.118110,
        1.051181 -0.722441 0.118110,
        1.030802 -0.719758 0.118110,
        -1.287402 0.104331 0.118110,
        -1.051181 0.104331 0.118110,
        0.982990 -0.683071 0.118110,
        0.975124 -0.664080 0.118110,
        0.972441 -0.643701 0.118110,
        -1.030802 0.101648 0.118110,
        -1.011811 0.093781 0.118110,
        -0.995504 0.081268 0.118110,
        -0.982990 0.064961 0.118110,
        -0.975124 0.045970 0.118110,
        -0.972441 0.025591 0.118110,
        0.972441 0.025591 0.118110,
        -0.972441 -0.643701 0.118110,
        -1.632848 0.718504 0.393595,
        -1.632848 0.104331 0.393595,
        -1.606643 0.718504 0.318703,
        -1.606643 0.104331 0.318703,
        -1.564428 0.718504 0.251519,
        -1.564428 0.104331 0.251519,
        -1.508323 0.718504 0.195414,
        -1.508323 0.104331 0.195414,
        -1.441140 0.718504 0.153200,
        -1.441140 0.104331 0.153200,
        -1.366248 0.718504 0.126994,
        -1.366248 0.104331 0.126994,
        -1.759843 -0.053150 0.039370,
        -1.759843 -0.055833 0.018991,
        -1.759843 -0.063699 0.000000,
        -1.759843 -0.247317 -0.097731,
        -1.759843 -0.239451 -0.078740,
        -1.759843 -0.226937 -0.062433,
        -1.759843 -0.210630 -0.049919,
        -1.759843 -0.191639 -0.042053,
        -1.759843 -0.564961 0.787402,
        -1.759843 -0.171260 -0.039370,
        -1.759843 -0.328740 -0.433071,
        -1.759843 -0.486220 -0.433071,
        -1.759843 -0.250000 -0.354331,
        -1.759843 -0.250000 -0.118110,
        -1.759843 -0.076212 -0.016307,
        -1.759843 -0.092520 -0.028821,
        -1.759843 -0.111510 -0.036687,
        -1.759843 -0.131890 -0.039370,
        -1.641732 -0.486220 -0.433071,
        -1.641732 -0.328740 -0.433071,
        -1.641732 -0.239451 -0.078740,
        -1.641732 -0.226937 -0.062433,
        -1.641732 -0.623321 0.784719,
        -1.641732 -0.604331 0.776852,
        -1.641732 -0.588023 0.764339,
        -1.641732 -0.030087 0.764339,
        -1.641732 -0.013780 0.776852,
        -1.641732 0.005211 0.784719,
        -1.641732 -0.250000 -0.354331,
        -1.641732 -0.250000 -0.118110,
        -1.641732 -0.247317 -0.097731,
        -1.641732 -0.575510 0.748031,
        -1.641732 -0.567644 0.729041,
        -1.641732 -0.042600 0.748031,
        -1.641732 -0.050467 0.729041,
        -1.641732 -0.210630 -0.049919,
        -1.641732 -0.191639 -0.042053,
        -1.641732 -0.171260 -0.039370,
        -1.641732 -0.053150 0.708661,
        -1.641732 -0.131890 -0.039370,
        -1.641732 -0.053150 0.039370,
        -1.641732 -0.111510 -0.036687,
        -1.641732 -0.092520 -0.028821,
        -1.641732 -0.055833 0.018991,
        -1.641732 -0.076212 -0.016307,
        -1.641732 -0.063699 0.000000,
        -0.669291 0.600394 0.078740,
        -0.669291 0.561024 0.078740,
        -0.905512 0.600394 0.078740,
        -0.905512 0.561024 0.078740,
        -0.659197 0.540835 0.075043,
        -0.915606 0.540835 0.075043,
        -0.919463 0.533122 0.073631,
        -0.655341 0.533122 0.073631,
        -0.924942 0.522164 0.067306,
        -0.649862 0.522164 0.067306,
        -0.644392 0.511224 0.060992,
        -0.930411 0.511224 0.060992,
        -0.641698 0.505837 0.055219,
        -0.933105 0.505837 0.055219,
        -0.937657 0.496733 0.045461,
        -0.637146 0.496733 0.045461,
        -0.939392 0.493263 0.039133,
        -0.631440 0.485320 0.020275,
        -0.941961 0.488124 0.029761,
        -0.632842 0.488124 0.029761,
        -0.635411 0.493263 0.039133,
        -0.630609 0.483660 0.014658,
        -0.944194 0.483660 0.014658,
        -0.943363 0.485320 0.020275,
        -0.953995 0.485260 0.016212,
        -0.944603 0.499722 0.048258,
        -0.935203 0.514395 0.062976,
        -0.928989 0.542241 0.074709,
        -0.931243 0.544648 0.074303,
        -0.924295 0.537546 0.074709,
        -0.926668 0.539868 0.074844,
        -0.921887 0.535292 0.074303,
        -0.933413 0.547073 0.073631,
        -0.925700 0.550930 0.075043,
        -0.952140 0.531333 0.062976,
        -0.955311 0.536124 0.060992,
        -0.944371 0.541594 0.067306,
        -0.939880 0.518085 0.064185,
        -0.944331 0.522204 0.064591,
        -0.948450 0.526656 0.064185,
        -0.966813 0.521932 0.048258,
        -0.969803 0.528878 0.045461,
        -0.960698 0.533430 0.055219,
        -0.951258 0.503934 0.049985,
        -0.957343 0.509193 0.050569,
        -0.962601 0.515277 0.049985,
        -0.976144 0.515895 0.032379,
        -0.978411 0.524574 0.029761,
        -0.973272 0.527144 0.039133,
        -0.950641 0.490391 0.032379,
        -0.958831 0.494583 0.034011,
        -0.966070 0.500465 0.034565,
        -0.971952 0.507705 0.034011,
        -0.981275 0.512540 0.016212,
        -0.982876 0.522342 0.014658,
        -0.981215 0.523172 0.020275,
        -0.963157 0.489278 0.017187,
        -0.971084 0.495452 0.017519,
        -0.977257 0.503378 0.017187,
        -0.593588 0.523172 0.020275,
        -0.591928 0.522342 0.014658,
        -0.593528 0.512540 0.016212,
        -0.614105 0.533430 0.055219,
        -0.605000 0.528878 0.045461,
        -0.607990 0.521932 0.048258,
        -0.630432 0.541594 0.067306,
        -0.619492 0.536124 0.060992,
        -0.622663 0.531333 0.062976,
        -0.650508 0.537546 0.074709,
        -0.652916 0.535292 0.074303,
        -0.645814 0.542241 0.074709,
        -0.648135 0.539868 0.074844,
        -0.641390 0.547073 0.073631,
        -0.643560 0.544648 0.074303,
        -0.649103 0.550930 0.075043,
        -0.639600 0.514395 0.062976,
        -0.626353 0.526656 0.064185,
        -0.630472 0.522204 0.064591,
        -0.634923 0.518085 0.064185,
        -0.630200 0.499722 0.048258,
        -0.612202 0.515277 0.049985,
        -0.617461 0.509193 0.050569,
        -0.623545 0.503934 0.049985,
        -0.624163 0.490391 0.032379,
        -0.598659 0.515895 0.032379,
        -0.602851 0.507705 0.034011,
        -0.608733 0.500465 0.034565,
        -0.615972 0.494583 0.034011,
        -0.601531 0.527144 0.039133,
        -0.596392 0.524574 0.029761,
        -0.620808 0.485260 0.016212,
        -0.597546 0.503378 0.017187,
        -0.603719 0.495452 0.017519,
        -0.611645 0.489278 0.017187,
        -0.973272 0.634274 0.039133,
        -0.969803 0.632539 0.045461,
        -0.960698 0.627987 0.055219,
        -0.955311 0.625294 0.060992,
        -0.944371 0.619823 0.067306,
        -0.933413 0.614344 0.073631,
        -0.925700 0.610488 0.075043,
        -0.978411 0.636843 0.029761,
        -0.981215 0.638245 0.020275,
        -0.982876 0.639076 0.014658,
        -0.591928 0.639076 0.014658,
        -0.593588 0.638245 0.020275,
        -0.596392 0.636843 0.029761,
        -0.601531 0.634274 0.039133,
        -0.605000 0.632539 0.045461,
        -0.614105 0.627987 0.055219,
        -0.619492 0.625294 0.060992,
        -0.630432 0.619823 0.067306,
        -0.641390 0.614344 0.073631,
        -0.649103 0.610488 0.075043,
        -0.981275 0.648877 0.016212,
        -0.966813 0.639485 0.048258,
        -0.952140 0.630085 0.062976,
        -0.924295 0.623871 0.074709,
        -0.921887 0.626125 0.074303,
        -0.928989 0.619177 0.074709,
        -0.926668 0.621550 0.074844,
        -0.931243 0.616769 0.074303,
        -0.919463 0.628295 0.073631,
        -0.915606 0.620582 0.075043,
        -0.935203 0.647022 0.062976,
        -0.930411 0.650193 0.060992,
        -0.924942 0.639253 0.067306,
        -0.948450 0.634762 0.064185,
        -0.944331 0.639213 0.064591,
        -0.939880 0.643332 0.064185,
        -0.944603 0.661695 0.048258,
        -0.937657 0.664685 0.045461,
        -0.933105 0.655580 0.055219,
        -0.962601 0.646140 0.049985,
        -0.957343 0.652224 0.050569,
        -0.951258 0.657483 0.049985,
        -0.950641 0.671026 0.032379,
        -0.941961 0.673293 0.029761,
        -0.939392 0.668154 0.039133,
        -0.976144 0.645522 0.032379,
        -0.971952 0.653713 0.034011,
        -0.966070 0.660952 0.034565,
        -0.958831 0.666834 0.034011,
        -0.953995 0.676157 0.016212,
        -0.944194 0.677757 0.014658,
        -0.943363 0.676097 0.020275,
        -0.977257 0.658040 0.017187,
        -0.971084 0.665966 0.017519,
        -0.963157 0.672139 0.017187,
        -0.631440 0.676097 0.020275,
        -0.630609 0.677757 0.014658,
        -0.620808 0.676157 0.016212,
        -0.641698 0.655580 0.055219,
        -0.637146 0.664685 0.045461,
        -0.630200 0.661695 0.048258,
        -0.649862 0.639253 0.067306,
        -0.644392 0.650193 0.060992,
        -0.639600 0.647022 0.062976,
        -0.645814 0.619177 0.074709,
        -0.643560 0.616769 0.074303,
        -0.650508 0.623871 0.074709,
        -0.648135 0.621550 0.074844,
        -0.655341 0.628295 0.073631,
        -0.652916 0.626125 0.074303,
        -0.659197 0.620582 0.075043,
        -0.622663 0.630085 0.062976,
        -0.634923 0.643332 0.064185,
        -0.630472 0.639213 0.064591,
        -0.626353 0.634762 0.064185,
        -0.607990 0.639485 0.048258,
        -0.623545 0.657483 0.049985,
        -0.617461 0.652224 0.050569,
        -0.612202 0.646140 0.049985,
        -0.598659 0.645522 0.032379,
        -0.624163 0.671026 0.032379,
        -0.615972 0.666834 0.034011,
        -0.608733 0.660952 0.034565,
        -0.602851 0.653713 0.034011,
        -0.635411 0.668154 0.039133,
        -0.632842 0.673293 0.029761,
        -0.593528 0.648877 0.016212,
        -0.611645 0.672139 0.017187,
        -0.603719 0.665966 0.017519,
        -0.597546 0.658040 0.017187,
        1.632848 0.718504 0.393595,
        1.641732 0.718504 0.472441,
        1.641732 0.718504 0.159951,
        1.606643 0.718504 0.318703,
        1.392530 0.718504 0.011845,
        1.366248 0.718504 0.126994,
        1.492386 0.718504 0.046786,
        1.441140 0.718504 0.153200,
        1.581964 0.718504 0.103072,
        1.508323 0.718504 0.195414,
        1.564428 0.718504 0.251519,
        -0.422881 1.209289 1.227247,
        -0.413386 1.205356 1.232730,
        -0.405232 1.199099 1.237437,
        -0.396698 1.186326 1.242364,
        -0.395042 1.181450 1.243320,
        -0.394037 1.176399 1.243900,
        -0.736793 1.211971 1.046011,
        -0.727968 1.210630 1.051105,
        -0.762063 1.250000 1.031420,
        -0.433071 1.210630 1.221364,
        -0.762063 1.407480 1.031420,
        -0.736793 1.445509 1.046011,
        -0.745015 1.441576 1.041263,
        -0.752077 1.435319 1.037186,
        -0.757495 1.427165 1.034057,
        -0.757495 1.230315 1.034057,
        -0.752077 1.222161 1.037186,
        -0.745015 1.215905 1.041263,
        -0.401837 1.195227 1.239397,
        -0.398975 1.190945 1.241049,
        -0.760902 1.417670 1.032091,
        -0.760902 1.239810 1.032091,
        -0.703008 1.250000 0.929134,
        -0.703008 1.407480 0.929134,
        -0.668913 1.210630 0.948819,
        -0.685960 1.441576 0.938976,
        -0.693022 1.435319 0.934900,
        -0.701846 1.417670 0.929805,
        -0.698440 1.427165 0.931771,
        -0.677737 1.445509 0.943724,
        -0.701846 1.239810 0.929805,
        -0.677737 1.211971 0.943724,
        -0.685960 1.215905 0.938976,
        -0.693022 1.222161 0.934900,
        -0.698440 1.230315 0.931771,
        -0.669291 0.600394 1.165354,
        -0.905512 0.600394 1.165354,
        -0.669291 0.561024 1.165354,
        -0.905512 0.561024 1.165354,
        -0.924295 0.537546 1.169386,
        -0.921887 0.535292 1.169791,
        -0.935203 0.514395 1.181119,
        -0.939392 0.493263 1.204961,
        -0.937657 0.496733 1.198634,
        -0.944603 0.499722 1.195836,
        -0.943363 0.485320 1.223820,
        -0.941961 0.488124 1.214333,
        -0.950641 0.490391 1.211716,
        -0.981275 0.512540 1.227883,
        -0.982876 0.522342 1.229437,
        -0.944194 0.483660 1.229437,
        -0.953995 0.485260 1.227883,
        -0.963157 0.489278 1.226908,
        -0.958831 0.494583 1.210083,
        -0.981215 0.523172 1.223820,
        -0.976144 0.515895 1.211716,
        -0.978411 0.524574 1.214333,
        -0.971084 0.495452 1.226576,
        -0.966070 0.500465 1.209529,
        -0.957343 0.509193 1.193525,
        -0.977257 0.503378 1.226908,
        -0.971952 0.507705 1.210083,
        -0.962601 0.515277 1.194109,
        -0.948450 0.526656 1.179909,
        -0.966813 0.521932 1.195836,
        -0.952140 0.531333 1.181119,
        -0.955311 0.536124 1.183103,
        -0.960698 0.533430 1.188876,
        -0.969803 0.528878 1.198634,
        -0.973272 0.527144 1.204961,
        -0.919463 0.533122 1.170463,
        -0.924942 0.522164 1.176788,
        -0.930411 0.511224 1.183103,
        -0.933105 0.505837 1.188876,
        -0.939880 0.518085 1.179909,
        -0.926668 0.539868 1.169250,
        -0.931243 0.544648 1.169791,
        -0.915606 0.540835 1.169051,
        -0.925700 0.550930 1.169051,
        -0.933413 0.547073 1.170463,
        -0.944371 0.541594 1.176788,
        -0.951258 0.503934 1.194109,
        -0.944331 0.522204 1.179503,
        -0.928989 0.542241 1.169386,
        -0.659197 0.540835 1.169051,
        -0.655341 0.533122 1.170463,
        -0.649862 0.522164 1.176788,
        -0.644392 0.511224 1.183103,
        -0.641698 0.505837 1.188876,
        -0.637146 0.496733 1.198634,
        -0.630609 0.483660 1.229437,
        -0.631440 0.485320 1.223820,
        -0.632842 0.488124 1.214333,
        -0.635411 0.493263 1.204961,
        -0.982876 0.639076 1.229437,
        -0.981215 0.638245 1.223820,
        -0.978411 0.636843 1.214333,
        -0.973272 0.634274 1.204961,
        -0.969803 0.632539 1.198634,
        -0.960698 0.627987 1.188876,
        -0.955311 0.625294 1.183103,
        -0.944371 0.619823 1.176788,
        -0.933413 0.614344 1.170463,
        -0.925700 0.610488 1.169051,
        -0.645814 0.542241 1.169386,
        -0.643560 0.544648 1.169791,
        -0.622663 0.531333 1.181119,
        -0.601531 0.527144 1.204961,
        -0.605000 0.528878 1.198634,
        -0.607990 0.521932 1.195836,
        -0.593588 0.523172 1.223820,
        -0.596392 0.524574 1.214333,
        -0.598659 0.515895 1.211716,
        -0.620808 0.485260 1.227883,
        -0.591928 0.522342 1.229437,
        -0.593528 0.512540 1.227883,
        -0.597546 0.503378 1.226908,
        -0.602851 0.507705 1.210083,
        -0.624163 0.490391 1.211716,
        -0.603719 0.495452 1.226576,
        -0.608733 0.500465 1.209529,
        -0.617461 0.509193 1.193525,
        -0.611645 0.489278 1.226908,
        -0.615972 0.494583 1.210083,
        -0.623545 0.503934 1.194109,
        -0.634923 0.518085 1.179909,
        -0.630200 0.499722 1.195836,
        -0.639600 0.514395 1.181119,
        -0.641390 0.547073 1.170463,
        -0.630432 0.541594 1.176788,
        -0.619492 0.536124 1.183103,
        -0.614105 0.533430 1.188876,
        -0.626353 0.526656 1.179909,
        -0.648135 0.539868 1.169250,
        -0.652916 0.535292 1.169791,
        -0.649103 0.550930 1.169051,
        -0.612202 0.515277 1.194109,
        -0.630472 0.522204 1.179503,
        -0.650508 0.537546 1.169386,
        -0.928989 0.619177 1.169386,
        -0.931243 0.616769 1.169791,
        -0.952140 0.630085 1.181119,
        -0.966813 0.639485 1.195836,
        -0.976144 0.645522 1.211716,
        -0.953995 0.676157 1.227883,
        -0.944194 0.677757 1.229437,
        -0.981275 0.648877 1.227883,
        -0.977257 0.658040 1.226908,
        -0.971952 0.653713 1.210083,
        -0.943363 0.676097 1.223820,
        -0.950641 0.671026 1.211716,
        -0.941961 0.673293 1.214333,
        -0.971084 0.665966 1.226576,
        -0.966070 0.660952 1.209529,
        -0.957343 0.652224 1.193525,
        -0.963157 0.672139 1.226908,
        -0.958831 0.666834 1.210083,
        -0.951258 0.657483 1.194109,
        -0.939880 0.643332 1.179909,
        -0.944603 0.661695 1.195836,
        -0.935203 0.647022 1.181119,
        -0.930411 0.650193 1.183103,
        -0.933105 0.655580 1.188876,
        -0.937657 0.664685 1.198634,
        -0.939392 0.668154 1.204961,
        -0.948450 0.634762 1.179909,
        -0.926668 0.621550 1.169250,
        -0.921887 0.626125 1.169791,
        -0.915606 0.620582 1.169051,
        -0.919463 0.628295 1.170463,
        -0.924942 0.639253 1.176788,
        -0.962601 0.646140 1.194109,
        -0.944331 0.639213 1.179503,
        -0.924295 0.623871 1.169386,
        -0.649103 0.610488 1.169051,
        -0.641390 0.614344 1.170463,
        -0.630432 0.619823 1.176788,
        -0.619492 0.625294 1.183103,
        -0.614105 0.627987 1.188876,
        -0.605000 0.632539 1.198634,
        -0.601531 0.634274 1.204961,
        -0.596392 0.636843 1.214333,
        -0.593588 0.638245 1.223820,
        -0.591928 0.639076 1.229437,
        -0.630609 0.677757 1.229437,
        -0.631440 0.676097 1.223820,
        -0.632842 0.673293 1.214333,
        -0.635411 0.668154 1.204961,
        -0.637146 0.664685 1.198634,
        -0.641698 0.655580 1.188876,
        -0.644392 0.650193 1.183103,
        -0.649862 0.639253 1.176788,
        -0.655341 0.628295 1.170463,
        -0.659197 0.620582 1.169051,
        -0.650508 0.623871 1.169386,
        -0.652916 0.626125 1.169791,
        -0.639600 0.647022 1.181119,
        -0.630200 0.661695 1.195836,
        -0.624163 0.671026 1.211716,
        -0.593528 0.648877 1.227883,
        -0.620808 0.676157 1.227883,
        -0.611645 0.672139 1.226908,
        -0.615972 0.666834 1.210083,
        -0.598659 0.645522 1.211716,
        -0.603719 0.665966 1.226576,
        -0.608733 0.660952 1.209529,
        -0.617461 0.652224 1.193525,
        -0.597546 0.658040 1.226908,
        -0.602851 0.653713 1.210083,
        -0.612202 0.646140 1.194109,
        -0.626353 0.634762 1.179909,
        -0.607990 0.639485 1.195836,
        -0.622663 0.630085 1.181119,
        -0.634923 0.643332 1.179909,
        -0.648135 0.621550 1.169250,
        -0.643560 0.616769 1.169791,
        -0.623545 0.657483 1.194109,
        -0.630472 0.639213 1.179503,
        -0.645814 0.619177 1.169386,
        1.759843 -0.053150 0.787402,
        1.759843 -0.053150 0.771654,
        1.759580 -0.053150 0.787402,
        1.641732 -0.564961 0.708661,
        1.641732 -0.564961 -0.354331,
        1.755624 -0.564961 0.708661,
        1.759843 -0.564961 -0.354331,
        1.759843 -0.564961 0.771654,
        1.759843 0.858982 0.516443,
        1.759843 0.101648 0.729041,
        1.759843 0.104331 0.708661,
        1.759843 0.856299 0.496063,
        1.759843 0.104331 0.472441,
        1.759843 0.856299 0.472441,
        1.759843 1.210630 0.703463,
        1.759843 1.013780 0.496063,
        1.759843 1.229620 0.695596,
        1.759843 1.013780 -0.389764,
        1.759843 1.250000 0.692913,
        1.759843 1.092520 -0.468504,
        1.759843 1.368110 0.692913,
        1.759843 1.368110 -0.468504,
        1.759843 1.446850 -0.389764,
        1.759843 0.093781 0.748031,
        1.759843 0.866848 0.535433,
        1.759843 0.879362 0.551741,
        1.759843 0.072835 0.771654,
        1.759843 0.081268 0.764339,
        1.759843 1.171260 0.771654,
        1.759843 1.173943 0.751274,
        1.759843 1.181809 0.732283,
        1.759843 1.423788 0.669851,
        1.759843 1.407480 0.682364,
        1.759843 1.436301 0.653543,
        1.759843 1.444167 0.634553,
        1.759843 1.446850 0.614173,
        1.759843 1.388490 0.690230,
        1.759843 0.895669 0.564254,
        1.759843 0.914660 0.572120,
        1.759843 0.935039 0.574803,
        1.759843 0.955419 0.572120,
        1.759843 0.974409 0.564254,
        1.759843 0.990717 0.551741,
        1.759843 1.194322 0.715976,
        1.759843 1.003230 0.535433,
        1.759843 1.011096 0.516443,
        1.641732 0.104331 0.708661,
        1.641732 0.101648 0.729041,
        1.641732 1.171260 0.771654,
        1.641732 0.093781 0.748031,
        1.641732 0.081268 0.764339,
        1.641732 0.072835 0.771654,
        1.641732 0.895669 0.564254,
        1.641732 0.879362 0.551741,
        1.641732 0.866848 0.535433,
        1.641732 0.856299 0.159951,
        1.641732 0.856299 0.496063,
        1.641732 0.858982 0.516443,
        1.641732 1.446850 -0.389764,
        1.641732 1.368110 -0.468504,
        1.641732 1.446850 0.614173,
        1.641732 1.368110 0.692913,
        1.641732 0.935039 0.574803,
        1.641732 0.914660 0.572120,
        1.641732 1.181809 0.732283,
        1.641732 1.173943 0.751274,
        1.641732 0.104331 0.472441,
        1.641732 1.250000 0.692913,
        1.641732 1.092520 -0.468504,
        1.641732 1.229620 0.695596,
        1.641732 1.013780 -0.389764,
        1.641732 1.013780 0.496063,
        1.641732 1.011096 0.516443,
        1.641732 1.003230 0.535433,
        1.641732 1.210630 0.703463,
        1.641732 1.407480 0.682364,
        1.641732 1.423788 0.669851,
        1.641732 1.436301 0.653543,
        1.641732 1.388490 0.690230,
        1.641732 1.444167 0.634553,
        1.641732 0.990717 0.551741,
        1.641732 0.974409 0.564254,
        1.641732 0.955419 0.572120,
        1.641732 1.194322 0.715976,
        1.656771 0.856299 0.177879,
        1.656771 0.104331 0.177879,
        1.581964 0.104331 0.103072,
        1.492386 0.104331 0.046786,
        1.392530 0.104331 0.011845,
        1.713056 0.856299 0.267457,
        1.713056 0.104331 0.267457,
        1.747998 0.856299 0.367313,
        1.747998 0.104331 0.367313,
        1.756131 -1.427165 0.804593,
        1.759843 -1.427165 0.771654,
        1.759843 -0.690945 0.771654,
        1.759794 -0.682766 0.776318,
        1.759742 -0.673861 0.781396,
        1.759662 -0.664080 0.784719,
        1.759602 -0.633428 0.786729,
        1.759580 -0.564961 0.787402,
        1.759580 -0.643701 0.787402,
        1.759602 -0.654004 0.786724,
        1.759662 -0.623321 0.784719,
        1.759742 -0.613564 0.781406,
        1.759814 -0.604331 0.776852,
        1.759252 -0.575510 0.748031,
        1.758701 -0.570967 0.738824,
        1.759842 -0.595734 0.771105,
        1.759786 -0.588023 0.764339,
        1.759602 -0.581222 0.756583,
        1.757917 -0.567644 0.729041,
        1.756894 -0.565636 0.718950,
        1.755624 -0.053150 0.708661,
        1.756891 -0.052478 0.718921,
        1.757917 -0.050467 0.729041,
        1.758698 -0.047159 0.738786,
        1.759252 -0.042600 0.748031,
        1.759604 -0.036854 0.756626,
        1.759786 -0.030087 0.764339,
        1.759842 -0.022329 0.771142,
        1.759814 -0.013780 0.776852,
        1.759742 -0.004578 0.781393,
        1.759662 0.005211 0.784719,
        1.759602 0.035883 0.786726,
        1.759662 0.045970 0.784719,
        1.759580 0.025591 0.787402,
        1.758673 1.171260 0.804879,
        1.759602 0.015287 0.786724,
        1.759742 0.055763 0.781391,
        1.759814 0.064961 0.776852,
        1.747998 -1.427165 0.876781,
        1.740821 1.171260 0.904361,
        1.738617 -1.427165 0.903590,
        1.713056 -1.427165 0.976638,
        1.702217 1.171260 0.997770,
        1.700469 -1.427165 0.996671,
        1.656771 -1.427165 1.066216,
        1.644628 1.171260 1.080830,
        1.643393 -1.427165 1.079594,
        1.581964 -1.427165 1.141023,
        1.570689 1.171260 1.149739,
        1.569954 -1.427165 1.148569,
        1.483785 1.171260 1.201344,
        1.387893 1.171260 1.233283,
        1.387836 -1.427165 1.232778,
        1.392530 -1.427165 1.232250,
        1.483465 -1.427165 1.200430,
        1.492386 -1.427165 1.197308,
        1.641732 0.025591 0.787402,
        1.641732 -0.643701 0.787402,
        1.641382 0.025591 0.787402,
        1.641382 -0.643701 0.787402,
        1.759843 -1.427165 0.472441,
        1.759843 -0.722441 0.472441,
        1.759843 -0.722441 0.708661,
        1.759843 -0.719758 0.729041,
        1.759843 -0.711892 0.748031,
        1.759843 -0.699378 0.764339,
        1.747998 -1.427165 0.367313,
        1.747998 -0.722441 0.367313,
        1.713056 -1.427165 0.267457,
        1.713056 -0.722441 0.267457,
        1.656771 -1.427165 0.177879,
        1.656771 -0.722441 0.177879,
        1.581964 -1.427165 0.103072,
        1.581964 -0.722441 0.103072,
        1.492386 -1.427165 0.046786,
        1.492386 -0.722441 0.046786,
        1.392530 -1.427165 0.011845,
        1.392530 -0.722441 0.011845,
        1.366248 -0.722441 0.126994,
        1.366248 -1.427165 0.126994,
        1.441140 -0.722441 0.153200,
        1.441140 -1.427165 0.153200,
        1.508323 -0.722441 0.195414,
        1.508323 -1.427165 0.195414,
        1.564428 -0.722441 0.251519,
        1.564428 -1.427165 0.251519,
        1.606643 -0.722441 0.318703,
        1.606643 -1.427165 0.318703,
        1.632848 -0.722441 0.393595,
        1.632848 -1.427165 0.393595,
        1.641732 -0.722441 0.472441,
        1.641732 -1.427165 0.472441,
        1.641732 -0.711892 0.748031,
        1.641732 -1.427165 0.771654,
        1.641732 -0.699378 0.764339,
        1.641732 -0.690945 0.771654,
        1.641732 -0.722441 0.708661,
        1.641732 -0.719758 0.729041,
        1.632848 1.171260 0.850500,
        1.641668 0.064656 0.776318,
        1.641598 0.055751 0.781396,
        1.641491 0.045970 0.784719,
        1.641412 0.035894 0.786724,
        1.632848 -1.427165 0.850500,
        1.641411 -0.653993 0.786726,
        1.641491 -0.664080 0.784719,
        1.641694 -0.683071 0.776852,
        1.641598 -0.673873 0.781391,
        1.606643 1.171260 0.925392,
        1.606643 -1.427165 0.925392,
        1.564428 1.171260 0.992575,
        1.564428 -1.427165 0.992575,
        1.508323 1.171260 1.048680,
        1.508323 -1.427165 1.048680,
        1.441140 1.171260 1.090894,
        1.441140 -1.427165 1.090894,
        1.366248 1.171260 1.117100,
        1.366248 -1.427165 1.117100,
        1.366248 0.104331 0.126994,
        1.441140 0.104331 0.153200,
        1.508323 0.104331 0.195414,
        1.564428 0.104331 0.251519,
        1.606643 0.104331 0.318703,
        1.632848 0.104331 0.393595,
        1.759843 -0.328740 -0.433071,
        1.759843 -0.250000 -0.354331,
        1.759843 -0.486220 -0.433071,
        1.759843 -0.250000 -0.118110,
        1.759843 -0.247317 -0.097731,
        1.759843 -0.239451 -0.078740,
        1.759843 -0.226937 -0.062433,
        1.759843 -0.210630 -0.049919,
        1.759843 -0.564961 0.787402,
        1.759843 -0.191639 -0.042053,
        1.759843 -0.171260 -0.039370,
        1.759843 -0.131890 -0.039370,
        1.759843 -0.053150 0.039370,
        1.759843 -0.111510 -0.036687,
        1.759843 -0.092520 -0.028821,
        1.759843 -0.076212 -0.016307,
        1.759843 -0.063699 0.000000,
        1.759843 -0.055833 0.018991,
        1.641732 -0.486220 -0.433071,
        1.641732 -0.328740 -0.433071,
        1.641732 -0.623321 0.784719,
        1.641732 -0.604331 0.776852,
        1.641732 -0.226937 -0.062433,
        1.641732 -0.239451 -0.078740,
        1.641732 -0.050467 0.729041,
        1.641732 -0.588023 0.764339,
        1.641732 0.005211 0.784719,
        1.641732 -0.013780 0.776852,
        1.641732 -0.030087 0.764339,
        1.641732 -0.042600 0.748031,
        1.641732 -0.575510 0.748031,
        1.641732 -0.210630 -0.049919,
        1.641732 -0.247317 -0.097731,
        1.641732 -0.055833 0.018991,
        1.641732 -0.063699 0.000000,
        1.641732 -0.053150 0.039370,
        1.641732 -0.053150 0.708661,
        1.641732 -0.567644 0.729041,
        1.641732 -0.250000 -0.354331,
        1.641732 -0.250000 -0.118110,
        1.641732 -0.076212 -0.016307,
        1.641732 -0.092520 -0.028821,
        1.641732 -0.111510 -0.036687,
        1.641732 -0.131890 -0.039370,
        1.641732 -0.171260 -0.039370,
        1.641732 -0.191639 -0.042053,
        0.669291 0.561024 0.078740,
        0.669291 0.600394 0.078740,
        0.905512 0.561024 0.078740,
        0.905512 0.600394 0.078740,
        0.944194 0.483660 0.014658,
        0.630609 0.483660 0.014658,
        0.943363 0.485320 0.020275,
        0.631440 0.485320 0.020275,
        0.632842 0.488124 0.029761,
        0.941961 0.488124 0.029761,
        0.635411 0.493263 0.039133,
        0.939392 0.493263 0.039133,
        0.937657 0.496733 0.045461,
        0.637146 0.496733 0.045461,
        0.933105 0.505837 0.055219,
        0.641698 0.505837 0.055219,
        0.644392 0.511224 0.060992,
        0.930411 0.511224 0.060992,
        0.649862 0.522164 0.067306,
        0.924942 0.522164 0.067306,
        0.919463 0.533122 0.073631,
        0.655341 0.533122 0.073631,
        0.915606 0.540835 0.075043,
        0.659197 0.540835 0.075043,
        0.981215 0.523172 0.020275,
        0.982876 0.522342 0.014658,
        0.981275 0.512540 0.016212,
        0.960698 0.533430 0.055219,
        0.969803 0.528878 0.045461,
        0.966813 0.521932 0.048258,
        0.944371 0.541594 0.067306,
        0.955311 0.536124 0.060992,
        0.952140 0.531333 0.062976,
        0.924295 0.537546 0.074709,
        0.921887 0.535292 0.074303,
        0.928989 0.542241 0.074709,
        0.926668 0.539868 0.074844,
        0.933413 0.547073 0.073631,
        0.931243 0.544648 0.074303,
        0.925700 0.550930 0.075043,
        0.935203 0.514395 0.062976,
        0.948450 0.526656 0.064185,
        0.944331 0.522204 0.064591,
        0.939880 0.518085 0.064185,
        0.944603 0.499722 0.048258,
        0.962601 0.515277 0.049985,
        0.957343 0.509193 0.050569,
        0.951258 0.503934 0.049985,
        0.950641 0.490391 0.032379,
        0.976144 0.515895 0.032379,
        0.971952 0.507705 0.034011,
        0.966070 0.500465 0.034565,
        0.958831 0.494583 0.034011,
        0.973272 0.527144 0.039133,
        0.978411 0.524574 0.029761,
        0.953995 0.485260 0.016212,
        0.977257 0.503378 0.017187,
        0.971084 0.495452 0.017519,
        0.963157 0.489278 0.017187,
        0.620808 0.485260 0.016212,
        0.630200 0.499722 0.048258,
        0.639600 0.514395 0.062976,
        0.645814 0.542241 0.074709,
        0.643560 0.544648 0.074303,
        0.650508 0.537546 0.074709,
        0.648135 0.539868 0.074844,
        0.652916 0.535292 0.074303,
        0.641390 0.547073 0.073631,
        0.649103 0.550930 0.075043,
        0.622663 0.531333 0.062976,
        0.619492 0.536124 0.060992,
        0.630432 0.541594 0.067306,
        0.634923 0.518085 0.064185,
        0.630472 0.522204 0.064591,
        0.626353 0.526656 0.064185,
        0.607990 0.521932 0.048258,
        0.605000 0.528878 0.045461,
        0.614105 0.533430 0.055219,
        0.623545 0.503934 0.049985,
        0.617461 0.509193 0.050569,
        0.612202 0.515277 0.049985,
        0.598659 0.515895 0.032379,
        0.596392 0.524574 0.029761,
        0.601531 0.527144 0.039133,
        0.624163 0.490391 0.032379,
        0.615972 0.494583 0.034011,
        0.608733 0.500465 0.034565,
        0.602851 0.507705 0.034011,
        0.593528 0.512540 0.016212,
        0.591928 0.522342 0.014658,
        0.593588 0.523172 0.020275,
        0.611645 0.489278 0.017187,
        0.603719 0.495452 0.017519,
        0.597546 0.503378 0.017187,
        0.982876 0.639076 0.014658,
        0.981215 0.638245 0.020275,
        0.978411 0.636843 0.029761,
        0.973272 0.634274 0.039133,
        0.969803 0.632539 0.045461,
        0.960698 0.627987 0.055219,
        0.955311 0.625294 0.060992,
        0.944371 0.619823 0.067306,
        0.933413 0.614344 0.073631,
        0.925700 0.610488 0.075043,
        0.630432 0.619823 0.067306,
        0.641390 0.614344 0.073631,
        0.649103 0.610488 0.075043,
        0.619492 0.625294 0.060992,
        0.614105 0.627987 0.055219,
        0.605000 0.632539 0.045461,
        0.601531 0.634274 0.039133,
        0.596392 0.636843 0.029761,
        0.591928 0.639076 0.014658,
        0.593588 0.638245 0.020275,
        0.943363 0.676097 0.020275,
        0.944194 0.677757 0.014658,
        0.953995 0.676157 0.016212,
        0.933105 0.655580 0.055219,
        0.937657 0.664685 0.045461,
        0.944603 0.661695 0.048258,
        0.924942 0.639253 0.067306,
        0.930411 0.650193 0.060992,
        0.935203 0.647022 0.062976,
        0.928989 0.619177 0.074709,
        0.931243 0.616769 0.074303,
        0.924295 0.623871 0.074709,
        0.926668 0.621550 0.074844,
        0.919463 0.628295 0.073631,
        0.921887 0.626125 0.074303,
        0.915606 0.620582 0.075043,
        0.952140 0.630085 0.062976,
        0.939880 0.643332 0.064185,
        0.944331 0.639213 0.064591,
        0.948450 0.634762 0.064185,
        0.966813 0.639485 0.048258,
        0.951258 0.657483 0.049985,
        0.957343 0.652224 0.050569,
        0.962601 0.646140 0.049985,
        0.976144 0.645522 0.032379,
        0.950641 0.671026 0.032379,
        0.958831 0.666834 0.034011,
        0.966070 0.660952 0.034565,
        0.971952 0.653713 0.034011,
        0.939392 0.668154 0.039133,
        0.941961 0.673293 0.029761,
        0.981275 0.648877 0.016212,
        0.963157 0.672139 0.017187,
        0.971084 0.665966 0.017519,
        0.977257 0.658040 0.017187,
        0.593528 0.648877 0.016212,
        0.607990 0.639485 0.048258,
        0.622663 0.630085 0.062976,
        0.650508 0.623871 0.074709,
        0.652916 0.626125 0.074303,
        0.645814 0.619177 0.074709,
        0.648135 0.621550 0.074844,
        0.643560 0.616769 0.074303,
        0.655341 0.628295 0.073631,
        0.659197 0.620582 0.075043,
        0.639600 0.647022 0.062976,
        0.644392 0.650193 0.060992,
        0.649862 0.639253 0.067306,
        0.626353 0.634762 0.064185,
        0.630472 0.639213 0.064591,
        0.634923 0.643332 0.064185,
        0.630200 0.661695 0.048258,
        0.637146 0.664685 0.045461,
        0.641698 0.655580 0.055219,
        0.612202 0.646140 0.049985,
        0.617461 0.652224 0.050569,
        0.623545 0.657483 0.049985,
        0.624163 0.671026 0.032379,
        0.632842 0.673293 0.029761,
        0.635411 0.668154 0.039133,
        0.598659 0.645522 0.032379,
        0.602851 0.653713 0.034011,
        0.608733 0.660952 0.034565,
        0.615972 0.666834 0.034011,
        0.620808 0.676157 0.016212,
        0.630609 0.677757 0.014658,
        0.631440 0.676097 0.020275,
        0.597546 0.658040 0.017187,
        0.603719 0.665966 0.017519,
        0.611645 0.672139 0.017187,
        0.394037 1.176399 1.243900,
        0.395042 1.181450 1.243320,
        0.396698 1.186326 1.242364,
        0.398975 1.190945 1.241049,
        0.413386 1.205356 1.232730,
        0.422881 1.209289 1.227247,
        0.433071 1.210630 1.221364,
        0.727968 1.210630 1.051105,
        0.401837 1.195227 1.239397,
        0.405232 1.199099 1.237437,
        0.752077 1.222161 1.037186,
        0.745015 1.215905 1.041263,
        0.736793 1.211971 1.046011,
        0.762063 1.250000 1.031420,
        0.762063 1.407480 1.031420,
        0.760902 1.417670 1.032091,
        0.757495 1.230315 1.034057,
        0.760902 1.239810 1.032091,
        0.757495 1.427165 1.034057,
        0.752077 1.435319 1.037186,
        0.736793 1.445509 1.046011,
        0.745015 1.441576 1.041263,
        0.703008 1.407480 0.929134,
        0.703008 1.250000 0.929134,
        0.701846 1.417670 0.929805,
        0.668913 1.210630 0.948819,
        0.685960 1.441576 0.938976,
        0.693022 1.435319 0.934900,
        0.698440 1.427165 0.931771,
        0.701846 1.239810 0.929805,
        0.698440 1.230315 0.931771,
        0.693022 1.222161 0.934900,
        0.685960 1.215905 0.938976,
        0.677737 1.211971 0.943724,
        0.677737 1.445509 0.943724,
        0.905512 0.600394 1.165354,
        0.669291 0.600394 1.165354,
        0.905512 0.561024 1.165354,
        0.669291 0.561024 1.165354,
        0.928989 0.542241 1.169386,
        0.931243 0.544648 1.169791,
        0.952140 0.531333 1.181119,
        0.973272 0.527144 1.204961,
        0.969803 0.528878 1.198634,
        0.966813 0.521932 1.195836,
        0.981215 0.523172 1.223820,
        0.978411 0.524574 1.214333,
        0.976144 0.515895 1.211716,
        0.953995 0.485260 1.227883,
        0.944194 0.483660 1.229437,
        0.982876 0.522342 1.229437,
        0.981275 0.512540 1.227883,
        0.977257 0.503378 1.226908,
        0.971952 0.507705 1.210083,
        0.943363 0.485320 1.223820,
        0.950641 0.490391 1.211716,
        0.941961 0.488124 1.214333,
        0.971084 0.495452 1.226576,
        0.966070 0.500465 1.209529,
        0.957343 0.509193 1.193525,
        0.963157 0.489278 1.226908,
        0.958831 0.494583 1.210083,
        0.951258 0.503934 1.194109,
        0.939880 0.518085 1.179909,
        0.944603 0.499722 1.195836,
        0.935203 0.514395 1.181119,
        0.930411 0.511224 1.183103,
        0.933105 0.505837 1.188876,
        0.937657 0.496733 1.198634,
        0.939392 0.493263 1.204961,
        0.933413 0.547073 1.170463,
        0.944371 0.541594 1.176788,
        0.955311 0.536124 1.183103,
        0.960698 0.533430 1.188876,
        0.948450 0.526656 1.179909,
        0.926668 0.539868 1.169250,
        0.921887 0.535292 1.169791,
        0.925700 0.550930 1.169051,
        0.915606 0.540835 1.169051,
        0.919463 0.533122 1.170463,
        0.924942 0.522164 1.176788,
        0.962601 0.515277 1.194109,
        0.944331 0.522204 1.179503,
        0.924295 0.537546 1.169386,
        0.630609 0.483660 1.229437,
        0.631440 0.485320 1.223820,
        0.632842 0.488124 1.214333,
        0.635411 0.493263 1.204961,
        0.637146 0.496733 1.198634,
        0.641698 0.505837 1.188876,
        0.644392 0.511224 1.183103,
        0.649862 0.522164 1.176788,
        0.655341 0.533122 1.170463,
        0.659197 0.540835 1.169051,
        0.925700 0.610488 1.169051,
        0.933413 0.614344 1.170463,
        0.944371 0.619823 1.176788,
        0.955311 0.625294 1.183103,
        0.960698 0.627987 1.188876,
        0.969803 0.632539 1.198634,
        0.973272 0.634274 1.204961,
        0.978411 0.636843 1.214333,
        0.981215 0.638245 1.223820,
        0.982876 0.639076 1.229437,
        0.650508 0.537546 1.169386,
        0.652916 0.535292 1.169791,
        0.639600 0.514395 1.181119,
        0.630200 0.499722 1.195836,
        0.624163 0.490391 1.211716,
        0.593528 0.512540 1.227883,
        0.591928 0.522342 1.229437,
        0.620808 0.485260 1.227883,
        0.611645 0.489278 1.226908,
        0.615972 0.494583 1.210083,
        0.593588 0.523172 1.223820,
        0.598659 0.515895 1.211716,
        0.596392 0.524574 1.214333,
        0.603719 0.495452 1.226576,
        0.608733 0.500465 1.209529,
        0.617461 0.509193 1.193525,
        0.597546 0.503378 1.226908,
        0.602851 0.507705 1.210083,
        0.612202 0.515277 1.194109,
        0.626353 0.526656 1.179909,
        0.607990 0.521932 1.195836,
        0.622663 0.531333 1.181119,
        0.619492 0.536124 1.183103,
        0.614105 0.533430 1.188876,
        0.605000 0.528878 1.198634,
        0.601531 0.527144 1.204961,
        0.634923 0.518085 1.179909,
        0.648135 0.539868 1.169250,
        0.643560 0.544648 1.169791,
        0.649103 0.550930 1.169051,
        0.641390 0.547073 1.170463,
        0.630432 0.541594 1.176788,
        0.623545 0.503934 1.194109,
        0.630472 0.522204 1.179503,
        0.645814 0.542241 1.169386,
        0.924295 0.623871 1.169386,
        0.921887 0.626125 1.169791,
        0.935203 0.647022 1.181119,
        0.939392 0.668154 1.204961,
        0.937657 0.664685 1.198634,
        0.944603 0.661695 1.195836,
        0.943363 0.676097 1.223820,
        0.941961 0.673293 1.214333,
        0.950641 0.671026 1.211716,
        0.981275 0.648877 1.227883,
        0.944194 0.677757 1.229437,
        0.953995 0.676157 1.227883,
        0.963157 0.672139 1.226908,
        0.958831 0.666834 1.210083,
        0.976144 0.645522 1.211716,
        0.971084 0.665966 1.226576,
        0.966070 0.660952 1.209529,
        0.957343 0.652224 1.193525,
        0.977257 0.658040 1.226908,
        0.971952 0.653713 1.210083,
        0.962601 0.646140 1.194109,
        0.948450 0.634762 1.179909,
        0.966813 0.639485 1.195836,
        0.952140 0.630085 1.181119,
        0.919463 0.628295 1.170463,
        0.924942 0.639253 1.176788,
        0.930411 0.650193 1.183103,
        0.933105 0.655580 1.188876,
        0.939880 0.643332 1.179909,
        0.926668 0.621550 1.169250,
        0.931243 0.616769 1.169791,
        0.915606 0.620582 1.169051,
        0.951258 0.657483 1.194109,
        0.944331 0.639213 1.179503,
        0.928989 0.619177 1.169386,
        0.591928 0.639076 1.229437,
        0.593588 0.638245 1.223820,
        0.596392 0.636843 1.214333,
        0.601531 0.634274 1.204961,
        0.605000 0.632539 1.198634,
        0.614105 0.627987 1.188876,
        0.619492 0.625294 1.183103,
        0.630432 0.619823 1.176788,
        0.641390 0.614344 1.170463,
        0.649103 0.610488 1.169051,
        0.644392 0.650193 1.183103,
        0.649862 0.639253 1.176788,
        0.655341 0.628295 1.170463,
        0.659197 0.620582 1.169051,
        0.631440 0.676097 1.223820,
        0.630609 0.677757 1.229437,
        0.632842 0.673293 1.214333,
        0.635411 0.668154 1.204961,
        0.637146 0.664685 1.198634,
        0.641698 0.655580 1.188876,
        0.645814 0.619177 1.169386,
        0.643560 0.616769 1.169791,
        0.622663 0.630085 1.181119,
        0.607990 0.639485 1.195836,
        0.598659 0.645522 1.211716,
        0.620808 0.676157 1.227883,
        0.593528 0.648877 1.227883,
        0.597546 0.658040 1.226908,
        0.602851 0.653713 1.210083,
        0.624163 0.671026 1.211716,
        0.603719 0.665966 1.226576,
        0.608733 0.660952 1.209529,
        0.617461 0.652224 1.193525,
        0.611645 0.672139 1.226908,
        0.615972 0.666834 1.210083,
        0.623545 0.657483 1.194109,
        0.634923 0.643332 1.179909,
        0.630200 0.661695 1.195836,
        0.639600 0.647022 1.181119,
        0.626353 0.634762 1.179909,
        0.648135 0.621550 1.169250,
        0.652916 0.626125 1.169791,
        0.612202 0.646140 1.194109,
        0.630472 0.639213 1.179503,
        0.650508 0.623871 1.169386,
      ]
    }
    coordIndex [
      0, 1, 2, -1,
      3, 4, 5, -1,
      6, 7, 8, -1,
      9, 10, 11, -1,
      12, 13, 14, -1,
      15, 16, 17, -1,
      18, 19, 20, -1,
      21, 22, 23, -1,
      24, 25, 26, -1,
      27, 28, 29, -1,
      30, 31, 32, -1,
      32, 33, 30, -1,
      30, 33, 34, -1,
      30, 34, 35, -1,
      36, 37, 30, -1,
      30, 37, 38, -1,
      30, 38, 31, -1,
      39, 40, 41, -1,
      41, 40, 42, -1,
      41, 42, 36, -1,
      36, 42, 43, -1,
      36, 43, 37, -1,
      39, 41, 44, -1,
      44, 41, 45, -1,
      44, 45, 46, -1,
      46, 45, 47, -1,
      46, 47, 48, -1,
      47, 49, 50, -1,
      47, 51, 48, -1,
      48, 51, 52, -1,
      48, 52, 53, -1,
      53, 52, 54, -1,
      53, 54, 55, -1,
      50, 56, 47, -1,
      47, 56, 57, -1,
      47, 57, 51, -1,
      58, 59, 60, -1,
      60, 59, 61, -1,
      61, 62, 60, -1,
      60, 62, 63, -1,
      60, 63, 64, -1,
      64, 63, 65, -1,
      65, 66, 64, -1,
      64, 66, 67, -1,
      64, 67, 47, -1,
      47, 67, 68, -1,
      47, 68, 49, -1,
      69, 70, 60, -1,
      60, 70, 71, -1,
      60, 71, 72, -1,
      73, 58, 74, -1,
      74, 58, 60, -1,
      74, 60, 75, -1,
      75, 60, 72, -1,
      76, 77, 78, -1,
      78, 77, 79, -1,
      78, 79, 80, -1,
      69, 81, 70, -1,
      70, 81, 78, -1,
      70, 78, 82, -1,
      82, 78, 80, -1,
      83, 84, 85, -1,
      85, 86, 83, -1,
      83, 86, 87, -1,
      83, 87, 76, -1,
      88, 89, 29, -1,
      29, 89, 90, -1,
      29, 90, 27, -1,
      91, 92, 29, -1,
      88, 93, 94, -1,
      94, 93, 95, -1,
      35, 96, 30, -1,
      30, 96, 97, -1,
      30, 97, 98, -1,
      98, 97, 99, -1,
      98, 99, 100, -1,
      92, 101, 29, -1,
      29, 101, 102, -1,
      29, 102, 103, -1,
      104, 105, 106, -1,
      95, 107, 94, -1,
      94, 107, 108, -1,
      94, 108, 109, -1,
      110, 111, 112, -1,
      112, 111, 113, -1,
      112, 113, 114, -1,
      103, 115, 29, -1,
      29, 115, 116, -1,
      29, 116, 88, -1,
      88, 116, 117, -1,
      88, 117, 93, -1,
      100, 118, 98, -1,
      98, 118, 119, -1,
      98, 119, 112, -1,
      112, 119, 120, -1,
      112, 120, 110, -1,
      114, 121, 112, -1,
      112, 121, 122, -1,
      112, 122, 29, -1,
      29, 122, 123, -1,
      29, 123, 91, -1,
      109, 124, 94, -1,
      94, 124, 125, -1,
      94, 125, 126, -1,
      127, 128, 94, -1,
      94, 128, 129, -1,
      94, 129, 104, -1,
      104, 129, 130, -1,
      104, 130, 105, -1,
      126, 131, 94, -1,
      94, 131, 132, -1,
      94, 132, 133, -1,
      133, 134, 94, -1,
      94, 134, 135, -1,
      94, 135, 127, -1,
      136, 137, 138, -1,
      106, 139, 104, -1,
      104, 139, 136, -1,
      104, 136, 140, -1,
      140, 136, 138, -1,
      140, 138, 141, -1,
      142, 143, 144, -1,
      144, 143, 145, -1,
      144, 145, 146, -1,
      147, 148, 149, -1,
      149, 148, 150, -1,
      149, 150, 144, -1,
      144, 150, 151, -1,
      144, 151, 142, -1,
      147, 152, 148, -1,
      148, 152, 153, -1,
      148, 153, 136, -1,
      136, 153, 154, -1,
      136, 154, 137, -1,
      155, 156, 136, -1,
      157, 158, 136, -1,
      136, 158, 159, -1,
      136, 159, 160, -1,
      136, 156, 148, -1,
      148, 156, 161, -1,
      148, 161, 162, -1,
      160, 163, 136, -1,
      136, 163, 164, -1,
      136, 164, 155, -1,
      165, 166, 167, -1,
      167, 166, 168, -1,
      167, 168, 169, -1,
      162, 170, 148, -1,
      148, 170, 167, -1,
      148, 167, 171, -1,
      171, 167, 169, -1,
      172, 173, 136, -1,
      172, 136, 174, -1,
      175, 176, 177, -1,
      177, 176, 178, -1,
      177, 178, 179, -1,
      173, 180, 136, -1,
      136, 180, 181, -1,
      136, 181, 157, -1,
      175, 177, 139, -1,
      139, 177, 182, -1,
      139, 182, 136, -1,
      136, 182, 183, -1,
      136, 183, 174, -1,
      184, 185, 186, -1,
      187, 188, 189, -1,
      189, 188, 190, -1,
      190, 191, 189, -1,
      189, 191, 192, -1,
      189, 192, 193, -1,
      193, 192, 194, -1,
      193, 194, 195, -1,
      195, 194, 196, -1,
      195, 196, 186, -1,
      186, 196, 197, -1,
      186, 197, 184, -1,
      187, 189, 198, -1,
      198, 189, 199, -1,
      198, 199, 200, -1,
      185, 201, 186, -1,
      186, 201, 202, -1,
      186, 202, 203, -1,
      203, 202, 204, -1,
      203, 204, 205, -1,
      205, 206, 203, -1,
      203, 206, 207, -1,
      203, 207, 199, -1,
      199, 207, 208, -1,
      199, 208, 200, -1,
      209, 210, 211, -1,
      112, 212, 213, -1,
      213, 212, 214, -1,
      215, 216, 217, -1,
      217, 216, 218, -1,
      217, 218, 219, -1,
      112, 213, 98, -1,
      98, 213, 220, -1,
      98, 220, 221, -1,
      221, 220, 222, -1,
      221, 222, 209, -1,
      214, 212, 223, -1,
      223, 212, 224, -1,
      223, 224, 225, -1,
      226, 227, 228, -1,
      228, 227, 229, -1,
      228, 229, 230, -1,
      230, 229, 231, -1,
      232, 233, 234, -1,
      234, 233, 195, -1,
      234, 195, 235, -1,
      235, 195, 236, -1,
      237, 238, 239, -1,
      240, 241, 242, -1,
      242, 241, 243, -1,
      243, 244, 245, -1,
      245, 244, 246, -1,
      245, 246, 247, -1,
      248, 249, 250, -1,
      250, 249, 251, -1,
      250, 251, 252, -1,
      252, 251, 239, -1,
      252, 239, 253, -1,
      253, 239, 238, -1,
      253, 238, 26, -1,
      26, 238, 254, -1,
      26, 254, 24, -1,
      255, 256, 240, -1,
      240, 256, 257, -1,
      240, 257, 241, -1,
      258, 259, 249, -1,
      260, 261, 262, -1,
      262, 261, 263, -1,
      262, 263, 264, -1,
      264, 263, 258, -1,
      264, 258, 265, -1,
      265, 258, 249, -1,
      265, 249, 255, -1,
      255, 249, 248, -1,
      255, 248, 256, -1,
      262, 266, 267, -1,
      268, 269, 262, -1,
      262, 269, 270, -1,
      262, 270, 271, -1,
      268, 272, 269, -1,
      269, 272, 273, -1,
      269, 273, 274, -1,
      274, 273, 275, -1,
      274, 275, 276, -1,
      271, 277, 262, -1,
      262, 277, 278, -1,
      262, 278, 279, -1,
      267, 280, 262, -1,
      262, 280, 281, -1,
      262, 281, 260, -1,
      279, 282, 262, -1,
      262, 282, 283, -1,
      262, 283, 266, -1,
      284, 285, 286, -1,
      286, 285, 287, -1,
      286, 287, 255, -1,
      255, 287, 288, -1,
      255, 288, 265, -1,
      20, 19, 289, -1,
      289, 19, 290, -1,
      289, 290, 291, -1,
      291, 290, 292, -1,
      291, 292, 284, -1,
      293, 294, 295, -1,
      296, 297, 20, -1,
      20, 297, 298, -1,
      22, 299, 23, -1,
      23, 299, 300, -1,
      23, 300, 295, -1,
      295, 300, 301, -1,
      295, 301, 293, -1,
      294, 302, 295, -1,
      295, 302, 303, -1,
      295, 303, 304, -1,
      298, 305, 20, -1,
      20, 305, 306, -1,
      20, 306, 18, -1,
      304, 307, 295, -1,
      295, 307, 308, -1,
      295, 308, 20, -1,
      20, 308, 309, -1,
      20, 309, 296, -1,
      310, 311, 312, -1,
      313, 314, 315, -1,
      315, 314, 316, -1,
      313, 317, 314, -1,
      314, 317, 318, -1,
      314, 318, 319, -1,
      320, 321, 322, -1,
      323, 324, 325, -1,
      325, 324, 326, -1,
      325, 326, 327, -1,
      327, 326, 328, -1,
      327, 328, 329, -1,
      327, 330, 325, -1,
      325, 330, 331, -1,
      325, 331, 312, -1,
      312, 331, 332, -1,
      312, 332, 310, -1,
      311, 333, 312, -1,
      312, 333, 334, -1,
      312, 334, 314, -1,
      314, 334, 335, -1,
      314, 335, 316, -1,
      323, 325, 321, -1,
      321, 325, 336, -1,
      321, 336, 322, -1,
      322, 337, 320, -1,
      320, 337, 338, -1,
      320, 338, 339, -1,
      339, 338, 340, -1,
      339, 340, 341, -1,
      341, 340, 342, -1,
      343, 344, 345, -1,
      318, 346, 319, -1,
      319, 346, 347, -1,
      319, 347, 348, -1,
      348, 347, 349, -1,
      349, 350, 348, -1,
      348, 350, 351, -1,
      348, 351, 352, -1,
      353, 354, 343, -1,
      343, 354, 355, -1,
      343, 355, 344, -1,
      352, 356, 348, -1,
      348, 356, 357, -1,
      348, 357, 358, -1,
      329, 359, 327, -1,
      327, 359, 360, -1,
      327, 360, 361, -1,
      361, 360, 343, -1,
      361, 343, 362, -1,
      362, 343, 345, -1,
      363, 364, 365, -1,
      366, 367, 45, -1,
      368, 369, 370, -1,
      371, 372, 364, -1,
      364, 372, 373, -1,
      364, 373, 365, -1,
      374, 375, 370, -1,
      366, 45, 376, -1,
      377, 378, 41, -1,
      41, 378, 379, -1,
      41, 379, 380, -1,
      367, 381, 45, -1,
      45, 381, 382, -1,
      45, 382, 383, -1,
      384, 385, 370, -1,
      370, 385, 386, -1,
      370, 386, 374, -1,
      387, 388, 365, -1,
      365, 388, 389, -1,
      365, 389, 363, -1,
      371, 364, 41, -1,
      41, 364, 390, -1,
      41, 390, 377, -1,
      383, 382, 370, -1,
      370, 382, 391, -1,
      370, 391, 384, -1,
      392, 393, 394, -1,
      394, 393, 395, -1,
      396, 370, 397, -1,
      397, 370, 375, -1,
      397, 375, 398, -1,
      398, 375, 399, -1,
      380, 400, 41, -1,
      41, 400, 401, -1,
      41, 401, 45, -1,
      45, 401, 402, -1,
      45, 402, 376, -1,
      403, 404, 405, -1,
      375, 406, 399, -1,
      399, 406, 407, -1,
      399, 407, 408, -1,
      408, 407, 409, -1,
      405, 410, 403, -1,
      403, 410, 411, -1,
      403, 411, 412, -1,
      396, 413, 370, -1,
      370, 413, 414, -1,
      370, 414, 368, -1,
      368, 414, 403, -1,
      368, 403, 415, -1,
      415, 403, 412, -1,
      407, 416, 409, -1,
      409, 416, 417, -1,
      409, 417, 387, -1,
      387, 417, 418, -1,
      387, 418, 388, -1,
      419, 420, 421, -1,
      422, 423, 421, -1,
      421, 423, 424, -1,
      421, 424, 419, -1,
      420, 425, 421, -1,
      421, 425, 426, -1,
      421, 426, 427, -1,
      428, 429, 430, -1,
      430, 429, 427, -1,
      421, 431, 422, -1,
      422, 431, 348, -1,
      422, 348, 343, -1,
      343, 348, 358, -1,
      343, 358, 353, -1,
      224, 432, 433, -1,
      218, 225, 295, -1,
      295, 225, 224, -1,
      295, 224, 434, -1,
      434, 224, 435, -1,
      15, 17, 436, -1,
      23, 437, 438, -1,
      433, 439, 224, -1,
      224, 439, 440, -1,
      224, 440, 441, -1,
      442, 443, 435, -1,
      435, 443, 444, -1,
      435, 444, 445, -1,
      445, 444, 446, -1,
      447, 448, 446, -1,
      446, 448, 449, -1,
      446, 449, 445, -1,
      450, 451, 23, -1,
      23, 451, 452, -1,
      23, 452, 437, -1,
      453, 454, 17, -1,
      17, 454, 455, -1,
      17, 455, 436, -1,
      441, 456, 224, -1,
      224, 456, 457, -1,
      224, 457, 458, -1,
      458, 459, 224, -1,
      224, 459, 460, -1,
      224, 460, 435, -1,
      435, 460, 461, -1,
      435, 461, 442, -1,
      434, 462, 295, -1,
      295, 462, 463, -1,
      295, 463, 23, -1,
      23, 463, 464, -1,
      23, 464, 450, -1,
      465, 466, 467, -1,
      467, 466, 23, -1,
      467, 23, 468, -1,
      468, 23, 438, -1,
      469, 470, 446, -1,
      446, 470, 471, -1,
      446, 471, 472, -1,
      472, 473, 446, -1,
      446, 473, 474, -1,
      446, 474, 447, -1,
      465, 17, 466, -1,
      466, 17, 16, -1,
      466, 16, 475, -1,
      475, 16, 476, -1,
      475, 476, 477, -1,
      476, 478, 477, -1,
      477, 478, 479, -1,
      477, 479, 432, -1,
      480, 481, 14, -1,
      482, 483, 484, -1,
      484, 483, 485, -1,
      484, 485, 249, -1,
      486, 480, 251, -1,
      487, 488, 14, -1,
      487, 14, 489, -1,
      490, 491, 249, -1,
      249, 491, 492, -1,
      488, 493, 14, -1,
      14, 493, 494, -1,
      14, 494, 12, -1,
      495, 496, 485, -1,
      492, 497, 249, -1,
      249, 497, 498, -1,
      249, 498, 251, -1,
      251, 498, 499, -1,
      251, 499, 486, -1,
      496, 500, 485, -1,
      485, 500, 501, -1,
      485, 501, 249, -1,
      249, 501, 502, -1,
      249, 502, 490, -1,
      503, 504, 481, -1,
      481, 504, 505, -1,
      481, 505, 14, -1,
      14, 505, 506, -1,
      14, 506, 489, -1,
      507, 508, 509, -1,
      509, 508, 510, -1,
      509, 510, 485, -1,
      485, 510, 511, -1,
      485, 511, 495, -1,
      507, 512, 508, -1,
      508, 512, 513, -1,
      508, 513, 514, -1,
      514, 513, 515, -1,
      514, 516, 517, -1,
      518, 519, 520, -1,
      520, 519, 521, -1,
      520, 521, 522, -1,
      520, 523, 518, -1,
      518, 523, 524, -1,
      518, 524, 525, -1,
      515, 526, 514, -1,
      514, 526, 527, -1,
      514, 527, 528, -1,
      525, 529, 518, -1,
      518, 529, 530, -1,
      518, 530, 531, -1,
      531, 530, 532, -1,
      531, 532, 533, -1,
      533, 532, 534, -1,
      533, 534, 481, -1,
      481, 534, 535, -1,
      481, 535, 503, -1,
      528, 536, 514, -1,
      514, 536, 537, -1,
      514, 537, 516, -1,
      517, 538, 514, -1,
      514, 538, 539, -1,
      514, 539, 540, -1,
      541, 542, 522, -1,
      522, 542, 543, -1,
      522, 543, 520, -1,
      482, 484, 544, -1,
      544, 484, 6, -1,
      544, 6, 545, -1,
      546, 547, 548, -1,
      548, 547, 549, -1,
      548, 549, 550, -1,
      551, 552, 553, -1,
      553, 554, 551, -1,
      551, 554, 555, -1,
      551, 555, 556, -1,
      556, 555, 557, -1,
      556, 557, 239, -1,
      558, 559, 14, -1,
      14, 559, 560, -1,
      480, 14, 251, -1,
      251, 14, 560, -1,
      251, 560, 239, -1,
      239, 560, 561, -1,
      239, 561, 556, -1,
      562, 559, 563, -1,
      563, 559, 558, -1,
      563, 558, 564, -1,
      565, 566, 567, -1,
      568, 569, 14, -1,
      545, 6, 13, -1,
      13, 6, 565, -1,
      13, 565, 14, -1,
      14, 565, 567, -1,
      14, 567, 568, -1,
      569, 570, 14, -1,
      14, 570, 571, -1,
      14, 571, 572, -1,
      572, 573, 14, -1,
      14, 573, 574, -1,
      14, 574, 558, -1,
      558, 574, 575, -1,
      558, 575, 564, -1,
      576, 577, 578, -1,
      578, 577, 579, -1,
      578, 579, 565, -1,
      565, 579, 580, -1,
      565, 580, 566, -1,
      581, 582, 583, -1,
      581, 583, 549, -1,
      582, 584, 583, -1,
      583, 584, 585, -1,
      583, 585, 578, -1,
      578, 585, 586, -1,
      578, 586, 576, -1,
      587, 588, 589, -1,
      589, 588, 590, -1,
      589, 590, 591, -1,
      557, 547, 239, -1,
      239, 547, 546, -1,
      239, 546, 233, -1,
      233, 546, 592, -1,
      233, 592, 195, -1,
      195, 592, 593, -1,
      195, 593, 594, -1,
      195, 595, 193, -1,
      193, 595, 596, -1,
      193, 596, 550, -1,
      550, 596, 597, -1,
      550, 597, 548, -1,
      589, 595, 587, -1,
      587, 595, 195, -1,
      587, 195, 598, -1,
      598, 195, 594, -1,
      598, 594, 11, -1,
      11, 594, 599, -1,
      11, 599, 9, -1,
      76, 78, 83, -1,
      83, 78, 600, -1,
      83, 600, 601, -1,
      601, 600, 602, -1,
      601, 602, 603, -1,
      603, 602, 604, -1,
      603, 604, 477, -1,
      477, 604, 605, -1,
      477, 605, 475, -1,
      6, 8, 565, -1,
      565, 8, 606, -1,
      565, 606, 578, -1,
      578, 606, 607, -1,
      578, 607, 583, -1,
      583, 607, 608, -1,
      583, 608, 609, -1,
      609, 608, 610, -1,
      609, 610, 611, -1,
      611, 610, 612, -1,
      611, 612, 613, -1,
      613, 612, 614, -1,
      613, 614, 615, -1,
      432, 224, 477, -1,
      477, 224, 212, -1,
      477, 212, 603, -1,
      603, 212, 112, -1,
      603, 112, 601, -1,
      601, 112, 29, -1,
      601, 29, 83, -1,
      83, 29, 28, -1,
      83, 28, 84, -1,
      549, 583, 550, -1,
      550, 583, 609, -1,
      550, 609, 193, -1,
      193, 609, 611, -1,
      193, 611, 189, -1,
      189, 611, 613, -1,
      189, 613, 199, -1,
      199, 613, 615, -1,
      199, 615, 616, -1,
      605, 7, 475, -1,
      475, 7, 6, -1,
      475, 6, 466, -1,
      466, 6, 484, -1,
      466, 484, 23, -1,
      23, 484, 249, -1,
      23, 249, 21, -1,
      21, 249, 259, -1,
      617, 618, 199, -1,
      619, 620, 621, -1,
      199, 618, 203, -1,
      203, 618, 622, -1,
      203, 622, 623, -1,
      621, 617, 619, -1,
      619, 617, 199, -1,
      619, 199, 624, -1,
      624, 199, 616, -1,
      624, 616, 623, -1,
      623, 616, 625, -1,
      623, 625, 203, -1,
      614, 626, 615, -1,
      615, 626, 627, -1,
      615, 627, 616, -1,
      616, 627, 628, -1,
      616, 628, 625, -1,
      625, 628, 629, -1,
      630, 3, 631, -1,
      631, 3, 5, -1,
      631, 5, 221, -1,
      221, 5, 632, -1,
      221, 632, 98, -1,
      98, 632, 633, -1,
      98, 633, 30, -1,
      245, 237, 243, -1,
      243, 237, 239, -1,
      243, 239, 242, -1,
      242, 239, 634, -1,
      0, 2, 635, -1,
      636, 637, 233, -1,
      233, 637, 638, -1,
      233, 638, 639, -1,
      226, 228, 232, -1,
      232, 228, 2, -1,
      232, 2, 233, -1,
      233, 2, 1, -1,
      233, 1, 636, -1,
      639, 640, 233, -1,
      233, 640, 641, -1,
      233, 641, 239, -1,
      239, 641, 642, -1,
      239, 642, 634, -1,
      634, 643, 242, -1,
      242, 643, 644, -1,
      242, 644, 2, -1,
      2, 644, 645, -1,
      2, 645, 646, -1,
      646, 647, 2, -1,
      2, 647, 648, -1,
      2, 648, 635, -1,
      649, 236, 650, -1,
      650, 236, 195, -1,
      650, 195, 231, -1,
      231, 195, 186, -1,
      231, 186, 230, -1,
      230, 186, 203, -1,
      230, 203, 651, -1,
      651, 203, 625, -1,
      651, 625, 652, -1,
      652, 625, 629, -1,
      652, 629, 653, -1,
      633, 630, 30, -1,
      30, 630, 631, -1,
      30, 631, 36, -1,
      36, 631, 654, -1,
      211, 219, 209, -1,
      209, 219, 218, -1,
      209, 218, 221, -1,
      221, 218, 295, -1,
      221, 295, 631, -1,
      631, 295, 20, -1,
      631, 20, 654, -1,
      654, 20, 289, -1,
      284, 286, 291, -1,
      291, 286, 255, -1,
      291, 255, 655, -1,
      655, 255, 240, -1,
      655, 240, 656, -1,
      656, 240, 242, -1,
      656, 242, 657, -1,
      657, 242, 2, -1,
      657, 2, 658, -1,
      658, 2, 228, -1,
      658, 228, 421, -1,
      421, 228, 230, -1,
      421, 230, 431, -1,
      431, 230, 651, -1,
      431, 651, 348, -1,
      348, 651, 652, -1,
      348, 652, 319, -1,
      319, 652, 653, -1,
      319, 653, 314, -1,
      427, 429, 421, -1,
      421, 429, 659, -1,
      421, 659, 658, -1,
      658, 659, 660, -1,
      658, 660, 657, -1,
      657, 660, 661, -1,
      657, 661, 656, -1,
      656, 661, 662, -1,
      656, 662, 655, -1,
      655, 662, 663, -1,
      655, 663, 291, -1,
      291, 663, 664, -1,
      291, 664, 289, -1,
      289, 664, 665, -1,
      289, 665, 654, -1,
      654, 665, 666, -1,
      654, 666, 36, -1,
      36, 666, 394, -1,
      36, 394, 41, -1,
      41, 394, 395, -1,
      41, 395, 371, -1,
      667, 668, 669, -1,
      670, 671, 669, -1,
      669, 671, 672, -1,
      673, 674, 675, -1,
      675, 674, 676, -1,
      677, 678, 679, -1,
      679, 678, 680, -1,
      680, 681, 679, -1,
      679, 681, 682, -1,
      679, 682, 683, -1,
      676, 684, 685, -1,
      677, 679, 686, -1,
      686, 679, 687, -1,
      686, 687, 688, -1,
      685, 689, 676, -1,
      676, 689, 690, -1,
      676, 690, 691, -1,
      672, 692, 693, -1,
      693, 694, 672, -1,
      672, 694, 695, -1,
      672, 695, 676, -1,
      676, 695, 696, -1,
      697, 679, 672, -1,
      672, 679, 683, -1,
      672, 683, 692, -1,
      696, 698, 676, -1,
      676, 698, 699, -1,
      676, 699, 700, -1,
      701, 702, 672, -1,
      672, 702, 703, -1,
      672, 704, 669, -1,
      669, 704, 705, -1,
      669, 705, 706, -1,
      706, 707, 669, -1,
      669, 707, 708, -1,
      669, 708, 667, -1,
      667, 708, 709, -1,
      667, 709, 710, -1,
      688, 711, 686, -1,
      686, 711, 712, -1,
      686, 712, 713, -1,
      714, 715, 713, -1,
      713, 715, 716, -1,
      713, 716, 686, -1,
      717, 718, 675, -1,
      675, 718, 719, -1,
      675, 719, 720, -1,
      691, 721, 676, -1,
      676, 721, 722, -1,
      676, 722, 672, -1,
      672, 722, 723, -1,
      672, 723, 701, -1,
      703, 724, 672, -1,
      672, 724, 725, -1,
      672, 725, 726, -1,
      700, 727, 676, -1,
      676, 727, 728, -1,
      676, 728, 675, -1,
      675, 728, 729, -1,
      675, 729, 717, -1,
      726, 730, 672, -1,
      672, 730, 731, -1,
      672, 731, 704, -1,
      710, 709, 732, -1,
      732, 709, 733, -1,
      732, 733, 734, -1,
      734, 733, 735, -1,
      734, 735, 736, -1,
      727, 700, 393, -1,
      393, 700, 395, -1,
      688, 687, 368, -1,
      368, 687, 369, -1,
      737, 738, 739, -1,
      740, 741, 742, -1,
      742, 741, 743, -1,
      742, 743, 744, -1,
      745, 746, 747, -1,
      748, 749, 750, -1,
      751, 752, 753, -1,
      753, 752, 754, -1,
      748, 750, 755, -1,
      756, 757, 758, -1,
      758, 757, 752, -1,
      757, 759, 752, -1,
      752, 759, 760, -1,
      752, 760, 754, -1,
      754, 760, 761, -1,
      754, 761, 762, -1,
      763, 745, 764, -1,
      764, 745, 747, -1,
      764, 747, 765, -1,
      765, 747, 766, -1,
      765, 766, 767, -1,
      767, 766, 768, -1,
      767, 768, 769, -1,
      768, 770, 769, -1,
      769, 770, 771, -1,
      769, 771, 772, -1,
      772, 771, 773, -1,
      772, 773, 756, -1,
      756, 773, 774, -1,
      756, 774, 757, -1,
      750, 775, 755, -1,
      755, 775, 776, -1,
      755, 776, 777, -1,
      777, 776, 754, -1,
      777, 754, 778, -1,
      778, 754, 762, -1,
      764, 779, 763, -1,
      763, 779, 780, -1,
      763, 780, 781, -1,
      781, 780, 782, -1,
      783, 784, 785, -1,
      786, 787, 788, -1,
      788, 787, 789, -1,
      788, 789, 790, -1,
      791, 785, 792, -1,
      792, 785, 793, -1,
      794, 795, 788, -1,
      796, 797, 785, -1,
      785, 797, 798, -1,
      785, 798, 793, -1,
      790, 783, 788, -1,
      788, 783, 785, -1,
      788, 785, 794, -1,
      794, 785, 791, -1,
      799, 800, 801, -1,
      801, 800, 802, -1,
      801, 802, 803, -1,
      803, 802, 804, -1,
      803, 804, 805, -1,
      805, 804, 806, -1,
      795, 807, 788, -1,
      788, 807, 808, -1,
      788, 808, 809, -1,
      810, 811, 812, -1,
      812, 811, 806, -1,
      813, 805, 814, -1,
      814, 805, 806, -1,
      814, 806, 815, -1,
      815, 806, 811, -1,
      813, 816, 805, -1,
      805, 816, 817, -1,
      805, 817, 818, -1,
      818, 817, 819, -1,
      818, 819, 820, -1,
      820, 819, 821, -1,
      820, 821, 809, -1,
      809, 821, 822, -1,
      809, 822, 788, -1,
      823, 824, 825, -1,
      823, 825, 826, -1,
      826, 825, 827, -1,
      826, 827, 828, -1,
      828, 827, 829, -1,
      828, 829, 830, -1,
      831, 797, 796, -1,
      830, 829, 796, -1,
      796, 829, 832, -1,
      796, 832, 831, -1,
      831, 832, 833, -1,
      831, 833, 834, -1,
      834, 833, 835, -1,
      834, 835, 836, -1,
      836, 835, 750, -1,
      836, 750, 749, -1,
      804, 802, 745, -1,
      745, 802, 746, -1,
      45, 383, 837, -1,
      838, 839, 840, -1,
      752, 751, 840, -1,
      840, 751, 841, -1,
      840, 841, 838, -1,
      842, 737, 843, -1,
      843, 737, 840, -1,
      843, 840, 844, -1,
      844, 840, 839, -1,
      842, 845, 737, -1,
      737, 845, 846, -1,
      737, 846, 847, -1,
      847, 848, 737, -1,
      737, 848, 849, -1,
      737, 849, 738, -1,
      849, 850, 738, -1,
      738, 850, 851, -1,
      738, 851, 852, -1,
      852, 853, 738, -1,
      738, 853, 854, -1,
      738, 854, 855, -1,
      743, 856, 744, -1,
      744, 856, 857, -1,
      744, 857, 858, -1,
      858, 859, 744, -1,
      744, 859, 860, -1,
      744, 860, 861, -1,
      861, 860, 862, -1,
      861, 862, 863, -1,
      863, 864, 861, -1,
      861, 864, 865, -1,
      861, 865, 866, -1,
      866, 867, 861, -1,
      861, 867, 868, -1,
      861, 868, 869, -1,
      869, 868, 870, -1,
      869, 870, 871, -1,
      872, 873, 874, -1,
      874, 873, 869, -1,
      874, 869, 875, -1,
      875, 869, 871, -1,
      876, 81, 69, -1,
      69, 60, 876, -1,
      876, 60, 64, -1,
      876, 64, 47, -1,
      47, 45, 876, -1,
      876, 45, 837, -1,
      876, 837, 877, -1,
      877, 837, 878, -1,
      877, 878, 879, -1,
      879, 878, 880, -1,
      880, 878, 881, -1,
      880, 881, 882, -1,
      882, 881, 883, -1,
      883, 881, 884, -1,
      883, 884, 885, -1,
      885, 884, 886, -1,
      886, 884, 887, -1,
      886, 887, 888, -1,
      888, 887, 889, -1,
      889, 887, 890, -1,
      889, 890, 891, -1,
      891, 890, 892, -1,
      892, 890, 840, -1,
      892, 840, 869, -1,
      869, 840, 737, -1,
      869, 737, 861, -1,
      893, 894, 673, -1,
      673, 894, 392, -1,
      392, 394, 673, -1,
      673, 394, 666, -1,
      673, 666, 674, -1,
      674, 666, 665, -1,
      665, 664, 674, -1,
      674, 664, 663, -1,
      674, 663, 662, -1,
      662, 661, 674, -1,
      674, 661, 660, -1,
      674, 660, 659, -1,
      895, 896, 428, -1,
      428, 896, 674, -1,
      428, 674, 429, -1,
      429, 674, 659, -1,
      897, 898, 899, -1,
      899, 898, 900, -1,
      901, 873, 902, -1,
      902, 873, 872, -1,
      903, 904, 905, -1,
      905, 904, 873, -1,
      905, 873, 906, -1,
      906, 873, 901, -1,
      907, 908, 909, -1,
      907, 909, 910, -1,
      910, 909, 911, -1,
      910, 911, 912, -1,
      912, 911, 913, -1,
      912, 913, 914, -1,
      914, 913, 915, -1,
      914, 915, 916, -1,
      916, 915, 917, -1,
      916, 917, 918, -1,
      918, 917, 919, -1,
      918, 919, 920, -1,
      920, 919, 904, -1,
      920, 904, 903, -1,
      921, 922, 923, -1,
      923, 922, 924, -1,
      923, 924, 925, -1,
      925, 924, 926, -1,
      925, 926, 927, -1,
      927, 926, 928, -1,
      927, 928, 929, -1,
      929, 928, 930, -1,
      929, 930, 931, -1,
      931, 930, 932, -1,
      931, 932, 933, -1,
      933, 932, 934, -1,
      933, 934, 935, -1,
      935, 934, 936, -1,
      922, 921, 937, -1,
      937, 921, 938, -1,
      937, 938, 939, -1,
      939, 940, 937, -1,
      937, 940, 941, -1,
      937, 941, 942, -1,
      943, 944, 945, -1,
      945, 944, 946, -1,
      945, 946, 947, -1,
      947, 946, 948, -1,
      947, 948, 949, -1,
      949, 948, 950, -1,
      949, 950, 951, -1,
      951, 950, 952, -1,
      951, 952, 953, -1,
      953, 952, 954, -1,
      953, 954, 955, -1,
      955, 954, 956, -1,
      955, 956, 957, -1,
      957, 956, 958, -1,
      957, 958, 959, -1,
      959, 958, 960, -1,
      959, 960, 961, -1,
      961, 960, 962, -1,
      961, 962, 963, -1,
      963, 962, 964, -1,
      963, 964, 965, -1,
      965, 964, 966, -1,
      965, 966, 967, -1,
      967, 966, 968, -1,
      967, 968, 969, -1,
      969, 968, 970, -1,
      969, 970, 971, -1,
      971, 970, 972, -1,
      971, 972, 973, -1,
      973, 972, 974, -1,
      973, 974, 975, -1,
      975, 974, 976, -1,
      975, 976, 977, -1,
      977, 976, 978, -1,
      977, 978, 979, -1,
      979, 978, 980, -1,
      979, 980, 981, -1,
      981, 980, 982, -1,
      981, 982, 983, -1,
      983, 982, 984, -1,
      983, 984, 985, -1,
      985, 984, 986, -1,
      985, 986, 987, -1,
      987, 986, 988, -1,
      987, 988, 989, -1,
      989, 988, 990, -1,
      989, 990, 991, -1,
      991, 990, 992, -1,
      991, 992, 993, -1,
      993, 992, 994, -1,
      993, 994, 995, -1,
      995, 994, 996, -1,
      995, 996, 997, -1,
      997, 996, 998, -1,
      997, 998, 999, -1,
      999, 998, 1000, -1,
      999, 1000, 1001, -1,
      1001, 1000, 1002, -1,
      1001, 1002, 1003, -1,
      1003, 1002, 1004, -1,
      1003, 1004, 1005, -1,
      1005, 1004, 1006, -1,
      1005, 1006, 943, -1,
      943, 1006, 944, -1,
      823, 1007, 1008, -1,
      1009, 1010, 823, -1,
      1011, 1012, 1013, -1,
      1013, 1012, 1014, -1,
      1015, 1016, 1017, -1,
      1015, 1017, 1018, -1,
      1019, 1020, 1021, -1,
      1010, 1022, 823, -1,
      823, 1022, 1023, -1,
      823, 1023, 1007, -1,
      907, 1024, 908, -1,
      908, 1024, 1025, -1,
      908, 1025, 1012, -1,
      1012, 1025, 1026, -1,
      1012, 1026, 1014, -1,
      1011, 1027, 1028, -1,
      1029, 1012, 1030, -1,
      1030, 1012, 1031, -1,
      1032, 1033, 1034, -1,
      1009, 823, 1035, -1,
      1035, 823, 1017, -1,
      1035, 1017, 1036, -1,
      1036, 1037, 1038, -1,
      1021, 1039, 1019, -1,
      1019, 1039, 1040, -1,
      1019, 1040, 1041, -1,
      1042, 1032, 1043, -1,
      1043, 1032, 1044, -1,
      1043, 1044, 1045, -1,
      1019, 1046, 1020, -1,
      1020, 1046, 1047, -1,
      1020, 1047, 1048, -1,
      1008, 1049, 823, -1,
      823, 1049, 1050, -1,
      823, 1050, 824, -1,
      824, 1050, 1051, -1,
      824, 1051, 1052, -1,
      1011, 1028, 1012, -1,
      1012, 1028, 1053, -1,
      1012, 1053, 1031, -1,
      1032, 1034, 1017, -1,
      1017, 1034, 1054, -1,
      1017, 1054, 1018, -1,
      1016, 1055, 1017, -1,
      1017, 1055, 1056, -1,
      1017, 1056, 1057, -1,
      1042, 1058, 1032, -1,
      1032, 1058, 1059, -1,
      1032, 1059, 1060, -1,
      1060, 1061, 1032, -1,
      1032, 1061, 1062, -1,
      1032, 1062, 1033, -1,
      1063, 1020, 1064, -1,
      1064, 1020, 1048, -1,
      1064, 1048, 1065, -1,
      1065, 1048, 1043, -1,
      1065, 1043, 1066, -1,
      1066, 1043, 1045, -1,
      1067, 1068, 1069, -1,
      1038, 1070, 1036, -1,
      1036, 1070, 1067, -1,
      1036, 1067, 1071, -1,
      1071, 1067, 1069, -1,
      1052, 1072, 824, -1,
      824, 1072, 1073, -1,
      824, 1073, 1074, -1,
      1074, 1073, 1075, -1,
      1074, 1075, 1076, -1,
      1076, 1075, 1077, -1,
      1076, 1077, 1078, -1,
      1078, 1077, 1020, -1,
      1078, 1020, 1079, -1,
      1079, 1020, 1080, -1,
      1057, 1081, 1017, -1,
      1017, 1081, 1082, -1,
      1017, 1082, 1036, -1,
      1036, 1082, 1083, -1,
      1036, 1083, 1037, -1,
      1080, 1020, 1084, -1,
      1084, 1020, 1063, -1,
      1084, 1063, 1085, -1,
      1085, 1063, 1086, -1,
      1085, 1086, 1087, -1,
      1087, 1086, 1088, -1,
      1087, 1088, 1011, -1,
      1011, 1088, 1089, -1,
      1011, 1089, 1027, -1,
      1041, 1090, 1019, -1,
      1019, 1090, 1091, -1,
      1019, 1091, 1092, -1,
      1092, 1091, 1093, -1,
      1092, 1093, 1067, -1,
      1067, 1093, 1094, -1,
      1067, 1094, 1068, -1,
      937, 942, 1095, -1,
      1095, 942, 1096, -1,
      1095, 1096, 1097, -1,
      1097, 1098, 1095, -1,
      1095, 1098, 1099, -1,
      1095, 1099, 899, -1,
      900, 1100, 1101, -1,
      1101, 1100, 1102, -1,
      786, 788, 1103, -1,
      1103, 788, 1101, -1,
      1103, 1101, 1104, -1,
      1104, 1101, 1102, -1,
      697, 672, 1105, -1,
      1105, 672, 1106, -1,
      1105, 1106, 1107, -1,
      1107, 1106, 1108, -1,
      1107, 1108, 1109, -1,
      1109, 1108, 1110, -1,
      1109, 1110, 1111, -1,
      1111, 1110, 1112, -1,
      1111, 1112, 1113, -1,
      1113, 1112, 1114, -1,
      1113, 1114, 1101, -1,
      1101, 1114, 1095, -1,
      1101, 1095, 900, -1,
      900, 1095, 899, -1,
      1115, 1116, 1117, -1,
      1118, 935, 936, -1,
      1119, 1120, 1121, -1,
      1121, 1122, 1119, -1,
      1119, 1122, 1123, -1,
      1119, 1123, 1117, -1,
      1117, 1123, 1124, -1,
      1117, 1124, 1115, -1,
      1125, 1126, 1127, -1,
      1127, 1126, 1128, -1,
      1127, 1128, 936, -1,
      936, 1128, 1129, -1,
      936, 1129, 1118, -1,
      1125, 1127, 1130, -1,
      1130, 1127, 1131, -1,
      1130, 1131, 1132, -1,
      1133, 1134, 1127, -1,
      1127, 1134, 1135, -1,
      1127, 1135, 1131, -1,
      1119, 1136, 1137, -1,
      1132, 1138, 1130, -1,
      1130, 1138, 1139, -1,
      1130, 1139, 1140, -1,
      1137, 1141, 1119, -1,
      1119, 1141, 1142, -1,
      1119, 1142, 1120, -1,
      1120, 1142, 1143, -1,
      1120, 1143, 1144, -1,
      1144, 1145, 1120, -1,
      1120, 1145, 1146, -1,
      1120, 1146, 1147, -1,
      1147, 1146, 1140, -1,
      1140, 1146, 1148, -1,
      1140, 1148, 1130, -1,
      785, 784, 1149, -1,
      1149, 784, 1150, -1,
      1149, 1150, 1151, -1,
      1151, 1150, 1152, -1,
      1151, 1152, 1153, -1,
      1153, 1152, 1154, -1,
      1153, 1154, 1155, -1,
      1155, 1154, 1156, -1,
      1155, 1156, 1157, -1,
      1157, 1156, 1158, -1,
      1157, 1158, 1159, -1,
      1159, 1158, 1160, -1,
      1159, 1160, 1119, -1,
      1119, 1160, 1136, -1,
      1148, 1146, 1087, -1,
      1087, 1146, 1085, -1,
      1118, 1024, 935, -1,
      935, 1024, 907, -1,
      935, 907, 933, -1,
      933, 907, 910, -1,
      933, 910, 931, -1,
      931, 910, 912, -1,
      931, 912, 929, -1,
      929, 912, 914, -1,
      929, 914, 927, -1,
      927, 914, 916, -1,
      927, 916, 925, -1,
      925, 916, 918, -1,
      925, 918, 923, -1,
      923, 918, 920, -1,
      923, 920, 921, -1,
      921, 920, 903, -1,
      921, 903, 938, -1,
      938, 903, 905, -1,
      783, 775, 784, -1,
      784, 775, 750, -1,
      784, 750, 1150, -1,
      1150, 750, 835, -1,
      1150, 835, 1152, -1,
      1152, 835, 833, -1,
      1152, 833, 1154, -1,
      1154, 833, 832, -1,
      1154, 832, 1156, -1,
      1156, 832, 829, -1,
      1156, 829, 1158, -1,
      1158, 829, 827, -1,
      1158, 827, 1160, -1,
      1160, 827, 825, -1,
      1160, 825, 1136, -1,
      1136, 825, 824, -1,
      1136, 824, 1137, -1,
      1137, 824, 1074, -1,
      1161, 1162, 1163, -1,
      1164, 742, 1165, -1,
      1165, 742, 744, -1,
      1165, 744, 1166, -1,
      1166, 744, 1167, -1,
      1167, 744, 1168, -1,
      1168, 744, 1169, -1,
      1168, 1169, 1170, -1,
      1170, 1169, 739, -1,
      1170, 739, 738, -1,
      1171, 1172, 1173, -1,
      1173, 1172, 742, -1,
      1173, 742, 1174, -1,
      1174, 742, 1164, -1,
      1161, 1163, 738, -1,
      738, 1163, 1175, -1,
      738, 1175, 1176, -1,
      1176, 1177, 738, -1,
      738, 1177, 1178, -1,
      738, 1178, 1170, -1,
      1172, 1171, 1179, -1,
      1179, 1171, 1180, -1,
      1181, 1182, 741, -1,
      897, 1183, 898, -1,
      898, 1183, 1184, -1,
      898, 1184, 1185, -1,
      740, 1179, 1180, -1,
      1186, 1187, 1185, -1,
      1185, 1187, 1188, -1,
      1185, 1188, 898, -1,
      1180, 1189, 740, -1,
      740, 1189, 1190, -1,
      740, 1190, 741, -1,
      741, 1190, 1191, -1,
      741, 1191, 1181, -1,
      1185, 1192, 1186, -1,
      1186, 1192, 1193, -1,
      1186, 1193, 1194, -1,
      1194, 1193, 1195, -1,
      1182, 1196, 741, -1,
      741, 1196, 1197, -1,
      741, 1197, 1193, -1,
      1193, 1197, 1195, -1,
      1195, 1197, 1198, -1,
      1195, 1198, 1199, -1,
      1199, 1198, 1200, -1,
      1199, 1200, 1201, -1,
      1200, 1202, 1201, -1,
      1201, 1202, 1203, -1,
      1201, 1203, 1204, -1,
      1204, 1203, 1205, -1,
      1204, 1205, 1206, -1,
      737, 739, 861, -1,
      861, 739, 1169, -1,
      744, 861, 1169, -1,
      1190, 1189, 1174, -1,
      1174, 1189, 1173, -1,
      1207, 1208, 1209, -1,
      1209, 1208, 1210, -1,
      1200, 1198, 1178, -1,
      1178, 1198, 1170, -1,
      1199, 1201, 855, -1,
      855, 1201, 1161, -1,
      855, 1161, 738, -1,
      1208, 1211, 1210, -1,
      1210, 1211, 1212, -1,
      1212, 1211, 1213, -1,
      1213, 1211, 1214, -1,
      1213, 1214, 1215, -1,
      1214, 1216, 1215, -1,
      1215, 1216, 1217, -1,
      1215, 1217, 1218, -1,
      1218, 1217, 1219, -1,
      1218, 1219, 1220, -1,
      1220, 1219, 1221, -1,
      1221, 1219, 1222, -1,
      1221, 1222, 1223, -1,
      1224, 1225, 1226, -1,
      1226, 1225, 1223, -1,
      1226, 1223, 1227, -1,
      1227, 1223, 1222, -1,
      1020, 1077, 1228, -1,
      1228, 1077, 1229, -1,
      1228, 1229, 1224, -1,
      1224, 1229, 1230, -1,
      1224, 1230, 1225, -1,
      1230, 1229, 1231, -1,
      1220, 1221, 1232, -1,
      1215, 1218, 1233, -1,
      1234, 1235, 1210, -1,
      1236, 1237, 1210, -1,
      1213, 1238, 1212, -1,
      1212, 1238, 1210, -1,
      1236, 1210, 1238, -1,
      1239, 1240, 1235, -1,
      1235, 1240, 1210, -1,
      1237, 1234, 1210, -1,
      1215, 1233, 1213, -1,
      1241, 1242, 1243, -1,
      1213, 1233, 1238, -1,
      1238, 1233, 1244, -1,
      1238, 1244, 1236, -1,
      1236, 1244, 1245, -1,
      1236, 1245, 1237, -1,
      1237, 1245, 1246, -1,
      1237, 1246, 1234, -1,
      1234, 1246, 1241, -1,
      1234, 1241, 1235, -1,
      1235, 1241, 1243, -1,
      1235, 1243, 1239, -1,
      1220, 1232, 1218, -1,
      1247, 1248, 1249, -1,
      1218, 1232, 1233, -1,
      1233, 1232, 1250, -1,
      1233, 1250, 1244, -1,
      1244, 1250, 1251, -1,
      1244, 1251, 1245, -1,
      1245, 1251, 1252, -1,
      1245, 1252, 1246, -1,
      1246, 1252, 1247, -1,
      1246, 1247, 1241, -1,
      1241, 1247, 1249, -1,
      1241, 1249, 1242, -1,
      1253, 1254, 1255, -1,
      1221, 1256, 1232, -1,
      1232, 1256, 1257, -1,
      1232, 1257, 1250, -1,
      1250, 1257, 1258, -1,
      1250, 1258, 1251, -1,
      1251, 1258, 1259, -1,
      1251, 1259, 1252, -1,
      1252, 1259, 1253, -1,
      1252, 1253, 1247, -1,
      1247, 1253, 1255, -1,
      1247, 1255, 1248, -1,
      1221, 1223, 1256, -1,
      1256, 1223, 1225, -1,
      1256, 1225, 1230, -1,
      1260, 1261, 1262, -1,
      1230, 1231, 1256, -1,
      1256, 1231, 1263, -1,
      1256, 1263, 1257, -1,
      1257, 1263, 1264, -1,
      1257, 1264, 1258, -1,
      1258, 1264, 1265, -1,
      1258, 1265, 1259, -1,
      1259, 1265, 1260, -1,
      1259, 1260, 1253, -1,
      1253, 1260, 1262, -1,
      1253, 1262, 1254, -1,
      1050, 1261, 1051, -1,
      1051, 1261, 1260, -1,
      1051, 1260, 1052, -1,
      1052, 1260, 1265, -1,
      1052, 1265, 1072, -1,
      1072, 1265, 1264, -1,
      1072, 1264, 1073, -1,
      1073, 1264, 1263, -1,
      1073, 1263, 1075, -1,
      1075, 1263, 1231, -1,
      1075, 1231, 1077, -1,
      1077, 1231, 1229, -1,
      1266, 1267, 1268, -1,
      1269, 1270, 1271, -1,
      1272, 1273, 1274, -1,
      1275, 1276, 1208, -1,
      1277, 1278, 1208, -1,
      1279, 1280, 1281, -1,
      1281, 1280, 1208, -1,
      1277, 1208, 1280, -1,
      1214, 1211, 1276, -1,
      1276, 1211, 1208, -1,
      1278, 1275, 1208, -1,
      1272, 1274, 1279, -1,
      1282, 1217, 1216, -1,
      1279, 1274, 1280, -1,
      1280, 1274, 1283, -1,
      1280, 1283, 1277, -1,
      1277, 1283, 1284, -1,
      1277, 1284, 1278, -1,
      1278, 1284, 1285, -1,
      1278, 1285, 1275, -1,
      1275, 1285, 1282, -1,
      1275, 1282, 1276, -1,
      1276, 1282, 1216, -1,
      1276, 1216, 1214, -1,
      1269, 1271, 1273, -1,
      1286, 1222, 1219, -1,
      1273, 1271, 1274, -1,
      1274, 1271, 1287, -1,
      1274, 1287, 1283, -1,
      1283, 1287, 1288, -1,
      1283, 1288, 1284, -1,
      1284, 1288, 1289, -1,
      1284, 1289, 1285, -1,
      1285, 1289, 1286, -1,
      1285, 1286, 1282, -1,
      1282, 1286, 1219, -1,
      1282, 1219, 1217, -1,
      1290, 1226, 1227, -1,
      1270, 1291, 1271, -1,
      1271, 1291, 1292, -1,
      1271, 1292, 1287, -1,
      1287, 1292, 1293, -1,
      1287, 1293, 1288, -1,
      1288, 1293, 1294, -1,
      1288, 1294, 1289, -1,
      1289, 1294, 1290, -1,
      1289, 1290, 1286, -1,
      1286, 1290, 1227, -1,
      1286, 1227, 1222, -1,
      1270, 1295, 1291, -1,
      1291, 1295, 1296, -1,
      1291, 1296, 1266, -1,
      1297, 1228, 1224, -1,
      1266, 1268, 1291, -1,
      1291, 1268, 1298, -1,
      1291, 1298, 1292, -1,
      1292, 1298, 1299, -1,
      1292, 1299, 1293, -1,
      1293, 1299, 1300, -1,
      1293, 1300, 1294, -1,
      1294, 1300, 1297, -1,
      1294, 1297, 1290, -1,
      1290, 1297, 1224, -1,
      1290, 1224, 1226, -1,
      1020, 1228, 1021, -1,
      1021, 1228, 1297, -1,
      1021, 1297, 1039, -1,
      1039, 1297, 1300, -1,
      1039, 1300, 1040, -1,
      1040, 1300, 1299, -1,
      1040, 1299, 1041, -1,
      1041, 1299, 1298, -1,
      1041, 1298, 1090, -1,
      1090, 1298, 1268, -1,
      1090, 1268, 1091, -1,
      1091, 1268, 1267, -1,
      1255, 1301, 1302, -1,
      1255, 1302, 1248, -1,
      1248, 1302, 1303, -1,
      1248, 1303, 1249, -1,
      1249, 1303, 1304, -1,
      1249, 1304, 1242, -1,
      1242, 1304, 1305, -1,
      1242, 1305, 1243, -1,
      1243, 1305, 1306, -1,
      1243, 1306, 1239, -1,
      1239, 1306, 1307, -1,
      1239, 1307, 1240, -1,
      1240, 1307, 1209, -1,
      1240, 1209, 1210, -1,
      1301, 1255, 1308, -1,
      1308, 1255, 1254, -1,
      1308, 1254, 1309, -1,
      1254, 1262, 1309, -1,
      1309, 1262, 1261, -1,
      1309, 1261, 1310, -1,
      1310, 1261, 1050, -1,
      1310, 1050, 1049, -1,
      1093, 1091, 1311, -1,
      1311, 1091, 1267, -1,
      1311, 1267, 1312, -1,
      1267, 1266, 1312, -1,
      1312, 1266, 1296, -1,
      1312, 1296, 1313, -1,
      1313, 1296, 1295, -1,
      1313, 1295, 1314, -1,
      1314, 1295, 1315, -1,
      1315, 1295, 1270, -1,
      1315, 1270, 1316, -1,
      1270, 1269, 1316, -1,
      1316, 1269, 1273, -1,
      1316, 1273, 1317, -1,
      1317, 1273, 1272, -1,
      1317, 1272, 1318, -1,
      1318, 1272, 1319, -1,
      1319, 1272, 1279, -1,
      1319, 1279, 1320, -1,
      1279, 1281, 1320, -1,
      1320, 1281, 1208, -1,
      1320, 1208, 1207, -1,
      1309, 1310, 1321, -1,
      1303, 1302, 1322, -1,
      1305, 1304, 1323, -1,
      1324, 1325, 1209, -1,
      1326, 1327, 1209, -1,
      1306, 1328, 1307, -1,
      1307, 1328, 1209, -1,
      1326, 1209, 1328, -1,
      1329, 1330, 1325, -1,
      1325, 1330, 1209, -1,
      1327, 1324, 1209, -1,
      1305, 1323, 1306, -1,
      1331, 1332, 1333, -1,
      1306, 1323, 1328, -1,
      1328, 1323, 1334, -1,
      1328, 1334, 1326, -1,
      1326, 1334, 1335, -1,
      1326, 1335, 1327, -1,
      1327, 1335, 1336, -1,
      1327, 1336, 1324, -1,
      1324, 1336, 1331, -1,
      1324, 1331, 1325, -1,
      1325, 1331, 1333, -1,
      1325, 1333, 1329, -1,
      1303, 1322, 1304, -1,
      1337, 1338, 1339, -1,
      1304, 1322, 1323, -1,
      1323, 1322, 1340, -1,
      1323, 1340, 1334, -1,
      1334, 1340, 1341, -1,
      1334, 1341, 1335, -1,
      1335, 1341, 1342, -1,
      1335, 1342, 1336, -1,
      1336, 1342, 1337, -1,
      1336, 1337, 1331, -1,
      1331, 1337, 1339, -1,
      1331, 1339, 1332, -1,
      1343, 1344, 1345, -1,
      1302, 1346, 1322, -1,
      1322, 1346, 1347, -1,
      1322, 1347, 1340, -1,
      1340, 1347, 1348, -1,
      1340, 1348, 1341, -1,
      1341, 1348, 1349, -1,
      1341, 1349, 1342, -1,
      1342, 1349, 1343, -1,
      1342, 1343, 1337, -1,
      1337, 1343, 1345, -1,
      1337, 1345, 1338, -1,
      1302, 1301, 1346, -1,
      1346, 1301, 1308, -1,
      1346, 1308, 1309, -1,
      1350, 1351, 1352, -1,
      1309, 1321, 1346, -1,
      1346, 1321, 1353, -1,
      1346, 1353, 1347, -1,
      1347, 1353, 1354, -1,
      1347, 1354, 1348, -1,
      1348, 1354, 1355, -1,
      1348, 1355, 1349, -1,
      1349, 1355, 1350, -1,
      1349, 1350, 1343, -1,
      1343, 1350, 1352, -1,
      1343, 1352, 1344, -1,
      1009, 1351, 1010, -1,
      1010, 1351, 1350, -1,
      1010, 1350, 1022, -1,
      1022, 1350, 1355, -1,
      1022, 1355, 1023, -1,
      1023, 1355, 1354, -1,
      1023, 1354, 1007, -1,
      1007, 1354, 1353, -1,
      1007, 1353, 1008, -1,
      1008, 1353, 1321, -1,
      1008, 1321, 1049, -1,
      1049, 1321, 1310, -1,
      1356, 1357, 1358, -1,
      1359, 1360, 1361, -1,
      1362, 1363, 1364, -1,
      1365, 1366, 1207, -1,
      1367, 1368, 1207, -1,
      1369, 1370, 1371, -1,
      1371, 1370, 1207, -1,
      1367, 1207, 1370, -1,
      1319, 1320, 1366, -1,
      1366, 1320, 1207, -1,
      1368, 1365, 1207, -1,
      1362, 1364, 1369, -1,
      1372, 1317, 1318, -1,
      1369, 1364, 1370, -1,
      1370, 1364, 1373, -1,
      1370, 1373, 1367, -1,
      1367, 1373, 1374, -1,
      1367, 1374, 1368, -1,
      1368, 1374, 1375, -1,
      1368, 1375, 1365, -1,
      1365, 1375, 1372, -1,
      1365, 1372, 1366, -1,
      1366, 1372, 1318, -1,
      1366, 1318, 1319, -1,
      1359, 1361, 1363, -1,
      1376, 1315, 1316, -1,
      1363, 1361, 1364, -1,
      1364, 1361, 1377, -1,
      1364, 1377, 1373, -1,
      1373, 1377, 1378, -1,
      1373, 1378, 1374, -1,
      1374, 1378, 1379, -1,
      1374, 1379, 1375, -1,
      1375, 1379, 1376, -1,
      1375, 1376, 1372, -1,
      1372, 1376, 1316, -1,
      1372, 1316, 1317, -1,
      1380, 1313, 1314, -1,
      1360, 1381, 1361, -1,
      1361, 1381, 1382, -1,
      1361, 1382, 1377, -1,
      1377, 1382, 1383, -1,
      1377, 1383, 1378, -1,
      1378, 1383, 1384, -1,
      1378, 1384, 1379, -1,
      1379, 1384, 1380, -1,
      1379, 1380, 1376, -1,
      1376, 1380, 1314, -1,
      1376, 1314, 1315, -1,
      1360, 1385, 1381, -1,
      1381, 1385, 1386, -1,
      1381, 1386, 1356, -1,
      1387, 1311, 1312, -1,
      1356, 1358, 1381, -1,
      1381, 1358, 1388, -1,
      1381, 1388, 1382, -1,
      1382, 1388, 1389, -1,
      1382, 1389, 1383, -1,
      1383, 1389, 1390, -1,
      1383, 1390, 1384, -1,
      1384, 1390, 1387, -1,
      1384, 1387, 1380, -1,
      1380, 1387, 1312, -1,
      1380, 1312, 1313, -1,
      1093, 1311, 1094, -1,
      1094, 1311, 1387, -1,
      1094, 1387, 1068, -1,
      1068, 1387, 1390, -1,
      1068, 1390, 1069, -1,
      1069, 1390, 1389, -1,
      1069, 1389, 1071, -1,
      1071, 1389, 1388, -1,
      1071, 1388, 1036, -1,
      1036, 1388, 1358, -1,
      1036, 1358, 1035, -1,
      1035, 1358, 1357, -1,
      1209, 1330, 1207, -1,
      1207, 1330, 1371, -1,
      1371, 1330, 1369, -1,
      1369, 1330, 1329, -1,
      1369, 1329, 1362, -1,
      1362, 1329, 1333, -1,
      1362, 1333, 1363, -1,
      1363, 1333, 1332, -1,
      1363, 1332, 1359, -1,
      1359, 1332, 1339, -1,
      1359, 1339, 1360, -1,
      1360, 1339, 1338, -1,
      1360, 1338, 1385, -1,
      1352, 1386, 1344, -1,
      1344, 1386, 1385, -1,
      1344, 1385, 1345, -1,
      1345, 1385, 1338, -1,
      1009, 1035, 1351, -1,
      1351, 1035, 1357, -1,
      1351, 1357, 1352, -1,
      1352, 1357, 1356, -1,
      1352, 1356, 1386, -1,
      1391, 1392, 1393, -1,
      1391, 1393, 1394, -1,
      796, 785, 1149, -1,
      1149, 1151, 796, -1,
      796, 1151, 1153, -1,
      796, 1153, 830, -1,
      830, 1153, 1155, -1,
      830, 1155, 828, -1,
      828, 1155, 1157, -1,
      828, 1157, 826, -1,
      826, 1157, 1159, -1,
      826, 1159, 823, -1,
      823, 1159, 1119, -1,
      823, 1119, 1017, -1,
      1017, 1119, 1117, -1,
      1017, 1117, 1395, -1,
      1395, 1117, 1396, -1,
      1395, 1396, 1397, -1,
      1397, 1396, 1398, -1,
      1397, 1398, 1399, -1,
      1399, 1398, 1400, -1,
      1399, 1400, 1393, -1,
      1393, 1400, 1401, -1,
      1393, 1401, 1394, -1,
      369, 687, 370, -1,
      370, 687, 679, -1,
      370, 679, 383, -1,
      383, 679, 697, -1,
      383, 697, 837, -1,
      837, 697, 1105, -1,
      837, 1105, 878, -1,
      878, 1105, 1107, -1,
      878, 1107, 881, -1,
      881, 1107, 1109, -1,
      881, 1109, 884, -1,
      884, 1109, 1111, -1,
      884, 1111, 887, -1,
      887, 1111, 1113, -1,
      887, 1113, 890, -1,
      890, 1113, 1101, -1,
      890, 1101, 840, -1,
      840, 1101, 788, -1,
      840, 788, 752, -1,
      764, 765, 814, -1,
      814, 765, 813, -1,
      797, 831, 798, -1,
      798, 831, 834, -1,
      834, 836, 798, -1,
      798, 836, 749, -1,
      798, 749, 748, -1,
      770, 768, 803, -1,
      803, 768, 801, -1,
      766, 747, 799, -1,
      799, 747, 800, -1,
      799, 801, 766, -1,
      766, 801, 768, -1,
      747, 746, 800, -1,
      800, 746, 802, -1,
      764, 814, 815, -1,
      764, 815, 779, -1,
      779, 815, 811, -1,
      779, 811, 780, -1,
      780, 811, 810, -1,
      780, 810, 782, -1,
      782, 810, 812, -1,
      782, 812, 781, -1,
      781, 812, 806, -1,
      781, 806, 763, -1,
      763, 806, 804, -1,
      763, 804, 745, -1,
      813, 765, 816, -1,
      816, 765, 767, -1,
      816, 767, 817, -1,
      817, 767, 769, -1,
      817, 769, 819, -1,
      819, 769, 772, -1,
      819, 772, 821, -1,
      821, 772, 756, -1,
      821, 756, 822, -1,
      822, 756, 758, -1,
      822, 758, 788, -1,
      788, 758, 752, -1,
      760, 807, 761, -1,
      761, 807, 795, -1,
      761, 795, 762, -1,
      762, 795, 794, -1,
      762, 794, 778, -1,
      778, 794, 791, -1,
      778, 791, 777, -1,
      777, 791, 792, -1,
      777, 792, 755, -1,
      755, 792, 793, -1,
      755, 793, 748, -1,
      748, 793, 798, -1,
      770, 803, 771, -1,
      771, 803, 805, -1,
      771, 805, 773, -1,
      773, 805, 818, -1,
      773, 818, 774, -1,
      774, 818, 820, -1,
      774, 820, 757, -1,
      757, 820, 809, -1,
      757, 809, 759, -1,
      759, 809, 808, -1,
      759, 808, 760, -1,
      760, 808, 807, -1,
      1024, 1118, 1025, -1,
      1025, 1118, 1129, -1,
      1025, 1129, 1026, -1,
      1026, 1129, 1128, -1,
      1026, 1128, 1014, -1,
      1014, 1128, 1126, -1,
      1014, 1126, 1013, -1,
      1013, 1126, 1125, -1,
      1013, 1125, 1011, -1,
      1011, 1125, 1130, -1,
      1011, 1130, 1087, -1,
      1087, 1130, 1148, -1,
      1085, 1146, 1084, -1,
      1084, 1146, 1145, -1,
      1084, 1145, 1080, -1,
      1080, 1145, 1144, -1,
      1080, 1144, 1079, -1,
      1079, 1144, 1143, -1,
      1079, 1143, 1078, -1,
      1078, 1143, 1142, -1,
      1078, 1142, 1076, -1,
      1076, 1142, 1141, -1,
      1076, 1141, 1074, -1,
      1074, 1141, 1137, -1,
      743, 741, 856, -1,
      856, 741, 1193, -1,
      856, 1193, 857, -1,
      857, 1193, 858, -1,
      858, 1193, 1192, -1,
      858, 1192, 859, -1,
      859, 1192, 860, -1,
      860, 1192, 1185, -1,
      860, 1185, 862, -1,
      862, 1185, 863, -1,
      863, 1185, 1184, -1,
      863, 1184, 864, -1,
      864, 1184, 865, -1,
      865, 1184, 1183, -1,
      865, 1183, 866, -1,
      897, 868, 1183, -1,
      1183, 868, 867, -1,
      1183, 867, 866, -1,
      897, 899, 1099, -1,
      938, 905, 939, -1,
      939, 905, 906, -1,
      939, 906, 940, -1,
      940, 906, 901, -1,
      940, 901, 941, -1,
      941, 901, 902, -1,
      941, 902, 942, -1,
      942, 902, 872, -1,
      942, 872, 1096, -1,
      1096, 872, 874, -1,
      1096, 874, 1097, -1,
      1097, 874, 875, -1,
      1097, 875, 1098, -1,
      1098, 875, 871, -1,
      1098, 871, 1099, -1,
      1099, 871, 870, -1,
      1099, 870, 897, -1,
      897, 870, 868, -1,
      898, 843, 844, -1,
      775, 783, 776, -1,
      776, 783, 790, -1,
      776, 790, 754, -1,
      754, 790, 789, -1,
      754, 789, 753, -1,
      753, 789, 787, -1,
      753, 787, 751, -1,
      751, 787, 786, -1,
      751, 786, 841, -1,
      841, 786, 1103, -1,
      841, 1103, 838, -1,
      838, 1103, 1104, -1,
      838, 1104, 839, -1,
      839, 1104, 1102, -1,
      839, 1102, 844, -1,
      844, 1102, 1100, -1,
      844, 1100, 898, -1,
      898, 1100, 900, -1,
      843, 898, 842, -1,
      842, 898, 1188, -1,
      842, 1188, 845, -1,
      845, 1188, 846, -1,
      846, 1188, 1187, -1,
      846, 1187, 847, -1,
      847, 1187, 848, -1,
      848, 1187, 1186, -1,
      848, 1186, 849, -1,
      849, 1186, 850, -1,
      850, 1186, 1194, -1,
      850, 1194, 851, -1,
      851, 1194, 852, -1,
      852, 1194, 1195, -1,
      852, 1195, 853, -1,
      853, 1195, 854, -1,
      854, 1195, 1199, -1,
      854, 1199, 855, -1,
      408, 409, 692, -1,
      692, 409, 693, -1,
      403, 414, 686, -1,
      686, 414, 677, -1,
      1402, 1403, 392, -1,
      392, 1403, 1404, -1,
      1405, 1406, 392, -1,
      392, 1406, 1407, -1,
      392, 1407, 393, -1,
      1408, 1409, 1410, -1,
      1410, 1409, 1411, -1,
      1410, 1411, 1412, -1,
      1413, 1414, 894, -1,
      894, 1414, 1415, -1,
      894, 1415, 1416, -1,
      1417, 1418, 1419, -1,
      1404, 1420, 392, -1,
      392, 1420, 1421, -1,
      392, 1421, 1405, -1,
      1416, 1422, 894, -1,
      894, 1422, 1412, -1,
      894, 1412, 392, -1,
      392, 1412, 1411, -1,
      392, 1411, 1402, -1,
      1408, 1410, 1419, -1,
      1419, 1410, 1423, -1,
      1419, 1423, 1417, -1,
      1410, 1412, 1424, -1,
      1424, 1412, 1425, -1,
      673, 675, 893, -1,
      893, 675, 1426, -1,
      1427, 1425, 1428, -1,
      1428, 1425, 1429, -1,
      1428, 1429, 1430, -1,
      1427, 1431, 1425, -1,
      1425, 1431, 893, -1,
      1425, 893, 1424, -1,
      1424, 893, 1426, -1,
      1424, 1426, 1432, -1,
      1432, 1426, 1433, -1,
      1433, 1434, 1432, -1,
      1432, 1434, 1435, -1,
      1432, 1435, 1436, -1,
      1411, 1409, 720, -1,
      720, 1409, 1426, -1,
      720, 1426, 675, -1,
      1410, 1424, 1432, -1,
      1410, 1432, 1423, -1,
      1423, 1432, 1436, -1,
      1423, 1436, 1417, -1,
      1417, 1436, 1435, -1,
      1417, 1435, 1418, -1,
      1418, 1435, 1434, -1,
      1418, 1434, 1419, -1,
      1419, 1434, 1433, -1,
      1419, 1433, 1408, -1,
      1408, 1433, 1426, -1,
      1408, 1426, 1409, -1,
      894, 893, 1431, -1,
      894, 1431, 1413, -1,
      1413, 1431, 1427, -1,
      1413, 1427, 1414, -1,
      1414, 1427, 1428, -1,
      1414, 1428, 1415, -1,
      1415, 1428, 1430, -1,
      1415, 1430, 1416, -1,
      1416, 1430, 1429, -1,
      1416, 1429, 1422, -1,
      1422, 1429, 1425, -1,
      1422, 1425, 1412, -1,
      688, 368, 415, -1,
      688, 415, 711, -1,
      711, 415, 412, -1,
      711, 412, 712, -1,
      712, 412, 411, -1,
      712, 411, 713, -1,
      713, 411, 410, -1,
      713, 410, 714, -1,
      714, 410, 405, -1,
      714, 405, 715, -1,
      715, 405, 404, -1,
      715, 404, 716, -1,
      716, 404, 403, -1,
      716, 403, 686, -1,
      408, 692, 399, -1,
      399, 692, 683, -1,
      399, 683, 398, -1,
      398, 683, 682, -1,
      398, 682, 397, -1,
      397, 682, 681, -1,
      397, 681, 396, -1,
      396, 681, 680, -1,
      396, 680, 413, -1,
      413, 680, 678, -1,
      413, 678, 414, -1,
      414, 678, 677, -1,
      1411, 720, 719, -1,
      1411, 719, 1402, -1,
      1402, 719, 718, -1,
      1402, 718, 1403, -1,
      1403, 718, 717, -1,
      1403, 717, 1404, -1,
      1404, 717, 1420, -1,
      1420, 717, 729, -1,
      1420, 729, 1421, -1,
      1421, 729, 1405, -1,
      1405, 729, 728, -1,
      1405, 728, 1406, -1,
      1406, 728, 1407, -1,
      1407, 728, 727, -1,
      1407, 727, 393, -1,
      395, 700, 371, -1,
      371, 700, 699, -1,
      371, 699, 372, -1,
      372, 699, 698, -1,
      372, 698, 373, -1,
      373, 698, 696, -1,
      373, 696, 365, -1,
      365, 696, 695, -1,
      365, 695, 387, -1,
      387, 695, 694, -1,
      387, 694, 409, -1,
      409, 694, 693, -1,
      1437, 1438, 1439, -1,
      1439, 1438, 1440, -1,
      1440, 1441, 1442, -1,
      1442, 1441, 1443, -1,
      1444, 1445, 1446, -1,
      1447, 1448, 1449, -1,
      1450, 1451, 391, -1,
      402, 1452, 376, -1,
      376, 1452, 1453, -1,
      376, 1453, 366, -1,
      367, 366, 1454, -1,
      1454, 366, 1453, -1,
      1454, 1453, 1455, -1,
      1451, 1450, 1456, -1,
      1456, 1450, 1457, -1,
      1456, 1457, 1458, -1,
      381, 367, 1459, -1,
      1459, 367, 1454, -1,
      1459, 1454, 1460, -1,
      1460, 1454, 1455, -1,
      1460, 1455, 1461, -1,
      382, 381, 1462, -1,
      1462, 381, 1459, -1,
      1462, 1459, 1463, -1,
      1463, 1459, 1460, -1,
      1463, 1460, 1464, -1,
      1464, 1460, 1461, -1,
      1464, 1461, 1465, -1,
      1466, 1467, 1468, -1,
      1468, 1469, 1466, -1,
      1466, 1469, 1470, -1,
      1466, 1470, 1457, -1,
      1457, 1470, 1471, -1,
      1457, 1471, 1458, -1,
      1472, 1442, 1473, -1,
      1473, 1442, 1443, -1,
      1473, 1443, 1474, -1,
      1474, 1443, 1475, -1,
      1445, 1475, 1446, -1,
      1446, 1475, 1443, -1,
      1446, 1443, 1476, -1,
      1476, 1443, 1441, -1,
      1476, 1441, 1477, -1,
      1477, 1441, 1440, -1,
      391, 382, 1450, -1,
      1450, 382, 1462, -1,
      1450, 1462, 1457, -1,
      1457, 1462, 1463, -1,
      1457, 1463, 1466, -1,
      1466, 1463, 1464, -1,
      1466, 1464, 1467, -1,
      1467, 1464, 1465, -1,
      1467, 1465, 1478, -1,
      1472, 1479, 1442, -1,
      1442, 1479, 1440, -1,
      1440, 1480, 1478, -1,
      1478, 1480, 1481, -1,
      1478, 1481, 1467, -1,
      1467, 1481, 1482, -1,
      1467, 1482, 1468, -1,
      1452, 1447, 1453, -1,
      1453, 1447, 1449, -1,
      1453, 1449, 1455, -1,
      1455, 1449, 1483, -1,
      1455, 1483, 1461, -1,
      1461, 1483, 1484, -1,
      1461, 1484, 1465, -1,
      1465, 1484, 1485, -1,
      1465, 1485, 1478, -1,
      1478, 1485, 1440, -1,
      1448, 1444, 1449, -1,
      1449, 1444, 1446, -1,
      1449, 1446, 1483, -1,
      1483, 1446, 1476, -1,
      1483, 1476, 1484, -1,
      1484, 1476, 1477, -1,
      1484, 1477, 1485, -1,
      1485, 1477, 1440, -1,
      1440, 1479, 1439, -1,
      1439, 1479, 1486, -1,
      1486, 1479, 1487, -1,
      1487, 1479, 1472, -1,
      1487, 1472, 1488, -1,
      1488, 1472, 1473, -1,
      1488, 1473, 1489, -1,
      1489, 1473, 1474, -1,
      1489, 1474, 1490, -1,
      1444, 1491, 1445, -1,
      1445, 1491, 1490, -1,
      1445, 1490, 1475, -1,
      1475, 1490, 1474, -1,
      402, 401, 1452, -1,
      1452, 401, 1492, -1,
      1452, 1492, 1447, -1,
      1447, 1492, 1493, -1,
      1447, 1493, 1448, -1,
      1448, 1493, 1494, -1,
      1448, 1494, 1444, -1,
      1444, 1494, 1495, -1,
      1444, 1495, 1491, -1,
      384, 391, 1451, -1,
      384, 1451, 1496, -1,
      1496, 1451, 1456, -1,
      1496, 1456, 1497, -1,
      1497, 1456, 1458, -1,
      1497, 1458, 1498, -1,
      1498, 1458, 1471, -1,
      1498, 1471, 1499, -1,
      1499, 1471, 1500, -1,
      1500, 1471, 1470, -1,
      1500, 1470, 1501, -1,
      1470, 1469, 1501, -1,
      1501, 1469, 1468, -1,
      1501, 1468, 1502, -1,
      1502, 1468, 1482, -1,
      1502, 1482, 1503, -1,
      1503, 1482, 1504, -1,
      1504, 1482, 1481, -1,
      1504, 1481, 1505, -1,
      1481, 1480, 1505, -1,
      1505, 1480, 1440, -1,
      1505, 1440, 1438, -1,
      1439, 1506, 1507, -1,
      1507, 1506, 1508, -1,
      1509, 1510, 1511, -1,
      1512, 1513, 1514, -1,
      1515, 1492, 401, -1,
      390, 1516, 377, -1,
      377, 1516, 1517, -1,
      377, 1517, 378, -1,
      379, 378, 1518, -1,
      1518, 378, 1517, -1,
      1518, 1517, 1519, -1,
      1492, 1515, 1493, -1,
      1493, 1515, 1520, -1,
      1493, 1520, 1494, -1,
      380, 379, 1521, -1,
      1521, 379, 1518, -1,
      1521, 1518, 1522, -1,
      1522, 1518, 1519, -1,
      1522, 1519, 1523, -1,
      400, 380, 1524, -1,
      1524, 380, 1521, -1,
      1524, 1521, 1525, -1,
      1525, 1521, 1522, -1,
      1525, 1522, 1526, -1,
      1526, 1522, 1523, -1,
      1526, 1523, 1527, -1,
      1528, 1529, 1489, -1,
      1489, 1490, 1528, -1,
      1528, 1490, 1491, -1,
      1528, 1491, 1520, -1,
      1520, 1491, 1495, -1,
      1520, 1495, 1494, -1,
      1530, 1507, 1531, -1,
      1531, 1507, 1508, -1,
      1531, 1508, 1532, -1,
      1532, 1508, 1533, -1,
      1510, 1533, 1511, -1,
      1511, 1533, 1508, -1,
      1511, 1508, 1534, -1,
      1534, 1508, 1506, -1,
      1534, 1506, 1535, -1,
      1535, 1506, 1439, -1,
      401, 400, 1515, -1,
      1515, 400, 1524, -1,
      1515, 1524, 1520, -1,
      1520, 1524, 1525, -1,
      1520, 1525, 1528, -1,
      1528, 1525, 1526, -1,
      1528, 1526, 1529, -1,
      1529, 1526, 1527, -1,
      1529, 1527, 1536, -1,
      1530, 1537, 1507, -1,
      1507, 1537, 1439, -1,
      1439, 1486, 1536, -1,
      1536, 1486, 1487, -1,
      1536, 1487, 1529, -1,
      1529, 1487, 1488, -1,
      1529, 1488, 1489, -1,
      1516, 1512, 1517, -1,
      1517, 1512, 1514, -1,
      1517, 1514, 1519, -1,
      1519, 1514, 1538, -1,
      1519, 1538, 1523, -1,
      1523, 1538, 1539, -1,
      1523, 1539, 1527, -1,
      1527, 1539, 1540, -1,
      1527, 1540, 1536, -1,
      1536, 1540, 1439, -1,
      1513, 1509, 1514, -1,
      1514, 1509, 1511, -1,
      1514, 1511, 1538, -1,
      1538, 1511, 1534, -1,
      1538, 1534, 1539, -1,
      1539, 1534, 1535, -1,
      1539, 1535, 1540, -1,
      1540, 1535, 1439, -1,
      1438, 1541, 1542, -1,
      1542, 1541, 1543, -1,
      1499, 1500, 1544, -1,
      1497, 1498, 1545, -1,
      1546, 1547, 407, -1,
      384, 1496, 385, -1,
      385, 1496, 1548, -1,
      385, 1548, 386, -1,
      374, 386, 1549, -1,
      1549, 386, 1548, -1,
      1549, 1548, 1550, -1,
      1547, 1546, 1551, -1,
      1551, 1546, 1552, -1,
      1551, 1552, 1553, -1,
      375, 374, 1554, -1,
      1554, 374, 1549, -1,
      1554, 1549, 1555, -1,
      1555, 1549, 1550, -1,
      1555, 1550, 1556, -1,
      406, 375, 1557, -1,
      1557, 375, 1554, -1,
      1557, 1554, 1558, -1,
      1558, 1554, 1555, -1,
      1558, 1555, 1559, -1,
      1559, 1555, 1556, -1,
      1559, 1556, 1560, -1,
      1561, 1562, 1563, -1,
      1563, 1564, 1561, -1,
      1561, 1564, 1565, -1,
      1561, 1565, 1552, -1,
      1552, 1565, 1566, -1,
      1552, 1566, 1553, -1,
      1504, 1542, 1503, -1,
      1503, 1542, 1543, -1,
      1503, 1543, 1502, -1,
      1502, 1543, 1501, -1,
      1500, 1501, 1544, -1,
      1544, 1501, 1543, -1,
      1544, 1543, 1567, -1,
      1567, 1543, 1541, -1,
      1567, 1541, 1568, -1,
      1568, 1541, 1438, -1,
      407, 406, 1546, -1,
      1546, 406, 1557, -1,
      1546, 1557, 1552, -1,
      1552, 1557, 1558, -1,
      1552, 1558, 1561, -1,
      1561, 1558, 1559, -1,
      1561, 1559, 1562, -1,
      1562, 1559, 1560, -1,
      1562, 1560, 1569, -1,
      1504, 1505, 1542, -1,
      1542, 1505, 1438, -1,
      1438, 1570, 1569, -1,
      1569, 1570, 1571, -1,
      1569, 1571, 1562, -1,
      1562, 1571, 1572, -1,
      1562, 1572, 1563, -1,
      1496, 1497, 1548, -1,
      1548, 1497, 1545, -1,
      1548, 1545, 1550, -1,
      1550, 1545, 1573, -1,
      1550, 1573, 1556, -1,
      1556, 1573, 1574, -1,
      1556, 1574, 1560, -1,
      1560, 1574, 1575, -1,
      1560, 1575, 1569, -1,
      1569, 1575, 1438, -1,
      1498, 1499, 1545, -1,
      1545, 1499, 1544, -1,
      1545, 1544, 1573, -1,
      1573, 1544, 1567, -1,
      1573, 1567, 1574, -1,
      1574, 1567, 1568, -1,
      1574, 1568, 1575, -1,
      1575, 1568, 1438, -1,
      1439, 1537, 1437, -1,
      1437, 1537, 1576, -1,
      1576, 1537, 1577, -1,
      1577, 1537, 1530, -1,
      1577, 1530, 1578, -1,
      1530, 1531, 1578, -1,
      1578, 1531, 1532, -1,
      1578, 1532, 1579, -1,
      1579, 1532, 1533, -1,
      1579, 1533, 1580, -1,
      1580, 1533, 1510, -1,
      1580, 1510, 1581, -1,
      1581, 1510, 1509, -1,
      1581, 1509, 1582, -1,
      1582, 1509, 1513, -1,
      1582, 1513, 1583, -1,
      1583, 1513, 1512, -1,
      1583, 1512, 1584, -1,
      1584, 1512, 1516, -1,
      1584, 1516, 1585, -1,
      1585, 1516, 390, -1,
      1585, 390, 364, -1,
      416, 407, 1547, -1,
      416, 1547, 1586, -1,
      1586, 1547, 1551, -1,
      1586, 1551, 1587, -1,
      1587, 1551, 1553, -1,
      1587, 1553, 1588, -1,
      1588, 1553, 1566, -1,
      1588, 1566, 1589, -1,
      1589, 1566, 1565, -1,
      1589, 1565, 1590, -1,
      1590, 1565, 1564, -1,
      1590, 1564, 1591, -1,
      1591, 1564, 1563, -1,
      1591, 1563, 1592, -1,
      1592, 1563, 1572, -1,
      1592, 1572, 1593, -1,
      1593, 1572, 1594, -1,
      1594, 1572, 1571, -1,
      1594, 1571, 1595, -1,
      1571, 1570, 1595, -1,
      1595, 1570, 1438, -1,
      1595, 1438, 1437, -1,
      1437, 1596, 1597, -1,
      1597, 1596, 1598, -1,
      1589, 1590, 1599, -1,
      1587, 1588, 1600, -1,
      1601, 1585, 364, -1,
      416, 1586, 417, -1,
      417, 1586, 1602, -1,
      417, 1602, 418, -1,
      388, 418, 1603, -1,
      1603, 418, 1602, -1,
      1603, 1602, 1604, -1,
      1585, 1601, 1584, -1,
      1584, 1601, 1605, -1,
      1584, 1605, 1583, -1,
      389, 388, 1606, -1,
      1606, 388, 1603, -1,
      1606, 1603, 1607, -1,
      1607, 1603, 1604, -1,
      1607, 1604, 1608, -1,
      363, 389, 1609, -1,
      1609, 389, 1606, -1,
      1609, 1606, 1610, -1,
      1610, 1606, 1607, -1,
      1610, 1607, 1611, -1,
      1611, 1607, 1608, -1,
      1611, 1608, 1612, -1,
      1613, 1614, 1579, -1,
      1579, 1580, 1613, -1,
      1613, 1580, 1581, -1,
      1613, 1581, 1605, -1,
      1605, 1581, 1582, -1,
      1605, 1582, 1583, -1,
      1594, 1597, 1593, -1,
      1593, 1597, 1598, -1,
      1593, 1598, 1592, -1,
      1592, 1598, 1591, -1,
      1590, 1591, 1599, -1,
      1599, 1591, 1598, -1,
      1599, 1598, 1615, -1,
      1615, 1598, 1596, -1,
      1615, 1596, 1616, -1,
      1616, 1596, 1437, -1,
      364, 363, 1601, -1,
      1601, 363, 1609, -1,
      1601, 1609, 1605, -1,
      1605, 1609, 1610, -1,
      1605, 1610, 1613, -1,
      1613, 1610, 1611, -1,
      1613, 1611, 1614, -1,
      1614, 1611, 1612, -1,
      1614, 1612, 1617, -1,
      1594, 1595, 1597, -1,
      1597, 1595, 1437, -1,
      1437, 1576, 1617, -1,
      1617, 1576, 1577, -1,
      1617, 1577, 1614, -1,
      1614, 1577, 1578, -1,
      1614, 1578, 1579, -1,
      1586, 1587, 1602, -1,
      1602, 1587, 1600, -1,
      1602, 1600, 1604, -1,
      1604, 1600, 1618, -1,
      1604, 1618, 1608, -1,
      1608, 1618, 1619, -1,
      1608, 1619, 1612, -1,
      1612, 1619, 1620, -1,
      1612, 1620, 1617, -1,
      1617, 1620, 1437, -1,
      1588, 1589, 1600, -1,
      1600, 1589, 1599, -1,
      1600, 1599, 1618, -1,
      1618, 1599, 1615, -1,
      1618, 1615, 1619, -1,
      1619, 1615, 1616, -1,
      1619, 1616, 1620, -1,
      1620, 1616, 1437, -1,
      723, 722, 427, -1,
      427, 722, 430, -1,
      668, 667, 336, -1,
      336, 667, 322, -1,
      1621, 1622, 1623, -1,
      1624, 1625, 1626, -1,
      1626, 1625, 1627, -1,
      1626, 1627, 1628, -1,
      1629, 1630, 1631, -1,
      1629, 1631, 1632, -1,
      1632, 1631, 1633, -1,
      1632, 1633, 1634, -1,
      1635, 1636, 1637, -1,
      1637, 1636, 1638, -1,
      1637, 1638, 1639, -1,
      1639, 1638, 1640, -1,
      1639, 1640, 1641, -1,
      1641, 1640, 1642, -1,
      1641, 1642, 1643, -1,
      1630, 1629, 1644, -1,
      1644, 1629, 1645, -1,
      1644, 1645, 1646, -1,
      1647, 1648, 1649, -1,
      1649, 1648, 1644, -1,
      1649, 1644, 1650, -1,
      1650, 1644, 1651, -1,
      1652, 1653, 1654, -1,
      1654, 1653, 1655, -1,
      1643, 1656, 1641, -1,
      1641, 1656, 1655, -1,
      1641, 1655, 1657, -1,
      1657, 1655, 1653, -1,
      1646, 1658, 1644, -1,
      1644, 1658, 1659, -1,
      1644, 1659, 1651, -1,
      1651, 1659, 1660, -1,
      1651, 1660, 1661, -1,
      1661, 1662, 1651, -1,
      1651, 1662, 1663, -1,
      1651, 1663, 1664, -1,
      1664, 1663, 1665, -1,
      1664, 1665, 1635, -1,
      1635, 1665, 1666, -1,
      1635, 1666, 1636, -1,
      1667, 1668, 1669, -1,
      1668, 1670, 1669, -1,
      1669, 1670, 1671, -1,
      1669, 1671, 1672, -1,
      1673, 1674, 1392, -1,
      1392, 1674, 1675, -1,
      1676, 1393, 1677, -1,
      1677, 1393, 1392, -1,
      1677, 1392, 1678, -1,
      1678, 1392, 1675, -1,
      1679, 1680, 1681, -1,
      1681, 1680, 1682, -1,
      1683, 1684, 1685, -1,
      1685, 1684, 1673, -1,
      1685, 1673, 1686, -1,
      1686, 1673, 1392, -1,
      1686, 1392, 1669, -1,
      1669, 1392, 1687, -1,
      1669, 1687, 1667, -1,
      1682, 1680, 1688, -1,
      1688, 1680, 1689, -1,
      1688, 1689, 1690, -1,
      1690, 1689, 1691, -1,
      1690, 1691, 1692, -1,
      1692, 1693, 1690, -1,
      1690, 1693, 1694, -1,
      1690, 1694, 1695, -1,
      1696, 1697, 1698, -1,
      1682, 1699, 1681, -1,
      1681, 1699, 1696, -1,
      1681, 1696, 1700, -1,
      1700, 1696, 1698, -1,
      1701, 1702, 1685, -1,
      1685, 1702, 1703, -1,
      1685, 1703, 1683, -1,
      1701, 1685, 1694, -1,
      1694, 1685, 1704, -1,
      1694, 1704, 1695, -1,
      1393, 1676, 1705, -1,
      1399, 1393, 1706, -1,
      1706, 1707, 1399, -1,
      1399, 1707, 1708, -1,
      1399, 1708, 1397, -1,
      1397, 1708, 1709, -1,
      1397, 1709, 1395, -1,
      1395, 1709, 1032, -1,
      1395, 1032, 1017, -1,
      1393, 1705, 1706, -1,
      1706, 1705, 1710, -1,
      1706, 1710, 1711, -1,
      1711, 1710, 1712, -1,
      1711, 1712, 1713, -1,
      1713, 1712, 1634, -1,
      1713, 1634, 1633, -1,
      1679, 1681, 1643, -1,
      1643, 1681, 1656, -1,
      1714, 1715, 1716, -1,
      1716, 1717, 1714, -1,
      1714, 1717, 1718, -1,
      1714, 1718, 1719, -1,
      1720, 1721, 1722, -1,
      1722, 1721, 1714, -1,
      1722, 1714, 1723, -1,
      1723, 1714, 1719, -1,
      1720, 1724, 1721, -1,
      1721, 1724, 1725, -1,
      1721, 1725, 1726, -1,
      1727, 1728, 1628, -1,
      1726, 1729, 1721, -1,
      1721, 1729, 1730, -1,
      1721, 1730, 1628, -1,
      1628, 1730, 1731, -1,
      1628, 1731, 1727, -1,
      1728, 1732, 1628, -1,
      1628, 1732, 1733, -1,
      1628, 1733, 1626, -1,
      1734, 1735, 1622, -1,
      1622, 1735, 1736, -1,
      1622, 1736, 1737, -1,
      1737, 1738, 1622, -1,
      1622, 1738, 1739, -1,
      1622, 1739, 1623, -1,
      1623, 1739, 1740, -1,
      1623, 1740, 1741, -1,
      1741, 1742, 1623, -1,
      1623, 1742, 1743, -1,
      1623, 1743, 1744, -1,
      1745, 1746, 1649, -1,
      1745, 1649, 1747, -1,
      1649, 1748, 1747, -1,
      1747, 1748, 1623, -1,
      1747, 1623, 1749, -1,
      1749, 1623, 1744, -1,
      1746, 1750, 1649, -1,
      1649, 1750, 1751, -1,
      1649, 1751, 1647, -1,
      1721, 1623, 1714, -1,
      1714, 1623, 1748, -1,
      1714, 1748, 1752, -1,
      1752, 1748, 1753, -1,
      1752, 1753, 1754, -1,
      1754, 1753, 1755, -1,
      1755, 1753, 1756, -1,
      1755, 1756, 1757, -1,
      1757, 1756, 1758, -1,
      1758, 1756, 1759, -1,
      1758, 1759, 1760, -1,
      1760, 1759, 1761, -1,
      1761, 1759, 1762, -1,
      1761, 1762, 1763, -1,
      1764, 1765, 1766, -1,
      1766, 1767, 1764, -1,
      1764, 1767, 1768, -1,
      1764, 1768, 1762, -1,
      1762, 1768, 1769, -1,
      1762, 1769, 1763, -1,
      1765, 312, 314, -1,
      1765, 314, 1766, -1,
      1766, 314, 653, -1,
      1766, 653, 629, -1,
      629, 628, 1766, -1,
      1766, 628, 627, -1,
      1766, 627, 626, -1,
      1770, 1771, 1772, -1,
      1772, 1771, 1773, -1,
      1774, 1775, 1715, -1,
      1715, 1775, 1776, -1,
      1715, 1776, 1777, -1,
      1777, 1778, 1715, -1,
      1715, 1778, 1779, -1,
      1715, 1779, 1716, -1,
      1775, 1774, 1780, -1,
      1775, 1780, 1781, -1,
      1781, 1780, 1782, -1,
      1781, 1782, 1783, -1,
      1783, 1782, 1784, -1,
      1783, 1784, 1785, -1,
      1785, 1784, 1786, -1,
      1785, 1786, 1787, -1,
      1787, 1786, 1788, -1,
      1787, 1788, 1789, -1,
      1789, 1788, 1790, -1,
      1789, 1790, 1791, -1,
      1791, 1790, 1012, -1,
      1791, 1012, 1029, -1,
      1133, 1127, 1792, -1,
      1792, 1127, 1793, -1,
      1792, 1793, 1794, -1,
      1794, 1793, 1795, -1,
      1794, 1795, 1796, -1,
      1796, 1795, 1797, -1,
      1796, 1797, 1798, -1,
      1798, 1797, 1799, -1,
      1798, 1799, 1800, -1,
      1800, 1799, 1801, -1,
      1800, 1801, 1802, -1,
      1802, 1801, 1803, -1,
      1802, 1803, 1804, -1,
      1804, 1803, 1805, -1,
      1806, 1807, 1808, -1,
      1808, 1807, 1809, -1,
      1804, 1805, 1810, -1,
      1810, 1805, 1807, -1,
      1810, 1807, 1811, -1,
      1811, 1807, 1806, -1,
      1669, 1672, 1812, -1,
      1812, 1672, 1813, -1,
      1813, 1814, 1812, -1,
      1812, 1814, 1815, -1,
      1812, 1815, 1816, -1,
      1772, 1773, 1817, -1,
      1817, 1773, 1818, -1,
      1817, 1818, 1819, -1,
      1809, 1807, 1820, -1,
      1820, 1807, 1817, -1,
      1820, 1817, 1821, -1,
      1821, 1817, 1819, -1,
      1816, 1772, 1812, -1,
      1812, 1772, 1817, -1,
      1812, 1817, 1822, -1,
      1822, 1817, 1823, -1,
      1822, 1823, 1824, -1,
      1824, 1823, 1825, -1,
      1824, 1825, 1826, -1,
      1826, 1825, 1827, -1,
      1826, 1827, 1828, -1,
      1828, 1827, 1829, -1,
      1828, 1829, 1830, -1,
      1830, 1829, 1831, -1,
      1830, 1831, 670, -1,
      670, 1831, 671, -1,
      1117, 1116, 1396, -1,
      1396, 1116, 1832, -1,
      1396, 1832, 1398, -1,
      1398, 1832, 1833, -1,
      1398, 1833, 1400, -1,
      1400, 1833, 1834, -1,
      1400, 1834, 1401, -1,
      1401, 1834, 1835, -1,
      1401, 1835, 1394, -1,
      1394, 1835, 1836, -1,
      1394, 1836, 1391, -1,
      1391, 1836, 1837, -1,
      1391, 1837, 1392, -1,
      1392, 1837, 1687, -1,
      1147, 1140, 1086, -1,
      1086, 1140, 1088, -1,
      1810, 1776, 1804, -1,
      1804, 1776, 1775, -1,
      1804, 1775, 1802, -1,
      1802, 1775, 1781, -1,
      1802, 1781, 1800, -1,
      1800, 1781, 1783, -1,
      1800, 1783, 1798, -1,
      1798, 1783, 1785, -1,
      1798, 1785, 1796, -1,
      1796, 1785, 1787, -1,
      1796, 1787, 1794, -1,
      1794, 1787, 1789, -1,
      1794, 1789, 1792, -1,
      1792, 1789, 1791, -1,
      1792, 1791, 1133, -1,
      1133, 1791, 1029, -1,
      1133, 1029, 1134, -1,
      1134, 1029, 1030, -1,
      1115, 1044, 1116, -1,
      1116, 1044, 1032, -1,
      1116, 1032, 1832, -1,
      1832, 1032, 1709, -1,
      1832, 1709, 1833, -1,
      1833, 1709, 1708, -1,
      1833, 1708, 1834, -1,
      1834, 1708, 1707, -1,
      1834, 1707, 1835, -1,
      1835, 1707, 1706, -1,
      1835, 1706, 1836, -1,
      1836, 1706, 1711, -1,
      1836, 1711, 1837, -1,
      1837, 1711, 1713, -1,
      1837, 1713, 1687, -1,
      1687, 1713, 1633, -1,
      1687, 1633, 1667, -1,
      1667, 1633, 1631, -1,
      1838, 1839, 1840, -1,
      1840, 1839, 1841, -1,
      1840, 1841, 1627, -1,
      1627, 1841, 1842, -1,
      1627, 1842, 1628, -1,
      1628, 1842, 1843, -1,
      1843, 1844, 1628, -1,
      1628, 1844, 1845, -1,
      1628, 1845, 1846, -1,
      1846, 1845, 1847, -1,
      1846, 1847, 1621, -1,
      1621, 1847, 1848, -1,
      1621, 1848, 1622, -1,
      1622, 1848, 1849, -1,
      1622, 1849, 1850, -1,
      1850, 1849, 1851, -1,
      1850, 1851, 1852, -1,
      1853, 1854, 1852, -1,
      1852, 1854, 1855, -1,
      1852, 1855, 1850, -1,
      1856, 1857, 1840, -1,
      1840, 1857, 1838, -1,
      1858, 1771, 1770, -1,
      1858, 1770, 1859, -1,
      1860, 1861, 1862, -1,
      1859, 1770, 1863, -1,
      1863, 1770, 1864, -1,
      1863, 1864, 1865, -1,
      1865, 1866, 1863, -1,
      1863, 1866, 1867, -1,
      1863, 1867, 1868, -1,
      1860, 1862, 1869, -1,
      1625, 1624, 1870, -1,
      1871, 1872, 1873, -1,
      1873, 1872, 1874, -1,
      1868, 1867, 1875, -1,
      1875, 1867, 1862, -1,
      1875, 1862, 1624, -1,
      1624, 1862, 1861, -1,
      1624, 1861, 1870, -1,
      1857, 1856, 1876, -1,
      1876, 1856, 1625, -1,
      1876, 1625, 1877, -1,
      1877, 1625, 1870, -1,
      1872, 1878, 1874, -1,
      1874, 1878, 1879, -1,
      1874, 1879, 1880, -1,
      1880, 1881, 1874, -1,
      1874, 1881, 1882, -1,
      1874, 1882, 1862, -1,
      1862, 1882, 1883, -1,
      1862, 1883, 1869, -1,
      1621, 1623, 1846, -1,
      1846, 1623, 1721, -1,
      1846, 1721, 1628, -1,
      1841, 1839, 1877, -1,
      1877, 1839, 1876, -1,
      1884, 1885, 1886, -1,
      1886, 1885, 1887, -1,
      1849, 1848, 1881, -1,
      1881, 1848, 1882, -1,
      1873, 1874, 1850, -1,
      1850, 1874, 1734, -1,
      1850, 1734, 1622, -1,
      1059, 1058, 1888, -1,
      1888, 1058, 1889, -1,
      1888, 1889, 1890, -1,
      1889, 1891, 1890, -1,
      1890, 1891, 1892, -1,
      1890, 1892, 1893, -1,
      1893, 1892, 1894, -1,
      1893, 1894, 1895, -1,
      1895, 1894, 1896, -1,
      1896, 1894, 1897, -1,
      1896, 1897, 1898, -1,
      1897, 1899, 1898, -1,
      1898, 1899, 1900, -1,
      1898, 1900, 1901, -1,
      1901, 1900, 1902, -1,
      1901, 1902, 1903, -1,
      1903, 1902, 1904, -1,
      1904, 1902, 1905, -1,
      1904, 1905, 1906, -1,
      1905, 1907, 1906, -1,
      1906, 1907, 1884, -1,
      1906, 1884, 1886, -1,
      1908, 1909, 1910, -1,
      1911, 1912, 1913, -1,
      1914, 1915, 1916, -1,
      1917, 1918, 1886, -1,
      1919, 1920, 1886, -1,
      1921, 1922, 1923, -1,
      1923, 1922, 1886, -1,
      1919, 1886, 1922, -1,
      1904, 1906, 1918, -1,
      1918, 1906, 1886, -1,
      1920, 1917, 1886, -1,
      1914, 1916, 1921, -1,
      1924, 1901, 1903, -1,
      1921, 1916, 1922, -1,
      1922, 1916, 1925, -1,
      1922, 1925, 1919, -1,
      1919, 1925, 1926, -1,
      1919, 1926, 1920, -1,
      1920, 1926, 1927, -1,
      1920, 1927, 1917, -1,
      1917, 1927, 1924, -1,
      1917, 1924, 1918, -1,
      1918, 1924, 1903, -1,
      1918, 1903, 1904, -1,
      1911, 1913, 1915, -1,
      1928, 1896, 1898, -1,
      1915, 1913, 1916, -1,
      1916, 1913, 1929, -1,
      1916, 1929, 1925, -1,
      1925, 1929, 1930, -1,
      1925, 1930, 1926, -1,
      1926, 1930, 1931, -1,
      1926, 1931, 1927, -1,
      1927, 1931, 1928, -1,
      1927, 1928, 1924, -1,
      1924, 1928, 1898, -1,
      1924, 1898, 1901, -1,
      1932, 1893, 1895, -1,
      1912, 1933, 1913, -1,
      1913, 1933, 1934, -1,
      1913, 1934, 1929, -1,
      1929, 1934, 1935, -1,
      1929, 1935, 1930, -1,
      1930, 1935, 1936, -1,
      1930, 1936, 1931, -1,
      1931, 1936, 1932, -1,
      1931, 1932, 1928, -1,
      1928, 1932, 1895, -1,
      1928, 1895, 1896, -1,
      1912, 1937, 1933, -1,
      1933, 1937, 1938, -1,
      1933, 1938, 1908, -1,
      1939, 1888, 1890, -1,
      1908, 1910, 1933, -1,
      1933, 1910, 1940, -1,
      1933, 1940, 1934, -1,
      1934, 1940, 1941, -1,
      1934, 1941, 1935, -1,
      1935, 1941, 1942, -1,
      1935, 1942, 1936, -1,
      1936, 1942, 1939, -1,
      1936, 1939, 1932, -1,
      1932, 1939, 1890, -1,
      1932, 1890, 1893, -1,
      1059, 1888, 1060, -1,
      1060, 1888, 1939, -1,
      1060, 1939, 1061, -1,
      1061, 1939, 1942, -1,
      1061, 1942, 1062, -1,
      1062, 1942, 1941, -1,
      1062, 1941, 1033, -1,
      1033, 1941, 1940, -1,
      1033, 1940, 1034, -1,
      1034, 1940, 1910, -1,
      1034, 1910, 1054, -1,
      1054, 1910, 1909, -1,
      1891, 1889, 1943, -1,
      1899, 1897, 1944, -1,
      1902, 1900, 1945, -1,
      1946, 1947, 1884, -1,
      1948, 1949, 1884, -1,
      1905, 1950, 1907, -1,
      1907, 1950, 1884, -1,
      1948, 1884, 1950, -1,
      1951, 1952, 1947, -1,
      1947, 1952, 1884, -1,
      1949, 1946, 1884, -1,
      1902, 1945, 1905, -1,
      1953, 1954, 1955, -1,
      1905, 1945, 1950, -1,
      1950, 1945, 1956, -1,
      1950, 1956, 1948, -1,
      1948, 1956, 1957, -1,
      1948, 1957, 1949, -1,
      1949, 1957, 1958, -1,
      1949, 1958, 1946, -1,
      1946, 1958, 1953, -1,
      1946, 1953, 1947, -1,
      1947, 1953, 1955, -1,
      1947, 1955, 1951, -1,
      1899, 1944, 1900, -1,
      1959, 1960, 1961, -1,
      1900, 1944, 1945, -1,
      1945, 1944, 1962, -1,
      1945, 1962, 1956, -1,
      1956, 1962, 1963, -1,
      1956, 1963, 1957, -1,
      1957, 1963, 1964, -1,
      1957, 1964, 1958, -1,
      1958, 1964, 1959, -1,
      1958, 1959, 1953, -1,
      1953, 1959, 1961, -1,
      1953, 1961, 1954, -1,
      1965, 1966, 1967, -1,
      1897, 1968, 1944, -1,
      1944, 1968, 1969, -1,
      1944, 1969, 1962, -1,
      1962, 1969, 1970, -1,
      1962, 1970, 1963, -1,
      1963, 1970, 1971, -1,
      1963, 1971, 1964, -1,
      1964, 1971, 1965, -1,
      1964, 1965, 1959, -1,
      1959, 1965, 1967, -1,
      1959, 1967, 1960, -1,
      1897, 1894, 1968, -1,
      1968, 1894, 1892, -1,
      1968, 1892, 1891, -1,
      1972, 1973, 1974, -1,
      1891, 1943, 1968, -1,
      1968, 1943, 1975, -1,
      1968, 1975, 1969, -1,
      1969, 1975, 1976, -1,
      1969, 1976, 1970, -1,
      1970, 1976, 1977, -1,
      1970, 1977, 1971, -1,
      1971, 1977, 1972, -1,
      1971, 1972, 1965, -1,
      1965, 1972, 1974, -1,
      1965, 1974, 1966, -1,
      1019, 1973, 1046, -1,
      1046, 1973, 1972, -1,
      1046, 1972, 1047, -1,
      1047, 1972, 1977, -1,
      1047, 1977, 1048, -1,
      1048, 1977, 1976, -1,
      1048, 1976, 1043, -1,
      1043, 1976, 1975, -1,
      1043, 1975, 1042, -1,
      1042, 1975, 1943, -1,
      1042, 1943, 1058, -1,
      1058, 1943, 1889, -1,
      1018, 1054, 1909, -1,
      1018, 1909, 1978, -1,
      1978, 1909, 1908, -1,
      1978, 1908, 1979, -1,
      1979, 1908, 1938, -1,
      1979, 1938, 1980, -1,
      1980, 1938, 1937, -1,
      1980, 1937, 1981, -1,
      1981, 1937, 1912, -1,
      1981, 1912, 1982, -1,
      1982, 1912, 1911, -1,
      1982, 1911, 1983, -1,
      1983, 1911, 1915, -1,
      1983, 1915, 1984, -1,
      1984, 1915, 1914, -1,
      1984, 1914, 1985, -1,
      1985, 1914, 1986, -1,
      1986, 1914, 1921, -1,
      1986, 1921, 1987, -1,
      1921, 1923, 1987, -1,
      1987, 1923, 1886, -1,
      1987, 1886, 1887, -1,
      1955, 1988, 1989, -1,
      1955, 1989, 1951, -1,
      1951, 1989, 1990, -1,
      1951, 1990, 1952, -1,
      1952, 1990, 1885, -1,
      1952, 1885, 1884, -1,
      1988, 1955, 1991, -1,
      1991, 1955, 1954, -1,
      1991, 1954, 1992, -1,
      1992, 1954, 1961, -1,
      1992, 1961, 1993, -1,
      1993, 1961, 1960, -1,
      1993, 1960, 1994, -1,
      1974, 1995, 1966, -1,
      1966, 1995, 1994, -1,
      1966, 1994, 1967, -1,
      1967, 1994, 1960, -1,
      1019, 1092, 1973, -1,
      1973, 1092, 1996, -1,
      1973, 1996, 1974, -1,
      1974, 1996, 1997, -1,
      1974, 1997, 1995, -1,
      1998, 1999, 2000, -1,
      2001, 2002, 2003, -1,
      2004, 2005, 2006, -1,
      2007, 2008, 1887, -1,
      2009, 2010, 1887, -1,
      2011, 2012, 2013, -1,
      2013, 2012, 1887, -1,
      2009, 1887, 2012, -1,
      1986, 1987, 2008, -1,
      2008, 1987, 1887, -1,
      2010, 2007, 1887, -1,
      2004, 2006, 2011, -1,
      2014, 1984, 1985, -1,
      2011, 2006, 2012, -1,
      2012, 2006, 2015, -1,
      2012, 2015, 2009, -1,
      2009, 2015, 2016, -1,
      2009, 2016, 2010, -1,
      2010, 2016, 2017, -1,
      2010, 2017, 2007, -1,
      2007, 2017, 2014, -1,
      2007, 2014, 2008, -1,
      2008, 2014, 1985, -1,
      2008, 1985, 1986, -1,
      2001, 2003, 2005, -1,
      2018, 1982, 1983, -1,
      2005, 2003, 2006, -1,
      2006, 2003, 2019, -1,
      2006, 2019, 2015, -1,
      2015, 2019, 2020, -1,
      2015, 2020, 2016, -1,
      2016, 2020, 2021, -1,
      2016, 2021, 2017, -1,
      2017, 2021, 2018, -1,
      2017, 2018, 2014, -1,
      2014, 2018, 1983, -1,
      2014, 1983, 1984, -1,
      2022, 1980, 1981, -1,
      2002, 2023, 2003, -1,
      2003, 2023, 2024, -1,
      2003, 2024, 2019, -1,
      2019, 2024, 2025, -1,
      2019, 2025, 2020, -1,
      2020, 2025, 2026, -1,
      2020, 2026, 2021, -1,
      2021, 2026, 2022, -1,
      2021, 2022, 2018, -1,
      2018, 2022, 1981, -1,
      2018, 1981, 1982, -1,
      2002, 2027, 2023, -1,
      2023, 2027, 2028, -1,
      2023, 2028, 1998, -1,
      2029, 1978, 1979, -1,
      1998, 2000, 2023, -1,
      2023, 2000, 2030, -1,
      2023, 2030, 2024, -1,
      2024, 2030, 2031, -1,
      2024, 2031, 2025, -1,
      2025, 2031, 2032, -1,
      2025, 2032, 2026, -1,
      2026, 2032, 2029, -1,
      2026, 2029, 2022, -1,
      2022, 2029, 1979, -1,
      2022, 1979, 1980, -1,
      1018, 1978, 1015, -1,
      1015, 1978, 2029, -1,
      1015, 2029, 1016, -1,
      1016, 2029, 2032, -1,
      1016, 2032, 1055, -1,
      1055, 2032, 2031, -1,
      1055, 2031, 1056, -1,
      1056, 2031, 2030, -1,
      1056, 2030, 1057, -1,
      1057, 2030, 2000, -1,
      1057, 2000, 1081, -1,
      1081, 2000, 1999, -1,
      1997, 1996, 2033, -1,
      1992, 1993, 2034, -1,
      1988, 1991, 2035, -1,
      2036, 2037, 1885, -1,
      2038, 2039, 1885, -1,
      1989, 2040, 1990, -1,
      1990, 2040, 1885, -1,
      2038, 1885, 2040, -1,
      2041, 2042, 2037, -1,
      2037, 2042, 1885, -1,
      2039, 2036, 1885, -1,
      1988, 2035, 1989, -1,
      2043, 2044, 2045, -1,
      1989, 2035, 2040, -1,
      2040, 2035, 2046, -1,
      2040, 2046, 2038, -1,
      2038, 2046, 2047, -1,
      2038, 2047, 2039, -1,
      2039, 2047, 2048, -1,
      2039, 2048, 2036, -1,
      2036, 2048, 2043, -1,
      2036, 2043, 2037, -1,
      2037, 2043, 2045, -1,
      2037, 2045, 2041, -1,
      1992, 2034, 1991, -1,
      2049, 2050, 2051, -1,
      1991, 2034, 2035, -1,
      2035, 2034, 2052, -1,
      2035, 2052, 2046, -1,
      2046, 2052, 2053, -1,
      2046, 2053, 2047, -1,
      2047, 2053, 2054, -1,
      2047, 2054, 2048, -1,
      2048, 2054, 2049, -1,
      2048, 2049, 2043, -1,
      2043, 2049, 2051, -1,
      2043, 2051, 2044, -1,
      2055, 2056, 2057, -1,
      1993, 2058, 2034, -1,
      2034, 2058, 2059, -1,
      2034, 2059, 2052, -1,
      2052, 2059, 2060, -1,
      2052, 2060, 2053, -1,
      2053, 2060, 2061, -1,
      2053, 2061, 2054, -1,
      2054, 2061, 2055, -1,
      2054, 2055, 2049, -1,
      2049, 2055, 2057, -1,
      2049, 2057, 2050, -1,
      1993, 1994, 2058, -1,
      2058, 1994, 1995, -1,
      2058, 1995, 1997, -1,
      2062, 2063, 2064, -1,
      1997, 2033, 2058, -1,
      2058, 2033, 2065, -1,
      2058, 2065, 2059, -1,
      2059, 2065, 2066, -1,
      2059, 2066, 2060, -1,
      2060, 2066, 2067, -1,
      2060, 2067, 2061, -1,
      2061, 2067, 2062, -1,
      2061, 2062, 2055, -1,
      2055, 2062, 2064, -1,
      2055, 2064, 2056, -1,
      1082, 2063, 1083, -1,
      1083, 2063, 2062, -1,
      1083, 2062, 1037, -1,
      1037, 2062, 2067, -1,
      1037, 2067, 1038, -1,
      1038, 2067, 2066, -1,
      1038, 2066, 1070, -1,
      1070, 2066, 2065, -1,
      1070, 2065, 1067, -1,
      1067, 2065, 2033, -1,
      1067, 2033, 1092, -1,
      1092, 2033, 1996, -1,
      1082, 1081, 1999, -1,
      1082, 1999, 2063, -1,
      2063, 1999, 1998, -1,
      2063, 1998, 2064, -1,
      2064, 1998, 2028, -1,
      2064, 2028, 2056, -1,
      2056, 2028, 2027, -1,
      2056, 2027, 2057, -1,
      2057, 2027, 2050, -1,
      2050, 2027, 2002, -1,
      2050, 2002, 2051, -1,
      2002, 2001, 2051, -1,
      2051, 2001, 2005, -1,
      2051, 2005, 2044, -1,
      2044, 2005, 2004, -1,
      2044, 2004, 2045, -1,
      2045, 2004, 2041, -1,
      2041, 2004, 2011, -1,
      2041, 2011, 2042, -1,
      2011, 2013, 2042, -1,
      2042, 2013, 1887, -1,
      2042, 1887, 1885, -1,
      668, 336, 669, -1,
      669, 336, 325, -1,
      1649, 1669, 1748, -1,
      1748, 1669, 1812, -1,
      669, 325, 670, -1,
      670, 325, 312, -1,
      670, 312, 1830, -1,
      1830, 312, 1765, -1,
      1830, 1765, 1828, -1,
      1828, 1765, 1764, -1,
      1828, 1764, 1826, -1,
      1826, 1764, 1762, -1,
      1826, 1762, 1824, -1,
      1824, 1762, 1759, -1,
      1824, 1759, 1822, -1,
      1822, 1759, 1756, -1,
      1822, 1756, 1812, -1,
      1812, 1756, 1753, -1,
      1812, 1753, 1748, -1,
      1639, 1641, 1688, -1,
      1688, 1641, 1682, -1,
      1705, 1676, 1677, -1,
      1677, 1632, 1634, -1,
      1634, 1712, 1677, -1,
      1677, 1712, 1710, -1,
      1677, 1710, 1705, -1,
      1638, 1636, 1691, -1,
      1691, 1636, 1692, -1,
      1642, 1640, 1680, -1,
      1680, 1640, 1689, -1,
      1691, 1689, 1638, -1,
      1638, 1689, 1640, -1,
      1643, 1642, 1679, -1,
      1679, 1642, 1680, -1,
      1656, 1681, 1700, -1,
      1656, 1700, 1655, -1,
      1655, 1700, 1698, -1,
      1655, 1698, 1654, -1,
      1654, 1698, 1697, -1,
      1654, 1697, 1652, -1,
      1652, 1697, 1696, -1,
      1652, 1696, 1653, -1,
      1653, 1696, 1699, -1,
      1653, 1699, 1657, -1,
      1657, 1699, 1682, -1,
      1657, 1682, 1641, -1,
      1669, 1649, 1686, -1,
      1686, 1649, 1650, -1,
      1686, 1650, 1685, -1,
      1685, 1650, 1651, -1,
      1685, 1651, 1704, -1,
      1704, 1651, 1664, -1,
      1704, 1664, 1695, -1,
      1695, 1664, 1635, -1,
      1695, 1635, 1690, -1,
      1690, 1635, 1637, -1,
      1690, 1637, 1688, -1,
      1688, 1637, 1639, -1,
      1632, 1677, 1629, -1,
      1629, 1677, 1678, -1,
      1629, 1678, 1645, -1,
      1645, 1678, 1675, -1,
      1645, 1675, 1646, -1,
      1646, 1675, 1674, -1,
      1646, 1674, 1658, -1,
      1658, 1674, 1673, -1,
      1658, 1673, 1659, -1,
      1659, 1673, 1684, -1,
      1659, 1684, 1660, -1,
      1660, 1684, 1683, -1,
      1660, 1683, 1661, -1,
      1661, 1683, 1703, -1,
      1661, 1703, 1662, -1,
      1662, 1703, 1702, -1,
      1662, 1702, 1663, -1,
      1663, 1702, 1701, -1,
      1663, 1701, 1665, -1,
      1665, 1701, 1694, -1,
      1665, 1694, 1666, -1,
      1666, 1694, 1693, -1,
      1666, 1693, 1636, -1,
      1636, 1693, 1692, -1,
      1088, 1140, 1089, -1,
      1089, 1140, 1139, -1,
      1089, 1139, 1027, -1,
      1027, 1139, 1138, -1,
      1027, 1138, 1028, -1,
      1028, 1138, 1132, -1,
      1028, 1132, 1053, -1,
      1053, 1132, 1131, -1,
      1053, 1131, 1031, -1,
      1031, 1131, 1135, -1,
      1031, 1135, 1030, -1,
      1030, 1135, 1134, -1,
      1044, 1115, 1045, -1,
      1045, 1115, 1124, -1,
      1045, 1124, 1066, -1,
      1066, 1124, 1123, -1,
      1066, 1123, 1065, -1,
      1065, 1123, 1122, -1,
      1065, 1122, 1064, -1,
      1064, 1122, 1121, -1,
      1064, 1121, 1063, -1,
      1063, 1121, 1120, -1,
      1063, 1120, 1086, -1,
      1086, 1120, 1147, -1,
      1722, 1771, 1720, -1,
      1720, 1771, 1858, -1,
      1720, 1858, 1724, -1,
      1724, 1858, 1725, -1,
      1725, 1858, 1859, -1,
      1725, 1859, 1726, -1,
      1726, 1859, 1729, -1,
      1729, 1859, 1863, -1,
      1729, 1863, 1730, -1,
      1730, 1863, 1731, -1,
      1731, 1863, 1868, -1,
      1731, 1868, 1727, -1,
      1727, 1868, 1728, -1,
      1728, 1868, 1875, -1,
      1728, 1875, 1732, -1,
      1732, 1875, 1733, -1,
      1733, 1875, 1624, -1,
      1733, 1624, 1626, -1,
      1771, 1722, 1723, -1,
      1773, 1771, 1818, -1,
      1818, 1771, 1723, -1,
      1818, 1723, 1819, -1,
      1819, 1723, 1719, -1,
      1819, 1719, 1821, -1,
      1821, 1719, 1718, -1,
      1821, 1718, 1820, -1,
      1820, 1718, 1717, -1,
      1820, 1717, 1809, -1,
      1809, 1717, 1716, -1,
      1809, 1716, 1808, -1,
      1808, 1716, 1779, -1,
      1808, 1779, 1806, -1,
      1806, 1779, 1778, -1,
      1806, 1778, 1811, -1,
      1811, 1778, 1777, -1,
      1811, 1777, 1810, -1,
      1810, 1777, 1776, -1,
      1770, 1772, 1816, -1,
      1747, 1770, 1745, -1,
      1745, 1770, 1816, -1,
      1745, 1816, 1746, -1,
      1746, 1816, 1815, -1,
      1746, 1815, 1750, -1,
      1750, 1815, 1814, -1,
      1750, 1814, 1751, -1,
      1751, 1814, 1813, -1,
      1751, 1813, 1647, -1,
      1647, 1813, 1672, -1,
      1647, 1672, 1648, -1,
      1648, 1672, 1671, -1,
      1648, 1671, 1644, -1,
      1644, 1671, 1670, -1,
      1644, 1670, 1630, -1,
      1630, 1670, 1668, -1,
      1630, 1668, 1631, -1,
      1631, 1668, 1667, -1,
      1734, 1874, 1735, -1,
      1735, 1874, 1862, -1,
      1735, 1862, 1736, -1,
      1736, 1862, 1737, -1,
      1737, 1862, 1867, -1,
      1737, 1867, 1738, -1,
      1738, 1867, 1739, -1,
      1739, 1867, 1866, -1,
      1739, 1866, 1740, -1,
      1740, 1866, 1741, -1,
      1741, 1866, 1865, -1,
      1741, 1865, 1742, -1,
      1742, 1865, 1743, -1,
      1743, 1865, 1864, -1,
      1743, 1864, 1744, -1,
      1770, 1747, 1864, -1,
      1864, 1747, 1749, -1,
      1864, 1749, 1744, -1,
      423, 422, 726, -1,
      726, 422, 343, -1,
      726, 343, 730, -1,
      730, 343, 360, -1,
      730, 360, 359, -1,
      321, 320, 708, -1,
      708, 320, 709, -1,
      428, 430, 2068, -1,
      2068, 2069, 428, -1,
      428, 2069, 2070, -1,
      428, 2070, 2071, -1,
      2072, 2073, 428, -1,
      428, 2073, 2074, -1,
      428, 2074, 895, -1,
      895, 2074, 2075, -1,
      2071, 2076, 428, -1,
      428, 2076, 2077, -1,
      428, 2077, 2072, -1,
      2078, 2075, 2079, -1,
      2079, 2075, 2080, -1,
      2075, 2081, 895, -1,
      895, 2081, 2082, -1,
      895, 2082, 2083, -1,
      2078, 2084, 2075, -1,
      2075, 2084, 2085, -1,
      2075, 2085, 2081, -1,
      2083, 2086, 895, -1,
      895, 2086, 2087, -1,
      895, 2087, 2088, -1,
      2088, 2087, 2089, -1,
      2082, 2081, 2090, -1,
      2090, 2081, 2091, -1,
      2092, 2090, 896, -1,
      896, 2090, 2093, -1,
      896, 2093, 674, -1,
      674, 2093, 676, -1,
      2094, 2095, 2096, -1,
      2090, 2091, 2093, -1,
      2093, 2091, 2097, -1,
      2093, 2097, 2098, -1,
      2098, 2099, 2093, -1,
      2093, 2099, 2100, -1,
      2093, 2100, 2101, -1,
      2092, 896, 2096, -1,
      2096, 896, 2102, -1,
      2096, 2102, 2094, -1,
      2075, 2074, 2093, -1,
      2093, 2074, 684, -1,
      2093, 684, 676, -1,
      2075, 2093, 2101, -1,
      2075, 2101, 2080, -1,
      2080, 2101, 2100, -1,
      2080, 2100, 2079, -1,
      2079, 2100, 2099, -1,
      2079, 2099, 2078, -1,
      2078, 2099, 2098, -1,
      2078, 2098, 2084, -1,
      2084, 2098, 2097, -1,
      2084, 2097, 2085, -1,
      2085, 2097, 2091, -1,
      2085, 2091, 2081, -1,
      2082, 2090, 2092, -1,
      2082, 2092, 2083, -1,
      2083, 2092, 2096, -1,
      2083, 2096, 2086, -1,
      2086, 2096, 2095, -1,
      2086, 2095, 2087, -1,
      2087, 2095, 2094, -1,
      2087, 2094, 2089, -1,
      2089, 2094, 2102, -1,
      2089, 2102, 2088, -1,
      2088, 2102, 896, -1,
      2088, 896, 895, -1,
      709, 320, 339, -1,
      709, 339, 733, -1,
      733, 339, 341, -1,
      733, 341, 735, -1,
      735, 341, 342, -1,
      735, 342, 736, -1,
      736, 342, 340, -1,
      736, 340, 734, -1,
      734, 340, 338, -1,
      734, 338, 732, -1,
      732, 338, 337, -1,
      732, 337, 710, -1,
      710, 337, 322, -1,
      710, 322, 667, -1,
      321, 708, 323, -1,
      323, 708, 707, -1,
      323, 707, 324, -1,
      324, 707, 706, -1,
      324, 706, 326, -1,
      326, 706, 705, -1,
      326, 705, 328, -1,
      328, 705, 704, -1,
      328, 704, 329, -1,
      329, 704, 731, -1,
      329, 731, 359, -1,
      359, 731, 730, -1,
      430, 722, 2068, -1,
      2068, 722, 721, -1,
      2068, 721, 2069, -1,
      2069, 721, 2070, -1,
      2070, 721, 691, -1,
      2070, 691, 2071, -1,
      2071, 691, 2076, -1,
      2076, 691, 690, -1,
      2076, 690, 2077, -1,
      2077, 690, 689, -1,
      2077, 689, 2072, -1,
      2072, 689, 685, -1,
      2072, 685, 2073, -1,
      2073, 685, 684, -1,
      2073, 684, 2074, -1,
      423, 726, 424, -1,
      424, 726, 725, -1,
      424, 725, 419, -1,
      419, 725, 724, -1,
      419, 724, 420, -1,
      420, 724, 703, -1,
      420, 703, 425, -1,
      425, 703, 702, -1,
      425, 702, 426, -1,
      426, 702, 701, -1,
      426, 701, 427, -1,
      427, 701, 723, -1,
      2103, 2104, 2105, -1,
      2105, 2104, 2106, -1,
      2105, 2107, 2108, -1,
      2108, 2107, 2109, -1,
      2110, 2111, 2112, -1,
      2113, 2114, 2115, -1,
      2116, 2117, 346, -1,
      335, 2118, 316, -1,
      316, 2118, 2119, -1,
      316, 2119, 315, -1,
      313, 315, 2120, -1,
      2120, 315, 2119, -1,
      2120, 2119, 2121, -1,
      2117, 2116, 2122, -1,
      2122, 2116, 2123, -1,
      2122, 2123, 2124, -1,
      317, 313, 2125, -1,
      2125, 313, 2120, -1,
      2125, 2120, 2126, -1,
      2126, 2120, 2121, -1,
      2126, 2121, 2127, -1,
      318, 317, 2128, -1,
      2128, 317, 2125, -1,
      2128, 2125, 2129, -1,
      2129, 2125, 2126, -1,
      2129, 2126, 2130, -1,
      2130, 2126, 2127, -1,
      2130, 2127, 2131, -1,
      2132, 2133, 2134, -1,
      2134, 2135, 2132, -1,
      2132, 2135, 2136, -1,
      2132, 2136, 2123, -1,
      2123, 2136, 2137, -1,
      2123, 2137, 2124, -1,
      2138, 2108, 2139, -1,
      2139, 2108, 2109, -1,
      2139, 2109, 2140, -1,
      2140, 2109, 2141, -1,
      2111, 2141, 2112, -1,
      2112, 2141, 2109, -1,
      2112, 2109, 2142, -1,
      2142, 2109, 2107, -1,
      2142, 2107, 2143, -1,
      2143, 2107, 2105, -1,
      346, 318, 2116, -1,
      2116, 318, 2128, -1,
      2116, 2128, 2123, -1,
      2123, 2128, 2129, -1,
      2123, 2129, 2132, -1,
      2132, 2129, 2130, -1,
      2132, 2130, 2133, -1,
      2133, 2130, 2131, -1,
      2133, 2131, 2144, -1,
      2138, 2145, 2108, -1,
      2108, 2145, 2105, -1,
      2105, 2146, 2144, -1,
      2144, 2146, 2147, -1,
      2144, 2147, 2133, -1,
      2133, 2147, 2148, -1,
      2133, 2148, 2134, -1,
      2118, 2113, 2119, -1,
      2119, 2113, 2115, -1,
      2119, 2115, 2121, -1,
      2121, 2115, 2149, -1,
      2121, 2149, 2127, -1,
      2127, 2149, 2150, -1,
      2127, 2150, 2131, -1,
      2131, 2150, 2151, -1,
      2131, 2151, 2144, -1,
      2144, 2151, 2105, -1,
      2114, 2110, 2115, -1,
      2115, 2110, 2112, -1,
      2115, 2112, 2149, -1,
      2149, 2112, 2142, -1,
      2149, 2142, 2150, -1,
      2150, 2142, 2143, -1,
      2150, 2143, 2151, -1,
      2151, 2143, 2105, -1,
      2152, 349, 347, -1,
      2152, 347, 2153, -1,
      346, 2117, 347, -1,
      347, 2117, 2122, -1,
      347, 2122, 2153, -1,
      2153, 2122, 2124, -1,
      2153, 2124, 2154, -1,
      2154, 2124, 2137, -1,
      2154, 2137, 2155, -1,
      2155, 2137, 2136, -1,
      2155, 2136, 2156, -1,
      2156, 2136, 2135, -1,
      2156, 2135, 2157, -1,
      2157, 2135, 2134, -1,
      2157, 2134, 2158, -1,
      2158, 2134, 2148, -1,
      2158, 2148, 2159, -1,
      2159, 2148, 2160, -1,
      2160, 2148, 2147, -1,
      2160, 2147, 2161, -1,
      2147, 2146, 2161, -1,
      2161, 2146, 2105, -1,
      2161, 2105, 2106, -1,
      2105, 2145, 2103, -1,
      2103, 2145, 2162, -1,
      2162, 2145, 2163, -1,
      2163, 2145, 2138, -1,
      2163, 2138, 2164, -1,
      2164, 2138, 2139, -1,
      2164, 2139, 2165, -1,
      2165, 2139, 2140, -1,
      2165, 2140, 2166, -1,
      2166, 2140, 2141, -1,
      2166, 2141, 2167, -1,
      2167, 2141, 2111, -1,
      2167, 2111, 2168, -1,
      2168, 2111, 2110, -1,
      2168, 2110, 2169, -1,
      2169, 2110, 2114, -1,
      2169, 2114, 2170, -1,
      2114, 2113, 2170, -1,
      2170, 2113, 2118, -1,
      2170, 2118, 2171, -1,
      2171, 2118, 335, -1,
      2171, 335, 334, -1,
      2106, 2172, 2173, -1,
      2173, 2172, 2174, -1,
      2155, 2156, 2175, -1,
      2153, 2154, 2176, -1,
      2177, 2178, 358, -1,
      349, 2152, 350, -1,
      350, 2152, 2179, -1,
      350, 2179, 351, -1,
      352, 351, 2180, -1,
      2180, 351, 2179, -1,
      2180, 2179, 2181, -1,
      2178, 2177, 2182, -1,
      2182, 2177, 2183, -1,
      2182, 2183, 2184, -1,
      356, 352, 2185, -1,
      2185, 352, 2180, -1,
      2185, 2180, 2186, -1,
      2186, 2180, 2181, -1,
      2186, 2181, 2187, -1,
      357, 356, 2188, -1,
      2188, 356, 2185, -1,
      2188, 2185, 2189, -1,
      2189, 2185, 2186, -1,
      2189, 2186, 2190, -1,
      2190, 2186, 2187, -1,
      2190, 2187, 2191, -1,
      2192, 2193, 2194, -1,
      2194, 2195, 2192, -1,
      2192, 2195, 2196, -1,
      2192, 2196, 2183, -1,
      2183, 2196, 2197, -1,
      2183, 2197, 2184, -1,
      2160, 2173, 2159, -1,
      2159, 2173, 2174, -1,
      2159, 2174, 2158, -1,
      2158, 2174, 2157, -1,
      2156, 2157, 2175, -1,
      2175, 2157, 2174, -1,
      2175, 2174, 2198, -1,
      2198, 2174, 2172, -1,
      2198, 2172, 2199, -1,
      2199, 2172, 2106, -1,
      358, 357, 2177, -1,
      2177, 357, 2188, -1,
      2177, 2188, 2183, -1,
      2183, 2188, 2189, -1,
      2183, 2189, 2192, -1,
      2192, 2189, 2190, -1,
      2192, 2190, 2193, -1,
      2193, 2190, 2191, -1,
      2193, 2191, 2200, -1,
      2160, 2161, 2173, -1,
      2173, 2161, 2106, -1,
      2106, 2201, 2200, -1,
      2200, 2201, 2202, -1,
      2200, 2202, 2193, -1,
      2193, 2202, 2203, -1,
      2193, 2203, 2194, -1,
      2152, 2153, 2179, -1,
      2179, 2153, 2176, -1,
      2179, 2176, 2181, -1,
      2181, 2176, 2204, -1,
      2181, 2204, 2187, -1,
      2187, 2204, 2205, -1,
      2187, 2205, 2191, -1,
      2191, 2205, 2206, -1,
      2191, 2206, 2200, -1,
      2200, 2206, 2106, -1,
      2154, 2155, 2176, -1,
      2176, 2155, 2175, -1,
      2176, 2175, 2204, -1,
      2204, 2175, 2198, -1,
      2204, 2198, 2205, -1,
      2205, 2198, 2199, -1,
      2205, 2199, 2206, -1,
      2206, 2199, 2106, -1,
      2103, 2207, 2208, -1,
      2208, 2207, 2209, -1,
      2210, 2211, 2212, -1,
      2213, 2214, 2215, -1,
      2216, 2171, 334, -1,
      330, 2217, 331, -1,
      331, 2217, 2218, -1,
      331, 2218, 332, -1,
      310, 332, 2219, -1,
      2219, 332, 2218, -1,
      2219, 2218, 2220, -1,
      2171, 2216, 2170, -1,
      2170, 2216, 2221, -1,
      2170, 2221, 2169, -1,
      311, 310, 2222, -1,
      2222, 310, 2219, -1,
      2222, 2219, 2223, -1,
      2223, 2219, 2220, -1,
      2223, 2220, 2224, -1,
      333, 311, 2225, -1,
      2225, 311, 2222, -1,
      2225, 2222, 2226, -1,
      2226, 2222, 2223, -1,
      2226, 2223, 2227, -1,
      2227, 2223, 2224, -1,
      2227, 2224, 2228, -1,
      2229, 2230, 2165, -1,
      2165, 2166, 2229, -1,
      2229, 2166, 2167, -1,
      2229, 2167, 2221, -1,
      2221, 2167, 2168, -1,
      2221, 2168, 2169, -1,
      2231, 2208, 2232, -1,
      2232, 2208, 2209, -1,
      2232, 2209, 2233, -1,
      2233, 2209, 2234, -1,
      2211, 2234, 2212, -1,
      2212, 2234, 2209, -1,
      2212, 2209, 2235, -1,
      2235, 2209, 2207, -1,
      2235, 2207, 2236, -1,
      2236, 2207, 2103, -1,
      334, 333, 2216, -1,
      2216, 333, 2225, -1,
      2216, 2225, 2221, -1,
      2221, 2225, 2226, -1,
      2221, 2226, 2229, -1,
      2229, 2226, 2227, -1,
      2229, 2227, 2230, -1,
      2230, 2227, 2228, -1,
      2230, 2228, 2237, -1,
      2231, 2238, 2208, -1,
      2208, 2238, 2103, -1,
      2103, 2162, 2237, -1,
      2237, 2162, 2163, -1,
      2237, 2163, 2230, -1,
      2230, 2163, 2164, -1,
      2230, 2164, 2165, -1,
      2217, 2213, 2218, -1,
      2218, 2213, 2215, -1,
      2218, 2215, 2220, -1,
      2220, 2215, 2239, -1,
      2220, 2239, 2224, -1,
      2224, 2239, 2240, -1,
      2224, 2240, 2228, -1,
      2228, 2240, 2241, -1,
      2228, 2241, 2237, -1,
      2237, 2241, 2103, -1,
      2214, 2210, 2215, -1,
      2215, 2210, 2212, -1,
      2215, 2212, 2239, -1,
      2239, 2212, 2235, -1,
      2239, 2235, 2240, -1,
      2240, 2235, 2236, -1,
      2240, 2236, 2241, -1,
      2241, 2236, 2103, -1,
      353, 358, 2178, -1,
      353, 2178, 2242, -1,
      2242, 2178, 2182, -1,
      2242, 2182, 2243, -1,
      2243, 2182, 2184, -1,
      2243, 2184, 2244, -1,
      2244, 2184, 2197, -1,
      2244, 2197, 2245, -1,
      2245, 2197, 2196, -1,
      2245, 2196, 2246, -1,
      2246, 2196, 2195, -1,
      2246, 2195, 2247, -1,
      2247, 2195, 2194, -1,
      2247, 2194, 2248, -1,
      2248, 2194, 2203, -1,
      2248, 2203, 2249, -1,
      2249, 2203, 2250, -1,
      2250, 2203, 2202, -1,
      2250, 2202, 2251, -1,
      2202, 2201, 2251, -1,
      2251, 2201, 2106, -1,
      2251, 2106, 2104, -1,
      2234, 2252, 2233, -1,
      2233, 2252, 2253, -1,
      2233, 2253, 2232, -1,
      2232, 2253, 2254, -1,
      2232, 2254, 2231, -1,
      2231, 2254, 2255, -1,
      2231, 2255, 2238, -1,
      2238, 2255, 2104, -1,
      2238, 2104, 2103, -1,
      2217, 330, 327, -1,
      2256, 327, 2257, -1,
      2257, 327, 361, -1,
      2217, 327, 2213, -1,
      2213, 327, 2256, -1,
      2213, 2256, 2214, -1,
      2214, 2256, 2258, -1,
      2214, 2258, 2210, -1,
      2210, 2258, 2259, -1,
      2210, 2259, 2211, -1,
      2211, 2259, 2260, -1,
      2211, 2260, 2234, -1,
      2234, 2260, 2261, -1,
      2234, 2261, 2252, -1,
      2104, 2262, 2263, -1,
      2263, 2262, 2264, -1,
      2245, 2246, 2265, -1,
      2243, 2244, 2266, -1,
      2267, 2257, 361, -1,
      353, 2242, 354, -1,
      354, 2242, 2268, -1,
      354, 2268, 355, -1,
      344, 355, 2269, -1,
      2269, 355, 2268, -1,
      2269, 2268, 2270, -1,
      2257, 2267, 2256, -1,
      2256, 2267, 2271, -1,
      2256, 2271, 2258, -1,
      345, 344, 2272, -1,
      2272, 344, 2269, -1,
      2272, 2269, 2273, -1,
      2273, 2269, 2270, -1,
      2273, 2270, 2274, -1,
      362, 345, 2275, -1,
      2275, 345, 2272, -1,
      2275, 2272, 2276, -1,
      2276, 2272, 2273, -1,
      2276, 2273, 2277, -1,
      2277, 2273, 2274, -1,
      2277, 2274, 2278, -1,
      2279, 2280, 2252, -1,
      2252, 2261, 2279, -1,
      2279, 2261, 2260, -1,
      2279, 2260, 2271, -1,
      2271, 2260, 2259, -1,
      2271, 2259, 2258, -1,
      2250, 2263, 2249, -1,
      2249, 2263, 2264, -1,
      2249, 2264, 2248, -1,
      2248, 2264, 2247, -1,
      2246, 2247, 2265, -1,
      2265, 2247, 2264, -1,
      2265, 2264, 2281, -1,
      2281, 2264, 2262, -1,
      2281, 2262, 2282, -1,
      2282, 2262, 2104, -1,
      361, 362, 2267, -1,
      2267, 362, 2275, -1,
      2267, 2275, 2271, -1,
      2271, 2275, 2276, -1,
      2271, 2276, 2279, -1,
      2279, 2276, 2277, -1,
      2279, 2277, 2280, -1,
      2280, 2277, 2278, -1,
      2280, 2278, 2283, -1,
      2250, 2251, 2263, -1,
      2263, 2251, 2104, -1,
      2104, 2255, 2283, -1,
      2283, 2255, 2254, -1,
      2283, 2254, 2280, -1,
      2280, 2254, 2253, -1,
      2280, 2253, 2252, -1,
      2242, 2243, 2268, -1,
      2268, 2243, 2266, -1,
      2268, 2266, 2270, -1,
      2270, 2266, 2284, -1,
      2270, 2284, 2274, -1,
      2274, 2284, 2285, -1,
      2274, 2285, 2278, -1,
      2278, 2285, 2286, -1,
      2278, 2286, 2283, -1,
      2283, 2286, 2104, -1,
      2244, 2245, 2266, -1,
      2266, 2245, 2265, -1,
      2266, 2265, 2284, -1,
      2284, 2265, 2281, -1,
      2284, 2281, 2285, -1,
      2285, 2281, 2282, -1,
      2285, 2282, 2286, -1,
      2286, 2282, 2104, -1,
      992, 1715, 1714, -1,
      992, 1714, 994, -1,
      1714, 1752, 994, -1,
      994, 1752, 1754, -1,
      994, 1754, 996, -1,
      1754, 1755, 996, -1,
      996, 1755, 1757, -1,
      996, 1757, 998, -1,
      1757, 1758, 998, -1,
      998, 1758, 1760, -1,
      998, 1760, 1000, -1,
      1760, 1761, 1000, -1,
      1000, 1761, 1763, -1,
      1000, 1763, 1002, -1,
      1763, 1769, 1002, -1,
      1002, 1769, 1768, -1,
      1002, 1768, 1004, -1,
      626, 1006, 1766, -1,
      1766, 1006, 1004, -1,
      1766, 1004, 1767, -1,
      1767, 1004, 1768, -1,
      1006, 605, 604, -1,
      78, 81, 944, -1,
      78, 944, 600, -1,
      626, 614, 1006, -1,
      1006, 614, 612, -1,
      1006, 612, 610, -1,
      610, 608, 1006, -1,
      1006, 608, 607, -1,
      1006, 607, 606, -1,
      1006, 604, 944, -1,
      944, 604, 602, -1,
      944, 602, 600, -1,
      606, 8, 1006, -1,
      1006, 8, 7, -1,
      1006, 7, 605, -1,
      990, 1774, 992, -1,
      992, 1774, 1715, -1,
      81, 876, 944, -1,
      944, 876, 946, -1,
      876, 877, 946, -1,
      946, 877, 879, -1,
      946, 879, 948, -1,
      879, 880, 948, -1,
      948, 880, 882, -1,
      948, 882, 950, -1,
      950, 882, 883, -1,
      950, 883, 952, -1,
      883, 885, 952, -1,
      952, 885, 886, -1,
      952, 886, 954, -1,
      886, 888, 954, -1,
      954, 888, 889, -1,
      954, 889, 956, -1,
      889, 891, 956, -1,
      956, 891, 892, -1,
      956, 892, 958, -1,
      958, 892, 869, -1,
      958, 869, 873, -1,
      976, 1012, 1790, -1,
      976, 1790, 978, -1,
      978, 1790, 1788, -1,
      978, 1788, 980, -1,
      980, 1788, 1786, -1,
      980, 1786, 982, -1,
      982, 1786, 1784, -1,
      982, 1784, 984, -1,
      984, 1784, 1782, -1,
      984, 1782, 986, -1,
      986, 1782, 1780, -1,
      986, 1780, 988, -1,
      988, 1780, 1774, -1,
      988, 1774, 990, -1,
      904, 960, 873, -1,
      873, 960, 958, -1,
      974, 908, 976, -1,
      976, 908, 1012, -1,
      960, 904, 919, -1,
      960, 919, 962, -1,
      962, 919, 917, -1,
      962, 917, 964, -1,
      964, 917, 915, -1,
      964, 915, 966, -1,
      966, 915, 913, -1,
      966, 913, 968, -1,
      968, 913, 911, -1,
      968, 911, 970, -1,
      970, 911, 909, -1,
      970, 909, 972, -1,
      972, 909, 908, -1,
      972, 908, 974, -1,
      937, 957, 922, -1,
      922, 957, 959, -1,
      672, 943, 1106, -1,
      1106, 943, 945, -1,
      1106, 945, 1108, -1,
      1108, 945, 947, -1,
      1108, 947, 1110, -1,
      1110, 947, 949, -1,
      1110, 949, 1112, -1,
      1112, 949, 951, -1,
      1112, 951, 1114, -1,
      1114, 951, 953, -1,
      1114, 953, 1095, -1,
      1095, 953, 955, -1,
      1095, 955, 937, -1,
      937, 955, 957, -1,
      922, 959, 924, -1,
      924, 959, 961, -1,
      924, 961, 926, -1,
      926, 961, 963, -1,
      926, 963, 928, -1,
      928, 963, 965, -1,
      928, 965, 930, -1,
      930, 965, 967, -1,
      930, 967, 932, -1,
      932, 967, 969, -1,
      932, 969, 934, -1,
      934, 969, 971, -1,
      934, 971, 936, -1,
      936, 971, 973, -1,
      671, 1005, 672, -1,
      672, 1005, 943, -1,
      975, 1127, 973, -1,
      973, 1127, 936, -1,
      1807, 991, 1817, -1,
      1817, 991, 993, -1,
      1817, 993, 1823, -1,
      1823, 993, 995, -1,
      1823, 995, 1825, -1,
      1825, 995, 997, -1,
      1825, 997, 1827, -1,
      1827, 997, 999, -1,
      1827, 999, 1829, -1,
      1829, 999, 1001, -1,
      1829, 1001, 1831, -1,
      1831, 1001, 1003, -1,
      1831, 1003, 671, -1,
      671, 1003, 1005, -1,
      1127, 975, 1793, -1,
      1793, 975, 977, -1,
      1793, 977, 1795, -1,
      1795, 977, 979, -1,
      1795, 979, 1797, -1,
      1797, 979, 981, -1,
      1797, 981, 1799, -1,
      1799, 981, 983, -1,
      1799, 983, 1801, -1,
      1801, 983, 985, -1,
      1801, 985, 1803, -1,
      1803, 985, 987, -1,
      1803, 987, 1805, -1,
      1805, 987, 989, -1,
      1805, 989, 1807, -1,
      1807, 989, 991, -1,
      1840, 1627, 1856, -1,
      1856, 1627, 1625, -1,
      1839, 1838, 1876, -1,
      1876, 1838, 1857, -1,
      742, 1172, 740, -1,
      740, 1172, 1179, -1,
      1171, 1173, 1180, -1,
      1180, 1173, 1189, -1,
      1873, 1850, 1855, -1,
      1873, 1855, 1871, -1,
      1871, 1855, 1854, -1,
      1871, 1854, 1872, -1,
      1872, 1854, 1853, -1,
      1872, 1853, 1878, -1,
      1878, 1853, 1852, -1,
      1878, 1852, 1879, -1,
      1879, 1852, 1851, -1,
      1879, 1851, 1880, -1,
      1880, 1851, 1849, -1,
      1880, 1849, 1881, -1,
      1841, 1877, 1842, -1,
      1842, 1877, 1870, -1,
      1842, 1870, 1843, -1,
      1843, 1870, 1861, -1,
      1843, 1861, 1844, -1,
      1844, 1861, 1860, -1,
      1844, 1860, 1845, -1,
      1845, 1860, 1869, -1,
      1845, 1869, 1847, -1,
      1847, 1869, 1883, -1,
      1847, 1883, 1848, -1,
      1848, 1883, 1882, -1,
      1200, 1178, 1177, -1,
      1200, 1177, 1202, -1,
      1202, 1177, 1176, -1,
      1202, 1176, 1203, -1,
      1203, 1176, 1175, -1,
      1203, 1175, 1205, -1,
      1205, 1175, 1163, -1,
      1205, 1163, 1206, -1,
      1206, 1163, 1162, -1,
      1206, 1162, 1204, -1,
      1204, 1162, 1161, -1,
      1204, 1161, 1201, -1,
      1170, 1198, 1168, -1,
      1168, 1198, 1197, -1,
      1168, 1197, 1167, -1,
      1167, 1197, 1196, -1,
      1167, 1196, 1166, -1,
      1166, 1196, 1182, -1,
      1166, 1182, 1165, -1,
      1165, 1182, 1181, -1,
      1165, 1181, 1164, -1,
      1164, 1181, 1191, -1,
      1164, 1191, 1174, -1,
      1174, 1191, 1190, -1,
    ]
  }
}

Shape {
  appearance Appearance {
    material Material {
      diffuseColor 0.0000 0.0000 0.0000
      specularColor 0.0000 0.0000 0.0000
      ambientIntensity 0.2
      transparency 0.0000
      shininess 0.5
    }
  }
  geometry IndexedFaceSet {
    ccw TRUE
    solid FALSE
    coord DEF co Coordinate {
      point [
        0.343906 -0.899806 1.244094,
        0.345955 -0.916539 1.244094,
        -0.005823 -0.858022 1.244094,
        -0.005823 -0.964433 1.244094,
        0.042010 -0.964433 1.244094,
        0.090856 -0.858149 1.244094,
        0.100140 -0.857008 1.244094,
        0.134798 -0.974173 1.244094,
        0.131720 -0.975183 1.244094,
        0.176391 -0.924030 1.244094,
        0.176391 -0.964433 1.244094,
        0.208827 -0.964433 1.244094,
        0.219342 -0.910276 1.244094,
        0.219342 -0.924030 1.244094,
        0.222750 -0.858022 1.244094,
        0.222750 -0.871837 1.244094,
        0.208827 -0.871837 1.244094,
        0.208827 -0.910276 1.244094,
        0.176391 -0.871837 1.244094,
        0.176391 -0.910276 1.244094,
        0.160886 -0.978126 1.244094,
        0.208827 -0.978126 1.244094,
        0.225482 -0.978126 1.244094,
        0.225482 -0.964433 1.244094,
        0.208827 -0.924030 1.244094,
        0.160886 -0.858022 1.244094,
        0.208827 -0.858022 1.244094,
        0.136847 -0.958293 1.244094,
        0.136847 -0.973152 1.244094,
        0.111510 -0.966122 1.244094,
        0.125084 -0.963583 1.244094,
        0.131720 -0.874954 1.244094,
        0.131720 -0.960598 1.244094,
        0.135509 -0.876396 1.244094,
        0.136847 -0.877118 1.244094,
        0.077306 -0.955987 1.244094,
        0.085142 -0.961544 1.244094,
        0.123327 -0.871761 1.244094,
        0.074301 -0.885017 1.244094,
        0.068681 -0.893547 1.244094,
        0.064849 -0.904221 1.244094,
        0.108540 -0.869995 1.244094,
        0.103904 -0.870180 1.244094,
        0.075813 -0.883320 1.244094,
        0.093452 -0.872189 1.244094,
        0.084006 -0.876559 1.244094,
        0.063194 -0.919424 1.244094,
        0.063324 -0.923862 1.244094,
        0.065249 -0.935880 1.244094,
        0.093689 -0.964863 1.244094,
        0.105839 -0.966336 1.244094,
        0.069132 -0.945563 1.244094,
        0.074983 -0.953687 1.244094,
        0.121105 -0.857008 1.244094,
        0.124357 -0.857273 1.244094,
        0.131720 -0.859416 1.244094,
        0.136847 -0.860907 1.244094,
        0.108387 -0.855995 1.244094,
        0.108681 -0.855996 1.244094,
        0.083346 -0.977135 1.244094,
        0.072009 -0.971793 1.244094,
        0.049854 -0.898407 1.244094,
        0.055556 -0.885064 1.244094,
        0.064269 -0.873680 1.244094,
        0.121903 -0.978402 1.244094,
        0.103597 -0.980152 1.244094,
        0.096365 -0.979811 1.244094,
        0.062334 -0.963757 1.244094,
        0.060442 -0.961637 1.244094,
        0.053523 -0.951162 1.244094,
        0.067107 -0.870963 1.244094,
        0.078331 -0.863052 1.244094,
        0.048884 -0.938274 1.244094,
        0.046922 -0.920346 1.244094,
        0.047133 -0.914090 1.244094,
        -0.021327 -0.858022 1.244094,
        0.042010 -0.978126 1.244094,
        -0.021327 -0.978126 1.244094,
        0.248171 -0.978126 1.244094,
        0.339429 -0.888385 1.244094,
        0.345599 -0.924143 1.244094,
        0.342697 -0.938212 1.244094,
        0.336792 -0.950639 1.244094,
        0.327841 -0.961302 1.244094,
        0.315481 -0.970196 1.244094,
        0.301833 -0.975582 1.244094,
        0.281206 -0.978126 1.244094,
        0.248171 -0.858022 1.244094,
        0.282433 -0.858022 1.244094,
        0.300761 -0.860044 1.244094,
        0.315257 -0.865337 1.244094,
        0.327841 -0.873925 1.244094,
        0.331965 -0.877947 1.244094,
        0.042010 -0.964433 1.244488,
        0.042010 -0.978126 1.244488,
        -0.005823 -0.964433 1.244488,
        -0.005823 -0.858022 1.244488,
        -0.021327 -0.858022 1.244488,
        -0.021327 -0.978126 1.244488,
        0.136847 -0.973152 1.244488,
        0.134798 -0.974173 1.244488,
        0.103597 -0.980152 1.244488,
        0.121903 -0.978402 1.244488,
        0.136847 -0.958293 1.244488,
        0.125084 -0.963583 1.244488,
        0.111510 -0.966122 1.244488,
        0.105839 -0.966336 1.244488,
        0.093689 -0.964863 1.244488,
        0.085142 -0.961544 1.244488,
        0.077306 -0.955987 1.244488,
        0.074983 -0.953687 1.244488,
        0.069132 -0.945563 1.244488,
        0.065249 -0.935880 1.244488,
        0.063324 -0.923862 1.244488,
        0.063194 -0.919424 1.244488,
        0.064849 -0.904221 1.244488,
        0.068681 -0.893547 1.244488,
        0.074301 -0.885017 1.244488,
        0.075813 -0.883320 1.244488,
        0.084006 -0.876559 1.244488,
        0.093452 -0.872189 1.244488,
        0.103904 -0.870180 1.244488,
        0.108540 -0.869995 1.244488,
        0.136847 -0.877118 1.244488,
        0.135509 -0.876396 1.244488,
        0.123327 -0.871761 1.244488,
        0.136847 -0.860907 1.244488,
        0.108387 -0.855995 1.244488,
        0.108681 -0.855996 1.244488,
        0.124357 -0.857273 1.244488,
        0.090856 -0.858149 1.244488,
        0.078331 -0.863052 1.244488,
        0.067107 -0.870963 1.244488,
        0.064269 -0.873680 1.244488,
        0.055556 -0.885064 1.244488,
        0.049854 -0.898407 1.244488,
        0.047133 -0.914090 1.244488,
        0.046922 -0.920346 1.244488,
        0.048884 -0.938274 1.244488,
        0.053523 -0.951162 1.244488,
        0.060442 -0.961637 1.244488,
        0.062334 -0.963757 1.244488,
        0.072009 -0.971793 1.244488,
        0.083346 -0.977135 1.244488,
        0.096365 -0.979811 1.244488,
        0.225482 -0.964433 1.244488,
        0.225482 -0.978126 1.244488,
        0.176391 -0.964433 1.244488,
        0.176391 -0.924030 1.244488,
        0.219342 -0.924030 1.244488,
        0.219342 -0.910276 1.244488,
        0.176391 -0.910276 1.244488,
        0.176391 -0.871837 1.244488,
        0.222750 -0.871837 1.244488,
        0.222750 -0.858022 1.244488,
        0.160886 -0.858022 1.244488,
        0.160886 -0.978126 1.244488,
        0.322796 -0.944490 1.244488,
        0.316819 -0.951907 1.244488,
        0.327841 -0.961302 1.244488,
        0.314605 -0.953916 1.244488,
        0.315481 -0.970196 1.244488,
        0.306650 -0.959125 1.244488,
        0.301833 -0.975582 1.244488,
        0.296378 -0.962789 1.244488,
        0.281206 -0.978126 1.244488,
        0.281113 -0.964433 1.244488,
        0.248171 -0.978126 1.244488,
        0.263675 -0.964433 1.244488,
        0.248171 -0.858022 1.244488,
        0.263675 -0.871837 1.244488,
        0.282433 -0.858022 1.244488,
        0.281820 -0.871837 1.244488,
        0.300761 -0.860044 1.244488,
        0.297287 -0.873545 1.244488,
        0.315257 -0.865337 1.244488,
        0.307704 -0.877303 1.244488,
        0.327841 -0.873925 1.244488,
        0.316481 -0.883135 1.244488,
        0.331965 -0.877947 1.244488,
        0.320428 -0.887130 1.244488,
        0.339429 -0.888385 1.244488,
        0.324936 -0.894043 1.244488,
        0.343906 -0.899806 1.244488,
        0.328170 -0.903136 1.244488,
        0.345955 -0.916539 1.244488,
        0.329652 -0.916969 1.244488,
        0.345599 -0.924143 1.244488,
        0.329257 -0.924562 1.244488,
        0.342697 -0.938212 1.244488,
        0.326929 -0.935569 1.244488,
        0.336792 -0.950639 1.244488,
        0.281820 -0.871837 1.244094,
        0.263675 -0.871837 1.244094,
        0.263675 -0.964433 1.244094,
        0.281113 -0.964433 1.244094,
        0.316819 -0.951907 1.244094,
        0.314605 -0.953916 1.244094,
        0.306650 -0.959125 1.244094,
        0.296378 -0.962789 1.244094,
        0.329652 -0.916969 1.244094,
        0.329257 -0.924562 1.244094,
        0.326929 -0.935569 1.244094,
        0.322796 -0.944490 1.244094,
        0.316481 -0.883135 1.244094,
        0.320428 -0.887130 1.244094,
        0.324936 -0.894043 1.244094,
        0.328170 -0.903136 1.244094,
        0.297287 -0.873545 1.244094,
        0.307704 -0.877303 1.244094,
      ]
    }
    coordIndex [
      93, 94, 4, -1,
      4, 94, 76, -1,
      95, 93, 3, -1,
      3, 93, 4, -1,
      96, 95, 2, -1,
      2, 95, 3, -1,
      97, 96, 75, -1,
      75, 96, 2, -1,
      98, 97, 77, -1,
      77, 97, 75, -1,
      94, 98, 76, -1,
      76, 98, 77, -1,
      96, 97, 95, -1,
      95, 97, 98, -1,
      95, 98, 93, -1,
      93, 98, 94, -1,
      28, 99, 100, -1,
      101, 65, 64, -1,
      101, 64, 102, -1,
      102, 64, 8, -1,
      102, 8, 100, -1,
      100, 8, 7, -1,
      100, 7, 28, -1,
      103, 99, 27, -1,
      27, 99, 28, -1,
      103, 27, 32, -1,
      103, 32, 104, -1,
      32, 30, 104, -1,
      104, 30, 29, -1,
      104, 29, 105, -1,
      105, 29, 50, -1,
      105, 50, 106, -1,
      106, 50, 49, -1,
      106, 49, 107, -1,
      107, 49, 36, -1,
      107, 36, 108, -1,
      108, 36, 35, -1,
      108, 35, 109, -1,
      109, 35, 52, -1,
      109, 52, 110, -1,
      110, 52, 51, -1,
      110, 51, 111, -1,
      111, 51, 48, -1,
      111, 48, 112, -1,
      112, 48, 47, -1,
      112, 47, 113, -1,
      113, 47, 46, -1,
      113, 46, 114, -1,
      114, 46, 40, -1,
      114, 40, 115, -1,
      115, 40, 39, -1,
      115, 39, 116, -1,
      116, 39, 38, -1,
      116, 38, 117, -1,
      117, 38, 43, -1,
      117, 43, 118, -1,
      118, 43, 45, -1,
      118, 45, 119, -1,
      119, 45, 44, -1,
      119, 44, 120, -1,
      120, 44, 42, -1,
      120, 42, 121, -1,
      121, 42, 41, -1,
      121, 41, 122, -1,
      34, 123, 124, -1,
      122, 41, 37, -1,
      122, 37, 125, -1,
      125, 37, 31, -1,
      125, 31, 124, -1,
      124, 31, 33, -1,
      124, 33, 34, -1,
      126, 123, 56, -1,
      56, 123, 34, -1,
      57, 127, 128, -1,
      126, 56, 55, -1,
      126, 55, 129, -1,
      55, 54, 129, -1,
      129, 54, 53, -1,
      129, 53, 128, -1,
      128, 53, 58, -1,
      128, 58, 57, -1,
      127, 57, 6, -1,
      127, 6, 130, -1,
      6, 5, 130, -1,
      130, 5, 71, -1,
      130, 71, 131, -1,
      131, 71, 70, -1,
      131, 70, 132, -1,
      132, 70, 63, -1,
      132, 63, 133, -1,
      133, 63, 62, -1,
      133, 62, 134, -1,
      134, 62, 61, -1,
      134, 61, 135, -1,
      135, 61, 74, -1,
      135, 74, 136, -1,
      136, 74, 73, -1,
      136, 73, 137, -1,
      137, 73, 72, -1,
      137, 72, 138, -1,
      138, 72, 69, -1,
      138, 69, 139, -1,
      139, 69, 68, -1,
      139, 68, 140, -1,
      140, 68, 67, -1,
      140, 67, 141, -1,
      141, 67, 60, -1,
      141, 60, 142, -1,
      142, 60, 59, -1,
      142, 59, 143, -1,
      143, 59, 66, -1,
      143, 66, 144, -1,
      144, 66, 65, -1,
      144, 65, 101, -1,
      124, 123, 126, -1,
      115, 116, 134, -1,
      124, 126, 125, -1,
      125, 126, 129, -1,
      125, 129, 122, -1,
      122, 129, 128, -1,
      122, 128, 121, -1,
      121, 128, 127, -1,
      121, 127, 120, -1,
      120, 127, 130, -1,
      120, 130, 119, -1,
      99, 103, 100, -1,
      100, 103, 104, -1,
      100, 104, 102, -1,
      102, 104, 105, -1,
      102, 105, 101, -1,
      101, 105, 106, -1,
      101, 106, 144, -1,
      144, 106, 107, -1,
      144, 107, 143, -1,
      143, 107, 108, -1,
      143, 108, 142, -1,
      142, 108, 109, -1,
      142, 109, 141, -1,
      141, 109, 110, -1,
      141, 110, 140, -1,
      140, 110, 111, -1,
      140, 111, 139, -1,
      134, 116, 133, -1,
      130, 131, 119, -1,
      119, 131, 132, -1,
      119, 132, 118, -1,
      118, 132, 133, -1,
      118, 133, 117, -1,
      117, 133, 116, -1,
      137, 114, 136, -1,
      136, 114, 115, -1,
      136, 115, 135, -1,
      135, 115, 134, -1,
      139, 111, 138, -1,
      138, 111, 112, -1,
      138, 112, 137, -1,
      137, 112, 113, -1,
      137, 113, 114, -1,
      145, 146, 23, -1,
      23, 146, 22, -1,
      10, 147, 11, -1,
      11, 147, 145, -1,
      11, 145, 23, -1,
      148, 147, 9, -1,
      9, 147, 10, -1,
      13, 149, 24, -1,
      24, 149, 148, -1,
      24, 148, 9, -1,
      150, 149, 12, -1,
      12, 149, 13, -1,
      19, 151, 17, -1,
      17, 151, 150, -1,
      17, 150, 12, -1,
      152, 151, 18, -1,
      18, 151, 19, -1,
      15, 153, 16, -1,
      16, 153, 152, -1,
      16, 152, 18, -1,
      154, 153, 14, -1,
      14, 153, 15, -1,
      25, 155, 26, -1,
      26, 155, 154, -1,
      26, 154, 14, -1,
      156, 155, 20, -1,
      20, 155, 25, -1,
      22, 146, 21, -1,
      21, 146, 156, -1,
      21, 156, 20, -1,
      153, 154, 152, -1,
      152, 154, 155, -1,
      152, 155, 151, -1,
      146, 145, 156, -1,
      156, 145, 147, -1,
      156, 147, 148, -1,
      149, 150, 148, -1,
      148, 150, 151, -1,
      148, 151, 156, -1,
      156, 151, 155, -1,
      157, 158, 159, -1,
      159, 158, 160, -1,
      159, 160, 161, -1,
      161, 160, 162, -1,
      161, 162, 163, -1,
      163, 162, 164, -1,
      163, 164, 165, -1,
      165, 164, 166, -1,
      165, 166, 167, -1,
      167, 166, 168, -1,
      167, 168, 169, -1,
      169, 168, 170, -1,
      169, 170, 171, -1,
      171, 170, 172, -1,
      171, 172, 173, -1,
      173, 172, 174, -1,
      173, 174, 175, -1,
      175, 174, 176, -1,
      175, 176, 177, -1,
      177, 176, 178, -1,
      177, 178, 179, -1,
      179, 178, 180, -1,
      179, 180, 181, -1,
      181, 180, 182, -1,
      181, 182, 183, -1,
      183, 182, 184, -1,
      183, 184, 185, -1,
      185, 184, 186, -1,
      185, 186, 187, -1,
      187, 186, 188, -1,
      187, 188, 189, -1,
      189, 188, 190, -1,
      189, 190, 191, -1,
      191, 190, 157, -1,
      191, 157, 159, -1,
      165, 167, 86, -1,
      86, 167, 78, -1,
      165, 86, 85, -1,
      165, 85, 163, -1,
      163, 85, 84, -1,
      163, 84, 161, -1,
      161, 84, 83, -1,
      161, 83, 159, -1,
      159, 83, 82, -1,
      159, 82, 191, -1,
      191, 82, 81, -1,
      191, 81, 189, -1,
      189, 81, 80, -1,
      189, 80, 187, -1,
      187, 80, 1, -1,
      187, 1, 185, -1,
      185, 1, 0, -1,
      185, 0, 183, -1,
      183, 0, 79, -1,
      183, 79, 181, -1,
      181, 79, 92, -1,
      181, 92, 179, -1,
      179, 92, 91, -1,
      179, 91, 177, -1,
      177, 91, 90, -1,
      177, 90, 175, -1,
      175, 90, 89, -1,
      175, 89, 173, -1,
      173, 89, 88, -1,
      173, 88, 171, -1,
      169, 171, 87, -1,
      87, 171, 88, -1,
      167, 169, 78, -1,
      78, 169, 87, -1,
      172, 170, 192, -1,
      192, 170, 193, -1,
      170, 168, 193, -1,
      193, 168, 194, -1,
      168, 166, 194, -1,
      194, 166, 195, -1,
      158, 196, 197, -1,
      158, 197, 160, -1,
      160, 197, 198, -1,
      160, 198, 162, -1,
      162, 198, 199, -1,
      162, 199, 164, -1,
      164, 199, 195, -1,
      164, 195, 166, -1,
      186, 200, 201, -1,
      186, 201, 188, -1,
      188, 201, 202, -1,
      188, 202, 190, -1,
      190, 202, 203, -1,
      190, 203, 157, -1,
      157, 203, 196, -1,
      157, 196, 158, -1,
      178, 204, 205, -1,
      178, 205, 180, -1,
      180, 205, 206, -1,
      180, 206, 182, -1,
      182, 206, 207, -1,
      182, 207, 184, -1,
      184, 207, 200, -1,
      184, 200, 186, -1,
      172, 192, 208, -1,
      172, 208, 174, -1,
      174, 208, 209, -1,
      174, 209, 176, -1,
      176, 209, 204, -1,
      176, 204, 178, -1,
    ]
  }
}

Shape {
  appearance Appearance {
    material Material {
      diffuseColor 0.7529 0.7529 0.7529
      specularColor 0.3765 0.3765 0.3765
      ambientIntensity 0.2
      transparency 0.0000
      shininess 0.5
    }
  }
  geometry IndexedFaceSet {
    ccw TRUE
    solid FALSE
    coord DEF co Coordinate {
      point [
        0.281820 -0.871837 1.244094,
        0.263675 -0.871837 1.244094,
        0.263675 -0.964433 1.244094,
        0.281113 -0.964433 1.244094,
        0.316819 -0.951907 1.244094,
        0.314605 -0.953916 1.244094,
        0.306650 -0.959125 1.244094,
        0.296378 -0.962789 1.244094,
        0.329652 -0.916969 1.244094,
        0.329257 -0.924562 1.244094,
        0.326929 -0.935569 1.244094,
        0.322796 -0.944490 1.244094,
        0.316481 -0.883135 1.244094,
        0.320428 -0.887130 1.244094,
        0.324936 -0.894043 1.244094,
        0.328170 -0.903136 1.244094,
        0.297287 -0.873545 1.244094,
        0.307704 -0.877303 1.244094,
      ]
    }
    coordIndex [
      1, 2, 0, -1,
      0, 2, 3, -1,
      0, 3, 7, -1,
      7, 6, 0, -1,
      0, 6, 5, -1,
      0, 5, 4, -1,
      4, 11, 0, -1,
      0, 11, 10, -1,
      0, 10, 9, -1,
      9, 8, 0, -1,
      0, 8, 15, -1,
      0, 15, 14, -1,
      14, 13, 0, -1,
      0, 13, 12, -1,
      0, 12, 16, -1,
      16, 12, 17, -1,
    ]
  }
}

Shape {
  appearance Appearance {
    material Material {
      diffuseColor 0.0000 0.0000 0.0000
      specularColor 0.0000 0.0000 0.0000
      ambientIntensity 0.2
      transparency 0.0000
      shininess 0.5
    }
  }
  geometry IndexedFaceSet {
    ccw TRUE
    solid FALSE
    coord DEF co Coordinate {
      point [
        0.387233 -0.887242 1.244094,
        0.398363 -0.858022 1.244094,
        0.414941 -0.858022 1.244094,
        0.460687 -0.978126 1.244094,
        0.352617 -0.978126 1.244094,
        0.369749 -0.978126 1.244094,
        0.381293 -0.945275 1.244094,
        0.387233 -0.945275 1.244094,
        0.431305 -0.945275 1.244094,
        0.443555 -0.978126 1.244094,
        0.386205 -0.931705 1.244488,
        0.381293 -0.945275 1.244488,
        0.426516 -0.931705 1.244488,
        0.431305 -0.945275 1.244488,
        0.404165 -0.881785 1.244488,
        0.398363 -0.858022 1.244488,
        0.352617 -0.978126 1.244488,
        0.369749 -0.978126 1.244488,
        0.405205 -0.878200 1.244488,
        0.406130 -0.873372 1.244488,
        0.414941 -0.858022 1.244488,
        0.406498 -0.873372 1.244488,
        0.407469 -0.878454 1.244488,
        0.408371 -0.881785 1.244488,
        0.460687 -0.978126 1.244488,
        0.443555 -0.978126 1.244488,
        0.386205 -0.931705 1.244094,
        0.426516 -0.931705 1.244094,
        0.408371 -0.881785 1.244094,
        0.406498 -0.873372 1.244094,
        0.407469 -0.878454 1.244094,
        0.406130 -0.873372 1.244094,
        0.404165 -0.881785 1.244094,
        0.405205 -0.878200 1.244094,
      ]
    }
    coordIndex [
      10, 11, 12, -1,
      12, 11, 13, -1,
      14, 15, 10, -1,
      10, 15, 16, -1,
      10, 16, 11, -1,
      11, 16, 17, -1,
      14, 18, 15, -1,
      15, 18, 19, -1,
      15, 19, 20, -1,
      20, 19, 21, -1,
      20, 21, 22, -1,
      22, 23, 20, -1,
      20, 23, 12, -1,
      20, 12, 24, -1,
      24, 12, 13, -1,
      24, 13, 25, -1,
      20, 24, 2, -1,
      2, 24, 3, -1,
      15, 20, 1, -1,
      1, 20, 2, -1,
      4, 16, 0, -1,
      0, 16, 15, -1,
      0, 15, 1, -1,
      17, 16, 5, -1,
      5, 16, 4, -1,
      11, 17, 6, -1,
      6, 17, 5, -1,
      8, 13, 7, -1,
      7, 13, 11, -1,
      7, 11, 6, -1,
      25, 13, 9, -1,
      9, 13, 8, -1,
      24, 25, 3, -1,
      3, 25, 9, -1,
      10, 12, 26, -1,
      26, 12, 27, -1,
      12, 23, 27, -1,
      27, 23, 28, -1,
      21, 29, 30, -1,
      21, 30, 22, -1,
      22, 30, 28, -1,
      22, 28, 23, -1,
      21, 19, 29, -1,
      29, 19, 31, -1,
      14, 32, 33, -1,
      14, 33, 18, -1,
      18, 33, 31, -1,
      18, 31, 19, -1,
      14, 10, 32, -1,
      32, 10, 26, -1,
    ]
  }
}

Shape {
  appearance Appearance {
    material Material {
      diffuseColor 0.7529 0.7529 0.7529
      specularColor 0.3765 0.3765 0.3765
      ambientIntensity 0.2
      transparency 0.0000
      shininess 0.5
    }
  }
  geometry IndexedFaceSet {
    ccw TRUE
    solid FALSE
    coord DEF co Coordinate {
      point [
        0.386205 -0.931705 1.244094,
        0.426516 -0.931705 1.244094,
        0.408371 -0.881785 1.244094,
        0.406498 -0.873372 1.244094,
        0.407469 -0.878454 1.244094,
        0.406130 -0.873372 1.244094,
        0.404165 -0.881785 1.244094,
        0.405205 -0.878200 1.244094,
      ]
    }
    coordIndex [
      3, 5, 4, -1,
      4, 5, 7, -1,
      4, 7, 2, -1,
      2, 7, 6, -1,
      2, 6, 1, -1,
      1, 6, 0, -1,
    ]
  }
}

Shape {
  appearance Appearance {
    material Material {
      diffuseColor 0.0000 0.0000 0.0000
      specularColor 0.0000 0.0000 0.0000
      ambientIntensity 0.2
      transparency 0.0000
      shininess 0.5
    }
  }
  geometry IndexedFaceSet {
    ccw TRUE
    solid FALSE
    coord DEF co Coordinate {
      point [
        0.098226 -1.167869 1.244094,
        0.092882 -1.169672 1.244094,
        0.111549 -1.168659 1.244094,
        0.040536 -1.062371 1.244094,
        -0.005823 -1.062371 1.244094,
        -0.005823 -1.100809 1.244094,
        -0.021327 -1.168659 1.244094,
        0.042639 -1.168659 1.244094,
        -0.005823 -1.114563 1.244094,
        -0.005823 -1.154967 1.244094,
        0.037128 -1.114563 1.244094,
        0.042639 -1.154967 1.244094,
        0.037128 -1.100809 1.244094,
        -0.021327 -1.048555 1.244094,
        0.040536 -1.048555 1.244094,
        0.043269 -1.168659 1.244094,
        0.043269 -1.154967 1.244094,
        0.076370 -1.169672 1.244094,
        0.075448 -1.169530 1.244094,
        0.066049 -1.088897 1.244094,
        0.066049 -1.103511 1.244094,
        0.103754 -1.164332 1.244094,
        0.119922 -1.090258 1.244094,
        0.123013 -1.095088 1.244094,
        0.069755 -1.167281 1.244094,
        0.065036 -1.163931 1.244094,
        0.062938 -1.161743 1.244094,
        0.063723 -1.127790 1.244094,
        0.068327 -1.123791 1.244094,
        0.074728 -1.120507 1.244094,
        0.076497 -1.096955 1.244094,
        0.086128 -1.117695 1.244094,
        0.099370 -1.093691 1.244094,
        0.094172 -1.093134 1.244094,
        0.085923 -1.093920 1.244094,
        0.104496 -1.081703 1.244094,
        0.110875 -1.083609 1.244094,
        0.115893 -1.086445 1.244094,
        0.111549 -1.155396 1.244094,
        0.111150 -1.155396 1.244094,
        0.108545 -1.159310 1.244094,
        0.060193 -1.157532 1.244094,
        0.058388 -1.152424 1.244094,
        0.057668 -1.145694 1.244094,
        0.057708 -1.143910 1.244094,
        0.058662 -1.137409 1.244094,
        0.060721 -1.132101 1.244094,
        0.069039 -1.087160 1.244094,
        0.080204 -1.082799 1.244094,
        0.095584 -1.080915 1.244094,
        0.126593 -1.168659 1.244094,
        0.126593 -1.113458 1.244094,
        0.125387 -1.101875 1.244094,
        0.111549 -1.114133 1.244094,
        0.111050 -1.107625 1.244094,
        0.109507 -1.102209 1.244094,
        0.107750 -1.099091 1.244094,
        0.105488 -1.096657 1.244094,
        0.102832 -1.094923 1.244094,
        0.092021 -1.169963 1.244094,
        0.084869 -1.170686 1.244094,
        0.082523 -1.170623 1.244094,
        0.043269 -1.154967 1.244488,
        0.043269 -1.168659 1.244488,
        -0.005823 -1.154967 1.244488,
        -0.005823 -1.114563 1.244488,
        0.037128 -1.114563 1.244488,
        0.037128 -1.100809 1.244488,
        -0.005823 -1.100809 1.244488,
        -0.005823 -1.062371 1.244488,
        0.040536 -1.062371 1.244488,
        0.040536 -1.048555 1.244488,
        -0.021327 -1.048555 1.244488,
        -0.021327 -1.168659 1.244488,
        0.091470 -1.128318 1.244488,
        0.111549 -1.125616 1.244488,
        0.126593 -1.113458 1.244488,
        0.111549 -1.168659 1.244488,
        0.126593 -1.168659 1.244488,
        0.111549 -1.155396 1.244488,
        0.111549 -1.114133 1.244488,
        0.078947 -1.132050 1.244488,
        0.082559 -1.130359 1.244488,
        0.111150 -1.155396 1.244488,
        0.103449 -1.152981 1.244488,
        0.108545 -1.159310 1.244488,
        0.099248 -1.155910 1.244488,
        0.111549 -1.133844 1.244488,
        0.110644 -1.141263 1.244488,
        0.108501 -1.146667 1.244488,
        0.105102 -1.151344 1.244488,
        0.074297 -1.150654 1.244488,
        0.062938 -1.161743 1.244488,
        0.076007 -1.153189 1.244488,
        0.065036 -1.163931 1.244488,
        0.077286 -1.154475 1.244488,
        0.069755 -1.167281 1.244488,
        0.080284 -1.156523 1.244488,
        0.075448 -1.169530 1.244488,
        0.083687 -1.157771 1.244488,
        0.082523 -1.170623 1.244488,
        0.084869 -1.170686 1.244488,
        0.088769 -1.158344 1.244488,
        0.092021 -1.169963 1.244488,
        0.094731 -1.157633 1.244488,
        0.098226 -1.167869 1.244488,
        0.103754 -1.164332 1.244488,
        0.111050 -1.107625 1.244488,
        0.125387 -1.101875 1.244488,
        0.109507 -1.102209 1.244488,
        0.123013 -1.095088 1.244488,
        0.107750 -1.099091 1.244488,
        0.119922 -1.090258 1.244488,
        0.105488 -1.096657 1.244488,
        0.115893 -1.086445 1.244488,
        0.102832 -1.094923 1.244488,
        0.110875 -1.083609 1.244488,
        0.099370 -1.093691 1.244488,
        0.104496 -1.081703 1.244488,
        0.094172 -1.093134 1.244488,
        0.095584 -1.080915 1.244488,
        0.085923 -1.093920 1.244488,
        0.080204 -1.082799 1.244488,
        0.076497 -1.096955 1.244488,
        0.069039 -1.087160 1.244488,
        0.066049 -1.103511 1.244488,
        0.066049 -1.088897 1.244488,
        0.073054 -1.142079 1.244488,
        0.057708 -1.143910 1.244488,
        0.072926 -1.144467 1.244488,
        0.057668 -1.145694 1.244488,
        0.073309 -1.147920 1.244488,
        0.058388 -1.152424 1.244488,
        0.060193 -1.157532 1.244488,
        0.086128 -1.117695 1.244488,
        0.074728 -1.120507 1.244488,
        0.076918 -1.133598 1.244488,
        0.068327 -1.123791 1.244488,
        0.075117 -1.135828 1.244488,
        0.063723 -1.127790 1.244488,
        0.073796 -1.138633 1.244488,
        0.060721 -1.132101 1.244488,
        0.058662 -1.137409 1.244488,
        0.076918 -1.133598 1.244094,
        0.078947 -1.132050 1.244094,
        0.082559 -1.130359 1.244094,
        0.091470 -1.128318 1.244094,
        0.072926 -1.144467 1.244094,
        0.073054 -1.142079 1.244094,
        0.073796 -1.138633 1.244094,
        0.075117 -1.135828 1.244094,
        0.077286 -1.154475 1.244094,
        0.076007 -1.153189 1.244094,
        0.074297 -1.150654 1.244094,
        0.073309 -1.147920 1.244094,
        0.088769 -1.158344 1.244094,
        0.083687 -1.157771 1.244094,
        0.080284 -1.156523 1.244094,
        0.105102 -1.151344 1.244094,
        0.103449 -1.152981 1.244094,
        0.099248 -1.155910 1.244094,
        0.094731 -1.157633 1.244094,
        0.111549 -1.133844 1.244094,
        0.110644 -1.141263 1.244094,
        0.108501 -1.146667 1.244094,
        0.111549 -1.125616 1.244094,
      ]
    }
    coordIndex [
      62, 63, 16, -1,
      16, 63, 15, -1,
      9, 64, 11, -1,
      11, 64, 62, -1,
      11, 62, 16, -1,
      65, 64, 8, -1,
      8, 64, 9, -1,
      66, 65, 10, -1,
      10, 65, 8, -1,
      67, 66, 12, -1,
      12, 66, 10, -1,
      68, 67, 5, -1,
      5, 67, 12, -1,
      69, 68, 4, -1,
      4, 68, 5, -1,
      70, 69, 3, -1,
      3, 69, 4, -1,
      71, 70, 14, -1,
      14, 70, 3, -1,
      72, 71, 13, -1,
      13, 71, 14, -1,
      73, 72, 6, -1,
      6, 72, 13, -1,
      73, 6, 63, -1,
      63, 6, 7, -1,
      63, 7, 15, -1,
      73, 63, 62, -1,
      62, 64, 73, -1,
      73, 64, 65, -1,
      73, 65, 72, -1,
      70, 71, 69, -1,
      69, 71, 72, -1,
      69, 72, 68, -1,
      68, 72, 65, -1,
      68, 65, 67, -1,
      67, 65, 66, -1,
      74, 75, 76, -1,
      77, 78, 79, -1,
      79, 78, 76, -1,
      80, 81, 82, -1,
      83, 84, 85, -1,
      85, 84, 86, -1,
      75, 87, 76, -1,
      76, 87, 88, -1,
      76, 88, 79, -1,
      79, 88, 89, -1,
      79, 89, 83, -1,
      83, 89, 90, -1,
      83, 90, 84, -1,
      91, 92, 93, -1,
      93, 92, 94, -1,
      93, 94, 95, -1,
      95, 94, 96, -1,
      95, 96, 97, -1,
      97, 96, 98, -1,
      97, 98, 99, -1,
      98, 100, 99, -1,
      99, 100, 101, -1,
      99, 101, 102, -1,
      102, 101, 103, -1,
      102, 103, 104, -1,
      104, 103, 105, -1,
      104, 105, 86, -1,
      86, 105, 106, -1,
      86, 106, 85, -1,
      82, 74, 80, -1,
      80, 74, 76, -1,
      80, 76, 107, -1,
      107, 76, 108, -1,
      107, 108, 109, -1,
      109, 108, 110, -1,
      109, 110, 111, -1,
      111, 110, 112, -1,
      111, 112, 113, -1,
      113, 112, 114, -1,
      113, 114, 115, -1,
      115, 114, 116, -1,
      115, 116, 117, -1,
      117, 116, 118, -1,
      117, 118, 119, -1,
      119, 118, 120, -1,
      119, 120, 121, -1,
      121, 120, 122, -1,
      121, 122, 123, -1,
      123, 122, 124, -1,
      123, 124, 125, -1,
      125, 124, 126, -1,
      127, 128, 129, -1,
      129, 128, 130, -1,
      129, 130, 131, -1,
      131, 130, 132, -1,
      131, 132, 91, -1,
      91, 132, 133, -1,
      91, 133, 92, -1,
      80, 134, 81, -1,
      81, 134, 135, -1,
      81, 135, 136, -1,
      136, 135, 137, -1,
      136, 137, 138, -1,
      138, 137, 139, -1,
      138, 139, 140, -1,
      140, 139, 141, -1,
      140, 141, 127, -1,
      127, 141, 142, -1,
      127, 142, 128, -1,
      120, 49, 48, -1,
      120, 48, 122, -1,
      122, 48, 47, -1,
      122, 47, 124, -1,
      124, 47, 19, -1,
      124, 19, 126, -1,
      125, 126, 20, -1,
      20, 126, 19, -1,
      125, 20, 30, -1,
      125, 30, 123, -1,
      123, 30, 34, -1,
      123, 34, 121, -1,
      121, 34, 33, -1,
      121, 33, 119, -1,
      119, 33, 32, -1,
      119, 32, 117, -1,
      117, 32, 58, -1,
      117, 58, 115, -1,
      115, 58, 57, -1,
      115, 57, 113, -1,
      113, 57, 56, -1,
      113, 56, 111, -1,
      111, 56, 55, -1,
      111, 55, 109, -1,
      109, 55, 54, -1,
      109, 54, 107, -1,
      107, 54, 53, -1,
      107, 53, 80, -1,
      134, 80, 31, -1,
      31, 80, 53, -1,
      134, 31, 29, -1,
      134, 29, 135, -1,
      135, 29, 28, -1,
      135, 28, 137, -1,
      137, 28, 27, -1,
      137, 27, 139, -1,
      139, 27, 46, -1,
      139, 46, 141, -1,
      141, 46, 45, -1,
      141, 45, 142, -1,
      142, 45, 44, -1,
      142, 44, 128, -1,
      128, 44, 43, -1,
      128, 43, 130, -1,
      130, 43, 42, -1,
      130, 42, 132, -1,
      132, 42, 41, -1,
      132, 41, 133, -1,
      133, 41, 26, -1,
      133, 26, 92, -1,
      92, 26, 25, -1,
      92, 25, 94, -1,
      60, 101, 100, -1,
      94, 25, 24, -1,
      94, 24, 96, -1,
      96, 24, 18, -1,
      96, 18, 98, -1,
      98, 18, 17, -1,
      98, 17, 100, -1,
      100, 17, 61, -1,
      100, 61, 60, -1,
      101, 60, 59, -1,
      101, 59, 103, -1,
      103, 59, 1, -1,
      103, 1, 105, -1,
      1, 0, 105, -1,
      105, 0, 21, -1,
      105, 21, 106, -1,
      106, 21, 40, -1,
      106, 40, 85, -1,
      85, 40, 39, -1,
      85, 39, 83, -1,
      79, 83, 38, -1,
      38, 83, 39, -1,
      77, 79, 2, -1,
      2, 79, 38, -1,
      78, 77, 50, -1,
      50, 77, 2, -1,
      76, 78, 51, -1,
      51, 78, 50, -1,
      76, 51, 52, -1,
      76, 52, 108, -1,
      108, 52, 23, -1,
      108, 23, 110, -1,
      110, 23, 22, -1,
      110, 22, 112, -1,
      112, 22, 37, -1,
      112, 37, 114, -1,
      114, 37, 36, -1,
      114, 36, 116, -1,
      116, 36, 35, -1,
      116, 35, 118, -1,
      118, 35, 49, -1,
      118, 49, 120, -1,
      136, 143, 144, -1,
      136, 144, 81, -1,
      81, 144, 145, -1,
      81, 145, 82, -1,
      82, 145, 146, -1,
      82, 146, 74, -1,
      129, 147, 148, -1,
      129, 148, 127, -1,
      127, 148, 149, -1,
      127, 149, 140, -1,
      140, 149, 150, -1,
      140, 150, 138, -1,
      138, 150, 143, -1,
      138, 143, 136, -1,
      95, 151, 152, -1,
      95, 152, 93, -1,
      93, 152, 153, -1,
      93, 153, 91, -1,
      91, 153, 154, -1,
      91, 154, 131, -1,
      131, 154, 147, -1,
      131, 147, 129, -1,
      102, 155, 156, -1,
      102, 156, 99, -1,
      99, 156, 157, -1,
      99, 157, 97, -1,
      97, 157, 151, -1,
      97, 151, 95, -1,
      90, 158, 159, -1,
      90, 159, 84, -1,
      84, 159, 160, -1,
      84, 160, 86, -1,
      86, 160, 161, -1,
      86, 161, 104, -1,
      104, 161, 155, -1,
      104, 155, 102, -1,
      87, 162, 163, -1,
      87, 163, 88, -1,
      88, 163, 164, -1,
      88, 164, 89, -1,
      89, 164, 158, -1,
      89, 158, 90, -1,
      87, 75, 162, -1,
      162, 75, 165, -1,
      75, 74, 165, -1,
      165, 74, 146, -1,
    ]
  }
}

Shape {
  appearance Appearance {
    material Material {
      diffuseColor 0.7529 0.7529 0.7529
      specularColor 0.3765 0.3765 0.3765
      ambientIntensity 0.2
      transparency 0.0000
      shininess 0.5
    }
  }
  geometry IndexedFaceSet {
    ccw TRUE
    solid FALSE
    coord DEF co Coordinate {
      point [
        0.076918 -1.133598 1.244094,
        0.078947 -1.132050 1.244094,
        0.082559 -1.130359 1.244094,
        0.091470 -1.128318 1.244094,
        0.072926 -1.144467 1.244094,
        0.073054 -1.142079 1.244094,
        0.073796 -1.138633 1.244094,
        0.075117 -1.135828 1.244094,
        0.077286 -1.154475 1.244094,
        0.076007 -1.153189 1.244094,
        0.074297 -1.150654 1.244094,
        0.073309 -1.147920 1.244094,
        0.088769 -1.158344 1.244094,
        0.083687 -1.157771 1.244094,
        0.080284 -1.156523 1.244094,
        0.105102 -1.151344 1.244094,
        0.103449 -1.152981 1.244094,
        0.099248 -1.155910 1.244094,
        0.094731 -1.157633 1.244094,
        0.111549 -1.133844 1.244094,
        0.110644 -1.141263 1.244094,
        0.108501 -1.146667 1.244094,
        0.111549 -1.125616 1.244094,
      ]
    }
    coordIndex [
      16, 15, 3, -1,
      3, 15, 21, -1,
      18, 2, 1, -1,
      2, 18, 3, -1,
      3, 18, 17, -1,
      3, 17, 16, -1,
      21, 20, 3, -1,
      3, 20, 19, -1,
      3, 19, 22, -1,
      6, 5, 18, -1,
      18, 5, 4, -1,
      18, 4, 11, -1,
      14, 13, 8, -1,
      8, 13, 12, -1,
      8, 12, 18, -1,
      1, 0, 18, -1,
      18, 0, 7, -1,
      18, 7, 6, -1,
      11, 10, 18, -1,
      18, 10, 9, -1,
      18, 9, 8, -1,
    ]
  }
}

Shape {
  appearance Appearance {
    material Material {
      diffuseColor 0.0000 0.0000 0.0000
      specularColor 0.0000 0.0000 0.0000
      ambientIntensity 0.2
      transparency 0.0000
      shininess 0.5
    }
  }
  geometry IndexedFaceSet {
    ccw TRUE
    solid FALSE
    coord DEF co Coordinate {
      point [
        0.326797 -1.062371 1.244094,
        0.326797 -1.100809 1.244094,
        0.349286 -1.100809 1.244094,
        0.183997 -1.169030 1.244094,
        0.178659 -1.169672 1.244094,
        0.451168 -1.050578 1.244094,
        0.465664 -1.055870 1.244094,
        0.478524 -1.151506 1.244094,
        0.478248 -1.151835 1.244094,
        0.465887 -1.160730 1.244094,
        0.452239 -1.166115 1.244094,
        0.431612 -1.168659 1.244094,
        0.398578 -1.168659 1.244094,
        0.398578 -1.048555 1.244094,
        0.432840 -1.048555 1.244094,
        0.487198 -1.141173 1.244094,
        0.493104 -1.128745 1.244094,
        0.478248 -1.064459 1.244094,
        0.478524 -1.064728 1.244094,
        0.482372 -1.068481 1.244094,
        0.489836 -1.078919 1.244094,
        0.494313 -1.090340 1.244094,
        0.496362 -1.107072 1.244094,
        0.496006 -1.114677 1.244094,
        0.200798 -1.084722 1.244094,
        0.200798 -1.099335 1.244094,
        0.157493 -1.169352 1.244094,
        0.146978 -1.165651 1.244094,
        0.146978 -1.150116 1.244094,
        0.191028 -1.081851 1.244094,
        0.202490 -1.155873 1.244094,
        0.199759 -1.159863 1.244094,
        0.204266 -1.151088 1.244094,
        0.149352 -1.096007 1.244094,
        0.152087 -1.091930 1.244094,
        0.156711 -1.087730 1.244094,
        0.195241 -1.163870 1.244094,
        0.191871 -1.165953 1.244094,
        0.151338 -1.119598 1.244094,
        0.149496 -1.116697 1.244094,
        0.160326 -1.085502 1.244094,
        0.168369 -1.082377 1.244094,
        0.180474 -1.080915 1.244094,
        0.147786 -1.112152 1.244094,
        0.147070 -1.106028 1.244094,
        0.147617 -1.100856 1.244094,
        0.199877 -1.131142 1.244094,
        0.202530 -1.134986 1.244094,
        0.204202 -1.139363 1.244094,
        0.204912 -1.145326 1.244094,
        0.161795 -1.157180 1.244094,
        0.169851 -1.130958 1.244094,
        0.152386 -1.153503 1.244094,
        0.160884 -1.126848 1.244094,
        0.153799 -1.122172 1.244094,
        0.171724 -1.158405 1.244094,
        0.172388 -1.158401 1.244094,
        0.179730 -1.135095 1.244094,
        0.180100 -1.157537 1.244094,
        0.189469 -1.146800 1.244094,
        0.189322 -1.144928 1.244094,
        0.179000 -1.093134 1.244094,
        0.174547 -1.093468 1.244094,
        0.162575 -1.104678 1.244094,
        0.170523 -1.094533 1.244094,
        0.167150 -1.096327 1.244094,
        0.162712 -1.106679 1.244094,
        0.163309 -1.109016 1.244094,
        0.164393 -1.111045 1.244094,
        0.183982 -1.156116 1.244094,
        0.185354 -1.155284 1.244094,
        0.187080 -1.153751 1.244094,
        0.165860 -1.112660 1.244094,
        0.171164 -1.115976 1.244094,
        0.189533 -1.094418 1.244094,
        0.180474 -1.120028 1.244094,
        0.198041 -1.097720 1.244094,
        0.186299 -1.122385 1.244094,
        0.196290 -1.127942 1.244094,
        0.188393 -1.151809 1.244094,
        0.189158 -1.149670 1.244094,
        0.188639 -1.142580 1.244094,
        0.187476 -1.140585 1.244094,
        0.185601 -1.138633 1.244094,
        0.164880 -1.098333 1.244094,
        0.163590 -1.100247 1.244094,
        0.162847 -1.102278 1.244094,
        0.160558 -1.169672 1.244094,
        0.170250 -1.170686 1.244094,
        0.311293 -1.048555 1.244094,
        0.295083 -1.082880 1.244094,
        0.311293 -1.168659 1.244094,
        0.260862 -1.169672 1.244094,
        0.251978 -1.147352 1.244094,
        0.253820 -1.154414 1.244094,
        0.254219 -1.154414 1.244094,
        0.254910 -1.151474 1.244094,
        0.256061 -1.147475 1.244094,
        0.236826 -1.103767 1.244094,
        0.279486 -1.082880 1.244094,
        0.236826 -1.144148 1.244094,
        0.212741 -1.082880 1.244094,
        0.229566 -1.082880 1.244094,
        0.246390 -1.168475 1.244094,
        0.245883 -1.169672 1.244094,
        0.239789 -1.184072 1.244094,
        0.215842 -1.207835 1.244094,
        0.215842 -1.194449 1.244094,
        0.218920 -1.195457 1.244094,
        0.224377 -1.196168 1.244094,
        0.225515 -1.196131 1.244094,
        0.228946 -1.195502 1.244094,
        0.232144 -1.194031 1.244094,
        0.233783 -1.192835 1.244094,
        0.236590 -1.189824 1.244094,
        0.236826 -1.189398 1.244094,
        0.236826 -1.206375 1.244094,
        0.231674 -1.208351 1.244094,
        0.225544 -1.209063 1.244094,
        0.221981 -1.208924 1.244094,
        0.256153 -1.181615 1.244094,
        0.249218 -1.195063 1.244094,
        0.243707 -1.201614 1.244094,
        0.242856 -1.202391 1.244094,
        0.237605 -1.206077 1.244094,
        0.369749 -1.114563 1.244094,
        0.349286 -1.114563 1.244094,
        0.349286 -1.154967 1.244094,
        0.326797 -1.114563 1.244094,
        0.326797 -1.154967 1.244094,
        0.349286 -1.048555 1.244094,
        0.373157 -1.048555 1.244094,
        0.373157 -1.062371 1.244094,
        0.375889 -1.154967 1.244094,
        0.375889 -1.168659 1.244094,
        0.349286 -1.168659 1.244094,
        0.369749 -1.100809 1.244094,
        0.349286 -1.062371 1.244094,
        0.171724 -1.158405 1.244488,
        0.161795 -1.157180 1.244488,
        0.152386 -1.153503 1.244488,
        0.146978 -1.150116 1.244488,
        0.146978 -1.165651 1.244488,
        0.170250 -1.170686 1.244488,
        0.157493 -1.169352 1.244488,
        0.183997 -1.169030 1.244488,
        0.191871 -1.165953 1.244488,
        0.195241 -1.163870 1.244488,
        0.199759 -1.159863 1.244488,
        0.202490 -1.155873 1.244488,
        0.204266 -1.151088 1.244488,
        0.204912 -1.145326 1.244488,
        0.204202 -1.139363 1.244488,
        0.202530 -1.134986 1.244488,
        0.199877 -1.131142 1.244488,
        0.196290 -1.127942 1.244488,
        0.186299 -1.122385 1.244488,
        0.180474 -1.120028 1.244488,
        0.171164 -1.115976 1.244488,
        0.165860 -1.112660 1.244488,
        0.164393 -1.111045 1.244488,
        0.163309 -1.109016 1.244488,
        0.162712 -1.106679 1.244488,
        0.162575 -1.104678 1.244488,
        0.162847 -1.102278 1.244488,
        0.163590 -1.100247 1.244488,
        0.164880 -1.098333 1.244488,
        0.167150 -1.096327 1.244488,
        0.170523 -1.094533 1.244488,
        0.174547 -1.093468 1.244488,
        0.179000 -1.093134 1.244488,
        0.189533 -1.094418 1.244488,
        0.198041 -1.097720 1.244488,
        0.200798 -1.099335 1.244488,
        0.200798 -1.084722 1.244488,
        0.191028 -1.081851 1.244488,
        0.180474 -1.080915 1.244488,
        0.168369 -1.082377 1.244488,
        0.160326 -1.085502 1.244488,
        0.156711 -1.087730 1.244488,
        0.152087 -1.091930 1.244488,
        0.149352 -1.096007 1.244488,
        0.147617 -1.100856 1.244488,
        0.147070 -1.106028 1.244488,
        0.147786 -1.112152 1.244488,
        0.149496 -1.116697 1.244488,
        0.151338 -1.119598 1.244488,
        0.153799 -1.122172 1.244488,
        0.160884 -1.126848 1.244488,
        0.169851 -1.130958 1.244488,
        0.179730 -1.135095 1.244488,
        0.185601 -1.138633 1.244488,
        0.187476 -1.140585 1.244488,
        0.188639 -1.142580 1.244488,
        0.189322 -1.144928 1.244488,
        0.189469 -1.146800 1.244488,
        0.189158 -1.149670 1.244488,
        0.188393 -1.151809 1.244488,
        0.187080 -1.153751 1.244488,
        0.185354 -1.155284 1.244488,
        0.183982 -1.156116 1.244488,
        0.180100 -1.157537 1.244488,
        0.172388 -1.158401 1.244488,
        0.279486 -1.082880 1.244488,
        0.295083 -1.082880 1.244488,
        0.256061 -1.147475 1.244488,
        0.254910 -1.151474 1.244488,
        0.254219 -1.154414 1.244488,
        0.253820 -1.154414 1.244488,
        0.251978 -1.147352 1.244488,
        0.229566 -1.082880 1.244488,
        0.212741 -1.082880 1.244488,
        0.246390 -1.168475 1.244488,
        0.239789 -1.184072 1.244488,
        0.236590 -1.189824 1.244488,
        0.233783 -1.192835 1.244488,
        0.232144 -1.194031 1.244488,
        0.228946 -1.195502 1.244488,
        0.225515 -1.196131 1.244488,
        0.224377 -1.196168 1.244488,
        0.218920 -1.195457 1.244488,
        0.215842 -1.194449 1.244488,
        0.215842 -1.207835 1.244488,
        0.221981 -1.208924 1.244488,
        0.225544 -1.209063 1.244488,
        0.237605 -1.206077 1.244488,
        0.231674 -1.208351 1.244488,
        0.242856 -1.202391 1.244488,
        0.243707 -1.201614 1.244488,
        0.249218 -1.195063 1.244488,
        0.256153 -1.181615 1.244488,
        0.375889 -1.154967 1.244488,
        0.375889 -1.168659 1.244488,
        0.326797 -1.154967 1.244488,
        0.326797 -1.114563 1.244488,
        0.369749 -1.114563 1.244488,
        0.369749 -1.100809 1.244488,
        0.326797 -1.100809 1.244488,
        0.326797 -1.062371 1.244488,
        0.373157 -1.062371 1.244488,
        0.373157 -1.048555 1.244488,
        0.311293 -1.048555 1.244488,
        0.311293 -1.168659 1.244488,
        0.473203 -1.135023 1.244488,
        0.467226 -1.142440 1.244488,
        0.478248 -1.151835 1.244488,
        0.465012 -1.144450 1.244488,
        0.465887 -1.160730 1.244488,
        0.457056 -1.149658 1.244488,
        0.452239 -1.166115 1.244488,
        0.446785 -1.153323 1.244488,
        0.431612 -1.168659 1.244488,
        0.431520 -1.154967 1.244488,
        0.398578 -1.168659 1.244488,
        0.414081 -1.154967 1.244488,
        0.398578 -1.048555 1.244488,
        0.414081 -1.062371 1.244488,
        0.432840 -1.048555 1.244488,
        0.432226 -1.062371 1.244488,
        0.451168 -1.050578 1.244488,
        0.447693 -1.064078 1.244488,
        0.465664 -1.055870 1.244488,
        0.458111 -1.067837 1.244488,
        0.478248 -1.064459 1.244488,
        0.466888 -1.073669 1.244488,
        0.482372 -1.068481 1.244488,
        0.470834 -1.077663 1.244488,
        0.489836 -1.078919 1.244488,
        0.475343 -1.084576 1.244488,
        0.494313 -1.090340 1.244488,
        0.478577 -1.093670 1.244488,
        0.496362 -1.107072 1.244488,
        0.480059 -1.107502 1.244488,
        0.496006 -1.114677 1.244488,
        0.479663 -1.115096 1.244488,
        0.493104 -1.128745 1.244488,
        0.477335 -1.126102 1.244488,
        0.487198 -1.141173 1.244488,
        0.432226 -1.062371 1.244094,
        0.414081 -1.062371 1.244094,
        0.414081 -1.154967 1.244094,
        0.431520 -1.154967 1.244094,
        0.467226 -1.142440 1.244094,
        0.465012 -1.144450 1.244094,
        0.457056 -1.149658 1.244094,
        0.446785 -1.153323 1.244094,
        0.480059 -1.107502 1.244094,
        0.479663 -1.115096 1.244094,
        0.477335 -1.126102 1.244094,
        0.473203 -1.135023 1.244094,
        0.466888 -1.073669 1.244094,
        0.470834 -1.077663 1.244094,
        0.475343 -1.084576 1.244094,
        0.478577 -1.093670 1.244094,
        0.447693 -1.064078 1.244094,
        0.458111 -1.067837 1.244094,
      ]
    }
    coordIndex [
      138, 55, 50, -1,
      138, 50, 139, -1,
      139, 50, 52, -1,
      139, 52, 140, -1,
      140, 52, 28, -1,
      140, 28, 141, -1,
      142, 141, 27, -1,
      27, 141, 28, -1,
      88, 143, 87, -1,
      87, 143, 144, -1,
      87, 144, 26, -1,
      26, 144, 142, -1,
      26, 142, 27, -1,
      145, 143, 4, -1,
      4, 143, 88, -1,
      4, 3, 145, -1,
      145, 3, 37, -1,
      145, 37, 146, -1,
      146, 37, 36, -1,
      146, 36, 147, -1,
      147, 36, 31, -1,
      147, 31, 148, -1,
      148, 31, 30, -1,
      148, 30, 149, -1,
      149, 30, 32, -1,
      149, 32, 150, -1,
      150, 32, 49, -1,
      150, 49, 151, -1,
      151, 49, 48, -1,
      151, 48, 152, -1,
      152, 48, 47, -1,
      152, 47, 153, -1,
      153, 47, 46, -1,
      153, 46, 154, -1,
      154, 46, 78, -1,
      154, 78, 155, -1,
      155, 78, 77, -1,
      155, 77, 156, -1,
      156, 77, 75, -1,
      156, 75, 157, -1,
      157, 75, 73, -1,
      157, 73, 158, -1,
      158, 73, 72, -1,
      158, 72, 159, -1,
      159, 72, 68, -1,
      159, 68, 160, -1,
      160, 68, 67, -1,
      160, 67, 161, -1,
      161, 67, 66, -1,
      161, 66, 162, -1,
      162, 66, 63, -1,
      162, 63, 163, -1,
      163, 63, 86, -1,
      163, 86, 164, -1,
      164, 86, 85, -1,
      164, 85, 165, -1,
      165, 85, 84, -1,
      165, 84, 166, -1,
      166, 84, 65, -1,
      166, 65, 167, -1,
      167, 65, 64, -1,
      167, 64, 168, -1,
      168, 64, 62, -1,
      168, 62, 169, -1,
      169, 62, 61, -1,
      169, 61, 170, -1,
      170, 61, 74, -1,
      170, 74, 171, -1,
      171, 74, 76, -1,
      171, 76, 172, -1,
      172, 76, 25, -1,
      172, 25, 173, -1,
      174, 173, 24, -1,
      24, 173, 25, -1,
      174, 24, 29, -1,
      174, 29, 175, -1,
      175, 29, 42, -1,
      175, 42, 176, -1,
      176, 42, 41, -1,
      176, 41, 177, -1,
      177, 41, 40, -1,
      177, 40, 178, -1,
      178, 40, 35, -1,
      178, 35, 179, -1,
      179, 35, 34, -1,
      179, 34, 180, -1,
      180, 34, 33, -1,
      180, 33, 181, -1,
      181, 33, 45, -1,
      181, 45, 182, -1,
      182, 45, 44, -1,
      182, 44, 183, -1,
      183, 44, 43, -1,
      183, 43, 184, -1,
      184, 43, 39, -1,
      184, 39, 185, -1,
      185, 39, 38, -1,
      185, 38, 186, -1,
      186, 38, 54, -1,
      186, 54, 187, -1,
      187, 54, 53, -1,
      187, 53, 188, -1,
      188, 53, 51, -1,
      188, 51, 189, -1,
      189, 51, 57, -1,
      189, 57, 190, -1,
      190, 57, 83, -1,
      190, 83, 191, -1,
      191, 83, 82, -1,
      191, 82, 192, -1,
      192, 82, 81, -1,
      192, 81, 193, -1,
      193, 81, 60, -1,
      193, 60, 194, -1,
      194, 60, 59, -1,
      194, 59, 195, -1,
      195, 59, 80, -1,
      195, 80, 196, -1,
      196, 80, 79, -1,
      196, 79, 197, -1,
      197, 79, 71, -1,
      197, 71, 198, -1,
      198, 71, 70, -1,
      198, 70, 199, -1,
      199, 70, 69, -1,
      199, 69, 200, -1,
      200, 69, 58, -1,
      200, 58, 201, -1,
      201, 58, 56, -1,
      201, 56, 202, -1,
      202, 56, 55, -1,
      202, 55, 138, -1,
      165, 166, 179, -1,
      179, 166, 178, -1,
      178, 166, 167, -1,
      178, 167, 177, -1,
      197, 148, 149, -1,
      190, 157, 189, -1,
      189, 157, 158, -1,
      197, 149, 196, -1,
      196, 149, 150, -1,
      196, 150, 195, -1,
      195, 150, 151, -1,
      195, 151, 194, -1,
      194, 151, 152, -1,
      194, 152, 193, -1,
      193, 152, 153, -1,
      193, 153, 192, -1,
      192, 153, 154, -1,
      192, 154, 191, -1,
      191, 154, 155, -1,
      191, 155, 190, -1,
      190, 155, 156, -1,
      190, 156, 157, -1,
      148, 197, 147, -1,
      147, 197, 198, -1,
      147, 198, 146, -1,
      143, 138, 144, -1,
      144, 138, 139, -1,
      144, 139, 142, -1,
      142, 139, 140, -1,
      142, 140, 141, -1,
      167, 168, 177, -1,
      177, 168, 169, -1,
      177, 169, 176, -1,
      176, 169, 170, -1,
      176, 170, 175, -1,
      175, 170, 171, -1,
      175, 171, 174, -1,
      174, 171, 172, -1,
      174, 172, 173, -1,
      198, 199, 146, -1,
      146, 199, 200, -1,
      146, 200, 145, -1,
      145, 200, 201, -1,
      145, 201, 143, -1,
      143, 201, 202, -1,
      143, 202, 138, -1,
      179, 180, 165, -1,
      165, 180, 181, -1,
      165, 181, 164, -1,
      164, 181, 182, -1,
      164, 182, 163, -1,
      163, 182, 183, -1,
      163, 183, 162, -1,
      162, 183, 184, -1,
      162, 184, 161, -1,
      161, 184, 185, -1,
      161, 185, 160, -1,
      160, 185, 186, -1,
      160, 186, 159, -1,
      159, 186, 187, -1,
      159, 187, 158, -1,
      158, 187, 188, -1,
      158, 188, 189, -1,
      203, 204, 99, -1,
      99, 204, 90, -1,
      205, 203, 97, -1,
      97, 203, 99, -1,
      205, 97, 96, -1,
      205, 96, 206, -1,
      206, 96, 95, -1,
      206, 95, 207, -1,
      208, 207, 94, -1,
      94, 207, 95, -1,
      209, 208, 93, -1,
      93, 208, 94, -1,
      102, 210, 98, -1,
      98, 210, 209, -1,
      98, 209, 93, -1,
      211, 210, 101, -1,
      101, 210, 102, -1,
      103, 212, 100, -1,
      100, 212, 211, -1,
      100, 211, 101, -1,
      105, 213, 104, -1,
      104, 213, 212, -1,
      104, 212, 103, -1,
      213, 105, 214, -1,
      214, 105, 115, -1,
      115, 114, 214, -1,
      214, 114, 113, -1,
      214, 113, 215, -1,
      215, 113, 112, -1,
      215, 112, 216, -1,
      216, 112, 111, -1,
      216, 111, 217, -1,
      217, 111, 110, -1,
      217, 110, 218, -1,
      218, 110, 109, -1,
      218, 109, 219, -1,
      219, 109, 108, -1,
      219, 108, 220, -1,
      220, 108, 107, -1,
      220, 107, 221, -1,
      222, 221, 106, -1,
      106, 221, 107, -1,
      222, 106, 119, -1,
      222, 119, 223, -1,
      223, 119, 118, -1,
      223, 118, 224, -1,
      224, 118, 117, -1,
      116, 225, 117, -1,
      117, 225, 226, -1,
      117, 226, 224, -1,
      116, 124, 225, -1,
      225, 124, 123, -1,
      225, 123, 227, -1,
      227, 123, 122, -1,
      227, 122, 228, -1,
      228, 122, 121, -1,
      228, 121, 229, -1,
      229, 121, 120, -1,
      229, 120, 230, -1,
      90, 204, 92, -1,
      92, 204, 230, -1,
      92, 230, 120, -1,
      206, 207, 230, -1,
      220, 221, 222, -1,
      204, 203, 230, -1,
      230, 203, 205, -1,
      230, 205, 206, -1,
      210, 211, 209, -1,
      209, 211, 212, -1,
      209, 212, 208, -1,
      207, 208, 230, -1,
      230, 208, 212, -1,
      230, 212, 229, -1,
      220, 222, 219, -1,
      219, 222, 223, -1,
      219, 223, 218, -1,
      218, 223, 224, -1,
      218, 224, 217, -1,
      217, 224, 226, -1,
      217, 226, 216, -1,
      216, 226, 225, -1,
      216, 225, 215, -1,
      212, 213, 229, -1,
      229, 213, 214, -1,
      229, 214, 228, -1,
      228, 214, 215, -1,
      228, 215, 227, -1,
      227, 215, 225, -1,
      231, 232, 133, -1,
      133, 232, 134, -1,
      129, 233, 127, -1,
      127, 233, 231, -1,
      127, 231, 133, -1,
      234, 233, 128, -1,
      128, 233, 129, -1,
      125, 235, 126, -1,
      126, 235, 234, -1,
      126, 234, 128, -1,
      236, 235, 136, -1,
      136, 235, 125, -1,
      1, 237, 2, -1,
      2, 237, 236, -1,
      2, 236, 136, -1,
      238, 237, 0, -1,
      0, 237, 1, -1,
      132, 239, 137, -1,
      137, 239, 238, -1,
      137, 238, 0, -1,
      240, 239, 131, -1,
      131, 239, 132, -1,
      89, 241, 130, -1,
      130, 241, 240, -1,
      130, 240, 131, -1,
      242, 241, 91, -1,
      91, 241, 89, -1,
      134, 232, 135, -1,
      135, 232, 242, -1,
      135, 242, 91, -1,
      242, 232, 231, -1,
      231, 233, 242, -1,
      242, 233, 234, -1,
      242, 234, 241, -1,
      239, 240, 238, -1,
      238, 240, 241, -1,
      238, 241, 237, -1,
      237, 241, 234, -1,
      237, 234, 236, -1,
      236, 234, 235, -1,
      243, 244, 245, -1,
      245, 244, 246, -1,
      245, 246, 247, -1,
      247, 246, 248, -1,
      247, 248, 249, -1,
      249, 248, 250, -1,
      249, 250, 251, -1,
      251, 250, 252, -1,
      251, 252, 253, -1,
      253, 252, 254, -1,
      253, 254, 255, -1,
      255, 254, 256, -1,
      255, 256, 257, -1,
      257, 256, 258, -1,
      257, 258, 259, -1,
      259, 258, 260, -1,
      259, 260, 261, -1,
      261, 260, 262, -1,
      261, 262, 263, -1,
      263, 262, 264, -1,
      263, 264, 265, -1,
      265, 264, 266, -1,
      265, 266, 267, -1,
      267, 266, 268, -1,
      267, 268, 269, -1,
      269, 268, 270, -1,
      269, 270, 271, -1,
      271, 270, 272, -1,
      271, 272, 273, -1,
      273, 272, 274, -1,
      273, 274, 275, -1,
      275, 274, 276, -1,
      275, 276, 277, -1,
      277, 276, 243, -1,
      277, 243, 245, -1,
      251, 253, 11, -1,
      11, 253, 12, -1,
      251, 11, 10, -1,
      251, 10, 249, -1,
      249, 10, 9, -1,
      249, 9, 247, -1,
      247, 9, 8, -1,
      247, 8, 245, -1,
      245, 8, 7, -1,
      245, 7, 277, -1,
      7, 15, 277, -1,
      277, 15, 16, -1,
      277, 16, 275, -1,
      275, 16, 23, -1,
      275, 23, 273, -1,
      273, 23, 22, -1,
      273, 22, 271, -1,
      271, 22, 21, -1,
      271, 21, 269, -1,
      269, 21, 20, -1,
      269, 20, 267, -1,
      267, 20, 19, -1,
      267, 19, 265, -1,
      265, 19, 263, -1,
      263, 19, 18, -1,
      263, 18, 17, -1,
      263, 17, 6, -1,
      263, 6, 261, -1,
      261, 6, 5, -1,
      261, 5, 259, -1,
      259, 5, 14, -1,
      259, 14, 257, -1,
      255, 257, 13, -1,
      13, 257, 14, -1,
      253, 255, 12, -1,
      12, 255, 13, -1,
      258, 256, 278, -1,
      278, 256, 279, -1,
      256, 254, 279, -1,
      279, 254, 280, -1,
      254, 252, 280, -1,
      280, 252, 281, -1,
      244, 282, 283, -1,
      244, 283, 246, -1,
      246, 283, 284, -1,
      246, 284, 248, -1,
      248, 284, 285, -1,
      248, 285, 250, -1,
      250, 285, 281, -1,
      250, 281, 252, -1,
      272, 286, 287, -1,
      272, 287, 274, -1,
      274, 287, 288, -1,
      274, 288, 276, -1,
      276, 288, 289, -1,
      276, 289, 243, -1,
      243, 289, 282, -1,
      243, 282, 244, -1,
      264, 290, 291, -1,
      264, 291, 266, -1,
      266, 291, 292, -1,
      266, 292, 268, -1,
      268, 292, 293, -1,
      268, 293, 270, -1,
      270, 293, 286, -1,
      270, 286, 272, -1,
      258, 278, 294, -1,
      258, 294, 260, -1,
      260, 294, 295, -1,
      260, 295, 262, -1,
      262, 295, 290, -1,
      262, 290, 264, -1,
    ]
  }
}

Shape {
  appearance Appearance {
    material Material {
      diffuseColor 0.7529 0.7529 0.7529
      specularColor 0.3765 0.3765 0.3765
      ambientIntensity 0.2
      transparency 0.0000
      shininess 0.5
    }
  }
  geometry IndexedFaceSet {
    ccw TRUE
    solid FALSE
    coord DEF co Coordinate {
      point [
        0.432226 -1.062371 1.244094,
        0.414081 -1.062371 1.244094,
        0.414081 -1.154967 1.244094,
        0.431520 -1.154967 1.244094,
        0.467226 -1.142440 1.244094,
        0.465012 -1.144450 1.244094,
        0.457056 -1.149658 1.244094,
        0.446785 -1.153323 1.244094,
        0.480059 -1.107502 1.244094,
        0.479663 -1.115096 1.244094,
        0.477335 -1.126102 1.244094,
        0.473203 -1.135023 1.244094,
        0.466888 -1.073669 1.244094,
        0.470834 -1.077663 1.244094,
        0.475343 -1.084576 1.244094,
        0.478577 -1.093670 1.244094,
        0.447693 -1.064078 1.244094,
        0.458111 -1.067837 1.244094,
      ]
    }
    coordIndex [
      1, 2, 0, -1,
      0, 2, 3, -1,
      0, 3, 7, -1,
      7, 6, 0, -1,
      0, 6, 5, -1,
      0, 5, 4, -1,
      4, 11, 0, -1,
      0, 11, 10, -1,
      0, 10, 9, -1,
      9, 8, 0, -1,
      0, 8, 15, -1,
      0, 15, 14, -1,
      14, 13, 0, -1,
      0, 13, 12, -1,
      0, 12, 16, -1,
      16, 12, 17, -1,
    ]
  }
}

Shape {
  appearance Appearance {
    material Material {
      diffuseColor 0.0000 0.0000 0.0000
      specularColor 0.0000 0.0000 0.0000
      ambientIntensity 0.2
      transparency 0.0000
      shininess 0.5
    }
  }
  geometry IndexedFaceSet {
    ccw TRUE
    solid FALSE
    coord DEF co Coordinate {
      point [
        0.520156 -1.168659 1.244094,
        0.503024 -1.168659 1.244094,
        0.593962 -1.168659 1.244094,
        0.581712 -1.135809 1.244094,
        0.531699 -1.135809 1.244094,
        0.548769 -1.048555 1.244094,
        0.565348 -1.048555 1.244094,
        0.611093 -1.168659 1.244094,
        0.536611 -1.122239 1.244488,
        0.531699 -1.135809 1.244488,
        0.576922 -1.122239 1.244488,
        0.581712 -1.135809 1.244488,
        0.554572 -1.072318 1.244488,
        0.548769 -1.048555 1.244488,
        0.503024 -1.168659 1.244488,
        0.520156 -1.168659 1.244488,
        0.555612 -1.068734 1.244488,
        0.556537 -1.063906 1.244488,
        0.565348 -1.048555 1.244488,
        0.556905 -1.063906 1.244488,
        0.557876 -1.068987 1.244488,
        0.558778 -1.072318 1.244488,
        0.611093 -1.168659 1.244488,
        0.593962 -1.168659 1.244488,
        0.536611 -1.122239 1.244094,
        0.576922 -1.122239 1.244094,
        0.558778 -1.072318 1.244094,
        0.556905 -1.063906 1.244094,
        0.557876 -1.068987 1.244094,
        0.556537 -1.063906 1.244094,
        0.554572 -1.072318 1.244094,
        0.555612 -1.068734 1.244094,
      ]
    }
    coordIndex [
      8, 9, 10, -1,
      10, 9, 11, -1,
      12, 13, 8, -1,
      8, 13, 14, -1,
      8, 14, 9, -1,
      9, 14, 15, -1,
      12, 16, 13, -1,
      13, 16, 17, -1,
      13, 17, 18, -1,
      18, 17, 19, -1,
      18, 19, 20, -1,
      20, 21, 18, -1,
      18, 21, 10, -1,
      18, 10, 22, -1,
      22, 10, 11, -1,
      22, 11, 23, -1,
      18, 22, 6, -1,
      6, 22, 7, -1,
      13, 18, 5, -1,
      5, 18, 6, -1,
      14, 13, 1, -1,
      1, 13, 5, -1,
      15, 14, 0, -1,
      0, 14, 1, -1,
      9, 15, 4, -1,
      4, 15, 0, -1,
      11, 9, 3, -1,
      3, 9, 4, -1,
      23, 11, 2, -1,
      2, 11, 3, -1,
      22, 23, 7, -1,
      7, 23, 2, -1,
      8, 10, 24, -1,
      24, 10, 25, -1,
      10, 21, 25, -1,
      25, 21, 26, -1,
      19, 27, 28, -1,
      19, 28, 20, -1,
      20, 28, 26, -1,
      20, 26, 21, -1,
      19, 17, 27, -1,
      27, 17, 29, -1,
      12, 30, 31, -1,
      12, 31, 16, -1,
      16, 31, 29, -1,
      16, 29, 17, -1,
      12, 8, 30, -1,
      30, 8, 24, -1,
    ]
  }
}

Shape {
  appearance Appearance {
    material Material {
      diffuseColor 0.7529 0.7529 0.7529
      specularColor 0.3765 0.3765 0.3765
      ambientIntensity 0.2
      transparency 0.0000
      shininess 0.5
    }
  }
  geometry IndexedFaceSet {
    ccw TRUE
    solid FALSE
    coord DEF co Coordinate {
      point [
        0.536611 -1.122239 1.244094,
        0.576922 -1.122239 1.244094,
        0.558778 -1.072318 1.244094,
        0.556905 -1.063906 1.244094,
        0.557876 -1.068987 1.244094,
        0.556537 -1.063906 1.244094,
        0.554572 -1.072318 1.244094,
        0.555612 -1.068734 1.244094,
      ]
    }
    coordIndex [
      3, 5, 4, -1,
      4, 5, 7, -1,
      4, 7, 2, -1,
      2, 7, 6, -1,
      2, 6, 1, -1,
      1, 6, 0, -1,
    ]
  }
}

Shape {
  appearance Appearance {
    material Material {
      diffuseColor 0.0000 0.0000 0.0000
      specularColor 0.0000 0.0000 0.0000
      ambientIntensity 0.2
      transparency 0.0000
      shininess 0.5
    }
  }
  geometry IndexedFaceSet {
    ccw TRUE
    solid FALSE
    coord DEF co Coordinate {
      point [
        -0.394246 -1.148751 1.244094,
        -0.399157 -1.169672 1.244094,
        -0.250341 -0.870201 1.244094,
        -0.222370 -0.902470 1.244094,
        -0.204229 -0.937661 1.244094,
        -0.197617 -0.939964 1.244094,
        -0.172435 -0.953145 1.244094,
        -0.288425 -0.844595 1.244094,
        -0.269963 -0.857008 1.244094,
        -0.408830 -0.831028 1.244094,
        -0.366476 -0.825796 1.244094,
        -0.355121 -0.826989 1.244094,
        -0.331278 -0.829494 1.244094,
        -0.448199 -0.846238 1.244094,
        -0.465574 -0.857008 1.244094,
        -0.468947 -0.859100 1.244094,
        -0.645020 -0.962483 1.244094,
        -0.624363 -0.935953 1.244094,
        -0.559947 -0.899157 1.244094,
        -0.526161 -0.894965 1.244094,
        -0.489015 -0.876285 1.244094,
        -0.516341 -0.895498 1.244094,
        -0.506520 -0.896672 1.244094,
        -0.618711 -0.930599 1.244094,
        -0.591570 -0.911476 1.244094,
        -0.571259 -1.164088 1.244094,
        -0.602103 -1.149024 1.244094,
        -0.628632 -1.126380 1.244094,
        -0.647993 -1.098798 1.244094,
        -0.660296 -1.067024 1.244094,
        -0.664497 -1.033301 1.244094,
        -0.664270 -1.025358 1.244094,
        -0.662325 -1.014354 1.244094,
        -0.658595 -0.993257 1.244094,
        -0.514500 -1.217249 1.244094,
        -0.522404 -1.213921 1.244094,
        -0.539099 -1.201319 1.244094,
        -0.560318 -1.167368 1.244094,
        -0.559242 -1.169672 1.244094,
        -0.551787 -1.185638 1.244094,
        -0.443830 -1.217249 1.244094,
        -0.458576 -1.222902 1.244094,
        -0.479194 -1.225435 1.244094,
        -0.482551 -1.225372 1.244094,
        -0.502710 -1.222213 1.244094,
        -0.399197 -1.169842 1.244094,
        -0.409264 -1.188900 1.244094,
        -0.422513 -1.203775 1.244094,
        -0.439527 -1.215599 1.244094,
        -0.355121 -1.111057 1.244094,
        -0.393802 -1.131503 1.244094,
        -0.393802 -1.140043 1.244094,
        -0.282497 -1.168683 1.244094,
        -0.288215 -1.166874 1.244094,
        -0.302463 -1.133388 1.244094,
        -0.274252 -1.068312 1.244094,
        -0.299316 -1.127452 1.244094,
        -0.149750 -0.973172 1.244094,
        -0.132838 -0.997822 1.244094,
        -0.126625 -1.014354 1.244094,
        -0.122982 -1.024048 1.244094,
        -0.294022 -1.163302 1.244094,
        -0.297746 -1.159671 1.244094,
        -0.301338 -1.154254 1.244094,
        -0.300723 -1.023054 1.244094,
        -0.173035 -1.043048 1.244094,
        -0.177008 -1.026637 1.244094,
        -0.294851 -1.122537 1.244094,
        -0.289520 -1.118969 1.244094,
        -0.283611 -1.116815 1.244094,
        -0.135743 -1.109541 1.244094,
        -0.151286 -1.130649 1.244094,
        -0.154387 -1.133892 1.244094,
        -0.176937 -1.151851 1.244094,
        -0.303459 -1.148436 1.244094,
        -0.304139 -1.142604 1.244094,
        -0.304003 -1.139930 1.244094,
        -0.119690 -1.049526 1.244094,
        -0.119811 -1.054910 1.244094,
        -0.124389 -1.082843 1.244094,
        -0.203227 -1.163946 1.244094,
        -0.228993 -1.169076 1.244094,
        -0.279375 -1.169076 1.244094,
        -0.277667 -1.116132 1.244094,
        -0.276836 -1.116193 1.244094,
        -0.274274 -1.116760 1.244094,
        -0.189940 -1.095517 1.244094,
        -0.180552 -1.082193 1.244094,
        -0.174675 -1.066970 1.244094,
        -0.172634 -1.050380 1.244094,
        -0.272544 -1.116986 1.244094,
        -0.234117 -1.116986 1.244094,
        -0.218905 -1.114086 1.244094,
        -0.203823 -1.107133 1.244094,
        -0.191178 -1.096844 1.244094,
        -0.448145 -1.059548 1.244094,
        -0.430033 -1.069270 1.244094,
        -0.183594 -1.014354 1.244094,
        -0.355121 -1.051470 1.244094,
        -0.415150 -1.082829 1.244094,
        -0.603627 -1.065489 1.244094,
        -0.593347 -1.083011 1.244094,
        -0.549986 -1.091738 1.244094,
        -0.578028 -1.098729 1.244094,
        -0.559464 -1.110155 1.244094,
        -0.518386 -1.063492 1.244094,
        -0.608582 -1.014354 1.244094,
        -0.535856 -1.075608 1.244094,
        -0.610700 -1.031593 1.244094,
        -0.609707 -1.044570 1.244094,
        -0.499520 -1.056292 1.244094,
        -0.479194 -1.053796 1.244094,
        -0.468752 -1.054418 1.244094,
        -0.468779 -0.934833 1.244094,
        -0.480048 -0.959009 1.244094,
        -0.355121 -0.878188 1.244094,
        -0.365622 -0.877032 1.244094,
        -0.370783 -0.877137 1.244094,
        -0.399172 -0.881661 1.244094,
        -0.486373 -0.955563 1.244094,
        -0.505528 -0.948622 1.244094,
        -0.426868 -0.893486 1.244094,
        -0.450304 -0.911467 1.244094,
        -0.555107 -0.951596 1.244094,
        -0.574165 -0.961663 1.244094,
        -0.534015 -0.946644 1.244094,
        -0.589039 -0.974911 1.244094,
        -0.600864 -0.991926 1.244094,
        -0.525307 -0.946200 1.244094,
        -0.608167 -1.010975 1.244094,
        -0.277109 -0.916146 1.244094,
        -0.288269 -0.905445 1.244094,
        -0.259620 -0.940689 1.244094,
        -0.184919 -1.011882 1.244094,
        -0.194887 -1.000734 1.244094,
        -0.239241 -0.983773 1.244094,
        -0.208137 -0.991495 1.244094,
        -0.223044 -0.985766 1.244094,
        -0.312608 -0.889459 1.244094,
        -0.339606 -0.879895 1.244094,
        -0.246072 -0.983773 1.244094,
        -0.248666 -0.969193 1.244094,
        -0.551787 -1.185638 1.244488,
        -0.539099 -1.201319 1.244488,
        -0.559464 -1.110155 1.244488,
        -0.574165 -0.961663 1.244488,
        -0.555107 -0.951596 1.244488,
        -0.559947 -0.899157 1.244488,
        -0.393802 -1.140043 1.244488,
        -0.393802 -1.131503 1.244488,
        -0.466245 -1.110607 1.244488,
        -0.474296 -1.108096 1.244488,
        -0.526161 -0.894965 1.244488,
        -0.453431 -1.120888 1.244488,
        -0.449436 -1.127747 1.244488,
        -0.394246 -1.148751 1.244488,
        -0.274252 -1.068312 1.244488,
        -0.300723 -1.023054 1.244488,
        -0.415150 -1.082829 1.244488,
        -0.480048 -1.107593 1.244488,
        -0.488135 -1.108596 1.244488,
        -0.499520 -1.056292 1.244488,
        -0.495611 -1.111476 1.244488,
        -0.518386 -1.063492 1.244488,
        -0.502322 -1.116164 1.244488,
        -0.535856 -1.075608 1.244488,
        -0.506444 -1.120598 1.244488,
        -0.549986 -1.091738 1.244488,
        -0.510681 -1.127794 1.244488,
        -0.512983 -1.135901 1.244488,
        -0.448145 -1.059548 1.244488,
        -0.468752 -1.054418 1.244488,
        -0.479194 -1.053796 1.244488,
        -0.506520 -0.896672 1.244488,
        -0.480048 -0.959009 1.244488,
        -0.468779 -0.934833 1.244488,
        -0.578028 -1.098729 1.244488,
        -0.571259 -1.164088 1.244488,
        -0.560318 -1.167368 1.244488,
        -0.459168 -1.114980 1.244488,
        -0.502466 -1.165499 1.244488,
        -0.495706 -1.170266 1.244488,
        -0.522404 -1.213921 1.244488,
        -0.487844 -1.173269 1.244488,
        -0.489015 -0.876285 1.244488,
        -0.450304 -0.911467 1.244488,
        -0.468947 -0.859100 1.244488,
        -0.426868 -0.893486 1.244488,
        -0.448199 -0.846238 1.244488,
        -0.534015 -0.946644 1.244488,
        -0.525307 -0.946200 1.244488,
        -0.516341 -0.895498 1.244488,
        -0.505528 -0.948622 1.244488,
        -0.486373 -0.955563 1.244488,
        -0.430033 -1.069270 1.244488,
        -0.246072 -0.983773 1.244488,
        -0.239241 -0.983773 1.244488,
        -0.204229 -0.937661 1.244488,
        -0.223044 -0.985766 1.244488,
        -0.197617 -0.939964 1.244488,
        -0.208137 -0.991495 1.244488,
        -0.172435 -0.953145 1.244488,
        -0.194887 -1.000734 1.244488,
        -0.149750 -0.973172 1.244488,
        -0.184919 -1.011882 1.244488,
        -0.132838 -0.997822 1.244488,
        -0.177008 -1.026637 1.244488,
        -0.122982 -1.024048 1.244488,
        -0.173035 -1.043048 1.244488,
        -0.119690 -1.049526 1.244488,
        -0.172634 -1.050380 1.244488,
        -0.119811 -1.054910 1.244488,
        -0.174675 -1.066970 1.244488,
        -0.282497 -1.168683 1.244488,
        -0.279375 -1.169076 1.244488,
        -0.272544 -1.116986 1.244488,
        -0.408830 -0.831028 1.244488,
        -0.399172 -0.881661 1.244488,
        -0.366476 -0.825796 1.244488,
        -0.250341 -0.870201 1.244488,
        -0.277109 -0.916146 1.244488,
        -0.222370 -0.902470 1.244488,
        -0.259620 -0.940689 1.244488,
        -0.248666 -0.969193 1.244488,
        -0.608167 -1.010975 1.244488,
        -0.664270 -1.025358 1.244488,
        -0.610700 -1.031593 1.244488,
        -0.664497 -1.033301 1.244488,
        -0.609707 -1.044570 1.244488,
        -0.660296 -1.067024 1.244488,
        -0.603627 -1.065489 1.244488,
        -0.647993 -1.098798 1.244488,
        -0.593347 -1.083011 1.244488,
        -0.628632 -1.126380 1.244488,
        -0.602103 -1.149024 1.244488,
        -0.507845 -1.159242 1.244488,
        -0.511407 -1.152156 1.244488,
        -0.513188 -1.144232 1.244488,
        -0.234117 -1.116986 1.244488,
        -0.228993 -1.169076 1.244488,
        -0.218905 -1.114086 1.244488,
        -0.203227 -1.163946 1.244488,
        -0.203823 -1.107133 1.244488,
        -0.176937 -1.151851 1.244488,
        -0.191178 -1.096844 1.244488,
        -0.154387 -1.133892 1.244488,
        -0.189940 -1.095517 1.244488,
        -0.151286 -1.130649 1.244488,
        -0.180552 -1.082193 1.244488,
        -0.135743 -1.109541 1.244488,
        -0.124389 -1.082843 1.244488,
        -0.591570 -0.911476 1.244488,
        -0.618711 -0.930599 1.244488,
        -0.589039 -0.974911 1.244488,
        -0.624363 -0.935953 1.244488,
        -0.600864 -0.991926 1.244488,
        -0.645020 -0.962483 1.244488,
        -0.658595 -0.993257 1.244488,
        -0.447175 -1.135512 1.244488,
        -0.446872 -1.143786 1.244488,
        -0.399197 -1.169842 1.244488,
        -0.448678 -1.152041 1.244488,
        -0.409264 -1.188900 1.244488,
        -0.452461 -1.159510 1.244488,
        -0.422513 -1.203775 1.244488,
        -0.457888 -1.165741 1.244488,
        -0.439527 -1.215599 1.244488,
        -0.464420 -1.170316 1.244488,
        -0.458576 -1.222902 1.244488,
        -0.471850 -1.173188 1.244488,
        -0.479194 -1.225435 1.244488,
        -0.480048 -1.174200 1.244488,
        -0.482551 -1.225372 1.244488,
        -0.502710 -1.222213 1.244488,
        -0.370783 -0.877137 1.244488,
        -0.365622 -0.877032 1.244488,
        -0.331278 -0.829494 1.244488,
        -0.339606 -0.879895 1.244488,
        -0.288425 -0.844595 1.244488,
        -0.312608 -0.889459 1.244488,
        -0.288269 -0.905445 1.244488,
        -0.304003 -1.139930 1.244488,
        -0.304139 -1.142604 1.244488,
        -0.276836 -1.116193 1.244488,
        -0.303459 -1.148436 1.244488,
        -0.301338 -1.154254 1.244488,
        -0.297746 -1.159671 1.244488,
        -0.294022 -1.163302 1.244488,
        -0.274274 -1.116760 1.244488,
        -0.288215 -1.166874 1.244488,
        -0.277667 -1.116132 1.244488,
        -0.283611 -1.116815 1.244488,
        -0.289520 -1.118969 1.244488,
        -0.294851 -1.122537 1.244488,
        -0.299316 -1.127452 1.244488,
        -0.302463 -1.133388 1.244488,
        -0.480048 -1.107593 1.244094,
        -0.474296 -1.108096 1.244094,
        -0.466245 -1.110607 1.244094,
        -0.459168 -1.114980 1.244094,
        -0.453431 -1.120888 1.244094,
        -0.449436 -1.127747 1.244094,
        -0.447175 -1.135512 1.244094,
        -0.446872 -1.143786 1.244094,
        -0.448678 -1.152041 1.244094,
        -0.452461 -1.159510 1.244094,
        -0.457888 -1.165741 1.244094,
        -0.464420 -1.170316 1.244094,
        -0.471850 -1.173188 1.244094,
        -0.480048 -1.174200 1.244094,
        -0.487844 -1.173269 1.244094,
        -0.495706 -1.170266 1.244094,
        -0.502466 -1.165499 1.244094,
        -0.507845 -1.159242 1.244094,
        -0.511407 -1.152156 1.244094,
        -0.513188 -1.144232 1.244094,
        -0.512983 -1.135901 1.244094,
        -0.510681 -1.127794 1.244094,
        -0.506444 -1.120598 1.244094,
        -0.502322 -1.116164 1.244094,
        -0.495611 -1.111476 1.244094,
        -0.488135 -1.108596 1.244094,
      ]
    }
    coordIndex [
      142, 143, 144, -1,
      145, 146, 147, -1,
      148, 149, 150, -1,
      150, 149, 151, -1,
      147, 146, 152, -1,
      153, 154, 155, -1,
      156, 157, 149, -1,
      149, 157, 158, -1,
      149, 158, 151, -1,
      151, 158, 159, -1,
      160, 161, 162, -1,
      162, 161, 163, -1,
      162, 163, 164, -1,
      164, 163, 165, -1,
      164, 165, 166, -1,
      166, 165, 167, -1,
      166, 167, 168, -1,
      168, 167, 144, -1,
      168, 144, 169, -1,
      170, 171, 160, -1,
      160, 171, 172, -1,
      160, 172, 161, -1,
      173, 174, 175, -1,
      176, 177, 144, -1,
      144, 177, 178, -1,
      144, 178, 142, -1,
      148, 150, 155, -1,
      155, 150, 179, -1,
      155, 179, 153, -1,
      180, 143, 181, -1,
      181, 143, 182, -1,
      181, 182, 183, -1,
      173, 175, 184, -1,
      184, 175, 185, -1,
      184, 185, 186, -1,
      186, 185, 187, -1,
      186, 187, 188, -1,
      146, 189, 152, -1,
      152, 189, 190, -1,
      152, 190, 191, -1,
      191, 190, 192, -1,
      191, 192, 173, -1,
      173, 192, 193, -1,
      173, 193, 174, -1,
      159, 158, 160, -1,
      160, 158, 194, -1,
      160, 194, 170, -1,
      195, 196, 197, -1,
      197, 196, 198, -1,
      197, 198, 199, -1,
      199, 198, 200, -1,
      199, 200, 201, -1,
      201, 200, 202, -1,
      201, 202, 203, -1,
      203, 202, 204, -1,
      203, 204, 205, -1,
      205, 204, 206, -1,
      205, 206, 207, -1,
      207, 206, 208, -1,
      207, 208, 209, -1,
      209, 208, 210, -1,
      209, 210, 211, -1,
      211, 210, 212, -1,
      213, 214, 215, -1,
      188, 187, 216, -1,
      216, 187, 217, -1,
      216, 217, 218, -1,
      219, 220, 221, -1,
      221, 220, 222, -1,
      221, 222, 197, -1,
      197, 222, 223, -1,
      197, 223, 195, -1,
      224, 225, 226, -1,
      226, 225, 227, -1,
      226, 227, 228, -1,
      228, 227, 229, -1,
      228, 229, 230, -1,
      230, 229, 231, -1,
      230, 231, 232, -1,
      232, 231, 233, -1,
      232, 233, 176, -1,
      176, 233, 234, -1,
      176, 234, 177, -1,
      180, 235, 143, -1,
      143, 235, 236, -1,
      143, 236, 144, -1,
      144, 236, 237, -1,
      144, 237, 169, -1,
      215, 214, 238, -1,
      238, 214, 239, -1,
      238, 239, 240, -1,
      240, 239, 241, -1,
      240, 241, 242, -1,
      242, 241, 243, -1,
      242, 243, 244, -1,
      244, 243, 245, -1,
      244, 245, 246, -1,
      246, 245, 247, -1,
      246, 247, 248, -1,
      248, 247, 249, -1,
      248, 249, 212, -1,
      212, 249, 250, -1,
      212, 250, 211, -1,
      147, 251, 145, -1,
      145, 251, 252, -1,
      145, 252, 253, -1,
      253, 252, 254, -1,
      253, 254, 255, -1,
      255, 254, 256, -1,
      255, 256, 224, -1,
      224, 256, 257, -1,
      224, 257, 225, -1,
      154, 258, 155, -1,
      155, 258, 259, -1,
      155, 259, 260, -1,
      260, 259, 261, -1,
      260, 261, 262, -1,
      262, 261, 263, -1,
      262, 263, 264, -1,
      264, 263, 265, -1,
      264, 265, 266, -1,
      266, 265, 267, -1,
      266, 267, 268, -1,
      268, 267, 269, -1,
      268, 269, 270, -1,
      270, 269, 271, -1,
      270, 271, 272, -1,
      272, 271, 183, -1,
      272, 183, 273, -1,
      273, 183, 182, -1,
      217, 274, 218, -1,
      218, 274, 275, -1,
      218, 275, 276, -1,
      276, 275, 277, -1,
      276, 277, 278, -1,
      278, 277, 279, -1,
      278, 279, 219, -1,
      219, 279, 280, -1,
      219, 280, 220, -1,
      281, 282, 283, -1,
      283, 282, 284, -1,
      284, 285, 283, -1,
      283, 285, 286, -1,
      283, 286, 287, -1,
      215, 288, 213, -1,
      213, 288, 283, -1,
      213, 283, 289, -1,
      289, 283, 287, -1,
      283, 290, 281, -1,
      281, 290, 291, -1,
      281, 291, 292, -1,
      292, 293, 281, -1,
      281, 293, 294, -1,
      281, 294, 295, -1,
      209, 77, 60, -1,
      209, 60, 207, -1,
      207, 60, 59, -1,
      207, 59, 205, -1,
      59, 58, 205, -1,
      205, 58, 57, -1,
      205, 57, 203, -1,
      203, 57, 6, -1,
      203, 6, 201, -1,
      201, 6, 5, -1,
      201, 5, 199, -1,
      199, 5, 4, -1,
      199, 4, 197, -1,
      197, 4, 3, -1,
      197, 3, 221, -1,
      221, 3, 2, -1,
      221, 2, 219, -1,
      278, 219, 8, -1,
      8, 219, 2, -1,
      8, 7, 278, -1,
      278, 7, 12, -1,
      278, 12, 276, -1,
      276, 12, 11, -1,
      276, 11, 218, -1,
      218, 11, 10, -1,
      15, 186, 14, -1,
      14, 186, 188, -1,
      14, 188, 13, -1,
      13, 188, 216, -1,
      13, 216, 9, -1,
      9, 216, 218, -1,
      9, 218, 10, -1,
      186, 15, 20, -1,
      186, 20, 184, -1,
      184, 20, 22, -1,
      184, 22, 173, -1,
      173, 22, 21, -1,
      173, 21, 191, -1,
      191, 21, 19, -1,
      191, 19, 152, -1,
      152, 19, 18, -1,
      152, 18, 147, -1,
      147, 18, 24, -1,
      147, 24, 251, -1,
      251, 24, 23, -1,
      251, 23, 252, -1,
      252, 23, 17, -1,
      252, 17, 254, -1,
      30, 227, 225, -1,
      254, 17, 16, -1,
      254, 16, 256, -1,
      256, 16, 33, -1,
      256, 33, 257, -1,
      257, 33, 32, -1,
      257, 32, 225, -1,
      225, 32, 31, -1,
      225, 31, 30, -1,
      227, 30, 29, -1,
      227, 29, 229, -1,
      229, 29, 28, -1,
      229, 28, 231, -1,
      231, 28, 27, -1,
      231, 27, 233, -1,
      233, 27, 26, -1,
      233, 26, 234, -1,
      234, 26, 25, -1,
      234, 25, 177, -1,
      177, 25, 37, -1,
      177, 37, 178, -1,
      178, 37, 38, -1,
      178, 38, 142, -1,
      38, 39, 142, -1,
      142, 39, 36, -1,
      142, 36, 143, -1,
      143, 36, 35, -1,
      143, 35, 182, -1,
      182, 35, 34, -1,
      182, 34, 273, -1,
      34, 44, 273, -1,
      273, 44, 43, -1,
      273, 43, 272, -1,
      272, 43, 42, -1,
      272, 42, 270, -1,
      51, 148, 155, -1,
      270, 42, 41, -1,
      270, 41, 268, -1,
      268, 41, 40, -1,
      268, 40, 266, -1,
      40, 48, 266, -1,
      266, 48, 47, -1,
      266, 47, 264, -1,
      264, 47, 46, -1,
      264, 46, 262, -1,
      262, 46, 45, -1,
      262, 45, 260, -1,
      260, 45, 1, -1,
      260, 1, 155, -1,
      155, 1, 0, -1,
      155, 0, 51, -1,
      149, 148, 50, -1,
      50, 148, 51, -1,
      55, 156, 49, -1,
      49, 156, 149, -1,
      49, 149, 50, -1,
      157, 156, 64, -1,
      64, 156, 55, -1,
      99, 158, 98, -1,
      98, 158, 157, -1,
      98, 157, 64, -1,
      158, 99, 96, -1,
      158, 96, 194, -1,
      194, 96, 95, -1,
      194, 95, 170, -1,
      170, 95, 112, -1,
      170, 112, 171, -1,
      171, 112, 111, -1,
      171, 111, 172, -1,
      172, 111, 110, -1,
      172, 110, 161, -1,
      161, 110, 105, -1,
      161, 105, 163, -1,
      163, 105, 107, -1,
      163, 107, 165, -1,
      165, 107, 102, -1,
      165, 102, 167, -1,
      167, 102, 104, -1,
      167, 104, 144, -1,
      144, 104, 103, -1,
      144, 103, 176, -1,
      176, 103, 101, -1,
      176, 101, 232, -1,
      232, 101, 100, -1,
      232, 100, 230, -1,
      230, 100, 109, -1,
      230, 109, 228, -1,
      228, 109, 108, -1,
      228, 108, 226, -1,
      224, 226, 106, -1,
      106, 226, 108, -1,
      106, 129, 224, -1,
      224, 129, 127, -1,
      224, 127, 255, -1,
      255, 127, 126, -1,
      255, 126, 253, -1,
      253, 126, 124, -1,
      253, 124, 145, -1,
      145, 124, 123, -1,
      145, 123, 146, -1,
      146, 123, 125, -1,
      146, 125, 189, -1,
      189, 125, 128, -1,
      189, 128, 190, -1,
      190, 128, 120, -1,
      190, 120, 192, -1,
      192, 120, 119, -1,
      192, 119, 193, -1,
      193, 119, 114, -1,
      193, 114, 174, -1,
      174, 114, 113, -1,
      174, 113, 175, -1,
      175, 113, 122, -1,
      175, 122, 185, -1,
      185, 122, 121, -1,
      185, 121, 187, -1,
      187, 121, 118, -1,
      187, 118, 217, -1,
      217, 118, 117, -1,
      217, 117, 274, -1,
      274, 117, 116, -1,
      274, 116, 275, -1,
      275, 116, 115, -1,
      275, 115, 277, -1,
      115, 139, 277, -1,
      277, 139, 138, -1,
      277, 138, 279, -1,
      279, 138, 131, -1,
      279, 131, 280, -1,
      280, 131, 130, -1,
      280, 130, 220, -1,
      220, 130, 132, -1,
      220, 132, 222, -1,
      222, 132, 141, -1,
      222, 141, 223, -1,
      223, 141, 140, -1,
      223, 140, 195, -1,
      196, 195, 135, -1,
      135, 195, 140, -1,
      196, 135, 137, -1,
      196, 137, 198, -1,
      198, 137, 136, -1,
      198, 136, 200, -1,
      200, 136, 134, -1,
      200, 134, 202, -1,
      202, 134, 133, -1,
      202, 133, 204, -1,
      204, 133, 97, -1,
      204, 97, 206, -1,
      97, 66, 206, -1,
      206, 66, 65, -1,
      206, 65, 208, -1,
      208, 65, 89, -1,
      208, 89, 210, -1,
      210, 89, 88, -1,
      210, 88, 212, -1,
      212, 88, 87, -1,
      212, 87, 248, -1,
      248, 87, 86, -1,
      248, 86, 246, -1,
      246, 86, 94, -1,
      246, 94, 244, -1,
      244, 94, 93, -1,
      244, 93, 242, -1,
      242, 93, 92, -1,
      242, 92, 240, -1,
      240, 92, 91, -1,
      240, 91, 238, -1,
      215, 238, 90, -1,
      90, 238, 91, -1,
      215, 90, 85, -1,
      215, 85, 288, -1,
      288, 85, 84, -1,
      288, 84, 283, -1,
      283, 84, 83, -1,
      283, 83, 290, -1,
      290, 83, 69, -1,
      290, 69, 291, -1,
      291, 69, 68, -1,
      291, 68, 292, -1,
      292, 68, 67, -1,
      292, 67, 293, -1,
      293, 67, 56, -1,
      293, 56, 294, -1,
      294, 56, 54, -1,
      294, 54, 295, -1,
      295, 54, 76, -1,
      295, 76, 281, -1,
      281, 76, 75, -1,
      281, 75, 282, -1,
      282, 75, 74, -1,
      282, 74, 284, -1,
      284, 74, 63, -1,
      284, 63, 285, -1,
      285, 63, 62, -1,
      285, 62, 286, -1,
      286, 62, 61, -1,
      286, 61, 287, -1,
      287, 61, 53, -1,
      287, 53, 289, -1,
      289, 53, 52, -1,
      289, 52, 213, -1,
      213, 52, 82, -1,
      213, 82, 214, -1,
      239, 214, 81, -1,
      81, 214, 82, -1,
      239, 81, 80, -1,
      239, 80, 241, -1,
      241, 80, 73, -1,
      241, 73, 243, -1,
      243, 73, 72, -1,
      243, 72, 245, -1,
      245, 72, 71, -1,
      245, 71, 247, -1,
      247, 71, 70, -1,
      247, 70, 249, -1,
      249, 70, 79, -1,
      249, 79, 250, -1,
      250, 79, 78, -1,
      250, 78, 211, -1,
      211, 78, 77, -1,
      211, 77, 209, -1,
      159, 296, 297, -1,
      159, 297, 151, -1,
      151, 297, 298, -1,
      151, 298, 150, -1,
      150, 298, 299, -1,
      150, 299, 179, -1,
      179, 299, 300, -1,
      179, 300, 153, -1,
      153, 300, 301, -1,
      153, 301, 154, -1,
      154, 301, 302, -1,
      154, 302, 258, -1,
      258, 302, 303, -1,
      258, 303, 259, -1,
      259, 303, 304, -1,
      259, 304, 261, -1,
      261, 304, 305, -1,
      261, 305, 263, -1,
      263, 305, 306, -1,
      263, 306, 265, -1,
      265, 306, 307, -1,
      265, 307, 267, -1,
      267, 307, 308, -1,
      267, 308, 269, -1,
      269, 308, 309, -1,
      269, 309, 271, -1,
      271, 309, 310, -1,
      271, 310, 183, -1,
      183, 310, 311, -1,
      183, 311, 181, -1,
      181, 311, 312, -1,
      181, 312, 180, -1,
      180, 312, 313, -1,
      180, 313, 235, -1,
      235, 313, 314, -1,
      235, 314, 236, -1,
      236, 314, 315, -1,
      236, 315, 237, -1,
      237, 315, 316, -1,
      237, 316, 169, -1,
      169, 316, 317, -1,
      169, 317, 168, -1,
      168, 317, 318, -1,
      168, 318, 166, -1,
      166, 318, 319, -1,
      166, 319, 164, -1,
      164, 319, 320, -1,
      164, 320, 162, -1,
      162, 320, 321, -1,
      162, 321, 160, -1,
      160, 321, 296, -1,
      160, 296, 159, -1,
    ]
  }
}

Shape {
  appearance Appearance {
    material Material {
      diffuseColor 0.7529 0.7529 0.7529
      specularColor 0.3765 0.3765 0.3765
      ambientIntensity 0.2
      transparency 0.0000
      shininess 0.5
    }
  }
  geometry IndexedFaceSet {
    ccw TRUE
    solid FALSE
    coord DEF co Coordinate {
      point [
        -0.480048 -1.107593 1.244094,
        -0.474296 -1.108096 1.244094,
        -0.466245 -1.110607 1.244094,
        -0.459168 -1.114980 1.244094,
        -0.453431 -1.120888 1.244094,
        -0.449436 -1.127747 1.244094,
        -0.447175 -1.135512 1.244094,
        -0.446872 -1.143786 1.244094,
        -0.448678 -1.152041 1.244094,
        -0.452461 -1.159510 1.244094,
        -0.457888 -1.165741 1.244094,
        -0.464420 -1.170316 1.244094,
        -0.471850 -1.173188 1.244094,
        -0.480048 -1.174200 1.244094,
        -0.487844 -1.173269 1.244094,
        -0.495706 -1.170266 1.244094,
        -0.502466 -1.165499 1.244094,
        -0.507845 -1.159242 1.244094,
        -0.511407 -1.152156 1.244094,
        -0.513188 -1.144232 1.244094,
        -0.512983 -1.135901 1.244094,
        -0.510681 -1.127794 1.244094,
        -0.506444 -1.120598 1.244094,
        -0.502322 -1.116164 1.244094,
        -0.495611 -1.111476 1.244094,
        -0.488135 -1.108596 1.244094,
      ]
    }
    coordIndex [
      13, 23, 22, -1,
      0, 13, 1, -1,
      1, 13, 12, -1,
      0, 25, 13, -1,
      13, 25, 24, -1,
      13, 24, 23, -1,
      10, 4, 3, -1,
      18, 17, 22, -1,
      22, 17, 16, -1,
      12, 11, 1, -1,
      1, 11, 10, -1,
      1, 10, 2, -1,
      2, 10, 3, -1,
      21, 20, 22, -1,
      22, 20, 19, -1,
      22, 19, 18, -1,
      16, 15, 22, -1,
      22, 15, 14, -1,
      22, 14, 13, -1,
      8, 7, 9, -1,
      9, 7, 6, -1,
      9, 6, 10, -1,
      10, 6, 5, -1,
      10, 5, 4, -1,
    ]
  }
}

Shape {
  appearance Appearance {
    material Material {
      diffuseColor 1.0000 1.0000 0.5020
      specularColor 0.5020 0.5020 0.2510
      ambientIntensity 0.2
      transparency 0.0000
      shininess 0.5
    }
  }
  geometry IndexedFaceSet {
    ccw TRUE
    solid FALSE
    coord DEF co Coordinate {
      point [
        -0.236220 0.049213 0.523622,
        -0.236220 0.049213 0.484252,
        -0.354331 0.049213 0.523622,
        -0.354331 0.049213 0.484252,
        -0.236220 -1.269685 0.523622,
        -0.354331 -1.269685 0.523622,
        -0.236220 -1.269685 0.484252,
        -0.354331 -1.269685 0.484252,
        -0.334646 1.627953 -0.003937,
        -0.334646 1.482283 -0.003937,
        -0.255906 1.627953 -0.003937,
        -0.255906 1.482283 -0.003937,
        -0.334646 1.627953 -0.039370,
        -0.255906 1.627953 -0.039370,
        -0.334646 1.466535 -0.039370,
        -0.255906 1.466535 -0.039370,
        -0.255906 1.462155 -0.038876,
        -0.334646 1.462155 -0.038876,
        -0.255906 1.457994 -0.037420,
        -0.334646 1.457994 -0.037420,
        -0.255906 1.454262 -0.035076,
        -0.334646 1.454262 -0.035076,
        -0.255906 1.451145 -0.031958,
        -0.334646 1.451145 -0.031958,
        -0.255906 1.448800 -0.028226,
        -0.334646 1.448800 -0.028226,
        -0.255906 1.447344 -0.024065,
        -0.334646 1.447344 -0.024065,
        -0.255906 1.446850 -0.019685,
        -0.334646 1.446850 -0.019685,
        -0.334646 1.446850 -0.000000,
        -0.255906 1.446850 -0.000000,
        -0.334646 1.482283 -0.000000,
        -0.255906 1.482283 -0.000000,
        -0.354331 -1.210630 0.720472,
        -0.354331 0.049213 0.720472,
        -0.236220 -1.210630 0.720472,
        -0.236220 0.049213 0.720472,
        -0.236220 0.049213 0.759843,
        -0.354331 0.049213 0.759843,
        -0.236220 -1.210630 0.759843,
        -0.354331 -1.210630 0.759843,
        0.236220 0.049213 0.523622,
        0.354331 0.049213 0.523622,
        0.236220 0.049213 0.484252,
        0.354331 0.049213 0.484252,
        0.236220 -1.269685 0.523622,
        0.236220 -1.269685 0.484252,
        0.354331 -1.269685 0.523622,
        0.354331 -1.269685 0.484252,
        -0.531496 1.627953 -0.003937,
        -0.531496 1.482283 -0.003937,
        -0.452756 1.627953 -0.003937,
        -0.452756 1.482283 -0.003937,
        -0.531496 1.627953 -0.039370,
        -0.452756 1.627953 -0.039370,
        -0.531496 1.466535 -0.039370,
        -0.452756 1.466535 -0.039370,
        -0.452756 1.462155 -0.038876,
        -0.531496 1.462155 -0.038876,
        -0.452756 1.457994 -0.037420,
        -0.531496 1.457994 -0.037420,
        -0.452756 1.454262 -0.035076,
        -0.531496 1.454262 -0.035076,
        -0.452756 1.451145 -0.031958,
        -0.531496 1.451145 -0.031958,
        -0.452756 1.448800 -0.028226,
        -0.531496 1.448800 -0.028226,
        -0.452756 1.447344 -0.024065,
        -0.531496 1.447344 -0.024065,
        -0.452756 1.446850 -0.019685,
        -0.531496 1.446850 -0.019685,
        -0.531496 1.446850 -0.000000,
        -0.452756 1.446850 -0.000000,
        -0.531496 1.482283 -0.000000,
        -0.452756 1.482283 -0.000000,
        -0.728346 1.627953 -0.003937,
        -0.728346 1.482283 -0.003937,
        -0.649606 1.627953 -0.003937,
        -0.649606 1.482283 -0.003937,
        -0.728346 1.627953 -0.039370,
        -0.649606 1.627953 -0.039370,
        -0.728346 1.466535 -0.039370,
        -0.649606 1.466535 -0.039370,
        -0.649606 1.462155 -0.038876,
        -0.728346 1.462155 -0.038876,
        -0.649606 1.457994 -0.037420,
        -0.728346 1.457994 -0.037420,
        -0.649606 1.454262 -0.035076,
        -0.728346 1.454262 -0.035076,
        -0.649606 1.451145 -0.031958,
        -0.728346 1.451145 -0.031958,
        -0.649606 1.448800 -0.028226,
        -0.728346 1.448800 -0.028226,
        -0.649606 1.447344 -0.024065,
        -0.728346 1.447344 -0.024065,
        -0.649606 1.446850 -0.019685,
        -0.728346 1.446850 -0.019685,
        -0.728346 1.446850 -0.000000,
        -0.649606 1.446850 -0.000000,
        -0.728346 1.482283 -0.000000,
        -0.649606 1.482283 -0.000000,
        1.248031 1.446850 -0.000000,
        1.248031 1.482283 -0.000000,
        1.169291 1.446850 -0.000000,
        1.169291 1.482283 -0.000000,
        1.248031 1.482283 -0.003937,
        1.169291 1.482283 -0.003937,
        1.248031 1.627953 -0.003937,
        1.169291 1.627953 -0.003937,
        1.248031 1.627953 -0.039370,
        1.169291 1.627953 -0.039370,
        1.248031 1.466535 -0.039370,
        1.169291 1.466535 -0.039370,
        1.248031 1.446850 -0.019685,
        1.169291 1.446850 -0.019685,
        1.169291 1.447344 -0.024065,
        1.248031 1.447344 -0.024065,
        1.169291 1.448800 -0.028226,
        1.248031 1.448800 -0.028226,
        1.169291 1.451145 -0.031958,
        1.248031 1.451145 -0.031958,
        1.169291 1.454262 -0.035076,
        1.248031 1.454262 -0.035076,
        1.169291 1.457994 -0.037420,
        1.248031 1.457994 -0.037420,
        1.169291 1.462155 -0.038876,
        1.248031 1.462155 -0.038876,
      ]
    }
    coordIndex [
      0, 1, 2, -1,
      2, 1, 3, -1,
      4, 0, 5, -1,
      5, 0, 2, -1,
      6, 1, 4, -1,
      4, 1, 0, -1,
      7, 3, 6, -1,
      6, 3, 1, -1,
      5, 2, 7, -1,
      7, 2, 3, -1,
      4, 5, 6, -1,
      6, 5, 7, -1,
      8, 9, 10, -1,
      10, 9, 11, -1,
      12, 8, 13, -1,
      13, 8, 10, -1,
      14, 12, 15, -1,
      15, 12, 13, -1,
      14, 15, 16, -1,
      14, 16, 17, -1,
      17, 16, 18, -1,
      17, 18, 19, -1,
      19, 18, 20, -1,
      19, 20, 21, -1,
      21, 20, 22, -1,
      21, 22, 23, -1,
      23, 22, 24, -1,
      23, 24, 25, -1,
      25, 24, 26, -1,
      25, 26, 27, -1,
      27, 26, 28, -1,
      27, 28, 29, -1,
      30, 29, 31, -1,
      31, 29, 28, -1,
      32, 30, 33, -1,
      33, 30, 31, -1,
      9, 32, 11, -1,
      11, 32, 33, -1,
      30, 32, 29, -1,
      29, 32, 9, -1,
      8, 12, 9, -1,
      9, 12, 14, -1,
      9, 14, 17, -1,
      17, 19, 9, -1,
      9, 19, 21, -1,
      9, 21, 23, -1,
      23, 25, 9, -1,
      9, 25, 27, -1,
      9, 27, 29, -1,
      13, 10, 15, -1,
      15, 10, 11, -1,
      33, 31, 11, -1,
      11, 31, 28, -1,
      11, 28, 26, -1,
      20, 18, 11, -1,
      11, 18, 16, -1,
      11, 16, 15, -1,
      26, 24, 11, -1,
      11, 24, 22, -1,
      11, 22, 20, -1,
      34, 35, 36, -1,
      36, 35, 37, -1,
      38, 39, 40, -1,
      40, 39, 41, -1,
      35, 39, 37, -1,
      37, 39, 38, -1,
      41, 39, 34, -1,
      34, 39, 35, -1,
      37, 38, 36, -1,
      36, 38, 40, -1,
      41, 34, 40, -1,
      40, 34, 36, -1,
      42, 43, 44, -1,
      44, 43, 45, -1,
      46, 42, 47, -1,
      47, 42, 44, -1,
      48, 43, 46, -1,
      46, 43, 42, -1,
      49, 45, 48, -1,
      48, 45, 43, -1,
      47, 44, 49, -1,
      49, 44, 45, -1,
      46, 47, 48, -1,
      48, 47, 49, -1,
      50, 51, 52, -1,
      52, 51, 53, -1,
      54, 50, 55, -1,
      55, 50, 52, -1,
      56, 54, 57, -1,
      57, 54, 55, -1,
      56, 57, 58, -1,
      56, 58, 59, -1,
      59, 58, 60, -1,
      59, 60, 61, -1,
      61, 60, 62, -1,
      61, 62, 63, -1,
      63, 62, 64, -1,
      63, 64, 65, -1,
      65, 64, 66, -1,
      65, 66, 67, -1,
      67, 66, 68, -1,
      67, 68, 69, -1,
      69, 68, 70, -1,
      69, 70, 71, -1,
      72, 71, 73, -1,
      73, 71, 70, -1,
      74, 72, 75, -1,
      75, 72, 73, -1,
      51, 74, 53, -1,
      53, 74, 75, -1,
      72, 74, 71, -1,
      71, 74, 51, -1,
      50, 54, 51, -1,
      51, 54, 56, -1,
      51, 56, 59, -1,
      59, 61, 51, -1,
      51, 61, 63, -1,
      51, 63, 65, -1,
      65, 67, 51, -1,
      51, 67, 69, -1,
      51, 69, 71, -1,
      53, 62, 60, -1,
      75, 73, 53, -1,
      53, 73, 70, -1,
      53, 70, 68, -1,
      55, 52, 57, -1,
      57, 52, 53, -1,
      57, 53, 58, -1,
      58, 53, 60, -1,
      68, 66, 53, -1,
      53, 66, 64, -1,
      53, 64, 62, -1,
      76, 77, 78, -1,
      78, 77, 79, -1,
      80, 76, 81, -1,
      81, 76, 78, -1,
      82, 80, 83, -1,
      83, 80, 81, -1,
      82, 83, 84, -1,
      82, 84, 85, -1,
      85, 84, 86, -1,
      85, 86, 87, -1,
      87, 86, 88, -1,
      87, 88, 89, -1,
      89, 88, 90, -1,
      89, 90, 91, -1,
      91, 90, 92, -1,
      91, 92, 93, -1,
      93, 92, 94, -1,
      93, 94, 95, -1,
      95, 94, 96, -1,
      95, 96, 97, -1,
      98, 97, 99, -1,
      99, 97, 96, -1,
      100, 98, 101, -1,
      101, 98, 99, -1,
      77, 100, 79, -1,
      79, 100, 101, -1,
      98, 100, 97, -1,
      97, 100, 77, -1,
      76, 80, 77, -1,
      77, 80, 82, -1,
      77, 82, 85, -1,
      85, 87, 77, -1,
      77, 87, 89, -1,
      77, 89, 91, -1,
      91, 93, 77, -1,
      77, 93, 95, -1,
      77, 95, 97, -1,
      81, 78, 83, -1,
      83, 78, 79, -1,
      101, 99, 79, -1,
      79, 99, 96, -1,
      79, 96, 94, -1,
      88, 86, 79, -1,
      79, 86, 84, -1,
      79, 84, 83, -1,
      94, 92, 79, -1,
      79, 92, 90, -1,
      79, 90, 88, -1,
      102, 103, 104, -1,
      104, 103, 105, -1,
      103, 106, 105, -1,
      105, 106, 107, -1,
      106, 108, 107, -1,
      107, 108, 109, -1,
      108, 110, 109, -1,
      109, 110, 111, -1,
      110, 112, 111, -1,
      111, 112, 113, -1,
      114, 115, 116, -1,
      114, 116, 117, -1,
      117, 116, 118, -1,
      117, 118, 119, -1,
      119, 118, 120, -1,
      119, 120, 121, -1,
      121, 120, 122, -1,
      121, 122, 123, -1,
      123, 122, 124, -1,
      123, 124, 125, -1,
      125, 124, 126, -1,
      125, 126, 127, -1,
      127, 126, 113, -1,
      127, 113, 112, -1,
      114, 102, 115, -1,
      115, 102, 104, -1,
      110, 108, 112, -1,
      112, 108, 106, -1,
      103, 102, 106, -1,
      106, 102, 114, -1,
      106, 114, 117, -1,
      123, 125, 106, -1,
      106, 125, 127, -1,
      106, 127, 112, -1,
      117, 119, 106, -1,
      106, 119, 121, -1,
      106, 121, 123, -1,
      104, 105, 115, -1,
      115, 105, 107, -1,
      109, 111, 107, -1,
      107, 111, 113, -1,
      107, 113, 126, -1,
      126, 124, 107, -1,
      107, 124, 122, -1,
      107, 122, 120, -1,
      120, 118, 107, -1,
      107, 118, 116, -1,
      107, 116, 115, -1,
    ]
  }
}
