#VRML V2.0 utf8

Shape {
  appearance Appearance {
    material Material {
      diffuseColor 0.0000 0.3725 0.2392
      specularColor 0.0000 0.1882 0.1216
      ambientIntensity 0.2
      transparency 0.0000
      shininess 0.5
    }
  }
  geometry IndexedFaceSet {
    ccw TRUE
    solid FALSE
    coord DEF co Coordinate {
      point [
        -0.975261 0.517640 0.082677,
        -0.984252 0.590551 0.082677,
        -0.981983 0.495483 0.082677,
        -0.984252 0.472441 0.082677,
        -0.964347 0.538059 0.082677,
        -0.949658 0.555957 0.082677,
        -0.931760 0.570646 0.082677,
        -0.911341 0.581561 0.082677,
        -0.889184 0.588282 0.082677,
        -0.866142 0.590551 0.082677,
        0.984252 0.472441 0.082677,
        0.984252 0.590551 0.082677,
        0.981983 0.495483 0.082677,
        0.975261 0.517640 0.082677,
        0.866142 0.590551 0.082677,
        0.889184 0.588282 0.082677,
        0.911341 0.581561 0.082677,
        0.931760 0.570646 0.082677,
        0.949658 0.555957 0.082677,
        0.964347 0.538059 0.082677,
        0.975261 -0.517640 0.082677,
        0.984252 -0.590551 0.082677,
        0.981983 -0.495483 0.082677,
        0.984252 -0.472441 0.082677,
        0.964347 -0.538059 0.082677,
        0.949658 -0.555957 0.082677,
        0.931760 -0.570646 0.082677,
        0.911341 -0.581561 0.082677,
        0.889184 -0.588282 0.082677,
        0.866142 -0.590551 0.082677,
        -0.981983 -0.495483 0.082677,
        -0.984252 -0.472441 0.082677,
        -0.984252 -0.590551 0.082677,
        -0.975261 -0.517640 0.082677,
        -0.931760 -0.570646 0.082677,
        -0.949658 -0.555957 0.082677,
        -0.964347 -0.538059 0.082677,
        -0.866142 -0.590551 0.082677,
        -0.889184 -0.588282 0.082677,
        -0.911341 -0.581561 0.082677,
        -0.836614 0.551181 0.003937,
        -0.984252 0.590551 0.003937,
        -0.599587 0.590551 0.003937,
        -0.984252 -0.000000 0.003937,
        -0.836614 0.236220 0.003937,
        -0.599587 -0.000000 0.003937,
        -0.639764 0.236220 0.003937,
        -0.639764 0.551181 0.003937,
        -0.398041 0.590551 0.003937,
        -0.344488 0.551181 0.003937,
        -0.344488 0.236220 0.003937,
        -0.147638 0.551181 0.003937,
        -0.000000 0.590551 0.003937,
        -0.147638 0.236220 0.003937,
        -0.000000 -0.000000 0.003937,
        -0.398041 -0.000000 0.003937,
        0.344488 0.551181 0.003937,
        0.492126 0.590551 0.003937,
        0.344488 0.236220 0.003937,
        0.492126 -0.000000 0.003937,
        0.147638 0.236220 0.003937,
        0.147638 0.551181 0.003937,
        0.836614 0.236220 0.003937,
        0.836614 0.551181 0.003937,
        0.910433 0.590551 0.003937,
        0.639764 0.551181 0.003937,
        0.910433 -0.000000 0.003937,
        0.639764 0.236220 0.003937,
        0.984252 0.590551 0.003937,
        0.984252 -0.000000 0.003937,
        -0.599587 -0.590551 0.003937,
        -0.639764 -0.551181 0.003937,
        -0.639764 -0.236220 0.003937,
        -0.836614 -0.551181 0.003937,
        -0.984252 -0.590551 0.003937,
        -0.836614 -0.236220 0.003937,
        -0.451594 -0.365753 0.003937,
        -0.398041 -0.590551 0.003937,
        -0.559410 -0.365753 0.003937,
        -0.559410 -0.250905 0.003937,
        -0.344488 -0.551181 0.003937,
        -0.147638 -0.551181 0.003937,
        -0.344488 -0.236220 0.003937,
        -0.147638 -0.236220 0.003937,
        -0.000000 -0.590551 0.003937,
        0.344488 -0.236220 0.003937,
        0.344488 -0.551181 0.003937,
        0.492126 -0.590551 0.003937,
        0.147638 -0.551181 0.003937,
        0.147638 -0.236220 0.003937,
        0.910433 -0.590551 0.003937,
        0.836614 -0.551181 0.003937,
        0.836614 -0.236220 0.003937,
        0.639764 -0.551181 0.003937,
        0.639764 -0.236220 0.003937,
        0.984252 -0.590551 0.003937,
      ]
    }
    coordIndex [
      0, 1, 2, -1,
      2, 1, 3, -1,
      0, 4, 1, -1,
      1, 4, 5, -1,
      1, 5, 6, -1,
      6, 7, 1, -1,
      1, 7, 8, -1,
      1, 8, 9, -1,
      10, 11, 12, -1,
      12, 11, 13, -1,
      14, 15, 11, -1,
      11, 15, 16, -1,
      11, 16, 17, -1,
      17, 18, 11, -1,
      11, 18, 19, -1,
      11, 19, 13, -1,
      20, 21, 22, -1,
      22, 21, 23, -1,
      20, 24, 21, -1,
      21, 24, 25, -1,
      21, 25, 26, -1,
      26, 27, 21, -1,
      21, 27, 28, -1,
      21, 28, 29, -1,
      30, 31, 32, -1,
      30, 32, 33, -1,
      34, 35, 32, -1,
      32, 35, 36, -1,
      32, 36, 33, -1,
      37, 38, 32, -1,
      32, 38, 39, -1,
      32, 39, 34, -1,
      40, 41, 42, -1,
      41, 40, 43, -1,
      43, 40, 44, -1,
      43, 44, 45, -1,
      45, 44, 46, -1,
      45, 46, 42, -1,
      42, 46, 47, -1,
      42, 47, 40, -1,
      48, 49, 50, -1,
      49, 48, 51, -1,
      51, 48, 52, -1,
      51, 52, 53, -1,
      53, 52, 54, -1,
      53, 54, 50, -1,
      50, 54, 55, -1,
      50, 55, 48, -1,
      56, 57, 58, -1,
      58, 57, 59, -1,
      58, 59, 60, -1,
      60, 59, 54, -1,
      60, 54, 61, -1,
      61, 54, 52, -1,
      61, 52, 56, -1,
      56, 52, 57, -1,
      62, 63, 64, -1,
      64, 63, 65, -1,
      62, 66, 67, -1,
      67, 66, 59, -1,
      67, 59, 65, -1,
      65, 59, 57, -1,
      65, 57, 64, -1,
      62, 64, 66, -1,
      66, 64, 68, -1,
      66, 68, 69, -1,
      70, 71, 72, -1,
      71, 70, 73, -1,
      73, 70, 74, -1,
      73, 74, 75, -1,
      75, 74, 43, -1,
      75, 43, 72, -1,
      72, 43, 45, -1,
      72, 45, 70, -1,
      42, 48, 45, -1,
      45, 48, 55, -1,
      45, 55, 76, -1,
      76, 55, 77, -1,
      76, 77, 78, -1,
      78, 77, 70, -1,
      78, 70, 79, -1,
      79, 70, 45, -1,
      79, 45, 76, -1,
      77, 80, 81, -1,
      80, 77, 82, -1,
      82, 77, 55, -1,
      82, 55, 83, -1,
      83, 55, 54, -1,
      83, 54, 81, -1,
      81, 54, 84, -1,
      81, 84, 77, -1,
      85, 59, 86, -1,
      86, 59, 87, -1,
      86, 87, 88, -1,
      88, 87, 84, -1,
      88, 84, 89, -1,
      89, 84, 54, -1,
      89, 54, 85, -1,
      85, 54, 59, -1,
      90, 91, 92, -1,
      91, 90, 93, -1,
      93, 90, 87, -1,
      93, 87, 94, -1,
      94, 87, 59, -1,
      94, 59, 92, -1,
      92, 59, 66, -1,
      92, 66, 90, -1,
      90, 66, 69, -1,
      90, 69, 95, -1,
      21, 95, 23, -1,
      23, 95, 69, -1,
      23, 69, 10, -1,
      10, 69, 68, -1,
      10, 68, 11, -1,
      11, 68, 14, -1,
      14, 68, 64, -1,
      48, 9, 52, -1,
      52, 9, 14, -1,
      52, 14, 57, -1,
      57, 14, 64, -1,
      48, 42, 9, -1,
      9, 42, 41, -1,
      9, 41, 1, -1,
      1, 41, 3, -1,
      3, 41, 43, -1,
      3, 43, 31, -1,
      31, 43, 74, -1,
      31, 74, 32, -1,
      32, 74, 37, -1,
      37, 74, 70, -1,
      70, 77, 37, -1,
      37, 77, 84, -1,
      37, 84, 29, -1,
      95, 21, 90, -1,
      90, 21, 29, -1,
      90, 29, 87, -1,
      87, 29, 84, -1,
    ]
  }
}

Shape {
  appearance Appearance {
    material Material {
      diffuseColor 0.9686 0.8784 0.6000
      specularColor 0.6784 0.6157 0.4196
      ambientIntensity 0.2
      transparency 0.0000
      shininess 0.5
    }
  }
  geometry IndexedFaceSet {
    ccw TRUE
    solid FALSE
    coord DEF co Coordinate {
      point [
        -0.836614 0.551181 0.003937,
        -0.836614 0.236220 0.003937,
        -0.639764 0.236220 0.003937,
        -0.639764 0.551181 0.003937,
        -0.344488 0.551181 0.003937,
        -0.344488 0.236220 0.003937,
        -0.147638 0.551181 0.003937,
        -0.147638 0.236220 0.003937,
        0.344488 0.551181 0.003937,
        0.344488 0.236220 0.003937,
        0.147638 0.236220 0.003937,
        0.147638 0.551181 0.003937,
        0.836614 0.236220 0.003937,
        0.836614 0.551181 0.003937,
        0.639764 0.551181 0.003937,
        0.639764 0.236220 0.003937,
        -0.639764 -0.551181 0.003937,
        -0.639764 -0.236220 0.003937,
        -0.836614 -0.551181 0.003937,
        -0.836614 -0.236220 0.003937,
        -0.451594 -0.365753 0.003937,
        -0.559410 -0.365753 0.003937,
        -0.559410 -0.250905 0.003937,
        -0.344488 -0.551181 0.003937,
        -0.147638 -0.551181 0.003937,
        -0.344488 -0.236220 0.003937,
        -0.147638 -0.236220 0.003937,
        0.344488 -0.236220 0.003937,
        0.344488 -0.551181 0.003937,
        0.147638 -0.551181 0.003937,
        0.147638 -0.236220 0.003937,
        0.836614 -0.551181 0.003937,
        0.836614 -0.236220 0.003937,
        0.639764 -0.551181 0.003937,
        0.639764 -0.236220 0.003937,
        -0.836614 -0.551181 0.000000,
        -0.836614 -0.236220 0.000000,
        -0.639764 -0.551181 0.000000,
        -0.639764 -0.236220 0.000000,
        -0.559410 -0.250905 0.000000,
        -0.451594 -0.365753 0.000000,
        -0.559410 -0.365753 0.000000,
        -0.344488 -0.236220 0.000000,
        -0.147638 -0.236220 0.000000,
        -0.344488 -0.551181 0.000000,
        -0.147638 -0.551181 0.000000,
        0.147638 -0.236220 0.000000,
        0.344488 -0.236220 0.000000,
        0.147638 -0.551181 0.000000,
        0.344488 -0.551181 0.000000,
        0.639764 -0.236220 0.000000,
        0.836614 -0.236220 0.000000,
        0.639764 -0.551181 0.000000,
        0.836614 -0.551181 0.000000,
        0.639764 0.236220 0.000000,
        0.639764 0.551181 0.000000,
        0.836614 0.236220 0.000000,
        0.836614 0.551181 0.000000,
        0.147638 0.236220 0.000000,
        0.147638 0.551181 0.000000,
        0.344488 0.236220 0.000000,
        0.344488 0.551181 0.000000,
        -0.344488 0.236220 0.000000,
        -0.344488 0.551181 0.000000,
        -0.147638 0.236220 0.000000,
        -0.147638 0.551181 0.000000,
        -0.639764 0.236220 0.000000,
        -0.836614 0.236220 0.000000,
        -0.639764 0.551181 0.000000,
        -0.836614 0.551181 0.000000,
      ]
    }
    coordIndex [
      18, 19, 35, -1,
      35, 19, 36, -1,
      16, 18, 37, -1,
      37, 18, 35, -1,
      17, 16, 38, -1,
      38, 16, 37, -1,
      19, 17, 36, -1,
      36, 17, 38, -1,
      38, 37, 36, -1,
      36, 37, 35, -1,
      22, 20, 39, -1,
      39, 20, 40, -1,
      21, 22, 41, -1,
      41, 22, 39, -1,
      20, 21, 40, -1,
      40, 21, 41, -1,
      40, 41, 39, -1,
      25, 26, 42, -1,
      42, 26, 43, -1,
      23, 25, 44, -1,
      44, 25, 42, -1,
      24, 23, 45, -1,
      45, 23, 44, -1,
      26, 24, 43, -1,
      43, 24, 45, -1,
      45, 44, 43, -1,
      43, 44, 42, -1,
      30, 27, 46, -1,
      46, 27, 47, -1,
      29, 30, 48, -1,
      48, 30, 46, -1,
      28, 29, 49, -1,
      49, 29, 48, -1,
      27, 28, 47, -1,
      47, 28, 49, -1,
      49, 48, 47, -1,
      47, 48, 46, -1,
      34, 32, 50, -1,
      50, 32, 51, -1,
      33, 34, 52, -1,
      52, 34, 50, -1,
      31, 33, 53, -1,
      53, 33, 52, -1,
      32, 31, 51, -1,
      51, 31, 53, -1,
      53, 52, 51, -1,
      51, 52, 50, -1,
      15, 14, 54, -1,
      54, 14, 55, -1,
      12, 15, 56, -1,
      56, 15, 54, -1,
      13, 12, 57, -1,
      57, 12, 56, -1,
      14, 13, 55, -1,
      55, 13, 57, -1,
      57, 56, 55, -1,
      55, 56, 54, -1,
      10, 11, 58, -1,
      58, 11, 59, -1,
      9, 10, 60, -1,
      60, 10, 58, -1,
      8, 9, 61, -1,
      61, 9, 60, -1,
      11, 8, 59, -1,
      59, 8, 61, -1,
      61, 60, 59, -1,
      59, 60, 58, -1,
      5, 4, 62, -1,
      62, 4, 63, -1,
      7, 5, 64, -1,
      64, 5, 62, -1,
      6, 7, 65, -1,
      65, 7, 64, -1,
      4, 6, 63, -1,
      63, 6, 65, -1,
      65, 64, 63, -1,
      63, 64, 62, -1,
      2, 1, 66, -1,
      66, 1, 67, -1,
      3, 2, 68, -1,
      68, 2, 66, -1,
      0, 3, 69, -1,
      69, 3, 68, -1,
      1, 0, 67, -1,
      67, 0, 69, -1,
      69, 68, 67, -1,
      67, 68, 66, -1,
    ]
  }
}

Shape {
  appearance Appearance {
    material Material {
      diffuseColor 0.8510 0.8510 0.8510
      specularColor 0.4235 0.4235 0.4235
      ambientIntensity 0.2
      transparency 0.0000
      shininess 0.5
    }
  }
  geometry IndexedFaceSet {
    ccw TRUE
    solid FALSE
    coord DEF co Coordinate {
      point [
        -0.975261 0.517640 0.082677,
        -0.981983 0.495483 0.082677,
        -0.984252 0.472441 0.082677,
        -0.964347 0.538059 0.082677,
        -0.949658 0.555957 0.082677,
        -0.931760 0.570646 0.082677,
        -0.911341 0.581561 0.082677,
        -0.889184 0.588282 0.082677,
        -0.866142 0.590551 0.082677,
        0.984252 0.472441 0.082677,
        0.981983 0.495483 0.082677,
        0.975261 0.517640 0.082677,
        0.866142 0.590551 0.082677,
        0.889184 0.588282 0.082677,
        0.911341 0.581561 0.082677,
        0.931760 0.570646 0.082677,
        0.949658 0.555957 0.082677,
        0.964347 0.538059 0.082677,
        0.975261 -0.517640 0.082677,
        0.981983 -0.495483 0.082677,
        0.984252 -0.472441 0.082677,
        0.964347 -0.538059 0.082677,
        0.949658 -0.555957 0.082677,
        0.931760 -0.570646 0.082677,
        0.911341 -0.581561 0.082677,
        0.889184 -0.588282 0.082677,
        0.866142 -0.590551 0.082677,
        -0.981983 -0.495483 0.082677,
        -0.984252 -0.472441 0.082677,
        -0.975261 -0.517640 0.082677,
        -0.931760 -0.570646 0.082677,
        -0.949658 -0.555957 0.082677,
        -0.964347 -0.538059 0.082677,
        -0.866142 -0.590551 0.082677,
        -0.889184 -0.588282 0.082677,
        -0.911341 -0.581561 0.082677,
        -0.895669 -0.403543 0.195041,
        -0.895669 -0.403543 0.334646,
        -0.895669 0.403543 0.195041,
        -0.895669 0.403543 0.334646,
        0.797244 -0.501969 0.195041,
        0.797244 -0.501969 0.334646,
        -0.797244 -0.501969 0.195041,
        -0.797244 -0.501969 0.334646,
        0.895669 0.403543 0.195041,
        0.895669 0.403543 0.334646,
        0.895669 -0.403543 0.195041,
        0.895669 -0.403543 0.334646,
        -0.797244 0.501969 0.195041,
        -0.797244 0.501969 0.334646,
        0.797244 0.501969 0.195041,
        0.797244 0.501969 0.334646,
        0.542038 -0.069597 0.433071,
        0.521654 -0.085239 0.433071,
        0.797244 -0.403543 0.433071,
        -0.797244 -0.403543 0.433071,
        0.423228 -0.085239 0.433071,
        0.402844 -0.069597 0.433071,
        0.557680 -0.049213 0.433071,
        0.374016 0.000000 0.433071,
        -0.797244 0.403543 0.433071,
        0.377370 -0.025474 0.433071,
        0.387202 -0.049213 0.433071,
        0.497915 0.095071 0.433071,
        0.521654 0.085239 0.433071,
        0.797244 0.403543 0.433071,
        0.542038 0.069597 0.433071,
        0.557680 0.049213 0.433071,
        0.377370 0.025474 0.433071,
        0.387202 0.049213 0.433071,
        0.402844 0.069597 0.433071,
        0.423228 0.085239 0.433071,
        0.446967 0.095071 0.433071,
        0.472441 0.098425 0.433071,
        0.567512 0.025474 0.433071,
        0.570866 0.000000 0.433071,
        0.567512 -0.025474 0.433071,
        0.497915 -0.095071 0.433071,
        0.472441 -0.098425 0.433071,
        0.446967 -0.095071 0.433071,
        -0.891592 -0.431580 0.197597,
        -0.890234 -0.435797 0.198272,
        -0.891991 -0.428904 0.334646,
        -0.887922 -0.441820 0.199230,
        -0.885922 -0.446248 0.334646,
        -0.884094 -0.449852 0.200165,
        -0.882017 -0.452463 0.334646,
        -0.895665 -0.404415 0.195044,
        -0.895160 -0.413540 0.195405,
        -0.893202 -0.425445 0.334646,
        -0.893809 -0.422587 0.196308,
        -0.892229 -0.428996 0.197226,
        -0.806185 -0.501561 0.195333,
        -0.846164 -0.488316 0.334646,
        -0.846426 -0.488733 0.200348,
        -0.839949 -0.492221 0.334646,
        -0.845148 -0.489524 0.200287,
        -0.822605 -0.498291 0.334646,
        -0.837122 -0.493528 0.199463,
        -0.835520 -0.494221 0.199230,
        -0.825984 -0.497679 0.197707,
        -0.822693 -0.498516 0.197228,
        -0.819146 -0.499501 0.334646,
        -0.816959 -0.499974 0.196393,
        -0.807796 -0.501401 0.195446,
        -0.858611 -0.480495 0.334646,
        -0.866404 -0.472703 0.334646,
        -0.866777 -0.473074 0.200778,
        -0.861981 -0.477683 0.200774,
        -0.860248 -0.479161 0.200765,
        -0.852879 -0.484736 0.200654,
        -0.882421 -0.452720 0.200338,
        -0.880272 -0.456401 0.200560,
        -0.874196 -0.464910 0.334646,
        -0.874862 -0.464066 0.200744,
        -0.868752 -0.471176 0.200780,
        -0.893202 0.403543 0.356547,
        -0.893202 -0.403543 0.356547,
        -0.891991 0.403543 0.360006,
        -0.891991 -0.403543 0.360006,
        -0.885922 0.403543 0.377351,
        -0.885922 -0.403543 0.377351,
        -0.882017 0.403543 0.383566,
        -0.882017 -0.403543 0.383566,
        -0.874196 0.403543 0.396013,
        -0.874196 -0.403543 0.396013,
        -0.866404 0.403543 0.403805,
        -0.866404 -0.403543 0.403805,
        -0.858611 0.403543 0.411598,
        -0.858611 -0.403543 0.411598,
        -0.846164 0.403543 0.419419,
        -0.846164 -0.403543 0.419419,
        -0.839949 0.403543 0.423324,
        -0.839949 -0.403543 0.423324,
        -0.822605 0.403543 0.429393,
        -0.822605 -0.403543 0.429393,
        -0.819146 0.403543 0.430603,
        -0.819146 -0.403543 0.430603,
        -0.825281 0.497891 0.197597,
        -0.829498 0.496533 0.198272,
        -0.822605 0.498291 0.334646,
        -0.835520 0.494221 0.199230,
        -0.839949 0.492221 0.334646,
        -0.843553 0.490394 0.200165,
        -0.846164 0.488316 0.334646,
        -0.798115 0.501965 0.195044,
        -0.807241 0.501459 0.195405,
        -0.819146 0.499501 0.334646,
        -0.816288 0.500109 0.196308,
        -0.822697 0.498528 0.197226,
        -0.895262 0.412485 0.195333,
        -0.882017 0.452463 0.334646,
        -0.882433 0.452725 0.200348,
        -0.885922 0.446248 0.334646,
        -0.883225 0.451448 0.200287,
        -0.891991 0.428904 0.334646,
        -0.887229 0.443422 0.199463,
        -0.887922 0.441820 0.199230,
        -0.891380 0.432283 0.197707,
        -0.892217 0.428993 0.197228,
        -0.893202 0.425445 0.334646,
        -0.893674 0.423259 0.196393,
        -0.895102 0.414096 0.195446,
        -0.874196 0.464910 0.334646,
        -0.866404 0.472703 0.334646,
        -0.866774 0.473076 0.200778,
        -0.871383 0.468280 0.200774,
        -0.872861 0.466547 0.200765,
        -0.878437 0.459178 0.200654,
        -0.846420 0.488720 0.200338,
        -0.850102 0.486571 0.200560,
        -0.858611 0.480495 0.334646,
        -0.857767 0.481161 0.200744,
        -0.864877 0.475051 0.200780,
        -0.797244 -0.498291 0.360006,
        -0.797244 -0.492221 0.377351,
        -0.819146 -0.489998 0.376280,
        -0.797244 -0.488316 0.383566,
        -0.797244 -0.480495 0.396013,
        -0.819146 -0.478566 0.394474,
        -0.797244 -0.472703 0.403805,
        -0.797244 -0.464910 0.411598,
        -0.819146 -0.463372 0.409668,
        -0.797244 -0.452463 0.419419,
        -0.797244 -0.446248 0.423324,
        -0.819146 -0.445178 0.421100,
        -0.797244 -0.428904 0.429393,
        -0.797244 -0.425445 0.430603,
        -0.819146 -0.424896 0.428197,
        -0.893202 -0.408417 0.355998,
        -0.885922 -0.413046 0.376280,
        -0.893202 -0.424896 0.339519,
        -0.885922 -0.445178 0.344148,
        -0.874196 -0.463372 0.348301,
        -0.858611 -0.420667 0.409668,
        -0.874196 -0.417199 0.394474,
        -0.858611 -0.478566 0.351769,
        -0.839949 -0.423276 0.421100,
        -0.839949 -0.489998 0.354378,
        -0.839949 -0.442019 0.414542,
        -0.858611 -0.436931 0.403977,
        -0.874196 -0.430170 0.389935,
        -0.885922 -0.422072 0.373122,
        -0.893202 -0.413046 0.354378,
        -0.839949 -0.458833 0.403977,
        -0.858611 -0.451522 0.394809,
        -0.874196 -0.441805 0.382624,
        -0.885922 -0.430170 0.368034,
        -0.893202 -0.417199 0.351769,
        -0.839949 -0.472874 0.389935,
        -0.858611 -0.463707 0.382624,
        -0.874196 -0.451522 0.372907,
        -0.885922 -0.436931 0.361272,
        -0.893202 -0.420667 0.348301,
        -0.839949 -0.483439 0.373122,
        -0.858611 -0.472874 0.368034,
        -0.874196 -0.458833 0.361272,
        -0.885922 -0.442019 0.353175,
        -0.893202 -0.423276 0.344148,
        -0.797244 -0.499501 0.356547,
        -0.819146 -0.497095 0.355998,
        -0.797244 0.428904 0.429393,
        -0.797244 0.446248 0.423324,
        -0.819146 0.445178 0.421100,
        -0.797244 0.452463 0.419419,
        -0.797244 0.464910 0.411598,
        -0.819146 0.463372 0.409668,
        -0.797244 0.472703 0.403805,
        -0.797244 0.480495 0.396013,
        -0.819146 0.478566 0.394474,
        -0.797244 0.488316 0.383566,
        -0.797244 0.492221 0.377351,
        -0.819146 0.489998 0.376280,
        -0.797244 0.498291 0.360006,
        -0.797244 0.499501 0.356547,
        -0.819146 0.497095 0.355998,
        -0.893202 0.424896 0.339519,
        -0.885922 0.445178 0.344148,
        -0.893202 0.408417 0.355998,
        -0.885922 0.413046 0.376280,
        -0.874196 0.417199 0.394474,
        -0.858611 0.478566 0.351769,
        -0.874196 0.463372 0.348301,
        -0.858611 0.420667 0.409668,
        -0.839949 0.489998 0.354378,
        -0.839949 0.423276 0.421100,
        -0.839949 0.483439 0.373122,
        -0.858611 0.472874 0.368034,
        -0.874196 0.458833 0.361272,
        -0.885922 0.442019 0.353175,
        -0.893202 0.423276 0.344148,
        -0.839949 0.472874 0.389935,
        -0.858611 0.463707 0.382624,
        -0.874196 0.451522 0.372907,
        -0.885922 0.436931 0.361272,
        -0.893202 0.420667 0.348301,
        -0.839949 0.458833 0.403977,
        -0.858611 0.451522 0.394809,
        -0.874196 0.441805 0.382624,
        -0.885922 0.430170 0.368034,
        -0.893202 0.417199 0.351769,
        -0.839949 0.442019 0.414542,
        -0.858611 0.436931 0.403977,
        -0.874196 0.430170 0.389935,
        -0.885922 0.422072 0.373122,
        -0.893202 0.413046 0.354378,
        -0.797244 0.425445 0.430603,
        -0.819146 0.424896 0.428197,
        0.825281 -0.497891 0.197597,
        0.829498 -0.496533 0.198272,
        0.822605 -0.498291 0.334646,
        0.835520 -0.494221 0.199230,
        0.839949 -0.492221 0.334646,
        0.843553 -0.490394 0.200165,
        0.846164 -0.488316 0.334646,
        0.798115 -0.501965 0.195044,
        0.807241 -0.501459 0.195405,
        0.819146 -0.499501 0.334646,
        0.816288 -0.500109 0.196308,
        0.822697 -0.498528 0.197226,
        0.895262 -0.412485 0.195333,
        0.882017 -0.452463 0.334646,
        0.882433 -0.452725 0.200348,
        0.885922 -0.446248 0.334646,
        0.883225 -0.451448 0.200287,
        0.891991 -0.428904 0.334646,
        0.887229 -0.443422 0.199463,
        0.887922 -0.441820 0.199230,
        0.891380 -0.432283 0.197707,
        0.892217 -0.428993 0.197228,
        0.893202 -0.425445 0.334646,
        0.893674 -0.423259 0.196393,
        0.895102 -0.414096 0.195446,
        0.874196 -0.464910 0.334646,
        0.866404 -0.472703 0.334646,
        0.866774 -0.473076 0.200778,
        0.871383 -0.468280 0.200774,
        0.872861 -0.466547 0.200765,
        0.878437 -0.459178 0.200654,
        0.846420 -0.488720 0.200338,
        0.850102 -0.486571 0.200560,
        0.858611 -0.480495 0.334646,
        0.857767 -0.481161 0.200744,
        0.864877 -0.475051 0.200780,
        0.797244 -0.425445 0.430603,
        0.797244 -0.428904 0.429393,
        0.797244 -0.446248 0.423324,
        0.797244 -0.452463 0.419419,
        0.797244 -0.464910 0.411598,
        0.797244 -0.472703 0.403805,
        0.797244 -0.480495 0.396013,
        0.797244 -0.488316 0.383566,
        0.797244 -0.492221 0.377351,
        0.797244 -0.498291 0.360006,
        0.797244 -0.499501 0.356547,
        0.797244 0.425445 0.430603,
        0.797244 0.428904 0.429393,
        0.797244 0.446248 0.423324,
        0.797244 0.452463 0.419419,
        0.797244 0.464910 0.411598,
        0.797244 0.472703 0.403805,
        0.797244 0.480495 0.396013,
        0.797244 0.488316 0.383566,
        0.797244 0.492221 0.377351,
        0.797244 0.498291 0.360006,
        0.797244 0.499501 0.356547,
        0.891592 0.431580 0.197597,
        0.890234 0.435797 0.198272,
        0.891991 0.428904 0.334646,
        0.887922 0.441820 0.199230,
        0.885922 0.446248 0.334646,
        0.884094 0.449852 0.200165,
        0.882017 0.452463 0.334646,
        0.895665 0.404415 0.195044,
        0.895160 0.413540 0.195405,
        0.893202 0.425445 0.334646,
        0.893809 0.422587 0.196308,
        0.892229 0.428996 0.197226,
        0.806185 0.501561 0.195333,
        0.846164 0.488316 0.334646,
        0.846426 0.488733 0.200348,
        0.839949 0.492221 0.334646,
        0.845148 0.489524 0.200287,
        0.822605 0.498291 0.334646,
        0.837122 0.493528 0.199463,
        0.835520 0.494221 0.199230,
        0.825984 0.497679 0.197707,
        0.822693 0.498516 0.197228,
        0.819146 0.499501 0.334646,
        0.816959 0.499974 0.196393,
        0.807796 0.501401 0.195446,
        0.858611 0.480495 0.334646,
        0.866404 0.472703 0.334646,
        0.866777 0.473074 0.200778,
        0.861981 0.477683 0.200774,
        0.860248 0.479161 0.200765,
        0.852879 0.484736 0.200654,
        0.882421 0.452720 0.200338,
        0.880272 0.456401 0.200560,
        0.874196 0.464910 0.334646,
        0.874862 0.464066 0.200744,
        0.868752 0.471176 0.200780,
        0.891991 -0.403543 0.360006,
        0.885922 -0.403543 0.377351,
        0.883699 -0.425445 0.376280,
        0.882017 -0.403543 0.383566,
        0.874196 -0.403543 0.396013,
        0.872267 -0.425445 0.394474,
        0.866404 -0.403543 0.403805,
        0.858611 -0.403543 0.411598,
        0.857073 -0.425445 0.409668,
        0.846164 -0.403543 0.419419,
        0.839949 -0.403543 0.423324,
        0.838878 -0.425445 0.421100,
        0.822605 -0.403543 0.429393,
        0.819146 -0.403543 0.430603,
        0.818596 -0.425445 0.428197,
        0.802118 -0.499501 0.355998,
        0.806747 -0.492221 0.376280,
        0.818596 -0.499501 0.339519,
        0.838878 -0.492221 0.344148,
        0.857073 -0.480495 0.348301,
        0.814368 -0.464910 0.409668,
        0.810900 -0.480495 0.394474,
        0.872267 -0.464910 0.351769,
        0.816977 -0.446248 0.421100,
        0.883699 -0.446248 0.354378,
        0.835720 -0.446248 0.414542,
        0.830632 -0.464910 0.403977,
        0.823870 -0.480495 0.389935,
        0.815773 -0.492221 0.373122,
        0.806747 -0.499501 0.354378,
        0.852534 -0.446248 0.403977,
        0.845223 -0.464910 0.394809,
        0.835506 -0.480495 0.382624,
        0.823870 -0.492221 0.368034,
        0.810900 -0.499501 0.351769,
        0.866576 -0.446248 0.389935,
        0.857407 -0.464910 0.382624,
        0.845223 -0.480495 0.372907,
        0.830632 -0.492221 0.361272,
        0.814368 -0.499501 0.348301,
        0.877140 -0.446248 0.373122,
        0.866576 -0.464910 0.368034,
        0.852534 -0.480495 0.361272,
        0.835720 -0.492221 0.353175,
        0.816977 -0.499501 0.344148,
        0.893202 -0.403543 0.356547,
        0.890796 -0.425445 0.355998,
        0.822605 0.403543 0.429393,
        0.839949 0.403543 0.423324,
        0.838878 0.425445 0.421100,
        0.846164 0.403543 0.419419,
        0.858611 0.403543 0.411598,
        0.857073 0.425445 0.409668,
        0.866404 0.403543 0.403805,
        0.874196 0.403543 0.396013,
        0.872267 0.425445 0.394474,
        0.882017 0.403543 0.383566,
        0.885922 0.403543 0.377351,
        0.883699 0.425445 0.376280,
        0.891991 0.403543 0.360006,
        0.893202 0.403543 0.356547,
        0.890796 0.425445 0.355998,
        0.818596 0.499501 0.339519,
        0.838878 0.492221 0.344148,
        0.802118 0.499501 0.355998,
        0.806747 0.492221 0.376280,
        0.810900 0.480495 0.394474,
        0.872267 0.464910 0.351769,
        0.857073 0.480495 0.348301,
        0.814368 0.464910 0.409668,
        0.883699 0.446248 0.354378,
        0.816977 0.446248 0.421100,
        0.877140 0.446248 0.373122,
        0.866576 0.464910 0.368034,
        0.852534 0.480495 0.361272,
        0.835720 0.492221 0.353175,
        0.816977 0.499501 0.344148,
        0.866576 0.446248 0.389935,
        0.857407 0.464910 0.382624,
        0.845223 0.480495 0.372907,
        0.830632 0.492221 0.361272,
        0.814368 0.499501 0.348301,
        0.852534 0.446248 0.403977,
        0.845223 0.464910 0.394809,
        0.835506 0.480495 0.382624,
        0.823870 0.492221 0.368034,
        0.810900 0.499501 0.351769,
        0.835720 0.446248 0.414542,
        0.830632 0.464910 0.403977,
        0.823870 0.480495 0.389935,
        0.815773 0.492221 0.373122,
        0.806747 0.499501 0.354378,
        0.819146 0.403543 0.430603,
        0.818596 0.425445 0.428197,
        0.898111 -0.403543 0.176605,
        0.897204 -0.403543 0.179573,
        0.896770 -0.413181 0.179725,
        0.904695 -0.403543 0.159236,
        0.901747 -0.403543 0.164707,
        0.901333 -0.414135 0.164737,
        0.930936 -0.420736 0.129154,
        0.930987 -0.418115 0.129187,
        0.918789 -0.416652 0.138956,
        0.892732 -0.434184 0.180805,
        0.944882 -0.472441 0.122047,
        0.944882 -0.455276 0.122047,
        0.929050 -0.465303 0.127381,
        0.929860 -0.450139 0.128300,
        0.914890 -0.458546 0.136541,
        0.903156 -0.452528 0.149037,
        0.916568 -0.445244 0.137813,
        0.917839 -0.432326 0.138529,
        0.894473 -0.447570 0.164206,
        0.905630 -0.440820 0.150138,
        0.907442 -0.429334 0.150683,
        0.908634 -0.417419 0.150941,
        0.889304 -0.443936 0.181239,
        0.897558 -0.437074 0.164696,
        0.899751 -0.426755 0.164790,
        0.901171 -0.416036 0.164747,
        0.944882 -0.403543 0.122047,
        0.944882 -0.419638 0.122047,
        0.944882 -0.422537 0.122047,
        0.931118 -0.403543 0.129270,
        0.928706 -0.403543 0.131224,
        0.919041 -0.403543 0.139056,
        0.915075 -0.403543 0.143842,
        0.944882 -0.439031 0.122047,
        0.930500 -0.435606 0.128846,
        0.918690 -0.419007 0.138916,
        0.908771 -0.415307 0.150965,
        0.909122 -0.403543 0.151024,
        0.896599 -0.414913 0.179783,
        0.895096 -0.424701 0.180247,
        0.881503 -0.549668 0.122047,
        0.890430 -0.546960 0.122047,
        0.880156 -0.531139 0.125909,
        0.896274 -0.545187 0.122047,
        0.904731 -0.540667 0.122047,
        0.892670 -0.525324 0.125274,
        0.909887 -0.537911 0.122047,
        0.918065 -0.531200 0.122047,
        0.904413 -0.516800 0.124959,
        0.921819 -0.528119 0.122047,
        0.929291 -0.519015 0.122047,
        0.914374 -0.505973 0.125044,
        0.873337 -0.470026 0.180632,
        0.866696 -0.476960 0.180573,
        0.872017 -0.482573 0.161720,
        0.880354 -0.460791 0.180998,
        0.888667 -0.445450 0.181291,
        0.944644 -0.474859 0.122047,
        0.928907 -0.467420 0.127222,
        0.943369 -0.487802 0.122047,
        0.927102 -0.478807 0.126400,
        0.914614 -0.460390 0.136316,
        0.938888 -0.502574 0.122047,
        0.923091 -0.490915 0.125655,
        0.912352 -0.470246 0.135126,
        0.902741 -0.454170 0.148837,
        0.931612 -0.516187 0.122047,
        0.916422 -0.503099 0.125125,
        0.908330 -0.480674 0.134011,
        0.899950 -0.462839 0.147709,
        0.893933 -0.449098 0.164105,
        0.902173 -0.491199 0.133204,
        0.895789 -0.471890 0.146588,
        0.890629 -0.457028 0.163405,
        0.900330 -0.493694 0.133080,
        0.889985 -0.481001 0.145750,
        0.886263 -0.465119 0.162588,
        0.884942 -0.453154 0.181283,
        0.891528 -0.503183 0.132950,
        0.888308 -0.483171 0.145620,
        0.880664 -0.473181 0.161934,
        0.871602 -0.498469 0.145988,
        0.864140 -0.489028 0.162123,
        0.859426 -0.483130 0.180781,
        0.881324 -0.510837 0.133431,
        0.880483 -0.491514 0.145483,
        0.879106 -0.475103 0.161831,
        0.874828 -0.468254 0.180686,
        0.870534 -0.516325 0.134394,
        0.862265 -0.503783 0.146978,
        0.855863 -0.494288 0.162881,
        0.851723 -0.488430 0.181119,
        0.870142 -0.533924 0.126563,
        0.861905 -0.519234 0.135367,
        0.854757 -0.506911 0.147944,
        0.849115 -0.497673 0.163564,
        0.845306 -0.492058 0.181315,
        0.878968 -0.549918 0.122047,
        0.866142 -0.551181 0.122047,
        0.859004 -0.535349 0.127381,
        0.852246 -0.521189 0.136541,
        0.846228 -0.509455 0.149037,
        0.841271 -0.500772 0.164206,
        0.837637 -0.495602 0.181239,
        0.897204 0.403543 0.179573,
        0.898111 0.403543 0.176605,
        0.901747 0.403543 0.164707,
        0.904695 0.403543 0.159236,
        0.909122 0.403543 0.151024,
        0.915075 0.403543 0.143842,
        0.919041 0.403543 0.139056,
        0.928706 0.403543 0.131224,
        0.931118 0.403543 0.129270,
        0.944882 0.403543 0.122047,
        0.797244 -0.535006 0.131224,
        0.797244 -0.537417 0.129270,
        0.798665 -0.537416 0.129269,
        0.809081 -0.507529 0.164744,
        0.798278 -0.508042 0.164708,
        0.798392 -0.515417 0.151024,
        0.831516 -0.497878 0.181002,
        0.834701 -0.502805 0.164579,
        0.829982 -0.504055 0.164713,
        0.838896 -0.511074 0.149809,
        0.833637 -0.512091 0.150195,
        0.822169 -0.513852 0.150711,
        0.843896 -0.522279 0.137416,
        0.837948 -0.522980 0.137884,
        0.825057 -0.524217 0.138567,
        0.811896 -0.525025 0.138931,
        0.849456 -0.535870 0.128008,
        0.842713 -0.536215 0.128353,
        0.828220 -0.536839 0.128876,
        0.813533 -0.537254 0.129167,
        0.817689 -0.501536 0.180207,
        0.808017 -0.502961 0.179762,
        0.798184 -0.503499 0.179574,
        0.797244 -0.503503 0.179573,
        0.797244 -0.504410 0.176605,
        0.827153 -0.499247 0.180763,
        0.819677 -0.506183 0.164790,
        0.810392 -0.514983 0.150950,
        0.798523 -0.525337 0.139056,
        0.797244 -0.521374 0.143842,
        0.797244 -0.525340 0.139056,
        0.797244 -0.508046 0.164707,
        0.797244 -0.510995 0.159236,
        0.797244 -0.515421 0.151024,
        0.855302 -0.551181 0.122047,
        0.847710 -0.551181 0.122047,
        0.831523 -0.551181 0.122047,
        0.815238 -0.551181 0.122047,
        0.798813 -0.551181 0.122047,
        0.797244 -0.551181 0.122047,
        0.931117 0.404964 0.129269,
        0.901230 0.415381 0.164744,
        0.901743 0.404577 0.164708,
        0.909118 0.404691 0.151024,
        0.889304 0.443936 0.181239,
        0.891579 0.437815 0.181002,
        0.894473 0.447570 0.164206,
        0.903156 0.452528 0.149037,
        0.896506 0.441000 0.164579,
        0.897756 0.436282 0.164713,
        0.914890 0.458546 0.136541,
        0.904775 0.445195 0.149809,
        0.905791 0.439937 0.150195,
        0.907553 0.428468 0.150711,
        0.929050 0.465303 0.127381,
        0.915980 0.450195 0.137416,
        0.916680 0.444247 0.137884,
        0.917918 0.431356 0.138567,
        0.918726 0.418194 0.138931,
        0.944882 0.472441 0.122047,
        0.929571 0.455755 0.128008,
        0.929916 0.449012 0.128353,
        0.930540 0.434519 0.128876,
        0.930955 0.419832 0.129167,
        0.895237 0.423988 0.180207,
        0.896661 0.414316 0.179762,
        0.897200 0.404483 0.179574,
        0.892948 0.433452 0.180763,
        0.899883 0.425976 0.164790,
        0.908684 0.416691 0.150950,
        0.919039 0.404822 0.139056,
        0.944882 0.461601 0.122047,
        0.944882 0.454009 0.122047,
        0.944882 0.437822 0.122047,
        0.944882 0.421537 0.122047,
        0.944882 0.405112 0.122047,
        -0.797244 -0.551181 0.122047,
        -0.797244 -0.537417 0.129270,
        -0.797244 -0.535006 0.131224,
        -0.797244 -0.525340 0.139056,
        -0.797244 -0.521374 0.143842,
        -0.797244 -0.515421 0.151024,
        -0.797244 -0.510995 0.159236,
        -0.797244 -0.508046 0.164707,
        -0.797244 -0.504410 0.176605,
        -0.797244 -0.503503 0.179573,
        0.943369 0.487802 0.122047,
        0.940661 0.496730 0.122047,
        0.924840 0.486455 0.125909,
        0.938888 0.502574 0.122047,
        0.934368 0.511031 0.122047,
        0.919024 0.498970 0.125274,
        0.931612 0.516187 0.122047,
        0.924900 0.524365 0.122047,
        0.910501 0.510712 0.124959,
        0.921819 0.528119 0.122047,
        0.912716 0.535589 0.122047,
        0.899674 0.520673 0.125044,
        0.863727 0.479635 0.180632,
        0.870661 0.472995 0.180573,
        0.876274 0.478316 0.161720,
        0.854491 0.486654 0.180998,
        0.839150 0.494966 0.181291,
        0.837637 0.495602 0.181239,
        0.868560 0.550943 0.122047,
        0.866142 0.551181 0.122047,
        0.861121 0.535206 0.127222,
        0.859004 0.535349 0.127381,
        0.881503 0.549668 0.122047,
        0.872508 0.533401 0.126400,
        0.854091 0.520913 0.136316,
        0.852246 0.521189 0.136541,
        0.896274 0.545187 0.122047,
        0.884616 0.529390 0.125655,
        0.863946 0.518651 0.135126,
        0.847871 0.509040 0.148837,
        0.846228 0.509455 0.149037,
        0.909887 0.537911 0.122047,
        0.896800 0.522722 0.125125,
        0.874375 0.514629 0.134011,
        0.856540 0.506249 0.147709,
        0.842799 0.500232 0.164105,
        0.841271 0.500772 0.164206,
        0.884900 0.508472 0.133204,
        0.865591 0.502089 0.146588,
        0.850728 0.496928 0.163405,
        0.887395 0.506630 0.133080,
        0.874702 0.496284 0.145750,
        0.858820 0.492562 0.162588,
        0.846855 0.491241 0.181283,
        0.896884 0.497828 0.132950,
        0.876872 0.494607 0.145620,
        0.866881 0.486963 0.161934,
        0.892170 0.477901 0.145988,
        0.882728 0.470439 0.162123,
        0.876831 0.465725 0.180781,
        0.904538 0.487623 0.133431,
        0.885215 0.486782 0.145483,
        0.868804 0.485405 0.161831,
        0.861955 0.481127 0.180686,
        0.910026 0.476833 0.134394,
        0.897483 0.468565 0.146978,
        0.887989 0.462162 0.162881,
        0.882131 0.458022 0.181119,
        0.927625 0.476441 0.126563,
        0.912935 0.468204 0.135367,
        0.900611 0.461056 0.147944,
        0.891374 0.455414 0.163564,
        0.885759 0.451605 0.181315,
        0.943619 0.485267 0.122047,
        -0.806882 -0.503069 0.179725,
        -0.807836 -0.507632 0.164737,
        -0.814437 -0.537235 0.129154,
        -0.811815 -0.537286 0.129187,
        -0.810352 -0.525088 0.138956,
        -0.827885 -0.499031 0.180805,
        -0.866142 -0.551181 0.122047,
        -0.848977 -0.551181 0.122047,
        -0.859004 -0.535349 0.127381,
        -0.843840 -0.536159 0.128300,
        -0.852246 -0.521189 0.136541,
        -0.846228 -0.509455 0.149037,
        -0.838945 -0.522867 0.137813,
        -0.826027 -0.524139 0.138529,
        -0.841271 -0.500772 0.164206,
        -0.834521 -0.511929 0.150138,
        -0.823035 -0.513741 0.150683,
        -0.811120 -0.514933 0.150941,
        -0.837637 -0.495602 0.181239,
        -0.830775 -0.503857 0.164696,
        -0.820456 -0.506050 0.164790,
        -0.809737 -0.507470 0.164747,
        -0.813339 -0.551181 0.122047,
        -0.816238 -0.551181 0.122047,
        -0.832732 -0.551181 0.122047,
        -0.829306 -0.536799 0.128846,
        -0.812707 -0.524989 0.138916,
        -0.809008 -0.515070 0.150965,
        -0.808614 -0.502898 0.179783,
        -0.818402 -0.501395 0.180247,
        0.797244 0.504410 0.176605,
        0.797244 0.503503 0.179573,
        0.806882 0.503069 0.179725,
        0.797244 0.510995 0.159236,
        0.797244 0.508046 0.164707,
        0.807836 0.507632 0.164737,
        0.814437 0.537235 0.129154,
        0.811815 0.537286 0.129187,
        0.810352 0.525088 0.138956,
        0.827885 0.499031 0.180805,
        0.848977 0.551181 0.122047,
        0.843840 0.536159 0.128300,
        0.838945 0.522867 0.137813,
        0.826027 0.524139 0.138529,
        0.834521 0.511929 0.150138,
        0.823035 0.513741 0.150683,
        0.811120 0.514933 0.150941,
        0.830775 0.503857 0.164696,
        0.820456 0.506050 0.164790,
        0.809737 0.507470 0.164747,
        0.797244 0.551181 0.122047,
        0.813339 0.551181 0.122047,
        0.816238 0.551181 0.122047,
        0.797244 0.537417 0.129270,
        0.797244 0.535006 0.131224,
        0.797244 0.525340 0.139056,
        0.797244 0.521374 0.143842,
        0.832732 0.551181 0.122047,
        0.829306 0.536799 0.128846,
        0.812707 0.524989 0.138916,
        0.809008 0.515070 0.150965,
        0.797244 0.515421 0.151024,
        0.808614 0.502898 0.179783,
        0.818402 0.501395 0.180247,
        -0.943369 -0.487802 0.122047,
        -0.940661 -0.496730 0.122047,
        -0.924840 -0.486455 0.125909,
        -0.938888 -0.502574 0.122047,
        -0.934368 -0.511031 0.122047,
        -0.919024 -0.498970 0.125274,
        -0.931612 -0.516187 0.122047,
        -0.924900 -0.524365 0.122047,
        -0.910501 -0.510712 0.124959,
        -0.921819 -0.528119 0.122047,
        -0.912716 -0.535589 0.122047,
        -0.899674 -0.520673 0.125044,
        -0.863727 -0.479635 0.180632,
        -0.870661 -0.472995 0.180573,
        -0.876274 -0.478316 0.161720,
        -0.854491 -0.486654 0.180998,
        -0.839150 -0.494966 0.181291,
        -0.868560 -0.550943 0.122047,
        -0.861121 -0.535206 0.127222,
        -0.881503 -0.549668 0.122047,
        -0.872508 -0.533401 0.126400,
        -0.854091 -0.520913 0.136316,
        -0.896274 -0.545187 0.122047,
        -0.884616 -0.529390 0.125655,
        -0.863946 -0.518651 0.135126,
        -0.847871 -0.509040 0.148837,
        -0.909887 -0.537911 0.122047,
        -0.896800 -0.522722 0.125125,
        -0.874375 -0.514629 0.134011,
        -0.856540 -0.506249 0.147709,
        -0.842799 -0.500232 0.164105,
        -0.884900 -0.508472 0.133204,
        -0.865591 -0.502089 0.146588,
        -0.850728 -0.496928 0.163405,
        -0.887395 -0.506630 0.133080,
        -0.874702 -0.496284 0.145750,
        -0.858820 -0.492562 0.162588,
        -0.846855 -0.491241 0.181283,
        -0.896884 -0.497828 0.132950,
        -0.876872 -0.494607 0.145620,
        -0.866881 -0.486963 0.161934,
        -0.892170 -0.477901 0.145988,
        -0.882728 -0.470439 0.162123,
        -0.876831 -0.465725 0.180781,
        -0.904538 -0.487623 0.133431,
        -0.885215 -0.486782 0.145483,
        -0.868804 -0.485405 0.161831,
        -0.861955 -0.481127 0.180686,
        -0.910026 -0.476833 0.134394,
        -0.897483 -0.468565 0.146978,
        -0.887989 -0.462162 0.162881,
        -0.882131 -0.458022 0.181119,
        -0.927625 -0.476441 0.126563,
        -0.912935 -0.468204 0.135367,
        -0.900611 -0.461056 0.147944,
        -0.891374 -0.455414 0.163564,
        -0.885759 -0.451605 0.181315,
        -0.943619 -0.485267 0.122047,
        -0.944882 -0.472441 0.122047,
        -0.929050 -0.465303 0.127381,
        -0.914890 -0.458546 0.136541,
        -0.903156 -0.452528 0.149037,
        -0.894473 -0.447570 0.164206,
        -0.889304 -0.443936 0.181239,
        -0.797244 0.503503 0.179573,
        -0.797244 0.504410 0.176605,
        -0.797244 0.508046 0.164707,
        -0.797244 0.510995 0.159236,
        -0.797244 0.515421 0.151024,
        -0.797244 0.521374 0.143842,
        -0.797244 0.525340 0.139056,
        -0.797244 0.535006 0.131224,
        -0.797244 0.537417 0.129270,
        -0.797244 0.551181 0.122047,
        -0.928706 -0.403543 0.131224,
        -0.931118 -0.403543 0.129270,
        -0.931117 -0.404964 0.129269,
        -0.901230 -0.415381 0.164744,
        -0.901743 -0.404577 0.164708,
        -0.909118 -0.404691 0.151024,
        -0.891579 -0.437815 0.181002,
        -0.896506 -0.441000 0.164579,
        -0.897756 -0.436282 0.164713,
        -0.904775 -0.445195 0.149809,
        -0.905791 -0.439937 0.150195,
        -0.907553 -0.428468 0.150711,
        -0.915980 -0.450195 0.137416,
        -0.916680 -0.444247 0.137884,
        -0.917918 -0.431356 0.138567,
        -0.918726 -0.418194 0.138931,
        -0.929571 -0.455755 0.128008,
        -0.929916 -0.449012 0.128353,
        -0.930540 -0.434519 0.128876,
        -0.930955 -0.419832 0.129167,
        -0.895237 -0.423988 0.180207,
        -0.896661 -0.414316 0.179762,
        -0.897200 -0.404483 0.179574,
        -0.897204 -0.403543 0.179573,
        -0.898111 -0.403543 0.176605,
        -0.892948 -0.433452 0.180763,
        -0.899883 -0.425976 0.164790,
        -0.908684 -0.416691 0.150950,
        -0.919039 -0.404822 0.139056,
        -0.915075 -0.403543 0.143842,
        -0.919041 -0.403543 0.139056,
        -0.901747 -0.403543 0.164707,
        -0.904695 -0.403543 0.159236,
        -0.909122 -0.403543 0.151024,
        -0.944882 -0.461601 0.122047,
        -0.944882 -0.454009 0.122047,
        -0.944882 -0.437822 0.122047,
        -0.944882 -0.421537 0.122047,
        -0.944882 -0.405112 0.122047,
        -0.944882 -0.403543 0.122047,
        -0.798665 0.537416 0.129269,
        -0.809081 0.507529 0.164744,
        -0.798278 0.508042 0.164708,
        -0.798392 0.515417 0.151024,
        -0.837637 0.495602 0.181239,
        -0.831516 0.497878 0.181002,
        -0.841271 0.500772 0.164206,
        -0.846228 0.509455 0.149037,
        -0.834701 0.502805 0.164579,
        -0.829982 0.504055 0.164713,
        -0.852246 0.521189 0.136541,
        -0.838896 0.511074 0.149809,
        -0.833637 0.512091 0.150195,
        -0.822169 0.513852 0.150711,
        -0.859004 0.535349 0.127381,
        -0.843896 0.522279 0.137416,
        -0.837948 0.522980 0.137884,
        -0.825057 0.524217 0.138567,
        -0.811896 0.525025 0.138931,
        -0.866142 0.551181 0.122047,
        -0.849456 0.535870 0.128008,
        -0.842713 0.536215 0.128353,
        -0.828220 0.536839 0.128876,
        -0.813533 0.537254 0.129167,
        -0.817689 0.501536 0.180207,
        -0.808017 0.502961 0.179762,
        -0.798184 0.503499 0.179574,
        -0.827153 0.499247 0.180763,
        -0.819677 0.506183 0.164790,
        -0.810392 0.514983 0.150950,
        -0.798523 0.525337 0.139056,
        -0.855302 0.551181 0.122047,
        -0.847710 0.551181 0.122047,
        -0.831523 0.551181 0.122047,
        -0.815238 0.551181 0.122047,
        -0.798813 0.551181 0.122047,
        -0.944882 0.403543 0.122047,
        -0.931118 0.403543 0.129270,
        -0.928706 0.403543 0.131224,
        -0.919041 0.403543 0.139056,
        -0.915075 0.403543 0.143842,
        -0.909122 0.403543 0.151024,
        -0.904695 0.403543 0.159236,
        -0.901747 0.403543 0.164707,
        -0.898111 0.403543 0.176605,
        -0.897204 0.403543 0.179573,
        -0.881503 0.549668 0.122047,
        -0.890430 0.546960 0.122047,
        -0.880156 0.531139 0.125909,
        -0.896274 0.545187 0.122047,
        -0.904731 0.540667 0.122047,
        -0.892670 0.525324 0.125274,
        -0.909887 0.537911 0.122047,
        -0.918065 0.531200 0.122047,
        -0.904413 0.516800 0.124959,
        -0.921819 0.528119 0.122047,
        -0.929291 0.519015 0.122047,
        -0.914374 0.505973 0.125044,
        -0.873337 0.470026 0.180632,
        -0.866696 0.476960 0.180573,
        -0.872017 0.482573 0.161720,
        -0.880354 0.460791 0.180998,
        -0.888667 0.445450 0.181291,
        -0.889304 0.443936 0.181239,
        -0.944644 0.474859 0.122047,
        -0.944882 0.472441 0.122047,
        -0.928907 0.467420 0.127222,
        -0.929050 0.465303 0.127381,
        -0.943369 0.487802 0.122047,
        -0.927102 0.478807 0.126400,
        -0.914614 0.460390 0.136316,
        -0.914890 0.458546 0.136541,
        -0.938888 0.502574 0.122047,
        -0.923091 0.490915 0.125655,
        -0.912352 0.470246 0.135126,
        -0.902741 0.454170 0.148837,
        -0.903156 0.452528 0.149037,
        -0.931612 0.516187 0.122047,
        -0.916422 0.503099 0.125125,
        -0.908330 0.480674 0.134011,
        -0.899950 0.462839 0.147709,
        -0.893933 0.449098 0.164105,
        -0.894473 0.447570 0.164206,
        -0.902173 0.491199 0.133204,
        -0.895789 0.471890 0.146588,
        -0.890629 0.457028 0.163405,
        -0.900330 0.493694 0.133080,
        -0.889985 0.481001 0.145750,
        -0.886263 0.465119 0.162588,
        -0.884942 0.453154 0.181283,
        -0.891528 0.503183 0.132950,
        -0.888308 0.483171 0.145620,
        -0.880664 0.473181 0.161934,
        -0.871602 0.498469 0.145988,
        -0.864140 0.489028 0.162123,
        -0.859426 0.483130 0.180781,
        -0.881324 0.510837 0.133431,
        -0.880483 0.491514 0.145483,
        -0.879106 0.475103 0.161831,
        -0.874828 0.468254 0.180686,
        -0.870534 0.516325 0.134394,
        -0.862265 0.503783 0.146978,
        -0.855863 0.494288 0.162881,
        -0.851723 0.488430 0.181119,
        -0.870142 0.533924 0.126563,
        -0.861905 0.519234 0.135367,
        -0.854757 0.506911 0.147944,
        -0.849115 0.497673 0.163564,
        -0.845306 0.492058 0.181315,
        -0.878968 0.549918 0.122047,
        -0.896770 0.413181 0.179725,
        -0.901333 0.414135 0.164737,
        -0.930936 0.420736 0.129154,
        -0.930987 0.418115 0.129187,
        -0.918789 0.416652 0.138956,
        -0.892732 0.434184 0.180805,
        -0.944882 0.455276 0.122047,
        -0.929860 0.450139 0.128300,
        -0.916568 0.445244 0.137813,
        -0.917839 0.432326 0.138529,
        -0.905630 0.440820 0.150138,
        -0.907442 0.429334 0.150683,
        -0.908634 0.417419 0.150941,
        -0.897558 0.437074 0.164696,
        -0.899751 0.426755 0.164790,
        -0.901171 0.416036 0.164747,
        -0.944882 0.419638 0.122047,
        -0.944882 0.422537 0.122047,
        -0.944882 0.439031 0.122047,
        -0.930500 0.435606 0.128846,
        -0.918690 0.419007 0.138916,
        -0.908771 0.415307 0.150965,
        -0.896599 0.414913 0.179783,
        -0.895096 0.424701 0.180247,
        0.974062 -0.472441 0.084019,
        0.971989 -0.493495 0.084019,
        0.965847 -0.513741 0.084019,
        0.955874 -0.532398 0.084019,
        0.942453 -0.548752 0.084019,
        0.926099 -0.562174 0.084019,
        0.907441 -0.572146 0.084019,
        0.887196 -0.578288 0.084019,
        0.881765 -0.550984 0.111857,
        0.866142 -0.580361 0.084019,
        0.885344 -0.568975 0.087952,
        0.866142 -0.570866 0.087952,
        0.883753 -0.560978 0.094208,
        0.866142 -0.562712 0.094208,
        0.882532 -0.554841 0.102362,
        0.866142 -0.556456 0.102362,
        0.866142 -0.552522 0.111857,
        0.896788 -0.546427 0.111857,
        0.903807 -0.563374 0.087952,
        0.900687 -0.555841 0.094208,
        0.898293 -0.550061 0.102362,
        0.910633 -0.539026 0.111857,
        0.920824 -0.554278 0.087952,
        0.916294 -0.547499 0.094208,
        0.912818 -0.542297 0.102362,
        0.922768 -0.529067 0.111857,
        0.935739 -0.542038 0.087952,
        0.929973 -0.536272 0.094208,
        0.925549 -0.531848 0.102362,
        0.932727 -0.516932 0.111857,
        0.947979 -0.527123 0.087952,
        0.941200 -0.522593 0.094208,
        0.935998 -0.519117 0.102362,
        0.957075 -0.510107 0.087952,
        0.949542 -0.506986 0.094208,
        0.943761 -0.504592 0.102362,
        0.940128 -0.503087 0.111857,
        0.962676 -0.491643 0.087952,
        0.954679 -0.490052 0.094208,
        0.948542 -0.488831 0.102362,
        0.944685 -0.488064 0.111857,
        0.946223 -0.472441 0.111857,
        0.964567 -0.472441 0.087952,
        0.956413 -0.472441 0.094208,
        0.950156 -0.472441 0.102362,
        0.946223 0.472441 0.111857,
        0.950156 0.472441 0.102362,
        0.956413 0.472441 0.094208,
        0.964567 0.472441 0.087952,
        0.974062 0.472441 0.084019,
        -0.866142 -0.552522 0.111857,
        -0.866142 -0.556456 0.102362,
        -0.866142 -0.562712 0.094208,
        -0.866142 -0.570866 0.087952,
        -0.866142 -0.580361 0.084019,
        0.866142 0.580361 0.084019,
        0.887196 0.578288 0.084019,
        0.907441 0.572146 0.084019,
        0.926099 0.562174 0.084019,
        0.942453 0.548752 0.084019,
        0.955874 0.532398 0.084019,
        0.965847 0.513741 0.084019,
        0.971989 0.493495 0.084019,
        0.944685 0.488064 0.111857,
        0.962676 0.491643 0.087952,
        0.954679 0.490052 0.094208,
        0.948542 0.488831 0.102362,
        0.940128 0.503087 0.111857,
        0.957075 0.510107 0.087952,
        0.949542 0.506986 0.094208,
        0.943761 0.504592 0.102362,
        0.932727 0.516932 0.111857,
        0.947979 0.527123 0.087952,
        0.941200 0.522593 0.094208,
        0.935998 0.519117 0.102362,
        0.922768 0.529067 0.111857,
        0.935739 0.542038 0.087952,
        0.929973 0.536272 0.094208,
        0.925549 0.531848 0.102362,
        0.910633 0.539026 0.111857,
        0.920824 0.554278 0.087952,
        0.916294 0.547499 0.094208,
        0.912818 0.542297 0.102362,
        0.903807 0.563374 0.087952,
        0.900687 0.555841 0.094208,
        0.898293 0.550061 0.102362,
        0.896788 0.546427 0.111857,
        0.885344 0.568975 0.087952,
        0.883753 0.560978 0.094208,
        0.882532 0.554841 0.102362,
        0.881765 0.550984 0.111857,
        0.866142 0.552522 0.111857,
        0.866142 0.570866 0.087952,
        0.866142 0.562712 0.094208,
        0.866142 0.556456 0.102362,
        -0.887196 -0.578288 0.084019,
        -0.907441 -0.572146 0.084019,
        -0.926099 -0.562174 0.084019,
        -0.942453 -0.548752 0.084019,
        -0.955874 -0.532398 0.084019,
        -0.965847 -0.513741 0.084019,
        -0.971989 -0.493495 0.084019,
        -0.944685 -0.488064 0.111857,
        -0.974062 -0.472441 0.084019,
        -0.962676 -0.491643 0.087952,
        -0.964567 -0.472441 0.087952,
        -0.954679 -0.490052 0.094208,
        -0.956413 -0.472441 0.094208,
        -0.948542 -0.488831 0.102362,
        -0.950156 -0.472441 0.102362,
        -0.946223 -0.472441 0.111857,
        -0.940128 -0.503087 0.111857,
        -0.957075 -0.510107 0.087952,
        -0.949542 -0.506986 0.094208,
        -0.943761 -0.504592 0.102362,
        -0.932727 -0.516932 0.111857,
        -0.947979 -0.527123 0.087952,
        -0.941200 -0.522593 0.094208,
        -0.935998 -0.519117 0.102362,
        -0.922768 -0.529067 0.111857,
        -0.935739 -0.542038 0.087952,
        -0.929973 -0.536272 0.094208,
        -0.925549 -0.531848 0.102362,
        -0.910633 -0.539026 0.111857,
        -0.920824 -0.554278 0.087952,
        -0.916294 -0.547499 0.094208,
        -0.912818 -0.542297 0.102362,
        -0.903807 -0.563374 0.087952,
        -0.900687 -0.555841 0.094208,
        -0.898293 -0.550061 0.102362,
        -0.896788 -0.546427 0.111857,
        -0.885344 -0.568975 0.087952,
        -0.883753 -0.560978 0.094208,
        -0.882532 -0.554841 0.102362,
        -0.881765 -0.550984 0.111857,
        -0.866142 0.552522 0.111857,
        -0.866142 0.556456 0.102362,
        -0.866142 0.562712 0.094208,
        -0.866142 0.570866 0.087952,
        -0.866142 0.580361 0.084019,
        -0.946223 0.472441 0.111857,
        -0.950156 0.472441 0.102362,
        -0.956413 0.472441 0.094208,
        -0.964567 0.472441 0.087952,
        -0.974062 0.472441 0.084019,
        -0.971989 0.493495 0.084019,
        -0.965847 0.513741 0.084019,
        -0.955874 0.532398 0.084019,
        -0.942453 0.548752 0.084019,
        -0.926099 0.562174 0.084019,
        -0.907441 0.572146 0.084019,
        -0.887196 0.578288 0.084019,
        -0.881765 0.550984 0.111857,
        -0.885344 0.568975 0.087952,
        -0.883753 0.560978 0.094208,
        -0.882532 0.554841 0.102362,
        -0.896788 0.546427 0.111857,
        -0.903807 0.563374 0.087952,
        -0.900687 0.555841 0.094208,
        -0.898293 0.550061 0.102362,
        -0.910633 0.539026 0.111857,
        -0.920824 0.554278 0.087952,
        -0.916294 0.547499 0.094208,
        -0.912818 0.542297 0.102362,
        -0.922768 0.529067 0.111857,
        -0.935739 0.542038 0.087952,
        -0.929973 0.536272 0.094208,
        -0.925549 0.531848 0.102362,
        -0.932727 0.516932 0.111857,
        -0.947979 0.527123 0.087952,
        -0.941200 0.522593 0.094208,
        -0.935998 0.519117 0.102362,
        -0.957075 0.510107 0.087952,
        -0.949542 0.506986 0.094208,
        -0.943761 0.504592 0.102362,
        -0.940128 0.503087 0.111857,
        -0.962676 0.491643 0.087952,
        -0.954679 0.490052 0.094208,
        -0.948542 0.488831 0.102362,
        -0.944685 0.488064 0.111857,
      ]
    }
    coordIndex [
      36, 37, 38, -1,
      38, 37, 39, -1,
      40, 41, 42, -1,
      42, 41, 43, -1,
      44, 45, 46, -1,
      46, 45, 47, -1,
      48, 49, 50, -1,
      50, 49, 51, -1,
      52, 53, 54, -1,
      55, 56, 57, -1,
      52, 54, 58, -1,
      59, 60, 61, -1,
      61, 60, 55, -1,
      61, 55, 62, -1,
      62, 55, 57, -1,
      63, 64, 65, -1,
      65, 64, 66, -1,
      65, 66, 67, -1,
      59, 68, 60, -1,
      60, 68, 69, -1,
      60, 69, 70, -1,
      70, 71, 60, -1,
      60, 71, 72, -1,
      60, 72, 65, -1,
      65, 72, 73, -1,
      65, 73, 63, -1,
      67, 74, 65, -1,
      65, 74, 75, -1,
      65, 75, 54, -1,
      54, 75, 76, -1,
      54, 76, 58, -1,
      53, 77, 54, -1,
      54, 77, 78, -1,
      54, 78, 55, -1,
      55, 78, 79, -1,
      55, 79, 56, -1,
      80, 81, 82, -1,
      82, 81, 83, -1,
      82, 83, 84, -1,
      84, 83, 85, -1,
      84, 85, 86, -1,
      36, 87, 37, -1,
      37, 87, 88, -1,
      37, 88, 89, -1,
      89, 88, 90, -1,
      89, 90, 82, -1,
      82, 90, 91, -1,
      82, 91, 80, -1,
      92, 42, 43, -1,
      93, 94, 95, -1,
      95, 94, 96, -1,
      95, 96, 97, -1,
      97, 96, 98, -1,
      97, 98, 99, -1,
      99, 100, 97, -1,
      97, 100, 101, -1,
      97, 101, 102, -1,
      102, 101, 103, -1,
      102, 103, 43, -1,
      43, 103, 104, -1,
      43, 104, 92, -1,
      105, 106, 107, -1,
      107, 108, 105, -1,
      105, 108, 109, -1,
      105, 109, 93, -1,
      93, 109, 110, -1,
      93, 110, 94, -1,
      85, 111, 86, -1,
      86, 111, 112, -1,
      86, 112, 113, -1,
      113, 112, 114, -1,
      113, 114, 106, -1,
      106, 114, 115, -1,
      106, 115, 107, -1,
      39, 37, 116, -1,
      116, 37, 117, -1,
      116, 117, 118, -1,
      118, 117, 119, -1,
      118, 119, 120, -1,
      120, 119, 121, -1,
      120, 121, 122, -1,
      122, 121, 123, -1,
      122, 123, 124, -1,
      124, 123, 125, -1,
      124, 125, 126, -1,
      126, 125, 127, -1,
      126, 127, 128, -1,
      128, 127, 129, -1,
      128, 129, 130, -1,
      130, 129, 131, -1,
      130, 131, 132, -1,
      132, 131, 133, -1,
      132, 133, 134, -1,
      134, 133, 135, -1,
      134, 135, 136, -1,
      136, 135, 137, -1,
      136, 137, 60, -1,
      60, 137, 55, -1,
      138, 139, 140, -1,
      140, 139, 141, -1,
      140, 141, 142, -1,
      142, 141, 143, -1,
      142, 143, 144, -1,
      48, 145, 49, -1,
      49, 145, 146, -1,
      49, 146, 147, -1,
      147, 146, 148, -1,
      147, 148, 140, -1,
      140, 148, 149, -1,
      140, 149, 138, -1,
      150, 38, 39, -1,
      151, 152, 153, -1,
      153, 152, 154, -1,
      153, 154, 155, -1,
      155, 154, 156, -1,
      155, 156, 157, -1,
      157, 158, 155, -1,
      155, 158, 159, -1,
      155, 159, 160, -1,
      160, 159, 161, -1,
      160, 161, 39, -1,
      39, 161, 162, -1,
      39, 162, 150, -1,
      163, 164, 165, -1,
      165, 166, 163, -1,
      163, 166, 167, -1,
      163, 167, 151, -1,
      151, 167, 168, -1,
      151, 168, 152, -1,
      143, 169, 144, -1,
      144, 169, 170, -1,
      144, 170, 171, -1,
      171, 170, 172, -1,
      171, 172, 164, -1,
      164, 172, 173, -1,
      164, 173, 165, -1,
      174, 175, 176, -1,
      177, 178, 179, -1,
      180, 181, 182, -1,
      183, 184, 185, -1,
      186, 187, 188, -1,
      37, 189, 117, -1,
      190, 121, 189, -1,
      189, 121, 119, -1,
      189, 119, 117, -1,
      37, 89, 191, -1,
      191, 89, 82, -1,
      191, 82, 192, -1,
      82, 84, 192, -1,
      192, 84, 86, -1,
      192, 86, 193, -1,
      194, 127, 195, -1,
      195, 127, 125, -1,
      195, 125, 190, -1,
      190, 125, 123, -1,
      190, 123, 121, -1,
      86, 113, 193, -1,
      193, 113, 106, -1,
      193, 106, 196, -1,
      197, 131, 194, -1,
      194, 131, 129, -1,
      194, 129, 127, -1,
      106, 105, 196, -1,
      196, 105, 93, -1,
      196, 93, 198, -1,
      188, 135, 197, -1,
      197, 135, 133, -1,
      197, 133, 131, -1,
      187, 55, 188, -1,
      188, 55, 137, -1,
      188, 137, 135, -1,
      184, 186, 185, -1,
      185, 186, 188, -1,
      185, 188, 199, -1,
      199, 188, 197, -1,
      199, 197, 200, -1,
      200, 197, 194, -1,
      200, 194, 201, -1,
      201, 194, 195, -1,
      201, 195, 202, -1,
      202, 195, 190, -1,
      202, 190, 203, -1,
      203, 190, 189, -1,
      203, 189, 37, -1,
      181, 183, 182, -1,
      182, 183, 185, -1,
      182, 185, 204, -1,
      204, 185, 199, -1,
      204, 199, 205, -1,
      205, 199, 200, -1,
      205, 200, 206, -1,
      206, 200, 201, -1,
      206, 201, 207, -1,
      207, 201, 202, -1,
      207, 202, 208, -1,
      208, 202, 203, -1,
      208, 203, 37, -1,
      178, 180, 179, -1,
      179, 180, 182, -1,
      179, 182, 209, -1,
      209, 182, 204, -1,
      209, 204, 210, -1,
      210, 204, 205, -1,
      210, 205, 211, -1,
      211, 205, 206, -1,
      211, 206, 212, -1,
      212, 206, 207, -1,
      212, 207, 213, -1,
      213, 207, 208, -1,
      213, 208, 37, -1,
      175, 177, 176, -1,
      176, 177, 179, -1,
      176, 179, 214, -1,
      214, 179, 209, -1,
      214, 209, 215, -1,
      215, 209, 210, -1,
      215, 210, 216, -1,
      216, 210, 211, -1,
      216, 211, 217, -1,
      217, 211, 212, -1,
      217, 212, 218, -1,
      218, 212, 213, -1,
      218, 213, 37, -1,
      219, 174, 220, -1,
      220, 174, 176, -1,
      220, 176, 198, -1,
      198, 176, 214, -1,
      198, 214, 196, -1,
      196, 214, 215, -1,
      196, 215, 193, -1,
      193, 215, 216, -1,
      193, 216, 192, -1,
      192, 216, 217, -1,
      192, 217, 191, -1,
      191, 217, 218, -1,
      191, 218, 37, -1,
      93, 95, 198, -1,
      198, 95, 97, -1,
      198, 97, 220, -1,
      220, 97, 102, -1,
      220, 102, 219, -1,
      219, 102, 43, -1,
      221, 222, 223, -1,
      224, 225, 226, -1,
      227, 228, 229, -1,
      230, 231, 232, -1,
      233, 234, 235, -1,
      39, 236, 160, -1,
      237, 153, 236, -1,
      236, 153, 155, -1,
      236, 155, 160, -1,
      39, 116, 238, -1,
      238, 116, 118, -1,
      238, 118, 239, -1,
      118, 120, 239, -1,
      239, 120, 122, -1,
      239, 122, 240, -1,
      241, 164, 242, -1,
      242, 164, 163, -1,
      242, 163, 237, -1,
      237, 163, 151, -1,
      237, 151, 153, -1,
      122, 124, 240, -1,
      240, 124, 126, -1,
      240, 126, 243, -1,
      244, 144, 241, -1,
      241, 144, 171, -1,
      241, 171, 164, -1,
      126, 128, 243, -1,
      243, 128, 130, -1,
      243, 130, 245, -1,
      235, 140, 244, -1,
      244, 140, 142, -1,
      244, 142, 144, -1,
      234, 49, 235, -1,
      235, 49, 147, -1,
      235, 147, 140, -1,
      231, 233, 232, -1,
      232, 233, 235, -1,
      232, 235, 246, -1,
      246, 235, 244, -1,
      246, 244, 247, -1,
      247, 244, 241, -1,
      247, 241, 248, -1,
      248, 241, 242, -1,
      248, 242, 249, -1,
      249, 242, 237, -1,
      249, 237, 250, -1,
      250, 237, 236, -1,
      250, 236, 39, -1,
      228, 230, 229, -1,
      229, 230, 232, -1,
      229, 232, 251, -1,
      251, 232, 246, -1,
      251, 246, 252, -1,
      252, 246, 247, -1,
      252, 247, 253, -1,
      253, 247, 248, -1,
      253, 248, 254, -1,
      254, 248, 249, -1,
      254, 249, 255, -1,
      255, 249, 250, -1,
      255, 250, 39, -1,
      225, 227, 226, -1,
      226, 227, 229, -1,
      226, 229, 256, -1,
      256, 229, 251, -1,
      256, 251, 257, -1,
      257, 251, 252, -1,
      257, 252, 258, -1,
      258, 252, 253, -1,
      258, 253, 259, -1,
      259, 253, 254, -1,
      259, 254, 260, -1,
      260, 254, 255, -1,
      260, 255, 39, -1,
      222, 224, 223, -1,
      223, 224, 226, -1,
      223, 226, 261, -1,
      261, 226, 256, -1,
      261, 256, 262, -1,
      262, 256, 257, -1,
      262, 257, 263, -1,
      263, 257, 258, -1,
      263, 258, 264, -1,
      264, 258, 259, -1,
      264, 259, 265, -1,
      265, 259, 260, -1,
      265, 260, 39, -1,
      266, 221, 267, -1,
      267, 221, 223, -1,
      267, 223, 245, -1,
      245, 223, 261, -1,
      245, 261, 243, -1,
      243, 261, 262, -1,
      243, 262, 240, -1,
      240, 262, 263, -1,
      240, 263, 239, -1,
      239, 263, 264, -1,
      239, 264, 238, -1,
      238, 264, 265, -1,
      238, 265, 39, -1,
      130, 132, 245, -1,
      245, 132, 134, -1,
      245, 134, 267, -1,
      267, 134, 136, -1,
      267, 136, 266, -1,
      266, 136, 60, -1,
      268, 269, 270, -1,
      270, 269, 271, -1,
      270, 271, 272, -1,
      272, 271, 273, -1,
      272, 273, 274, -1,
      40, 275, 41, -1,
      41, 275, 276, -1,
      41, 276, 277, -1,
      277, 276, 278, -1,
      277, 278, 270, -1,
      270, 278, 279, -1,
      270, 279, 268, -1,
      280, 46, 47, -1,
      281, 282, 283, -1,
      283, 282, 284, -1,
      283, 284, 285, -1,
      285, 284, 286, -1,
      285, 286, 287, -1,
      287, 288, 285, -1,
      285, 288, 289, -1,
      285, 289, 290, -1,
      290, 289, 291, -1,
      290, 291, 47, -1,
      47, 291, 292, -1,
      47, 292, 280, -1,
      293, 294, 295, -1,
      295, 296, 293, -1,
      293, 296, 297, -1,
      293, 297, 281, -1,
      281, 297, 298, -1,
      281, 298, 282, -1,
      273, 299, 274, -1,
      274, 299, 300, -1,
      274, 300, 301, -1,
      301, 300, 302, -1,
      301, 302, 294, -1,
      294, 302, 303, -1,
      294, 303, 295, -1,
      54, 55, 304, -1,
      304, 55, 187, -1,
      304, 187, 305, -1,
      305, 187, 186, -1,
      305, 186, 306, -1,
      306, 186, 184, -1,
      306, 184, 307, -1,
      307, 184, 183, -1,
      307, 183, 308, -1,
      308, 183, 181, -1,
      308, 181, 309, -1,
      309, 181, 180, -1,
      309, 180, 310, -1,
      310, 180, 178, -1,
      310, 178, 311, -1,
      311, 178, 177, -1,
      311, 177, 312, -1,
      312, 177, 175, -1,
      312, 175, 313, -1,
      313, 175, 174, -1,
      313, 174, 314, -1,
      314, 174, 219, -1,
      314, 219, 41, -1,
      41, 219, 43, -1,
      60, 65, 266, -1,
      266, 65, 315, -1,
      266, 315, 221, -1,
      221, 315, 316, -1,
      221, 316, 222, -1,
      222, 316, 317, -1,
      222, 317, 224, -1,
      224, 317, 318, -1,
      224, 318, 225, -1,
      225, 318, 319, -1,
      225, 319, 227, -1,
      227, 319, 320, -1,
      227, 320, 228, -1,
      228, 320, 321, -1,
      228, 321, 230, -1,
      230, 321, 322, -1,
      230, 322, 231, -1,
      231, 322, 323, -1,
      231, 323, 233, -1,
      233, 323, 324, -1,
      233, 324, 234, -1,
      234, 324, 325, -1,
      234, 325, 49, -1,
      49, 325, 51, -1,
      326, 327, 328, -1,
      328, 327, 329, -1,
      328, 329, 330, -1,
      330, 329, 331, -1,
      330, 331, 332, -1,
      44, 333, 45, -1,
      45, 333, 334, -1,
      45, 334, 335, -1,
      335, 334, 336, -1,
      335, 336, 328, -1,
      328, 336, 337, -1,
      328, 337, 326, -1,
      338, 50, 51, -1,
      339, 340, 341, -1,
      341, 340, 342, -1,
      341, 342, 343, -1,
      343, 342, 344, -1,
      343, 344, 345, -1,
      345, 346, 343, -1,
      343, 346, 347, -1,
      343, 347, 348, -1,
      348, 347, 349, -1,
      348, 349, 51, -1,
      51, 349, 350, -1,
      51, 350, 338, -1,
      351, 352, 353, -1,
      353, 354, 351, -1,
      351, 354, 355, -1,
      351, 355, 339, -1,
      339, 355, 356, -1,
      339, 356, 340, -1,
      331, 357, 332, -1,
      332, 357, 358, -1,
      332, 358, 359, -1,
      359, 358, 360, -1,
      359, 360, 352, -1,
      352, 360, 361, -1,
      352, 361, 353, -1,
      362, 363, 364, -1,
      365, 366, 367, -1,
      368, 369, 370, -1,
      371, 372, 373, -1,
      374, 375, 376, -1,
      41, 377, 314, -1,
      378, 312, 377, -1,
      377, 312, 313, -1,
      377, 313, 314, -1,
      41, 277, 379, -1,
      379, 277, 270, -1,
      379, 270, 380, -1,
      270, 272, 380, -1,
      380, 272, 274, -1,
      380, 274, 381, -1,
      382, 309, 383, -1,
      383, 309, 310, -1,
      383, 310, 378, -1,
      378, 310, 311, -1,
      378, 311, 312, -1,
      274, 301, 381, -1,
      381, 301, 294, -1,
      381, 294, 384, -1,
      385, 307, 382, -1,
      382, 307, 308, -1,
      382, 308, 309, -1,
      294, 293, 384, -1,
      384, 293, 281, -1,
      384, 281, 386, -1,
      376, 305, 385, -1,
      385, 305, 306, -1,
      385, 306, 307, -1,
      375, 54, 376, -1,
      376, 54, 304, -1,
      376, 304, 305, -1,
      372, 374, 373, -1,
      373, 374, 376, -1,
      373, 376, 387, -1,
      387, 376, 385, -1,
      387, 385, 388, -1,
      388, 385, 382, -1,
      388, 382, 389, -1,
      389, 382, 383, -1,
      389, 383, 390, -1,
      390, 383, 378, -1,
      390, 378, 391, -1,
      391, 378, 377, -1,
      391, 377, 41, -1,
      369, 371, 370, -1,
      370, 371, 373, -1,
      370, 373, 392, -1,
      392, 373, 387, -1,
      392, 387, 393, -1,
      393, 387, 388, -1,
      393, 388, 394, -1,
      394, 388, 389, -1,
      394, 389, 395, -1,
      395, 389, 390, -1,
      395, 390, 396, -1,
      396, 390, 391, -1,
      396, 391, 41, -1,
      366, 368, 367, -1,
      367, 368, 370, -1,
      367, 370, 397, -1,
      397, 370, 392, -1,
      397, 392, 398, -1,
      398, 392, 393, -1,
      398, 393, 399, -1,
      399, 393, 394, -1,
      399, 394, 400, -1,
      400, 394, 395, -1,
      400, 395, 401, -1,
      401, 395, 396, -1,
      401, 396, 41, -1,
      363, 365, 364, -1,
      364, 365, 367, -1,
      364, 367, 402, -1,
      402, 367, 397, -1,
      402, 397, 403, -1,
      403, 397, 398, -1,
      403, 398, 404, -1,
      404, 398, 399, -1,
      404, 399, 405, -1,
      405, 399, 400, -1,
      405, 400, 406, -1,
      406, 400, 401, -1,
      406, 401, 41, -1,
      407, 362, 408, -1,
      408, 362, 364, -1,
      408, 364, 386, -1,
      386, 364, 402, -1,
      386, 402, 384, -1,
      384, 402, 403, -1,
      384, 403, 381, -1,
      381, 403, 404, -1,
      381, 404, 380, -1,
      380, 404, 405, -1,
      380, 405, 379, -1,
      379, 405, 406, -1,
      379, 406, 41, -1,
      281, 283, 386, -1,
      386, 283, 285, -1,
      386, 285, 408, -1,
      408, 285, 290, -1,
      408, 290, 407, -1,
      407, 290, 47, -1,
      409, 410, 411, -1,
      412, 413, 414, -1,
      415, 416, 417, -1,
      418, 419, 420, -1,
      421, 422, 423, -1,
      51, 424, 348, -1,
      425, 341, 424, -1,
      424, 341, 343, -1,
      424, 343, 348, -1,
      51, 325, 426, -1,
      426, 325, 324, -1,
      426, 324, 427, -1,
      324, 323, 427, -1,
      427, 323, 322, -1,
      427, 322, 428, -1,
      429, 352, 430, -1,
      430, 352, 351, -1,
      430, 351, 425, -1,
      425, 351, 339, -1,
      425, 339, 341, -1,
      322, 321, 428, -1,
      428, 321, 320, -1,
      428, 320, 431, -1,
      432, 332, 429, -1,
      429, 332, 359, -1,
      429, 359, 352, -1,
      320, 319, 431, -1,
      431, 319, 318, -1,
      431, 318, 433, -1,
      423, 328, 432, -1,
      432, 328, 330, -1,
      432, 330, 332, -1,
      422, 45, 423, -1,
      423, 45, 335, -1,
      423, 335, 328, -1,
      419, 421, 420, -1,
      420, 421, 423, -1,
      420, 423, 434, -1,
      434, 423, 432, -1,
      434, 432, 435, -1,
      435, 432, 429, -1,
      435, 429, 436, -1,
      436, 429, 430, -1,
      436, 430, 437, -1,
      437, 430, 425, -1,
      437, 425, 438, -1,
      438, 425, 424, -1,
      438, 424, 51, -1,
      416, 418, 417, -1,
      417, 418, 420, -1,
      417, 420, 439, -1,
      439, 420, 434, -1,
      439, 434, 440, -1,
      440, 434, 435, -1,
      440, 435, 441, -1,
      441, 435, 436, -1,
      441, 436, 442, -1,
      442, 436, 437, -1,
      442, 437, 443, -1,
      443, 437, 438, -1,
      443, 438, 51, -1,
      413, 415, 414, -1,
      414, 415, 417, -1,
      414, 417, 444, -1,
      444, 417, 439, -1,
      444, 439, 445, -1,
      445, 439, 440, -1,
      445, 440, 446, -1,
      446, 440, 441, -1,
      446, 441, 447, -1,
      447, 441, 442, -1,
      447, 442, 448, -1,
      448, 442, 443, -1,
      448, 443, 51, -1,
      410, 412, 411, -1,
      411, 412, 414, -1,
      411, 414, 449, -1,
      449, 414, 444, -1,
      449, 444, 450, -1,
      450, 444, 445, -1,
      450, 445, 451, -1,
      451, 445, 446, -1,
      451, 446, 452, -1,
      452, 446, 447, -1,
      452, 447, 453, -1,
      453, 447, 448, -1,
      453, 448, 51, -1,
      454, 409, 455, -1,
      455, 409, 411, -1,
      455, 411, 433, -1,
      433, 411, 449, -1,
      433, 449, 431, -1,
      431, 449, 450, -1,
      431, 450, 428, -1,
      428, 450, 451, -1,
      428, 451, 427, -1,
      427, 451, 452, -1,
      427, 452, 426, -1,
      426, 452, 453, -1,
      426, 453, 51, -1,
      318, 317, 433, -1,
      433, 317, 316, -1,
      433, 316, 455, -1,
      455, 316, 315, -1,
      455, 315, 454, -1,
      454, 315, 65, -1,
      65, 54, 454, -1,
      454, 54, 375, -1,
      454, 375, 409, -1,
      409, 375, 374, -1,
      409, 374, 410, -1,
      410, 374, 372, -1,
      410, 372, 412, -1,
      412, 372, 371, -1,
      412, 371, 413, -1,
      413, 371, 369, -1,
      413, 369, 415, -1,
      415, 369, 368, -1,
      415, 368, 416, -1,
      416, 368, 366, -1,
      416, 366, 418, -1,
      418, 366, 365, -1,
      418, 365, 419, -1,
      419, 365, 363, -1,
      419, 363, 421, -1,
      421, 363, 362, -1,
      421, 362, 422, -1,
      422, 362, 407, -1,
      422, 407, 45, -1,
      45, 407, 47, -1,
      456, 457, 458, -1,
      459, 460, 461, -1,
      462, 463, 464, -1,
      465, 288, 287, -1,
      466, 467, 468, -1,
      468, 467, 469, -1,
      468, 469, 470, -1,
      471, 470, 472, -1,
      472, 470, 469, -1,
      472, 469, 473, -1,
      474, 471, 475, -1,
      475, 471, 472, -1,
      475, 472, 476, -1,
      476, 472, 473, -1,
      476, 473, 477, -1,
      478, 474, 479, -1,
      479, 474, 475, -1,
      479, 475, 480, -1,
      480, 475, 476, -1,
      480, 476, 481, -1,
      481, 476, 477, -1,
      481, 477, 461, -1,
      482, 463, 483, -1,
      483, 463, 462, -1,
      483, 462, 484, -1,
      482, 485, 463, -1,
      463, 485, 486, -1,
      463, 486, 464, -1,
      464, 486, 487, -1,
      464, 487, 488, -1,
      489, 484, 490, -1,
      490, 484, 462, -1,
      490, 462, 491, -1,
      491, 462, 464, -1,
      491, 464, 492, -1,
      492, 464, 488, -1,
      492, 488, 493, -1,
      467, 489, 469, -1,
      469, 489, 490, -1,
      469, 490, 473, -1,
      473, 490, 491, -1,
      473, 491, 477, -1,
      477, 491, 492, -1,
      477, 492, 461, -1,
      461, 492, 493, -1,
      461, 493, 459, -1,
      460, 456, 461, -1,
      461, 456, 458, -1,
      461, 458, 481, -1,
      481, 458, 494, -1,
      481, 494, 480, -1,
      480, 494, 495, -1,
      480, 495, 479, -1,
      479, 495, 465, -1,
      479, 465, 478, -1,
      478, 465, 287, -1,
      288, 465, 289, -1,
      289, 465, 495, -1,
      289, 495, 291, -1,
      291, 495, 494, -1,
      291, 494, 292, -1,
      292, 494, 458, -1,
      292, 458, 280, -1,
      280, 458, 457, -1,
      280, 457, 46, -1,
      496, 497, 498, -1,
      499, 500, 501, -1,
      502, 503, 504, -1,
      505, 506, 507, -1,
      508, 509, 510, -1,
      282, 298, 511, -1,
      512, 478, 286, -1,
      286, 478, 287, -1,
      513, 466, 514, -1,
      514, 466, 468, -1,
      515, 513, 516, -1,
      516, 513, 514, -1,
      516, 514, 517, -1,
      517, 514, 468, -1,
      517, 468, 470, -1,
      518, 515, 519, -1,
      519, 515, 516, -1,
      519, 516, 520, -1,
      520, 516, 517, -1,
      520, 517, 521, -1,
      521, 517, 470, -1,
      521, 470, 471, -1,
      522, 518, 523, -1,
      523, 518, 519, -1,
      523, 519, 524, -1,
      524, 519, 520, -1,
      524, 520, 525, -1,
      525, 520, 521, -1,
      525, 521, 526, -1,
      526, 521, 471, -1,
      526, 471, 474, -1,
      506, 522, 507, -1,
      507, 522, 523, -1,
      507, 523, 527, -1,
      527, 523, 524, -1,
      527, 524, 528, -1,
      528, 524, 525, -1,
      528, 525, 529, -1,
      529, 525, 526, -1,
      529, 526, 512, -1,
      512, 526, 474, -1,
      512, 474, 478, -1,
      508, 296, 295, -1,
      503, 505, 504, -1,
      504, 505, 507, -1,
      504, 507, 530, -1,
      530, 507, 527, -1,
      530, 527, 531, -1,
      531, 527, 528, -1,
      531, 528, 532, -1,
      532, 528, 529, -1,
      532, 529, 533, -1,
      533, 529, 512, -1,
      533, 512, 284, -1,
      284, 512, 286, -1,
      508, 295, 509, -1,
      509, 295, 303, -1,
      509, 303, 302, -1,
      500, 502, 501, -1,
      501, 502, 504, -1,
      501, 504, 534, -1,
      534, 504, 530, -1,
      534, 530, 535, -1,
      535, 530, 531, -1,
      535, 531, 536, -1,
      536, 531, 532, -1,
      536, 532, 511, -1,
      511, 532, 533, -1,
      511, 533, 282, -1,
      282, 533, 284, -1,
      537, 510, 538, -1,
      538, 510, 509, -1,
      538, 509, 539, -1,
      539, 509, 302, -1,
      539, 302, 300, -1,
      497, 499, 498, -1,
      498, 499, 501, -1,
      498, 501, 540, -1,
      540, 501, 534, -1,
      540, 534, 541, -1,
      541, 534, 535, -1,
      541, 535, 542, -1,
      542, 535, 536, -1,
      542, 536, 543, -1,
      543, 536, 511, -1,
      543, 511, 297, -1,
      297, 511, 298, -1,
      544, 537, 545, -1,
      545, 537, 538, -1,
      545, 538, 546, -1,
      546, 538, 539, -1,
      546, 539, 547, -1,
      547, 539, 300, -1,
      547, 300, 299, -1,
      548, 544, 549, -1,
      549, 544, 545, -1,
      549, 545, 550, -1,
      550, 545, 546, -1,
      550, 546, 551, -1,
      551, 546, 547, -1,
      551, 547, 552, -1,
      552, 547, 299, -1,
      552, 299, 273, -1,
      553, 496, 548, -1,
      548, 496, 498, -1,
      548, 498, 544, -1,
      544, 498, 540, -1,
      544, 540, 537, -1,
      537, 540, 541, -1,
      537, 541, 510, -1,
      510, 541, 542, -1,
      510, 542, 508, -1,
      508, 542, 543, -1,
      508, 543, 296, -1,
      296, 543, 297, -1,
      554, 553, 555, -1,
      555, 553, 548, -1,
      555, 548, 556, -1,
      556, 548, 549, -1,
      556, 549, 557, -1,
      557, 549, 550, -1,
      557, 550, 558, -1,
      558, 550, 551, -1,
      558, 551, 559, -1,
      559, 551, 552, -1,
      559, 552, 271, -1,
      271, 552, 273, -1,
      44, 46, 560, -1,
      560, 46, 457, -1,
      560, 457, 561, -1,
      561, 457, 456, -1,
      561, 456, 562, -1,
      562, 456, 460, -1,
      562, 460, 563, -1,
      563, 460, 459, -1,
      563, 459, 564, -1,
      564, 459, 493, -1,
      564, 493, 565, -1,
      565, 493, 488, -1,
      565, 488, 566, -1,
      566, 488, 487, -1,
      566, 487, 567, -1,
      567, 487, 486, -1,
      567, 486, 568, -1,
      568, 486, 485, -1,
      568, 485, 569, -1,
      569, 485, 482, -1,
      570, 571, 572, -1,
      573, 574, 575, -1,
      271, 269, 559, -1,
      559, 269, 576, -1,
      559, 576, 558, -1,
      557, 558, 577, -1,
      577, 558, 576, -1,
      577, 576, 578, -1,
      556, 557, 579, -1,
      579, 557, 577, -1,
      579, 577, 580, -1,
      580, 577, 578, -1,
      580, 578, 581, -1,
      555, 556, 582, -1,
      582, 556, 579, -1,
      582, 579, 583, -1,
      583, 579, 580, -1,
      583, 580, 584, -1,
      584, 580, 581, -1,
      584, 581, 585, -1,
      554, 555, 586, -1,
      586, 555, 582, -1,
      586, 582, 587, -1,
      587, 582, 583, -1,
      587, 583, 588, -1,
      588, 583, 584, -1,
      588, 584, 589, -1,
      589, 584, 585, -1,
      589, 585, 572, -1,
      279, 278, 590, -1,
      590, 278, 276, -1,
      590, 276, 591, -1,
      591, 276, 275, -1,
      591, 275, 592, -1,
      592, 275, 40, -1,
      592, 40, 593, -1,
      593, 594, 592, -1,
      592, 594, 574, -1,
      592, 574, 591, -1,
      591, 574, 573, -1,
      591, 573, 590, -1,
      268, 279, 595, -1,
      595, 279, 590, -1,
      595, 590, 596, -1,
      596, 590, 573, -1,
      596, 573, 597, -1,
      597, 573, 575, -1,
      597, 575, 598, -1,
      598, 575, 599, -1,
      598, 599, 600, -1,
      594, 601, 574, -1,
      574, 601, 602, -1,
      574, 602, 575, -1,
      575, 602, 603, -1,
      575, 603, 599, -1,
      269, 268, 576, -1,
      576, 268, 595, -1,
      576, 595, 578, -1,
      578, 595, 596, -1,
      578, 596, 581, -1,
      581, 596, 597, -1,
      581, 597, 585, -1,
      585, 597, 598, -1,
      585, 598, 572, -1,
      572, 598, 600, -1,
      572, 600, 570, -1,
      554, 586, 604, -1,
      604, 586, 587, -1,
      604, 587, 605, -1,
      605, 587, 588, -1,
      605, 588, 606, -1,
      606, 588, 589, -1,
      606, 589, 607, -1,
      607, 589, 572, -1,
      607, 572, 608, -1,
      608, 572, 571, -1,
      608, 571, 609, -1,
      567, 568, 610, -1,
      611, 612, 613, -1,
      329, 327, 614, -1,
      614, 327, 615, -1,
      614, 615, 616, -1,
      617, 616, 618, -1,
      618, 616, 615, -1,
      618, 615, 619, -1,
      620, 617, 621, -1,
      621, 617, 618, -1,
      621, 618, 622, -1,
      622, 618, 619, -1,
      622, 619, 623, -1,
      624, 620, 625, -1,
      625, 620, 621, -1,
      625, 621, 626, -1,
      626, 621, 622, -1,
      626, 622, 627, -1,
      627, 622, 623, -1,
      627, 623, 628, -1,
      629, 624, 630, -1,
      630, 624, 625, -1,
      630, 625, 631, -1,
      631, 625, 626, -1,
      631, 626, 632, -1,
      632, 626, 627, -1,
      632, 627, 633, -1,
      633, 627, 628, -1,
      633, 628, 610, -1,
      337, 336, 634, -1,
      634, 336, 334, -1,
      634, 334, 635, -1,
      635, 334, 333, -1,
      635, 333, 636, -1,
      636, 333, 44, -1,
      636, 44, 560, -1,
      560, 561, 636, -1,
      636, 561, 612, -1,
      636, 612, 635, -1,
      635, 612, 611, -1,
      635, 611, 634, -1,
      326, 337, 637, -1,
      637, 337, 634, -1,
      637, 634, 638, -1,
      638, 634, 611, -1,
      638, 611, 639, -1,
      639, 611, 613, -1,
      639, 613, 640, -1,
      640, 613, 565, -1,
      640, 565, 566, -1,
      561, 562, 612, -1,
      612, 562, 563, -1,
      612, 563, 613, -1,
      613, 563, 564, -1,
      613, 564, 565, -1,
      327, 326, 615, -1,
      615, 326, 637, -1,
      615, 637, 619, -1,
      619, 637, 638, -1,
      619, 638, 623, -1,
      623, 638, 639, -1,
      623, 639, 628, -1,
      628, 639, 640, -1,
      628, 640, 610, -1,
      610, 640, 566, -1,
      610, 566, 567, -1,
      629, 630, 641, -1,
      641, 630, 631, -1,
      641, 631, 642, -1,
      642, 631, 632, -1,
      642, 632, 643, -1,
      643, 632, 633, -1,
      643, 633, 644, -1,
      644, 633, 610, -1,
      644, 610, 645, -1,
      645, 610, 568, -1,
      645, 568, 569, -1,
      646, 609, 647, -1,
      647, 609, 571, -1,
      647, 571, 648, -1,
      648, 571, 570, -1,
      648, 570, 649, -1,
      649, 570, 600, -1,
      649, 600, 650, -1,
      650, 600, 599, -1,
      650, 599, 651, -1,
      651, 599, 603, -1,
      651, 603, 652, -1,
      652, 603, 602, -1,
      652, 602, 653, -1,
      653, 602, 601, -1,
      653, 601, 654, -1,
      654, 601, 594, -1,
      654, 594, 655, -1,
      655, 594, 593, -1,
      655, 593, 42, -1,
      42, 593, 40, -1,
      656, 657, 658, -1,
      659, 660, 661, -1,
      662, 663, 664, -1,
      665, 666, 667, -1,
      668, 669, 670, -1,
      340, 356, 671, -1,
      672, 673, 344, -1,
      344, 673, 345, -1,
      674, 675, 676, -1,
      676, 675, 677, -1,
      678, 674, 679, -1,
      679, 674, 676, -1,
      679, 676, 680, -1,
      680, 676, 677, -1,
      680, 677, 681, -1,
      682, 678, 683, -1,
      683, 678, 679, -1,
      683, 679, 684, -1,
      684, 679, 680, -1,
      684, 680, 685, -1,
      685, 680, 681, -1,
      685, 681, 686, -1,
      687, 682, 688, -1,
      688, 682, 683, -1,
      688, 683, 689, -1,
      689, 683, 684, -1,
      689, 684, 690, -1,
      690, 684, 685, -1,
      690, 685, 691, -1,
      691, 685, 686, -1,
      691, 686, 692, -1,
      666, 687, 667, -1,
      667, 687, 688, -1,
      667, 688, 693, -1,
      693, 688, 689, -1,
      693, 689, 694, -1,
      694, 689, 690, -1,
      694, 690, 695, -1,
      695, 690, 691, -1,
      695, 691, 672, -1,
      672, 691, 692, -1,
      672, 692, 673, -1,
      668, 354, 353, -1,
      663, 665, 664, -1,
      664, 665, 667, -1,
      664, 667, 696, -1,
      696, 667, 693, -1,
      696, 693, 697, -1,
      697, 693, 694, -1,
      697, 694, 698, -1,
      698, 694, 695, -1,
      698, 695, 699, -1,
      699, 695, 672, -1,
      699, 672, 342, -1,
      342, 672, 344, -1,
      668, 353, 669, -1,
      669, 353, 361, -1,
      669, 361, 360, -1,
      660, 662, 661, -1,
      661, 662, 664, -1,
      661, 664, 700, -1,
      700, 664, 696, -1,
      700, 696, 701, -1,
      701, 696, 697, -1,
      701, 697, 702, -1,
      702, 697, 698, -1,
      702, 698, 671, -1,
      671, 698, 699, -1,
      671, 699, 340, -1,
      340, 699, 342, -1,
      703, 670, 704, -1,
      704, 670, 669, -1,
      704, 669, 705, -1,
      705, 669, 360, -1,
      705, 360, 358, -1,
      657, 659, 658, -1,
      658, 659, 661, -1,
      658, 661, 706, -1,
      706, 661, 700, -1,
      706, 700, 707, -1,
      707, 700, 701, -1,
      707, 701, 708, -1,
      708, 701, 702, -1,
      708, 702, 709, -1,
      709, 702, 671, -1,
      709, 671, 355, -1,
      355, 671, 356, -1,
      710, 703, 711, -1,
      711, 703, 704, -1,
      711, 704, 712, -1,
      712, 704, 705, -1,
      712, 705, 713, -1,
      713, 705, 358, -1,
      713, 358, 357, -1,
      714, 710, 715, -1,
      715, 710, 711, -1,
      715, 711, 716, -1,
      716, 711, 712, -1,
      716, 712, 717, -1,
      717, 712, 713, -1,
      717, 713, 718, -1,
      718, 713, 357, -1,
      718, 357, 331, -1,
      719, 656, 714, -1,
      714, 656, 658, -1,
      714, 658, 710, -1,
      710, 658, 706, -1,
      710, 706, 703, -1,
      703, 706, 707, -1,
      703, 707, 670, -1,
      670, 707, 708, -1,
      670, 708, 668, -1,
      668, 708, 709, -1,
      668, 709, 354, -1,
      354, 709, 355, -1,
      629, 719, 624, -1,
      624, 719, 714, -1,
      624, 714, 620, -1,
      620, 714, 715, -1,
      620, 715, 617, -1,
      617, 715, 716, -1,
      617, 716, 616, -1,
      616, 716, 717, -1,
      616, 717, 614, -1,
      614, 717, 718, -1,
      614, 718, 329, -1,
      329, 718, 331, -1,
      654, 655, 720, -1,
      652, 653, 721, -1,
      722, 723, 724, -1,
      725, 100, 99, -1,
      726, 727, 728, -1,
      728, 727, 729, -1,
      728, 729, 730, -1,
      731, 730, 732, -1,
      732, 730, 729, -1,
      732, 729, 733, -1,
      734, 731, 735, -1,
      735, 731, 732, -1,
      735, 732, 736, -1,
      736, 732, 733, -1,
      736, 733, 737, -1,
      738, 734, 739, -1,
      739, 734, 735, -1,
      739, 735, 740, -1,
      740, 735, 736, -1,
      740, 736, 741, -1,
      741, 736, 737, -1,
      741, 737, 721, -1,
      646, 723, 742, -1,
      742, 723, 722, -1,
      742, 722, 743, -1,
      646, 647, 723, -1,
      723, 647, 648, -1,
      723, 648, 724, -1,
      724, 648, 649, -1,
      724, 649, 650, -1,
      744, 743, 745, -1,
      745, 743, 722, -1,
      745, 722, 746, -1,
      746, 722, 724, -1,
      746, 724, 747, -1,
      747, 724, 650, -1,
      747, 650, 651, -1,
      727, 744, 729, -1,
      729, 744, 745, -1,
      729, 745, 733, -1,
      733, 745, 746, -1,
      733, 746, 737, -1,
      737, 746, 747, -1,
      737, 747, 721, -1,
      721, 747, 651, -1,
      721, 651, 652, -1,
      653, 654, 721, -1,
      721, 654, 720, -1,
      721, 720, 741, -1,
      741, 720, 748, -1,
      741, 748, 740, -1,
      740, 748, 749, -1,
      740, 749, 739, -1,
      739, 749, 725, -1,
      739, 725, 738, -1,
      738, 725, 99, -1,
      100, 725, 101, -1,
      101, 725, 749, -1,
      101, 749, 103, -1,
      103, 749, 748, -1,
      103, 748, 104, -1,
      104, 748, 720, -1,
      104, 720, 92, -1,
      92, 720, 655, -1,
      92, 655, 42, -1,
      750, 751, 752, -1,
      753, 754, 755, -1,
      756, 757, 758, -1,
      759, 346, 345, -1,
      675, 760, 677, -1,
      677, 760, 761, -1,
      677, 761, 681, -1,
      686, 681, 762, -1,
      762, 681, 761, -1,
      762, 761, 763, -1,
      692, 686, 764, -1,
      764, 686, 762, -1,
      764, 762, 765, -1,
      765, 762, 763, -1,
      765, 763, 766, -1,
      673, 692, 767, -1,
      767, 692, 764, -1,
      767, 764, 768, -1,
      768, 764, 765, -1,
      768, 765, 769, -1,
      769, 765, 766, -1,
      769, 766, 755, -1,
      770, 757, 771, -1,
      771, 757, 756, -1,
      771, 756, 772, -1,
      770, 773, 757, -1,
      757, 773, 774, -1,
      757, 774, 758, -1,
      758, 774, 775, -1,
      758, 775, 776, -1,
      777, 772, 778, -1,
      778, 772, 756, -1,
      778, 756, 779, -1,
      779, 756, 758, -1,
      779, 758, 780, -1,
      780, 758, 776, -1,
      780, 776, 781, -1,
      760, 777, 761, -1,
      761, 777, 778, -1,
      761, 778, 763, -1,
      763, 778, 779, -1,
      763, 779, 766, -1,
      766, 779, 780, -1,
      766, 780, 755, -1,
      755, 780, 781, -1,
      755, 781, 753, -1,
      754, 750, 755, -1,
      755, 750, 752, -1,
      755, 752, 769, -1,
      769, 752, 782, -1,
      769, 782, 768, -1,
      768, 782, 783, -1,
      768, 783, 767, -1,
      767, 783, 759, -1,
      767, 759, 673, -1,
      673, 759, 345, -1,
      346, 759, 347, -1,
      347, 759, 783, -1,
      347, 783, 349, -1,
      349, 783, 782, -1,
      349, 782, 350, -1,
      350, 782, 752, -1,
      350, 752, 338, -1,
      338, 752, 751, -1,
      338, 751, 50, -1,
      784, 785, 786, -1,
      787, 788, 789, -1,
      790, 791, 792, -1,
      793, 794, 795, -1,
      796, 797, 798, -1,
      94, 110, 799, -1,
      800, 738, 98, -1,
      98, 738, 99, -1,
      801, 726, 802, -1,
      802, 726, 728, -1,
      803, 801, 804, -1,
      804, 801, 802, -1,
      804, 802, 805, -1,
      805, 802, 728, -1,
      805, 728, 730, -1,
      806, 803, 807, -1,
      807, 803, 804, -1,
      807, 804, 808, -1,
      808, 804, 805, -1,
      808, 805, 809, -1,
      809, 805, 730, -1,
      809, 730, 731, -1,
      810, 806, 811, -1,
      811, 806, 807, -1,
      811, 807, 812, -1,
      812, 807, 808, -1,
      812, 808, 813, -1,
      813, 808, 809, -1,
      813, 809, 814, -1,
      814, 809, 731, -1,
      814, 731, 734, -1,
      794, 810, 795, -1,
      795, 810, 811, -1,
      795, 811, 815, -1,
      815, 811, 812, -1,
      815, 812, 816, -1,
      816, 812, 813, -1,
      816, 813, 817, -1,
      817, 813, 814, -1,
      817, 814, 800, -1,
      800, 814, 734, -1,
      800, 734, 738, -1,
      796, 108, 107, -1,
      791, 793, 792, -1,
      792, 793, 795, -1,
      792, 795, 818, -1,
      818, 795, 815, -1,
      818, 815, 819, -1,
      819, 815, 816, -1,
      819, 816, 820, -1,
      820, 816, 817, -1,
      820, 817, 821, -1,
      821, 817, 800, -1,
      821, 800, 96, -1,
      96, 800, 98, -1,
      796, 107, 797, -1,
      797, 107, 115, -1,
      797, 115, 114, -1,
      788, 790, 789, -1,
      789, 790, 792, -1,
      789, 792, 822, -1,
      822, 792, 818, -1,
      822, 818, 823, -1,
      823, 818, 819, -1,
      823, 819, 824, -1,
      824, 819, 820, -1,
      824, 820, 799, -1,
      799, 820, 821, -1,
      799, 821, 94, -1,
      94, 821, 96, -1,
      825, 798, 826, -1,
      826, 798, 797, -1,
      826, 797, 827, -1,
      827, 797, 114, -1,
      827, 114, 112, -1,
      785, 787, 786, -1,
      786, 787, 789, -1,
      786, 789, 828, -1,
      828, 789, 822, -1,
      828, 822, 829, -1,
      829, 822, 823, -1,
      829, 823, 830, -1,
      830, 823, 824, -1,
      830, 824, 831, -1,
      831, 824, 799, -1,
      831, 799, 109, -1,
      109, 799, 110, -1,
      832, 825, 833, -1,
      833, 825, 826, -1,
      833, 826, 834, -1,
      834, 826, 827, -1,
      834, 827, 835, -1,
      835, 827, 112, -1,
      835, 112, 111, -1,
      836, 832, 837, -1,
      837, 832, 833, -1,
      837, 833, 838, -1,
      838, 833, 834, -1,
      838, 834, 839, -1,
      839, 834, 835, -1,
      839, 835, 840, -1,
      840, 835, 111, -1,
      840, 111, 85, -1,
      841, 784, 836, -1,
      836, 784, 786, -1,
      836, 786, 832, -1,
      832, 786, 828, -1,
      832, 828, 825, -1,
      825, 828, 829, -1,
      825, 829, 798, -1,
      798, 829, 830, -1,
      798, 830, 796, -1,
      796, 830, 831, -1,
      796, 831, 108, -1,
      108, 831, 109, -1,
      842, 841, 843, -1,
      843, 841, 836, -1,
      843, 836, 844, -1,
      844, 836, 837, -1,
      844, 837, 845, -1,
      845, 837, 838, -1,
      845, 838, 846, -1,
      846, 838, 839, -1,
      846, 839, 847, -1,
      847, 839, 840, -1,
      847, 840, 83, -1,
      83, 840, 85, -1,
      48, 50, 848, -1,
      848, 50, 751, -1,
      848, 751, 849, -1,
      849, 751, 750, -1,
      849, 750, 850, -1,
      850, 750, 754, -1,
      850, 754, 851, -1,
      851, 754, 753, -1,
      851, 753, 852, -1,
      852, 753, 781, -1,
      852, 781, 853, -1,
      853, 781, 776, -1,
      853, 776, 854, -1,
      854, 776, 775, -1,
      854, 775, 855, -1,
      855, 775, 774, -1,
      855, 774, 856, -1,
      856, 774, 773, -1,
      856, 773, 857, -1,
      857, 773, 770, -1,
      858, 859, 860, -1,
      861, 862, 863, -1,
      83, 81, 847, -1,
      847, 81, 864, -1,
      847, 864, 846, -1,
      845, 846, 865, -1,
      865, 846, 864, -1,
      865, 864, 866, -1,
      844, 845, 867, -1,
      867, 845, 865, -1,
      867, 865, 868, -1,
      868, 865, 866, -1,
      868, 866, 869, -1,
      843, 844, 870, -1,
      870, 844, 867, -1,
      870, 867, 871, -1,
      871, 867, 868, -1,
      871, 868, 872, -1,
      872, 868, 869, -1,
      872, 869, 873, -1,
      842, 843, 874, -1,
      874, 843, 870, -1,
      874, 870, 875, -1,
      875, 870, 871, -1,
      875, 871, 876, -1,
      876, 871, 872, -1,
      876, 872, 877, -1,
      877, 872, 873, -1,
      877, 873, 860, -1,
      91, 90, 878, -1,
      878, 90, 88, -1,
      878, 88, 879, -1,
      879, 88, 87, -1,
      879, 87, 880, -1,
      880, 87, 36, -1,
      880, 36, 881, -1,
      881, 882, 880, -1,
      880, 882, 862, -1,
      880, 862, 879, -1,
      879, 862, 861, -1,
      879, 861, 878, -1,
      80, 91, 883, -1,
      883, 91, 878, -1,
      883, 878, 884, -1,
      884, 878, 861, -1,
      884, 861, 885, -1,
      885, 861, 863, -1,
      885, 863, 886, -1,
      886, 863, 887, -1,
      886, 887, 888, -1,
      882, 889, 862, -1,
      862, 889, 890, -1,
      862, 890, 863, -1,
      863, 890, 891, -1,
      863, 891, 887, -1,
      81, 80, 864, -1,
      864, 80, 883, -1,
      864, 883, 866, -1,
      866, 883, 884, -1,
      866, 884, 869, -1,
      869, 884, 885, -1,
      869, 885, 873, -1,
      873, 885, 886, -1,
      873, 886, 860, -1,
      860, 886, 888, -1,
      860, 888, 858, -1,
      842, 874, 892, -1,
      892, 874, 875, -1,
      892, 875, 893, -1,
      893, 875, 876, -1,
      893, 876, 894, -1,
      894, 876, 877, -1,
      894, 877, 895, -1,
      895, 877, 860, -1,
      895, 860, 896, -1,
      896, 860, 859, -1,
      896, 859, 897, -1,
      855, 856, 898, -1,
      899, 900, 901, -1,
      141, 139, 902, -1,
      902, 139, 903, -1,
      902, 903, 904, -1,
      905, 904, 906, -1,
      906, 904, 903, -1,
      906, 903, 907, -1,
      908, 905, 909, -1,
      909, 905, 906, -1,
      909, 906, 910, -1,
      910, 906, 907, -1,
      910, 907, 911, -1,
      912, 908, 913, -1,
      913, 908, 909, -1,
      913, 909, 914, -1,
      914, 909, 910, -1,
      914, 910, 915, -1,
      915, 910, 911, -1,
      915, 911, 916, -1,
      917, 912, 918, -1,
      918, 912, 913, -1,
      918, 913, 919, -1,
      919, 913, 914, -1,
      919, 914, 920, -1,
      920, 914, 915, -1,
      920, 915, 921, -1,
      921, 915, 916, -1,
      921, 916, 898, -1,
      149, 148, 922, -1,
      922, 148, 146, -1,
      922, 146, 923, -1,
      923, 146, 145, -1,
      923, 145, 924, -1,
      924, 145, 48, -1,
      924, 48, 848, -1,
      848, 849, 924, -1,
      924, 849, 900, -1,
      924, 900, 923, -1,
      923, 900, 899, -1,
      923, 899, 922, -1,
      138, 149, 925, -1,
      925, 149, 922, -1,
      925, 922, 926, -1,
      926, 922, 899, -1,
      926, 899, 927, -1,
      927, 899, 901, -1,
      927, 901, 928, -1,
      928, 901, 853, -1,
      928, 853, 854, -1,
      849, 850, 900, -1,
      900, 850, 851, -1,
      900, 851, 901, -1,
      901, 851, 852, -1,
      901, 852, 853, -1,
      139, 138, 903, -1,
      903, 138, 925, -1,
      903, 925, 907, -1,
      907, 925, 926, -1,
      907, 926, 911, -1,
      911, 926, 927, -1,
      911, 927, 916, -1,
      916, 927, 928, -1,
      916, 928, 898, -1,
      898, 928, 854, -1,
      898, 854, 855, -1,
      917, 918, 929, -1,
      929, 918, 919, -1,
      929, 919, 930, -1,
      930, 919, 920, -1,
      930, 920, 931, -1,
      931, 920, 921, -1,
      931, 921, 932, -1,
      932, 921, 898, -1,
      932, 898, 933, -1,
      933, 898, 856, -1,
      933, 856, 857, -1,
      934, 897, 935, -1,
      935, 897, 859, -1,
      935, 859, 936, -1,
      936, 859, 858, -1,
      936, 858, 937, -1,
      937, 858, 888, -1,
      937, 888, 938, -1,
      938, 888, 887, -1,
      938, 887, 939, -1,
      939, 887, 891, -1,
      939, 891, 940, -1,
      940, 891, 890, -1,
      940, 890, 941, -1,
      941, 890, 889, -1,
      941, 889, 942, -1,
      942, 889, 882, -1,
      942, 882, 943, -1,
      943, 882, 881, -1,
      943, 881, 38, -1,
      38, 881, 36, -1,
      944, 945, 946, -1,
      947, 948, 949, -1,
      950, 951, 952, -1,
      953, 954, 955, -1,
      956, 957, 958, -1,
      152, 168, 959, -1,
      960, 961, 156, -1,
      156, 961, 157, -1,
      962, 963, 964, -1,
      964, 963, 965, -1,
      966, 962, 967, -1,
      967, 962, 964, -1,
      967, 964, 968, -1,
      968, 964, 965, -1,
      968, 965, 969, -1,
      970, 966, 971, -1,
      971, 966, 967, -1,
      971, 967, 972, -1,
      972, 967, 968, -1,
      972, 968, 973, -1,
      973, 968, 969, -1,
      973, 969, 974, -1,
      975, 970, 976, -1,
      976, 970, 971, -1,
      976, 971, 977, -1,
      977, 971, 972, -1,
      977, 972, 978, -1,
      978, 972, 973, -1,
      978, 973, 979, -1,
      979, 973, 974, -1,
      979, 974, 980, -1,
      954, 975, 955, -1,
      955, 975, 976, -1,
      955, 976, 981, -1,
      981, 976, 977, -1,
      981, 977, 982, -1,
      982, 977, 978, -1,
      982, 978, 983, -1,
      983, 978, 979, -1,
      983, 979, 960, -1,
      960, 979, 980, -1,
      960, 980, 961, -1,
      956, 166, 165, -1,
      951, 953, 952, -1,
      952, 953, 955, -1,
      952, 955, 984, -1,
      984, 955, 981, -1,
      984, 981, 985, -1,
      985, 981, 982, -1,
      985, 982, 986, -1,
      986, 982, 983, -1,
      986, 983, 987, -1,
      987, 983, 960, -1,
      987, 960, 154, -1,
      154, 960, 156, -1,
      956, 165, 957, -1,
      957, 165, 173, -1,
      957, 173, 172, -1,
      948, 950, 949, -1,
      949, 950, 952, -1,
      949, 952, 988, -1,
      988, 952, 984, -1,
      988, 984, 989, -1,
      989, 984, 985, -1,
      989, 985, 990, -1,
      990, 985, 986, -1,
      990, 986, 959, -1,
      959, 986, 987, -1,
      959, 987, 152, -1,
      152, 987, 154, -1,
      991, 958, 992, -1,
      992, 958, 957, -1,
      992, 957, 993, -1,
      993, 957, 172, -1,
      993, 172, 170, -1,
      945, 947, 946, -1,
      946, 947, 949, -1,
      946, 949, 994, -1,
      994, 949, 988, -1,
      994, 988, 995, -1,
      995, 988, 989, -1,
      995, 989, 996, -1,
      996, 989, 990, -1,
      996, 990, 997, -1,
      997, 990, 959, -1,
      997, 959, 167, -1,
      167, 959, 168, -1,
      998, 991, 999, -1,
      999, 991, 992, -1,
      999, 992, 1000, -1,
      1000, 992, 993, -1,
      1000, 993, 1001, -1,
      1001, 993, 170, -1,
      1001, 170, 169, -1,
      1002, 998, 1003, -1,
      1003, 998, 999, -1,
      1003, 999, 1004, -1,
      1004, 999, 1000, -1,
      1004, 1000, 1005, -1,
      1005, 1000, 1001, -1,
      1005, 1001, 1006, -1,
      1006, 1001, 169, -1,
      1006, 169, 143, -1,
      1007, 944, 1002, -1,
      1002, 944, 946, -1,
      1002, 946, 998, -1,
      998, 946, 994, -1,
      998, 994, 991, -1,
      991, 994, 995, -1,
      991, 995, 958, -1,
      958, 995, 996, -1,
      958, 996, 956, -1,
      956, 996, 997, -1,
      956, 997, 166, -1,
      166, 997, 167, -1,
      917, 1007, 912, -1,
      912, 1007, 1002, -1,
      912, 1002, 908, -1,
      908, 1002, 1003, -1,
      908, 1003, 905, -1,
      905, 1003, 1004, -1,
      905, 1004, 904, -1,
      904, 1004, 1005, -1,
      904, 1005, 902, -1,
      902, 1005, 1006, -1,
      902, 1006, 141, -1,
      141, 1006, 143, -1,
      942, 943, 1008, -1,
      940, 941, 1009, -1,
      1010, 1011, 1012, -1,
      1013, 158, 157, -1,
      963, 1014, 965, -1,
      965, 1014, 1015, -1,
      965, 1015, 969, -1,
      974, 969, 1016, -1,
      1016, 969, 1015, -1,
      1016, 1015, 1017, -1,
      980, 974, 1018, -1,
      1018, 974, 1016, -1,
      1018, 1016, 1019, -1,
      1019, 1016, 1017, -1,
      1019, 1017, 1020, -1,
      961, 980, 1021, -1,
      1021, 980, 1018, -1,
      1021, 1018, 1022, -1,
      1022, 1018, 1019, -1,
      1022, 1019, 1023, -1,
      1023, 1019, 1020, -1,
      1023, 1020, 1009, -1,
      934, 1011, 1024, -1,
      1024, 1011, 1010, -1,
      1024, 1010, 1025, -1,
      934, 935, 1011, -1,
      1011, 935, 936, -1,
      1011, 936, 1012, -1,
      1012, 936, 937, -1,
      1012, 937, 938, -1,
      1026, 1025, 1027, -1,
      1027, 1025, 1010, -1,
      1027, 1010, 1028, -1,
      1028, 1010, 1012, -1,
      1028, 1012, 1029, -1,
      1029, 1012, 938, -1,
      1029, 938, 939, -1,
      1014, 1026, 1015, -1,
      1015, 1026, 1027, -1,
      1015, 1027, 1017, -1,
      1017, 1027, 1028, -1,
      1017, 1028, 1020, -1,
      1020, 1028, 1029, -1,
      1020, 1029, 1009, -1,
      1009, 1029, 939, -1,
      1009, 939, 940, -1,
      941, 942, 1009, -1,
      1009, 942, 1008, -1,
      1009, 1008, 1023, -1,
      1023, 1008, 1030, -1,
      1023, 1030, 1022, -1,
      1022, 1030, 1031, -1,
      1022, 1031, 1021, -1,
      1021, 1031, 1013, -1,
      1021, 1013, 961, -1,
      961, 1013, 157, -1,
      158, 1013, 159, -1,
      159, 1013, 1031, -1,
      159, 1031, 161, -1,
      161, 1031, 1030, -1,
      161, 1030, 162, -1,
      162, 1030, 1008, -1,
      162, 1008, 150, -1,
      150, 1008, 943, -1,
      150, 943, 38, -1,
      19, 20, 1032, -1,
      18, 19, 1033, -1,
      21, 18, 1034, -1,
      22, 21, 1035, -1,
      23, 22, 1036, -1,
      24, 23, 1037, -1,
      25, 24, 1038, -1,
      26, 25, 1039, -1,
      1040, 496, 553, -1,
      26, 1039, 1041, -1,
      1041, 1039, 1042, -1,
      1041, 1042, 1043, -1,
      1043, 1042, 1044, -1,
      1043, 1044, 1045, -1,
      1045, 1044, 1046, -1,
      1045, 1046, 1047, -1,
      1047, 1046, 1040, -1,
      1047, 1040, 1048, -1,
      1048, 1040, 553, -1,
      1048, 553, 554, -1,
      1049, 499, 497, -1,
      25, 1038, 1039, -1,
      1039, 1038, 1050, -1,
      1039, 1050, 1042, -1,
      1042, 1050, 1051, -1,
      1042, 1051, 1044, -1,
      1044, 1051, 1052, -1,
      1044, 1052, 1046, -1,
      1046, 1052, 1049, -1,
      1046, 1049, 1040, -1,
      1040, 1049, 497, -1,
      1040, 497, 496, -1,
      1053, 502, 500, -1,
      24, 1037, 1038, -1,
      1038, 1037, 1054, -1,
      1038, 1054, 1050, -1,
      1050, 1054, 1055, -1,
      1050, 1055, 1051, -1,
      1051, 1055, 1056, -1,
      1051, 1056, 1052, -1,
      1052, 1056, 1053, -1,
      1052, 1053, 1049, -1,
      1049, 1053, 500, -1,
      1049, 500, 499, -1,
      1057, 505, 503, -1,
      23, 1036, 1037, -1,
      1037, 1036, 1058, -1,
      1037, 1058, 1054, -1,
      1054, 1058, 1059, -1,
      1054, 1059, 1055, -1,
      1055, 1059, 1060, -1,
      1055, 1060, 1056, -1,
      1056, 1060, 1057, -1,
      1056, 1057, 1053, -1,
      1053, 1057, 503, -1,
      1053, 503, 502, -1,
      1061, 522, 506, -1,
      22, 1035, 1036, -1,
      1036, 1035, 1062, -1,
      1036, 1062, 1058, -1,
      1058, 1062, 1063, -1,
      1058, 1063, 1059, -1,
      1059, 1063, 1064, -1,
      1059, 1064, 1060, -1,
      1060, 1064, 1061, -1,
      1060, 1061, 1057, -1,
      1057, 1061, 506, -1,
      1057, 506, 505, -1,
      21, 1034, 1035, -1,
      1035, 1034, 1065, -1,
      1035, 1065, 1062, -1,
      1062, 1065, 1066, -1,
      1062, 1066, 1063, -1,
      1063, 1066, 1067, -1,
      1063, 1067, 1064, -1,
      1064, 1067, 1068, -1,
      1064, 1068, 1061, -1,
      1061, 1068, 518, -1,
      1061, 518, 522, -1,
      18, 1033, 1034, -1,
      1034, 1033, 1069, -1,
      1034, 1069, 1065, -1,
      1065, 1069, 1070, -1,
      1065, 1070, 1066, -1,
      1066, 1070, 1071, -1,
      1066, 1071, 1067, -1,
      1067, 1071, 1072, -1,
      1067, 1072, 1068, -1,
      1068, 1072, 515, -1,
      1068, 515, 518, -1,
      1073, 466, 513, -1,
      19, 1032, 1033, -1,
      1033, 1032, 1074, -1,
      1033, 1074, 1069, -1,
      1069, 1074, 1075, -1,
      1069, 1075, 1070, -1,
      1070, 1075, 1076, -1,
      1070, 1076, 1071, -1,
      1071, 1076, 1073, -1,
      1071, 1073, 1072, -1,
      1072, 1073, 513, -1,
      1072, 513, 515, -1,
      629, 641, 1077, -1,
      1077, 641, 642, -1,
      1077, 642, 643, -1,
      643, 644, 1077, -1,
      1077, 644, 645, -1,
      1077, 645, 569, -1,
      484, 1073, 483, -1,
      483, 1073, 482, -1,
      484, 489, 1073, -1,
      1073, 489, 467, -1,
      1073, 467, 466, -1,
      569, 482, 1077, -1,
      1077, 482, 1073, -1,
      1077, 1073, 1078, -1,
      1078, 1073, 1076, -1,
      1078, 1076, 1079, -1,
      1079, 1076, 1075, -1,
      1079, 1075, 1080, -1,
      1080, 1075, 1074, -1,
      1080, 1074, 1081, -1,
      1081, 1074, 1032, -1,
      1081, 1032, 9, -1,
      9, 1032, 20, -1,
      554, 604, 1048, -1,
      1048, 604, 605, -1,
      1048, 605, 606, -1,
      606, 607, 1048, -1,
      1048, 607, 608, -1,
      1048, 608, 609, -1,
      743, 1082, 742, -1,
      742, 1082, 646, -1,
      743, 744, 1082, -1,
      1082, 744, 727, -1,
      1082, 727, 726, -1,
      609, 646, 1048, -1,
      1048, 646, 1082, -1,
      1048, 1082, 1047, -1,
      1047, 1082, 1083, -1,
      1047, 1083, 1045, -1,
      1045, 1083, 1084, -1,
      1045, 1084, 1043, -1,
      1043, 1084, 1085, -1,
      1043, 1085, 1041, -1,
      1041, 1085, 1086, -1,
      1041, 1086, 26, -1,
      26, 1086, 33, -1,
      13, 12, 1087, -1,
      14, 13, 1088, -1,
      15, 14, 1089, -1,
      16, 15, 1090, -1,
      17, 16, 1091, -1,
      11, 17, 1092, -1,
      10, 11, 1093, -1,
      9, 10, 1094, -1,
      1095, 656, 719, -1,
      9, 1094, 1081, -1,
      1081, 1094, 1096, -1,
      1081, 1096, 1080, -1,
      1080, 1096, 1097, -1,
      1080, 1097, 1079, -1,
      1079, 1097, 1098, -1,
      1079, 1098, 1078, -1,
      1078, 1098, 1095, -1,
      1078, 1095, 1077, -1,
      1077, 1095, 719, -1,
      1077, 719, 629, -1,
      1099, 659, 657, -1,
      10, 1093, 1094, -1,
      1094, 1093, 1100, -1,
      1094, 1100, 1096, -1,
      1096, 1100, 1101, -1,
      1096, 1101, 1097, -1,
      1097, 1101, 1102, -1,
      1097, 1102, 1098, -1,
      1098, 1102, 1099, -1,
      1098, 1099, 1095, -1,
      1095, 1099, 657, -1,
      1095, 657, 656, -1,
      1103, 662, 660, -1,
      11, 1092, 1093, -1,
      1093, 1092, 1104, -1,
      1093, 1104, 1100, -1,
      1100, 1104, 1105, -1,
      1100, 1105, 1101, -1,
      1101, 1105, 1106, -1,
      1101, 1106, 1102, -1,
      1102, 1106, 1103, -1,
      1102, 1103, 1099, -1,
      1099, 1103, 660, -1,
      1099, 660, 659, -1,
      1107, 665, 663, -1,
      17, 1091, 1092, -1,
      1092, 1091, 1108, -1,
      1092, 1108, 1104, -1,
      1104, 1108, 1109, -1,
      1104, 1109, 1105, -1,
      1105, 1109, 1110, -1,
      1105, 1110, 1106, -1,
      1106, 1110, 1107, -1,
      1106, 1107, 1103, -1,
      1103, 1107, 663, -1,
      1103, 663, 662, -1,
      1111, 687, 666, -1,
      16, 1090, 1091, -1,
      1091, 1090, 1112, -1,
      1091, 1112, 1108, -1,
      1108, 1112, 1113, -1,
      1108, 1113, 1109, -1,
      1109, 1113, 1114, -1,
      1109, 1114, 1110, -1,
      1110, 1114, 1111, -1,
      1110, 1111, 1107, -1,
      1107, 1111, 666, -1,
      1107, 666, 665, -1,
      15, 1089, 1090, -1,
      1090, 1089, 1115, -1,
      1090, 1115, 1112, -1,
      1112, 1115, 1116, -1,
      1112, 1116, 1113, -1,
      1113, 1116, 1117, -1,
      1113, 1117, 1114, -1,
      1114, 1117, 1118, -1,
      1114, 1118, 1111, -1,
      1111, 1118, 682, -1,
      1111, 682, 687, -1,
      14, 1088, 1089, -1,
      1089, 1088, 1119, -1,
      1089, 1119, 1115, -1,
      1115, 1119, 1120, -1,
      1115, 1120, 1116, -1,
      1116, 1120, 1121, -1,
      1116, 1121, 1117, -1,
      1117, 1121, 1122, -1,
      1117, 1122, 1118, -1,
      1118, 1122, 678, -1,
      1118, 678, 682, -1,
      1123, 675, 674, -1,
      13, 1087, 1088, -1,
      1088, 1087, 1124, -1,
      1088, 1124, 1119, -1,
      1119, 1124, 1125, -1,
      1119, 1125, 1120, -1,
      1120, 1125, 1126, -1,
      1120, 1126, 1121, -1,
      1121, 1126, 1123, -1,
      1121, 1123, 1122, -1,
      1122, 1123, 674, -1,
      1122, 674, 678, -1,
      34, 33, 1086, -1,
      35, 34, 1127, -1,
      30, 35, 1128, -1,
      31, 30, 1129, -1,
      32, 31, 1130, -1,
      29, 32, 1131, -1,
      27, 29, 1132, -1,
      28, 27, 1133, -1,
      1134, 784, 841, -1,
      28, 1133, 1135, -1,
      1135, 1133, 1136, -1,
      1135, 1136, 1137, -1,
      1137, 1136, 1138, -1,
      1137, 1138, 1139, -1,
      1139, 1138, 1140, -1,
      1139, 1140, 1141, -1,
      1141, 1140, 1134, -1,
      1141, 1134, 1142, -1,
      1142, 1134, 841, -1,
      1142, 841, 842, -1,
      1143, 787, 785, -1,
      27, 1132, 1133, -1,
      1133, 1132, 1144, -1,
      1133, 1144, 1136, -1,
      1136, 1144, 1145, -1,
      1136, 1145, 1138, -1,
      1138, 1145, 1146, -1,
      1138, 1146, 1140, -1,
      1140, 1146, 1143, -1,
      1140, 1143, 1134, -1,
      1134, 1143, 785, -1,
      1134, 785, 784, -1,
      1147, 790, 788, -1,
      29, 1131, 1132, -1,
      1132, 1131, 1148, -1,
      1132, 1148, 1144, -1,
      1144, 1148, 1149, -1,
      1144, 1149, 1145, -1,
      1145, 1149, 1150, -1,
      1145, 1150, 1146, -1,
      1146, 1150, 1147, -1,
      1146, 1147, 1143, -1,
      1143, 1147, 788, -1,
      1143, 788, 787, -1,
      1151, 793, 791, -1,
      32, 1130, 1131, -1,
      1131, 1130, 1152, -1,
      1131, 1152, 1148, -1,
      1148, 1152, 1153, -1,
      1148, 1153, 1149, -1,
      1149, 1153, 1154, -1,
      1149, 1154, 1150, -1,
      1150, 1154, 1151, -1,
      1150, 1151, 1147, -1,
      1147, 1151, 791, -1,
      1147, 791, 790, -1,
      1155, 810, 794, -1,
      31, 1129, 1130, -1,
      1130, 1129, 1156, -1,
      1130, 1156, 1152, -1,
      1152, 1156, 1157, -1,
      1152, 1157, 1153, -1,
      1153, 1157, 1158, -1,
      1153, 1158, 1154, -1,
      1154, 1158, 1155, -1,
      1154, 1155, 1151, -1,
      1151, 1155, 794, -1,
      1151, 794, 793, -1,
      30, 1128, 1129, -1,
      1129, 1128, 1159, -1,
      1129, 1159, 1156, -1,
      1156, 1159, 1160, -1,
      1156, 1160, 1157, -1,
      1157, 1160, 1161, -1,
      1157, 1161, 1158, -1,
      1158, 1161, 1162, -1,
      1158, 1162, 1155, -1,
      1155, 1162, 806, -1,
      1155, 806, 810, -1,
      35, 1127, 1128, -1,
      1128, 1127, 1163, -1,
      1128, 1163, 1159, -1,
      1159, 1163, 1164, -1,
      1159, 1164, 1160, -1,
      1160, 1164, 1165, -1,
      1160, 1165, 1161, -1,
      1161, 1165, 1166, -1,
      1161, 1166, 1162, -1,
      1162, 1166, 803, -1,
      1162, 803, 806, -1,
      1082, 726, 801, -1,
      34, 1086, 1127, -1,
      1127, 1086, 1085, -1,
      1127, 1085, 1163, -1,
      1163, 1085, 1084, -1,
      1163, 1084, 1164, -1,
      1164, 1084, 1083, -1,
      1164, 1083, 1165, -1,
      1165, 1083, 1082, -1,
      1165, 1082, 1166, -1,
      1166, 1082, 801, -1,
      1166, 801, 803, -1,
      930, 1167, 929, -1,
      929, 1167, 917, -1,
      930, 931, 1167, -1,
      1167, 931, 932, -1,
      1167, 932, 933, -1,
      857, 770, 1123, -1,
      1123, 770, 771, -1,
      1123, 771, 772, -1,
      772, 777, 1123, -1,
      1123, 777, 760, -1,
      1123, 760, 675, -1,
      933, 857, 1167, -1,
      1167, 857, 1123, -1,
      1167, 1123, 1168, -1,
      1168, 1123, 1126, -1,
      1168, 1126, 1169, -1,
      1169, 1126, 1125, -1,
      1169, 1125, 1170, -1,
      1170, 1125, 1124, -1,
      1170, 1124, 1171, -1,
      1171, 1124, 1087, -1,
      1171, 1087, 8, -1,
      8, 1087, 12, -1,
      842, 892, 1142, -1,
      1142, 892, 893, -1,
      1142, 893, 894, -1,
      894, 895, 1142, -1,
      1142, 895, 896, -1,
      1142, 896, 897, -1,
      1025, 1172, 1024, -1,
      1024, 1172, 934, -1,
      1025, 1026, 1172, -1,
      1172, 1026, 1014, -1,
      1172, 1014, 963, -1,
      897, 934, 1142, -1,
      1142, 934, 1172, -1,
      1142, 1172, 1141, -1,
      1141, 1172, 1173, -1,
      1141, 1173, 1139, -1,
      1139, 1173, 1174, -1,
      1139, 1174, 1137, -1,
      1137, 1174, 1175, -1,
      1137, 1175, 1135, -1,
      1135, 1175, 1176, -1,
      1135, 1176, 28, -1,
      28, 1176, 2, -1,
      1, 2, 1176, -1,
      0, 1, 1177, -1,
      3, 0, 1178, -1,
      4, 3, 1179, -1,
      5, 4, 1180, -1,
      6, 5, 1181, -1,
      7, 6, 1182, -1,
      8, 7, 1183, -1,
      1184, 944, 1007, -1,
      8, 1183, 1171, -1,
      1171, 1183, 1185, -1,
      1171, 1185, 1170, -1,
      1170, 1185, 1186, -1,
      1170, 1186, 1169, -1,
      1169, 1186, 1187, -1,
      1169, 1187, 1168, -1,
      1168, 1187, 1184, -1,
      1168, 1184, 1167, -1,
      1167, 1184, 1007, -1,
      1167, 1007, 917, -1,
      1188, 947, 945, -1,
      7, 1182, 1183, -1,
      1183, 1182, 1189, -1,
      1183, 1189, 1185, -1,
      1185, 1189, 1190, -1,
      1185, 1190, 1186, -1,
      1186, 1190, 1191, -1,
      1186, 1191, 1187, -1,
      1187, 1191, 1188, -1,
      1187, 1188, 1184, -1,
      1184, 1188, 945, -1,
      1184, 945, 944, -1,
      1192, 950, 948, -1,
      6, 1181, 1182, -1,
      1182, 1181, 1193, -1,
      1182, 1193, 1189, -1,
      1189, 1193, 1194, -1,
      1189, 1194, 1190, -1,
      1190, 1194, 1195, -1,
      1190, 1195, 1191, -1,
      1191, 1195, 1192, -1,
      1191, 1192, 1188, -1,
      1188, 1192, 948, -1,
      1188, 948, 947, -1,
      1196, 953, 951, -1,
      5, 1180, 1181, -1,
      1181, 1180, 1197, -1,
      1181, 1197, 1193, -1,
      1193, 1197, 1198, -1,
      1193, 1198, 1194, -1,
      1194, 1198, 1199, -1,
      1194, 1199, 1195, -1,
      1195, 1199, 1196, -1,
      1195, 1196, 1192, -1,
      1192, 1196, 951, -1,
      1192, 951, 950, -1,
      1200, 975, 954, -1,
      4, 1179, 1180, -1,
      1180, 1179, 1201, -1,
      1180, 1201, 1197, -1,
      1197, 1201, 1202, -1,
      1197, 1202, 1198, -1,
      1198, 1202, 1203, -1,
      1198, 1203, 1199, -1,
      1199, 1203, 1200, -1,
      1199, 1200, 1196, -1,
      1196, 1200, 954, -1,
      1196, 954, 953, -1,
      3, 1178, 1179, -1,
      1179, 1178, 1204, -1,
      1179, 1204, 1201, -1,
      1201, 1204, 1205, -1,
      1201, 1205, 1202, -1,
      1202, 1205, 1206, -1,
      1202, 1206, 1203, -1,
      1203, 1206, 1207, -1,
      1203, 1207, 1200, -1,
      1200, 1207, 970, -1,
      1200, 970, 975, -1,
      0, 1177, 1178, -1,
      1178, 1177, 1208, -1,
      1178, 1208, 1204, -1,
      1204, 1208, 1209, -1,
      1204, 1209, 1205, -1,
      1205, 1209, 1210, -1,
      1205, 1210, 1206, -1,
      1206, 1210, 1211, -1,
      1206, 1211, 1207, -1,
      1207, 1211, 966, -1,
      1207, 966, 970, -1,
      1172, 963, 962, -1,
      1, 1176, 1177, -1,
      1177, 1176, 1175, -1,
      1177, 1175, 1208, -1,
      1208, 1175, 1174, -1,
      1208, 1174, 1209, -1,
      1209, 1174, 1173, -1,
      1209, 1173, 1210, -1,
      1210, 1173, 1172, -1,
      1210, 1172, 1211, -1,
      1211, 1172, 962, -1,
      1211, 962, 966, -1,
    ]
  }
}

Shape {
  appearance Appearance {
    material Material {
      diffuseColor 0.0000 0.0000 0.0000
      specularColor 0.0000 0.0000 0.0000
      ambientIntensity 0.2
      transparency 0.0000
      shininess 0.5
    }
  }
  geometry IndexedFaceSet {
    ccw TRUE
    solid FALSE
    coord DEF co Coordinate {
      point [
        0.542038 -0.069597 0.433071,
        0.521654 -0.085239 0.433071,
        0.423228 -0.085239 0.433071,
        0.402844 -0.069597 0.433071,
        0.557680 -0.049213 0.433071,
        0.374016 0.000000 0.433071,
        0.377370 -0.025474 0.433071,
        0.387202 -0.049213 0.433071,
        0.497915 0.095071 0.433071,
        0.521654 0.085239 0.433071,
        0.542038 0.069597 0.433071,
        0.557680 0.049213 0.433071,
        0.377370 0.025474 0.433071,
        0.387202 0.049213 0.433071,
        0.402844 0.069597 0.433071,
        0.423228 0.085239 0.433071,
        0.446967 0.095071 0.433071,
        0.472441 0.098425 0.433071,
        0.567512 0.025474 0.433071,
        0.570866 0.000000 0.433071,
        0.567512 -0.025474 0.433071,
        0.497915 -0.095071 0.433071,
        0.472441 -0.098425 0.433071,
        0.446967 -0.095071 0.433071,
        0.570866 -0.000000 0.354331,
        0.567512 0.025474 0.354331,
        0.557680 0.049213 0.354331,
        0.542038 0.069597 0.354331,
        0.521654 0.085239 0.354331,
        0.497915 0.095071 0.354331,
        0.472441 0.098425 0.354331,
        0.446967 0.095071 0.354331,
        0.423228 0.085239 0.354331,
        0.402844 0.069597 0.354331,
        0.387202 0.049213 0.354331,
        0.377370 0.025474 0.354331,
        0.374016 0.000000 0.354331,
        0.377370 -0.025474 0.354331,
        0.387202 -0.049213 0.354331,
        0.402844 -0.069597 0.354331,
        0.423228 -0.085239 0.354331,
        0.446967 -0.095071 0.354331,
        0.472441 -0.098425 0.354331,
        0.497915 -0.095071 0.354331,
        0.521654 -0.085239 0.354331,
        0.542038 -0.069597 0.354331,
        0.557680 -0.049213 0.354331,
        0.567512 -0.025474 0.354331,
        0.472441 0.000000 0.354331,
      ]
    }
    coordIndex [
      24, 19, 25, -1,
      25, 19, 18, -1,
      25, 18, 26, -1,
      26, 18, 11, -1,
      26, 11, 27, -1,
      27, 11, 10, -1,
      27, 10, 28, -1,
      28, 10, 9, -1,
      28, 9, 29, -1,
      29, 9, 8, -1,
      29, 8, 30, -1,
      30, 8, 17, -1,
      30, 17, 31, -1,
      31, 17, 16, -1,
      31, 16, 32, -1,
      32, 16, 15, -1,
      32, 15, 33, -1,
      33, 15, 14, -1,
      33, 14, 34, -1,
      34, 14, 13, -1,
      34, 13, 35, -1,
      35, 13, 12, -1,
      35, 12, 36, -1,
      36, 12, 5, -1,
      36, 5, 37, -1,
      37, 5, 6, -1,
      37, 6, 38, -1,
      38, 6, 7, -1,
      38, 7, 39, -1,
      39, 7, 3, -1,
      39, 3, 40, -1,
      40, 3, 2, -1,
      40, 2, 41, -1,
      41, 2, 23, -1,
      41, 23, 42, -1,
      42, 23, 22, -1,
      42, 22, 43, -1,
      43, 22, 21, -1,
      43, 21, 44, -1,
      44, 21, 1, -1,
      44, 1, 45, -1,
      45, 1, 0, -1,
      45, 0, 46, -1,
      46, 0, 4, -1,
      46, 4, 47, -1,
      47, 4, 20, -1,
      47, 20, 24, -1,
      24, 20, 19, -1,
      46, 47, 48, -1,
      48, 47, 24, -1,
      48, 24, 25, -1,
      43, 44, 48, -1,
      48, 44, 45, -1,
      48, 45, 46, -1,
      40, 41, 48, -1,
      48, 41, 42, -1,
      48, 42, 43, -1,
      37, 38, 48, -1,
      48, 38, 39, -1,
      48, 39, 40, -1,
      34, 35, 48, -1,
      48, 35, 36, -1,
      48, 36, 37, -1,
      31, 32, 48, -1,
      48, 32, 33, -1,
      48, 33, 34, -1,
      28, 29, 48, -1,
      48, 29, 30, -1,
      48, 30, 31, -1,
      25, 26, 48, -1,
      48, 26, 27, -1,
      48, 27, 28, -1,
    ]
  }
}
