ISO-10303-21;
HEADER;
FILE_DESCRIPTION (( 'STEP AP214' ),
    '1' );
FILE_NAME ('NACA 0009 Canard V2.STEP',
    '2026-05-28T18:38:53',
    ( '' ),
    ( '' ),
    'SwSTEP 2.0',
    'SolidWorks 2025',
    '' );
FILE_SCHEMA (( 'AUTOMOTIVE_DESIGN' ));
ENDSEC;

DATA;
#1 = DIRECTION ( 'NONE',  ( -0.000000000000000000, -0.000000000000000000, 1.000000000000000000 ) ) ;
#2 = CARTESIAN_POINT ( 'NONE',  ( 9.326185820397570936, 12.60717559299906121, 1.754584047459249785 ) ) ;
#3 = CARTESIAN_POINT ( 'NONE',  ( 1.914399870188546515, 17.60548641877666398, 11.23720211062718732 ) ) ;
#4 = CARTESIAN_POINT ( 'NONE',  ( 5.204581930240382626, 4.904221557306630785, 2.624935813281857655 ) ) ;
#5 = CARTESIAN_POINT ( 'NONE',  ( -5.540687270784605545, 5.068809741892919440, 2.099301594871324284 ) ) ;
#6 = CARTESIAN_POINT ( 'NONE',  ( -1.493123397642554862, 29.08844227048102127, 2.281589406936088249 ) ) ;
#7 = EDGE_LOOP ( 'NONE', ( #2604, #4044, #2306, #5108, #221 ) ) ;
#8 = CARTESIAN_POINT ( 'NONE',  ( 2.392127586410633722, 17.18298835778164957, 6.200692912929750555 ) ) ;
#9 = CARTESIAN_POINT ( 'NONE',  ( 8.305506780374960485, 15.71233254926724143, 2.121122770352783959 ) ) ;
#10 = CARTESIAN_POINT ( 'NONE',  ( 5.946298963275316041, 5.675790077149359902, 2.722622255344478326 ) ) ;
#11 = CARTESIAN_POINT ( 'NONE',  ( -8.207252694352321853, 8.672798614704792186, 2.116374195021145432 ) ) ;
#12 = CARTESIAN_POINT ( 'NONE',  ( 7.948021668553518992, 19.43715461053662352, 2.009574188442578180 ) ) ;
#13 = CARTESIAN_POINT ( 'NONE',  ( -1.367548422947091558, -1.002118912208887158, 1.176893957531707890 ) ) ;
#14 = ORIENTED_EDGE ( 'NONE', *, *, #5293, .T. ) ;
#15 = CARTESIAN_POINT ( 'NONE',  ( -5.534908308661356635, 5.064967302523815107, 2.098089966342294055 ) ) ;
#16 = CARTESIAN_POINT ( 'NONE',  ( -1.553971432151586507, 28.23149704743007504, 2.150080010208034853 ) ) ;
#17 = CARTESIAN_POINT ( 'NONE',  ( 1.549071902207861173, 5.016876610194871411, 10.15709243664702655 ) ) ;
#18 = CARTESIAN_POINT ( 'NONE',  ( 0.3175574466717996924, 13.39279153786013765, 6.000000000000000000 ) ) ;
#19 = CARTESIAN_POINT ( 'NONE',  ( -2.327486109904242539, 8.900641542429037045, 6.398689862732938494 ) ) ;
#20 = CARTESIAN_POINT ( 'NONE',  ( -4.560266876240763878, 5.413116465965966739, 3.273913756789139207 ) ) ;
#21 = CARTESIAN_POINT ( 'NONE',  ( 5.635229271194083012, 5.131618058201850907, 0.6298710741504461863 ) ) ;
#22 = CARTESIAN_POINT ( 'NONE',  ( -8.523312029487597030, 9.648487211715263356, 2.022543643233114086 ) ) ;
#23 = CARTESIAN_POINT ( 'NONE',  ( 1.930544988976672371, 9.933937313816302961, 9.842474312971699391 ) ) ;
#24 = CARTESIAN_POINT ( 'NONE',  ( -1.384805895187096514, -1.054008631726922607, 0.9412530858383505450 ) ) ;
#25 = CARTESIAN_POINT ( 'NONE',  ( -5.153537766045782398, 21.98213812126127209, 2.539760123990963958 ) ) ;
#26 = CARTESIAN_POINT ( 'NONE',  ( -4.650870686204729765, 12.14367213474282181, 3.983430398369140146 ) ) ;
#27 = CARTESIAN_POINT ( 'NONE',  ( 7.458379186511847614, 18.94527290706881217, 2.408756105618828247 ) ) ;
#28 = CARTESIAN_POINT ( 'NONE',  ( 1.531308290279101536, 27.28093070021542133, 7.645390598832022100 ) ) ;
#29 = EDGE_CURVE ( 'NONE', #435, #2051, #1104, .T. ) ;
#30 = CARTESIAN_POINT ( 'NONE',  ( -7.000000000000000000, 13.39279153786013588, 40.09866853283232757 ) ) ;
#31 = CARTESIAN_POINT ( 'NONE',  ( 1.922654313355702582, 17.15750092489572864, 11.28036986958684196 ) ) ;
#32 = CARTESIAN_POINT ( 'NONE',  ( 8.459454579681171538, 9.254162427858121376, 2.039183432232733129 ) ) ;
#33 = CARTESIAN_POINT ( 'NONE',  ( -1.496141933806751423, 29.08757321607979662, 2.067796487489860446 ) ) ;
#34 = EDGE_CURVE ( 'NONE', #5660, #3229, #2922, .T. ) ;
#35 = ORIENTED_EDGE ( 'NONE', *, *, #2873, .T. ) ;
#36 = CARTESIAN_POINT ( 'NONE',  ( 1.877550512443508568, 25.55351191688874124, 3.269886464924139702 ) ) ;
#37 = CYLINDRICAL_SURFACE ( 'NONE', #4757, 2.650000000000000355 ) ;
#38 = CARTESIAN_POINT ( 'NONE',  ( 4.959718380548285843, 4.697250595182856259, 2.441237683887318433 ) ) ;
#39 = CARTESIAN_POINT ( 'NONE',  ( -6.632592675248465852, 20.96093743000372456, 1.871428898675785879 ) ) ;
#40 = B_SPLINE_CURVE_WITH_KNOTS ( 'NONE', 3,
 ( #1780, #2, #4889, #389 ),
 .UNSPECIFIED., .F., .F.,
 ( 4, 4 ),
 ( 0.000000000000000000, 0.0001747243057363894283 ),
 .UNSPECIFIED. ) ;
#41 = CARTESIAN_POINT ( 'NONE',  ( -5.546266167523780766, 5.072676473054983148, 2.167408418337731124 ) ) ;
#42 = CARTESIAN_POINT ( 'NONE',  ( 8.265204007217864302, 7.648220512427322149, 1.458107379307308937 ) ) ;
#43 = CARTESIAN_POINT ( 'NONE',  ( -1.876355137573981535, 9.867709193479814900, 11.05019412468964646 ) ) ;
#44 = CARTESIAN_POINT ( 'NONE',  ( -5.746503423190457482, 21.57678443163369053, 0.7240031208094029891 ) ) ;
#45 = CARTESIAN_POINT ( 'NONE',  ( -1.647055102972110996, 24.89661035758964402, 9.718508540465741419 ) ) ;
#46 = CARTESIAN_POINT ( 'NONE',  ( 1.351277186956127085, -0.9754393968584302854, 1.353614872505917832 ) ) ;
#47 = CARTESIAN_POINT ( 'NONE',  ( 0.000000000000000000, 40.51147067576006577, 40.00000000000000000 ) ) ;
#48 = CARTESIAN_POINT ( 'NONE',  ( -2.343928268034310314, 9.097857203157630579, 6.363283236807673049 ) ) ;
#49 = CARTESIAN_POINT ( 'NONE',  ( -7.240685718812107652, 7.552880495269452155, 2.437147182676067558 ) ) ;
#50 = CARTESIAN_POINT ( 'NONE',  ( 6.290686786340444314, 20.79596368415698748, 2.741780243380394833 ) ) ;
#51 = CARTESIAN_POINT ( 'NONE',  ( -6.822784708047983315, 6.610852038890452143, 2.516071407685370076 ) ) ;
#52 = CIRCLE ( 'NONE', #997, 1.749999999999998890 ) ;
#53 = CARTESIAN_POINT ( 'NONE',  ( -7.908331161939865517, 18.70156601534348084, 2.236768954531299869 ) ) ;
#54 = CARTESIAN_POINT ( 'NONE',  ( -1.156353853754414018, 1.106468853992810253, 6.756173645934219429 ) ) ;
#55 = CARTESIAN_POINT ( 'NONE',  ( -2.773731528136599511, 23.80709254102476180, 2.106939586277118526 ) ) ;
#56 = CARTESIAN_POINT ( 'NONE',  ( 7.375617670847580243, 15.98359816080864171, 2.462130253823740400 ) ) ;
#57 = CARTESIAN_POINT ( 'NONE',  ( 9.124154215507861210, 11.27261890105730835, 1.824222734082393549 ) ) ;
#58 = CARTESIAN_POINT ( 'NONE',  ( 1.475954810701949782, 29.04294643844122703, 3.208604887769461289 ) ) ;
#59 = CARTESIAN_POINT ( 'NONE',  ( -8.543125434913728000, 11.23843162944982410, 2.030486341545787887 ) ) ;
#60 = CARTESIAN_POINT ( 'NONE',  ( 1.470833425771359781, 28.89141353424701109, 4.336030298798132065 ) ) ;
#61 = CARTESIAN_POINT ( 'NONE',  ( -6.929566588890193835, 20.10608234192539712, 2.550183070280573450 ) ) ;
#62 = CARTESIAN_POINT ( 'NONE',  ( 8.615147796065169672, 9.648796438761676697, 1.989929256906274535 ) ) ;
#63 = CARTESIAN_POINT ( 'NONE',  ( -5.252017948061396879, 4.908409242416988505, 2.520014044463759539 ) ) ;
#64 = CARTESIAN_POINT ( 'NONE',  ( -1.793006329682978572, 21.51456113870924369, 10.93558107145477543 ) ) ;
#65 = ORIENTED_EDGE ( 'NONE', *, *, #1373, .T. ) ;
#66 = CARTESIAN_POINT ( 'NONE',  ( 1.903438459777839098, 25.55834192676411121, 2.111899824849277074 ) ) ;
#67 = SURFACE_SIDE_STYLE ('',( #2301 ) ) ;
#68 = EDGE_CURVE ( 'NONE', #5772, #2096, #2710, .T. ) ;
#69 = CARTESIAN_POINT ( 'NONE',  ( 7.536693892555459406, 9.667646715288741532, 2.372208016549026244 ) ) ;
#70 = CARTESIAN_POINT ( 'NONE',  ( -1.409511519642409949, -1.068823945619929106, 0.7131222356366249127 ) ) ;
#71 = CARTESIAN_POINT ( 'NONE',  ( -5.595834467448475458, 5.105625220394515829, 1.899884596929343861 ) ) ;
#72 = CARTESIAN_POINT ( 'NONE',  ( 8.278554335327003244, 7.668249760169381979, 1.586994089152129472 ) ) ;
#73 = CARTESIAN_POINT ( 'NONE',  ( -1.348419692886272170, -0.9881254511738112312, 1.353889731859139411 ) ) ;
#74 = CONICAL_SURFACE ( 'NONE', #3844, 1.750000000000000666, 0.7853981633974516097 ) ;
#75 = CARTESIAN_POINT ( 'NONE',  ( -10.32839268766000096, 24.72200767350947359, 1.250000000000002442 ) ) ;
#76 = CARTESIAN_POINT ( 'NONE',  ( -1.512915440377181842, 27.83189047680141215, 6.863556626977234565 ) ) ;
#77 = CARTESIAN_POINT ( 'NONE',  ( -1.079612185236600297, 13.25147063328241437, 5.276222157658234657 ) ) ;
#78 = CARTESIAN_POINT ( 'NONE',  ( 5.737477314218735636, 21.58311503243986351, 1.412268516803389495 ) ) ;
#79 = CARTESIAN_POINT ( 'NONE',  ( -1.994281220139455746, 3.384916885085758498, 5.384578056802610035 ) ) ;
#80 = CARTESIAN_POINT ( 'NONE',  ( -7.664892079853373730, 19.14179382648291394, 2.331113927010584508 ) ) ;
#81 = CARTESIAN_POINT ( 'NONE',  ( 7.679937569717357526, 18.99771456704784001, 2.317639510036404005 ) ) ;
#82 = CARTESIAN_POINT ( 'NONE',  ( -5.115224408536845679, 4.901267468646756775, 2.766879505798884864 ) ) ;
#83 = CARTESIAN_POINT ( 'NONE',  ( -7.291259567706216416, 19.65236338918216319, 2.436384154362193133 ) ) ;
#84 = CARTESIAN_POINT ( 'NONE',  ( -1.271385350152185900, -0.8704699754117946053, 2.158049723771528594 ) ) ;
#85 = CARTESIAN_POINT ( 'NONE',  ( -6.777663175639597526, 19.66676534261602427, 2.701710985170364232 ) ) ;
#86 = CARTESIAN_POINT ( 'NONE',  ( 7.731560865518385839, 7.880151548676758821, 2.263377738046696397 ) ) ;
#87 = CARTESIAN_POINT ( 'NONE',  ( -8.853402992423101026, 18.04228562405881675, 1.168313679442042341 ) ) ;
#88 = CARTESIAN_POINT ( 'NONE',  ( 1.753382880498056684, 22.49942358897446582, 10.70365440824328651 ) ) ;
#89 = CARTESIAN_POINT ( 'NONE',  ( 9.998054818047988235, 13.63181635599157815, 0.8102032470500314387 ) ) ;
#90 = CARTESIAN_POINT ( 'NONE',  ( 1.594419968962455192, 25.94044631511023624, 9.028467733937667106 ) ) ;
#91 = CARTESIAN_POINT ( 'NONE',  ( -8.523314856322517841, 17.34789509900770454, 2.031619748310707685 ) ) ;
#92 = CARTESIAN_POINT ( 'NONE',  ( 7.135137520773841224, 6.953538516746568199, 2.424333082343157475 ) ) ;
#93 = CARTESIAN_POINT ( 'NONE',  ( -4.994244812577475656, 4.996517300056600774, 3.008134747828941968 ) ) ;
#94 = CARTESIAN_POINT ( 'NONE',  ( -7.000000000000000000, 13.39279153786013588, 1.550000000000002709 ) ) ;
#95 = CARTESIAN_POINT ( 'NONE',  ( -1.256603675668691134, -0.7471171797859165187, 2.499559719795019230 ) ) ;
#96 = CARTESIAN_POINT ( 'NONE',  ( 1.589029791715031337, 27.12759070011414053, 4.335992075008753055 ) ) ;
#97 =( NAMED_UNIT ( * ) PLANE_ANGLE_UNIT ( ) SI_UNIT ( $, .RADIAN. ) );
#98 = CARTESIAN_POINT ( 'NONE',  ( 4.910586656923189075, 4.674848552438395366, 2.512077845872699111 ) ) ;
#99 = CARTESIAN_POINT ( 'NONE',  ( -1.613107873100504408, 5.719990123449717245, 10.44954190525832693 ) ) ;
#100 = CARTESIAN_POINT ( 'NONE',  ( -5.557970041716723486, 5.080300484209125500, 2.103916983124185069 ) ) ;
#101 = CARTESIAN_POINT ( 'NONE',  ( 9.269929144609395877, 17.22268125023218843, 1.289805440965696048 ) ) ;
#102 = ORIENTED_EDGE ( 'NONE', *, *, #3282, .T. ) ;
#103 = ORIENTED_EDGE ( 'NONE', *, *, #3356, .T. ) ;
#104 = EDGE_CURVE ( 'NONE', #5312, #5772, #2871, .T. ) ;
#105 = PLANE ( 'NONE',  #4561 ) ;
#106 = CARTESIAN_POINT ( 'NONE',  ( -1.925465900945142694, 17.15517787217021706, 11.20870152431825773 ) ) ;
#107 = CARTESIAN_POINT ( 'NONE',  ( 5.672508330313523750, 5.157340776515996872, 0.000000000000000000 ) ) ;
#108 = CARTESIAN_POINT ( 'NONE',  ( -2.957510880231483341, 4.551753200031858348, 4.419169698478049746 ) ) ;
#109 = CARTESIAN_POINT ( 'NONE',  ( -4.921086761342009730, 21.48330326155339520, 3.318800297979701330 ) ) ;
#110 = CARTESIAN_POINT ( 'NONE',  ( 5.732786988493783653, 21.58625346061250383, 2.171947501821269721 ) ) ;
#111 = CARTESIAN_POINT ( 'NONE',  ( -1.522764008302496919, 29.06405002340986599, 0.000000000000000000 ) ) ;
#112 = CARTESIAN_POINT ( 'NONE',  ( -8.405988828495537746, 17.68176789822990713, 2.070890239980931469 ) ) ;
#113 = CARTESIAN_POINT ( 'NONE',  ( -1.340712345614735179, -1.021615571639059805, 1.351012961843819582 ) ) ;
#114 = CARTESIAN_POINT ( 'NONE',  ( -6.290547616634015959, 17.24329915094034504, 2.830136507913675992 ) ) ;
#115 = CARTESIAN_POINT ( 'NONE',  ( 7.739827898974334097, 7.893797315618521715, 2.260946812984515830 ) ) ;
#116 = CARTESIAN_POINT ( 'NONE',  ( -0.8430914316019122445, 13.39279153786013588, 5.801067248717890479 ) ) ;
#117 = CARTESIAN_POINT ( 'NONE',  ( 1.823557967220964970, 20.71073995858936101, 11.05876355953971313 ) ) ;
#118 = CARTESIAN_POINT ( 'NONE',  ( 8.065487466135678574, 19.31721965169024458, 1.419126763064397778 ) ) ;
#119 = CARTESIAN_POINT ( 'NONE',  ( 1.480834617755929949, 29.12304734869054101, 2.451037899466323111 ) ) ;
#120 = CARTESIAN_POINT ( 'NONE',  ( -6.558269644662946263, 20.52969056142164561, 2.661568497846017678 ) ) ;
#121 = CARTESIAN_POINT ( 'NONE',  ( 5.219070028966292796, 5.010060420736964559, 2.803174598926276406 ) ) ;
#122 = CARTESIAN_POINT ( 'NONE',  ( -4.703297512097694977, 4.642970619888819428, 2.870450759085234615 ) ) ;
#123 = CARTESIAN_POINT ( 'NONE',  ( -1.647055102972110996, 24.89661035758964402, 9.718508540465741419 ) ) ;
#124 = CARTESIAN_POINT ( 'NONE',  ( -9.879621361704826299, 11.79414289438321184, 0.8468244068761211496 ) ) ;
#125 = CARTESIAN_POINT ( 'NONE',  ( 1.962682778013457252, 17.76158218288917823, 8.850002810776228301 ) ) ;
#126 = CARTESIAN_POINT ( 'NONE',  ( 4.639465971301047986, 14.62025216275375072, 4.006262052362960624 ) ) ;
#127 = CARTESIAN_POINT ( 'NONE',  ( 7.405325844019540860, 8.212955136524243471, 2.423696368636527154 ) ) ;
#128 = CARTESIAN_POINT ( 'NONE',  ( -1.848490601821396906, 9.239416986859307457, 11.04211599118832687 ) ) ;
#129 = CARTESIAN_POINT ( 'NONE',  ( -8.472498052562809079, 9.355636630334489112, 2.036485714281669690 ) ) ;
#130 = CARTESIAN_POINT ( 'NONE',  ( 9.981837884605214484, 14.48243040322353714, 1.061542603874350954 ) ) ;
#131 = ORIENTED_EDGE ( 'NONE', *, *, #2591, .T. ) ;
#132 = ORIENTED_EDGE ( 'NONE', *, *, #2548, .T. ) ;
#133 = FACE_OUTER_BOUND ( 'NONE', #3791, .T. ) ;
#134 = CARTESIAN_POINT ( 'NONE',  ( -1.496578524212785144, 28.24905543656141660, 6.091310987397980270 ) ) ;
#135 = CARTESIAN_POINT ( 'NONE',  ( 5.505897279177255577, 5.046918010833624457, 2.257573908290911646 ) ) ;
#136 = CARTESIAN_POINT ( 'NONE',  ( -1.773592446901749220, 6.047170553647880809, 8.553034313609149564 ) ) ;
#137 = CARTESIAN_POINT ( 'NONE',  ( 6.542912224275033495, 17.28479793561374933, 2.682966973583069237 ) ) ;
#138 = CARTESIAN_POINT ( 'NONE',  ( -8.324397239528806836, 17.73457196843042993, 2.101167044805447137 ) ) ;
#139 = CARTESIAN_POINT ( 'NONE',  ( -8.246430876171991997, 18.04868565824866877, 2.124374789403497665 ) ) ;
#140 = CARTESIAN_POINT ( 'NONE',  ( -1.195640362021830549, -0.5415393831011600101, 3.320431927396349625 ) ) ;
#141 = CARTESIAN_POINT ( 'NONE',  ( -2.742072859616165204, 23.83131488357763317, 2.424185308189913179 ) ) ;
#142 = CARTESIAN_POINT ( 'NONE',  ( 6.042849704751912299, 5.765916273124386926, 2.703012901641493215 ) ) ;
#143 = ADVANCED_FACE ( 'NONE', ( #5564 ), #616, .F. ) ;
#144 = CARTESIAN_POINT ( 'NONE',  ( -8.510640123897982079, 15.57005277037373503, 2.047526992485882769 ) ) ;
#145 = CARTESIAN_POINT ( 'NONE',  ( -2.040319816238420625, 13.49004668815353014, 8.748311370072086035 ) ) ;
#146 = CARTESIAN_POINT ( 'NONE',  ( 8.792998184198030032, 18.15588823287387754, 1.186813505637565047 ) ) ;
#147 = CARTESIAN_POINT ( 'NONE',  ( 1.893435434956631802, 18.41622968403466487, 11.30369745811287530 ) ) ;
#148 = B_SPLINE_SURFACE_WITH_KNOTS ( 'NONE', 1, 3, ( 
 ( #5420, #2076, #1641, #1105, #3435, #2891, #4691, #5131, #4778, #5215, #214, #4279, #4747, #2474, #3873, #747, #626, #1957, #2923, #1194, #5536, #4663, #1521, #1986, #3313, #1610, #5102, #657 ),
 ( #4225, #2417, #5566, #185, #3404, #156, #5655, #1550, #2446, #1076, #4252, #4719, #2018, #3784, #2987, #2860, #714, #3343, #3813, #688, #5595, #243, #1581, #4194, #5158, #1135, #2045, #3842 ) ),
 .UNSPECIFIED., .F., .F., .F.,
 ( 2, 2 ),
 ( 4, 2, 2, 2, 2, 2, 2, 2, 2, 2, 2, 2, 2, 4 ),
 ( 0.000000000000000000, 1.000000000000000000 ),
 ( 0.1216625208408748660, 0.1231028439089477539, 0.1238230054429841909, 0.1245431669770206418, 0.1252633285110570927, 0.1259834900450935158, 0.1274238131131664176, 0.1288641361812393193, 0.1303044592493121934, 0.1331851053854579692, 0.1360657515216037450, 0.1389463976577495208, 0.1418270437938952966, 0.1447076899300410724 ),
 .UNSPECIFIED. ) ;
#149 = CARTESIAN_POINT ( 'NONE',  ( -5.733113515116846415, 21.58459149684643563, 2.276137763484580745 ) ) ;
#150 = CARTESIAN_POINT ( 'NONE',  ( 5.339185227388147936, 5.119812970911755023, 2.806657464300614802 ) ) ;
#151 = CARTESIAN_POINT ( 'NONE',  ( 7.000000000000000000, 13.39279153786013588, 1.750000000000000000 ) ) ;
#152 = CARTESIAN_POINT ( 'NONE',  ( -5.161512775322508517, 4.876448987403602331, 2.634470699576508590 ) ) ;
#153 = CARTESIAN_POINT ( 'NONE',  ( 0.000000000000000000, 13.39279153786013588, 0.000000000000000000 ) ) ;
#154 = CARTESIAN_POINT ( 'NONE',  ( -8.636074523642694345, 8.349625226852285920, 1.215922931903744120 ) ) ;
#155 = CARTESIAN_POINT ( 'NONE',  ( 1.967437078336857326, 17.58913204249046203, 8.835377709484408371 ) ) ;
#156 = CARTESIAN_POINT ( 'NONE',  ( 10.45653695923144433, 4.059854394016297441, 1.249999999999996891 ) ) ;
#157 = CARTESIAN_POINT ( 'NONE',  ( 7.243188417580855187, 7.903783803068479052, 2.479919466723068400 ) ) ;
#158 = CARTESIAN_POINT ( 'NONE',  ( -1.276776123928598849, -0.8497434529098770728, 2.157809569041245989 ) ) ;
#159 = CARTESIAN_POINT ( 'NONE',  ( -9.339719310215437886, 12.66600852385212761, 1.749999999999998890 ) ) ;
#160 = CARTESIAN_POINT ( 'NONE',  ( -8.538691658156597697, 9.510560318273956426, 2.015266758608574627 ) ) ;
#161 = CARTESIAN_POINT ( 'NONE',  ( -7.681649085850135172, 6.926588972656449350, 1.484272048604378780 ) ) ;
#162 = CARTESIAN_POINT ( 'NONE',  ( 9.187080859745666572, 9.308689304364152761, 1.054596016215544552 ) ) ;
#163 = ORIENTED_EDGE ( 'NONE', *, *, #1082, .T. ) ;
#164 = DIRECTION ( 'NONE',  ( 0.7071067811865499042, 0.000000000000000000, 0.7071067811865452413 ) ) ;
#165 = CARTESIAN_POINT ( 'NONE',  ( -1.906083763581511104, 18.88729120445501053, 10.06745052511662664 ) ) ;
#166 = CARTESIAN_POINT ( 'NONE',  ( 5.626710153748739174, 5.125795382632237995, 0.6985630926754221592 ) ) ;
#167 = CARTESIAN_POINT ( 'NONE',  ( -1.479348956686285188, 2.402898343475946330, 6.620880753639666771 ) ) ;
#168 = AXIS2_PLACEMENT_3D ( 'NONE', #94, #1397, #3722 ) ;
#169 = CARTESIAN_POINT ( 'NONE',  ( 5.152603102736813767, 21.98264935594438541, 2.539359261798286305 ) ) ;
#170 = CARTESIAN_POINT ( 'NONE',  ( -5.609387910502880992, 21.65723127866580100, 2.493125827008075834 ) ) ;
#171 = CARTESIAN_POINT ( 'NONE',  ( -8.565619159693477869, 17.30109398685507216, 2.016504788944340820 ) ) ;
#172 = CARTESIAN_POINT ( 'NONE',  ( -1.810982132524949551, 8.553362352800093049, 11.06053218714817987 ) ) ;
#173 = CARTESIAN_POINT ( 'NONE',  ( -7.747404615877679035, 17.41136081182751028, 2.319002982362190934 ) ) ;
#174 = CARTESIAN_POINT ( 'NONE',  ( 8.501925740601048886, 9.521966411179697332, 2.028578647399041035 ) ) ;
#175 = CARTESIAN_POINT ( 'NONE',  ( 7.000000000000000000, 13.39279153786013588, 1.750000000000000000 ) ) ;
#176 = CARTESIAN_POINT ( 'NONE',  ( 7.039988196464645576, 20.53980440371770300, 1.748669170048689603 ) ) ;
#177 = CARTESIAN_POINT ( 'NONE',  ( 1.476789250399261011, 28.58125095703960028, 5.430495801464493510 ) ) ;
#178 = CARTESIAN_POINT ( 'NONE',  ( -5.945914342756705828, 21.16624475586225884, 2.814777334408013143 ) ) ;
#179 = CARTESIAN_POINT ( 'NONE',  ( 5.476803544100799392, 5.027390861442117220, 2.252442441915421423 ) ) ;
#180 = CARTESIAN_POINT ( 'NONE',  ( 1.488818687216119541, 29.09013489488823012, 2.035688499367953153 ) ) ;
#181 = CARTESIAN_POINT ( 'NONE',  ( -5.124844359820304618, 4.871980425255684644, 2.693344965928476498 ) ) ;
#182 = CARTESIAN_POINT ( 'NONE',  ( -1.814896540497807909, 23.31146577157776179, 4.447807987498042515 ) ) ;
#183 = CARTESIAN_POINT ( 'NONE',  ( 8.841481832565117216, 16.48986326587399631, 1.920720533146795805 ) ) ;
#184 = CARTESIAN_POINT ( 'NONE',  ( 1.951342490194954982, 17.17774178448821587, 10.00709372098733141 ) ) ;
#185 = CARTESIAN_POINT ( 'NONE',  ( 10.39740746068020982, 3.341795155096217051, 1.250000000000006217 ) ) ;
#186 = CARTESIAN_POINT ( 'NONE',  ( 6.470461683482604975, 9.711379089908300344, 2.690846974173648043 ) ) ;
#187 = APPLICATION_PROTOCOL_DEFINITION ( 'draft international standard', 'automotive_design', 1998, #2952 ) ;
#188 = CARTESIAN_POINT ( 'NONE',  ( -6.857518241372724255, 6.627667790688480665, 2.502748362412817507 ) ) ;
#189 = CARTESIAN_POINT ( 'NONE',  ( -0.9433504321611367871, 13.93650472578499411, 5.276222157658236434 ) ) ;
#190 = ORIENTED_EDGE ( 'NONE', *, *, #3786, .T. ) ;
#191 = ORIENTED_EDGE ( 'NONE', *, *, #1983, .T. ) ;
#192 = CARTESIAN_POINT ( 'NONE',  ( -9.225768052566865052, 14.83398695638275377, 1.789183545177979395 ) ) ;
#193 = CARTESIAN_POINT ( 'NONE',  ( 1.286431288642468640E-16, 13.74470685447643525, 6.000000000000000000 ) ) ;
#194 = CARTESIAN_POINT ( 'NONE',  ( -4.716092346427263493, 4.574715048059764477, 2.326058407821535834 ) ) ;
#195 = CARTESIAN_POINT ( 'NONE',  ( 9.064001428495441104, 15.70491893805720629, 1.843941191746147679 ) ) ;
#196 = CARTESIAN_POINT ( 'NONE',  ( -1.975804459335798846, 9.904029634855893605, 8.651274642026512751 ) ) ;
#197 = CARTESIAN_POINT ( 'NONE',  ( 5.704098407596005060, 20.17927934635511633, 3.062706361443789049 ) ) ;
#198 = CARTESIAN_POINT ( 'NONE',  ( -5.728101141006228580, 21.58868699020721849, 2.218147905988279600 ) ) ;
#199 = CARTESIAN_POINT ( 'NONE',  ( -5.539816207454232533, 5.067872362440327016, 2.096314648835317040 ) ) ;
#200 = CARTESIAN_POINT ( 'NONE',  ( -3.689023036367536701, 17.28886797121162999, 4.078209859382167402 ) ) ;
#201 = CARTESIAN_POINT ( 'NONE',  ( 8.108299531006801786, 8.561807272534039726, 2.150443882369884374 ) ) ;
#202 = B_SPLINE_CURVE_WITH_KNOTS ( 'NONE', 3,
 ( #1380, #847, #3060, #2665, #406, #2252, #2198, #4439, #4464, #2693, #5399, #1795, #1768, #821, #5781, #1299, #3560, #4411, #17, #5348, #1327, #489, #4904, #2222, #3143, #3509, #873, #3534, #431, #4028, #3973, #5807, #4493, #3589, #4933, #46, #932, #2613, #4522, #2175 ),
 .UNSPECIFIED., .F., .F.,
 ( 4, 1, 1, 1, 1, 1, 1, 1, 1, 1, 1, 1, 1, 1, 1, 1, 1, 1, 1, 1, 1, 1, 1, 1, 1, 1, 1, 1, 1, 1, 1, 1, 1, 1, 1, 1, 1, 4 ),
 ( 0.000000000000000000, 0.003906249999999873799, 0.007812499999999966173, 0.01171874999999983867, 0.01692708333333325932, 0.02343750000000000694, 0.03124999999999986469, 0.03906250000000004857, 0.04947916666666667129, 0.06250000000000005551, 0.07812500000000009714, 0.09895833333333334259, 0.1250000000000000000, 0.1562500000000000833, 0.1875000000000000555, 0.2187500000000000278, 0.2604166666666667407, 0.3125000000000000555, 0.3750000000000000000, 0.4374999999999999445, 0.5000000000000000000, 0.5625000000000000000, 0.6249999999999998890, 0.6875000000000000000, 0.7500000000000000000, 0.8020833333333333703, 0.8437500000000000000, 0.8750000000000000000, 0.9010416666666666297, 0.9218750000000000000, 0.9375000000000000000, 0.9531250000000000000, 0.9661458333333333703, 0.9765625000000000000, 0.9843750000000001110, 0.9908854166666666297, 0.9960937499999998890, 1.000000000000000000 ),
 .UNSPECIFIED. ) ;
#203 = CARTESIAN_POINT ( 'NONE',  ( -4.784856157206482052, 21.20885884085901552, 3.373100684437981389 ) ) ;
#204 = CARTESIAN_POINT ( 'NONE',  ( -3.908531627548158305, 13.47666496831023508, 4.117307790385249966 ) ) ;
#205 = CARTESIAN_POINT ( 'NONE',  ( 1.919241123669782167, 17.30115679193767519, 11.30617632025114716 ) ) ;
#206 = CARTESIAN_POINT ( 'NONE',  ( 1.442929754764005423, 1.885381813145122765, 6.026420018027684122 ) ) ;
#207 = CARTESIAN_POINT ( 'NONE',  ( 5.146591727904235469, 4.885276393745368928, 2.684892473143495106 ) ) ;
#208 = CARTESIAN_POINT ( 'NONE',  ( -8.549171229532754879, 8.147910142300272440, 1.228670447816238909 ) ) ;
#209 = CARTESIAN_POINT ( 'NONE',  ( -6.271275879941467402, 9.740868134481432961, 2.821865007743507459 ) ) ;
#210 = CARTESIAN_POINT ( 'NONE',  ( -2.133027043548961554, 9.957082286051198494, 4.294620134891923513 ) ) ;
#211 = CARTESIAN_POINT ( 'NONE',  ( -9.970071013889119982, 12.59440157142515027, 0.8190515326503007287 ) ) ;
#212 = CARTESIAN_POINT ( 'NONE',  ( 1.922585021781914483, 17.24359720225812609, 11.20950650230198065 ) ) ;
#213 = PRODUCT_DEFINITION_FORMATION_WITH_SPECIFIED_SOURCE ( 'ANY', '', #2614, .NOT_KNOWN. ) ;
#214 = CARTESIAN_POINT ( 'NONE',  ( 2.010394990587488717, 6.209948922011570005, 4.174854341748472919 ) ) ;
#215 = CARTESIAN_POINT ( 'NONE',  ( 5.949730001834006465, 7.001629003200302570, 2.849121040921999803 ) ) ;
#216 = EDGE_CURVE ( 'NONE', #1841, #1081, #4753, .T. ) ;
#217 = FACE_BOUND ( 'NONE', #2683, .T. ) ;
#218 = CARTESIAN_POINT ( 'NONE',  ( -7.943465288750632958, 8.186056303090140318, 2.196655985813125600 ) ) ;
#219 = CARTESIAN_POINT ( 'NONE',  ( -0.6634721272821030302, 14.25612160504288894, 5.276222157658236434 ) ) ;
#220 = VERTEX_POINT ( 'NONE', #655 ) ;
#221 = ORIENTED_EDGE ( 'NONE', *, *, #574, .T. ) ;
#222 = CARTESIAN_POINT ( 'NONE',  ( -10.72536718584446014, 11.25962745431930756, 1.250000000000005551 ) ) ;
#223 = CARTESIAN_POINT ( 'NONE',  ( -5.283670520265574196E-16, 13.19137295054941639, 5.999999999999998224 ) ) ;
#224 = CARTESIAN_POINT ( 'NONE',  ( 4.784903959483395752, 21.23207705849579341, 3.372239749080315985 ) ) ;
#225 = CARTESIAN_POINT ( 'NONE',  ( -1.613476518691811190, 0.2157222626978603230, 1.302425060578493943 ) ) ;
#226 = CARTESIAN_POINT ( 'NONE',  ( 5.047500537818057964, 21.85214561806660427, 3.089926855345534573 ) ) ;
#227 = DIRECTION ( 'NONE',  ( 0.000000000000000000, 0.000000000000000000, -1.000000000000000000 ) ) ;
#228 = CARTESIAN_POINT ( 'NONE',  ( 8.485019974203982684, 16.70584978638841278, 2.050078110845233503 ) ) ;
#229 = CARTESIAN_POINT ( 'NONE',  ( -1.889514558715945425, 25.59281396365221894, 2.841825859858012837 ) ) ;
#230 = CARTESIAN_POINT ( 'NONE',  ( 5.498540979120065231, 5.038682562688964417, 2.213746418268347060 ) ) ;
#231 = CARTESIAN_POINT ( 'NONE',  ( -9.143499500121963663, 15.62314805877242563, 1.816961872907649767 ) ) ;
#232 = CARTESIAN_POINT ( 'NONE',  ( -1.976472100273452215, 9.927002473182835018, 8.652034569666072983 ) ) ;
#233 = CARTESIAN_POINT ( 'NONE',  ( 1.469664582635662908, 28.90772367404051124, 4.339945933096825748 ) ) ;
#234 = CARTESIAN_POINT ( 'NONE',  ( 1.502959916293326925, 0.4027017442885442167, 2.760325703235442241 ) ) ;
#235 = CARTESIAN_POINT ( 'NONE',  ( -6.541552663351116514, 20.53182332261498999, 2.671594260796838594 ) ) ;
#236 = CARTESIAN_POINT ( 'NONE',  ( 7.553767337755956213, 7.564132058022576821, 2.311991074995729978 ) ) ;
#237 = AXIS2_PLACEMENT_3D ( 'NONE', #259, #4821, #3859 ) ;
#238 = CARTESIAN_POINT ( 'NONE',  ( 1.355471407223639124, 24.19481599897425639, 40.00000000000000000 ) ) ;
#239 = CARTESIAN_POINT ( 'NONE',  ( -4.819271297848359836, 5.321114494074980605, 3.247128496784166263 ) ) ;
#240 = CARTESIAN_POINT ( 'NONE',  ( -2.059967838340493795, 7.287577542464581448, 4.218793615510146644 ) ) ;
#241 = CARTESIAN_POINT ( 'NONE',  ( -5.596215457894106571, 5.105054787666031935, 1.366685759021680990 ) ) ;
#242 = CARTESIAN_POINT ( 'NONE',  ( 1.598013213599612126, 27.37471857323872371, 2.577073663354663147 ) ) ;
#243 = CARTESIAN_POINT ( 'NONE',  ( 10.65766514422875666, 17.04293299961328856, 1.249999999999999334 ) ) ;
#244 = CARTESIAN_POINT ( 'NONE',  ( 6.855833060129164380, 9.324977733503608590, 2.492355230734182747 ) ) ;
#245 = CARTESIAN_POINT ( 'NONE',  ( -0.03112798277922468326, 13.34634678762362725, 6.000000000000000888 ) ) ;
#246 = CARTESIAN_POINT ( 'NONE',  ( -8.423336335960563304, 9.253404126782896810, 2.052396638402782969 ) ) ;
#247 = CARTESIAN_POINT ( 'NONE',  ( 1.877515490969049017, 1.421488980311066408, 0.000000000000000000 ) ) ;
#248 = EDGE_LOOP ( 'NONE', ( #1647, #371, #1991, #1235, #3644, #1906, #3849 ) ) ;
#249 = ORIENTED_EDGE ( 'NONE', *, *, #34, .T. ) ;
#250 = EDGE_CURVE ( 'NONE', #5049, #3936, #3698, .T. ) ;
#251 = CARTESIAN_POINT ( 'NONE',  ( 4.600005105995950139, 4.408444868044606224, -1.382052838058007615E-13 ) ) ;
#252 = CARTESIAN_POINT ( 'NONE',  ( -0.7732029671692087769, 12.61958857069094364, 5.531449386909398136 ) ) ;
#253 = CARTESIAN_POINT ( 'NONE',  ( -1.079612185236600519, 13.67479042410200663, 5.276222157658236434 ) ) ;
#254 = CARTESIAN_POINT ( 'NONE',  ( -6.453002680613752595, 5.669029931544817380, 1.838475030395565257 ) ) ;
#255 = CARTESIAN_POINT ( 'NONE',  ( 9.318533853580673210, 14.38358084390941372, 1.756766466025156292 ) ) ;
#256 = CARTESIAN_POINT ( 'NONE',  ( -1.925608589660848358, 8.613952587092567725, 8.693497788054546760 ) ) ;
#257 = CARTESIAN_POINT ( 'NONE',  ( 4.356228002693171675, 22.30406406062827074, 3.269615350514708751 ) ) ;
#258 = CARTESIAN_POINT ( 'NONE',  ( -8.404587930597783085, 17.51900336871898034, 2.073849077326333390 ) ) ;
#259 = CARTESIAN_POINT ( 'NONE',  ( 7.000000000000000000, 13.39279153786013588, 40.09866853283232757 ) ) ;
#260 = CARTESIAN_POINT ( 'NONE',  ( -3.541648457344056311, 17.96922665051932810, 4.191625221171885407 ) ) ;
#261 = CARTESIAN_POINT ( 'NONE',  ( -1.656082209339685640, -0.2219568422376469730, 0.000000000000000000 ) ) ;
#262 = DIRECTION ( 'NONE',  ( 1.000000000000000000, 0.000000000000000000, 0.000000000000000000 ) ) ;
#263 = AXIS2_PLACEMENT_3D ( 'NONE', #5071, #5388, #5446 ) ;
#264 = DIRECTION ( 'NONE',  ( -0.000000000000000000, -0.000000000000000000, -1.000000000000000000 ) ) ;
#265 = CARTESIAN_POINT ( 'NONE',  ( 1.471205926103489547, 29.11038150452374751, 3.215763679909559691 ) ) ;
#266 = CARTESIAN_POINT ( 'NONE',  ( 1.459370380309058080, 0.6219637105577776603, 3.572732618713926112 ) ) ;
#267 = CONICAL_SURFACE ( 'NONE', #4313, 1.750000000000000666, 0.7853981633974516097 ) ;
#268 = CARTESIAN_POINT ( 'NONE',  ( -5.734684926723473630, 21.58398409268488294, 2.229011479885846914 ) ) ;
#269 = CARTESIAN_POINT ( 'NONE',  ( 5.326495378078480947, 5.115358154718892436, 2.814030370313972185 ) ) ;
#270 = CARTESIAN_POINT ( 'NONE',  ( 0.5890216044405608420, 35.08798377244412592, 40.00000000000000000 ) ) ;
#271 = CARTESIAN_POINT ( 'NONE',  ( -6.790594425359842923, 8.926217651154740196, 2.495303422704150620 ) ) ;
#272 = CARTESIAN_POINT ( 'NONE',  ( 2.114601630989846992, 1.890625146999568740, 1.292351801125687816 ) ) ;
#273 = CARTESIAN_POINT ( 'NONE',  ( -1.797165152622701489, 8.205028321708766725, 10.91641325044496469 ) ) ;
#274 = CARTESIAN_POINT ( 'NONE',  ( 1.602387715131528667, 27.37389361995363757, 2.271402303450568816 ) ) ;
#275 = CARTESIAN_POINT ( 'NONE',  ( 8.637656986274251381, 9.647862492599845297, 1.981939638817450167 ) ) ;
#276 = CARTESIAN_POINT ( 'NONE',  ( 3.048132005026920055, 3.331623498700916564, 1.606128434157064522 ) ) ;
#277 = CARTESIAN_POINT ( 'NONE',  ( -7.920106535185627905, 19.58263148770395645, 1.465267117940470376 ) ) ;
#278 =( LENGTH_UNIT ( ) NAMED_UNIT ( * ) SI_UNIT ( .MILLI., .METRE. ) );
#279 = CARTESIAN_POINT ( 'NONE',  ( -6.546397486024193135, 6.280528648479463349, 2.584573700540666596 ) ) ;
#280 = CARTESIAN_POINT ( 'NONE',  ( 0.02476098642904963135, 40.37102198973636291, 40.00000000000001421 ) ) ;
#281 = ORIENTED_EDGE ( 'NONE', *, *, #250, .T. ) ;
#282 = B_SPLINE_CURVE_WITH_KNOTS ( 'NONE', 3,
 ( #2821, #1946, #374, #2169 ),
 .UNSPECIFIED., .F., .F.,
 ( 4, 4 ),
 ( 0.000000000000000000, 1.000000000000000000 ),
 .UNSPECIFIED. ) ;
#283 = EDGE_LOOP ( 'NONE', ( #4051, #5048, #3024, #564, #3577, #4607, #3805, #4489, #2364, #5190 ) ) ;
#284 = CARTESIAN_POINT ( 'NONE',  ( 5.130406548734553596, 4.790587545544184422, -1.268008322039671239E-15 ) ) ;
#285 = CARTESIAN_POINT ( 'NONE',  ( -0.03600719110604534701, 13.42879872896618210, 6.000000000000000000 ) ) ;
#286 = CARTESIAN_POINT ( 'NONE',  ( -1.079612185236599631, 13.11079265161826513, 5.276222157658235545 ) ) ;
#287 = CARTESIAN_POINT ( 'NONE',  ( 7.465977724696526430, 18.95198343088970816, 2.405879812225438119 ) ) ;
#288 = ADVANCED_FACE ( 'NONE', ( #3928 ), #3222, .T. ) ;
#289 = CARTESIAN_POINT ( 'NONE',  ( -1.699678013726638071, 5.884785889498345135, 9.491341245208710475 ) ) ;
#290 = CARTESIAN_POINT ( 'NONE',  ( 2.375568447468144218, 17.24544107958631045, 6.293707374030436341 ) ) ;
#291 = CARTESIAN_POINT ( 'NONE',  ( 9.340230229409883123, 13.40879867876902054, 1.749871526407834832 ) ) ;
#292 = CARTESIAN_POINT ( 'NONE',  ( 8.525024572401209255, 9.652362131395021194, 2.021901525243260611 ) ) ;
#293 = CARTESIAN_POINT ( 'NONE',  ( -2.245515732669311593, 18.74160113588274257, 6.695712866324599055 ) ) ;
#294 = CARTESIAN_POINT ( 'NONE',  ( -0.4446082313809261444, -3.866933888814292786, 0.000000000000000000 ) ) ;
#295 = EDGE_CURVE ( 'NONE', #5600, #1962, #40, .T. ) ;
#296 = CARTESIAN_POINT ( 'NONE',  ( -8.410433778575466590, 17.48842440742838278, 2.072467164478675183 ) ) ;
#297 = CARTESIAN_POINT ( 'NONE',  ( -8.558751721878824270, 17.27696821120841264, 2.019231904252827281 ) ) ;
#298 = CARTESIAN_POINT ( 'NONE',  ( -5.527114719995879000, 5.059770794081479117, 2.150216415906687661 ) ) ;
#299 = EDGE_LOOP ( 'NONE', ( #4482, #2510, #2424, #190, #1220 ) ) ;
#300 = CARTESIAN_POINT ( 'NONE',  ( 1.295092567743773904, 0.3005186234229066389, 4.278167211251911795 ) ) ;
#301 = CARTESIAN_POINT ( 'NONE',  ( -8.450493583319516944, 17.42515246443612043, 2.057763030625890277 ) ) ;
#302 = CARTESIAN_POINT ( 'NONE',  ( 0.6871227554043080055, 13.39279153786013765, 5.957250786414758359 ) ) ;
#303 = CARTESIAN_POINT ( 'NONE',  ( -6.849367613582370673, 9.426016296419911455, 2.504085640103749011 ) ) ;
#304 = CARTESIAN_POINT ( 'NONE',  ( -10.55222782124567793, 5.489286015421471099, 1.250000000000004885 ) ) ;
#305 = CARTESIAN_POINT ( 'NONE',  ( -4.590736003266790988, 4.469481553121632089, 1.172967339252360741 ) ) ;
#306 = CARTESIAN_POINT ( 'NONE',  ( 1.924166891689687464, 17.16440433309874081, 11.20837359950610690 ) ) ;
#307 = CARTESIAN_POINT ( 'NONE',  ( 1.930543224136324065, 9.933821985351503514, 9.842430883873900527 ) ) ;
#308 = CARTESIAN_POINT ( 'NONE',  ( 2.974959798490313556, 3.438539983557418633, 3.149349683570870084 ) ) ;
#309 = CARTESIAN_POINT ( 'NONE',  ( -7.333755603650780053, 7.256534236448669795, 2.375911478996021842 ) ) ;
#310 = CARTESIAN_POINT ( 'NONE',  ( 0.5314304036781041241, 16.20646842740686466, 39.99999999999999289 ) ) ;
#311 = CARTESIAN_POINT ( 'NONE',  ( -7.957389311132469167, 19.46013582529681329, 2.006653732979188032 ) ) ;
#312 = ORIENTED_EDGE ( 'NONE', *, *, #5500, .F. ) ;
#313 = ORIENTED_EDGE ( 'NONE', *, *, #5426, .F. ) ;
#314 = CARTESIAN_POINT ( 'NONE',  ( 0.04547155851405845078, 13.42293087435844612, 6.000000000000000888 ) ) ;
#315 = CARTESIAN_POINT ( 'NONE',  ( 0.6606562466494463326, 14.05344778450957399, 5.801067248717891367 ) ) ;
#316 = CARTESIAN_POINT ( 'NONE',  ( -1.033164628025770249, 13.12292493354433631, 5.403835772283816397 ) ) ;
#317 = FACE_OUTER_BOUND ( 'NONE', #1437, .T. ) ;
#318 = CARTESIAN_POINT ( 'NONE',  ( 6.671018928114627045, 19.83972135307470808, 2.690076154699920341 ) ) ;
#319 = CARTESIAN_POINT ( 'NONE',  ( -1.816606362212001224, 8.556231871025783420, 10.94804422130494181 ) ) ;
#320 = CARTESIAN_POINT ( 'NONE',  ( 2.744767313124204744, 23.82189229614188974, 2.330781840905091773 ) ) ;
#321 = FACE_OUTER_BOUND ( 'NONE', #1907, .T. ) ;
#322 = CARTESIAN_POINT ( 'NONE',  ( -1.381082143127388084, -1.093265680710766352, 0.8981559242281756950 ) ) ;
#323 = CARTESIAN_POINT ( 'NONE',  ( -2.705863805739422645, 23.50317947092297999, 4.076199305961292652 ) ) ;
#324 = CARTESIAN_POINT ( 'NONE',  ( -0.9600418415978704267, 18.43408675383948747, 39.99999999999993605 ) ) ;
#325 = CARTESIAN_POINT ( 'NONE',  ( -9.149447759246992717, 15.62483648012099557, 1.814778073300837846 ) ) ;
#326 = CARTESIAN_POINT ( 'NONE',  ( 3.112007984528042837, 3.311809840324916987, 0.1544399549370405744 ) ) ;
#327 = CARTESIAN_POINT ( 'NONE',  ( -9.277164314602199369, 12.30894846170845014, 1.771882784800244526 ) ) ;
#328 = CARTESIAN_POINT ( 'NONE',  ( 1.391156561469081288, -0.2544736452297108875, 2.469459127884830796 ) ) ;
#329 = CARTESIAN_POINT ( 'NONE',  ( -5.590534447142436747, 21.66212899013139292, 2.543173940471926908 ) ) ;
#330 = EDGE_CURVE ( 'NONE', #486, #396, #532, .T. ) ;
#331 = CARTESIAN_POINT ( 'NONE',  ( 1.628053052736457396, 27.35465618845552171, 0.5340195580574063072 ) ) ;
#332 = CARTESIAN_POINT ( 'NONE',  ( 0.9343090240781447564, 13.39279153786013765, 5.801067248717891367 ) ) ;
#333 = CARTESIAN_POINT ( 'NONE',  ( -4.572226981900421094, 4.468276282624417561, 1.973549745433904601 ) ) ;
#334 = DIRECTION ( 'NONE',  ( 0.000000000000000000, 0.000000000000000000, -1.000000000000000000 ) ) ;
#335 = CARTESIAN_POINT ( 'NONE',  ( -1.879128784349506809, 9.913373198846802126, 11.02835644400198234 ) ) ;
#336 = CARTESIAN_POINT ( 'NONE',  ( 1.488328403589930460, 29.09045128120206769, 2.069782841286895270 ) ) ;
#337 = CARTESIAN_POINT ( 'NONE',  ( 8.491452492794566709, 17.27424365617250501, 2.043203019102566298 ) ) ;
#338 = CARTESIAN_POINT ( 'NONE',  ( 5.565572413319877398, 5.084058571696663975, 2.142496341567923235 ) ) ;
#339 = CARTESIAN_POINT ( 'NONE',  ( 2.228161350896177506, 7.618004154649075765, 6.579652878024838003 ) ) ;
#340 = CARTESIAN_POINT ( 'NONE',  ( -5.582950524963927741, 5.097067815267956270, 1.791782687244748207 ) ) ;
#341 = CARTESIAN_POINT ( 'NONE',  ( 5.493747829751146838, 21.65225684118340510, 2.791684591705043683 ) ) ;
#342 = ORIENTED_EDGE ( 'NONE', *, *, #862, .F. ) ;
#343 = ORIENTED_EDGE ( 'NONE', *, *, #3100, .T. ) ;
#344 = CARTESIAN_POINT ( 'NONE',  ( 10.69823375674151045, 9.343777162422240323, 1.250000000000001776 ) ) ;
#345 = CARTESIAN_POINT ( 'NONE',  ( 8.424496898530662747, 9.255696997773293688, 2.051989515268017428 ) ) ;
#346 = CARTESIAN_POINT ( 'NONE',  ( 6.844428150752764672, 20.04015959544016567, 2.623538326583926050 ) ) ;
#347 = CARTESIAN_POINT ( 'NONE',  ( -1.517903470057874848, -0.4552610398144532611, 0.9807437587875605933 ) ) ;
#348 = CARTESIAN_POINT ( 'NONE',  ( 3.645217096565710690, 17.38850611059500650, 4.072220894907997213 ) ) ;
#349 = CARTESIAN_POINT ( 'NONE',  ( 7.410326981488531750, 10.76379213733795304, 2.443702237121784027 ) ) ;
#350 = CARTESIAN_POINT ( 'NONE',  ( -4.541772233751801835, 4.444932439413652681, 1.893771637719600998 ) ) ;
#351 = CARTESIAN_POINT ( 'NONE',  ( -2.393229697750107743, 17.18339253100998931, 6.200095680029290790 ) ) ;
#352 = CARTESIAN_POINT ( 'NONE',  ( -1.094350397598402136, 26.14872517696828069, 39.99999999999990052 ) ) ;
#353 = CARTESIAN_POINT ( 'NONE',  ( -9.168876552088121912, 11.40483702957853218, 1.809171895552837750 ) ) ;
#354 = DIRECTION ( 'NONE',  ( 0.000000000000000000, 0.000000000000000000, -1.000000000000000000 ) ) ;
#355 = FACE_BOUND ( 'NONE', #4723, .T. ) ;
#356 = CARTESIAN_POINT ( 'NONE',  ( 1.575920366964980168, 4.500528285197729517, 9.030398734706224673 ) ) ;
#357 = CARTESIAN_POINT ( 'NONE',  ( -8.510980201138870882, 17.28616855067379987, 2.036742494876619958 ) ) ;
#358 = AXIS2_PLACEMENT_3D ( 'NONE', #1257, #334, #3014 ) ;
#359 = CARTESIAN_POINT ( 'NONE',  ( 2.778054154849833424, 23.80336813858902545, 1.347118321724193102 ) ) ;
#360 = CARTESIAN_POINT ( 'NONE',  ( -0.8095998129474150096, 12.58319172491273186, 5.403835772283816397 ) ) ;
#361 = CARTESIAN_POINT ( 'NONE',  ( -2.938464726909324476, 4.233044694578994793, 4.238555961225461743 ) ) ;
#362 = CARTESIAN_POINT ( 'NONE',  ( -10.56563408951931216, 5.729093331779771425, 1.249999999999998446 ) ) ;
#363 = CARTESIAN_POINT ( 'NONE',  ( -1.771793829781964869, 7.778737704776961692, 10.86666396430889314 ) ) ;
#364 = CARTESIAN_POINT ( 'NONE',  ( 1.475954810701949782, 29.04294643844122703, 3.208604887769461289 ) ) ;
#365 = AXIS2_PLACEMENT_3D ( 'NONE', #2147, #3032, #1177 ) ;
#366 = CARTESIAN_POINT ( 'NONE',  ( 5.519459323401020967, 5.268870877635683847, 2.782437881621534270 ) ) ;
#367 = CARTESIAN_POINT ( 'NONE',  ( 2.104790729333214649, 1.875223581873104006, 1.386263186615378284 ) ) ;
#368 = B_SPLINE_CURVE_WITH_KNOTS ( 'NONE', 12,
 ( #4624, #4742, #1158, #2040, #4274, #5530, #5589, #238, #3808, #3399, #270, #3751, #1039 ),
 .UNSPECIFIED., .F., .F.,
 ( 13, 13 ),
 ( 0.000000000000000000, 1.000000000000000000 ),
 .UNSPECIFIED. ) ;
#369 = CARTESIAN_POINT ( 'NONE',  ( -5.549336493539525961, 5.074560374911678551, 2.101610862437982785 ) ) ;
#370 = CARTESIAN_POINT ( 'NONE',  ( 1.488812615629646396, 29.09009803830258178, 2.036316299657809914 ) ) ;
#371 = ORIENTED_EDGE ( 'NONE', *, *, #1307, .F. ) ;
#372 = CARTESIAN_POINT ( 'NONE',  ( 10.50826740374810697, 4.778626488955909579, 1.249999999999999112 ) ) ;
#373 = CARTESIAN_POINT ( 'NONE',  ( 8.489751575584280729, 9.443029841107343003, 2.031680188719313662 ) ) ;
#374 = CARTESIAN_POINT ( 'NONE',  ( -1.949834972848451198, 11.75287049350209934, 11.10316605847259197 ) ) ;
#375 = CARTESIAN_POINT ( 'NONE',  ( 7.856952653662615305, 8.108823659966747144, 2.236442800634511396 ) ) ;
#376 = CARTESIAN_POINT ( 'NONE',  ( -1.514526666558005275, -0.4518652195623938939, 1.018654267431104321 ) ) ;
#377 = CARTESIAN_POINT ( 'NONE',  ( 4.349999999999999645, 13.39279153786014653, 4.251819466630647248 ) ) ;
#378 = CARTESIAN_POINT ( 'NONE',  ( 9.224702847132652650, 11.95293128320622600, 1.789527072360107773 ) ) ;
#379 = CARTESIAN_POINT ( 'NONE',  ( -1.540464280804562325, 28.16720749541632429, 3.413778345775318801 ) ) ;
#380 = DIRECTION ( 'NONE',  ( 0.000000000000000000, 0.000000000000000000, -1.000000000000000000 ) ) ;
#381 = CARTESIAN_POINT ( 'NONE',  ( -5.130817047527385100, 5.739374376583964654, 3.098768100996759145 ) ) ;
#382 = CARTESIAN_POINT ( 'NONE',  ( -7.426588240069232683, 13.45746763778024402, 2.450493432077761824 ) ) ;
#383 = CARTESIAN_POINT ( 'NONE',  ( -9.252750965914902537, 12.12494846733341092, 1.780146229039727190 ) ) ;
#384 = CARTESIAN_POINT ( 'NONE',  ( 1.897145931921233597, 9.079333107208997333, 9.833045050987742286 ) ) ;
#385 = CARTESIAN_POINT ( 'NONE',  ( -1.416299682990026954, -1.091539281414549478, 0.6161741338760271525 ) ) ;
#386 = CARTESIAN_POINT ( 'NONE',  ( -8.468129159804639983, 17.28534161527347734, 2.052513920203109521 ) ) ;
#387 = CARTESIAN_POINT ( 'NONE',  ( -0.8430914316019119115, 13.17257278897698924, 5.801067248717890479 ) ) ;
#388 = CARTESIAN_POINT ( 'NONE',  ( -1.884170636139290700, 4.292684596677831976, 4.079622760435117179 ) ) ;
#389 = CARTESIAN_POINT ( 'NONE',  ( 9.296011211459269674, 12.49514051287987293, 1.765247423863258724 ) ) ;
#390 = CARTESIAN_POINT ( 'NONE',  ( 1.484137492426119476, 29.10832942693062364, 2.284742208181322010 ) ) ;
#391 = CARTESIAN_POINT ( 'NONE',  ( 7.371394258325835835, 7.258752402595829878, 2.357755507970099362 ) ) ;
#392 = CARTESIAN_POINT ( 'NONE',  ( 2.430412431412990237, 9.881969735640666386, 6.067266174278104884 ) ) ;
#393 = CARTESIAN_POINT ( 'NONE',  ( -7.699791136419237958, 6.948588661532546951, 1.622546283183941451 ) ) ;
#394 = CARTESIAN_POINT ( 'NONE',  ( -7.324580550400579426, 7.256805858675792642, 2.380401765093484112 ) ) ;
#395 = CARTESIAN_POINT ( 'NONE',  ( 7.503917115401426585, 19.26901938812532933, 2.375376392060269737 ) ) ;
#396 = VERTEX_POINT ( 'NONE', #1752 ) ;
#397 = CARTESIAN_POINT ( 'NONE',  ( -5.354335034284652295, 4.915999026243065728, 2.145858488331100045 ) ) ;
#398 = CARTESIAN_POINT ( 'NONE',  ( 10.45653695923144433, 4.059854394016297441, 1.249999999999996891 ) ) ;
#399 = ADVANCED_FACE ( 'NONE', ( #4946 ), #4095, .F. ) ;
#400 = CARTESIAN_POINT ( 'NONE',  ( 7.325505465340127031, 7.260108994566979668, 2.380203661675336146 ) ) ;
#401 = CARTESIAN_POINT ( 'NONE',  ( -8.292872076316482932, 8.855947529599658807, 2.090348444208095735 ) ) ;
#402 = CARTESIAN_POINT ( 'NONE',  ( 9.606639718845297438, 11.13940642528175573, 1.608525134361575848 ) ) ;
#403 = CARTESIAN_POINT ( 'NONE',  ( -1.742742040048825825, 6.446456055461025514, 9.612933440981153765 ) ) ;
#404 = CARTESIAN_POINT ( 'NONE',  ( -5.096894309310143534, 4.773731229431231071, 2.006255092465296652 ) ) ;
#405 = CARTESIAN_POINT ( 'NONE',  ( -1.538496988172660229, 28.04389066718934487, 4.129359206566225460 ) ) ;
#406 = CARTESIAN_POINT ( 'NONE',  ( 1.872681968480371051, 9.726064725339748307, 11.01985506238991697 ) ) ;
#407 = CARTESIAN_POINT ( 'NONE',  ( 5.731952802963743210, 21.58690814417340675, 2.172745083804069832 ) ) ;
#408 = CARTESIAN_POINT ( 'NONE',  ( -6.125374636146664997, 6.417130323194077945, 2.789256019253684826 ) ) ;
#409 = CARTESIAN_POINT ( 'NONE',  ( -8.547405343737077388, 10.90724190487416401, 2.029106001741449283 ) ) ;
#410 = CARTESIAN_POINT ( 'NONE',  ( 1.467211060976238990, 29.02747566124304157, 3.921843847963877305 ) ) ;
#411 = CARTESIAN_POINT ( 'NONE',  ( 1.930551602549825718, 9.934137324183438977, 9.842481868445210225 ) ) ;
#412 = CARTESIAN_POINT ( 'NONE',  ( -1.153859916583828360, -0.1100922791327247074, 4.430223602456562659 ) ) ;
#413 = CARTESIAN_POINT ( 'NONE',  ( -5.497286177996169698, 21.63746869444760890, 2.813225811678732757 ) ) ;
#414 = CARTESIAN_POINT ( 'NONE',  ( 5.703795289245364053, 5.447429456593051000, 2.765803572643561026 ) ) ;
#415 = CARTESIAN_POINT ( 'NONE',  ( -1.079612185236600075, 13.39279153786013588, 5.276222157658235545 ) ) ;
#416 = CARTESIAN_POINT ( 'NONE',  ( -10.67454766196972393, 8.372724710049698871, 1.249999999999994005 ) ) ;
#417 = CARTESIAN_POINT ( 'NONE',  ( -2.931107336230111660, 24.04843115218341865, -7.683003817770061117E-15 ) ) ;
#418 = CARTESIAN_POINT ( 'NONE',  ( 1.487140789746028924, 29.10763724348256787, 2.069589940868948652 ) ) ;
#419 = CARTESIAN_POINT ( 'NONE',  ( 5.527487882277076991, 5.059719835061103232, 2.218317646371497087 ) ) ;
#420 = CARTESIAN_POINT ( 'NONE',  ( 5.648453897213357777, 21.45389101989846026, 2.859876895292885912 ) ) ;
#421 = ORIENTED_EDGE ( 'NONE', *, *, #1336, .T. ) ;
#422 = CARTESIAN_POINT ( 'NONE',  ( 10.72730693867392660, 12.23092687408522039, 1.250000000000001998 ) ) ;
#423 = CARTESIAN_POINT ( 'NONE',  ( 5.320150453423647008, 5.113130746622461587, 2.817716823320650654 ) ) ;
#424 = CARTESIAN_POINT ( 'NONE',  ( -5.332911848404319421, 4.953118244109075086, 2.467047681451965069 ) ) ;
#425 = CARTESIAN_POINT ( 'NONE',  ( 9.250182672752600865, 11.23871050798281779, 1.778918966838464621 ) ) ;
#426 = CARTESIAN_POINT ( 'NONE',  ( -1.393527748111017761, -1.035272602471346115, 0.9055819254921327888 ) ) ;
#427 = VERTEX_POINT ( 'NONE', #1837 ) ;
#428 = EDGE_CURVE ( 'NONE', #3879, #5080, #5101, .T. ) ;
#429 = CARTESIAN_POINT ( 'NONE',  ( -8.770878329060721512, 11.42137328095392412, 1.949999999999993738 ) ) ;
#430 = CARTESIAN_POINT ( 'NONE',  ( -1.762366789423177593, 23.04520179304062566, 8.547030005655789964 ) ) ;
#431 = CARTESIAN_POINT ( 'NONE',  ( 1.182831268097090716, -0.3247157273968007685, 3.820348591663778492 ) ) ;
#432 = CARTESIAN_POINT ( 'NONE',  ( -0.04595030237210126489, 13.39279153786013588, 6.000000000000000000 ) ) ;
#433 = CARTESIAN_POINT ( 'NONE',  ( 5.871143739912254134, 21.22618854915437581, 2.837040384355283607 ) ) ;
#434 = CARTESIAN_POINT ( 'NONE',  ( -6.349423246743759464, 6.081328189621177494, 2.634490379133134663 ) ) ;
#435 = VERTEX_POINT ( 'NONE', #5497 ) ;
#436 = CARTESIAN_POINT ( 'NONE',  ( 1.511629826947308741, 3.819213887086897685, 8.666274774930361247 ) ) ;
#437 = CARTESIAN_POINT ( 'NONE',  ( -1.874360636078732600, 9.867879574728164016, 11.09761702369589642 ) ) ;
#438 = CARTESIAN_POINT ( 'NONE',  ( -8.489554680471755432, 17.28575508297363683, 2.044628207539864739 ) ) ;
#439 = CARTESIAN_POINT ( 'NONE',  ( 3.856899357180749721, 15.94259276625884958, 4.143671225764760990 ) ) ;
#440 = CARTESIAN_POINT ( 'NONE',  ( -8.121016668320216070, 10.97896470389876455, 2.179492440253476104 ) ) ;
#441 = B_SPLINE_CURVE_WITH_KNOTS ( 'NONE', 3,
 ( #2595, #5709, #4394, #4804 ),
 .UNSPECIFIED., .F., .F.,
 ( 4, 4 ),
 ( 0.000000000000000000, 1.000000000000000000 ),
 .UNSPECIFIED. ) ;
#442 = CARTESIAN_POINT ( 'NONE',  ( 1.498753376673623627, 29.08128506602058039, 1.357125314863330878 ) ) ;
#443 = CARTESIAN_POINT ( 'NONE',  ( 0.3997822093600252868, -3.939365538785786214, 0.000000000000000000 ) ) ;
#444 = CARTESIAN_POINT ( 'NONE',  ( 4.522459527859759909, 22.45577996177913604, 8.188055742870507803E-15 ) ) ;
#445 = CARTESIAN_POINT ( 'NONE',  ( 1.490019238957749126, 28.24632039470550993, 6.095595051255271457 ) ) ;
#446 = CARTESIAN_POINT ( 'NONE',  ( 5.233105688575283132, 5.016239529037592071, 2.795963854150211425 ) ) ;
#447 = CARTESIAN_POINT ( 'NONE',  ( 8.021346453612657967, 18.39040248533714461, 2.203241177503789672 ) ) ;
#448 = VERTEX_POINT ( 'NONE', #529 ) ;
#449 = CARTESIAN_POINT ( 'NONE',  ( 2.765674646174522966, 23.80537892460589688, 2.142280495625403347 ) ) ;
#450 = CARTESIAN_POINT ( 'NONE',  ( 10.33115055430257634, 2.624422600657893234, 1.250000000000004885 ) ) ;
#451 = CARTESIAN_POINT ( 'NONE',  ( 8.514948696265452810, 9.581630067935181572, 2.024624047871382615 ) ) ;
#452 = CARTESIAN_POINT ( 'NONE',  ( -8.979910338039006845, 17.94682891305315309, 1.120036913495056519 ) ) ;
#453 = CARTESIAN_POINT ( 'NONE',  ( -5.575418449994965719, 5.091902148886279456, 2.107079465788240569 ) ) ;
#454 = CARTESIAN_POINT ( 'NONE',  ( 9.246347795155292815, 17.17217499488103627, 1.567799157244505137 ) ) ;
#455 = CARTESIAN_POINT ( 'NONE',  ( -1.231261221765483471, -0.6418245703453834272, 2.881139835577552599 ) ) ;
#456 = PLANE ( 'NONE',  #1665 ) ;
#457 = CARTESIAN_POINT ( 'NONE',  ( -1.719471559780088254, 24.00600984758273881, 8.150084202485533780 ) ) ;
#458 = CARTESIAN_POINT ( 'NONE',  ( 9.297916086139704106, 14.28182611266260338, 1.763899525653125133 ) ) ;
#459 = CARTESIAN_POINT ( 'NONE',  ( 8.809202781933937132, 8.660014438013371674, 1.165235492821327323 ) ) ;
#460 = PRODUCT_DEFINITION ( 'UNKNOWN', '', #213, #2976 ) ;
#461 = CARTESIAN_POINT ( 'NONE',  ( -3.105295278641115431, 3.292756056544625221, 1.371857371546838511 ) ) ;
#462 = CARTESIAN_POINT ( 'NONE',  ( -8.639304042672701911, 17.61924146727382379, 1.987095248030896100 ) ) ;
#463 = CARTESIAN_POINT ( 'NONE',  ( 5.534999785371890191, 21.57963544104124409, 2.847289063835138467 ) ) ;
#464 = CARTESIAN_POINT ( 'NONE',  ( -8.093043755909125281, 8.531519068471967060, 2.154987669489039970 ) ) ;
#465 = CARTESIAN_POINT ( 'NONE',  ( 1.925855501081550791, 9.798318757419243852, 9.840140947274282013 ) ) ;
#466 = CARTESIAN_POINT ( 'NONE',  ( -1.876149158048061150, 9.913656482289104233, 11.09956458810496471 ) ) ;
#467 = CARTESIAN_POINT ( 'NONE',  ( -7.856820839783846822, 18.70110627871214604, 2.259452365476718683 ) ) ;
#468 = CARTESIAN_POINT ( 'NONE',  ( 2.005933628129897173, 13.48663347380801802, 9.948194468613877461 ) ) ;
#469 = EDGE_CURVE ( 'NONE', #5080, #5447, #3980, .T. ) ;
#470 = CARTESIAN_POINT ( 'NONE',  ( 1.488818687216119541, 29.09013489488823012, 2.035688499367953153 ) ) ;
#471 = CARTESIAN_POINT ( 'NONE',  ( 1.480851079805555859, 29.08229030731293463, 2.655007843634282327 ) ) ;
#472 = CARTESIAN_POINT ( 'NONE',  ( -1.633818369008658955, -0.5698155511960579789, -0.3649750703390712836 ) ) ;
#473 = CARTESIAN_POINT ( 'NONE',  ( 1.866374437862905911, 19.40268668829960674, 11.22173050998166488 ) ) ;
#474 = CARTESIAN_POINT ( 'NONE',  ( 8.086879587019035753, 8.453093107236783865, 2.153883652942489402 ) ) ;
#475 = CARTESIAN_POINT ( 'NONE',  ( -6.227979652142059841, 5.953686006941738995, 2.663529337180984502 ) ) ;
#476 = CARTESIAN_POINT ( 'NONE',  ( -1.911801544885272541, 17.78586281128103863, 11.21520986575974455 ) ) ;
#477 = EDGE_LOOP ( 'NONE', ( #2681, #3635, #2140, #4071 ) ) ;
#478 = CARTESIAN_POINT ( 'NONE',  ( 1.990143423693295999, 22.73025142679293964, 6.698865254620935517 ) ) ;
#479 = DIRECTION ( 'NONE',  ( -0.000000000000000000, -0.000000000000000000, -1.000000000000000000 ) ) ;
#480 = CARTESIAN_POINT ( 'NONE',  ( 4.590051211524735386, 4.481613983634024301, 2.041382143374441238 ) ) ;
#481 = B_SPLINE_CURVE_WITH_KNOTS ( 'NONE', 3,
 ( #4018, #9, #2716, #5449, #5391, #4161, #4103, #4073, #2744, #1431, #3192, #952, #1814, #126, #3610, #3726, #1461, #1372 ),
 .UNSPECIFIED., .F., .F.,
 ( 4, 2, 2, 2, 2, 2, 2, 2, 4 ),
 ( 9.884849183776203208E-05, 0.0008718366675681861336, 0.001644824843298610222, 0.002417813019029033984, 0.003190801194759458181, 0.003963789370489882377, 0.004736777546220306140, 0.005509765721950730770, 0.006282753897681154533 ),
 .UNSPECIFIED. ) ;
#482 = CARTESIAN_POINT ( 'NONE',  ( -9.794356306299730974, 15.87063765658611558, 0.8673678111536140545 ) ) ;
#483 = CARTESIAN_POINT ( 'NONE',  ( -5.458548990787745581, 5.019041508232295890, 2.309679150222914146 ) ) ;
#484 = CARTESIAN_POINT ( 'NONE',  ( 4.777140378597890980, 4.607519222744119958, 2.598833643464391940 ) ) ;
#485 = CARTESIAN_POINT ( 'NONE',  ( -1.795999870818049349, 8.204201699114925361, 10.93851615126810728 ) ) ;
#486 = VERTEX_POINT ( 'NONE', #2350 ) ;
#487 = CARTESIAN_POINT ( 'NONE',  ( 1.124798758209093030, 21.67614675585048190, 40.00000000000000000 ) ) ;
#488 = CARTESIAN_POINT ( 'NONE',  ( -1.952884989403701477, 17.15761971825524768, 10.00738035588426555 ) ) ;
#489 = CARTESIAN_POINT ( 'NONE',  ( 1.326503031466552018, 2.895246200658508240, 8.797457544103874483 ) ) ;
#490 = CARTESIAN_POINT ( 'NONE',  ( 1.079612185236600075, 13.39279153786013588, 5.276222157658235545 ) ) ;
#491 = CARTESIAN_POINT ( 'NONE',  ( -2.944237177656884974, 3.949510164024730319, 4.001355196356908728 ) ) ;
#492 = CARTESIAN_POINT ( 'NONE',  ( -9.154045555371032705, 15.62614157073137910, 1.813090072634284455 ) ) ;
#493 = CARTESIAN_POINT ( 'NONE',  ( 8.468360803105277057, 17.28401734199838202, 2.051619756106807468 ) ) ;
#494 = CARTESIAN_POINT ( 'NONE',  ( -8.114180445244915774, 8.573719587319517998, 2.148547538281696312 ) ) ;
#495 = CARTESIAN_POINT ( 'NONE',  ( 1.881035098501890435, 9.938445624661010669, 11.02917332591078647 ) ) ;
#496 = CARTESIAN_POINT ( 'NONE',  ( -1.854280232016878971, 9.389861844126466295, 11.07407245052669431 ) ) ;
#497 = CARTESIAN_POINT ( 'NONE',  ( -5.714512784286437608, 21.59768302386032701, 2.276000055940606170 ) ) ;
#498 = CARTESIAN_POINT ( 'NONE',  ( 6.296194839641374941, 13.45686441744223316, 2.860788940067256370 ) ) ;
#499 = CARTESIAN_POINT ( 'NONE',  ( -8.866092856359820473, 18.01805231694442000, 1.164283391442180848 ) ) ;
#500 = CARTESIAN_POINT ( 'NONE',  ( -1.880008482291247951, 9.936259043382147382, 11.02928678425093523 ) ) ;
#501 = DIRECTION ( 'NONE',  ( -0.000000000000000000, -0.000000000000000000, -1.000000000000000000 ) ) ;
#502 = B_SPLINE_SURFACE_WITH_KNOTS ( 'NONE', 5, 3, ( 
 ( #4491, #3616, #871, #5805 ),
 ( #5754, #5318, #5397, #5295 ),
 ( #4026, #3946, #1821, #1378 ),
 ( #5346, #2148, #2250, #1716 ),
 ( #5778, #1325, #3085, #1766 ),
 ( #3058, #3558, #1297, #5370 ),
 ( #2637, #3114, #1793, #2691 ),
 ( #4437, #819, #4902, #4409 ) ),
 .UNSPECIFIED., .F., .F., .F.,
 ( 6, 2, 6 ),
 ( 4, 4 ),
 ( 0.000000000000000000, 0.5000000000000000000, 1.000000000000000000 ),
 ( 0.09753096961554688638, 0.09981193840027996478 ),
 .UNSPECIFIED. ) ;
#503 = CARTESIAN_POINT ( 'NONE',  ( 1.670237897531852589, 24.34182244131203277, 10.06152423079613811 ) ) ;
#504 = EDGE_CURVE ( 'NONE', #692, #4981, #1187, .T. ) ;
#505 = CARTESIAN_POINT ( 'NONE',  ( -5.540642508054379967, 5.068779783586811583, 2.099787994654563672 ) ) ;
#506 = CARTESIAN_POINT ( 'NONE',  ( 8.026631625598183106, 18.38024470119516707, 2.201455077048910525 ) ) ;
#507 = ORIENTED_EDGE ( 'NONE', *, *, #4280, .T. ) ;
#508 = CARTESIAN_POINT ( 'NONE',  ( 1.679280562544094524, 24.85479663561723029, 7.618007573662179510 ) ) ;
#509 = CARTESIAN_POINT ( 'NONE',  ( 5.450000000000000178, 13.39279153786013588, 40.09866853283232757 ) ) ;
#510 = CARTESIAN_POINT ( 'NONE',  ( 4.583642638845017103, 4.477624596350096020, 1.940699972858940470 ) ) ;
#511 = CARTESIAN_POINT ( 'NONE',  ( -5.566792739106633192, 5.086167301449489031, 2.104774918542266615 ) ) ;
#512 = CARTESIAN_POINT ( 'NONE',  ( 5.428286802826684188, 21.74206242529455579, 2.884563440759110975 ) ) ;
#513 = CARTESIAN_POINT ( 'NONE',  ( -1.866800115541952021, 9.632001170643134103, 11.03967508955516230 ) ) ;
#514 = CARTESIAN_POINT ( 'NONE',  ( -1.814351945149453416, 3.484604582366086944, 4.020278506251045769 ) ) ;
#515 = CARTESIAN_POINT ( 'NONE',  ( -1.854131075729662292, 20.40513198996459465, 10.02976221959388781 ) ) ;
#516 = CARTESIAN_POINT ( 'NONE',  ( 8.550000000000000711, 13.39279153786013588, 40.09866853283232757 ) ) ;
#517 = CARTESIAN_POINT ( 'NONE',  ( 0.6200382235541980203, 13.39279153786013588, 5.957250786414758359 ) ) ;
#518 = CARTESIAN_POINT ( 'NONE',  ( -3.055602687178569532, 3.322724240925296613, 1.569191795213934038 ) ) ;
#519 = CARTESIAN_POINT ( 'NONE',  ( -7.336494827110892736, 7.462947686126723212, 2.401708716516473885 ) ) ;
#520 = CARTESIAN_POINT ( 'NONE',  ( 5.581401936424620125, 21.66913933737742681, 2.543836094530054215 ) ) ;
#521 = CARTESIAN_POINT ( 'NONE',  ( -8.501548991033693881, 9.524269453037748079, 2.028804213092446851 ) ) ;
#522 = CARTESIAN_POINT ( 'NONE',  ( -5.541532454824868559, 21.63632295336445210, 2.745703324215780228 ) ) ;
#523 = CARTESIAN_POINT ( 'NONE',  ( -1.863746541586640992, 9.632034683567304967, 11.11029641400638468 ) ) ;
#524 = CARTESIAN_POINT ( 'NONE',  ( -4.457511840628844091, 22.40220145841430366, 2.771466714451195301 ) ) ;
#525 = CARTESIAN_POINT ( 'NONE',  ( 5.128727020979358286, 4.876671808834002420, 2.694854677210264615 ) ) ;
#526 = CARTESIAN_POINT ( 'NONE',  ( -1.033164628025770693, 13.39279153786013765, 5.403835772283816397 ) ) ;
#527 = CARTESIAN_POINT ( 'NONE',  ( 7.747015663423514553, 8.194368992767531168, 2.276467120720937931 ) ) ;
#528 = CARTESIAN_POINT ( 'NONE',  ( -3.888261108266301669, 9.839558322784522915, 4.052574122532669243 ) ) ;
#529 = CARTESIAN_POINT ( 'NONE',  ( -9.225768052566865052, 14.83398695638275377, 1.789183545177979395 ) ) ;
#530 = CARTESIAN_POINT ( 'NONE',  ( 1.593581461531306198, 25.95108413780375400, 9.042288493045271380 ) ) ;
#531 = CARTESIAN_POINT ( 'NONE',  ( -8.439276332805771830, 17.56610671804079971, 2.060189552370457644 ) ) ;
#532 = B_SPLINE_CURVE_WITH_KNOTS ( 'NONE', 3,
 ( #884, #4011, #4039, #5766, #3984, #2675, #4477, #3519, #3546, #2650, #2293, #4535, #444, #1805, #2265, #3602, #5411, #2236 ),
 .UNSPECIFIED., .F., .F.,
 ( 4, 2, 2, 2, 2, 2, 2, 2, 4 ),
 ( 0.000000000000000000, 0.001131304950621452076, 0.002262609901242904151, 0.004525219802485797894, 0.005656524753107240212, 0.006787829703728681663, 0.007919134654350123981, 0.008484787129660845140, 0.009050439604971566299 ),
 .UNSPECIFIED. ) ;
#533 = CARTESIAN_POINT ( 'NONE',  ( 8.515129090786192734, 9.441947312756401089, 2.022554790870197738 ) ) ;
#534 = EDGE_CURVE ( 'NONE', #427, #2714, #4337, .T. ) ;
#535 = CARTESIAN_POINT ( 'NONE',  ( -5.539838871443216739, 5.068276409361225809, 1.993693415220655574 ) ) ;
#536 = CARTESIAN_POINT ( 'NONE',  ( -1.488590275618342451, 29.07982591190526378, 2.651866244977722609 ) ) ;
#537 = CARTESIAN_POINT ( 'NONE',  ( -1.331242796395788908, -0.9422928365118958816, 1.573496041212846919 ) ) ;
#538 = CARTESIAN_POINT ( 'NONE',  ( 2.024041185832766043, 22.12918994275345952, 6.848824900628348367 ) ) ;
#539 = CARTESIAN_POINT ( 'NONE',  ( 7.844015979083239110, 9.385407368127971495, 2.264259273630757630 ) ) ;
#540 = VECTOR ( 'NONE', #2735, 999.9999999999998863 ) ;
#541 = CARTESIAN_POINT ( 'NONE',  ( -5.451486010104729552, 5.014268249662525712, 2.308574815281708048 ) ) ;
#542 = CARTESIAN_POINT ( 'NONE',  ( 0.6634721272821028082, 14.25612160504288717, 5.276222157658236434 ) ) ;
#543 = CARTESIAN_POINT ( 'NONE',  ( -1.665551707706564466, 6.316621171393555834, 10.60375533453633601 ) ) ;
#544 = CIRCLE ( 'NONE', #4029, 1.749999999999998890 ) ;
#545 = CARTESIAN_POINT ( 'NONE',  ( -5.751759102034142757, 21.57308904052881715, 0.000000000000000000 ) ) ;
#546 = CARTESIAN_POINT ( 'NONE',  ( -1.925268955284479944, 17.16505068798002398, 11.20885204352565090 ) ) ;
#547 = CARTESIAN_POINT ( 'NONE',  ( 4.349999999999999645, 13.39279153786013588, 40.09866853283232757 ) ) ;
#548 = CARTESIAN_POINT ( 'NONE',  ( -2.053033618539877203, 5.256451806525136661, 6.480259379067121017 ) ) ;
#549 = CARTESIAN_POINT ( 'NONE',  ( -6.400059127275014248, 20.32003608632351543, 2.785362066186283680 ) ) ;
#550 = CARTESIAN_POINT ( 'NONE',  ( 8.347638555358171786, 17.67950934854941281, 2.092397212151825059 ) ) ;
#551 = CARTESIAN_POINT ( 'NONE',  ( -5.139307201352179000, 4.872284266585236168, 2.667853697166427285 ) ) ;
#552 = CARTESIAN_POINT ( 'NONE',  ( -5.717664000262197455, 21.59260482655873048, 2.353196434598985309 ) ) ;
#553 = CARTESIAN_POINT ( 'NONE',  ( -1.862728683601537538, 9.632045854542027996, 11.13383685549012547 ) ) ;
#554 = CARTESIAN_POINT ( 'NONE',  ( -2.768474642372487526, 23.80466612027199247, 2.140817641926578752 ) ) ;
#555 = CARTESIAN_POINT ( 'NONE',  ( 5.327460426579744279, 4.944159037743799168, 2.433471593930037091 ) ) ;
#556 = CARTESIAN_POINT ( 'NONE',  ( 1.488813618548525231, 29.09020825588044801, 2.035687587575118140 ) ) ;
#557 = CARTESIAN_POINT ( 'NONE',  ( 1.904517462923224658, 18.05392486425090581, 11.21439997462387694 ) ) ;
#558 = CARTESIAN_POINT ( 'NONE',  ( 9.999760854129531751, 13.47873420004708400, 0.8096701461277877598 ) ) ;
#559 = CARTESIAN_POINT ( 'NONE',  ( 1.487822546370086263, 28.27620418699054028, 6.110435542866143876 ) ) ;
#560 = CARTESIAN_POINT ( 'NONE',  ( -5.753860361308879234, 21.57052091952554562, 2.229320586894838474 ) ) ;
#561 = CARTESIAN_POINT ( 'NONE',  ( 5.153750502285360469, 4.938948599614208845, 2.778504239515691587 ) ) ;
#562 = CARTESIAN_POINT ( 'NONE',  ( -7.397168317459107634, 9.694654503561988435, 2.422164562909897345 ) ) ;
#563 = CARTESIAN_POINT ( 'NONE',  ( -1.480521172423516330, 28.85816230704906360, 4.324475056751865942 ) ) ;
#564 = ORIENTED_EDGE ( 'NONE', *, *, #1669, .T. ) ;
#565 = CARTESIAN_POINT ( 'NONE',  ( 1.880531168934754582, 25.57903961002088877, 3.045018964474922374 ) ) ;
#566 = DIRECTION ( 'NONE',  ( 0.000000000000000000, 0.000000000000000000, -1.000000000000000000 ) ) ;
#567 = CARTESIAN_POINT ( 'NONE',  ( 4.350801661493036043, 4.654153716464935364, 3.221310922587896641 ) ) ;
#568 = CARTESIAN_POINT ( 'NONE',  ( -1.467888513358050817, 4.255052235903849400, 9.831199363960958948 ) ) ;
#569 = CARTESIAN_POINT ( 'NONE',  ( -5.226851916869184933, 4.904285602166547520, 2.575226019404187827 ) ) ;
#570 = CARTESIAN_POINT ( 'NONE',  ( -4.714108745746194096, 4.573654176791390746, 2.317793843108070018 ) ) ;
#571 = CARTESIAN_POINT ( 'NONE',  ( 8.685141114054909295, 18.40785237505279426, 1.480697787718892489 ) ) ;
#572 = EDGE_LOOP ( 'NONE', ( #1758, #3259, #5081, #3113 ) ) ;
#573 = ORIENTED_EDGE ( 'NONE', *, *, #1450, .F. ) ;
#574 = EDGE_CURVE ( 'NONE', #1787, #4108, #5026, .T. ) ;
#575 = CARTESIAN_POINT ( 'NONE',  ( -1.884170636139290700, 4.292684596677831976, 4.079622760435117179 ) ) ;
#576 = CARTESIAN_POINT ( 'NONE',  ( -1.488590275618342451, 29.07982591190526378, 2.651866244977722609 ) ) ;
#577 = CARTESIAN_POINT ( 'NONE',  ( 1.079612185236600075, 13.25147063328241614, 5.276222157658236434 ) ) ;
#578 = CARTESIAN_POINT ( 'NONE',  ( -1.479344585680006485, 0.4878837096715405441, 3.136547335115540402 ) ) ;
#579 = CARTESIAN_POINT ( 'NONE',  ( -6.128624023203387061, 6.412786849432489333, 2.787995048991962044 ) ) ;
#580 = CARTESIAN_POINT ( 'NONE',  ( 7.339138572575488517, 17.25229089823359985, 2.467089009847991843 ) ) ;
#581 = CARTESIAN_POINT ( 'NONE',  ( -0.1624344028685157093, 44.84504868164317770, 0.000000000000000000 ) ) ;
#582 = CARTESIAN_POINT ( 'NONE',  ( -8.451480109698533028, 17.56634565812170123, 2.055590640093835741 ) ) ;
#583 = CARTESIAN_POINT ( 'NONE',  ( -1.151210822894217056, -0.1177823747077736405, 4.433049878196436033 ) ) ;
#584 = CARTESIAN_POINT ( 'NONE',  ( -2.764254016137702497, 23.80888523987552929, 2.180520918822678400 ) ) ;
#585 = CARTESIAN_POINT ( 'NONE',  ( 7.379174575846912276, 7.338326498041947588, 2.364918466009171993 ) ) ;
#586 = DIRECTION ( 'NONE',  ( -0.000000000000000000, -0.000000000000000000, -1.000000000000000000 ) ) ;
#587 = CARTESIAN_POINT ( 'NONE',  ( 0.000000000000000000, 13.39279153786013588, 1.250000000000000000 ) ) ;
#588 = CARTESIAN_POINT ( 'NONE',  ( 1.790285749288322625, 21.57628035839688962, 10.96179878237894556 ) ) ;
#589 = CARTESIAN_POINT ( 'NONE',  ( -5.752529762874722508, 21.57155415642148100, 2.173954694532855836 ) ) ;
#590 = CARTESIAN_POINT ( 'NONE',  ( 8.208170591591411380, 8.674388731363350757, 2.116176025771787206 ) ) ;
#591 = CARTESIAN_POINT ( 'NONE',  ( -2.084495143633629741E-17, 13.44371339586526304, 6.000000000000000000 ) ) ;
#592 = CARTESIAN_POINT ( 'NONE',  ( -5.161000025821537385, 5.170513741536482577, 3.005326102300336366 ) ) ;
#593 = CARTESIAN_POINT ( 'NONE',  ( -5.751759102034142757, 21.57308904052881715, 0.000000000000000000 ) ) ;
#594 = CARTESIAN_POINT ( 'NONE',  ( -9.987994846400621185, 12.89289696057551282, 0.8135690277757680056 ) ) ;
#595 = CARTESIAN_POINT ( 'NONE',  ( 2.185158172774126051, 19.60409817316340764, 6.837508115465722014 ) ) ;
#596 = CARTESIAN_POINT ( 'NONE',  ( 7.842624937935485541, 9.470634314056368908, 2.264377833871767276 ) ) ;
#597 = CARTESIAN_POINT ( 'NONE',  ( -1.225912100179831876, -0.6604231292721934876, 2.883204520420685757 ) ) ;
#598 = CARTESIAN_POINT ( 'NONE',  ( -0.3996860622292082166, -3.939445042836479782, 0.000000000000000000 ) ) ;
#599 = CARTESIAN_POINT ( 'NONE',  ( -7.561583698975815615, 7.559605735368262636, 2.307937876518833864 ) ) ;
#600 = CARTESIAN_POINT ( 'NONE',  ( 5.064324779580628544, 21.95605483053653373, 3.012348780787140079 ) ) ;
#601 = ORIENTED_EDGE ( 'NONE', *, *, #4710, .T. ) ;
#602 = ORIENTED_EDGE ( 'NONE', *, *, #3131, .T. ) ;
#603 = DIRECTION ( 'NONE',  ( 1.000000000000000000, 0.000000000000000000, 0.000000000000000000 ) ) ;
#604 = CARTESIAN_POINT ( 'NONE',  ( -1.776518063501030031, 22.34519451252679190, 9.736154809203524607 ) ) ;
#605 = CARTESIAN_POINT ( 'NONE',  ( 0.9433504321611370091, 12.84907834993527942, 5.276222157658235545 ) ) ;
#606 = ADVANCED_FACE ( 'NONE', ( #2851 ), #3717, .T. ) ;
#607 = CARTESIAN_POINT ( 'NONE',  ( -1.426009950385064062, 1.432544672563452526, 5.364171651188489598 ) ) ;
#608 = CARTESIAN_POINT ( 'NONE',  ( -9.250679837016550167, 9.489394803918628440, 1.291825067822814699 ) ) ;
#609 = CARTESIAN_POINT ( 'NONE',  ( 5.006857542267234784, 21.25658151419367314, 3.360544455699322697 ) ) ;
#610 = CARTESIAN_POINT ( 'NONE',  ( -5.566480312786116436, 21.67460484468762871, 2.572200081837802355 ) ) ;
#611 = CARTESIAN_POINT ( 'NONE',  ( -5.600898277188902874, 21.64485658224375442, 2.587779168029820998 ) ) ;
#612 = CARTESIAN_POINT ( 'NONE',  ( -1.791338743599692362, 8.200895208739732212, 11.02692775455589214 ) ) ;
#613 = CARTESIAN_POINT ( 'NONE',  ( -4.582162770626526438, 22.33519885737749888, 2.375179896063420060 ) ) ;
#614 = CARTESIAN_POINT ( 'NONE',  ( 5.858215815121150527, 5.593357277480669687, 2.740682800185621382 ) ) ;
#615 = CARTESIAN_POINT ( 'NONE',  ( -3.858201037693101298, 15.94451193008131540, 4.144708022346756948 ) ) ;
#616 = CONICAL_SURFACE ( 'NONE', #4849, 2.449999999999998401, 0.7853981633974753684 ) ;
#617 = CARTESIAN_POINT ( 'NONE',  ( -1.506575354134333633, 29.07909799135217810, 1.355985446111083403 ) ) ;
#618 = CARTESIAN_POINT ( 'NONE',  ( 1.469566998915259992, 28.99439007917120392, 3.915632746190734537 ) ) ;
#619 = CARTESIAN_POINT ( 'NONE',  ( -5.582231094745120359, 21.65812987385393384, 2.590992589057191431 ) ) ;
#620 = CARTESIAN_POINT ( 'NONE',  ( 5.265273494439015600, 4.916462710108350009, 2.515034471436377039 ) ) ;
#621 = CARTESIAN_POINT ( 'NONE',  ( -0.1424244489444215223, 13.25036708891572168, 6.000000000000001776 ) ) ;
#622 = CARTESIAN_POINT ( 'NONE',  ( -5.096894309310143534, 4.773731229431231071, 2.006255092465296652 ) ) ;
#623 = CARTESIAN_POINT ( 'NONE',  ( 5.742440925564536336, 21.57963543071095813, 0.7242402717937083123 ) ) ;
#624 = DIRECTION ( 'NONE',  ( 1.000000000000000000, 0.000000000000000000, 0.000000000000000000 ) ) ;
#625 = CARTESIAN_POINT ( 'NONE',  ( 1.946891729673628557, 17.37282750635722905, 10.01473898365491522 ) ) ;
#626 = CARTESIAN_POINT ( 'NONE',  ( 2.133721083611987979, 9.964360157229313231, 4.293896483774640949 ) ) ;
#627 = CARTESIAN_POINT ( 'NONE',  ( 6.573321862839586416, 8.258214356136754475, 2.575547373102287096 ) ) ;
#628 = CARTESIAN_POINT ( 'NONE',  ( -1.390995198938306032, -1.046819609151559582, 0.9045456897818795472 ) ) ;
#629 = CARTESIAN_POINT ( 'NONE',  ( -5.538348074710677693, 5.067400091912657167, 2.165801317528411651 ) ) ;
#630 = CARTESIAN_POINT ( 'NONE',  ( 1.075219565215962403, 20.05886888526740464, 39.99999999999990052 ) ) ;
#631 = ORIENTED_EDGE ( 'NONE', *, *, #3819, .T. ) ;
#632 = ORIENTED_EDGE ( 'NONE', *, *, #1739, .F. ) ;
#633 = CARTESIAN_POINT ( 'NONE',  ( -10.70230063430622280, 15.10973774244125956, 1.250000000000000666 ) ) ;
#634 = CARTESIAN_POINT ( 'NONE',  ( -1.348153045119308921E-16, 13.34186967985500338, 5.999999999999998224 ) ) ;
#635 = CARTESIAN_POINT ( 'NONE',  ( -0.9433504321611366761, 12.84907834993527942, 5.276222157658235545 ) ) ;
#636 = CARTESIAN_POINT ( 'NONE',  ( 8.676444179534341217, 16.87482995190866220, 1.978522015739909712 ) ) ;
#637 = CARTESIAN_POINT ( 'NONE',  ( -1.726684326102187361, 5.419748514004621320, 8.415807915244265303 ) ) ;
#638 = CARTESIAN_POINT ( 'NONE',  ( -9.763332862751900265, 15.81616868090096339, 1.395315592280513828 ) ) ;
#639 = AXIS2_PLACEMENT_3D ( 'NONE', #4915, #5032, #3600 ) ;
#640 = CARTESIAN_POINT ( 'NONE',  ( 7.416480564801370967, 17.26389919412051555, 2.438597756016381179 ) ) ;
#641 = CARTESIAN_POINT ( 'NONE',  ( -5.687423780579485388, 21.61522696992379622, 2.333653361169137685 ) ) ;
#642 = CARTESIAN_POINT ( 'NONE',  ( -1.297618744923549894, -0.9370314445590967045, 1.838347981422609800 ) ) ;
#643 = CARTESIAN_POINT ( 'NONE',  ( -6.666634100867724122, 17.34651400534214716, 2.625495274488406583 ) ) ;
#644 = CARTESIAN_POINT ( 'NONE',  ( 6.898510262082537814, 6.703381013056483262, 2.495950357466275804 ) ) ;
#645 = B_SPLINE_CURVE_WITH_KNOTS ( 'NONE', 3,
 ( #1427, #2297, #3249, #4156, #949, #2741, #5504, #2713, #1900, #3189, #1041, #476, #1008, #4980, #4951, #2799, #4100, #64, #981, #4599, #123, #4567, #1489, #3159, #2269, #1811, #1840, #4070, #563, #3606, #1869, #2829, #3664, #536, #3694, #6, #5416, #33, #4626 ),
 .UNSPECIFIED., .F., .F.,
 ( 4, 1, 1, 1, 1, 1, 1, 1, 1, 1, 1, 1, 1, 1, 1, 1, 1, 1, 1, 1, 1, 1, 1, 1, 1, 1, 1, 1, 1, 1, 1, 1, 1, 1, 1, 1, 4 ),
 ( 0.000000000000000000, 0.0004883082825866232783, 0.001139385992702195540, 0.002278771985404167300, 0.003906466260692874337, 0.005859699391039367884, 0.008464010231501209805, 0.01171939878207851199, 0.01692802046300230512, 0.02343879756415702398, 0.03385604092600472126, 0.04687759512831415898, 0.06771208185200933150, 0.09375519025662820694, 0.1354241637040185520, 0.1875103805132566359, 0.2500138406843422922, 0.3125173008554278375, 0.3958552477502086386, 0.4791931946449893842, 0.5625311415397701298, 0.6250346017108556751, 0.6875380618819412204, 0.7500415220530268767, 0.8021277388622647386, 0.8437967123096551392, 0.8750484423951980784, 0.9010915507998170648, 0.9219260375235122096, 0.9375519025662836237, 0.9531777676090549267, 0.9661993218113643644, 0.9766165651732119368, 0.9844294976945977549, 0.9909402747957524182, 0.9961488964766762599, 1.000000000000000000 ),
 .UNSPECIFIED. ) ;
#646 = CARTESIAN_POINT ( 'NONE',  ( -2.005915094768013773, 13.49125328362317688, 9.947044334660965603 ) ) ;
#647 = CARTESIAN_POINT ( 'NONE',  ( 1.528347372473929600, 27.32014617158679926, 7.677451946608429445 ) ) ;
#648 = CARTESIAN_POINT ( 'NONE',  ( 1.516908806562410339, 2.939066152296043732, 7.145360910387331899 ) ) ;
#649 = CARTESIAN_POINT ( 'NONE',  ( -8.090241251017738833, 18.32406740837748416, 2.178258850442631012 ) ) ;
#650 = EDGE_CURVE ( 'NONE', #721, #4738, #3065, .T. ) ;
#651 = CARTESIAN_POINT ( 'NONE',  ( 5.357212975768538499, 4.960177951771591154, 2.407485033636957095 ) ) ;
#652 = CARTESIAN_POINT ( 'NONE',  ( -0.2488417067827988771, 13.64163324464293403, 6.000000000000000000 ) ) ;
#653 = CARTESIAN_POINT ( 'NONE',  ( -6.854178134145273660, 9.322637916109481893, 2.493126875050442948 ) ) ;
#654 = CARTESIAN_POINT ( 'NONE',  ( 5.737216221566514562, 21.58329767219037976, 1.448480544942287507 ) ) ;
#655 = CARTESIAN_POINT ( 'NONE',  ( 3.000000000000000444, 13.39279153786013588, 0.000000000000000000 ) ) ;
#656 = CARTESIAN_POINT ( 'NONE',  ( 1.923892366857320235, 17.17826405180985816, 11.20857554459606042 ) ) ;
#657 = CARTESIAN_POINT ( 'NONE',  ( 1.761087070638010843, 24.24750773063580311, 4.451782893614739223 ) ) ;
#658 = CARTESIAN_POINT ( 'NONE',  ( 2.961749935452323346, 4.557762794437040910, 4.413310451464799833 ) ) ;
#659 = DIRECTION ( 'NONE',  ( 0.000000000000000000, 0.000000000000000000, 1.000000000000000000 ) ) ;
#660 = CARTESIAN_POINT ( 'NONE',  ( -6.242865991398920400, 5.954717038815634744, 2.654439248204992996 ) ) ;
#661 = CARTESIAN_POINT ( 'NONE',  ( -1.079612185236599853, 13.53411244243785561, 5.276222157658236434 ) ) ;
#662 = VERTEX_POINT ( 'NONE', #5349 ) ;
#663 = EDGE_LOOP ( 'NONE', ( #4606, #632, #3442, #3023 ) ) ;
#664 = CARTESIAN_POINT ( 'NONE',  ( -10.69778143611143051, 9.334942369418142150, 1.250000000000000444 ) ) ;
#665 = CARTESIAN_POINT ( 'NONE',  ( 0.7732029671692114414, 14.16599450502933166, 5.531449386909396360 ) ) ;
#666 = CARTESIAN_POINT ( 'NONE',  ( -5.124300841610169854, 5.750999254360578128, 3.101467547392153801 ) ) ;
#667 = CARTESIAN_POINT ( 'NONE',  ( -8.980254373985474103, 17.94609836470602460, 1.125061441053441191 ) ) ;
#668 = CARTESIAN_POINT ( 'NONE',  ( 7.755011080895449993, 8.188147514018385920, 2.273556261078289342 ) ) ;
#669 = CARTESIAN_POINT ( 'NONE',  ( -2.079385134081761510, 1.862374404142748796, 1.755979409014173154 ) ) ;
#670 = CARTESIAN_POINT ( 'NONE',  ( 7.762035961718427579, 17.66833236670778007, 2.315892853729791590 ) ) ;
#671 = CARTESIAN_POINT ( 'NONE',  ( -7.895430571548598842, 18.62892367576275987, 2.246474672038634601 ) ) ;
#672 = CARTESIAN_POINT ( 'NONE',  ( -1.135151207639975679, 0.1936278134212355839, 5.139406989430910677 ) ) ;
#673 = CARTESIAN_POINT ( 'NONE',  ( -3.602937143166288436, 17.59019816879978748, 4.103975667589935483 ) ) ;
#674 = CARTESIAN_POINT ( 'NONE',  ( 5.384281301387325414, 4.973736321118765957, 2.365129142454700073 ) ) ;
#675 = CARTESIAN_POINT ( 'NONE',  ( -8.081158471111477226, 15.82441033471311620, 2.203488851740303289 ) ) ;
#676 = CARTESIAN_POINT ( 'NONE',  ( -7.000000000000000000, 13.39279153786013588, 40.09866853283232757 ) ) ;
#677 = CARTESIAN_POINT ( 'NONE',  ( 1.918697271747288768, 17.30119777412051718, 11.33015078054603464 ) ) ;
#678 = VERTEX_POINT ( 'NONE', #432 ) ;
#679 = CARTESIAN_POINT ( 'NONE',  ( 2.453000396315085929, 9.904178128329419906, 5.991231333523322711 ) ) ;
#680 = CARTESIAN_POINT ( 'NONE',  ( -5.741167513780858656, 21.36010332594668526, 2.854131875976085642 ) ) ;
#681 = CARTESIAN_POINT ( 'NONE',  ( 8.592394390491920220, 9.649289803553907419, 1.997997366040057177 ) ) ;
#682 = CARTESIAN_POINT ( 'NONE',  ( -0.04595030237210123714, 13.38078914082478832, 6.000000000000000000 ) ) ;
#683 = CARTESIAN_POINT ( 'NONE',  ( -6.823581168363092253, 9.078271415528822885, 2.488795071176733931 ) ) ;
#684 = CARTESIAN_POINT ( 'NONE',  ( -9.096511518143495678, 11.16209107715046400, 1.832792501848279354 ) ) ;
#685 = EDGE_CURVE ( 'NONE', #4230, #3776, #2354, .T. ) ;
#686 = CARTESIAN_POINT ( 'NONE',  ( -5.551604381246004749, 5.075332686493005063, 2.101522360627452457 ) ) ;
#687 = CARTESIAN_POINT ( 'NONE',  ( 1.904517462923224658, 18.05392486425090581, 11.21439997462388583 ) ) ;
#688 = CARTESIAN_POINT ( 'NONE',  ( 10.71468992356793137, 14.15571609349586524, 1.249999999999999334 ) ) ;
#689 = CARTESIAN_POINT ( 'NONE',  ( 6.268906713785537654, 9.744390360361308012, 2.823664967444788676 ) ) ;
#690 = CARTESIAN_POINT ( 'NONE',  ( -1.253904188677171572, -2.117401397151386089, 0.000000000000000000 ) ) ;
#691 = CARTESIAN_POINT ( 'NONE',  ( 0.8289703254930320675, 17.45155928459447381, 40.00000000000002842 ) ) ;
#692 = VERTEX_POINT ( 'NONE', #4440 ) ;
#693 = ORIENTED_EDGE ( 'NONE', *, *, #3601, .T. ) ;
#694 = CARTESIAN_POINT ( 'NONE',  ( -10.45709471903326460, 4.052911055245338012, 1.249999999999997335 ) ) ;
#695 = CARTESIAN_POINT ( 'NONE',  ( -0.6200382235541981313, 13.39279153786013765, 5.957250786414758359 ) ) ;
#696 = CARTESIAN_POINT ( 'NONE',  ( -5.240979178382150216, 4.913846048606129280, 2.574558406094904939 ) ) ;
#697 = CARTESIAN_POINT ( 'NONE',  ( 5.780214258050710541, 20.60531699483091117, 3.010916926579503272 ) ) ;
#698 = CARTESIAN_POINT ( 'NONE',  ( -1.501861496391193596, 0.3995163492087702162, 2.762758547891030148 ) ) ;
#699 = CARTESIAN_POINT ( 'NONE',  ( 5.667932082822420448, 21.13637598760403336, 3.044850513885059673 ) ) ;
#700 = CARTESIAN_POINT ( 'NONE',  ( 1.924362305216121172, 17.15450464380564100, 11.20822884464726243 ) ) ;
#701 = FACE_OUTER_BOUND ( 'NONE', #5396, .T. ) ;
#702 = CARTESIAN_POINT ( 'NONE',  ( -2.993916787408593905, 21.01927757493782778, 4.917428862583919091 ) ) ;
#703 = CARTESIAN_POINT ( 'NONE',  ( -0.01738814064295194500, 40.42810455140765669, 40.00000000000000000 ) ) ;
#704 = CARTESIAN_POINT ( 'NONE',  ( 1.924303735995302800, 17.15747452366160175, 11.20827228610946769 ) ) ;
#705 = CARTESIAN_POINT ( 'NONE',  ( 1.592742954100157204, 25.96172196049727177, 9.056109252152875655 ) ) ;
#706 = CARTESIAN_POINT ( 'NONE',  ( 1.427253840144414143, 1.436294898228505756, 5.361095055571829526 ) ) ;
#707 = CARTESIAN_POINT ( 'NONE',  ( -5.749119175516809399, 21.35689858064376878, 2.849335697322413097 ) ) ;
#708 = CARTESIAN_POINT ( 'NONE',  ( 5.205034369357303348, 5.003881312436337048, 2.810385343702341832 ) ) ;
#709 = CARTESIAN_POINT ( 'NONE',  ( 8.749999999999998224, 13.39279153786013588, 1.750000000000000000 ) ) ;
#710 = CARTESIAN_POINT ( 'NONE',  ( -4.567708921424529223, 4.464881213736117793, 2.099335102200830416 ) ) ;
#711 = CARTESIAN_POINT ( 'NONE',  ( 5.535405046603416146, 5.064301786503612846, 2.095743303761328225 ) ) ;
#712 = CARTESIAN_POINT ( 'NONE',  ( -5.687578010240202708, 5.167734002096015189, -0.1035358247912085417 ) ) ;
#713 = CARTESIAN_POINT ( 'NONE',  ( 1.537800162277023430, 28.22006901160912662, 2.844456558777507915 ) ) ;
#714 = CARTESIAN_POINT ( 'NONE',  ( 10.70688170133973394, 9.824987082129991833, 1.249999999999999556 ) ) ;
#715 = CARTESIAN_POINT ( 'NONE',  ( 6.850303218177637987, 9.428520968906539679, 2.503781938181756761 ) ) ;
#716 = CARTESIAN_POINT ( 'NONE',  ( -9.826979320980829158, 11.19524347907963246, 0.9881342990363060075 ) ) ;
#717 = CARTESIAN_POINT ( 'NONE',  ( -5.265878702097213093, 4.917867797405707009, 2.520134216383648873 ) ) ;
#718 = CARTESIAN_POINT ( 'NONE',  ( 0.2363538693099627164, -4.041718843341914003, 0.000000000000000000 ) ) ;
#719 = ORIENTED_EDGE ( 'NONE', *, *, #2658, .T. ) ;
#720 = B_SPLINE_CURVE_WITH_KNOTS ( 'NONE', 3,
 ( #3057, #2172, #5294, #5698 ),
 .UNSPECIFIED., .F., .F.,
 ( 4, 4 ),
 ( 7.048928899447048193E-06, 0.0003075338473889058688 ),
 .UNSPECIFIED. ) ;
#721 = VERTEX_POINT ( 'NONE', #407 ) ;
#722 = CARTESIAN_POINT ( 'NONE',  ( 0.03013933649822184493, 13.43922058409031095, 6.000000000000000888 ) ) ;
#723 = CARTESIAN_POINT ( 'NONE',  ( -0.9867170708149414216, 13.39279153786013588, 5.531449386909396360 ) ) ;
#724 = EDGE_CURVE ( 'NONE', #4920, #4784, #1251, .T. ) ;
#725 = CARTESIAN_POINT ( 'NONE',  ( -0.8459966587256240178, 14.23878819658575345, 5.276222157658236434 ) ) ;
#726 = B_SPLINE_CURVE_WITH_KNOTS ( 'NONE', 12,
 ( #5245, #5765, #3545, #443, #5382, #2674, #2706, #2235, #2320, #4476, #1836, #1922, #3185 ),
 .UNSPECIFIED., .F., .F.,
 ( 13, 13 ),
 ( 0.000000000000000000, 0.2697712717426296036 ),
 .UNSPECIFIED. ) ;
#727 = CARTESIAN_POINT ( 'NONE',  ( -5.720675062535915956, 5.447089846277193281, 2.754355256268936181 ) ) ;
#728 = CARTESIAN_POINT ( 'NONE',  ( 8.674274339063801520, 16.87380888691086867, 1.979326265896384829 ) ) ;
#729 = CARTESIAN_POINT ( 'NONE',  ( -1.872848659082515299, 8.584927053282699561, 9.823164562872531036 ) ) ;
#730 = CARTESIAN_POINT ( 'NONE',  ( 2.708118245223188225, 23.84720500141095911, 2.950138281316014410 ) ) ;
#731 = CARTESIAN_POINT ( 'NONE',  ( 4.899840791085696701, 11.75909336006696293, 3.787433283257835015 ) ) ;
#732 = CARTESIAN_POINT ( 'NONE',  ( -7.681306783009208772, 6.926173884187089236, 1.481663100782122822 ) ) ;
#733 = DIRECTION ( 'NONE',  ( 0.7071067811865499042, 0.000000000000000000, 0.7071067811865452413 ) ) ;
#734 = CARTESIAN_POINT ( 'NONE',  ( -1.889598716360702646, 24.92149148800163871, 5.000714226376981486 ) ) ;
#735 = CARTESIAN_POINT ( 'NONE',  ( -0.7554751509084551842, 17.02950730879506835, 39.99999999999993605 ) ) ;
#736 = AXIS2_PLACEMENT_3D ( 'NONE', #175, #264, #1540 ) ;
#737 = CARTESIAN_POINT ( 'NONE',  ( -8.578459402007338142, 13.45129666871421392, 2.032588559011667684 ) ) ;
#738 = CARTESIAN_POINT ( 'NONE',  ( 1.470605808783080670, 29.05360967154486218, 3.544118241498047883 ) ) ;
#739 = CARTESIAN_POINT ( 'NONE',  ( 1.772180786084759818, 6.045358400213500794, 8.554550332775175292 ) ) ;
#740 = CARTESIAN_POINT ( 'NONE',  ( -8.359194444390828593, 17.68086160233935189, 2.088756952085662810 ) ) ;
#741 = CARTESIAN_POINT ( 'NONE',  ( 7.755836153886144224, 7.882139115061647772, 2.253536360225703472 ) ) ;
#742 = CARTESIAN_POINT ( 'NONE',  ( -9.999867578755187836, 13.39279306113975387, 0.8100654405446060524 ) ) ;
#743 = CARTESIAN_POINT ( 'NONE',  ( -5.949498319209831187, 6.999681424568693799, 2.849759673465465770 ) ) ;
#744 = CARTESIAN_POINT ( 'NONE',  ( -1.774825440526863529, 3.090310236500722230, 3.986504142178982413 ) ) ;
#745 = CARTESIAN_POINT ( 'NONE',  ( -5.542939144670326002, 5.069574979582001539, 2.099708532814437589 ) ) ;
#746 = CARTESIAN_POINT ( 'NONE',  ( 1.540322433578139583, 28.22989092842898273, 2.616114459992630259 ) ) ;
#747 = CARTESIAN_POINT ( 'NONE',  ( 2.125986729624697702, 9.514731704396231393, 4.283350053385408529 ) ) ;
#748 = CARTESIAN_POINT ( 'NONE',  ( 6.671642634585110088, 8.523373229926175298, 2.535553021386019346 ) ) ;
#749 = CARTESIAN_POINT ( 'NONE',  ( -5.694305924842776534, 5.442108210971498217, 2.771171369565541998 ) ) ;
#750 = CARTESIAN_POINT ( 'NONE',  ( 1.063003510161449894, -2.714749327496214004, 0.000000000000000000 ) ) ;
#751 = CARTESIAN_POINT ( 'NONE',  ( -5.073986784028822861, 21.95039846876040812, 3.009326609416238973 ) ) ;
#752 = ORIENTED_EDGE ( 'NONE', *, *, #534, .T. ) ;
#753 = ORIENTED_EDGE ( 'NONE', *, *, #5682, .T. ) ;
#754 = CARTESIAN_POINT ( 'NONE',  ( -8.839311929144027857, 16.50025070792306892, 1.922281331039464414 ) ) ;
#755 = CARTESIAN_POINT ( 'NONE',  ( 0.1424244489444223549, 13.25036708891571813, 6.000000000000000000 ) ) ;
#756 = CARTESIAN_POINT ( 'NONE',  ( -4.548996639692843402, 5.437084484406579321, 3.278930087371077384 ) ) ;
#757 = CARTESIAN_POINT ( 'NONE',  ( 9.297916086139704106, 14.28182611266260338, 1.763899525653125133 ) ) ;
#758 = CARTESIAN_POINT ( 'NONE',  ( 4.555448689519047356, 5.409455287635603682, 3.271646206759864839 ) ) ;
#759 = CARTESIAN_POINT ( 'NONE',  ( -1.344771636847025498, 2.014810418180557505, 7.096028446841048165 ) ) ;
#760 = CARTESIAN_POINT ( 'NONE',  ( 4.419202516838080186, 22.40995680805970380, 2.878293071149516269 ) ) ;
#761 = EDGE_CURVE ( 'NONE', #5447, #1526, #3703, .T. ) ;
#762 = CARTESIAN_POINT ( 'NONE',  ( 5.595514902355592568, 11.13365086909445623, 3.317574805227071710 ) ) ;
#763 = CARTESIAN_POINT ( 'NONE',  ( -1.461652942330216476, 4.240934509915549988, 9.877452368600799559 ) ) ;
#764 = CARTESIAN_POINT ( 'NONE',  ( -3.222300368317548180, 19.78475348323850014, 4.682314457132415342 ) ) ;
#765 = CARTESIAN_POINT ( 'NONE',  ( 0.000000000000000000, 40.51147067576006577, 40.00000000000000000 ) ) ;
#766 = CARTESIAN_POINT ( 'NONE',  ( -5.348082647297231595, 20.90229702169541071, 3.168027169561459466 ) ) ;
#767 = CARTESIAN_POINT ( 'NONE',  ( 2.184738947181356750, 1.828473206592701406, -0.09034176291809188630 ) ) ;
#768 = CARTESIAN_POINT ( 'NONE',  ( -5.386256050188697131, 4.975148241980569708, 2.359991242859636351 ) ) ;
#769 = CARTESIAN_POINT ( 'NONE',  ( 1.927233633291961068, 8.623293261280705835, 8.692397034870355199 ) ) ;
#770 = CARTESIAN_POINT ( 'NONE',  ( -5.524236991588832524, 21.66909753033102959, 2.701671071687087089 ) ) ;
#771 = CARTESIAN_POINT ( 'NONE',  ( -0.3175574466717995259, 13.30984430226586923, 6.000000000000000000 ) ) ;
#772 = CARTESIAN_POINT ( 'NONE',  ( -3.346317877430077026, 7.360719286205877232, 4.457795104147791676 ) ) ;
#773 = CARTESIAN_POINT ( 'NONE',  ( -10.32839268766000096, 24.72200767350947359, 1.250000000000002442 ) ) ;
#774 = CARTESIAN_POINT ( 'NONE',  ( -1.874639447380823221, 9.799094171300495759, 11.02359072729906231 ) ) ;
#775 = CARTESIAN_POINT ( 'NONE',  ( 1.753382880498056684, 22.49942358897446582, 10.70365440824328651 ) ) ;
#776 = CARTESIAN_POINT ( 'NONE',  ( 7.339120090829614362, 17.25226995453141043, 2.467091902242374957 ) ) ;
#777 = CARTESIAN_POINT ( 'NONE',  ( 8.637747175009401701, 9.647873648073419517, 1.981910694022140929 ) ) ;
#778 = CARTESIAN_POINT ( 'NONE',  ( 3.889835639926984001, 9.842217292490301972, 4.052244442024334425 ) ) ;
#779 = CARTESIAN_POINT ( 'NONE',  ( -5.130775343463097826, 4.926679345338288663, 2.790772251636170598 ) ) ;
#780 = CARTESIAN_POINT ( 'NONE',  ( 1.488806531449286874, 29.09018607299657333, 2.036315329033145272 ) ) ;
#781 = ORIENTED_EDGE ( 'NONE', *, *, #1739, .T. ) ;
#782 = EDGE_LOOP ( 'NONE', ( #3585, #2081, #3409, #1631 ) ) ;
#783 = B_SPLINE_SURFACE_WITH_KNOTS ( 'NONE', 5, 3, ( 
 ( #4673, #2207, #1861, #527, #4009, #57, #913, #5817, #1778, #3125, #3628, #5440, #2263, #3184, #2673, #3569 ),
 ( #4064, #3599, #5355, #882, #1390, #1420, #1803, #5003, #3213, #5381, #1364, #27, #2319, #4121, #4233, #2965 ),
 ( #1680, #1997, #2057, #4323, #1115, #5694, #3353, #255, #195, #4790, #4729, #4701, #3383, #3854, #3825, #1591 ),
 ( #758, #3795, #4351, #2085, #5574, #5635, #2486, #3883, #1561, #3475, #4292, #2547, #5140, #697, #2027, #1620 ),
 ( #3911, #2901, #5664, #668, #5263, #2116, #3000, #5230, #2457, #728, #1209, #4759, #318, #1241, #4262, #224 ),
 ( #3028, #5604, #5167, #1145, #2933, #3415, #1651, #5195, #1174, #636, #2518, #287, #3447, #2428, #3968, #4873 ),
 ( #5315, #4844, #1268, #375, #5290, #425, #787, #1818, #4380, #2217, #843, #1295, #5344, #1737, #816, #4022 ),
 ( #3556, #5751, #1323, #3111, #4900, #2170, #4459, #869, #2578, #4816, #3529, #3083, #346, #3055, #3614, #4406 ),
 ( #4434, #2661, #3139, #2635, #2144, #402, #3942, #5802, #1791, #5726, #2607, #1712, #2194, #3583, #3996, #5776 ),
 ( #1763, #5368, #1349, #3503, #4928, #896, #4049, #2688, #4487, #454, #2247, #12, #5394, #1376, #512, #600 ),
 ( #484, #1961, #4077, #72, #2304, #4517, #1405, #130, #4167, #101, #571, #2777, #1933, #2276, #1905, #1048 ),
 ( #927, #2834, #4605, #42, #4576, #5016, #2363, #2719, #2393, #987, #3289, #1847, #3227, #4545, #1435, #4633 ),
 ( #3642, #3730, #5424, #4199, #162, #5511, #1496, #3196, #3256, #5079, #1465, #3760, #5542, #4987, #957, #3700 ) ),
 .UNSPECIFIED., .F., .F., .F.,
 ( 6, 5, 2, 6 ),
 ( 4, 1, 1, 1, 1, 1, 1, 1, 1, 1, 1, 1, 1, 4 ),
 ( -0.01000000000000000021, 0.000000000000000000, 0.5000000000000000000, 1.000000000000000000 ),
 ( 0.005285587755125322959, 0.007733549133526044540, 0.009773516948859977890, 0.01140549120112712561, 0.01303746545339427333, 0.01466943970566141932, 0.01630141395792856704, 0.01752539464712892653, 0.01874937533632928602, 0.01997335602552964898, 0.02119733671473000847, 0.02242131740393037143, 0.02364529809313073438, 0.02486927878233109040 ),
 .UNSPECIFIED. ) ;
#784 = CARTESIAN_POINT ( 'NONE',  ( 10.28092921052057029, 2.146757120536690433, 1.250000000000004219 ) ) ;
#785 = CARTESIAN_POINT ( 'NONE',  ( -4.547083133713186065, 5.441153870742140519, 3.279781780103848909 ) ) ;
#786 = CARTESIAN_POINT ( 'NONE',  ( -10.10419605459814818, 13.42079789959979408, 0.7756915529992979286 ) ) ;
#787 = CARTESIAN_POINT ( 'NONE',  ( 9.491379299630789745, 12.85941228739342712, 1.696380156221846125 ) ) ;
#788 = CARTESIAN_POINT ( 'NONE',  ( -1.667065243634844096, 6.319166953434095291, 10.58432745427054833 ) ) ;
#789 = CARTESIAN_POINT ( 'NONE',  ( 4.594904170673705934, 22.32355903313293410, 2.267375060354293037 ) ) ;
#790 = CARTESIAN_POINT ( 'NONE',  ( 9.339997505444790349, 13.29047707958823210, 1.749999951165463141 ) ) ;
#791 = CARTESIAN_POINT ( 'NONE',  ( -8.697990612561136814, 11.35589997149680386, 1.975738156171828352 ) ) ;
#792 = CARTESIAN_POINT ( 'NONE',  ( -2.204291878084439382, 19.31933781243715842, 6.799076011910820228 ) ) ;
#793 = CARTESIAN_POINT ( 'NONE',  ( 1.478437770745817614, -1.133328825166104892, 0.000000000000000000 ) ) ;
#794 = CARTESIAN_POINT ( 'NONE',  ( -8.668802238237777402, 13.45081267114040990, 1.999811706222170749 ) ) ;
#795 = UNCERTAINTY_MEASURE_WITH_UNIT (LENGTH_MEASURE( 1.000000000000000082E-05 ), #5043, 'distance_accuracy_value', 'NONE');
#796 = CARTESIAN_POINT ( 'NONE',  ( 1.474903944428298086, 29.16753024520132698, 2.658897181998446602 ) ) ;
#797 = CARTESIAN_POINT ( 'NONE',  ( 1.326503031466323090, 2.895246200657977109, 8.797457544104942073 ) ) ;
#798 = CARTESIAN_POINT ( 'NONE',  ( -5.938165048152273862, 21.16863784372385382, 2.819643546268460810 ) ) ;
#799 = CARTESIAN_POINT ( 'NONE',  ( 1.904475588953429499, 25.55467607076846903, 2.077393563070263571 ) ) ;
#800 = CARTESIAN_POINT ( 'NONE',  ( 0.8459966587256249060, 12.54679487913452185, 5.276222157658237322 ) ) ;
#801 = CARTESIAN_POINT ( 'NONE',  ( -2.007105036243875595, 2.709386114221815856, 4.459267969777228835 ) ) ;
#802 = CARTESIAN_POINT ( 'NONE',  ( 0.5577320060440894567, 40.99939050385116701, 0.000000000000000000 ) ) ;
#803 = CARTESIAN_POINT ( 'NONE',  ( -5.714069051891583761, 5.186010421162656314, -0.09890610285046870509 ) ) ;
#804 = CARTESIAN_POINT ( 'NONE',  ( 1.485326133742603583, 29.09118454830007749, 2.284610602957370062 ) ) ;
#805 = CARTESIAN_POINT ( 'NONE',  ( 5.498623845408141086, 5.042036223485747648, 2.256291041697039201 ) ) ;
#806 = CARTESIAN_POINT ( 'NONE',  ( 2.371409188824197489, 9.397822806209488178, 6.304782916473891774 ) ) ;
#807 = CARTESIAN_POINT ( 'NONE',  ( -6.634201236252354583, 20.95948673994966427, 1.879351686429274082 ) ) ;
#808 = CARTESIAN_POINT ( 'NONE',  ( -5.549389093558614761, 5.074595595078442933, 2.101126036094971727 ) ) ;
#809 = CARTESIAN_POINT ( 'NONE',  ( 5.611414106811154490, 21.65602533574781674, 2.488500627189056402 ) ) ;
#810 = CARTESIAN_POINT ( 'NONE',  ( -8.560746782016874334, 8.251091910350218939, 1.782147822339406718 ) ) ;
#811 = ORIENTED_EDGE ( 'NONE', *, *, #250, .F. ) ;
#812 = ORIENTED_EDGE ( 'NONE', *, *, #2060, .F. ) ;
#813 = CONICAL_SURFACE ( 'NONE', #3823, 2.450000000000003286, 0.7853981633974602694 ) ;
#814 = CARTESIAN_POINT ( 'NONE',  ( 10.70022598920679791, 15.11810990426034884, 1.250000000000000222 ) ) ;
#815 = CARTESIAN_POINT ( 'NONE',  ( 6.849623580439542891, 6.628999070497249235, 2.506949514980040039 ) ) ;
#816 = CARTESIAN_POINT ( 'NONE',  ( 5.190557042421045431, 21.16588354441117303, 3.222528591676663279 ) ) ;
#817 = CARTESIAN_POINT ( 'NONE',  ( -1.494421727210357487, -0.4345855185119616992, 1.237147176443674335 ) ) ;
#818 = CARTESIAN_POINT ( 'NONE',  ( 4.647620801014277880, 12.16643557575058665, 3.988097478580356903 ) ) ;
#819 = CARTESIAN_POINT ( 'NONE',  ( -5.747029418182351357, 21.57641533017133639, 0.6516028110188297751 ) ) ;
#820 = CARTESIAN_POINT ( 'NONE',  ( -1.968343167815940431, 17.58863766206281198, 8.836406457197346853 ) ) ;
#821 = CARTESIAN_POINT ( 'NONE',  ( 1.772624875247332588, 7.792276204502117665, 10.86304771769546029 ) ) ;
#822 = CARTESIAN_POINT ( 'NONE',  ( -4.559061472031000761, 5.415679956998755706, 3.274450276672756566 ) ) ;
#823 = CARTESIAN_POINT ( 'NONE',  ( -8.613431323006697227, 9.644887428024075504, 1.990564910678064958 ) ) ;
#824 = CARTESIAN_POINT ( 'NONE',  ( 1.501682127816508894, 27.89754960732402722, 6.913100264573444953 ) ) ;
#825 = CARTESIAN_POINT ( 'NONE',  ( 1.832513363920131200, 8.845123966567188134, 10.96752403184653879 ) ) ;
#826 = CARTESIAN_POINT ( 'NONE',  ( -5.633880080754740227, 21.64476241311246696, 2.447354325231847483 ) ) ;
#827 = CIRCLE ( 'NONE', #3562, 10.00000000000000355 ) ;
#828 = CARTESIAN_POINT ( 'NONE',  ( 0.8095998129474181182, 14.20239135080753812, 5.403835772283815508 ) ) ;
#829 = CARTESIAN_POINT ( 'NONE',  ( -10.43074960831561349, 22.80085293809083069, 1.250000000000003109 ) ) ;
#830 = CARTESIAN_POINT ( 'NONE',  ( -4.978200080705471819, 22.11197099314895453, 5.512278662494169876E-15 ) ) ;
#831 = CARTESIAN_POINT ( 'NONE',  ( 1.595258476393603964, 25.92980849241671848, 9.014646974830062831 ) ) ;
#832 = ADVANCED_FACE ( 'NONE', ( #2724 ), #1346, .T. ) ;
#833 = CARTESIAN_POINT ( 'NONE',  ( 5.551084533853934744, 5.074634998641695205, 2.163510124219583997 ) ) ;
#834 = CARTESIAN_POINT ( 'NONE',  ( 2.052948458656977504, 5.258715613144067547, 6.478414229877082597 ) ) ;
#835 = CARTESIAN_POINT ( 'NONE',  ( -9.796164882403465057, 15.85970354979629171, 0.9960604855416897996 ) ) ;
#836 = CARTESIAN_POINT ( 'NONE',  ( -8.249137671840284014, 8.857925638957194536, 2.107136282913796954 ) ) ;
#837 = CARTESIAN_POINT ( 'NONE',  ( 4.572394636954243197, 22.34122951366184395, 2.148496769306329046 ) ) ;
#838 = ORIENTED_EDGE ( 'NONE', *, *, #5260, .T. ) ;
#839 = CARTESIAN_POINT ( 'NONE',  ( 1.814165387362197013, 23.31135187871075232, 4.448218911862322322 ) ) ;
#840 = CARTESIAN_POINT ( 'NONE',  ( 5.167776391596973440, 4.879831214108111048, 2.629221770460280272 ) ) ;
#841 = B_SPLINE_CURVE_WITH_KNOTS ( 'NONE', 3,
 ( #3087, #77, #4991, #635, #2753, #4581, #992, #3201, #1882, #4638, #2840, #4610, #1054, #3262, #605, #961, #577, #5547 ),
 .UNSPECIFIED., .F., .F.,
 ( 4, 2, 2, 2, 2, 2, 2, 2, 4 ),
 ( 0.000000000000000000, 0.06250000000000001388, 0.1250000000000000000, 0.1874999999999999722, 0.2499999999999999722, 0.3124999999999999445, 0.3749999999999999445, 0.4375000000000000000, 0.5000000000000000000 ),
 .UNSPECIFIED. ) ;
#842 = CARTESIAN_POINT ( 'NONE',  ( -5.500549247718073076, 5.044528678328896731, 2.261766860288718206 ) ) ;
#843 = CARTESIAN_POINT ( 'NONE',  ( 8.244850624844374920, 18.01782005952030374, 2.127751603387907586 ) ) ;
#844 = CARTESIAN_POINT ( 'NONE',  ( -1.517943634002595132, -0.4553014299457975866, 0.9802928484596321601 ) ) ;
#845 = CARTESIAN_POINT ( 'NONE',  ( -2.113680876412160181, 1.890045925392093817, 1.293584093049104489 ) ) ;
#846 = CARTESIAN_POINT ( 'NONE',  ( -1.978627522518396686, 17.19808972847240369, 8.806570783166211669 ) ) ;
#847 = CARTESIAN_POINT ( 'NONE',  ( 1.880164648408030992, 9.915637935686801185, 11.02821261421452270 ) ) ;
#848 = CARTESIAN_POINT ( 'NONE',  ( 7.971844319665628120, 7.302218022860613722, 1.409614754850587959 ) ) ;
#849 = CARTESIAN_POINT ( 'NONE',  ( -6.121170840308516325, 6.422749560485095266, 2.790887361240874220 ) ) ;
#850 = CARTESIAN_POINT ( 'NONE',  ( -8.623630820122558660, 13.45105466992731280, 2.016200132616919216 ) ) ;
#851 = CARTESIAN_POINT ( 'NONE',  ( 1.526373427270482086, 27.34628981916771906, 7.698826178459365011 ) ) ;
#852 = CARTESIAN_POINT ( 'NONE',  ( 1.834330683137729512, 7.850017683993003814, 9.784369467179828916 ) ) ;
#853 = CARTESIAN_POINT ( 'NONE',  ( -1.827890726410151157, 8.835628781137380372, 11.03811248637048159 ) ) ;
#854 = CARTESIAN_POINT ( 'NONE',  ( -5.725097209430770384, 21.59071567926455515, 2.228856926381351578 ) ) ;
#855 = CARTESIAN_POINT ( 'NONE',  ( -9.238409136895073814, 9.458917090183895482, 1.039460885950080682 ) ) ;
#856 = CARTESIAN_POINT ( 'NONE',  ( -7.623296525288703052E-17, 14.07991429326444610, 5.957250786414760135 ) ) ;
#857 = CARTESIAN_POINT ( 'NONE',  ( -10.22411530192204054, 1.671425167172812642, 1.249999999999999778 ) ) ;
#858 = CARTESIAN_POINT ( 'NONE',  ( -1.518654989541434297, -1.182151689265825034, -0.4322380968004201907 ) ) ;
#859 = CARTESIAN_POINT ( 'NONE',  ( 1.475149382893520489, 28.72911210250963521, 4.824923077474485567 ) ) ;
#860 = CARTESIAN_POINT ( 'NONE',  ( 7.143951837322710219, 6.953372587264188276, 2.419787558741415268 ) ) ;
#861 = CARTESIAN_POINT ( 'NONE',  ( 2.081089851742148333, 1.865403788898361670, 1.753103506742194284 ) ) ;
#862 = EDGE_CURVE ( 'NONE', #678, #1616, #3425, .T. ) ;
#863 = CARTESIAN_POINT ( 'NONE',  ( -7.099431176659705578, 6.951910580496709180, 2.442677388227614710 ) ) ;
#864 = CARTESIAN_POINT ( 'NONE',  ( 5.732658987459000599, 21.58634112520093140, 2.200588870298815891 ) ) ;
#865 = VERTEX_POINT ( 'NONE', #1921 ) ;
#866 = CARTESIAN_POINT ( 'NONE',  ( 10.62941708619490555, 18.00494367856326861, 1.249999999999998224 ) ) ;
#867 = CARTESIAN_POINT ( 'NONE',  ( 8.327139033220621656, 9.011249304513892611, 2.082241324182493081 ) ) ;
#868 = CARTESIAN_POINT ( 'NONE',  ( -5.503308391416199541, 5.261742652066814685, 2.792270155577375235 ) ) ;
#869 = CARTESIAN_POINT ( 'NONE',  ( 9.557132819205152785, 14.41304042402703978, 1.669850572497021179 ) ) ;
#870 = CARTESIAN_POINT ( 'NONE',  ( -1.308195142151140189, -0.8944104318733344661, 1.839572874780383227 ) ) ;
#871 = CARTESIAN_POINT ( 'NONE',  ( -1.507701640221224659, 29.07924251012526895, 1.273870079803771205 ) ) ;
#872 = CARTESIAN_POINT ( 'NONE',  ( -1.878482389868465274, 20.27371418819731019, 8.973996751474432543 ) ) ;
#873 = CARTESIAN_POINT ( 'NONE',  ( 1.148771691234029335, 0.2316801857251085117, 5.119391158992002921 ) ) ;
#874 = CARTESIAN_POINT ( 'NONE',  ( 9.581840445047365762, 10.50222053598728422, 0.9368621214457076851 ) ) ;
#875 = CARTESIAN_POINT ( 'NONE',  ( 8.419072643114763110, 17.48041683131675583, 2.068066275520738184 ) ) ;
#876 = CARTESIAN_POINT ( 'NONE',  ( -5.539816207454232533, 5.067872362440327016, 2.096314648835317040 ) ) ;
#877 = CARTESIAN_POINT ( 'NONE',  ( 1.864191262594351750, 9.522385978006093765, 11.00992343735583034 ) ) ;
#878 = CARTESIAN_POINT ( 'NONE',  ( -1.385973272750730123, -1.069964351570925398, 0.9020241012082163001 ) ) ;
#879 = CARTESIAN_POINT ( 'NONE',  ( -5.226801929698935645, 21.94049852047115223, 2.363943689039410767 ) ) ;
#880 = CARTESIAN_POINT ( 'NONE',  ( 8.571209803648290659, 10.91332450405910670, 2.020530739483501037 ) ) ;
#881 = CARTESIAN_POINT ( 'NONE',  ( -8.543125434913728000, 11.23843162944982410, 2.030486341545787887 ) ) ;
#882 = CARTESIAN_POINT ( 'NONE',  ( 7.749014517791498413, 8.192813623080246188, 2.275739405810275784 ) ) ;
#883 = CARTESIAN_POINT ( 'NONE',  ( 5.450000000000000178, 13.39279153786013588, 1.550000000000002709 ) ) ;
#884 = CARTESIAN_POINT ( 'NONE',  ( 1.518675087844590710, 29.06687520796535651, 0.000000000000000000 ) ) ;
#885 = CARTESIAN_POINT ( 'NONE',  ( 1.560934937300279657, 26.64391647019044740, 8.381023202710517594 ) ) ;
#886 = CARTESIAN_POINT ( 'NONE',  ( -7.912912081945155052, 8.187387643712188634, 2.209528556343159700 ) ) ;
#887 = CARTESIAN_POINT ( 'NONE',  ( 8.017195546399028316, 18.39836433421177020, 2.204643757876534771 ) ) ;
#888 = ORIENTED_EDGE ( 'NONE', *, *, #1634, .T. ) ;
#889 = CARTESIAN_POINT ( 'NONE',  ( 2.744974934814443213, 22.67395606662272201, 4.728142045062360133 ) ) ;
#890 = ORIENTED_EDGE ( 'NONE', *, *, #1777, .T. ) ;
#891 = EDGE_CURVE ( 'NONE', #4108, #2166, #2012, .T. ) ;
#892 = CARTESIAN_POINT ( 'NONE',  ( 1.998669353228579526, 5.994723245004105472, 4.165461768452782820 ) ) ;
#893 = CARTESIAN_POINT ( 'NONE',  ( 6.541192231847163363, 6.282328939850691185, 2.587691619111101016 ) ) ;
#894 = CARTESIAN_POINT ( 'NONE',  ( -4.939010685038993209, 22.08797297688863637, 2.423339341158591065 ) ) ;
#895 = CARTESIAN_POINT ( 'NONE',  ( -5.336368840127044599, 5.116981547956064524, 2.808974617407123286 ) ) ;
#896 = CARTESIAN_POINT ( 'NONE',  ( 9.744864114052910864, 11.08971911616643702, 1.405217701034509714 ) ) ;
#897 = CARTESIAN_POINT ( 'NONE',  ( -1.873636187151914934, 9.799161731879896919, 11.04725878249501747 ) ) ;
#898 = ORIENTED_EDGE ( 'NONE', *, *, #1515, .T. ) ;
#899 = EDGE_CURVE ( 'NONE', #4813, #1459, #5594, .T. ) ;
#900 = CARTESIAN_POINT ( 'NONE',  ( -1.393435163483819794, -1.035704021236115713, 0.9055266824115835167 ) ) ;
#901 = CARTESIAN_POINT ( 'NONE',  ( -2.378153030534953860, 17.23069191506843367, 6.280855152222050819 ) ) ;
#902 = CARTESIAN_POINT ( 'NONE',  ( 4.349999999999999645, 13.39279153786014653, 4.251819466630647248 ) ) ;
#903 = CARTESIAN_POINT ( 'NONE',  ( 8.790240801479635380, 8.624999288059886027, 1.170795754641266839 ) ) ;
#904 = CARTESIAN_POINT ( 'NONE',  ( -2.451930890183242173, 9.901771927915303806, 5.992474487878535427 ) ) ;
#905 = CARTESIAN_POINT ( 'NONE',  ( -6.318316784722000534, 20.21428115268916059, 2.816948769462599866 ) ) ;
#906 = CARTESIAN_POINT ( 'NONE',  ( 8.286382442939961734, 17.83121310406549043, 2.113287695814878298 ) ) ;
#907 = CARTESIAN_POINT ( 'NONE',  ( -8.079904392274134040, 8.505489096065140586, 2.158987730201634037 ) ) ;
#908 = CARTESIAN_POINT ( 'NONE',  ( 1.880164648407938621, 9.915637935686778093, 11.02821261421670584 ) ) ;
#909 = CARTESIAN_POINT ( 'NONE',  ( -1.737412607554023936, 7.306193444055931963, 10.85906440428931141 ) ) ;
#910 = CARTESIAN_POINT ( 'NONE',  ( -5.732488433364702374, 21.58560096490102964, 2.173514321655897419 ) ) ;
#911 = CARTESIAN_POINT ( 'NONE',  ( 7.425229338784216537, 13.45110592986395837, 2.450879247009797535 ) ) ;
#912 = CARTESIAN_POINT ( 'NONE',  ( -0.1817538745219505203, 13.39279153786013588, 6.000000000000000000 ) ) ;
#913 = CARTESIAN_POINT ( 'NONE',  ( 9.363011062725904665, 12.86778745680390657, 1.742766921757538334 ) ) ;
#914 = CARTESIAN_POINT ( 'NONE',  ( 1.483213073257634740, 29.08883999003572285, 2.450192633078744464 ) ) ;
#915 = CARTESIAN_POINT ( 'NONE',  ( -1.737559810382258041, 0.1133822743775890207, -0.2930823420874984486 ) ) ;
#916 = CARTESIAN_POINT ( 'NONE',  ( 1.921492432516060278, 17.24364538129588453, 11.25751598173763668 ) ) ;
#917 = CARTESIAN_POINT ( 'NONE',  ( -8.331557840227262091, 17.83306308091472303, 2.096475402440848068 ) ) ;
#918 = CARTESIAN_POINT ( 'NONE',  ( 5.491350411639027485, 5.037154436137870839, 2.255008175103166312 ) ) ;
#919 = CARTESIAN_POINT ( 'NONE',  ( -8.054485497899753099, 8.452709452317108685, 2.166782428278898998 ) ) ;
#920 = VECTOR ( 'NONE', #1501, 1000.000000000000000 ) ;
#921 = CARTESIAN_POINT ( 'NONE',  ( 8.446322064831207399, 17.39753794591347713, 2.058841539495342765 ) ) ;
#922 = ORIENTED_EDGE ( 'NONE', *, *, #104, .T. ) ;
#923 = CARTESIAN_POINT ( 'NONE',  ( 1.955464804317370575, 18.01394656183495613, 8.871314316829543856 ) ) ;
#924 = B_SPLINE_CURVE_WITH_KNOTS ( 'NONE', 3,
 ( #470, #442, #4944, #1835 ),
 .UNSPECIFIED., .F., .F.,
 ( 4, 4 ),
 ( 0.000000000000000000, 1.000000000000000000 ),
 .UNSPECIFIED. ) ;
#925 = CARTESIAN_POINT ( 'NONE',  ( 5.697192197918284684, 5.446185700906950977, 2.770005080873333192 ) ) ;
#926 = CARTESIAN_POINT ( 'NONE',  ( -5.575494561880643296, 5.091953154635012524, 2.106599359765914503 ) ) ;
#927 = CARTESIAN_POINT ( 'NONE',  ( 4.744362868465197280, 4.589814054982265468, 2.461331661256421555 ) ) ;
#928 = CARTESIAN_POINT ( 'NONE',  ( -1.167124615895080986, 1.132944865110085964, 6.731325244879136527 ) ) ;
#929 = ORIENTED_EDGE ( 'NONE', *, *, #4602, .T. ) ;
#930 = CARTESIAN_POINT ( 'NONE',  ( -2.133027043548961554, 9.957082286051198494, 4.294620134891923513 ) ) ;
#931 = CARTESIAN_POINT ( 'NONE',  ( -1.486046745219565812, 29.06624533502005292, 2.902906805216230346 ) ) ;
#932 = CARTESIAN_POINT ( 'NONE',  ( 1.367809239045599146, -1.000727217054788509, 1.175756411827591608 ) ) ;
#933 = CARTESIAN_POINT ( 'NONE',  ( -1.272160505875236325, 20.55590975241052121, 40.00000000000000000 ) ) ;
#934 = EDGE_CURVE ( 'NONE', #2714, #3936, #282, .T. ) ;
#935 = CARTESIAN_POINT ( 'NONE',  ( -2.095931549059399490, 5.820017010112614742, 6.584274272086016566 ) ) ;
#936 = CARTESIAN_POINT ( 'NONE',  ( -8.129703224239909432, 8.587563047408028893, 2.147460072959308075 ) ) ;
#937 = CARTESIAN_POINT ( 'NONE',  ( 8.191724513361013038, 18.04689096234957901, 2.145526891149181825 ) ) ;
#938 = CARTESIAN_POINT ( 'NONE',  ( -8.082737348459378524, 8.511082013602868201, 2.158125563658283230 ) ) ;
#939 = CARTESIAN_POINT ( 'NONE',  ( -5.653487213160855340, 21.62484216383327507, 2.490537889873440047 ) ) ;
#940 = CARTESIAN_POINT ( 'NONE',  ( -1.223237539387006079, -0.6697224087355985178, 2.884236862842252336 ) ) ;
#941 = CARTESIAN_POINT ( 'NONE',  ( -5.048562877903917112, 21.85209055299641889, 3.089617678986074978 ) ) ;
#942 = CARTESIAN_POINT ( 'NONE',  ( 1.978644084337589426, 17.15359946851614481, 8.804112656757542510 ) ) ;
#943 = CARTESIAN_POINT ( 'NONE',  ( 1.499864682151919482, 29.08146582770192978, 1.275317838999208364 ) ) ;
#944 = CARTESIAN_POINT ( 'NONE',  ( -6.421220595903967876, 21.10432353592040755, 1.949039703743181029 ) ) ;
#945 = CARTESIAN_POINT ( 'NONE',  ( 1.475149382893520489, 28.72911210250963521, 4.824923077474485567 ) ) ;
#946 = CARTESIAN_POINT ( 'NONE',  ( -2.113666966210378195, 1.889735531416586012, 1.294928995012752715 ) ) ;
#947 = CARTESIAN_POINT ( 'NONE',  ( 1.822572705657855785, 20.71642666063146976, 11.10062997075747404 ) ) ;
#948 = CARTESIAN_POINT ( 'NONE',  ( 7.572807104815630908, 7.563428519610977396, 2.303141182082257377 ) ) ;
#949 = CARTESIAN_POINT ( 'NONE',  ( -1.924575143086886930, 17.19960670132243763, 11.20937473300069698 ) ) ;
#950 = ORIENTED_EDGE ( 'NONE', *, *, #2734, .T. ) ;
#951 = CARTESIAN_POINT ( 'NONE',  ( 1.886234283558993141, 24.91715930957813896, 5.002780637949172160 ) ) ;
#952 = CARTESIAN_POINT ( 'NONE',  ( 5.046808545585491856, 15.19885909371839716, 3.697594711308473947 ) ) ;
#953 = CARTESIAN_POINT ( 'NONE',  ( 5.128812591996386949, 4.793532949950495059, 2.141610871638486735 ) ) ;
#954 = CARTESIAN_POINT ( 'NONE',  ( -8.549619480374966329, 8.148657194637596746, 1.233795174661454164 ) ) ;
#955 = CARTESIAN_POINT ( 'NONE',  ( -1.828984888915788920, 8.836020351497401393, 11.01532117971961711 ) ) ;
#956 = CARTESIAN_POINT ( 'NONE',  ( -5.529790484999947964, 5.062478042517144061, 2.223744174608709212 ) ) ;
#957 = CARTESIAN_POINT ( 'NONE',  ( 5.306119761950037095, 21.87988526447464110, 2.311570252941174353 ) ) ;
#958 = CARTESIAN_POINT ( 'NONE',  ( -1.305551042844242504, -0.9050656850447750257, 1.839266651440939704 ) ) ;
#959 = CARTESIAN_POINT ( 'NONE',  ( -5.734241265264318876, 21.58487578559351761, 2.172152273467142791 ) ) ;
#960 = CARTESIAN_POINT ( 'NONE',  ( -1.481720956115940124, 29.00182028908134058, 3.533458460745544816 ) ) ;
#961 = CARTESIAN_POINT ( 'NONE',  ( 1.051512769818621074, 13.11020533244595931, 5.276222157658237322 ) ) ;
#962 = CARTESIAN_POINT ( 'NONE',  ( -1.612524147278399989, 27.36863398701651562, 2.052384234026562115 ) ) ;
#963 = CARTESIAN_POINT ( 'NONE',  ( -2.357863179747341054, 9.258515174674815995, 6.332844756871997660 ) ) ;
#964 = CARTESIAN_POINT ( 'NONE',  ( -4.793978036996402459, 21.22723319386725649, 3.369468217348334349 ) ) ;
#965 = LINE ( 'NONE', #3235, #5062 ) ;
#966 = CARTESIAN_POINT ( 'NONE',  ( -5.237839568020392633, 4.900883257080372424, 2.536566863823586537 ) ) ;
#967 = CARTESIAN_POINT ( 'NONE',  ( -8.111643736945138627, 18.32438670700636862, 2.169357225950521606 ) ) ;
#968 = CARTESIAN_POINT ( 'NONE',  ( -1.379816634749754023, -1.077167993733250784, 0.9382761173155522716 ) ) ;
#969 = CARTESIAN_POINT ( 'NONE',  ( -6.489624531838543930, 18.67993449133354744, 2.664583303828113259 ) ) ;
#970 = EDGE_CURVE ( 'NONE', #5660, #3320, #4418, .T. ) ;
#971 = CARTESIAN_POINT ( 'NONE',  ( 5.123573393933031461, 4.908839995751359986, 2.765910745240192092 ) ) ;
#972 = CARTESIAN_POINT ( 'NONE',  ( -6.237765537537443450, 10.84399960958578468, 2.962950520040385172 ) ) ;
#973 = CARTESIAN_POINT ( 'NONE',  ( -9.067865200637651668, 17.60990666867355969, 1.100426627400322488 ) ) ;
#974 = CARTESIAN_POINT ( 'NONE',  ( 1.672300416176061955, 24.31790565627751022, 10.01189650713829948 ) ) ;
#975 = CARTESIAN_POINT ( 'NONE',  ( -1.496637913748424031, 29.08716376910060220, 2.033991706539650668 ) ) ;
#976 = B_SPLINE_SURFACE_WITH_KNOTS ( 'NONE', 5, 3, ( 
 ( #2576, #4261, #1560, #2516, #5261, #3352, #2456, #5139, #5603, #1114, #5226, #4700, #4727, #785 ),
 ( #4321, #3445, #3794, #5166, #3822, #4378, #2114, #1206, #1172, #2997, #2932, #4788, #666, #756 ),
 ( #1590, #2055, #3853, #5633, #3909, #1619, #3413, #1238, #5693, #2963, #4756, #3473, #2940, #4240 ),
 ( #203, #3862, #2006, #3802, #296, #4766, #5582, #5147, #2093, #4299, #1124, #3890, #5643, #2909 ),
 ( #1658, #3422, #5202, #3455, #2973, #231, #2034, #1064, #2849, #2224, #1744, #849, #381, #5702 ),
 ( #4906, #5298, #2586, #5237, #1217, #3007, #5733, #353, #2176, #4879, #1248, #4797, #3118, #3090 ),
 ( #4387, #766, #5271, #2556, #4359, #325, #2151, #3949, #2123, #3036, #2201, #408, #3974, #2641 ),
 ( #4003, #3919, #5758, #1688, #4825, #5323, #5784, #1771, #1719, #3510, #1275, #3062, #4851, #822 ),
 ( #2615, #4412, #3536, #1301, #3708, #492, #2283, #5054, #2255, #1442, #2727, #579, #5488, #20 ),
 ( #964, #2341, #4085, #4525, #4551, #4583, #1472, #1885, #1854, #4936, #49, #1383, #3650, #4498 ),
 ( #5432, #1413, #905, #3206, #3621, #1826, #4966, #4057, #5023, #5375, #2371, #3146, #994, #4994 ),
 ( #3234, #3591, #549, #2756, #2696, #5402, #4176, #3264, #3175, #936, #519, #4143, #2312, #4114 ),
 ( #109, #1026, #3679, #80, #462, #5461, #1913, #2814, #4612, #1356, #1088, #1999, #1057, #5576 ),
 ( #4206, #5115, #2399, #3470, #3738, #4839, #1503, #5257, #3440, #5220, #2539, #4675, #3767, #1233 ),
 ( #751, #2875, #4347, #311, #2110, #638, #1201, #3051, #5550, #810, #2991, #5688, #5518, #1533 ),
 ( #1675, #3022, #2572, #4375, #2139, #3935, #4641, #5720, #608, #1704, #3498, #5285, #1263, #2602 ),
 ( #4402, #1888, #1445, #1075, #5716, #835, #5253, #716, #2628, #4426, #393, #3550, #5685, #3989 ),
 ( #3495, #2955, #807, #277, #2078, #3875, #1341, #5415, #855, #1687, #2369, #4173, #3295, #194 ),
 ( #1996, #3203, #5229, #1240, #667, #1208, #786, #3824, #2999, #3382, #2485, #254, #397, #1706 ),
 ( #5338, #3578, #1834, #5227, #3940, #482, #1015, #4457, #2274, #4075, #4020, #4925, #5366, #3612 ),
 ( #894, #2686, #39, #1845, #452, #3640, #1816, #1402, #3194, #954, #161, #5046, #1018, #570 ),
 ( #3759, #4165, #5541, #5510, #3318, #1495, #5078, #5105, #4667, #3789, #732, #1368, #3390, #4246 ),
 ( #5502, #1070, #3779, #3278, #1952, #4305, #5096, #4686, #5125, #208, #3837, #5561, #5069, #1979 ) ),
 .UNSPECIFIED., .F., .F., .F.,
 ( 6, 5, 5, 2, 5, 6 ),
 ( 4, 1, 1, 1, 1, 1, 1, 1, 1, 1, 1, 4 ),
 ( -0.02613313663416783061, -0.01009999999999999960, 0.000000000000000000, 0.5000000000000000000, 1.000000000000000000, 1.010000000000000009 ),
 ( 0.005584150825431331323, 0.007605341625877610860, 0.009222294266234635704, 0.01083924690659165795, 0.01286043770703793922, 0.01528586666757347258, 0.01730705746801975559, 0.01892401010837677783, 0.02013672458864454451, 0.02134943906891231466, 0.02296639170926934037, 0.02498758250971561817 ),
 .UNSPECIFIED. ) ;
#977 = CARTESIAN_POINT ( 'NONE',  ( 1.918237173773979398, 17.37636538568187206, 11.28300002580958328 ) ) ;
#978 = CARTESIAN_POINT ( 'NONE',  ( -5.636331197075374000, 21.47921392306021815, 2.848290645765568563 ) ) ;
#979 = CARTESIAN_POINT ( 'NONE',  ( 8.197464509660271403, 8.674881188141492672, 2.120385519073748171 ) ) ;
#980 = CARTESIAN_POINT ( 'NONE',  ( -5.555545718308459335, 5.078781450668885533, 1.786125938366613930 ) ) ;
#981 = CARTESIAN_POINT ( 'NONE',  ( -1.748313925421453030, 22.61339091142101054, 10.67791242737678736 ) ) ;
#982 = CARTESIAN_POINT ( 'NONE',  ( -9.509578926712771718, 10.19157519793070676, 0.9587395605866260162 ) ) ;
#983 = CARTESIAN_POINT ( 'NONE',  ( 1.610686457866307375, 26.41478501605186935, 5.965153476691310352 ) ) ;
#984 = CARTESIAN_POINT ( 'NONE',  ( 4.217861291051362649, 4.378579926220202978, 3.001233041184566908 ) ) ;
#985 = CARTESIAN_POINT ( 'NONE',  ( -1.391038627114291826, -1.046871218119230118, 0.9040967252393413700 ) ) ;
#986 = CARTESIAN_POINT ( 'NONE',  ( -6.250309161027351124, 5.955232554752582175, 2.649894203716997687 ) ) ;
#987 = CARTESIAN_POINT ( 'NONE',  ( 9.263698253038482378, 17.23838798326227817, 1.164848717486642427 ) ) ;
#988 = CARTESIAN_POINT ( 'NONE',  ( -1.849544391876356109, 9.239581329690839340, 11.01892531000684627 ) ) ;
#989 = ORIENTED_EDGE ( 'NONE', *, *, #5322, .F. ) ;
#990 = CARTESIAN_POINT ( 'NONE',  ( -1.863071467636257861, 22.37328376617803727, 4.444131301380300769 ) ) ;
#991 = CARTESIAN_POINT ( 'NONE',  ( -1.923227565692951613, 17.26574917585673319, 11.21033886620955045 ) ) ;
#992 = CARTESIAN_POINT ( 'NONE',  ( -0.5437131879248552346, 12.44944110569899642, 5.276222157658235545 ) ) ;
#993 = CARTESIAN_POINT ( 'NONE',  ( -2.307770053207707672, 8.656229928322073164, 6.440075273309235016 ) ) ;
#994 = CARTESIAN_POINT ( 'NONE',  ( -5.139830538950777239, 5.723294354333490652, 3.095034112654169611 ) ) ;
#995 = CARTESIAN_POINT ( 'NONE',  ( 5.527424768682082323, 21.68421818856137762, 2.649912403532086014 ) ) ;
#996 = CARTESIAN_POINT ( 'NONE',  ( -5.544750251465270452, 5.313950715124573065, 2.796986111781147866 ) ) ;
#997 = AXIS2_PLACEMENT_3D ( 'NONE', #3553, #2657, #4455 ) ;
#998 = CARTESIAN_POINT ( 'NONE',  ( -5.770963439774208226, 21.55864727107239176, 2.208117423411795954 ) ) ;
#999 = CARTESIAN_POINT ( 'NONE',  ( -1.661011099921725354, 6.308983825271940127, 10.66203897533369904 ) ) ;
#1000 = CARTESIAN_POINT ( 'NONE',  ( -5.417218584820467697, 20.63273267698572511, 3.199728810828992298 ) ) ;
#1001 = CARTESIAN_POINT ( 'NONE',  ( 5.307645963216558904, 4.934517320732988210, 2.456869988819138317 ) ) ;
#1002 = CARTESIAN_POINT ( 'NONE',  ( -4.352650757790697433, 13.10846313590115564, 4.248130788274337988 ) ) ;
#1003 = CARTESIAN_POINT ( 'NONE',  ( 1.478351657163745170, 29.06849851110814598, 2.906132841772813169 ) ) ;
#1004 = CARTESIAN_POINT ( 'NONE',  ( -8.539218051403063114, 10.70808535814680695, 2.028083968275607329 ) ) ;
#1005 = CARTESIAN_POINT ( 'NONE',  ( 1.752264435197328662, 22.50982129329115011, 10.74156875026907620 ) ) ;
#1006 = CARTESIAN_POINT ( 'NONE',  ( -6.226535600138258353, 20.88360070925241274, 2.750809450222261976 ) ) ;
#1007 = CARTESIAN_POINT ( 'NONE',  ( -5.855821170720540536, 5.927910210094356813, 2.890781561580768599 ) ) ;
#1008 = CARTESIAN_POINT ( 'NONE',  ( -1.905394499773719996, 18.05264938468359404, 11.21531951955848427 ) ) ;
#1009 = ADVANCED_FACE ( 'NONE', ( #317 ), #5223, .F. ) ;
#1010 = CARTESIAN_POINT ( 'NONE',  ( -8.772871642152614058, 8.593114022212311909, 1.175888563669998943 ) ) ;
#1011 = CARTESIAN_POINT ( 'NONE',  ( 1.978085956094825404, 17.17720497108515687, 8.804747367569579097 ) ) ;
#1012 = CARTESIAN_POINT ( 'NONE',  ( 9.340273148876136133, 13.44831066377129858, 1.750000000000000000 ) ) ;
#1013 = CARTESIAN_POINT ( 'NONE',  ( 5.082450009127787105, 4.764077762646187431, 2.245808144321564725 ) ) ;
#1014 = AXIS2_PLACEMENT_3D ( 'NONE', #153, #2887, #3310 ) ;
#1015 = CARTESIAN_POINT ( 'NONE',  ( -10.10421369754490861, 13.42079829694458581, 0.7732245343938667359 ) ) ;
#1016 = CARTESIAN_POINT ( 'NONE',  ( -1.545953170274522837, 5.010975361354288005, 10.18934320717331232 ) ) ;
#1017 = CARTESIAN_POINT ( 'NONE',  ( -7.763898953659714941, 7.877933691609555922, 2.249548615308555988 ) ) ;
#1018 = CARTESIAN_POINT ( 'NONE',  ( -5.353118980864652876, 4.915225446852803159, 2.140401497853122503 ) ) ;
#1019 = CARTESIAN_POINT ( 'NONE',  ( -0.1413209045777220063, 14.47240372309673617, 5.276222157658236434 ) ) ;
#1020 = ORIENTED_EDGE ( 'NONE', *, *, #2126, .T. ) ;
#1021 = CONICAL_SURFACE ( 'NONE', #1498, 1.750000000000000666, 0.7853981633974516097 ) ;
#1022 = CARTESIAN_POINT ( 'NONE',  ( 8.750000000000000000, 13.39279153786013588, 1.750000000000001554 ) ) ;
#1023 = CARTESIAN_POINT ( 'NONE',  ( -1.931058174032182828, 18.03265384800167936, 10.04422419677282896 ) ) ;
#1024 = CARTESIAN_POINT ( 'NONE',  ( 5.534870758023015647, 5.064649221822411285, 2.219738142199886077 ) ) ;
#1025 = CARTESIAN_POINT ( 'NONE',  ( -1.952946412430842438, 9.256363888173272159, 8.672603896200678619 ) ) ;
#1026 = CARTESIAN_POINT ( 'NONE',  ( -5.493754451649309090, 21.15135165490530156, 3.110675135290725368 ) ) ;
#1027 = CARTESIAN_POINT ( 'NONE',  ( 5.120885578552631046, 21.99728629494109811, 2.604921011590620505 ) ) ;
#1028 = CARTESIAN_POINT ( 'NONE',  ( -8.270099352731012488, 17.86635114735786800, 2.119657579830103611 ) ) ;
#1029 = CARTESIAN_POINT ( 'NONE',  ( -5.953663637361138683, 21.16385166800066386, 2.809911122547565476 ) ) ;
#1030 = CARTESIAN_POINT ( 'NONE',  ( -1.845329231656519520, 9.238923958364715361, 11.11168803473277400 ) ) ;
#1031 = CARTESIAN_POINT ( 'NONE',  ( -6.781614611992419661, 17.64932763173841934, 2.555187528454164525 ) ) ;
#1032 = CARTESIAN_POINT ( 'NONE',  ( 7.743372495177838211, 7.899661652125430145, 2.259903895063982926 ) ) ;
#1033 = CARTESIAN_POINT ( 'NONE',  ( 9.229112578719782078, 14.82581534140157409, 1.787279797827710182 ) ) ;
#1034 = DIRECTION ( 'NONE',  ( -1.000000000000000000, 0.000000000000000000, 0.000000000000000000 ) ) ;
#1035 = CARTESIAN_POINT ( 'NONE',  ( 7.825699664170294945, 19.63127945112717043, 1.496058508650600194 ) ) ;
#1036 = CARTESIAN_POINT ( 'NONE',  ( 1.893938760857992287, 18.41559763924021809, 11.28057548255612552 ) ) ;
#1037 = CARTESIAN_POINT ( 'NONE',  ( -7.887727033077458039, 18.70138212069094408, 2.245842318909467394 ) ) ;
#1038 = CARTESIAN_POINT ( 'NONE',  ( 7.353038741131552314, 7.259295039384290327, 2.366734769452194076 ) ) ;
#1039 = CARTESIAN_POINT ( 'NONE',  ( 0.000000000000000000, 40.51147067576006577, 40.00000000000000000 ) ) ;
#1040 = CARTESIAN_POINT ( 'NONE',  ( -5.118689155616231723, 4.787751891369350865, 2.080624974634481372 ) ) ;
#1041 = CARTESIAN_POINT ( 'NONE',  ( -1.915941531561332400, 17.60490013706249357, 11.21414933218619936 ) ) ;
#1042 = CARTESIAN_POINT ( 'NONE',  ( -8.785758160358430047, 8.616743521812137985, 1.172114113891781662 ) ) ;
#1043 = CARTESIAN_POINT ( 'NONE',  ( 1.875220713596717159, 25.51083905939218965, 3.524126692838992270 ) ) ;
#1044 = ADVANCED_FACE ( 'NONE', ( #3474 ), #4639, .F. ) ;
#1045 = CARTESIAN_POINT ( 'NONE',  ( 4.454919697675741475, 4.395347011526108183, 2.409726671416027699 ) ) ;
#1046 = CARTESIAN_POINT ( 'NONE',  ( -1.177171874079912861, -0.3431001340069359529, 3.826269155893950558 ) ) ;
#1047 = CARTESIAN_POINT ( 'NONE',  ( -7.352105710151183082, 7.255990991994424100, 2.366930906801096857 ) ) ;
#1048 = CARTESIAN_POINT ( 'NONE',  ( 5.006830580219766347, 22.04926178883592058, 2.709153795676398246 ) ) ;
#1049 = VERTEX_POINT ( 'NONE', #5144 ) ;
#1050 = ORIENTED_EDGE ( 'NONE', *, *, #724, .F. ) ;
#1051 = B_SPLINE_CURVE_WITH_KNOTS ( 'NONE', 3,
 ( #458, #5756, #4054, #5372 ),
 .UNSPECIFIED., .F., .F.,
 ( 4, 4 ),
 ( 0.000000000000000000, 0.0001593327320722602732 ),
 .UNSPECIFIED. ) ;
#1052 = FACE_BOUND ( 'NONE', #1110, .T. ) ;
#1053 = CARTESIAN_POINT ( 'NONE',  ( -0.04595030237210127183, 13.39279153786013588, 6.000000000000000000 ) ) ;
#1054 = CARTESIAN_POINT ( 'NONE',  ( 0.6634721272821030302, 12.52946147067738103, 5.276222157658235545 ) ) ;
#1055 = B_SPLINE_CURVE_WITH_KNOTS ( 'NONE', 3,
 ( #1149, #2552, #2937, #4733 ),
 .UNSPECIFIED., .F., .F.,
 ( 4, 4 ),
 ( 0.000000000000000000, 0.0001691931156178584042 ),
 .UNSPECIFIED. ) ;
#1056 = CARTESIAN_POINT ( 'NONE',  ( -1.633418203292131610, 0.2042250189432577023, 1.061873180829141949 ) ) ;
#1057 = CARTESIAN_POINT ( 'NONE',  ( -5.275194244528260690, 5.481733537694409186, 3.038822202243383952 ) ) ;
#1058 = CARTESIAN_POINT ( 'NONE',  ( 5.446981874918402688, 20.58657337290378209, 3.184645276809902725 ) ) ;
#1059 = CARTESIAN_POINT ( 'NONE',  ( -5.491541777881784547, 21.66823133688668435, 2.765481318109210385 ) ) ;
#1060 = CARTESIAN_POINT ( 'NONE',  ( -5.726754038605960773, 21.58616235074553558, 2.352997411368606961 ) ) ;
#1061 = CARTESIAN_POINT ( 'NONE',  ( -1.857869039848463188, 9.518258950517697770, 11.12790420179080542 ) ) ;
#1062 = CARTESIAN_POINT ( 'NONE',  ( -7.640424956206910423, 18.03803410698039755, 2.366828830399482442 ) ) ;
#1063 = CARTESIAN_POINT ( 'NONE',  ( 6.823569403489260665, 6.612306283888145231, 2.515550419886354749 ) ) ;
#1064 = CARTESIAN_POINT ( 'NONE',  ( -9.165187829464855440, 11.40576199016761549, 1.810497629473892811 ) ) ;
#1065 = CARTESIAN_POINT ( 'NONE',  ( -3.905185805812865674, 11.03379504231992492, 4.077820580553837893 ) ) ;
#1066 = CARTESIAN_POINT ( 'NONE',  ( 8.495294896592220368, 18.67166963275607472, 1.281624840371606844 ) ) ;
#1067 = CARTESIAN_POINT ( 'NONE',  ( 1.468495739499966035, 28.92403381383400784, 4.343861567395519430 ) ) ;
#1068 = CARTESIAN_POINT ( 'NONE',  ( -8.532405721805986332, 17.28658201837395936, 2.028856782213375176 ) ) ;
#1069 = CARTESIAN_POINT ( 'NONE',  ( 8.473753726973109579, 9.358177306460815359, 2.036030003999290017 ) ) ;
#1070 = CARTESIAN_POINT ( 'NONE',  ( -5.558610108525697591, 21.73617322698323662, 2.214819885762273177 ) ) ;
#1071 = CARTESIAN_POINT ( 'NONE',  ( -5.097249248311902292, 4.773969626018591761, 2.006821737700180019 ) ) ;
#1072 = CARTESIAN_POINT ( 'NONE',  ( -1.880008482291247951, 9.936259043382147382, 11.02928678425093523 ) ) ;
#1073 = CARTESIAN_POINT ( 'NONE',  ( -7.000000000000000000, 13.39279153786013588, 1.949999999999993516 ) ) ;
#1074 = CARTESIAN_POINT ( 'NONE',  ( 1.638022355382204642, 25.38727953504734103, 8.309788260342207522 ) ) ;
#1075 = CARTESIAN_POINT ( 'NONE',  ( -7.937235107965135761, 19.56001085480700752, 1.593650224817388494 ) ) ;
#1076 = CARTESIAN_POINT ( 'NONE',  ( 10.55327153738861767, 5.498046624986786313, 1.250000000000006883 ) ) ;
#1077 = CARTESIAN_POINT ( 'NONE',  ( 6.659164427134915520, 6.962498708795059166, 2.669791356837224683 ) ) ;
#1078 = CARTESIAN_POINT ( 'NONE',  ( -7.342930656900981568, 7.256262614221546947, 2.371421192898559571 ) ) ;
#1079 = CARTESIAN_POINT ( 'NONE',  ( 7.000000000000000000, 13.39279153786013588, 1.949999999999993516 ) ) ;
#1080 = ORIENTED_EDGE ( 'NONE', *, *, #891, .T. ) ;
#1081 = VERTEX_POINT ( 'NONE', #3829 ) ;
#1082 = EDGE_CURVE ( 'NONE', #1459, #4895, #1055, .T. ) ;
#1083 = CARTESIAN_POINT ( 'NONE',  ( -10.60308963299415019, 6.448972166161940578, 1.250000000000004885 ) ) ;
#1084 = CARTESIAN_POINT ( 'NONE',  ( -0.6606562466494472208, 14.05344778450957399, 5.801067248717891367 ) ) ;
#1085 = CARTESIAN_POINT ( 'NONE',  ( -2.460864614210618750, 1.976518913649590425, 5.641239428713561372E-16 ) ) ;
#1086 = FACE_OUTER_BOUND ( 'NONE', #2808, .T. ) ;
#1087 = CARTESIAN_POINT ( 'NONE',  ( -1.924802458823462015, 9.795716142330382681, 9.840187967566819793 ) ) ;
#1088 = CARTESIAN_POINT ( 'NONE',  ( -7.430437399505755103, 7.374775704193742065, 2.366988501234807529 ) ) ;
#1089 = CARTESIAN_POINT ( 'NONE',  ( 4.832071225743655773, 21.52407415599473595, 3.406421212102632712 ) ) ;
#1090 = CARTESIAN_POINT ( 'NONE',  ( -0.4152402747080939371, 42.48082099557634450, 0.000000000000000000 ) ) ;
#1091 = CARTESIAN_POINT ( 'NONE',  ( -1.609778252307191515, 5.713651824755538122, 10.48639577679869817 ) ) ;
#1092 = CARTESIAN_POINT ( 'NONE',  ( -7.780272380596661819, 17.55320395367202835, 2.308530815308016848 ) ) ;
#1093 = CARTESIAN_POINT ( 'NONE',  ( 6.690931139317365606, 6.456061138987593040, 2.549592799257059728 ) ) ;
#1094 = CARTESIAN_POINT ( 'NONE',  ( -3.821346220919639158, 17.18615073416270889, 4.155799102762404829 ) ) ;
#1095 = UNCERTAINTY_MEASURE_WITH_UNIT (LENGTH_MEASURE( 1.000000000000000082E-05 ), #278, 'distance_accuracy_value', 'NONE');
#1096 = CARTESIAN_POINT ( 'NONE',  ( 1.483613082293459007, 29.14273956504404595, 2.149455466665482373 ) ) ;
#1097 = CARTESIAN_POINT ( 'NONE',  ( -5.599718392896314789, 21.65557068120089212, 2.541957810212543745 ) ) ;
#1098 = CARTESIAN_POINT ( 'NONE',  ( 5.505339255039261026, 5.044931674777179964, 2.214056158886330117 ) ) ;
#1099 = CARTESIAN_POINT ( 'NONE',  ( -0.1817538745219505203, 13.39279153786013588, 6.000000000000000000 ) ) ;
#1100 = CARTESIAN_POINT ( 'NONE',  ( -5.531985448010596329, 5.063023888707395948, 2.097477153647676396 ) ) ;
#1101 = CARTESIAN_POINT ( 'NONE',  ( -9.342110937507545287, 13.15157798308455916, 1.750000000000000222 ) ) ;
#1102 = CARTESIAN_POINT ( 'NONE',  ( -7.000000000000000000, 13.39279153786013588, 0.000000000000000000 ) ) ;
#1103 = CARTESIAN_POINT ( 'NONE',  ( 1.544758199566802714, 28.23394061677275957, 2.278030341759764266 ) ) ;
#1104 = B_SPLINE_CURVE_WITH_KNOTS ( 'NONE', 3,
 ( #4627, #4250, #2387, #2858, #4223, #4192, #1984, #1490, #154, #3283, #1519, #3250, #1010, #1042, #2830, #982, #4600, #124, #5592, #211, #594, #3782, #1928, #4157, #1955, #3754 ),
 .UNSPECIFIED., .F., .F.,
 ( 4, 2, 2, 2, 1, 1, 2, 2, 1, 2, 2, 2, 1, 2, 4 ),
 ( 0.000000000000000000, 0.1262970205111616784, 0.1894455307667423927, 0.2210197858945326665, 0.2368069134584276092, 0.2447004772403750805, 0.2486472591313487746, 0.2506206500768357603, 0.2525940410223227461, 0.3788910615334915577, 0.4420395717890759357, 0.4736138269168679860, 0.4894009544807641499, 0.4972945182627122596, 0.5051880820446603693 ),
 .UNSPECIFIED. ) ;
#1105 = CARTESIAN_POINT ( 'NONE',  ( 1.866882297592050710, 4.093470014408705282, 4.064986850153882614 ) ) ;
#1106 = CARTESIAN_POINT ( 'NONE',  ( 5.260301094142588951, 5.933172842314306195, 3.119693085587633696 ) ) ;
#1107 = CARTESIAN_POINT ( 'NONE',  ( -9.326623248934177823, 12.60815108371245685, 1.754656611134927324 ) ) ;
#1108 = CARTESIAN_POINT ( 'NONE',  ( -6.554322240911703013, 6.280736864231131200, 2.579976372226952641 ) ) ;
#1109 = CARTESIAN_POINT ( 'NONE',  ( 1.656223559532414846, -0.2223592624137264162, 0.000000000000000000 ) ) ;
#1110 = EDGE_LOOP ( 'NONE', ( #602, #1615 ) ) ;
#1111 = VERTEX_POINT ( 'NONE', #2120 ) ;
#1112 = CARTESIAN_POINT ( 'NONE',  ( -0.04547131686681025325, 13.42294608726954941, 5.999999999999999112 ) ) ;
#1113 = CARTESIAN_POINT ( 'NONE',  ( -0.8430914316019122445, 13.39279153786013588, 5.801067248717890479 ) ) ;
#1114 = CARTESIAN_POINT ( 'NONE',  ( -7.999959829975813008, 8.676331542933551688, 2.194532203309901952 ) ) ;
#1115 = CARTESIAN_POINT ( 'NONE',  ( 8.595977000311412652, 9.709629776952690250, 1.999417454440868491 ) ) ;
#1116 = CARTESIAN_POINT ( 'NONE',  ( -1.962943935489630531, 9.521991542112221651, 8.662418317320421224 ) ) ;
#1117 = AXIS2_PLACEMENT_3D ( 'NONE', #4677, #227, #4178 ) ;
#1118 = CARTESIAN_POINT ( 'NONE',  ( 6.506660485048393561, 18.63473205427893831, 2.655898170207964260 ) ) ;
#1119 = CARTESIAN_POINT ( 'NONE',  ( 1.978643818265617194, 17.15360687121060934, 8.804117294231270208 ) ) ;
#1120 = CARTESIAN_POINT ( 'NONE',  ( -1.540337483755742420, 4.999125436935690558, 10.24090662553402176 ) ) ;
#1121 = CARTESIAN_POINT ( 'NONE',  ( -1.903736900737002413, 25.57928592187471395, 2.258137528387062165 ) ) ;
#1122 = CARTESIAN_POINT ( 'NONE',  ( -0.04421111213877425977, 15.50927533851173123, 40.00000000000000711 ) ) ;
#1123 = ADVANCED_FACE ( 'NONE', ( #701 ), #5690, .F. ) ;
#1124 = CARTESIAN_POINT ( 'NONE',  ( -7.227074801298726925, 7.565656608821944573, 2.442181673115064289 ) ) ;
#1125 = CARTESIAN_POINT ( 'NONE',  ( 1.930558294115009232, 9.934309261147413750, 9.842462843969167707 ) ) ;
#1126 = CARTESIAN_POINT ( 'NONE',  ( 1.921968707240545582, 17.16444054233376804, 11.30450212063540683 ) ) ;
#1127 = CARTESIAN_POINT ( 'NONE',  ( 1.494825320232766375, -0.4334944242242914636, 1.235665936012597665 ) ) ;
#1128 = CARTESIAN_POINT ( 'NONE',  ( -5.507469280504763809, 21.63114252726490250, 2.808917496146939641 ) ) ;
#1129 = CARTESIAN_POINT ( 'NONE',  ( 8.569896319932949424, 9.650426371825309602, 2.005982523997034139 ) ) ;
#1130 = CARTESIAN_POINT ( 'NONE',  ( 0.3519153166163002666, 13.39279153786013765, 6.000000000000000000 ) ) ;
#1131 = CARTESIAN_POINT ( 'NONE',  ( -6.670003041142618549, 8.520408340469836972, 2.535999540018213594 ) ) ;
#1132 = DIRECTION ( 'NONE',  ( -1.000000000000000000, 0.000000000000000000, 0.000000000000000000 ) ) ;
#1133 = CARTESIAN_POINT ( 'NONE',  ( -1.207298434680420751, 1.687039391765109198, 7.499776046584921474 ) ) ;
#1134 = CARTESIAN_POINT ( 'NONE',  ( 1.914931025909349049, 17.60532468054822175, 11.21342904931661266 ) ) ;
#1135 = CARTESIAN_POINT ( 'NONE',  ( 10.43016666960576266, 22.81148562131251012, 1.250000000000000444 ) ) ;
#1136 = CARTESIAN_POINT ( 'NONE',  ( 5.030796692070463649, 5.609323692167198061, 3.191435474195110089 ) ) ;
#1137 = CARTESIAN_POINT ( 'NONE',  ( 9.229112578719782078, 14.82581534140157409, 1.787279797827710182 ) ) ;
#1138 = CARTESIAN_POINT ( 'NONE',  ( -5.490630303801582457, 5.258363803528654401, 2.800161116567114306 ) ) ;
#1139 = CARTESIAN_POINT ( 'NONE',  ( 0.01454651496754040367, 40.44172851064998042, 40.00000000000000000 ) ) ;
#1140 = EDGE_LOOP ( 'NONE', ( #1527, #35, #693, #4168 ) ) ;
#1141 = ORIENTED_EDGE ( 'NONE', *, *, #5783, .F. ) ;
#1142 = CARTESIAN_POINT ( 'NONE',  ( 1.984134183500052107, 14.12363567906642636, 11.16389897637771433 ) ) ;
#1143 = CARTESIAN_POINT ( 'NONE',  ( -0.8430914316019119115, 13.17257278897698924, 5.801067248717890479 ) ) ;
#1144 = CARTESIAN_POINT ( 'NONE',  ( -1.033164628025770693, 13.39279153786013765, 5.403835772283816397 ) ) ;
#1145 = CARTESIAN_POINT ( 'NONE',  ( 7.757009935263433853, 8.186592144331100940, 2.272828546167626751 ) ) ;
#1146 = CARTESIAN_POINT ( 'NONE',  ( -1.966807775005720682, 9.631000442241532511, 8.658388141146136974 ) ) ;
#1147 = CARTESIAN_POINT ( 'NONE',  ( 6.966284831290814772, 19.36327229816753714, 2.630299690757309516 ) ) ;
#1148 = CARTESIAN_POINT ( 'NONE',  ( -6.091775343615942084, 21.00200894852012468, 2.791635741880753585 ) ) ;
#1149 = CARTESIAN_POINT ( 'NONE',  ( -9.338732855362126273, 14.12274265351706504, 1.749999999999998890 ) ) ;
#1150 = CARTESIAN_POINT ( 'NONE',  ( -2.706389136737952672, 23.83489287080657704, 3.118744866415770645 ) ) ;
#1151 = CARTESIAN_POINT ( 'NONE',  ( -0.1245516837572158697, 39.62738618751268405, 39.99999999999972289 ) ) ;
#1152 = CARTESIAN_POINT ( 'NONE',  ( 1.923399839309452242, 17.20301304491672312, 11.20893314550715125 ) ) ;
#1153 = CARTESIAN_POINT ( 'NONE',  ( 1.789253064307313013, 21.58411318491929975, 11.00184248237263063 ) ) ;
#1154 = ADVANCED_FACE ( 'NONE', ( #4355 ), #4296, .F. ) ;
#1155 = CARTESIAN_POINT ( 'NONE',  ( 1.281661900637688811, 0.5932231312572069371, 4.934588506585738443 ) ) ;
#1156 = CARTESIAN_POINT ( 'NONE',  ( -8.506238624729080655, 17.29994430493045243, 2.038368935668275483 ) ) ;
#1157 = CARTESIAN_POINT ( 'NONE',  ( 5.409716535431400075, 4.989280721993237577, 2.352890950994614538 ) ) ;
#1158 = CARTESIAN_POINT ( 'NONE',  ( 0.4719828460089977029, 15.91541513736532920, 40.00000000000000000 ) ) ;
#1159 = CARTESIAN_POINT ( 'NONE',  ( -4.360758573719609288, 4.355194693413082518, 2.609000886969374378 ) ) ;
#1160 = CARTESIAN_POINT ( 'NONE',  ( -8.543125434913728000, 11.23843162944982410, 2.030486341545787887 ) ) ;
#1161 = CARTESIAN_POINT ( 'NONE',  ( -5.534273908094647254, 5.063817272670998904, 2.097894705001422722 ) ) ;
#1162 = CARTESIAN_POINT ( 'NONE',  ( 1.781344013016266326, 22.23948098105733706, 9.755795857598526410 ) ) ;
#1163 = CARTESIAN_POINT ( 'NONE',  ( 8.581831504713388625, 17.27596708375219237, 2.009956832189639275 ) ) ;
#1164 = CARTESIAN_POINT ( 'NONE',  ( 2.969999834738814570, 3.547591478531130438, 3.424989675010305046 ) ) ;
#1165 = CARTESIAN_POINT ( 'NONE',  ( -0.1384881993630977803, -4.105684925820024311, 0.000000000000000000 ) ) ;
#1166 = CARTESIAN_POINT ( 'NONE',  ( -8.064949236022814105, 8.452238616218172851, 2.162540622951548031 ) ) ;
#1167 = CARTESIAN_POINT ( 'NONE',  ( 0.2206403473068542509, 15.63391060830830703, 40.00000000000004974 ) ) ;
#1168 = EDGE_LOOP ( 'NONE', ( #2453, #1976, #1466, #5363 ) ) ;
#1169 = ORIENTED_EDGE ( 'NONE', *, *, #685, .T. ) ;
#1170 = CARTESIAN_POINT ( 'NONE',  ( -10.41879362841064349, 3.575223795727132892, 1.250000000000003997 ) ) ;
#1171 = CARTESIAN_POINT ( 'NONE',  ( -2.614599845079872121E-15, 12.29931741522232080, 5.531449386909391031 ) ) ;
#1172 = CARTESIAN_POINT ( 'NONE',  ( -8.623983867712913920, 9.854164169403645701, 1.990832847182496979 ) ) ;
#1173 = CARTESIAN_POINT ( 'NONE',  ( -6.578096505574234421, 6.281361511486135640, 2.566184387285811663 ) ) ;
#1174 = CARTESIAN_POINT ( 'NONE',  ( 9.070774459951408630, 15.70693616744239485, 1.841453097353465296 ) ) ;
#1175 = CARTESIAN_POINT ( 'NONE',  ( -1.867817973527055475, 9.631989999668411073, 11.01613464807142151 ) ) ;
#1176 = CARTESIAN_POINT ( 'NONE',  ( 2.710805884863005222, 23.27843152226860468, 4.339762281010911771 ) ) ;
#1177 = DIRECTION ( 'NONE',  ( 1.000000000000000000, 0.000000000000000000, 0.000000000000000000 ) ) ;
#1178 = CARTESIAN_POINT ( 'NONE',  ( -1.381038458933263380, -1.093213191834364828, 0.8986047361600949523 ) ) ;
#1179 = CARTESIAN_POINT ( 'NONE',  ( -2.718975008839255914, 23.85112871300651705, 2.798411975954989028 ) ) ;
#1180 = CARTESIAN_POINT ( 'NONE',  ( 9.338384500321911474, 13.92778748849458914, 1.750000000000001110 ) ) ;
#1181 = CARTESIAN_POINT ( 'NONE',  ( -6.297408308052262704, 13.46351728922106616, 2.860244485043244467 ) ) ;
#1182 = CARTESIAN_POINT ( 'NONE',  ( 1.485263735108123928, 29.14161399501821847, 2.034914578445351729 ) ) ;
#1183 = ORIENTED_EDGE ( 'NONE', *, *, #2163, .F. ) ;
#1184 = CARTESIAN_POINT ( 'NONE',  ( 1.440717828069051132, 0.8091820285295637794, 4.090015387511608758 ) ) ;
#1185 = CARTESIAN_POINT ( 'NONE',  ( -8.297482577457808262, 17.83242112684908776, 2.109728003748269298 ) ) ;
#1186 = CARTESIAN_POINT ( 'NONE',  ( 5.512722130785199681, 5.049861061538488016, 2.215476654714719107 ) ) ;
#1187 = CIRCLE ( 'NONE', #1286, 1.550000000000000266 ) ;
#1188 = CARTESIAN_POINT ( 'NONE',  ( -0.9867170708149414216, 13.39279153786013588, 5.531449386909396360 ) ) ;
#1189 = CARTESIAN_POINT ( 'NONE',  ( -3.561229059120234464, 8.650179106371034266, 4.154275213592479865 ) ) ;
#1190 = CARTESIAN_POINT ( 'NONE',  ( 3.056978512560958539, 3.324607817329102044, 1.567373726299302161 ) ) ;
#1191 = CARTESIAN_POINT ( 'NONE',  ( -5.151118326764634325, 4.805235269471432424, 1.279256604261888253 ) ) ;
#1192 = CARTESIAN_POINT ( 'NONE',  ( 1.595485828787248872, 27.36889432755319262, 2.782563542560229308 ) ) ;
#1193 = PRESENTATION_LAYER_ASSIGNMENT (  '', '', ( #4290 ) ) ;
#1194 = CARTESIAN_POINT ( 'NONE',  ( 2.138743410393753930, 14.05018603097405006, 4.369478106918501581 ) ) ;
#1195 = CARTESIAN_POINT ( 'NONE',  ( 4.827471692529376135, 5.326927311869004811, 3.240932556869073888 ) ) ;
#1196 = CARTESIAN_POINT ( 'NONE',  ( -1.362473490776560769, -1.024820247956764074, 1.174483828775229277 ) ) ;
#1197 = ADVANCED_FACE ( 'NONE', ( #1684 ), #5639, .F. ) ;
#1198 = CARTESIAN_POINT ( 'NONE',  ( -8.770878329060721512, 11.42137328095392412, 1.949999999999993738 ) ) ;
#1199 = CARTESIAN_POINT ( 'NONE',  ( -6.235422821770490565, 5.954201522878687314, 2.658984292692988749 ) ) ;
#1200 = CARTESIAN_POINT ( 'NONE',  ( 2.030945699963535134, 20.91990262116616961, 0.000000000000000000 ) ) ;
#1201 = CARTESIAN_POINT ( 'NONE',  ( -10.06134709330550692, 13.42057816633252187, 1.299667028620351328 ) ) ;
#1202 = EDGE_LOOP ( 'NONE', ( #1705, #5389, #2960 ) ) ;
#1203 = ORIENTED_EDGE ( 'NONE', *, *, #3467, .T. ) ;
#1204 = CARTESIAN_POINT ( 'NONE',  ( -10.56563408951931216, 5.729093331779771425, 1.249999999999998446 ) ) ;
#1205 = CARTESIAN_POINT ( 'NONE',  ( -0.6200382235541984643, 13.55474792447812860, 5.957250786414758359 ) ) ;
#1206 = CARTESIAN_POINT ( 'NONE',  ( -9.154121661595061354, 11.40853687193486543, 1.814474831237058217 ) ) ;
#1207 = CARTESIAN_POINT ( 'NONE',  ( -8.370722956349805344, 9.007408775348249463, 2.065750881885406898 ) ) ;
#1208 = CARTESIAN_POINT ( 'NONE',  ( -9.794391086609419261, 15.87042738530169572, 0.8698426702764617824 ) ) ;
#1209 = CARTESIAN_POINT ( 'NONE',  ( 8.140230173220409426, 17.94880918907337986, 2.166912394862999136 ) ) ;
#1210 = CARTESIAN_POINT ( 'NONE',  ( -1.857399212554014412, 9.390135187143680895, 11.00408106656865215 ) ) ;
#1211 = CARTESIAN_POINT ( 'NONE',  ( 2.737669695395879899, 23.83099284825805952, 2.424795016271353187 ) ) ;
#1212 = CARTESIAN_POINT ( 'NONE',  ( -1.496637913748424031, 29.08716376910060220, 2.033991706539650668 ) ) ;
#1213 = CARTESIAN_POINT ( 'NONE',  ( -1.380951090545016191, -1.093108214081559559, 0.8995023600239338002 ) ) ;
#1214 = CARTESIAN_POINT ( 'NONE',  ( -2.340495449441419851, 17.57930438414750896, 6.438954842009967372 ) ) ;
#1215 = CARTESIAN_POINT ( 'NONE',  ( -2.236855953443777523, 7.321449227677434557, 0.000000000000000000 ) ) ;
#1216 = AXIS2_PLACEMENT_3D ( 'NONE', #2397, #2309, #4204 ) ;
#1217 = CARTESIAN_POINT ( 'NONE',  ( -8.417214002899468639, 17.49229967209749503, 2.069938815911816832 ) ) ;
#1218 = CARTESIAN_POINT ( 'NONE',  ( 1.577774321204884034, -0.5150183707559600199, 0.3100394918021540658 ) ) ;
#1219 = CARTESIAN_POINT ( 'NONE',  ( 1.481236821340293996, 29.17707871815307286, 2.149339027233839072 ) ) ;
#1220 = ORIENTED_EDGE ( 'NONE', *, *, #5814, .T. ) ;
#1221 = CARTESIAN_POINT ( 'NONE',  ( 1.977321136421658521, 9.929330189488812408, 8.652180163074357111 ) ) ;
#1222 = CARTESIAN_POINT ( 'NONE',  ( -8.481407009228259852, 17.31976211765920226, 2.047338466399752477 ) ) ;
#1223 = CARTESIAN_POINT ( 'NONE',  ( 1.144947035564947146, 13.39279153786013765, 5.403835772283816397 ) ) ;
#1224 = CARTESIAN_POINT ( 'NONE',  ( -3.463177013555458927, 8.045624898737006703, 4.298974132531136583 ) ) ;
#1225 = CARTESIAN_POINT ( 'NONE',  ( -10.52074263664582254, 20.87911511937008058, 1.249999999999994893 ) ) ;
#1226 = CARTESIAN_POINT ( 'NONE',  ( -1.262052054614194452, 2.274206871028906729, 8.186127647635693450 ) ) ;
#1227 = CARTESIAN_POINT ( 'NONE',  ( 1.483213073257634740, 29.08883999003574061, 2.450192633078744464 ) ) ;
#1228 = CARTESIAN_POINT ( 'NONE',  ( 1.881035531855857590, 9.938449714465061646, 11.02916687658657047 ) ) ;
#1229 = CARTESIAN_POINT ( 'NONE',  ( 8.426144983124824961, 9.139788388490355686, 2.048751831672672274 ) ) ;
#1230 = CARTESIAN_POINT ( 'NONE',  ( 2.026349294191727601, 4.733533121555771217, 6.297491355593935580 ) ) ;
#1231 = CARTESIAN_POINT ( 'NONE',  ( -5.700898209266060945, 5.443353619797921539, 2.766967341241390432 ) ) ;
#1232 = CARTESIAN_POINT ( 'NONE',  ( 1.488814643689766459, 29.09006869340458223, 2.036316623199365239 ) ) ;
#1233 = CARTESIAN_POINT ( 'NONE',  ( -4.797330908462623000, 4.876319380203536724, 3.111840276031444308 ) ) ;
#1234 = ORIENTED_EDGE ( 'NONE', *, *, #3131, .F. ) ;
#1235 = ORIENTED_EDGE ( 'NONE', *, *, #1879, .F. ) ;
#1236 = EDGE_CURVE ( 'NONE', #2573, #2897, #3419, .T. ) ;
#1237 = CARTESIAN_POINT ( 'NONE',  ( 2.061588210696460699, 7.294541621651860375, 4.218141029795264174 ) ) ;
#1238 = CARTESIAN_POINT ( 'NONE',  ( -9.157810384218326050, 11.40761191134578212, 1.813149097316003155 ) ) ;
#1239 = CARTESIAN_POINT ( 'NONE',  ( -5.162546648224612511, 4.943482508725695723, 2.777567865157143601 ) ) ;
#1240 = CARTESIAN_POINT ( 'NONE',  ( -7.919763963730038547, 19.58308390036189905, 1.462699455802932036 ) ) ;
#1241 = CARTESIAN_POINT ( 'NONE',  ( 5.781720360886438037, 20.60758961289283064, 3.010330298602233334 ) ) ;
#1242 = CARTESIAN_POINT ( 'NONE',  ( -1.855429242852105087, 8.246359451398639351, 9.811268209348819269 ) ) ;
#1243 = CARTESIAN_POINT ( 'NONE',  ( 4.455020951346143399, 22.40283283411735127, 2.771616764597589100 ) ) ;
#1244 = DIRECTION ( 'NONE',  ( -0.000000000000000000, -0.000000000000000000, 1.000000000000000000 ) ) ;
#1245 = CARTESIAN_POINT ( 'NONE',  ( -1.608113441910534958, 5.710482675408449005, 10.50482271256888289 ) ) ;
#1246 = CARTESIAN_POINT ( 'NONE',  ( -3.716318565992526413, 17.25451882919878699, 4.090134764439661730 ) ) ;
#1247 = CARTESIAN_POINT ( 'NONE',  ( 5.368151560721795335, 4.965024882271623419, 2.384780651092027526 ) ) ;
#1248 = CARTESIAN_POINT ( 'NONE',  ( -7.233097622408910077, 7.560003187857898155, 2.439953914753793640 ) ) ;
#1249 = CARTESIAN_POINT ( 'NONE',  ( -6.246547594805969439, 15.97182670298379037, 2.877142243994575743 ) ) ;
#1250 = CARTESIAN_POINT ( 'NONE',  ( -5.376603855095175355, 4.969852734711559528, 2.371833617127081073 ) ) ;
#1251 = B_SPLINE_CURVE_WITH_KNOTS ( 'NONE', 12,
 ( #47, #3590, #5373, #4055, #2694, #1354, #933, #2310, #2199, #3144, #3117, #1824, #4002 ),
 .UNSPECIFIED., .F., .F.,
 ( 13, 13 ),
 ( 0.000000000000000000, 1.000000000000000000 ),
 .UNSPECIFIED. ) ;
#1252 = CARTESIAN_POINT ( 'NONE',  ( 1.911825890121064520, 8.300868541832825187, 8.698192340856151006 ) ) ;
#1253 = CARTESIAN_POINT ( 'NONE',  ( -6.218573888518061032, 20.88526315682430479, 2.755795543443088746 ) ) ;
#1254 = CARTESIAN_POINT ( 'NONE',  ( 1.581429620508897793, 28.20710424539603878, -0.2358942804386809644 ) ) ;
#1255 = CARTESIAN_POINT ( 'NONE',  ( -1.699489899301916820E-15, 12.70566878245582565, 5.957250786414757471 ) ) ;
#1256 = CARTESIAN_POINT ( 'NONE',  ( -4.344674896504861827, 4.649522547884676449, 3.226837774572576922 ) ) ;
#1257 = CARTESIAN_POINT ( 'NONE',  ( 0.000000000000000000, 13.39279153786013588, 6.000000000000000000 ) ) ;
#1258 = CARTESIAN_POINT ( 'NONE',  ( -1.863008849319077953, 9.518429935259868913, 11.01068112327301307 ) ) ;
#1259 = CARTESIAN_POINT ( 'NONE',  ( 1.823065336439410489, 20.71358330961041361, 11.07969676514859714 ) ) ;
#1260 = CARTESIAN_POINT ( 'NONE',  ( 2.072568014725990171, 1.874257974547715699, 1.926491536476326871 ) ) ;
#1261 = CARTESIAN_POINT ( 'NONE',  ( -5.396867452088101480, 4.981680570558675747, 2.356540069047109220 ) ) ;
#1262 = CARTESIAN_POINT ( 'NONE',  ( 5.491949212036624672, 21.66616554559854890, 2.768566094167486114 ) ) ;
#1263 = CARTESIAN_POINT ( 'NONE',  ( -5.415619986258828789, 4.955175947535555459, 2.421262425828627052 ) ) ;
#1264 = VERTEX_POINT ( 'NONE', #3479 ) ;
#1265 = CARTESIAN_POINT ( 'NONE',  ( 10.41798889307600362, 3.581064261151591932, 1.250000000000002665 ) ) ;
#1266 = CARTESIAN_POINT ( 'NONE',  ( 5.519449597552697817, 5.053581132190732461, 2.157103505361817941 ) ) ;
#1267 = CARTESIAN_POINT ( 'NONE',  ( -5.146648234717915216, 4.907803767541588869, 2.736517238327251356 ) ) ;
#1268 = CARTESIAN_POINT ( 'NONE',  ( 6.524519927404513808, 6.533188292157610988, 2.658799741904373626 ) ) ;
#1269 = CARTESIAN_POINT ( 'NONE',  ( -1.207298434680272203, 1.687039391764754814, 7.499776046585359346 ) ) ;
#1270 = DIRECTION ( 'NONE',  ( -0.000000000000000000, -0.000000000000000000, -1.000000000000000000 ) ) ;
#1271 = CARTESIAN_POINT ( 'NONE',  ( -5.537831169312116053, 5.066910716340234266, 2.098702779036911270 ) ) ;
#1272 = CARTESIAN_POINT ( 'NONE',  ( -1.550016280796864265, 28.23260546819014394, 2.426444414411577988 ) ) ;
#1273 = LINE ( 'NONE', #4001, #5037 ) ;
#1274 = EDGE_CURVE ( 'NONE', #4840, #5689, #5746, .T. ) ;
#1275 = CARTESIAN_POINT ( 'NONE',  ( -7.236891670610508420, 7.556441841563675155, 2.438550548714930599 ) ) ;
#1276 = CARTESIAN_POINT ( 'NONE',  ( -8.505404934775116388, 15.99802256225051345, 2.049167806863018804 ) ) ;
#1277 = CARTESIAN_POINT ( 'NONE',  ( -5.322254516073132713, 4.941501980457067233, 2.437158782996923456 ) ) ;
#1278 = CARTESIAN_POINT ( 'NONE',  ( 1.381660820372124121, -1.019440632438302963, 1.029917682546094060 ) ) ;
#1279 = CARTESIAN_POINT ( 'NONE',  ( -1.813231824399770264, 8.554510160090369908, 11.01553700081088571 ) ) ;
#1280 = CARTESIAN_POINT ( 'NONE',  ( -5.335632765247357412, 21.52354533639547185, 3.098736987313390756 ) ) ;
#1281 = CARTESIAN_POINT ( 'NONE',  ( 1.570361416695153833, 28.21507039119563842, 0.5244808259257582872 ) ) ;
#1282 = CARTESIAN_POINT ( 'NONE',  ( -8.715332816932906084E-16, 13.04087622124383472, 5.999999999999998224 ) ) ;
#1283 = CARTESIAN_POINT ( 'NONE',  ( 0.8516305223237775612, 37.71451670945729973, 0.000000000000000000 ) ) ;
#1284 = CARTESIAN_POINT ( 'NONE',  ( -5.751759102034142757, 21.57308904052881715, 0.000000000000000000 ) ) ;
#1285 = CARTESIAN_POINT ( 'NONE',  ( 1.923343364390567523, 17.17827449715628774, 11.23260518106823724 ) ) ;
#1286 = AXIS2_PLACEMENT_3D ( 'NONE', #3660, #1923, #1453 ) ;
#1287 = CARTESIAN_POINT ( 'NONE',  ( 2.309896413088685652, 8.664197649853802474, 6.438377990512088367 ) ) ;
#1288 = CARTESIAN_POINT ( 'NONE',  ( -8.497029338101295792, 9.512319955230699620, 2.030156187160439885 ) ) ;
#1289 = CARTESIAN_POINT ( 'NONE',  ( 5.547593179018098120, 21.68081005697913000, 2.607303713660323652 ) ) ;
#1290 = ORIENTED_EDGE ( 'NONE', *, *, #4568, .F. ) ;
#1291 = CARTESIAN_POINT ( 'NONE',  ( 2.043094005523656165, 6.858425789609277956, 4.201816192020563889 ) ) ;
#1292 = CARTESIAN_POINT ( 'NONE',  ( -2.205310780529946099E-16, 14.53773857342508791, 5.403835772283816397 ) ) ;
#1293 = CARTESIAN_POINT ( 'NONE',  ( 5.350311683769715110, 4.955474013838500724, 2.406832413887376010 ) ) ;
#1294 = CARTESIAN_POINT ( 'NONE',  ( -5.198106660050139993, 4.900743253038574387, 2.630215346946065846 ) ) ;
#1295 = CARTESIAN_POINT ( 'NONE',  ( 7.560959452004993864, 19.03586497865090621, 2.369926144808057966 ) ) ;
#1296 = CARTESIAN_POINT ( 'NONE',  ( -1.449848580425302513, 3.180836030073104226, 8.223427905103241287 ) ) ;
#1297 = CARTESIAN_POINT ( 'NONE',  ( -4.585516607731347172, 22.33418543239528731, 1.387326113306289077 ) ) ;
#1298 = CARTESIAN_POINT ( 'NONE',  ( -1.610987775881122852, 26.04751776578178379, 7.749337027422814828 ) ) ;
#1299 = CARTESIAN_POINT ( 'NONE',  ( 1.706431319857514284, 6.835335377042221161, 10.70575406978904454 ) ) ;
#1300 = CARTESIAN_POINT ( 'NONE',  ( 4.573816928321102537, 22.34029899524930940, 2.148392417961004774 ) ) ;
#1301 = CARTESIAN_POINT ( 'NONE',  ( -7.470951413472465497, 18.97023789716422471, 2.404647580261803252 ) ) ;
#1302 = CARTESIAN_POINT ( 'NONE',  ( 1.737803521677234064, 0.1136073458357721860, -0.2943504683498466834 ) ) ;
#1303 = CARTESIAN_POINT ( 'NONE',  ( 1.845629582685982983, 20.01291246521616429, 11.24264184343356199 ) ) ;
#1304 = CARTESIAN_POINT ( 'NONE',  ( 1.706431319857385054, 6.835335377042034644, 10.70575406979090793 ) ) ;
#1305 = CARTESIAN_POINT ( 'NONE',  ( -1.323427164541391310, -0.9751061420111886147, 1.571492696825979918 ) ) ;
#1306 = CARTESIAN_POINT ( 'NONE',  ( -6.115269639899446830, 20.58620873304528587, 2.927251216042772608 ) ) ;
#1307 = EDGE_CURVE ( 'NONE', #3229, #4724, #1625, .T. ) ;
#1308 = CARTESIAN_POINT ( 'NONE',  ( -2.876059829587858899E-15, 12.19637158936804155, 5.276222157658234657 ) ) ;
#1309 = CARTESIAN_POINT ( 'NONE',  ( -10.39826943628792044, 3.336610368417594508, 1.249999999999998002 ) ) ;
#1310 = CARTESIAN_POINT ( 'NONE',  ( -2.217392474547439818, 25.38279127200368279, -8.214102005998577538E-15 ) ) ;
#1311 = B_SPLINE_SURFACE_WITH_KNOTS ( 'NONE', 3, 1, ( 
 ( #2896, #3347 ),
 ( #2080, #5628 ),
 ( #718, #4695 ),
 ( #3904, #1167 ),
 ( #2864, #1990 ),
 ( #4228, #2509 ),
 ( #750, #310 ),
 ( #1525, #2450 ),
 ( #5106, #3790 ),
 ( #1109, #691 ),
 ( #247, #5659 ),
 ( #3408, #2021 ),
 ( #2538, #630 ),
 ( #2958, #3816 ),
 ( #5569, #2109 ),
 ( #1585, #5598 ),
 ( #1200, #4722 ),
 ( #5135, #4316 ),
 ( #3376, #4782 ),
 ( #4751, #5162 ),
 ( #3847, #3877 ),
 ( #2927, #280 ),
 ( #3319, #1139 ),
 ( #1645, #2479 ) ),
 .UNSPECIFIED., .F., .F., .F.,
 ( 4, 1, 1, 1, 1, 1, 1, 1, 1, 1, 1, 1, 1, 1, 1, 1, 1, 1, 1, 1, 1, 4 ),
 ( 2, 2 ),
 ( 0.000000000000000000, 0.005186449136799997639, 0.009261569862111573848, 0.01622498573462938243, 0.02617570265464674861, 0.02753547072376827387, 0.05434247397984537375, 0.05640356803411883391, 0.09841419076086999063, 0.1050885415764073461, 0.1547008489136733056, 0.1738824011383148793, 0.2418493262939576116, 0.2670034650835946266, 0.3520955981999722706, 0.5436215861476432210, 0.6190499227956258732, 0.9142391523106723206, 0.9144279676276706459, 0.9915380493715859611, 0.9915584831775960950, 1.000000000000000000 ),
 ( 0.000000000000000000, 1.000000000000000000 ),
 .UNSPECIFIED. ) ;
#1312 = CARTESIAN_POINT ( 'NONE',  ( 1.847567914452499016, 20.00472001848977044, 11.15606030028955153 ) ) ;
#1313 = CIRCLE ( 'NONE', #1117, 3.000000000000000444 ) ;
#1314 = CARTESIAN_POINT ( 'NONE',  ( 5.351875076697815814, 5.124267787104617611, 2.799284558287256974 ) ) ;
#1315 = CARTESIAN_POINT ( 'NONE',  ( 3.889446016555563101, 9.842026282398276038, 4.051954175974255890 ) ) ;
#1316 = CARTESIAN_POINT ( 'NONE',  ( -5.500253223963613713, 5.042730340844024717, 2.218047675537524466 ) ) ;
#1317 = CARTESIAN_POINT ( 'NONE',  ( 5.514263099986289163, 21.60731943667745014, 2.836537344086522694 ) ) ;
#1318 = EDGE_LOOP ( 'NONE', ( #281, #4519, #2481, #421 ) ) ;
#1319 = ORIENTED_EDGE ( 'NONE', *, *, #4568, .T. ) ;
#1320 = CARTESIAN_POINT ( 'NONE',  ( 10.56684243250705180, 5.737991155734693649, 1.249999999999998890 ) ) ;
#1321 = CARTESIAN_POINT ( 'NONE',  ( 8.315993935119252001, 9.011752264300024962, 2.086439795095482275 ) ) ;
#1322 = CARTESIAN_POINT ( 'NONE',  ( -5.566587915316196344, 5.086030069785259400, 2.106219956929932025 ) ) ;
#1323 = CARTESIAN_POINT ( 'NONE',  ( 6.608912073632276396, 6.429865656349989855, 2.626606015753080392 ) ) ;
#1324 = CARTESIAN_POINT ( 'NONE',  ( -1.206297278588691402, -0.5065041941265695513, 3.314250188390865492 ) ) ;
#1325 = CARTESIAN_POINT ( 'NONE',  ( -2.793857307413395663, 23.79708509676897776, 0.5860611860413368346 ) ) ;
#1326 = CARTESIAN_POINT ( 'NONE',  ( -2.372593041912814282, 17.26618873070358973, 6.315932196687622735 ) ) ;
#1327 = CARTESIAN_POINT ( 'NONE',  ( 1.397116625179589677, 3.554762002949716670, 9.336434875669260336 ) ) ;
#1328 = CARTESIAN_POINT ( 'NONE',  ( 0.9867170708149414216, 13.39279153786013765, 5.531449386909396360 ) ) ;
#1329 = CARTESIAN_POINT ( 'NONE',  ( 9.339896386335654555, 12.87268756041011564, 1.749999999999999334 ) ) ;
#1330 = CARTESIAN_POINT ( 'NONE',  ( 1.668862885102379678, 24.35776696466837876, 10.09460937990135854 ) ) ;
#1331 = CARTESIAN_POINT ( 'NONE',  ( 1.851862769537767184, 9.245270130595168112, 10.99444221958028045 ) ) ;
#1332 = CARTESIAN_POINT ( 'NONE',  ( -8.468478267790166214, 17.27508930125338793, 2.052468354798973049 ) ) ;
#1333 = CARTESIAN_POINT ( 'NONE',  ( 8.548645842047344345, 10.91391623431325719, 2.028604331397556138 ) ) ;
#1334 = CARTESIAN_POINT ( 'NONE',  ( -9.608739629141364702, 16.19209140227469845, 0.9312993224785062196 ) ) ;
#1335 = CARTESIAN_POINT ( 'NONE',  ( -10.56121972016517319, 19.91803307347619878, 1.249999999999998890 ) ) ;
#1336 = EDGE_CURVE ( 'NONE', #435, #5049, #2451, .T. ) ;
#1337 = CARTESIAN_POINT ( 'NONE',  ( -2.150118338900918413, 1.857625057794568768, 0.6054556676900040291 ) ) ;
#1338 = CARTESIAN_POINT ( 'NONE',  ( 1.904003005950149152, 18.05432441671817045, 11.23782473844651086 ) ) ;
#1339 = B_SPLINE_CURVE_WITH_KNOTS ( 'NONE', 3,
 ( #793, #3006, #2091, #4707 ),
 .UNSPECIFIED., .F., .F.,
 ( 4, 4 ),
 ( 0.000000000000000000, 1.000000000000000000 ),
 .UNSPECIFIED. ) ;
#1340 = CARTESIAN_POINT ( 'NONE',  ( 6.572905682979828690, 6.283174801561587586, 2.569311644633797798 ) ) ;
#1341 = CARTESIAN_POINT ( 'NONE',  ( -10.10417841165138775, 13.42079750225500057, 0.7781585716047292323 ) ) ;
#1342 = CARTESIAN_POINT ( 'NONE',  ( 7.971316940671437479, 18.48583178772867086, 2.220136359838993823 ) ) ;
#1343 = ADVANCED_FACE ( 'NONE', ( #5730 ), #502, .T. ) ;
#1344 = ORIENTED_EDGE ( 'NONE', *, *, #761, .T. ) ;
#1345 = CARTESIAN_POINT ( 'NONE',  ( 2.787070619115118220, 22.31298736319215692, 4.848779653634330167 ) ) ;
#1346 = B_SPLINE_SURFACE_WITH_KNOTS ( 'NONE', 5, 3, ( 
 ( #4523, #1852, #78, #3648 ),
 ( #5430, #1411, #3202, #4992 ),
 ( #2754, #5321, #1883, #1300 ),
 ( #1769, #2099, #359, #4419 ),
 ( #3568, #1664, #2647, #799 ),
 ( #2981, #331, #3486, #5303 ),
 ( #1254, #1281, #3069, #4885 ),
 ( #3981, #4857, #943, #556 ) ),
 .UNSPECIFIED., .F., .F., .F.,
 ( 6, 2, 6 ),
 ( 4, 4 ),
 ( 0.000000000000000000, 0.5000000000000000000, 1.000000000000000000 ),
 ( 0.09753226523269581394, 0.09981397598409882943 ),
 .UNSPECIFIED. ) ;
#1347 = CARTESIAN_POINT ( 'NONE',  ( 10.66104803602459050, 7.900167162001759280, 1.249999999999999334 ) ) ;
#1348 = CARTESIAN_POINT ( 'NONE',  ( -7.571101616467866613, 7.559258215494360833, 2.303511598019301498 ) ) ;
#1349 = CARTESIAN_POINT ( 'NONE',  ( 6.858242741971589673, 6.046109893406670821, 2.304887298745200930 ) ) ;
#1350 = CARTESIAN_POINT ( 'NONE',  ( -1.393484383939566751, -1.035221213480858271, 0.9060309281873257792 ) ) ;
#1351 = CARTESIAN_POINT ( 'NONE',  ( 9.277886761577690322, 12.31350319315005137, 1.771443780847797189 ) ) ;
#1352 = CARTESIAN_POINT ( 'NONE',  ( -1.643574470425912315, 25.32659964273997133, 8.368154667662528468 ) ) ;
#1353 = CARTESIAN_POINT ( 'NONE',  ( -5.450000000000000178, 13.39279153786013588, 1.550000000000002709 ) ) ;
#1354 = CARTESIAN_POINT ( 'NONE',  ( -1.355471407223639124, 24.19481599897425639, 40.00000000000000000 ) ) ;
#1355 = CARTESIAN_POINT ( 'NONE',  ( -3.138613980133629688, 6.167584292657580569, 4.656586109993198441 ) ) ;
#1356 = CARTESIAN_POINT ( 'NONE',  ( -8.232602398872169047, 8.517166982580349099, 2.110159050271513959 ) ) ;
#1357 = CARTESIAN_POINT ( 'NONE',  ( 4.631070693881293110, 4.489461424392143130, 0.4477553737731448935 ) ) ;
#1358 = CARTESIAN_POINT ( 'NONE',  ( -7.375792690110649197, 7.331597397227079149, 2.365803980873559809 ) ) ;
#1359 = CARTESIAN_POINT ( 'NONE',  ( 1.875720408348727997, 9.801784183162881803, 11.02328629723654885 ) ) ;
#1360 = CARTESIAN_POINT ( 'NONE',  ( -1.388549506117565890, -1.058469833767114121, 0.9026115249865499512 ) ) ;
#1361 = CARTESIAN_POINT ( 'NONE',  ( -5.249494513526231643, 21.92497119920761506, 2.272557367341245360 ) ) ;
#1362 = CARTESIAN_POINT ( 'NONE',  ( 8.576941825445103973, 13.44523235743558054, 2.032808492654145649 ) ) ;
#1363 = CARTESIAN_POINT ( 'NONE',  ( -4.884880395208472059, 15.00715286060936116, 3.817190166067651713 ) ) ;
#1364 = CARTESIAN_POINT ( 'NONE',  ( 8.134076029007234254, 17.94474972610591479, 2.169215970832122142 ) ) ;
#1365 = CARTESIAN_POINT ( 'NONE',  ( 1.488818687216119541, 29.09013489488823012, 2.035688499367953153 ) ) ;
#1366 = CARTESIAN_POINT ( 'NONE',  ( -1.517719693053077412, -0.4555122285553246386, 0.9821056641677390342 ) ) ;
#1367 = CARTESIAN_POINT ( 'NONE',  ( 1.865888791560528226, 19.40413017918963945, 11.24395680490467697 ) ) ;
#1368 = CARTESIAN_POINT ( 'NONE',  ( -6.451525894475908629, 5.667765734400050270, 1.830459673180959701 ) ) ;
#1369 = CARTESIAN_POINT ( 'NONE',  ( 8.278473600758845308, 17.85762159988892961, 2.116069833189364147 ) ) ;
#1370 = ORIENTED_EDGE ( 'NONE', *, *, #5212, .F. ) ;
#1371 = CARTESIAN_POINT ( 'NONE',  ( 3.103528729343206560, 20.42163610143092356, 4.823787998501449792 ) ) ;
#1372 = CARTESIAN_POINT ( 'NONE',  ( 4.349999999999999645, 13.39279153786014653, 4.251819466630647248 ) ) ;
#1373 = EDGE_CURVE ( 'NONE', #5772, #4108, #3588, .T. ) ;
#1374 = CARTESIAN_POINT ( 'NONE',  ( 5.304728992008549859, 4.932801746314546598, 2.460241283451184646 ) ) ;
#1375 = CARTESIAN_POINT ( 'NONE',  ( -6.570171750686724543, 6.281153295734467790, 2.570781715599525175 ) ) ;
#1376 = CARTESIAN_POINT ( 'NONE',  ( 6.139412689047554217, 21.26017170257886590, 2.635726384877041362 ) ) ;
#1377 = CARTESIAN_POINT ( 'NONE',  ( -1.547825065780783049, 5.014925336160486857, 10.17215540105307525 ) ) ;
#1378 = CARTESIAN_POINT ( 'NONE',  ( -1.612504979777578118, 27.36877991563723000, 2.053168499274974135 ) ) ;
#1379 = CARTESIAN_POINT ( 'NONE',  ( -1.604656363594575863, 27.37498303856915172, 2.574794486184408981 ) ) ;
#1380 = CARTESIAN_POINT ( 'NONE',  ( 1.881035531855858478, 9.938449714465061646, 11.02916687658657047 ) ) ;
#1381 = CARTESIAN_POINT ( 'NONE',  ( -4.573997642353739401, 22.34103971942854017, 2.148656078635025501 ) ) ;
#1382 = CARTESIAN_POINT ( 'NONE',  ( -2.427737089715117591, 9.879830834066492429, 6.074179667167988406 ) ) ;
#1383 = CARTESIAN_POINT ( 'NONE',  ( -6.130248716731748537, 6.410615112551694139, 2.787364563861100653 ) ) ;
#1384 = CARTESIAN_POINT ( 'NONE',  ( 8.058652987938913270, 18.32290309273236772, 2.190695019262487442 ) ) ;
#1385 = DIRECTION ( 'NONE',  ( 1.000000000000000000, 0.000000000000000000, 0.000000000000000000 ) ) ;
#1386 = CARTESIAN_POINT ( 'NONE',  ( 1.390017748098824502, -1.029644523299330316, 0.9432264331404897062 ) ) ;
#1387 = CARTESIAN_POINT ( 'NONE',  ( -1.159046544289580760, 1.113087856772129181, 6.749961545670448260 ) ) ;
#1388 = CARTESIAN_POINT ( 'NONE',  ( -6.202650465277665504, 20.88858805196808888, 2.765767729884742288 ) ) ;
#1389 = CARTESIAN_POINT ( 'NONE',  ( 6.272667229916080167, 9.744385215900281949, 2.821178336716646307 ) ) ;
#1390 = CARTESIAN_POINT ( 'NONE',  ( 8.593793834478061555, 9.710712392543094040, 2.000202686125690743 ) ) ;
#1391 = DIRECTION ( 'NONE',  ( 1.000000000000000000, 0.000000000000000000, 0.000000000000000000 ) ) ;
#1392 = CARTESIAN_POINT ( 'NONE',  ( -5.440698016193510789, 21.78652561693529677, -5.720966404873951278E-15 ) ) ;
#1393 = CARTESIAN_POINT ( 'NONE',  ( 1.473580368402719776, 29.07666397148248905, 3.212184283839510268 ) ) ;
#1394 = CARTESIAN_POINT ( 'NONE',  ( 8.403377572601767653, 9.140802074736406269, 2.057197755377328630 ) ) ;
#1395 = CARTESIAN_POINT ( 'NONE',  ( -5.522511889084472436, 5.056847329628004317, 2.162587115909772706 ) ) ;
#1396 = AXIS2_PLACEMENT_3D ( 'NONE', #4975, #1, #1391 ) ;
#1397 = DIRECTION ( 'NONE',  ( -0.000000000000000000, -0.000000000000000000, 1.000000000000000000 ) ) ;
#1398 = ORIENTED_EDGE ( 'NONE', *, *, #5426, .T. ) ;
#1399 = CARTESIAN_POINT ( 'NONE',  ( 1.973259756581125179, 17.36947352347283768, 8.817453601188965706 ) ) ;
#1400 = CARTESIAN_POINT ( 'NONE',  ( -5.672497671393037066, 5.157333434752535695, 0.000000000000000000 ) ) ;
#1401 = CARTESIAN_POINT ( 'NONE',  ( 4.706892773905768657, 4.645285394510065835, 2.865812997336291357 ) ) ;
#1402 = CARTESIAN_POINT ( 'NONE',  ( -9.825410434959614747, 11.18550163153586396, 0.8562264449513847797 ) ) ;
#1403 = CARTESIAN_POINT ( 'NONE',  ( -1.872632926923061047, 9.799229292459299856, 11.07092683768968833 ) ) ;
#1404 = CARTESIAN_POINT ( 'NONE',  ( -5.566724464509818837, 5.086121557561412487, 2.105256598004821456 ) ) ;
#1405 = CARTESIAN_POINT ( 'NONE',  ( 10.03783445854242018, 12.81446155692319877, 1.045373940827054371 ) ) ;
#1406 = CARTESIAN_POINT ( 'NONE',  ( -1.402750581681648789, -1.046202180756233613, 0.8100865662595907457 ) ) ;
#1407 = VERTEX_POINT ( 'NONE', #2663 ) ;
#1408 = CARTESIAN_POINT ( 'NONE',  ( -2.140296386111572691, 14.04524212469453914, 4.369202138301534255 ) ) ;
#1409 = CARTESIAN_POINT ( 'NONE',  ( -1.952733707953509201, 17.16452824556279566, 10.00748621292367524 ) ) ;
#1410 = CARTESIAN_POINT ( 'NONE',  ( 5.580648830439819186, 5.094632030104052411, 1.397126185349849559 ) ) ;
#1411 = CARTESIAN_POINT ( 'NONE',  ( 5.244209695720761566, 21.92915440195925569, 0.6410814857523577937 ) ) ;
#1412 = CARTESIAN_POINT ( 'NONE',  ( -3.020132449985372336, 5.284171527019674741, 4.636442779017680316 ) ) ;
#1413 = CARTESIAN_POINT ( 'NONE',  ( -5.353740843799933202, 20.91196979972990988, 3.165801360700946532 ) ) ;
#1414 = CARTESIAN_POINT ( 'NONE',  ( -9.297208404367989232, 14.28609367621369941, 1.764782985067465004 ) ) ;
#1415 = CARTESIAN_POINT ( 'NONE',  ( -7.679924500183892278, 7.794805649826683336, 2.278374012422863970 ) ) ;
#1416 = CARTESIAN_POINT ( 'NONE',  ( -5.679085697458071458, 21.61250350220799632, 2.444231276408850739 ) ) ;
#1417 = CARTESIAN_POINT ( 'NONE',  ( -1.766897916155096615, 7.774080311243446673, 10.95289871506818180 ) ) ;
#1418 = CARTESIAN_POINT ( 'NONE',  ( -7.523075373941658484, 18.31560599471197293, 2.414151899483540475 ) ) ;
#1419 = CARTESIAN_POINT ( 'NONE',  ( 3.905263689715983588, 11.03623434011376503, 4.077696493331906424 ) ) ;
#1420 = CARTESIAN_POINT ( 'NONE',  ( 9.126445642003220726, 11.27200238481959005, 1.823399029223413015 ) ) ;
#1421 = CARTESIAN_POINT ( 'NONE',  ( 1.561849382608294201, 26.63202720706340543, 8.368710831683587870 ) ) ;
#1422 = CARTESIAN_POINT ( 'NONE',  ( -1.522764008302496919, 29.06405002340986599, 0.000000000000000000 ) ) ;
#1423 = CARTESIAN_POINT ( 'NONE',  ( 1.881782741697923367, 18.88097545158381863, 11.24575987056659976 ) ) ;
#1424 = B_SPLINE_CURVE_WITH_KNOTS ( 'NONE', 3,
 ( #742, #4914, #3658, #1334, #1531, #3687, #4559, #973, #2233, #2291, #2763, #499, #87, #2872, #4475, #5790, #944, #5548 ),
 .UNSPECIFIED., .F., .F.,
 ( 4, 2, 2, 2, 1, 1, 2, 2, 2, 4 ),
 ( 0.5051880820446603693, 0.6288910615334871723, 0.6907425512779006294, 0.7216682961501075244, 0.7371311685862113050, 0.7448626048042632508, 0.7487283229132892792, 0.7525940410223155297, 0.8762970205111577648, 1.000000000000000000 ),
 .UNSPECIFIED. ) ;
#1425 = CARTESIAN_POINT ( 'NONE',  ( 7.775553374513271443, 7.881306627061382741, 2.244829317668112001 ) ) ;
#1426 = CARTESIAN_POINT ( 'NONE',  ( -4.954404927262124225, 4.694258087352898734, 2.446053738376579911 ) ) ;
#1427 = CARTESIAN_POINT ( 'NONE',  ( -1.925466305333259687, 17.15517005734094269, 11.20869053241708713 ) ) ;
#1428 = ORIENTED_EDGE ( 'NONE', *, *, #4710, .F. ) ;
#1429 = CARTESIAN_POINT ( 'NONE',  ( 1.978574738098907826, 17.15658002045356767, 8.804151112268202795 ) ) ;
#1430 = B_SPLINE_CURVE_WITH_KNOTS ( 'NONE', 5,
 ( #500, #2292, #3716, #1804, #528, #4038, #4150, #5495 ),
 .UNSPECIFIED., .F., .F.,
 ( 6, 2, 6 ),
 ( 0.000000000000000000, 0.4999997404029216663, 1.000000000000000000 ),
 .UNSPECIFIED. ) ;
#1431 = CARTESIAN_POINT ( 'NONE',  ( 5.580806718789369292, 15.64259838759273613, 3.348624092450921630 ) ) ;
#1432 = CARTESIAN_POINT ( 'NONE',  ( 5.597052080882001235, 5.632920507104004493, 2.942954767639828884 ) ) ;
#1433 = CARTESIAN_POINT ( 'NONE',  ( -1.814356670337180510, 8.555084063735506561, 10.99303940764223775 ) ) ;
#1434 = CARTESIAN_POINT ( 'NONE',  ( -5.707490493689346245, 5.444599028624345749, 2.762763312917239311 ) ) ;
#1435 = CARTESIAN_POINT ( 'NONE',  ( 5.341720438744028243, 21.85754893240897800, 2.447854459280279116 ) ) ;
#1436 = CARTESIAN_POINT ( 'NONE',  ( -1.387300525405767981, -1.042428950723758518, 0.9427415700997495707 ) ) ;
#1437 = EDGE_LOOP ( 'NONE', ( #2836, #1203, #4783, #838 ) ) ;
#1438 = CARTESIAN_POINT ( 'NONE',  ( -10.52074263664582254, 20.87911511937008058, 1.249999999999994893 ) ) ;
#1439 = CARTESIAN_POINT ( 'NONE',  ( -1.918893351162917815, 17.47092758383694999, 11.21289983403866053 ) ) ;
#1440 = CARTESIAN_POINT ( 'NONE',  ( -4.600350903026513727, 4.408690889010405733, -4.690868461894314489E-15 ) ) ;
#1441 = CARTESIAN_POINT ( 'NONE',  ( -2.042035694533854251, 1.963943891888302984, 2.599608500389081644 ) ) ;
#1442 = CARTESIAN_POINT ( 'NONE',  ( -8.022685329502328599, 8.660783095057057679, 2.186287177179194074 ) ) ;
#1443 = CARTESIAN_POINT ( 'NONE',  ( 5.714999852287221849, 21.59813621205067946, 2.275883295531829553 ) ) ;
#1444 = CARTESIAN_POINT ( 'NONE',  ( -7.952715015914241015, 8.262049699480442655, 2.197517634197794667 ) ) ;
#1445 = CARTESIAN_POINT ( 'NONE',  ( -6.661010586317183346, 20.93530857238188503, 2.011398148987413759 ) ) ;
#1446 = CARTESIAN_POINT ( 'NONE',  ( -5.591564685967012061, 21.65149322804884591, 2.589385878543505992 ) ) ;
#1447 = CARTESIAN_POINT ( 'NONE',  ( -1.251587882764080062, 2.249700940131006188, 8.224807266426058305 ) ) ;
#1448 = CARTESIAN_POINT ( 'NONE',  ( -6.209433893778807168, 17.23468414686964678, 2.883882209398542340 ) ) ;
#1449 = CARTESIAN_POINT ( 'NONE',  ( 5.200293362455462365, 4.888781683910031539, 2.584926177329387453 ) ) ;
#1450 = EDGE_CURVE ( 'NONE', #5689, #1962, #3521, .T. ) ;
#1451 = CARTESIAN_POINT ( 'NONE',  ( -4.394563917083067039, 12.84771625210129109, 4.207773530335629175 ) ) ;
#1452 = CARTESIAN_POINT ( 'NONE',  ( 1.910840629003756508, 17.78665996388471982, 11.21440343608077050 ) ) ;
#1453 = DIRECTION ( 'NONE',  ( -1.000000000000000000, 0.000000000000000000, 0.000000000000000000 ) ) ;
#1454 = CARTESIAN_POINT ( 'NONE',  ( 1.487639083758312886, 29.10724411327157668, 2.035293377190977360 ) ) ;
#1455 = CARTESIAN_POINT ( 'NONE',  ( -8.456377528076529870, 17.48595373550244858, 2.054874234874081829 ) ) ;
#1456 = CARTESIAN_POINT ( 'NONE',  ( 8.561502674147398295, 9.579694492690109087, 2.008059858589921198 ) ) ;
#1457 = CARTESIAN_POINT ( 'NONE',  ( -6.420736129747454335, 6.628707610369016123, 2.741328238737430034 ) ) ;
#1458 = CARTESIAN_POINT ( 'NONE',  ( 1.079612185236600075, 13.39279153786013588, 5.276222157658235545 ) ) ;
#1459 = VERTEX_POINT ( 'NONE', #2583 ) ;
#1460 = CARTESIAN_POINT ( 'NONE',  ( 1.891480600314063176, 25.59379271165612479, 2.497596200312932613 ) ) ;
#1461 = CARTESIAN_POINT ( 'NONE',  ( 4.350000000000001421, 13.65078338942365832, 4.253238347708360401 ) ) ;
#1462 = CARTESIAN_POINT ( 'NONE',  ( 7.758739030050783470, 9.036900253606578559, 2.296363340744929538 ) ) ;
#1463 = CARTESIAN_POINT ( 'NONE',  ( -1.738714940147214394, 7.307767287634010955, 10.83813708560010625 ) ) ;
#1464 = CARTESIAN_POINT ( 'NONE',  ( -8.568331623881020320, 9.646583074755611165, 2.006568305585992640 ) ) ;
#1465 = CARTESIAN_POINT ( 'NONE',  ( 8.662857971973666693, 18.44716445094548263, 1.227840306731649456 ) ) ;
#1466 = ORIENTED_EDGE ( 'NONE', *, *, #3927, .F. ) ;
#1467 = VERTEX_POINT ( 'NONE', #2611 ) ;
#1468 = CARTESIAN_POINT ( 'NONE',  ( -1.915684838009163782, 4.704610057739108342, 4.106007700578921060 ) ) ;
#1469 = CARTESIAN_POINT ( 'NONE',  ( -1.490985370854442493, 29.08621695387803996, 2.447117894600836951 ) ) ;
#1470 = CARTESIAN_POINT ( 'NONE',  ( 5.535405046603416146, 5.064301786503612846, 2.095743303761328225 ) ) ;
#1471 = CARTESIAN_POINT ( 'NONE',  ( -2.255977950877024352, 7.996659570666673211, 6.536895994959921019 ) ) ;
#1472 = CARTESIAN_POINT ( 'NONE',  ( -9.432266952598141074, 13.41851303464865452, 1.719132118923803576 ) ) ;
#1473 = CARTESIAN_POINT ( 'NONE',  ( 6.719923570572895244, 19.75039592743600636, 2.721689005118306248 ) ) ;
#1474 = CARTESIAN_POINT ( 'NONE',  ( -5.357693774978800505, 5.147939742618029335, 2.818152623440424165 ) ) ;
#1475 = VECTOR ( 'NONE', #479, 1000.000000000000000 ) ;
#1476 = CARTESIAN_POINT ( 'NONE',  ( -5.745392664755316403, 21.57486243799539594, 2.310504672309403595 ) ) ;
#1477 = CARTESIAN_POINT ( 'NONE',  ( -1.402125832812799899, -1.103900505356354866, 0.7087153214653539868 ) ) ;
#1478 = CARTESIAN_POINT ( 'NONE',  ( -4.518224241428949739, 22.37642645188079982, 2.593793974105550237 ) ) ;
#1479 = CARTESIAN_POINT ( 'NONE',  ( 8.102623811323514502, 8.550423648294492196, 2.152177586080641358 ) ) ;
#1480 = CARTESIAN_POINT ( 'NONE',  ( -6.900848001269979548, 16.05165342841998921, 2.673122467284175574 ) ) ;
#1481 = FACE_OUTER_BOUND ( 'NONE', #5722, .T. ) ;
#1482 = CARTESIAN_POINT ( 'NONE',  ( -1.979691863767646387, 17.15418767338057293, 8.805063686624393426 ) ) ;
#1483 = CARTESIAN_POINT ( 'NONE',  ( 1.920946137883132954, 17.24366947081476553, 11.28152072145546470 ) ) ;
#1484 = ADVANCED_FACE ( 'NONE', ( #2173 ), #456, .F. ) ;
#1485 = CARTESIAN_POINT ( 'NONE',  ( -8.508640209444632063, 17.38272526741971902, 2.036667909508121710 ) ) ;
#1486 = CARTESIAN_POINT ( 'NONE',  ( 5.717001471899522791, 5.449916967965251047, 2.757400556184016693 ) ) ;
#1487 = CARTESIAN_POINT ( 'NONE',  ( 0.2014185873107147140, 13.39279153786013765, 6.000000000000000000 ) ) ;
#1488 = CARTESIAN_POINT ( 'NONE',  ( -7.057134071897145589, 7.578024288685027976, 2.542530636994067006 ) ) ;
#1489 = CARTESIAN_POINT ( 'NONE',  ( -1.565908076079981059, 26.64250531534946020, 8.364329770131755382 ) ) ;
#1490 = CARTESIAN_POINT ( 'NONE',  ( -8.563706800820186871, 8.228307234841331308, 1.237058681320993170 ) ) ;
#1491 = CARTESIAN_POINT ( 'NONE',  ( 2.304092720480615863, 17.98126264238266003, 6.534483296707689348 ) ) ;
#1492 = CARTESIAN_POINT ( 'NONE',  ( 4.256781098183854084, 4.346264728777273767, 2.853524245946652549 ) ) ;
#1493 = CIRCLE ( 'NONE', #3371, 2.650000000000000355 ) ;
#1494 = CARTESIAN_POINT ( 'NONE',  ( -8.281938475197431870, 8.856442056939043184, 2.094545403884521040 ) ) ;
#1495 = CARTESIAN_POINT ( 'NONE',  ( -9.794286745680354400, 15.87105819915495353, 0.8624180929079188207 ) ) ;
#1496 = CARTESIAN_POINT ( 'NONE',  ( 10.03846599378099924, 12.80933156549910379, 0.7981428885908250503 ) ) ;
#1497 = ORIENTED_EDGE ( 'NONE', *, *, #3819, .F. ) ;
#1498 = AXIS2_PLACEMENT_3D ( 'NONE', #3710, #5404, #1385 ) ;
#1499 = LINE ( 'NONE', #1908, #3632 ) ;
#1500 = CARTESIAN_POINT ( 'NONE',  ( -1.937955976191003016, 17.77330623210704630, 10.03351461500893116 ) ) ;
#1501 = DIRECTION ( 'NONE',  ( -0.000000000000000000, -0.000000000000000000, -1.000000000000000000 ) ) ;
#1502 = CARTESIAN_POINT ( 'NONE',  ( -1.839961893705298390, 7.037287056430578502, 8.671195023654712841 ) ) ;
#1503 = CARTESIAN_POINT ( 'NONE',  ( -9.916876187098543127, 13.42008193909312119, 1.502509252895903646 ) ) ;
#1504 = CARTESIAN_POINT ( 'NONE',  ( 5.010812317846103703, 22.02255797746282440, 2.843987685930019715 ) ) ;
#1505 = CARTESIAN_POINT ( 'NONE',  ( -5.893911935945827629, 21.20187152332266578, 2.833777013427029257 ) ) ;
#1506 = CARTESIAN_POINT ( 'NONE',  ( -5.575444143983133038, 21.65006815476173330, 2.639793571097102554 ) ) ;
#1507 = CARTESIAN_POINT ( 'NONE',  ( -1.736110274960833255, 7.304619600477852082, 10.87999172297851835 ) ) ;
#1508 = CARTESIAN_POINT ( 'NONE',  ( -7.476976018679515334, 17.28001648490377917, 2.417347478883132172 ) ) ;
#1509 = CARTESIAN_POINT ( 'NONE',  ( 5.366167009414946953, 5.152403242929903371, 2.812249403463931596 ) ) ;
#1510 = CARTESIAN_POINT ( 'NONE',  ( -2.474363744055466885, 11.07534701276891553, 6.026754054837717867 ) ) ;
#1511 = CARTESIAN_POINT ( 'NONE',  ( 8.391984967730786948, 18.83451207799848603, 1.314636857004836568 ) ) ;
#1512 = CARTESIAN_POINT ( 'NONE',  ( 1.559106046684250568, 26.66769499644452424, 8.405647944764361057 ) ) ;
#1513 = CARTESIAN_POINT ( 'NONE',  ( -8.224394297264170817, 18.04829832911164189, 2.133191299985170097 ) ) ;
#1514 = CARTESIAN_POINT ( 'NONE',  ( 8.186758427729131427, 8.675373644919634586, 2.124595012375709135 ) ) ;
#1515 = EDGE_CURVE ( 'NONE', #2050, #4840, #2782, .T. ) ;
#1516 = CARTESIAN_POINT ( 'NONE',  ( -0.04595030237210127183, 13.39279153786013588, 6.000000000000000000 ) ) ;
#1517 = CARTESIAN_POINT ( 'NONE',  ( -6.658843801027786391, 6.960362888193210473, 2.669980810012302364 ) ) ;
#1518 = CARTESIAN_POINT ( 'NONE',  ( -1.930512543688653437, 4.912890260653004937, 4.118240341111917502 ) ) ;
#1519 = CARTESIAN_POINT ( 'NONE',  ( -8.750584705445310973, 8.552563727248411851, 1.182415007746846269 ) ) ;
#1520 = CARTESIAN_POINT ( 'NONE',  ( 1.970874439300178693, 17.46067933130846939, 8.824731026149061464 ) ) ;
#1521 = CARTESIAN_POINT ( 'NONE',  ( 2.056198660736518580, 17.73548119119320887, 4.411148499036869453 ) ) ;
#1522 = CARTESIAN_POINT ( 'NONE',  ( 4.743423364455940039, 4.627915261367998134, 2.765950609660360993 ) ) ;
#1523 = CARTESIAN_POINT ( 'NONE',  ( -1.326032375159476917, -0.9641683735116218790, 1.572160478288257002 ) ) ;
#1524 = CARTESIAN_POINT ( 'NONE',  ( -5.596652928291663720, 5.106210997567493415, 1.794611061683814901 ) ) ;
#1525 = CARTESIAN_POINT ( 'NONE',  ( 1.215333720357001379, -2.226292840921837435, 0.000000000000000000 ) ) ;
#1526 = VERTEX_POINT ( 'NONE', #959 ) ;
#1527 = ORIENTED_EDGE ( 'NONE', *, *, #2092, .T. ) ;
#1528 = CARTESIAN_POINT ( 'NONE',  ( -1.763057292405731724, 24.24854962271861325, 4.451233810534189317 ) ) ;
#1529 = CARTESIAN_POINT ( 'NONE',  ( -1.947835432155097468, 17.37675509657653805, 10.01569777328182376 ) ) ;
#1530 = CARTESIAN_POINT ( 'NONE',  ( -2.178835739858718146, 1.388822506080360508, 5.641239428713649133E-16 ) ) ;
#1531 = CARTESIAN_POINT ( 'NONE',  ( -9.487418343950805522, 16.57913190608771359, 0.9689203055503363693 ) ) ;
#1532 = CARTESIAN_POINT ( 'NONE',  ( -1.561534420973771597, 3.502850208759437756, 7.586361261885739005 ) ) ;
#1533 = CARTESIAN_POINT ( 'NONE',  ( -4.830716138995278186, 4.694951728666099555, 2.905745904138574698 ) ) ;
#1534 = CARTESIAN_POINT ( 'NONE',  ( 5.249692696873103692, 21.92461738646205660, 2.219429848032075103 ) ) ;
#1535 = CARTESIAN_POINT ( 'NONE',  ( -0.5578397099557925731, 40.99827076829632233, 0.000000000000000000 ) ) ;
#1536 = CARTESIAN_POINT ( 'NONE',  ( -1.846383021711478500, 9.239088301196245467, 11.08849735355129162 ) ) ;
#1537 = CARTESIAN_POINT ( 'NONE',  ( -6.631531601202548920, 18.29719670280464427, 2.599051215419657446 ) ) ;
#1538 = CARTESIAN_POINT ( 'NONE',  ( 7.958771018653589380, 8.273081070631262079, 2.195858792807222404 ) ) ;
#1539 = CARTESIAN_POINT ( 'NONE',  ( -5.381991742950683388, 15.50433503287444914, 3.473742058805322497 ) ) ;
#1540 = DIRECTION ( 'NONE',  ( 1.000000000000000000, 0.000000000000000000, 0.000000000000000000 ) ) ;
#1541 = CARTESIAN_POINT ( 'NONE',  ( 1.917696521775872798, 17.37643213812196308, 11.30692947943514248 ) ) ;
#1542 = ORIENTED_EDGE ( 'NONE', *, *, #4326, .T. ) ;
#1543 = CARTESIAN_POINT ( 'NONE',  ( -8.535239558137982741, 17.32080845494921917, 2.027498359558001617 ) ) ;
#1544 = CARTESIAN_POINT ( 'NONE',  ( 8.502440333185235843, 9.442488576931872046, 2.027117489794755478 ) ) ;
#1545 = CARTESIAN_POINT ( 'NONE',  ( -0.1817538745219505203, 13.39279153786013588, 6.000000000000000000 ) ) ;
#1546 = CARTESIAN_POINT ( 'NONE',  ( -5.528807072398153721, 5.060898129961120873, 2.139479689995727352 ) ) ;
#1547 = CARTESIAN_POINT ( 'NONE',  ( -2.091589372261597912, 8.170193194408197357, 4.247437620804731750 ) ) ;
#1548 = VERTEX_POINT ( 'NONE', #4170 ) ;
#1549 = CARTESIAN_POINT ( 'NONE',  ( 1.605278336612184997, 27.36904214117660317, 2.089075479338055708 ) ) ;
#1550 = CARTESIAN_POINT ( 'NONE',  ( 10.50826740374810697, 4.778626488955909579, 1.249999999999999112 ) ) ;
#1551 = CARTESIAN_POINT ( 'NONE',  ( 3.283437977798386864, 7.009343212146210256, 4.530936380086813209 ) ) ;
#1552 = CARTESIAN_POINT ( 'NONE',  ( -7.000000000000000000, 13.39279153786013588, 0.000000000000000000 ) ) ;
#1553 = CARTESIAN_POINT ( 'NONE',  ( -5.364890704445985925, 4.966511699548943781, 2.413530151302682558 ) ) ;
#1554 = FACE_OUTER_BOUND ( 'NONE', #283, .T. ) ;
#1555 = ORIENTED_EDGE ( 'NONE', *, *, #5359, .F. ) ;
#1556 = ORIENTED_EDGE ( 'NONE', *, *, #1236, .F. ) ;
#1557 = EDGE_CURVE ( 'NONE', #1526, #3879, #3850, .T. ) ;
#1558 = CARTESIAN_POINT ( 'NONE',  ( -10.72814597146438942, 12.22207947928472294, 1.249999999999999112 ) ) ;
#1559 = CARTESIAN_POINT ( 'NONE',  ( -0.7732029671692111084, 14.16599450502933522, 5.531449386909396360 ) ) ;
#1560 = CARTESIAN_POINT ( 'NONE',  ( -6.296954946654656382, 20.18664407138511763, 2.825203365788030219 ) ) ;
#1561 = CARTESIAN_POINT ( 'NONE',  ( 9.066259105647430871, 15.70559134785226973, 1.843111826948586884 ) ) ;
#1562 = CARTESIAN_POINT ( 'NONE',  ( -1.946143855727624938, 9.086308044259055805, 8.678921050048241881 ) ) ;
#1563 = CARTESIAN_POINT ( 'NONE',  ( 5.048200217566957804, 22.02071063801241024, 2.755459717571881573 ) ) ;
#1564 = CARTESIAN_POINT ( 'NONE',  ( -0.7045499932688288336, 39.39417864341928066, 0.000000000000000000 ) ) ;
#1565 = CARTESIAN_POINT ( 'NONE',  ( -1.380994774739139785, -1.093160702957962194, 0.8990535480920146538 ) ) ;
#1566 = CARTESIAN_POINT ( 'NONE',  ( -3.494362298664012378, 18.26043827285102594, 4.267389374576000094 ) ) ;
#1567 = CARTESIAN_POINT ( 'NONE',  ( 5.160258180707528730, 4.962724670054856624, 2.805843044119112673 ) ) ;
#1568 = CARTESIAN_POINT ( 'NONE',  ( -6.202955392088322917, 15.93114350439577720, 3.003613228610041652 ) ) ;
#1569 = CARTESIAN_POINT ( 'NONE',  ( -2.010319288126033666, 11.09278168708321921, 8.691249854469655034 ) ) ;
#1570 = VECTOR ( 'NONE', #733, 1000.000000000000114 ) ;
#1571 = CARTESIAN_POINT ( 'NONE',  ( 1.502731513132390617, 27.88344259143265091, 6.904081298837825287 ) ) ;
#1572 = ORIENTED_EDGE ( 'NONE', *, *, #469, .T. ) ;
#1573 = CARTESIAN_POINT ( 'NONE',  ( 1.417464091979258045, -0.3091330434489985568, 2.149671561564735267 ) ) ;
#1574 = CARTESIAN_POINT ( 'NONE',  ( -5.556342746518755149, 21.66350907392208924, 2.643997519536128937 ) ) ;
#1575 = CARTESIAN_POINT ( 'NONE',  ( 5.535267065703315836, 5.064108065416213833, 2.160306814790700969 ) ) ;
#1576 = CARTESIAN_POINT ( 'NONE',  ( 0.1424244489444223549, 13.25036708891571813, 6.000000000000000000 ) ) ;
#1577 = CARTESIAN_POINT ( 'NONE',  ( -5.745142423224592676, 6.661858663533893221, 2.936499985454980699 ) ) ;
#1578 = CARTESIAN_POINT ( 'NONE',  ( -2.008504698277645772, 6.196575042447102888, 4.177865181255748794 ) ) ;
#1579 = CARTESIAN_POINT ( 'NONE',  ( -1.367548422947229225, -1.002118912208272539, 1.176893957531772950 ) ) ;
#1580 = CARTESIAN_POINT ( 'NONE',  ( 1.531999354299321991, 28.11762215426758971, 3.751038549202436734 ) ) ;
#1581 = CARTESIAN_POINT ( 'NONE',  ( 10.62941708619490555, 18.00494367856326861, 1.249999999999998224 ) ) ;
#1582 = CARTESIAN_POINT ( 'NONE',  ( 3.010425103258932644, 3.299676763595725593, 2.043833663722711691 ) ) ;
#1583 = CARTESIAN_POINT ( 'NONE',  ( -0.7739039036098395163, -3.397214970819252944, 0.000000000000000000 ) ) ;
#1584 = CARTESIAN_POINT ( 'NONE',  ( -5.544861520922718334, 5.071564001819766965, 2.142857703152648341 ) ) ;
#1585 = CARTESIAN_POINT ( 'NONE',  ( 2.266576594544146950, 14.98421052839399792, 0.000000000000000000 ) ) ;
#1586 = EDGE_LOOP ( 'NONE', ( #781, #753 ) ) ;
#1587 = EDGE_LOOP ( 'NONE', ( #131, #3290, #3410, #2394 ) ) ;
#1588 = CARTESIAN_POINT ( 'NONE',  ( 1.758489908881559538, 0.1479824076529836496, 1.102836897325099041E-15 ) ) ;
#1589 = CARTESIAN_POINT ( 'NONE',  ( -0.6200382235541977982, 13.23083515124214671, 5.957250786414759247 ) ) ;
#1590 = CARTESIAN_POINT ( 'NONE',  ( -4.782837944616872505, 21.20479352193120448, 3.373904366461918158 ) ) ;
#1591 = CARTESIAN_POINT ( 'NONE',  ( 4.782389698000161005, 21.22699981209772702, 3.373239305203756366 ) ) ;
#1592 = ADVANCED_FACE ( 'NONE', ( #1052, #133 ), #105, .T. ) ;
#1593 = CARTESIAN_POINT ( 'NONE',  ( -1.611326489457288957, 4.103531438791526931, 7.946748188334379570 ) ) ;
#1594 = VECTOR ( 'NONE', #5117, 1000.000000000000114 ) ;
#1595 = CARTESIAN_POINT ( 'NONE',  ( 5.246545199585471941, 21.92710329924779700, 2.272542002431084729 ) ) ;
#1596 = CARTESIAN_POINT ( 'NONE',  ( -8.463947921768466998, 17.31805017159140192, 2.053786388998965595 ) ) ;
#1597 = CARTESIAN_POINT ( 'NONE',  ( -1.153661163219247499, 1.099849851213491325, 6.762385746197989711 ) ) ;
#1598 = CARTESIAN_POINT ( 'NONE',  ( -1.886024911906287294, 25.57960203480832817, 3.043423566454381390 ) ) ;
#1599 = CARTESIAN_POINT ( 'NONE',  ( 0.000000000000000000, 45.89279153786013410, 0.000000000000000000 ) ) ;
#1600 = CARTESIAN_POINT ( 'NONE',  ( 0.000000000000000000, 13.39279153786013588, 0.000000000000000000 ) ) ;
#1601 = CARTESIAN_POINT ( 'NONE',  ( 1.922162640530984845, 17.15453997640399919, 11.30435855328662598 ) ) ;
#1602 = CARTESIAN_POINT ( 'NONE',  ( 1.977315415227532736, 9.929129856878706306, 8.652173298185855899 ) ) ;
#1603 = CARTESIAN_POINT ( 'NONE',  ( -6.903038732890334650, 20.10786959798742046, 2.565025103051786992 ) ) ;
#1604 = CARTESIAN_POINT ( 'NONE',  ( 5.138838490145614557, 4.880327141199650498, 2.686451283461127382 ) ) ;
#1605 = CARTESIAN_POINT ( 'NONE',  ( -0.1817538745219505758, 13.44026635417494298, 6.000000000000000000 ) ) ;
#1606 = CARTESIAN_POINT ( 'NONE',  ( -4.308322682975263440, 4.343421935167041781, 2.724897787658938419 ) ) ;
#1607 = CARTESIAN_POINT ( 'NONE',  ( -8.523312029487597030, 9.648487211715263356, 2.022543643233114086 ) ) ;
#1608 = CARTESIAN_POINT ( 'NONE',  ( -1.831173213927123955, 8.836803492217457645, 10.96973856641665002 ) ) ;
#1609 = CARTESIAN_POINT ( 'NONE',  ( 1.607571648009016307, 26.03756405071142410, 7.753092280337501307 ) ) ;
#1610 = CARTESIAN_POINT ( 'NONE',  ( 1.863121517198440102, 22.37776911894619758, 4.443860073264348287 ) ) ;
#1611 = CARTESIAN_POINT ( 'NONE',  ( 2.961631215531129957, 3.719080965041009712, 3.720834093070569892 ) ) ;
#1612 = CARTESIAN_POINT ( 'NONE',  ( -1.017385014028454160, -2.852168157199682419, 0.000000000000000000 ) ) ;
#1613 = CARTESIAN_POINT ( 'NONE',  ( -5.549231293501352802, 5.074489934578150674, 2.102580515124006233 ) ) ;
#1614 = CARTESIAN_POINT ( 'NONE',  ( 5.731952802963743210, 21.58690814417340675, 2.172745083804069832 ) ) ;
#1615 = ORIENTED_EDGE ( 'NONE', *, *, #4643, .T. ) ;
#1616 = VERTEX_POINT ( 'NONE', #3230 ) ;
#1617 = CARTESIAN_POINT ( 'NONE',  ( 1.729409194610854739, 2.698089158274921573, 3.950197075408432124 ) ) ;
#1618 = CARTESIAN_POINT ( 'NONE',  ( -0.3175574466717996924, 13.39279153786013588, 6.000000000000000000 ) ) ;
#1619 = CARTESIAN_POINT ( 'NONE',  ( -9.136200777995945543, 15.62107630668566927, 1.819641471454720438 ) ) ;
#1620 = CARTESIAN_POINT ( 'NONE',  ( 4.783646828741778378, 21.22953843529676021, 3.372739527142036398 ) ) ;
#1621 = CARTESIAN_POINT ( 'NONE',  ( -1.880008482291247507, 9.936259043382147382, 11.02928678425093523 ) ) ;
#1622 = CARTESIAN_POINT ( 'NONE',  ( 3.541408390308373288, 17.97006852554597245, 4.190367826423038622 ) ) ;
#1623 = CARTESIAN_POINT ( 'NONE',  ( 2.409228736001892468, 17.15977631178660801, 6.127408850257932471 ) ) ;
#1624 = B_SPLINE_CURVE_WITH_KNOTS ( 'NONE', 3,
 ( #2033, #1180, #5670, #2065 ),
 .UNSPECIFIED., .F., .F.,
 ( 4, 4 ),
 ( 0.001948555595735786692, 0.002548723626962579644 ),
 .UNSPECIFIED. ) ;
#1625 = B_SPLINE_CURVE_WITH_KNOTS ( 'NONE', 3,
 ( #4266, #228, #2031, #4875 ),
 .UNSPECIFIED., .F., .F.,
 ( 4, 4 ),
 ( 0.000000000000000000, 0.4401297776418582330 ),
 .UNSPECIFIED. ) ;
#1626 = DIRECTION ( 'NONE',  ( 0.000000000000000000, 0.000000000000000000, -1.000000000000000000 ) ) ;
#1627 = CARTESIAN_POINT ( 'NONE',  ( -2.279403295912258098, 18.29340937062815442, 6.604442319532949135 ) ) ;
#1628 = CARTESIAN_POINT ( 'NONE',  ( 5.422486549250164600, 4.994954797807954705, 2.316585547842823001 ) ) ;
#1629 = CARTESIAN_POINT ( 'NONE',  ( -8.615078854451031276, 10.90540842956800027, 2.004888736472991262 ) ) ;
#1630 = CARTESIAN_POINT ( 'NONE',  ( 1.503780898448272119, 27.86933557554127461, 6.895062333102205621 ) ) ;
#1631 = ORIENTED_EDGE ( 'NONE', *, *, #469, .F. ) ;
#1632 = CARTESIAN_POINT ( 'NONE',  ( 1.440924584632723215, -0.3599749331041664502, 1.853104638536054116 ) ) ;
#1633 = CARTESIAN_POINT ( 'NONE',  ( -8.068838765090340814, 18.32374810974859969, 2.187160474934740417 ) ) ;
#1634 = EDGE_CURVE ( 'NONE', #1264, #3079, #1963, .T. ) ;
#1635 = CARTESIAN_POINT ( 'NONE',  ( 5.128967892677620988, 4.896904645153954405, 2.738349358197072370 ) ) ;
#1636 = CARTESIAN_POINT ( 'NONE',  ( -1.079612185236600519, 13.67479042410200663, 5.276222157658236434 ) ) ;
#1637 = CARTESIAN_POINT ( 'NONE',  ( -5.023620991599309527, 5.604319546580934563, 3.196964024676520744 ) ) ;
#1638 = CARTESIAN_POINT ( 'NONE',  ( -1.996782237324863152, 5.979558603003555461, 4.169174404386734700 ) ) ;
#1639 = CARTESIAN_POINT ( 'NONE',  ( -5.643980382990514855, 5.137586629635654489, 0.6321543136308311883 ) ) ;
#1640 = CARTESIAN_POINT ( 'NONE',  ( 1.872281644475574991, 19.90026632272822837, 10.05214562520344046 ) ) ;
#1641 = CARTESIAN_POINT ( 'NONE',  ( 1.813292435597687824, 3.483676710326116588, 4.021045861528789622 ) ) ;
#1642 = CARTESIAN_POINT ( 'NONE',  ( 3.000468430332964509, 3.294610175050186385, 2.187481174149000562 ) ) ;
#1643 = FACE_OUTER_BOUND ( 'NONE', #2809, .T. ) ;
#1644 = CARTESIAN_POINT ( 'NONE',  ( -5.560576237360385754, 5.082086335141613453, 1.998011586478230628 ) ) ;
#1645 = CARTESIAN_POINT ( 'NONE',  ( 0.000000000000000000, 45.89279153786013410, 0.000000000000000000 ) ) ;
#1646 = ORIENTED_EDGE ( 'NONE', *, *, #4888, .F. ) ;
#1647 = ORIENTED_EDGE ( 'NONE', *, *, #2092, .F. ) ;
#1648 = CARTESIAN_POINT ( 'NONE',  ( 2.055042796315684317, 1.079240606300848615, 1.473837328222484809E-16 ) ) ;
#1649 = CARTESIAN_POINT ( 'NONE',  ( -0.2488417067827980167, 13.14394983107734483, 6.000000000000001776 ) ) ;
#1650 = CARTESIAN_POINT ( 'NONE',  ( -1.606337482114405180E-16, 14.58921148635222664, 5.276222157658235545 ) ) ;
#1651 = CARTESIAN_POINT ( 'NONE',  ( 9.374680902444531228, 12.86702607776658880, 1.738549943072475568 ) ) ;
#1652 = CARTESIAN_POINT ( 'NONE',  ( -1.416936242115332645, -0.3108538678600174521, 2.151565546053892053 ) ) ;
#1653 = CARTESIAN_POINT ( 'NONE',  ( 3.623922584124097401, 17.47280284282683027, 4.081545451349273712 ) ) ;
#1654 = CARTESIAN_POINT ( 'NONE',  ( 6.228564269070412607, 10.84648115447392769, 2.967460084005737020 ) ) ;
#1655 = CARTESIAN_POINT ( 'NONE',  ( -1.408954834240701004, -1.126756197547362115, 0.6117915629983077253 ) ) ;
#1656 = CARTESIAN_POINT ( 'NONE',  ( -3.774898734416372914, 17.20867125997984459, 4.124194869247492790 ) ) ;
#1657 = CARTESIAN_POINT ( 'NONE',  ( -0.5608581221166871744, 35.02281738060107585, 40.00000000000063238 ) ) ;
#1658 = CARTESIAN_POINT ( 'NONE',  ( -4.786874369796091599, 21.21292415978682300, 3.372297002414045064 ) ) ;
#1659 = CARTESIAN_POINT ( 'NONE',  ( -7.375945716401437480, 15.98492420084926913, 2.463143452119087140 ) ) ;
#1660 = CARTESIAN_POINT ( 'NONE',  ( 1.917155869777766197, 17.37649889056205055, 11.33085893306070169 ) ) ;
#1661 = ORIENTED_EDGE ( 'NONE', *, *, #2873, .F. ) ;
#1662 = CARTESIAN_POINT ( 'NONE',  ( 1.839665519115629033, 7.040209927091577669, 8.670042783285213162 ) ) ;
#1663 = CARTESIAN_POINT ( 'NONE',  ( -8.474112012051540077, 17.34693530592496202, 2.049784983384554948 ) ) ;
#1664 = CARTESIAN_POINT ( 'NONE',  ( 1.926218411664053720, 25.54393035856065453, 0.5566432316317866391 ) ) ;
#1665 = AXIS2_PLACEMENT_3D ( 'NONE', #487, #4579, #4202 ) ;
#1666 = CARTESIAN_POINT ( 'NONE',  ( 0.4858691598539782164, 12.90692237800616837, 5.957250786414758359 ) ) ;
#1667 = CARTESIAN_POINT ( 'NONE',  ( -4.269076253570096569, 4.225065422751798749, 1.521927339233948517 ) ) ;
#1668 = CARTESIAN_POINT ( 'NONE',  ( 0.1624051847286843708, 44.84527001933003731, 0.000000000000000000 ) ) ;
#1669 = EDGE_CURVE ( 'NONE', #4939, #4920, #1499, .T. ) ;
#1670 = CARTESIAN_POINT ( 'NONE',  ( -4.545958156832529795, 4.447730863803613488, 1.894936472610754485 ) ) ;
#1671 = CARTESIAN_POINT ( 'NONE',  ( 1.817135558794567896, 21.37262686881422979, 9.920662582543185337 ) ) ;
#1672 = CARTESIAN_POINT ( 'NONE',  ( 3.683865210461950035, 9.463131379415793631, 3.981943664945974959 ) ) ;
#1673 = CARTESIAN_POINT ( 'NONE',  ( -5.197019868180295710, 4.999460318316408802, 2.816244209645507812 ) ) ;
#1674 = CARTESIAN_POINT ( 'NONE',  ( 5.553355666020282300, 21.55785287351227453, 2.853446277036101542 ) ) ;
#1675 = CARTESIAN_POINT ( 'NONE',  ( -5.016688096710021583, 22.04355231946464855, 2.706272706145526730 ) ) ;
#1676 = ORIENTED_EDGE ( 'NONE', *, *, #2805, .T. ) ;
#1677 = CARTESIAN_POINT ( 'NONE',  ( 8.777564107006721628, 15.35818357139478962, 1.950000000007609202 ) ) ;
#1678 = CARTESIAN_POINT ( 'NONE',  ( 0.6871227554043080055, 13.39279153786013765, 5.957250786414758359 ) ) ;
#1679 = CARTESIAN_POINT ( 'NONE',  ( -5.225018506221406511, 5.011821345176231013, 2.801840897490265547 ) ) ;
#1680 = CARTESIAN_POINT ( 'NONE',  ( 4.554259734592618791, 5.411987162321707068, 3.272178295251311209 ) ) ;
#1681 = CARTESIAN_POINT ( 'NONE',  ( -1.549696961287043262, 5.018875310966685710, 10.15496759493283818 ) ) ;
#1682 = CARTESIAN_POINT ( 'NONE',  ( 2.917660854560265360, 21.45986908476000110, 4.941340771685315936 ) ) ;
#1683 = CARTESIAN_POINT ( 'NONE',  ( 9.340383834277355746, 13.36935851074393256, 1.750000000000000000 ) ) ;
#1684 = FACE_OUTER_BOUND ( 'NONE', #2559, .T. ) ;
#1685 = CARTESIAN_POINT ( 'NONE',  ( -1.910499765098129688, 25.55295352101711615, 2.075914236411562364 ) ) ;
#1686 = CARTESIAN_POINT ( 'NONE',  ( 5.532785794171782179, 5.062304654850418473, 2.144551515375015871 ) ) ;
#1687 = CARTESIAN_POINT ( 'NONE',  ( -8.550291856638285282, 8.149777773143583204, 1.241482264929276713 ) ) ;
#1688 = CARTESIAN_POINT ( 'NONE',  ( -7.469031022513334506, 18.96853925803568686, 2.405375366929835224 ) ) ;
#1689 = CARTESIAN_POINT ( 'NONE',  ( -8.513571920449887642, 17.27609885726506533, 2.035859996762972024 ) ) ;
#1690 = CARTESIAN_POINT ( 'NONE',  ( -5.383841092071476986, 4.973820949885882747, 2.362956656983371762 ) ) ;
#1691 = CARTESIAN_POINT ( 'NONE',  ( 1.630934943756265465, 0.2078308059523822637, 1.097836467607126609 ) ) ;
#1692 = CARTESIAN_POINT ( 'NONE',  ( -5.690393885230905724, 21.61193225399830808, 2.353793504290120353 ) ) ;
#1693 = CARTESIAN_POINT ( 'NONE',  ( -0.9867170708149418656, 13.65052586024986780, 5.531449386909396360 ) ) ;
#1694 = CARTESIAN_POINT ( 'NONE',  ( -4.542627013370092115, 4.445621623920338550, 1.894937202856685099 ) ) ;
#1695 = CARTESIAN_POINT ( 'NONE',  ( -10.72536718584446014, 11.25962745431930756, 1.250000000000005551 ) ) ;
#1696 = CARTESIAN_POINT ( 'NONE',  ( -5.679113671886473647, 5.161549580772247126, 0.6386500845143275873 ) ) ;
#1697 = CARTESIAN_POINT ( 'NONE',  ( 1.923812389044839088, 17.15451347695522699, 11.23226127180710243 ) ) ;
#1698 = CARTESIAN_POINT ( 'NONE',  ( 8.505352798628644351, 15.99687665495900113, 2.048226948624984001 ) ) ;
#1699 = ADVANCED_FACE ( 'NONE', ( #2307 ), #813, .F. ) ;
#1700 = CARTESIAN_POINT ( 'NONE',  ( 7.582326988345468699, 7.563076750405177684, 2.298716235625521520 ) ) ;
#1701 = CARTESIAN_POINT ( 'NONE',  ( 3.844942254770172596, 9.820208629101239595, 4.018799257417939863 ) ) ;
#1702 = CARTESIAN_POINT ( 'NONE',  ( -5.305384072321250422, 4.934292050890443981, 2.465520849228300282 ) ) ;
#1703 = CARTESIAN_POINT ( 'NONE',  ( 6.718041114526924318, 20.31508584120264160, 2.621374643530018478 ) ) ;
#1704 = CARTESIAN_POINT ( 'NONE',  ( -8.572648837190401494, 8.187150496414428602, 1.497653532228386375 ) ) ;
#1705 = ORIENTED_EDGE ( 'NONE', *, *, #3998, .F. ) ;
#1706 = CARTESIAN_POINT ( 'NONE',  ( -4.715431146200240065, 4.574361424303639900, 2.323303552917047377 ) ) ;
#1707 = EDGE_LOOP ( 'NONE', ( #1646, #1935, #888, #2928 ) ) ;
#1708 = CARTESIAN_POINT ( 'NONE',  ( 9.187688758655646382, 14.67513897408293744, 1.803014493027420118 ) ) ;
#1709 = ADVANCED_FACE ( 'NONE', ( #3734 ), #4597, .T. ) ;
#1710 = CARTESIAN_POINT ( 'NONE',  ( 6.549120594630329251, 6.282540405278415285, 2.583096625491775100 ) ) ;
#1711 = CARTESIAN_POINT ( 'NONE',  ( -5.509647435223508971, 5.263432076335893939, 2.788324675082505699 ) ) ;
#1712 = CARTESIAN_POINT ( 'NONE',  ( 7.851823785612407569, 19.30579575190508734, 2.212737317668823867 ) ) ;
#1713 = CARTESIAN_POINT ( 'NONE',  ( -1.526525996847931221, -0.4639321250874871017, 0.8839408573404526903 ) ) ;
#1714 = CARTESIAN_POINT ( 'NONE',  ( 4.583633394107332393, 22.33173107881204089, 2.183610918881413454 ) ) ;
#1715 = CARTESIAN_POINT ( 'NONE',  ( 7.000000000000000000, 13.39279153786013588, 40.09866853283232757 ) ) ;
#1716 = CARTESIAN_POINT ( 'NONE',  ( -1.910627167120976022, 25.55293034847316491, 2.075989299028958346 ) ) ;
#1717 = CARTESIAN_POINT ( 'NONE',  ( -1.599468897754696028, 27.35497117894442454, 3.027011992637249627 ) ) ;
#1718 = CARTESIAN_POINT ( 'NONE',  ( -0.1161234628935629010, 15.53808371440350911, 40.00000000000001421 ) ) ;
#1719 = CARTESIAN_POINT ( 'NONE',  ( -8.642474697910580872, 9.845373602404446700, 1.984181912444882068 ) ) ;
#1720 = CARTESIAN_POINT ( 'NONE',  ( 1.577738999911674656, -1.242603014018419438, -1.114196999652120157 ) ) ;
#1721 = B_SPLINE_CURVE_WITH_KNOTS ( 'NONE', 3,
 ( #3651, #4030, #1329, #2284 ),
 .UNSPECIFIED., .F., .F.,
 ( 4, 4 ),
 ( 0.000000000000000000, 0.0006266746140264008212 ),
 .UNSPECIFIED. ) ;
#1722 = CARTESIAN_POINT ( 'NONE',  ( 1.908220287507984780, 17.78791281922329048, 11.33258895037355352 ) ) ;
#1723 = CARTESIAN_POINT ( 'NONE',  ( 1.162149332220469011, -0.08510415560736087071, 4.420115825665496878 ) ) ;
#1724 = CARTESIAN_POINT ( 'NONE',  ( -1.248575520761757707, -0.7765166300038229830, 2.501247609923488824 ) ) ;
#1725 = CARTESIAN_POINT ( 'NONE',  ( -5.231455195614199916, 21.93677117688971379, 2.162504999731938771 ) ) ;
#1726 = CARTESIAN_POINT ( 'NONE',  ( -0.6200382235541984643, 13.55474792447812860, 5.957250786414758359 ) ) ;
#1727 = CARTESIAN_POINT ( 'NONE',  ( -3.041684686786487291, 3.323757065653606180, 1.651684343882316330 ) ) ;
#1728 = CARTESIAN_POINT ( 'NONE',  ( 1.478437770745817614, -1.133328825166104892, 0.000000000000000000 ) ) ;
#1729 = CARTESIAN_POINT ( 'NONE',  ( -4.527717783572462018, 22.45294485913670712, 5.512278662494169087E-15 ) ) ;
#1730 = CARTESIAN_POINT ( 'NONE',  ( 1.471922936854280994, 28.96130449709936627, 3.909421644417591768 ) ) ;
#1731 = CARTESIAN_POINT ( 'NONE',  ( 5.161737460079068640, 4.943162763145140026, 2.775187281732769851 ) ) ;
#1732 = CARTESIAN_POINT ( 'NONE',  ( 2.024060441072355943, 2.268063089968420432, 3.557958392151634452 ) ) ;
#1733 = CARTESIAN_POINT ( 'NONE',  ( 5.647993844979256828, 21.63800795181467151, 2.417926797576399167 ) ) ;
#1734 = CARTESIAN_POINT ( 'NONE',  ( 10.71468992356793137, 14.15571609349586524, 1.249999999999999334 ) ) ;
#1735 = CARTESIAN_POINT ( 'NONE',  ( 8.461643385667533934, 9.358700961492875336, 2.040419028415279445 ) ) ;
#1736 = CARTESIAN_POINT ( 'NONE',  ( 9.270630856354099336, 14.54004642521539736, 1.773136699766711954 ) ) ;
#1737 = CARTESIAN_POINT ( 'NONE',  ( 5.858531605508498608, 20.72349313405072024, 2.980412271761475385 ) ) ;
#1738 = CARTESIAN_POINT ( 'NONE',  ( -1.885881339208951957, 8.856382010218469603, 9.830173233874679894 ) ) ;
#1739 = EDGE_CURVE ( 'NONE', #678, #4230, #4364, .T. ) ;
#1740 = CARTESIAN_POINT ( 'NONE',  ( 5.055435838846078056, 11.57751253811489711, 3.672325464969570685 ) ) ;
#1741 = CARTESIAN_POINT ( 'NONE',  ( -1.393481455797418667, -1.035488311853731025, 0.9055543039518582082 ) ) ;
#1742 = CARTESIAN_POINT ( 'NONE',  ( -1.564786289520765372, 27.12691122612815420, 6.413476459495537796 ) ) ;
#1743 = DIRECTION ( 'NONE',  ( -0.000000000000000000, -0.000000000000000000, -1.000000000000000000 ) ) ;
#1744 = CARTESIAN_POINT ( 'NONE',  ( -7.230086211853818057, 7.562829898339921364, 2.441067793934428742 ) ) ;
#1745 = CARTESIAN_POINT ( 'NONE',  ( -8.545861320814914563, 9.647660452300945266, 2.014542275220265743 ) ) ;
#1746 = CARTESIAN_POINT ( 'NONE',  ( 1.892932109055271539, 18.41686172882911166, 11.32681943366962507 ) ) ;
#1747 = CARTESIAN_POINT ( 'NONE',  ( 1.148771691233784198, 0.2316801857244413232, 5.119391158992341317 ) ) ;
#1748 = CARTESIAN_POINT ( 'NONE',  ( -1.465809989682105963, 4.250346327241082633, 9.846617032174238560 ) ) ;
#1749 = CARTESIAN_POINT ( 'NONE',  ( -5.699378140770892109, 21.60735747444141808, 2.310761579816325462 ) ) ;
#1750 = CARTESIAN_POINT ( 'NONE',  ( -0.8430914316019126886, 13.61301028674328251, 5.801067248717890479 ) ) ;
#1751 = DIRECTION ( 'NONE',  ( -0.000000000000000000, -0.000000000000000000, -1.000000000000000000 ) ) ;
#1752 = CARTESIAN_POINT ( 'NONE',  ( 5.747662119794099134, 21.57596819223367390, 0.000000000000000000 ) ) ;
#1753 = CARTESIAN_POINT ( 'NONE',  ( 1.910316560704602207, 17.78691053495243324, 11.23804053893933386 ) ) ;
#1754 = CARTESIAN_POINT ( 'NONE',  ( 5.430646733220232392, 5.003483577131141224, 2.355591656870487327 ) ) ;
#1755 = CARTESIAN_POINT ( 'NONE',  ( 1.996214588205202922, 3.020143321359607835, 4.938447261498565943 ) ) ;
#1756 = CARTESIAN_POINT ( 'NONE',  ( -8.411678223941409627, 9.253915185964396883, 2.056667425066270649 ) ) ;
#1757 = CARTESIAN_POINT ( 'NONE',  ( 5.686217924798567580, 21.41425351657519016, 2.858882435944197109 ) ) ;
#1758 = ORIENTED_EDGE ( 'NONE', *, *, #2796, .F. ) ;
#1759 =( GEOMETRIC_REPRESENTATION_CONTEXT ( 3 ) GLOBAL_UNCERTAINTY_ASSIGNED_CONTEXT ( ( #795 ) ) GLOBAL_UNIT_ASSIGNED_CONTEXT ( ( #5043, #97, #2802 ) ) REPRESENTATION_CONTEXT ( 'NONE', 'WORKASPACE' ) );
#1760 = CARTESIAN_POINT ( 'NONE',  ( 8.543986781545779507, 11.23904952774289612, 2.030120407791565107 ) ) ;
#1761 = CARTESIAN_POINT ( 'NONE',  ( 8.369226456817184356, 9.142322604105482142, 2.069866640934312940 ) ) ;
#1762 = CARTESIAN_POINT ( 'NONE',  ( -5.190787883104613698, 4.895884399911579976, 2.631066417472154750 ) ) ;
#1763 = CARTESIAN_POINT ( 'NONE',  ( 4.825476630795781041, 4.691933344810592210, 2.902996618025851738 ) ) ;
#1764 = CARTESIAN_POINT ( 'NONE',  ( -1.411973415252279818, -1.057131759041120889, 0.7145912070270487026 ) ) ;
#1765 = EDGE_LOOP ( 'NONE', ( #4200, #1572, #4318, #3471, #811, #507, #2023, #1370, #1050, #3321 ) ) ;
#1766 = CARTESIAN_POINT ( 'NONE',  ( -2.774240856117980325, 23.80534793660704906, 2.106336572521517070 ) ) ;
#1767 = CARTESIAN_POINT ( 'NONE',  ( -1.979622199507875768, 17.15708445816945016, 8.805107069333082848 ) ) ;
#1768 = CARTESIAN_POINT ( 'NONE',  ( 1.798498448071735645, 8.219156975586447089, 10.91230930897286022 ) ) ;
#1769 = CARTESIAN_POINT ( 'NONE',  ( 2.797413455708857466, 23.79523981064098592, -0.1736716908895847844 ) ) ;
#1770 = PRODUCT_RELATED_PRODUCT_CATEGORY ( 'part', '', ( #2614 ) ) ;
#1771 = CARTESIAN_POINT ( 'NONE',  ( -9.173523939476510236, 11.40367168031931833, 1.807501615693297037 ) ) ;
#1772 = CARTESIAN_POINT ( 'NONE',  ( 8.462891205455880694, 17.32186476002174658, 2.053326447904620711 ) ) ;
#1773 = CARTESIAN_POINT ( 'NONE',  ( -9.295779705175833740, 12.49369118092496045, 1.765559958148009256 ) ) ;
#1774 = CARTESIAN_POINT ( 'NONE',  ( 1.549071902207688645, 5.016876610194507258, 10.15709243664861461 ) ) ;
#1775 = CARTESIAN_POINT ( 'NONE',  ( -1.385929716565675651, -1.069912302648888813, 0.9024729894454449619 ) ) ;
#1776 = CARTESIAN_POINT ( 'NONE',  ( -8.457711063961212972, 17.34661537489738237, 2.055840061742503888 ) ) ;
#1777 = EDGE_CURVE ( 'NONE', #1467, #4285, #3674, .T. ) ;
#1778 = CARTESIAN_POINT ( 'NONE',  ( 9.059486074191461569, 15.70357411846708118, 1.845599921341269267 ) ) ;
#1779 = CARTESIAN_POINT ( 'NONE',  ( -10.69778143611143051, 9.334942369418142150, 1.250000000000000444 ) ) ;
#1780 = CARTESIAN_POINT ( 'NONE',  ( 9.339031365783069916, 12.66379752560641769, 1.749999999999997558 ) ) ;
#1781 = CARTESIAN_POINT ( 'NONE',  ( 1.505879669080035121, 27.84112154375851844, 6.877024401630967176 ) ) ;
#1782 = AXIS2_PLACEMENT_3D ( 'NONE', #1552, #5217, #2894 ) ;
#1783 = CARTESIAN_POINT ( 'NONE',  ( 8.371719425626100275, 9.009237465369364983, 2.065447440530536749 ) ) ;
#1784 = CARTESIAN_POINT ( 'NONE',  ( -5.687713640419491234, 5.440862802145074895, 2.775375397889693563 ) ) ;
#1785 = CARTESIAN_POINT ( 'NONE',  ( 1.904569576971583578, 25.55397404519240112, 2.077777001426622139 ) ) ;
#1786 = ORIENTED_EDGE ( 'NONE', *, *, #504, .F. ) ;
#1787 = VERTEX_POINT ( 'NONE', #3323 ) ;
#1788 = CARTESIAN_POINT ( 'NONE',  ( 2.083478063940692682, 16.81180626041937742, 4.402194367542822562 ) ) ;
#1789 = CARTESIAN_POINT ( 'NONE',  ( 8.547349659232475361, 9.651564810826451790, 2.013984945558675577 ) ) ;
#1790 = CARTESIAN_POINT ( 'NONE',  ( -7.773760074529279862, 7.877529307455125362, 2.245192608195174078 ) ) ;
#1791 = CARTESIAN_POINT ( 'NONE',  ( 9.534250438046273146, 15.84882222568279353, 1.629120869989214793 ) ) ;
#1792 = CARTESIAN_POINT ( 'NONE',  ( -1.705721186780251974, 6.830709557507548269, 10.72511756605392641 ) ) ;
#1793 = CARTESIAN_POINT ( 'NONE',  ( -5.242339098983323176, 21.93033412950005356, 1.400985694384137448 ) ) ;
#1794 = CARTESIAN_POINT ( 'NONE',  ( -1.552126382336877164, 28.23279945199919894, 2.275331516333872539 ) ) ;
#1795 = CARTESIAN_POINT ( 'NONE',  ( 1.817957439273168330, 8.566803374509582625, 10.94510351390763248 ) ) ;
#1796 = CARTESIAN_POINT ( 'NONE',  ( 8.777549202256002658, 8.601674101684356089, 1.174516898220524075 ) ) ;
#1797 = CARTESIAN_POINT ( 'NONE',  ( 5.722071044298221665, 21.37599303374227944, 2.858451821258242820 ) ) ;
#1798 = CARTESIAN_POINT ( 'NONE',  ( -6.631192085231023547, 6.388272878877259586, 2.565243100491767070 ) ) ;
#1799 = CARTESIAN_POINT ( 'NONE',  ( 1.798498448071627287, 8.219156975586377811, 10.91230930897488882 ) ) ;
#1800 = CARTESIAN_POINT ( 'NONE',  ( -1.386060385120839955, -1.070068449414998346, 0.9011263247337585325 ) ) ;
#1801 = CARTESIAN_POINT ( 'NONE',  ( -5.122153213694707219, 21.99660274558686623, 2.605196583700480240 ) ) ;
#1802 = CARTESIAN_POINT ( 'NONE',  ( -4.490287737447901328, 14.25295059956284405, 4.132562165475741622 ) ) ;
#1803 = CARTESIAN_POINT ( 'NONE',  ( 9.365345030669629978, 12.86763518099644266, 1.741923526020525692 ) ) ;
#1804 = CARTESIAN_POINT ( 'NONE',  ( -2.451930890183242173, 9.901771927915303806, 5.992474487878535427 ) ) ;
#1805 = CARTESIAN_POINT ( 'NONE',  ( 4.973512050181929212, 22.11469578324359020, 8.188055742870515691E-15 ) ) ;
#1806 = CARTESIAN_POINT ( 'NONE',  ( 1.560020491992265113, 26.65580573331748582, 8.393335573737440214 ) ) ;
#1807 = EDGE_CURVE ( 'NONE', #427, #448, #4978, .T. ) ;
#1808 = CARTESIAN_POINT ( 'NONE',  ( -7.898029097508661778, 18.70147406801721246, 2.241305636720383632 ) ) ;
#1809 = CARTESIAN_POINT ( 'NONE',  ( 7.785411984826834164, 7.880890383061251114, 2.240475796389316709 ) ) ;
#1810 = CARTESIAN_POINT ( 'NONE',  ( -5.569248121636194426, 5.087924632968420902, 1.788954312805680846 ) ) ;
#1811 = CARTESIAN_POINT ( 'NONE',  ( -1.496578524212785144, 28.24905543656141660, 6.091310987397980270 ) ) ;
#1812 = ORIENTED_EDGE ( 'NONE', *, *, #2622, .T. ) ;
#1813 = CARTESIAN_POINT ( 'NONE',  ( 2.367111261014080092, 17.29943377612217859, 6.342023145471037182 ) ) ;
#1814 = CARTESIAN_POINT ( 'NONE',  ( 4.895025056108207373, 15.02001646757872777, 3.808556032966252669 ) ) ;
#1815 = CARTESIAN_POINT ( 'NONE',  ( 5.131085252386993645, 4.875377888653932068, 2.688010093778759213 ) ) ;
#1816 = CARTESIAN_POINT ( 'NONE',  ( -10.10423134049166727, 13.42079869428937933, 0.7707575157884354322 ) ) ;
#1817 = CARTESIAN_POINT ( 'NONE',  ( -7.361280763401384597, 7.255719369767302140, 2.362440620703634586 ) ) ;
#1818 = CARTESIAN_POINT ( 'NONE',  ( 9.441312387046036037, 14.39873978552933664, 1.712044391627075335 ) ) ;
#1819 = CARTESIAN_POINT ( 'NONE',  ( -1.389795155624439227, -1.030849269720594430, 0.9442300543611487074 ) ) ;
#1820 = ORIENTED_EDGE ( 'NONE', *, *, #3855, .T. ) ;
#1821 = CARTESIAN_POINT ( 'NONE',  ( -1.623773447207532472, 27.36136175760020350, 1.293061911905126760 ) ) ;
#1822 = CARTESIAN_POINT ( 'NONE',  ( -1.612524147278399989, 27.36863398701651562, 2.052384234026562115 ) ) ;
#1823 = LINE ( 'NONE', #3618, #3257 ) ;
#1824 = CARTESIAN_POINT ( 'NONE',  ( -0.2561804476006352416, 15.51160729232146984, 40.00000000000000000 ) ) ;
#1825 = CARTESIAN_POINT ( 'NONE',  ( -3.045547090267289203, 3.328788484576630680, 1.609123611259605680 ) ) ;
#1826 = CARTESIAN_POINT ( 'NONE',  ( -9.158643351495074469, 15.62744666134175908, 1.811402071967731287 ) ) ;
#1827 = B_SPLINE_CURVE_WITH_KNOTS ( 'NONE', 3,
 ( #1965, #5112, #3736, #2781, #5458, #2870, #1530, #1085, #4172, #3294, #2812, #3677, #2427, #3326, #1440, #4672, #5052, #1851, #3647, #2339 ),
 .UNSPECIFIED., .F., .F.,
 ( 4, 2, 2, 2, 2, 2, 2, 2, 2, 4 ),
 ( 0.000000000000000000, 0.0009823213056656477163, 0.001964642611331294999, 0.002946963916996942715, 0.003929285222662589130, 0.004911606528328236847, 0.005893927833993883696, 0.006876249139659530545, 0.007367409792492353969, 0.007858570445325176526 ),
 .UNSPECIFIED. ) ;
#1828 = CARTESIAN_POINT ( 'NONE',  ( 8.440007294847925223, 17.41285373192739527, 2.060972660253236555 ) ) ;
#1829 = CARTESIAN_POINT ( 'NONE',  ( -8.206148502582593096, 8.765533641403374432, 2.120395241541388920 ) ) ;
#1830 = CARTESIAN_POINT ( 'NONE',  ( 1.393613956787895569, -1.033945118215002568, 0.9059472326632175276 ) ) ;
#1831 = CARTESIAN_POINT ( 'NONE',  ( -1.544081274768262624, 5.007025386548088264, 10.20653101329354762 ) ) ;
#1832 = CARTESIAN_POINT ( 'NONE',  ( -5.504577726574003016, 21.68264795474847162, 2.707134006998443532 ) ) ;
#1833 = CARTESIAN_POINT ( 'NONE',  ( 3.889531796974704303, 9.842506858469732833, 4.051772468100472757 ) ) ;
#1834 = CARTESIAN_POINT ( 'NONE',  ( -6.633128862249762392, 20.96045386665237231, 1.874069827926948761 ) ) ;
#1835 = CARTESIAN_POINT ( 'NONE',  ( 1.518675087844590710, 29.06687520796535651, 0.000000000000000000 ) ) ;
#1836 = CARTESIAN_POINT ( 'NONE',  ( 1.254195852948527534, -2.116418266570989637, 0.000000000000000000 ) ) ;
#1837 = CARTESIAN_POINT ( 'NONE',  ( -8.468351061251981449, 17.27661213131410989, 2.052497434273508059 ) ) ;
#1838 = CARTESIAN_POINT ( 'NONE',  ( 1.529334345075653134, 27.30707434779634113, 7.666764830682962106 ) ) ;
#1839 = CARTESIAN_POINT ( 'NONE',  ( 5.557558745421748547, 5.078741187063723572, 2.140813695628599245 ) ) ;
#1840 = CARTESIAN_POINT ( 'NONE',  ( -1.487116698376044432, 28.53580874828715963, 5.408278994338719947 ) ) ;
#1841 = VERTEX_POINT ( 'NONE', #4287 ) ;
#1842 = CARTESIAN_POINT ( 'NONE',  ( 1.900877946779880201, 25.57006580980001686, 2.163897743037548338 ) ) ;
#1843 = DIRECTION ( 'NONE',  ( -1.000000000000000000, 0.000000000000000000, 0.000000000000000000 ) ) ;
#1844 = CARTESIAN_POINT ( 'NONE',  ( 7.058733394204407041, 7.582424056724151207, 2.542088290746019830 ) ) ;
#1845 = CARTESIAN_POINT ( 'NONE',  ( -7.919078820818858944, 19.58398872567777715, 1.457564131527855356 ) ) ;
#1846 = CARTESIAN_POINT ( 'NONE',  ( -7.953649691019125889, 8.185612522882790287, 2.192365128969781196 ) ) ;
#1847 = CARTESIAN_POINT ( 'NONE',  ( 7.927694797396378945, 19.53642134231265004, 1.596340323005513762 ) ) ;
#1848 = CARTESIAN_POINT ( 'NONE',  ( -1.159158103963050523, -0.09471208798262684136, 4.424571050976815023 ) ) ;
#1849 = CARTESIAN_POINT ( 'NONE',  ( -1.996782237324863152, 5.979558603003555461, 4.169174404386734700 ) ) ;
#1850 = CARTESIAN_POINT ( 'NONE',  ( -1.748313925421453030, 22.61339091142101054, 10.67791242737678736 ) ) ;
#1851 = CARTESIAN_POINT ( 'NONE',  ( -5.400793389441797210, 4.974268217024307326, -2.576674225547582420E-15 ) ) ;
#1852 = CARTESIAN_POINT ( 'NONE',  ( 5.742962960379640158, 21.57926949397880634, 0.6518162259288982074 ) ) ;
#1853 = CARTESIAN_POINT ( 'NONE',  ( -2.050807801540325048, 1.918773183704685525, 2.355793786309719806 ) ) ;
#1854 = CARTESIAN_POINT ( 'NONE',  ( -8.646903768125252299, 9.843268016119242958, 1.982588827838556389 ) ) ;
#1855 = CARTESIAN_POINT ( 'NONE',  ( 5.554130580234050818, 21.67853483655697744, 2.595333513643985679 ) ) ;
#1856 = CARTESIAN_POINT ( 'NONE',  ( -7.040923920335711017, 6.877908392312462205, 2.458429950189460644 ) ) ;
#1857 = CARTESIAN_POINT ( 'NONE',  ( -8.523552878880803263, 17.38301712634481433, 2.031147621727715347 ) ) ;
#1858 = CARTESIAN_POINT ( 'NONE',  ( -1.858897001742574773, 9.518293147466131643, 11.10445958608750239 ) ) ;
#1859 = CARTESIAN_POINT ( 'NONE',  ( -2.756137064642896650, 23.81366039309646254, 2.254958936681812354 ) ) ;
#1860 = CARTESIAN_POINT ( 'NONE',  ( 7.398721441908596930, 9.698427157711714486, 2.421489317596732693 ) ) ;
#1861 = CARTESIAN_POINT ( 'NONE',  ( 6.431712984477717221, 6.646820544505790629, 2.694229357733668895 ) ) ;
#1862 = CARTESIAN_POINT ( 'NONE',  ( 1.596096983824752957, 25.91917066972319716, 9.000826215722449675 ) ) ;
#1863 = CARTESIAN_POINT ( 'NONE',  ( 10.00011720055804787, 13.37669010723719154, 0.8095557228428055252 ) ) ;
#1864 = CARTESIAN_POINT ( 'NONE',  ( 1.471789571289868759, 29.03688909748068170, 3.541713232300214731 ) ) ;
#1865 = AXIS2_PLACEMENT_3D ( 'NONE', #4963, #2280, #4081 ) ;
#1866 = CARTESIAN_POINT ( 'NONE',  ( 8.360574327524730620, 9.009740425155495558, 2.069645911443525943 ) ) ;
#1867 = CARTESIAN_POINT ( 'NONE',  ( -7.757581704468792694, 9.034910540341295260, 2.296720175551896226 ) ) ;
#1868 = AXIS2_PLACEMENT_3D ( 'NONE', #1715, #1270, #5317 ) ;
#1869 = CARTESIAN_POINT ( 'NONE',  ( -1.481720956115940124, 29.00182028908134058, 3.533458460745544816 ) ) ;
#1870 = VERTEX_POINT ( 'NONE', #5110 ) ;
#1871 = CARTESIAN_POINT ( 'NONE',  ( 1.874764147800159098, 25.33037717658588051, 4.165432088764662311 ) ) ;
#1872 = SURFACE_STYLE_USAGE ( .BOTH. , #67 ) ;
#1873 = CARTESIAN_POINT ( 'NONE',  ( 6.144774092688852996, 6.271755668464495059, 2.817441300077384359 ) ) ;
#1874 = CARTESIAN_POINT ( 'NONE',  ( -1.878026560726265837, 9.936446945399607600, 11.07676236800997494 ) ) ;
#1875 = CARTESIAN_POINT ( 'NONE',  ( -5.610355331619397035, 5.115354179867028783, 1.797439436122882261 ) ) ;
#1876 = CARTESIAN_POINT ( 'NONE',  ( 1.051512769818620852, 13.67537774327431777, 5.276222157658236434 ) ) ;
#1877 = CARTESIAN_POINT ( 'NONE',  ( -1.148391914637998390, 0.2296745097101200450, 5.121002886969909795 ) ) ;
#1878 = ORIENTED_EDGE ( 'NONE', *, *, #2622, .F. ) ;
#1879 = EDGE_CURVE ( 'NONE', #2912, #5072, #5267, .T. ) ;
#1880 = CARTESIAN_POINT ( 'NONE',  ( -1.971730154023885850, 5.547582381929942130, 4.150930245794807405 ) ) ;
#1881 = CARTESIAN_POINT ( 'NONE',  ( -1.896194651227342876, 18.41192015980657004, 11.21225476607802385 ) ) ;
#1882 = CARTESIAN_POINT ( 'NONE',  ( -0.1413209045777216732, 12.31317935262353735, 5.276222157658235545 ) ) ;
#1883 = CARTESIAN_POINT ( 'NONE',  ( 4.580905580543221944, 22.33656903213617539, 1.387962043679021651 ) ) ;
#1884 = CARTESIAN_POINT ( 'NONE',  ( -2.021861248057475358, 2.263745673164893280, 3.561848997175350195 ) ) ;
#1885 = CARTESIAN_POINT ( 'NONE',  ( -9.178171326864898560, 11.40250633106010625, 1.805831335833756546 ) ) ;
#1886 = CARTESIAN_POINT ( 'NONE',  ( 5.659573938651792702, 21.63157361779253307, 2.397399908404221680 ) ) ;
#1887 = CARTESIAN_POINT ( 'NONE',  ( -5.510559539939499984, 5.283571942304555513, 2.801708999972176706 ) ) ;
#1888 = CARTESIAN_POINT ( 'NONE',  ( -5.596040797665216893, 21.71097152351636339, 2.363759334734118589 ) ) ;
#1889 = CARTESIAN_POINT ( 'NONE',  ( -5.573967170823387995, 21.55745737586252986, 2.828353154008337089 ) ) ;
#1890 = CARTESIAN_POINT ( 'NONE',  ( -1.792504025404281665, 8.201721831333530943, 11.00482485373394681 ) ) ;
#1891 = CARTESIAN_POINT ( 'NONE',  ( -6.761991891002905319, 17.80182420364396734, 2.554430561215043749 ) ) ;
#1892 = CARTESIAN_POINT ( 'NONE',  ( 7.042664845780070237, 6.881570725774758479, 2.457887863803869699 ) ) ;
#1893 = CARTESIAN_POINT ( 'NONE',  ( 0.000000000000000000, 13.39279153786013588, 0.000000000000000000 ) ) ;
#1894 = CARTESIAN_POINT ( 'NONE',  ( 1.867345730467661280, 19.39979970651954133, 11.17727792013563359 ) ) ;
#1895 = CARTESIAN_POINT ( 'NONE',  ( 9.990033193792079658, 12.49002528991875494, 0.8126297295266402543 ) ) ;
#1896 = CARTESIAN_POINT ( 'NONE',  ( 1.472840628443368605, 28.76109585727249751, 4.834687635370338299 ) ) ;
#1897 = CARTESIAN_POINT ( 'NONE',  ( -5.564237461695250353, 21.56291354580945452, 2.833191385952368968 ) ) ;
#1898 = CARTESIAN_POINT ( 'NONE',  ( 5.520105006531138336, 5.054790448299796068, 2.216897150543108097 ) ) ;
#1899 = CARTESIAN_POINT ( 'NONE',  ( -4.840037233156131435, 4.841857225853656743, 2.999886439624844137 ) ) ;
#1900 = CARTESIAN_POINT ( 'NONE',  ( -1.920838119360200213, 17.38021195226048832, 11.21185710758283349 ) ) ;
#1901 = CARTESIAN_POINT ( 'NONE',  ( -1.206297278588835731, -0.5065041941260947089, 3.314250188390782892 ) ) ;
#1902 = CARTESIAN_POINT ( 'NONE',  ( 1.708887500543515348, 24.21366561971850473, 8.024137395659707295 ) ) ;
#1903 = CARTESIAN_POINT ( 'NONE',  ( 5.861204167379181484, 5.931262839698007383, 2.887629458156100615 ) ) ;
#1904 = CARTESIAN_POINT ( 'NONE',  ( -8.271004874078382585, 8.856936584278427560, 2.098742363560946345 ) ) ;
#1905 = CARTESIAN_POINT ( 'NONE',  ( 5.377142920809989235, 21.83506459140449607, 2.583905123669347770 ) ) ;
#1906 = ORIENTED_EDGE ( 'NONE', *, *, #1515, .F. ) ;
#1907 = EDGE_LOOP ( 'NONE', ( #2993, #2082, #812, #1556 ) ) ;
#1908 = CARTESIAN_POINT ( 'NONE',  ( 0.000000000000000000, 43.20213110681009994, 20.00000000000000000 ) ) ;
#1909 = CARTESIAN_POINT ( 'NONE',  ( -1.818698947991689518, 21.32219913164665925, 9.931188150346793364 ) ) ;
#1910 = CARTESIAN_POINT ( 'NONE',  ( 5.573586081218005361, 5.089375956329604378, 2.144178987507247225 ) ) ;
#1911 = ADVANCED_FACE ( 'NONE', ( #2868 ), #4590, .T. ) ;
#1912 = CARTESIAN_POINT ( 'NONE',  ( -3.055252218197503922, 3.322935598770302423, 1.570583543809775939 ) ) ;
#1913 = CARTESIAN_POINT ( 'NONE',  ( -9.669029963595999533, 13.41926318873577273, 1.633409114521047645 ) ) ;
#1914 = CARTESIAN_POINT ( 'NONE',  ( 7.345741053108454821, 17.25549229668575535, 2.464637455576371039 ) ) ;
#1915 = AXIS2_PLACEMENT_3D ( 'NONE', #5133, #659, #4254 ) ;
#1916 = CARTESIAN_POINT ( 'NONE',  ( -7.613759727397894750, 7.688856098567764086, 2.297674086418058259 ) ) ;
#1917 = CARTESIAN_POINT ( 'NONE',  ( -5.627270230157947140, 21.63589575440939328, 2.538309419434394254 ) ) ;
#1918 = CARTESIAN_POINT ( 'NONE',  ( -1.220562978594180281, -0.6790216881990035480, 2.885269205263818915 ) ) ;
#1919 = CARTESIAN_POINT ( 'NONE',  ( -7.762566047055811325, 17.66930632973478410, 2.316557531420995630 ) ) ;
#1920 = CARTESIAN_POINT ( 'NONE',  ( 8.404824922683239663, 9.232813529480548453, 2.058835801278962041 ) ) ;
#1921 = CARTESIAN_POINT ( 'NONE',  ( 8.770859706864102989, 11.42135655323468058, 1.949999999999993738 ) ) ;
#1922 = CARTESIAN_POINT ( 'NONE',  ( 1.368160824998058800, -1.659451036826476100, 0.000000000000000000 ) ) ;
#1923 = DIRECTION ( 'NONE',  ( 0.000000000000000000, 0.000000000000000000, -1.000000000000000000 ) ) ;
#1924 = CARTESIAN_POINT ( 'NONE',  ( 1.922518253352831108, 17.16443149002500945, 11.28046999035308140 ) ) ;
#1925 = CARTESIAN_POINT ( 'NONE',  ( 8.614843870909396628, 9.648155106012247018, 1.990029471687745133 ) ) ;
#1926 = CARTESIAN_POINT ( 'NONE',  ( -7.802657337179585539, 9.541647237843053020, 2.278313329691529887 ) ) ;
#1927 = CARTESIAN_POINT ( 'NONE',  ( -9.225768052566865052, 14.83398695638275377, 1.789183545177979395 ) ) ;
#1928 = CARTESIAN_POINT ( 'NONE',  ( -9.998071321305433301, 13.19027808889541831, 0.8105526843813113391 ) ) ;
#1929 = CARTESIAN_POINT ( 'NONE',  ( 1.931715025922410289, 18.78052471834310566, 8.929023547217299850 ) ) ;
#1930 = CARTESIAN_POINT ( 'NONE',  ( 7.800041193740753442, 9.167664760256728940, 2.281014733550727147 ) ) ;
#1931 = CARTESIAN_POINT ( 'NONE',  ( -1.320985091487894891, 2.881333937341717721, 8.821228533684312367 ) ) ;
#1932 = CARTESIAN_POINT ( 'NONE',  ( -7.933280886482140026, 8.186500083297490349, 2.200946842656470448 ) ) ;
#1933 = CARTESIAN_POINT ( 'NONE',  ( 7.076026664168026059, 20.49865059501242825, 2.013415919200437276 ) ) ;
#1934 = ORIENTED_EDGE ( 'NONE', *, *, #1274, .T. ) ;
#1935 = ORIENTED_EDGE ( 'NONE', *, *, #2260, .F. ) ;
#1936 = CARTESIAN_POINT ( 'NONE',  ( 7.000000000000000000, 13.39279153786013588, 1.750000000000000000 ) ) ;
#1937 = CARTESIAN_POINT ( 'NONE',  ( -1.860151950553514011, 19.64176085328610455, 11.16634857939454939 ) ) ;
#1938 = FACE_OUTER_BOUND ( 'NONE', #1587, .T. ) ;
#1939 = CARTESIAN_POINT ( 'NONE',  ( -1.633490183302994669, 0.2041607864834954489, 1.060966395123600359 ) ) ;
#1940 = CARTESIAN_POINT ( 'NONE',  ( 6.763175223136444814, 17.80133237544875513, 2.552570631885961117 ) ) ;
#1941 = CARTESIAN_POINT ( 'NONE',  ( -8.205338621279121725, 18.01375259851948130, 2.141678566952437190 ) ) ;
#1942 = CARTESIAN_POINT ( 'NONE',  ( -8.505637816060053424, 17.42623416267992909, 2.037273622646572857 ) ) ;
#1943 = CARTESIAN_POINT ( 'NONE',  ( -1.383571264124114020, -1.081667065062882349, 0.8996411244809671137 ) ) ;
#1944 = CARTESIAN_POINT ( 'NONE',  ( -2.734371680668051585, 23.84077212859438077, 2.533253918803068050 ) ) ;
#1945 = CARTESIAN_POINT ( 'NONE',  ( 5.422676641093008953, 5.202422286611351865, 2.807643643457858662 ) ) ;
#1946 = CARTESIAN_POINT ( 'NONE',  ( -1.985153755617693694, 14.16024578532314315, 11.16296788221398195 ) ) ;
#1947 = CARTESIAN_POINT ( 'NONE',  ( -2.451944926123948321, 9.901856130592427974, 5.992427047430234133 ) ) ;
#1948 = CARTESIAN_POINT ( 'NONE',  ( 8.848439755355974157, 18.05172598451656540, 1.169220383830890331 ) ) ;
#1949 = CARTESIAN_POINT ( 'NONE',  ( 1.558191601376236246, 26.67958425957156265, 8.417960315791281900 ) ) ;
#1950 = CARTESIAN_POINT ( 'NONE',  ( -5.699483923574669930, 21.60548977818511673, 2.353594481059742005 ) ) ;
#1951 = CARTESIAN_POINT ( 'NONE',  ( 8.338284131321991310, 9.010746344727760260, 2.078042853269503887 ) ) ;
#1952 = CARTESIAN_POINT ( 'NONE',  ( -8.979566302092539587, 17.94755946140028158, 1.115012385936671846 ) ) ;
#1953 = CARTESIAN_POINT ( 'NONE',  ( -5.492868908704529929, 5.037793415425744215, 2.216623550769727835 ) ) ;
#1954 = DIRECTION ( 'NONE',  ( -0.000000000000000000, -0.000000000000000000, -1.000000000000000000 ) ) ;
#1955 = CARTESIAN_POINT ( 'NONE',  ( -10.00000000952579349, 13.34109063276715190, 0.8100370036530081252 ) ) ;
#1956 = CARTESIAN_POINT ( 'NONE',  ( 2.278938943696672936, 18.29507452159773351, 6.603240059886773317 ) ) ;
#1957 = CARTESIAN_POINT ( 'NONE',  ( 2.149986251388090963, 11.31676558730379512, 4.323640027788365536 ) ) ;
#1958 = CARTESIAN_POINT ( 'NONE',  ( 7.397202583947049881, 9.698098561355241287, 2.422066227851911613 ) ) ;
#1959 = CARTESIAN_POINT ( 'NONE',  ( -9.297208404367989232, 14.28609367621369941, 1.764782985067465004 ) ) ;
#1960 = CARTESIAN_POINT ( 'NONE',  ( -7.125866419197621759, 6.951403442034918889, 2.429039182920534223 ) ) ;
#1961 = CARTESIAN_POINT ( 'NONE',  ( 5.544071711309505268, 5.024564546841069124, 2.381360789021133684 ) ) ;
#1962 = VERTEX_POINT ( 'NONE', #3992 ) ;
#1963 = LINE ( 'NONE', #1022, #3917 ) ;
#1964 = CARTESIAN_POINT ( 'NONE',  ( -1.480572468393041241, 28.94356830930828650, 3.902740902395890998 ) ) ;
#1965 = CARTESIAN_POINT ( 'NONE',  ( -1.478152147415975115, -1.134909989853868151, 0.000000000000000000 ) ) ;
#1966 = CARTESIAN_POINT ( 'NONE',  ( -1.427034280071708849, 1.069477553832085537, 4.692096567247070027 ) ) ;
#1967 = CARTESIAN_POINT ( 'NONE',  ( 6.781312573456762749, 17.53224817544461445, 2.562420233490136479 ) ) ;
#1968 = CARTESIAN_POINT ( 'NONE',  ( -5.625630733094625135, 21.47684422328760689, 2.861932580006056437 ) ) ;
#1969 = CARTESIAN_POINT ( 'NONE',  ( -6.574986625974776899, 20.52755780022829768, 2.651542734895197206 ) ) ;
#1970 = CARTESIAN_POINT ( 'NONE',  ( -1.870626406465353053, 9.799364413618102176, 11.11826294807903004 ) ) ;
#1971 = CARTESIAN_POINT ( 'NONE',  ( -4.418841665552076137, 22.16381862970400007, 3.367277038649495235 ) ) ;
#1972 = CARTESIAN_POINT ( 'NONE',  ( 7.616437082308990192, 7.694369443885975990, 2.297026369113554622 ) ) ;
#1973 = CARTESIAN_POINT ( 'NONE',  ( -2.444011766797328455, 15.92951419474362673, 6.114131116720226800 ) ) ;
#1974 = CARTESIAN_POINT ( 'NONE',  ( 9.992831740456447065, 13.78489274043824331, 0.8118207459565873751 ) ) ;
#1975 = CARTESIAN_POINT ( 'NONE',  ( 1.478456162254224937, 29.15725470734534142, 2.451883165853901758 ) ) ;
#1976 = ORIENTED_EDGE ( 'NONE', *, *, #2725, .F. ) ;
#1977 = CARTESIAN_POINT ( 'NONE',  ( -5.717783950364661472, 21.59435945986301064, 2.310658816813556449 ) ) ;
#1978 = CARTESIAN_POINT ( 'NONE',  ( 5.541531409625490845, 5.068106417797842767, 2.137448403749951265 ) ) ;
#1979 = CARTESIAN_POINT ( 'NONE',  ( -4.712786345292147239, 4.572946929279140704, 2.312284133299093103 ) ) ;
#1980 = CARTESIAN_POINT ( 'NONE',  ( -5.106343623570623436, 4.883728026845880699, 2.748693012941614278 ) ) ;
#1981 = CARTESIAN_POINT ( 'NONE',  ( -1.863071467636257861, 22.37328376617803727, 4.444131301380300769 ) ) ;
#1982 = B_SPLINE_CURVE_WITH_KNOTS ( 'NONE', 3,
 ( #3839, #1101, #3368, #4659 ),
 .UNSPECIFIED., .F., .F.,
 ( 4, 4 ),
 ( 0.001957194697468705828, 0.003412629495654343880 ),
 .UNSPECIFIED. ) ;
#1983 = EDGE_CURVE ( 'NONE', #1111, #3320, #3725, .T. ) ;
#1984 = CARTESIAN_POINT ( 'NONE',  ( -8.414657769064133319, 7.986367231935306954, 1.280525536588080771 ) ) ;
#1985 = CARTESIAN_POINT ( 'NONE',  ( 1.949899753428276483, 17.24239272631407616, 10.00926951641061002 ) ) ;
#1986 = CARTESIAN_POINT ( 'NONE',  ( 1.989981470814341957, 19.58740785490546443, 4.426596430138880933 ) ) ;
#1987 = CARTESIAN_POINT ( 'NONE',  ( 3.027211046256920834, 3.315245452427077577, 1.816797948309324839 ) ) ;
#1988 = PRODUCT_CONTEXT ( 'NONE', #2952, 'mechanical' ) ;
#1989 = CARTESIAN_POINT ( 'NONE',  ( -5.583798924305317435, 5.097601147799650789, 1.897390866895416472 ) ) ;
#1990 = CARTESIAN_POINT ( 'NONE',  ( 0.3307033063378390647, 15.77445908224639481, 40.00000000000006395 ) ) ;
#1991 = ORIENTED_EDGE ( 'NONE', *, *, #5293, .F. ) ;
#1992 = ORIENTED_EDGE ( 'NONE', *, *, #4923, .T. ) ;
#1993 = CARTESIAN_POINT ( 'NONE',  ( 1.478437770745817614, -1.133328825166104892, 0.000000000000000000 ) ) ;
#1994 = CARTESIAN_POINT ( 'NONE',  ( -0.4858691598539777723, 13.87866069771411048, 5.957250786414756583 ) ) ;
#1995 = CARTESIAN_POINT ( 'NONE',  ( 0.8459966587256242398, 14.23878819658574635, 5.276222157658235545 ) ) ;
#1996 = CARTESIAN_POINT ( 'NONE',  ( -4.940522584337620593, 22.08711367070705833, 2.428838041345748877 ) ) ;
#1997 = CARTESIAN_POINT ( 'NONE',  ( 5.252621560665435396, 5.790580908433079266, 3.057918858316645672 ) ) ;
#1998 = CARTESIAN_POINT ( 'NONE',  ( -1.568206732198621722, 0.2621525775001156688, 1.869313647306035442 ) ) ;
#1999 = CARTESIAN_POINT ( 'NONE',  ( -6.292767666022097472, 6.193382160767041178, 2.724336864035210581 ) ) ;
#2000 = CARTESIAN_POINT ( 'NONE',  ( 4.679387584439380632, 21.75911649784993429, 3.423490746745783131 ) ) ;
#2001 = CARTESIAN_POINT ( 'NONE',  ( 7.339138572575488517, 17.25229089823359985, 2.467089009847991843 ) ) ;
#2002 = CARTESIAN_POINT ( 'NONE',  ( 8.864147694734191063, 10.39812982580398248, 1.910661341529485302 ) ) ;
#2003 = CARTESIAN_POINT ( 'NONE',  ( -2.325322736299015869, 17.74268228662937119, 6.480052020024391624 ) ) ;
#2004 = CARTESIAN_POINT ( 'NONE',  ( 7.871004022016460766, 8.111304008447401515, 2.222328905964375600 ) ) ;
#2005 = CARTESIAN_POINT ( 'NONE',  ( -5.985210112612797673, 15.85167466091861854, 3.118573673351364928 ) ) ;
#2006 = CARTESIAN_POINT ( 'NONE',  ( -6.304818463536350670, 20.19681757118929966, 2.822164762211317068 ) ) ;
#2007 = CARTESIAN_POINT ( 'NONE',  ( -1.968563410923757750, 11.09621512962451284, 9.885256326052022757 ) ) ;
#2008 = CARTESIAN_POINT ( 'NONE',  ( 1.921554698262635696, 17.15751852571847991, 11.32843492523841888 ) ) ;
#2009 = CARTESIAN_POINT ( 'NONE',  ( 1.809398699027347623, 6.576185831133055437, 8.628490212205946364 ) ) ;
#2010 = CARTESIAN_POINT ( 'NONE',  ( -5.726986855161546153, 21.58786045257380692, 2.310607435312172164 ) ) ;
#2011 = CARTESIAN_POINT ( 'NONE',  ( 5.226159415563690125, 4.902899666983235427, 2.570399035962598333 ) ) ;
#2012 = B_SPLINE_CURVE_WITH_KNOTS ( 'NONE', 3,
 ( #881, #4591, #440, #5408, #4532, #5002, #3183, #972, #2704, #4913, #3686, #4063, #5468, #26, #2262, #1451, #1002, #3715, #4473, #4973, #2232, #1802, #5816, #4505, #3598, #1363, #3271, #1539, #2493, #2005, #1568, #2908, #1480, #2848, #4649, #675, #5612, #144 ),
 .UNSPECIFIED., .F., .F.,
 ( 4, 2, 2, 2, 2, 2, 2, 2, 2, 2, 2, 2, 2, 2, 2, 2, 2, 2, 4 ),
 ( 9.797099101748092675E-05, 0.0008730573264367871063, 0.001648143661856093286, 0.002423229997275399682, 0.003198316332694705645, 0.003973402668114011174, 0.004748489003533318438, 0.005523575338952623967, 0.006298661674371930363, 0.006686204842081586164, 0.007073748009791242831, 0.007461291177500896897, 0.007848834345210553565, 0.008623920680629866900, 0.009399007016049178501, 0.01017409335146849184, 0.01094917968688780691, 0.01172426602230711851, 0.01249935235772643184 ),
 .UNSPECIFIED. ) ;
#2013 = CARTESIAN_POINT ( 'NONE',  ( -1.395335524718021585E-17, 13.59421012517085003, 6.000000000000000000 ) ) ;
#2014 = CARTESIAN_POINT ( 'NONE',  ( -3.717666946066952693, 9.644070778206414118, 3.960685009195100470 ) ) ;
#2015 = CARTESIAN_POINT ( 'NONE',  ( -2.104505492160960500, 8.614102782684456727, 4.260475607918925434 ) ) ;
#2016 = CARTESIAN_POINT ( 'NONE',  ( -9.007298646536595399, 11.74506187160242732, 1.867187177211691473 ) ) ;
#2017 = CARTESIAN_POINT ( 'NONE',  ( 1.950799662918847321, 17.20228591747293478, 10.00782549964351986 ) ) ;
#2018 = CARTESIAN_POINT ( 'NONE',  ( 10.62566581175765812, 6.938599803884513584, 1.249999999999995115 ) ) ;
#2019 = CARTESIAN_POINT ( 'NONE',  ( 3.033443989792787843, 3.324104072453921699, 1.732766677058781069 ) ) ;
#2020 = CARTESIAN_POINT ( 'NONE',  ( -5.319147960362784922, 4.943705147499759534, 2.466284265340132897 ) ) ;
#2021 = CARTESIAN_POINT ( 'NONE',  ( 0.9988900328743817170, 18.90759402650844834, 39.99999999999995026 ) ) ;
#2022 = ORIENTED_EDGE ( 'NONE', *, *, #4068, .T. ) ;
#2023 = ORIENTED_EDGE ( 'NONE', *, *, #5783, .T. ) ;
#2024 = CARTESIAN_POINT ( 'NONE',  ( -10.22411530192204054, 1.671425167172812642, 1.249999999999999778 ) ) ;
#2025 = CARTESIAN_POINT ( 'NONE',  ( -0.1817538745219505203, 13.39279153786013588, 6.000000000000000000 ) ) ;
#2026 = CARTESIAN_POINT ( 'NONE',  ( 0.8459966587256249060, 12.54679487913452185, 5.276222157658237322 ) ) ;
#2027 = CARTESIAN_POINT ( 'NONE',  ( 5.120732557251656658, 21.03830929871653055, 3.250080462290878103 ) ) ;
#2028 = CARTESIAN_POINT ( 'NONE',  ( -1.624129308061001531, 0.2092028015989701450, 1.173758002612703466 ) ) ;
#2029 = CARTESIAN_POINT ( 'NONE',  ( 7.719116790301147724, 17.82070610841633140, 2.333835539498553491 ) ) ;
#2030 = CARTESIAN_POINT ( 'NONE',  ( -6.930000955721941303, 20.06364084035426743, 2.558987149111319415 ) ) ;
#2031 = CARTESIAN_POINT ( 'NONE',  ( 8.498863343896271516, 16.13799338539731210, 2.048503697141637048 ) ) ;
#2032 = CARTESIAN_POINT ( 'NONE',  ( -2.889045343634566887, 21.62614301641448478, 4.946628978686136158 ) ) ;
#2033 = CARTESIAN_POINT ( 'NONE',  ( 9.337082628129795836, 14.12800904941295954, 1.750000000000000222 ) ) ;
#2034 = CARTESIAN_POINT ( 'NONE',  ( -9.419039254118228399, 13.41847122606747433, 1.723921353251967714 ) ) ;
#2035 = CARTESIAN_POINT ( 'NONE',  ( 1.924166891689687464, 17.16440433309874081, 11.20837359950609802 ) ) ;
#2036 = CARTESIAN_POINT ( 'NONE',  ( 1.481760209793151706, 29.14261918419171948, 2.285005418629226348 ) ) ;
#2037 = CARTESIAN_POINT ( 'NONE',  ( 1.601574765428383618, 0.2259133966327173670, 1.452412808488694917 ) ) ;
#2038 = CARTESIAN_POINT ( 'NONE',  ( -5.627553329692616124, 21.48350053671213544, 2.853181287981136460 ) ) ;
#2039 = CARTESIAN_POINT ( 'NONE',  ( 7.117508887676103235, 6.953870375711327156, 2.433424129546641446 ) ) ;
#2040 = CARTESIAN_POINT ( 'NONE',  ( 0.7011038708568938516, 16.41881556912215601, 40.00000000000000000 ) ) ;
#2041 = CARTESIAN_POINT ( 'NONE',  ( -6.844067413065997307, 9.208753410490650992, 2.488441713259986976 ) ) ;
#2042 = CARTESIAN_POINT ( 'NONE',  ( 1.518271737945371402, -0.4540534109673616259, 0.9799054259799057087 ) ) ;
#2043 = CARTESIAN_POINT ( 'NONE',  ( -5.604942852622134986, 5.110933601748278932, 1.368400056173833867 ) ) ;
#2044 = CARTESIAN_POINT ( 'NONE',  ( 1.937044043961468676, 17.77413141049899181, 10.03254829315302032 ) ) ;
#2045 = CARTESIAN_POINT ( 'NONE',  ( 10.37984523612249532, 23.77216736451818946, 1.250000000000001110 ) ) ;
#2046 = CARTESIAN_POINT ( 'NONE',  ( 3.057697540836493477, 3.325779848945132233, 1.567591069618574195 ) ) ;
#2047 = CARTESIAN_POINT ( 'NONE',  ( -0.6504715506052933804, -3.612785710768476211, 0.000000000000000000 ) ) ;
#2048 = CARTESIAN_POINT ( 'NONE',  ( -5.478734562253040785, 5.029866550019185034, 2.257909182174785201 ) ) ;
#2049 = CARTESIAN_POINT ( 'NONE',  ( 8.603545220315920616, 15.50561845919436443, 2.012967747403899388 ) ) ;
#2050 = VERTEX_POINT ( 'NONE', #1760 ) ;
#2051 = VERTEX_POINT ( 'NONE', #5287 ) ;
#2052 = AXIS2_PLACEMENT_3D ( 'NONE', #151, #2500, #2384 ) ;
#2053 = CARTESIAN_POINT ( 'NONE',  ( 2.983287865200249467, 2.800954809449111238, 2.169447254287314148E-14 ) ) ;
#2054 = CARTESIAN_POINT ( 'NONE',  ( -2.084495143633629741E-17, 13.44371339586526304, 6.000000000000000000 ) ) ;
#2055 = CARTESIAN_POINT ( 'NONE',  ( -5.339931565674220337, 20.88836261640516767, 3.171233624072291590 ) ) ;
#2056 = CARTESIAN_POINT ( 'NONE',  ( -8.620384988204753185, 9.619635594466029005, 1.987806575566262168 ) ) ;
#2057 = CARTESIAN_POINT ( 'NONE',  ( 6.435087782402328038, 6.642688462602221122, 2.692941008067148978 ) ) ;
#2058 = CARTESIAN_POINT ( 'NONE',  ( -2.113520151902191557, 1.889712935503051527, 1.294455666512060343 ) ) ;
#2059 = CARTESIAN_POINT ( 'NONE',  ( 3.795053281398452771, 17.19494439241276496, 4.136576498073224251 ) ) ;
#2060 = EDGE_CURVE ( 'NONE', #2897, #662, #52, .T. ) ;
#2061 = CARTESIAN_POINT ( 'NONE',  ( -4.349999999999999645, 13.39279153786013588, 1.949999999999993516 ) ) ;
#2062 = B_SPLINE_CURVE_WITH_KNOTS ( 'NONE', 3,
 ( #2816, #4295, #1596, #4704, #4208, #258, #5086, #138, #1028, #1941, #5552, #3740, #671, #2374, #3828, #2030, #3798, #5608, #1148, #1505, #2460, #1968, #3298, #4732, #1059, #2489, #4644, #610, #170, #5578, #641, #4236, #198, #5667, #4820 ),
 .UNSPECIFIED., .F., .F.,
 ( 4, 1, 1, 1, 1, 1, 1, 1, 1, 1, 1, 1, 1, 1, 1, 1, 1, 1, 1, 1, 1, 1, 1, 1, 1, 1, 1, 1, 1, 1, 1, 1, 4 ),
 ( 0.000000000000000000, 0.005630281864434429420, 0.01414750579203918369, 0.02560544989012186398, 0.04003637527712800709, 0.05746829927672502530, 0.07792954316004976900, 0.1014447970178905950, 0.1280344750481419713, 0.1577142604540632542, 0.1904929853117386385, 0.2253096760647770314, 0.3135607294851197047, 0.4379717339133539222, 0.5377166164567925843, 0.6171289191243507499, 0.6860474951399310184, 0.7441139280247280885, 0.7910751886819447076, 0.8256298585330439366, 0.8524064493706917656, 0.8717561286161188416, 0.8847738673677687515, 0.8927541901209318231, 0.9020750671953013944, 0.9140061295945628439, 0.9258769405360020022, 0.9421796280510283950, 0.9589713222795920311, 0.9730778587027738569, 0.9845399510289440936, 0.9934526574137112487, 1.000000000000000000 ),
 .UNSPECIFIED. ) ;
#2063 = CARTESIAN_POINT ( 'NONE',  ( -1.377322004531082555, -1.088747674736414872, 0.9367876330541531349 ) ) ;
#2064 = CARTESIAN_POINT ( 'NONE',  ( -3.802126287946458572, 17.19563513132172616, 4.142343649093647606 ) ) ;
#2065 = CARTESIAN_POINT ( 'NONE',  ( 9.339652450279182005, 13.52733357419697313, 1.750001004639106572 ) ) ;
#2066 = CARTESIAN_POINT ( 'NONE',  ( 1.977335606423966885, 9.929702632650327487, 8.652171525987055745 ) ) ;
#2067 = CARTESIAN_POINT ( 'NONE',  ( 1.865403145258150541, 19.40557367007967571, 11.26618309982768906 ) ) ;
#2068 = CARTESIAN_POINT ( 'NONE',  ( 1.954195225620571463, 9.261177067562515575, 8.672286392410308409 ) ) ;
#2069 = CARTESIAN_POINT ( 'NONE',  ( -5.618775462309859137, 21.48778715036405274, 2.858071930196704802 ) ) ;
#2070 = CARTESIAN_POINT ( 'NONE',  ( 5.318529416466960313, 4.942223792359812684, 2.461001427433739508 ) ) ;
#2071 = CARTESIAN_POINT ( 'NONE',  ( -0.03600719110604534701, 13.42879872896618210, 6.000000000000000000 ) ) ;
#2072 = CARTESIAN_POINT ( 'NONE',  ( -3.775426783473912362, 9.776535898825908788, 3.975501615315160997 ) ) ;
#2073 = CARTESIAN_POINT ( 'NONE',  ( -2.057033993268253536, 17.72144276583057732, 4.412988342159611221 ) ) ;
#2074 = CARTESIAN_POINT ( 'NONE',  ( -5.237230302166731910, 4.857034877963119612, -0.1822410977837855550 ) ) ;
#2075 = CARTESIAN_POINT ( 'NONE',  ( 1.944683505171593829, 17.46587362683692035, 10.01888231694539755 ) ) ;
#2076 = CARTESIAN_POINT ( 'NONE',  ( 1.773669341727875048, 3.086611443712283354, 3.987571714283893787 ) ) ;
#2077 = CARTESIAN_POINT ( 'NONE',  ( 6.832705931301593871, 9.513682034722521053, 2.518809238483792790 ) ) ;
#2078 = CARTESIAN_POINT ( 'NONE',  ( -8.980426391958708621, 17.94573309053245680, 1.127573704832633750 ) ) ;
#2079 = CARTESIAN_POINT ( 'NONE',  ( -5.358003003516275342, 4.961809326607335535, 2.412875956841683323 ) ) ;
#2080 = CARTESIAN_POINT ( 'NONE',  ( 0.08777292761438482138, -4.106242854645983265, 0.000000000000000000 ) ) ;
#2081 = ORIENTED_EDGE ( 'NONE', *, *, #1557, .F. ) ;
#2082 = ORIENTED_EDGE ( 'NONE', *, *, #5250, .T. ) ;
#2083 = CARTESIAN_POINT ( 'NONE',  ( 4.344005642348264473, 4.205271117530678282, -3.405072447962293674E-15 ) ) ;
#2084 = CARTESIAN_POINT ( 'NONE',  ( 0.03600719110604538864, 13.35678434675409143, 6.000000000000000000 ) ) ;
#2085 = CARTESIAN_POINT ( 'NONE',  ( 7.753012226527466133, 8.189702883705672676, 2.274283975988951489 ) ) ;
#2086 = CARTESIAN_POINT ( 'NONE',  ( -1.879128784349453740, 9.913373198846802126, 11.02835644400326665 ) ) ;
#2087 = CARTESIAN_POINT ( 'NONE',  ( 3.005410336390956338, 20.95651230275502641, 4.908247301091367198 ) ) ;
#2088 = CARTESIAN_POINT ( 'NONE',  ( -5.672497671393037066, 5.157333434752535695, 0.000000000000000000 ) ) ;
#2089 = CARTESIAN_POINT ( 'NONE',  ( 9.097518618597412399, 11.16685236858067221, 1.832504728405377037 ) ) ;
#2090 = CARTESIAN_POINT ( 'NONE',  ( -2.726261755757473537, 23.84821363101069736, 2.662079886002325591 ) ) ;
#2091 = CARTESIAN_POINT ( 'NONE',  ( 1.422935694855772759, -1.068229326319809491, 0.6034137340624178281 ) ) ;
#2092 = EDGE_CURVE ( 'NONE', #4724, #2631, #481, .T. ) ;
#2093 = CARTESIAN_POINT ( 'NONE',  ( -8.631014747704410794, 9.850821679046648072, 1.988303922116852362 ) ) ;
#2094 = CARTESIAN_POINT ( 'NONE',  ( -8.660194528260332092, 10.90418611269722682, 1.988743892960686210 ) ) ;
#2095 = DIRECTION ( 'NONE',  ( -0.000000000000000000, -0.000000000000000000, -1.000000000000000000 ) ) ;
#2096 = VERTEX_POINT ( 'NONE', #3163 ) ;
#2097 = CARTESIAN_POINT ( 'NONE',  ( 1.611664273020578575, 4.105936309229562653, 7.945900926379612095 ) ) ;
#2098 = CARTESIAN_POINT ( 'NONE',  ( -8.463902201136114911, 17.38184969064444019, 2.053228772849341244 ) ) ;
#2099 = CARTESIAN_POINT ( 'NONE',  ( 2.787741779026744471, 23.79930588670576697, 0.5867241525724485873 ) ) ;
#2100 = CARTESIAN_POINT ( 'NONE',  ( -1.334076891925523034E-16, 14.48626566049794739, 5.531449386909396360 ) ) ;
#2101 = CARTESIAN_POINT ( 'NONE',  ( -6.125898804200150316, 7.312884859306787888, 2.772493690506489639 ) ) ;
#2102 = CARTESIAN_POINT ( 'NONE',  ( -10.45709471903326460, 4.052911055245338012, 1.249999999999997335 ) ) ;
#2103 = CARTESIAN_POINT ( 'NONE',  ( -1.148391914638142719, 0.2296745097105106492, 5.121002886969710843 ) ) ;
#2104 = CARTESIAN_POINT ( 'NONE',  ( 1.907393395695505145, 18.82977846026480151, 10.06486828016335444 ) ) ;
#2105 = CARTESIAN_POINT ( 'NONE',  ( 1.948593417784705961, 15.92581340790158784, 11.19025577516849168 ) ) ;
#2106 = CARTESIAN_POINT ( 'NONE',  ( 6.845425304186917081, 9.211001133732745316, 2.487880322772485275 ) ) ;
#2107 = CARTESIAN_POINT ( 'NONE',  ( -5.403834690796884388, 4.986415799617713418, 2.357442191915046781 ) ) ;
#2108 = B_SPLINE_CURVE_WITH_KNOTS ( 'NONE', 3,
 ( #1470, #1410, #166, #107 ),
 .UNSPECIFIED., .F., .F.,
 ( 4, 4 ),
 ( 0.000000000000000000, 1.000000000000000000 ),
 .UNSPECIFIED. ) ;
#2109 = CARTESIAN_POINT ( 'NONE',  ( 1.139499702359346500, 22.50919541316709882, 40.00000000000005684 ) ) ;
#2110 = CARTESIAN_POINT ( 'NONE',  ( -8.979682052440898232, 17.85000398322913995, 1.657954558115793287 ) ) ;
#2111 = ORIENTED_EDGE ( 'NONE', *, *, #3778, .T. ) ;
#2112 = CARTESIAN_POINT ( 'NONE',  ( 2.457941586531425138, 1.970942523856410666, 5.300732183917411522E-15 ) ) ;
#2113 = CARTESIAN_POINT ( 'NONE',  ( -0.04595030237210127183, 13.39279153786013588, 6.000000000000000000 ) ) ;
#2114 = CARTESIAN_POINT ( 'NONE',  ( -9.407764947404134048, 13.41843559154131782, 1.728003340517052955 ) ) ;
#2115 = CARTESIAN_POINT ( 'NONE',  ( -7.143489914222898918, 6.951065349727059584, 2.419947046049147232 ) ) ;
#2116 = CARTESIAN_POINT ( 'NONE',  ( 9.133319921489299276, 11.27015283610643870, 1.820927914646471635 ) ) ;
#2117 = CARTESIAN_POINT ( 'NONE',  ( -1.797165152622638651, 8.205028321708724093, 10.91641325044616195 ) ) ;
#2118 = CARTESIAN_POINT ( 'NONE',  ( 2.844995829371205875, 21.90981868323459025, 4.920610762943574024 ) ) ;
#2119 = CARTESIAN_POINT ( 'NONE',  ( 5.401279886174332745, 11.26660678074010136, 3.438751900068844680 ) ) ;
#2120 = CARTESIAN_POINT ( 'NONE',  ( 8.777564107006721628, 15.35818357139478962, 1.950000000007609202 ) ) ;
#2121 = CARTESIAN_POINT ( 'NONE',  ( -1.880416244112866453, 25.51203446851464207, 3.522398689155055163 ) ) ;
#2122 = CARTESIAN_POINT ( 'NONE',  ( -0.8289672778847229084, 17.45151346898395062, 39.99999999999993605 ) ) ;
#2123 = CARTESIAN_POINT ( 'NONE',  ( -8.640260162803244270, 9.846426395547048571, 1.984978454748044907 ) ) ;
#2124 = CARTESIAN_POINT ( 'NONE',  ( -8.635954657070625373, 9.643963086598452250, 1.982572455830664548 ) ) ;
#2125 = CARTESIAN_POINT ( 'NONE',  ( 1.557277156068221702, 26.69147352269860107, 8.430272686818204519 ) ) ;
#2126 = EDGE_CURVE ( 'NONE', #1870, #5570, #3451, .T. ) ;
#2127 = CARTESIAN_POINT ( 'NONE',  ( 1.976661926039840589, 9.906247362110883969, 8.651389173349036454 ) ) ;
#2128 = CARTESIAN_POINT ( 'NONE',  ( -8.464279641504651508, 17.42542288899707259, 2.052640678631060922 ) ) ;
#2129 = CARTESIAN_POINT ( 'NONE',  ( 1.579111423095516990E-16, 14.32710056193828763, 5.801067248717888702 ) ) ;
#2130 = CARTESIAN_POINT ( 'NONE',  ( -4.407947271093881625, 4.372563600998696565, 2.507216475332411765 ) ) ;
#2131 = CARTESIAN_POINT ( 'NONE',  ( -1.730588126943424454, 2.703580410134776457, 3.949461403919728664 ) ) ;
#2132 = CARTESIAN_POINT ( 'NONE',  ( -1.167124615895227313, 1.132944865110444788, 6.731325244878798131 ) ) ;
#2133 = CARTESIAN_POINT ( 'NONE',  ( 1.473995005668444547, 28.74510397989106636, 4.829805356422411933 ) ) ;
#2134 = CARTESIAN_POINT ( 'NONE',  ( 8.527947501184266699, 15.99714222484200832, 2.039948882521008588 ) ) ;
#2135 = CARTESIAN_POINT ( 'NONE',  ( 5.464177457336023558, 5.021672496289985688, 2.305318674406818591 ) ) ;
#2136 = CARTESIAN_POINT ( 'NONE',  ( 2.044143701307454819, 1.967820293093611284, 2.596176972004959449 ) ) ;
#2137 = CARTESIAN_POINT ( 'NONE',  ( -5.168831552268034812, 4.881307840530596742, 2.633619629050420130 ) ) ;
#2138 = CARTESIAN_POINT ( 'NONE',  ( 5.502073759576650680, 21.68174047494074941, 2.714693903186057966 ) ) ;
#2139 = CARTESIAN_POINT ( 'NONE',  ( -8.997581886833588172, 17.90919407589419166, 1.378746815227109179 ) ) ;
#2140 = ORIENTED_EDGE ( 'NONE', *, *, #3638, .F. ) ;
#2141 = VERTEX_POINT ( 'NONE', #1400 ) ;
#2142 = CARTESIAN_POINT ( 'NONE',  ( 1.973475547673571917, 5.566112829017513697, 4.145855635200939915 ) ) ;
#2143 = CARTESIAN_POINT ( 'NONE',  ( 5.497956379293322371, 5.040002288015872800, 2.212635663057941127 ) ) ;
#2144 = CARTESIAN_POINT ( 'NONE',  ( 9.050314865529170305, 9.477906760801834807, 1.792032422820662108 ) ) ;
#2145 = CARTESIAN_POINT ( 'NONE',  ( -1.392854202738720959, 2.580531007248189290, 7.702632412763146696 ) ) ;
#2146 = CARTESIAN_POINT ( 'NONE',  ( 4.564160620945100888, 22.34724528788247255, 2.440313198185509513 ) ) ;
#2147 = CARTESIAN_POINT ( 'NONE',  ( 7.000000000000000000, 13.39279153786013588, 1.750000000000000000 ) ) ;
#2148 = CARTESIAN_POINT ( 'NONE',  ( -1.932621278217869776, 25.54195105860002002, 0.5557557150466226892 ) ) ;
#2149 = CARTESIAN_POINT ( 'NONE',  ( -1.844406201408403945, 21.12984111253618380, 8.926813253729596553 ) ) ;
#2150 = CARTESIAN_POINT ( 'NONE',  ( -1.215909570592857314, -2.226371771515510023, 0.000000000000000000 ) ) ;
#2151 = CARTESIAN_POINT ( 'NONE',  ( -9.425164755416730600, 13.41849058684430851, 1.721703547853655314 ) ) ;
#2152 = CARTESIAN_POINT ( 'NONE',  ( -8.523337986750986417, 9.648584793726568520, 2.022534730067665709 ) ) ;
#2153 = DIRECTION ( 'NONE',  ( 1.000000000000000000, 0.000000000000000000, 0.000000000000000000 ) ) ;
#2154 = CARTESIAN_POINT ( 'NONE',  ( 1.308550570690191650, -0.8925806284242290278, 1.838109922987781530 ) ) ;
#2155 = CARTESIAN_POINT ( 'NONE',  ( -5.554507752567111822, 21.56836971575638273, 2.838029617896401291 ) ) ;
#2156 = CARTESIAN_POINT ( 'NONE',  ( -0.6606562466494472208, 14.05344778450957399, 5.801067248717891367 ) ) ;
#2157 = CARTESIAN_POINT ( 'NONE',  ( -2.992035143980631862, 3.294869321947864638, 2.342986171411399976 ) ) ;
#2158 = CARTESIAN_POINT ( 'NONE',  ( 1.518675087844590710, 29.06687520796535651, 0.000000000000000000 ) ) ;
#2159 = CARTESIAN_POINT ( 'NONE',  ( -5.568934854397363132, 5.086848100315011223, 2.105150016253482637 ) ) ;
#2160 = CARTESIAN_POINT ( 'NONE',  ( 1.477162687061479796, 29.08546710109812494, 2.907366367432719034 ) ) ;
#2161 = CARTESIAN_POINT ( 'NONE',  ( 8.510084750889834737, 9.356606341364633650, 2.022862930751320842 ) ) ;
#2162 = CARTESIAN_POINT ( 'NONE',  ( 2.018891450157220380, 2.460173188648895781, 3.980305317190374836 ) ) ;
#2163 = EDGE_CURVE ( 'NONE', #4540, #4981, #4514, .T. ) ;
#2164 = CARTESIAN_POINT ( 'NONE',  ( -8.545809252603675077, 9.647507525309579890, 2.014560541303759944 ) ) ;
#2165 = CARTESIAN_POINT ( 'NONE',  ( 1.488808559509406715, 29.09015672809857733, 2.036315652574699708 ) ) ;
#2166 = VERTEX_POINT ( 'NONE', #5477 ) ;
#2167 = CARTESIAN_POINT ( 'NONE',  ( 10.52398251645913341, 5.018364436736989731, 1.249999999999994449 ) ) ;
#2168 = CARTESIAN_POINT ( 'NONE',  ( 5.395763070238844605, 4.979812151901301220, 2.351090480410699346 ) ) ;
#2169 = CARTESIAN_POINT ( 'NONE',  ( -1.880008482291247951, 9.936259043382147382, 11.02928678425093523 ) ) ;
#2170 = CARTESIAN_POINT ( 'NONE',  ( 9.364773870619281126, 11.20788173650421449, 1.737741471628536649 ) ) ;
#2171 = CARTESIAN_POINT ( 'NONE',  ( -1.914406944024610535, 9.520139782681630081, 9.838450338109151261 ) ) ;
#2172 = CARTESIAN_POINT ( 'NONE',  ( 8.622979053392759496, 11.29566077008269431, 2.002234682931867571 ) ) ;
#2173 = FACE_OUTER_BOUND ( 'NONE', #3168, .T. ) ;
#2174 = CARTESIAN_POINT ( 'NONE',  ( -1.539562783170280946, 27.93075450538011850, 4.577633354827756129 ) ) ;
#2175 = CARTESIAN_POINT ( 'NONE',  ( 1.393690276199675449, -1.034036388600036549, 0.9051560608968107768 ) ) ;
#2176 = CARTESIAN_POINT ( 'NONE',  ( -8.638045627695909445, 9.847479188689650442, 1.985774997051207746 ) ) ;
#2177 = CARTESIAN_POINT ( 'NONE',  ( -8.555873692949729659, 13.45141766810766448, 2.040782772209042140 ) ) ;
#2178 = CARTESIAN_POINT ( 'NONE',  ( 1.750586767246236297, 22.52541784976617478, 10.79844026330776074 ) ) ;
#2179 = CARTESIAN_POINT ( 'NONE',  ( 1.397116625179378291, 3.554762002949229061, 9.336434875670491351 ) ) ;
#2180 = CARTESIAN_POINT ( 'NONE',  ( -1.847436811766437703, 9.239252644027777350, 11.06530667236980925 ) ) ;
#2181 = CARTESIAN_POINT ( 'NONE',  ( -5.171104225789212805, 21.70640444661172097, 3.107494683190682228 ) ) ;
#2182 = CARTESIAN_POINT ( 'NONE',  ( -1.079612185236599631, 13.11079265161826513, 5.276222157658235545 ) ) ;
#2183 = CARTESIAN_POINT ( 'NONE',  ( -10.65923215786711253, 17.03367647352155245, 1.250000000000004219 ) ) ;
#2184 = CARTESIAN_POINT ( 'NONE',  ( -1.865773948067317445, 26.44772434507672187, -7.223708732421488444E-15 ) ) ;
#2185 = CARTESIAN_POINT ( 'NONE',  ( 1.480851079805555859, 29.08229030731293463, 2.655007843634282327 ) ) ;
#2186 = CARTESIAN_POINT ( 'NONE',  ( 8.540506605988104738, 9.440864784405459176, 2.013429393021081371 ) ) ;
#2187 = CARTESIAN_POINT ( 'NONE',  ( 2.452804358546761154, 9.903985384814912862, 5.991891229204987290 ) ) ;
#2188 = CARTESIAN_POINT ( 'NONE',  ( 7.609514680441537671, 19.10551166268901468, 2.340727976280768452 ) ) ;
#2189 = VERTEX_POINT ( 'NONE', #2272 ) ;
#2190 = ADVANCED_FACE ( 'NONE', ( #2359 ), #37, .F. ) ;
#2191 = CARTESIAN_POINT ( 'NONE',  ( 10.65766514422875666, 17.04293299961328856, 1.249999999999999334 ) ) ;
#2192 = CARTESIAN_POINT ( 'NONE',  ( 7.534727570696281518, 7.564835596434176246, 2.320840967909202135 ) ) ;
#2193 = CARTESIAN_POINT ( 'NONE',  ( -8.576064231135179128, 9.575849608232839927, 2.002908873925857147 ) ) ;
#2194 = CARTESIAN_POINT ( 'NONE',  ( 7.019079760242004973, 20.26017743393921222, 2.506794261436845694 ) ) ;
#2195 = CARTESIAN_POINT ( 'NONE',  ( -1.294261882133214359, 0.2974827863448686327, 4.280430988243255186 ) ) ;
#2196 = CARTESIAN_POINT ( 'NONE',  ( -5.543676890613636665, 5.070797543973073473, 2.099928404426146145 ) ) ;
#2197 = CARTESIAN_POINT ( 'NONE',  ( -1.595568725692131817, 27.28902661845539157, 3.592862891132855729 ) ) ;
#2198 = CARTESIAN_POINT ( 'NONE',  ( 1.864191262594446119, 9.522385978006093765, 11.00992343735367029 ) ) ;
#2199 = CARTESIAN_POINT ( 'NONE',  ( -0.9284866781557173931, 17.14833543944500249, 40.00000000000000000 ) ) ;
#2200 = B_SPLINE_SURFACE_WITH_KNOTS ( 'NONE', 5, 3, ( 
 ( #4209, #5027, #3267, #3741, #1476, #1060, #3770, #1416, #939, #1917, #611, #1506, #4645, #522, #5521, #3711, #2315, #2402, #4997, #2286, #1969, #4089, #83, #4117, #53, #967, #139, #4179, #112, #582, #2786, #1942, #1857, #5491, #2844, #171, #5058, #2375, #3299 ),
 ( #4586, #998, #4615, #2730, #5553, #552, #5087, #3653, #3237, #4554, #1446, #3178, #4969, #2759, #2344, #1889, #4146, #5464, #1029, #2817, #4948, #61, #3573, #3129, #1808, #2239, #4041, #917, #2709, #531, #5499, #2794, #1485, #91, #1543, #4153, #5066, #2324, #3276 ),
 ( #4654, #5007, #560, #5036, #2010, #5559, #3306, #2382, #4218, #2352, #619, #1574, #2439, #4125, #4244, #1897, #978, #3691, #178, #1006, #120, #5587, #2883, #3719, #1037, #649, #1513, #4595, #2768, #5094, #1455, #4564, #4684, #2410, #3336, #3246, #1068, #2825, #4622 ),
 ( #589, #4187, #2853, #149, #1977, #1950, #3749, #5528, #5123, #1097, #2467, #2979, #770, #4801, #5706, #2155, #2038, #707, #798, #1253, #2498, #3866, #4829, #5676, #3396, #2590, #3459, #3835, #3953, #3040, #3011, #2128, #4391, #5242, #4303, #1156, #357, #2561, #5737 ),
 ( #4712, #4363, #268, #5207, #3364, #1692, #3485, #4272, #4770, #329, #3923, #5275, #5151, #5617, #1128, #2914, #2069, #680, #3894, #5648, #235, #1603, #5177, #2944, #4740, #1633, #3427, #1185, #740, #2528, #4335, #301, #2098, #1663, #1222, #3068, #438, #5406, #4530 ),
 ( #910, #4884, #854, #497, #1749, #2288, #4091, #826, #2259, #4911, #2206, #4942, #1832, #4445, #413, #3180, #4855, #5353, #2701, #1388, #3095, #2619, #5379, #4471, #467, #4008, #2646, #2671, #4503, #3626, #5813, #5789, #4417, #1776, #5328, #3566, #386, #4062, #1332 ),
 ( #1725, #3123, #2229, #1361, #3515, #879, #3542, #2732, #25, #1801, #4034, #4971, #3596, #3151, #5302, #941, #2181, #1280, #3979, #5763, #1306, #5089, #85, #3239, #2377, #1418, #1062, #5029, #1919, #1092, #4211, #173, #4999, #5493, #3301, #1508, #2404, #4679, #4556 ),
 ( #3772, #3743, #2317, #3655, #4181, #613, #2879, #3211, #1478, #5523, #524, #5119, #2761, #3269, #5437, #1971, #4148, #4119, #2788, #5060, #1000, #4588, #2433, #5555, #969, #1537, #2846, #1891, #1031, #3713, #4647, #3684, #643, #2819, #3332, #5466, #114, #1448, #4617 ),
 ( #55, #554, #584, #1859, #2346, #141, #1944, #2090, #1179, #3005, #1150, #3388, #5200, #3453, #323, #2523, #2491, #5580, #4734, #2032, #702, #5145, #764, #5172, #4297, #1566, #260, #4267, #673, #5610, #4706, #5669, #200, #1246, #3800, #1656, #2064, #3860, #4764 ),
 ( #1685, #3359, #3480, #1121, #4238, #2906, #5235, #229, #1598, #5269, #2121, #2938, #5640, #5700, #734, #3830, #3034, #4329, #2462, #4822, #3916, #3888, #4795, #792, #293, #1627, #3420, #2003, #1214, #2970, #2553, #4356, #1326, #901, #2638, #351, #4876, #2584, #3115 ),
 ( #1822, #4903, #4027, #3559, #3059, #1379, #2251, #1717, #3617, #2197, #4931, #5398, #3086, #3533, #5347, #2221, #4410, #4053, #457, #430, #4848, #2149, #872, #3142, #3171, #3947, #4000, #5806, #820, #4962, #5296, #5779, #5731, #2692, #846, #2612, #5319, #1767, #5755 ),
 ( #4492, #3508, #16, #1794, #1272, #2664, #4438, #3587, #379, #4385, #405, #2174, #3972, #4463, #1742, #5371, #1298, #1352, #4547, #4580, #604, #1909, #515, #4609, #165, #5083, #1023, #1500, #5051, #4637, #1529, #3200, #4521, #5485, #4203, #2279, #1409, #488, #2308 ),
 ( #4080, #3676, #3764, #5020, #1469, #576, #931, #4110, #960, #1964, #3293, #2811, #4140, #134, #76, #2367, #3324, #5546, #45, #2722, #1850, #3646, #5428, #1937, #2752, #1881, #4990, #2396, #5457, #1439, #3231, #3261, #991, #2780, #4171, #3735, #546, #2338, #106 ) ),
 .UNSPECIFIED., .F., .F., .F.,
 ( 6, 5, 2, 6 ),
 ( 4, 1, 1, 1, 1, 1, 1, 1, 1, 1, 1, 1, 1, 1, 1, 1, 1, 1, 1, 1, 1, 1, 1, 1, 1, 1, 1, 1, 1, 1, 1, 1, 1, 1, 1, 1, 4 ),
 ( -0.01000000000000000021, 0.000000000000000000, 0.5000000000000000000, 1.000000000000000000 ),
 ( 0.000000000000000000, 6.056809881256405436E-05, 0.0001413255638959828116, 0.0002422723952502562174, 0.0003634085928753843261, 0.0005249235230422218948, 0.0007268171857507686523, 0.0009690895810010248697, 0.001211361976251281196, 0.001534391836584956008, 0.001938179162002049739, 0.002422723952502562391, 0.003068783673169912015, 0.003876358324004099479, 0.004845447905005124782, 0.005814537486006149218, 0.006783627067007174521, 0.008075746508341873769, 0.009367865949676573017, 0.01065998539101127400, 0.01162907497201229844, 0.01259816455301332461, 0.01340573920384751337, 0.01405179892451486300, 0.01445558624993195478, 0.01477861611026562959, 0.01498050977297417548, 0.01514202470314101462, 0.01524297153449528756, 0.01532372899957870627, 0.01537420241525584187, 0.01541458114779755036, 0.01544486519720383345, 0.01547010190504240212, 0.01548776760052939828, 0.01549786228366482714, 0.01550543329601639791 ),
 .UNSPECIFIED. ) ;
#2201 = CARTESIAN_POINT ( 'NONE',  ( -7.234994646509709249, 7.558222514710786655, 2.439252231734362120 ) ) ;
#2202 = CARTESIAN_POINT ( 'NONE',  ( -8.568384654878842710, 9.646736110875322012, 2.006549820372865334 ) ) ;
#2203 = DIRECTION ( 'NONE',  ( 0.000000000000000000, 0.000000000000000000, 1.000000000000000000 ) ) ;
#2204 = CARTESIAN_POINT ( 'NONE',  ( 1.741656719995330782, 6.446155034351981783, 9.613942779115355108 ) ) ;
#2205 = CARTESIAN_POINT ( 'NONE',  ( -1.343281461371914176, -1.010452198150643799, 1.351971885182259525 ) ) ;
#2206 = CARTESIAN_POINT ( 'NONE',  ( -5.554230321079447030, 21.67803981126920831, 2.595812720598246859 ) ) ;
#2207 = CARTESIAN_POINT ( 'NONE',  ( 5.249860408653119315, 5.795342019964612845, 3.059064696847061171 ) ) ;
#2208 = CARTESIAN_POINT ( 'NONE',  ( -10.38146970824088378, 23.76151984204481238, 1.249999999999993783 ) ) ;
#2209 = CARTESIAN_POINT ( 'NONE',  ( -1.578427716770234301, 28.31081959927787750, 1.616774138071638870E-15 ) ) ;
#2210 = CARTESIAN_POINT ( 'NONE',  ( 1.479661652730104304, 29.09933829489061452, 2.655785711307115271 ) ) ;
#2211 = CARTESIAN_POINT ( 'NONE',  ( 5.974238713866781403, 5.679219642752989294, 2.704995654360851098 ) ) ;
#2212 = CARTESIAN_POINT ( 'NONE',  ( 1.488818687216119541, 29.09013489488823012, 2.035688499367953153 ) ) ;
#2213 = ORIENTED_EDGE ( 'NONE', *, *, #4681, .F. ) ;
#2214 = CARTESIAN_POINT ( 'NONE',  ( 1.866882297592050710, 4.093470014408705282, 4.064986850153882614 ) ) ;
#2215 = CARTESIAN_POINT ( 'NONE',  ( 7.099880254578365246, 6.954202234676087002, 2.442515176750125860 ) ) ;
#2216 = CARTESIAN_POINT ( 'NONE',  ( -5.607870010591636145, 5.113649292989380868, 1.902378326963270805 ) ) ;
#2217 = CARTESIAN_POINT ( 'NONE',  ( 8.784936203061247895, 16.92588320179824635, 1.938309507916147645 ) ) ;
#2218 = CARTESIAN_POINT ( 'NONE',  ( -1.393441019768115741, -1.035169824490370427, 0.9064799308825186586 ) ) ;
#2219 = EDGE_LOOP ( 'NONE', ( #3878, #4841, #2213, #1398 ) ) ;
#2220 = CARTESIAN_POINT ( 'NONE',  ( -8.621918489382139228, 11.29484761794400072, 2.002596183345322967 ) ) ;
#2221 = CARTESIAN_POINT ( 'NONE',  ( -1.632685056118571509, 25.98014939783708144, 6.572739418529630839 ) ) ;
#2222 = CARTESIAN_POINT ( 'NONE',  ( 1.208020033306695051, 1.689956349001582536, 7.498207964008127391 ) ) ;
#2223 = CARTESIAN_POINT ( 'NONE',  ( 9.141910397951086509, 9.334492515337457164, 1.067421063608226417 ) ) ;
#2224 = CARTESIAN_POINT ( 'NONE',  ( -8.013153467258616658, 8.667304653057986030, 2.189745426938764616 ) ) ;
#2225 = DIRECTION ( 'NONE',  ( -0.7071067811865499042, 8.659560562354961208E-17, 0.7071067811865452413 ) ) ;
#2226 = CARTESIAN_POINT ( 'NONE',  ( -5.112722238421717691, 4.884907504634380615, 2.740000803459533341 ) ) ;
#2227 = CARTESIAN_POINT ( 'NONE',  ( 1.182831268096844690, -0.3247157273975616043, 3.820348591663976112 ) ) ;
#2228 = CARTESIAN_POINT ( 'NONE',  ( -1.359936024691295486, -1.036170915830702643, 1.173278764396989970 ) ) ;
#2229 = CARTESIAN_POINT ( 'NONE',  ( -5.245711344795636499, 21.92729500824806976, 2.221129251156561235 ) ) ;
#2230 = CARTESIAN_POINT ( 'NONE',  ( 3.907775563410951225, 13.46961571216625764, 4.118094997979885541 ) ) ;
#2231 = VECTOR ( 'NONE', #2368, 1000.000000000000000 ) ;
#2232 = CARTESIAN_POINT ( 'NONE',  ( -4.419715838768647487, 14.00977038638921712, 4.192938821513497949 ) ) ;
#2233 = CARTESIAN_POINT ( 'NONE',  ( -9.003158312298539911, 17.74722129306107377, 1.120845435192810546 ) ) ;
#2234 = APPLICATION_CONTEXT ( 'automotive_design' ) ;
#2235 = CARTESIAN_POINT ( 'NONE',  ( 0.8964854057904817486, -3.144705219052014389, 0.000000000000000000 ) ) ;
#2236 = CARTESIAN_POINT ( 'NONE',  ( 5.747662119794099134, 21.57596819223367390, 0.000000000000000000 ) ) ;
#2237 = CARTESIAN_POINT ( 'NONE',  ( 1.596096983824752957, 25.91917066972319716, 9.000826215722458556 ) ) ;
#2238 = VECTOR ( 'NONE', #3330, 1000.000000000000114 ) ;
#2239 = CARTESIAN_POINT ( 'NONE',  ( -8.100942493981438730, 18.32422705769192461, 2.173808038196576309 ) ) ;
#2240 = CARTESIAN_POINT ( 'NONE',  ( 5.981223651514647521, 5.680077034153896420, 2.700589004114944292 ) ) ;
#2241 = CARTESIAN_POINT ( 'NONE',  ( 5.863038647323989494, 21.23424986501558465, 2.836777923878195828 ) ) ;
#2242 = ORIENTED_EDGE ( 'NONE', *, *, #5717, .F. ) ;
#2243 = CARTESIAN_POINT ( 'NONE',  ( 2.409228736001892468, 17.15977631178660801, 6.127408850257932471 ) ) ;
#2244 = CARTESIAN_POINT ( 'NONE',  ( 10.39740746068020982, 3.341795155096217051, 1.250000000000006217 ) ) ;
#2245 = CARTESIAN_POINT ( 'NONE',  ( 8.524266373754729287, 9.626989472054695796, 2.021871951702872927 ) ) ;
#2246 = CARTESIAN_POINT ( 'NONE',  ( -8.526566876194756617, 9.438634436705140018, 2.018455481476483904 ) ) ;
#2247 = CARTESIAN_POINT ( 'NONE',  ( 8.673548977817125305, 18.34305440327905856, 1.761603155639538176 ) ) ;
#2248 = CARTESIAN_POINT ( 'NONE',  ( -1.282166897705011577, -0.8290169304079594292, 2.157569414310963385 ) ) ;
#2249 = ORIENTED_EDGE ( 'NONE', *, *, #3434, .F. ) ;
#2250 = CARTESIAN_POINT ( 'NONE',  ( -1.921635641243821135, 25.54743697036474614, 1.315874045503066192 ) ) ;
#2251 = CARTESIAN_POINT ( 'NONE',  ( -1.602081482066089801, 27.36930347567058064, 2.780300265135537074 ) ) ;
#2252 = CARTESIAN_POINT ( 'NONE',  ( 1.868961192123192783, 9.635396133159996879, 11.01557046617425861 ) ) ;
#2253 = CARTESIAN_POINT ( 'NONE',  ( 6.263060773934978620, 5.548075628560317440, 1.893088391366720247 ) ) ;
#2254 = CARTESIAN_POINT ( 'NONE',  ( -2.381231197737287086, 9.511322636097727212, 6.280277638129040163 ) ) ;
#2255 = CARTESIAN_POINT ( 'NONE',  ( -8.644689233017915697, 9.844320809261844829, 1.983385370141719228 ) ) ;
#2256 = CARTESIAN_POINT ( 'NONE',  ( 5.534330770303965252, 5.063855055639439939, 2.095689278024276625 ) ) ;
#2257 = CARTESIAN_POINT ( 'NONE',  ( -8.409670324353369253, 9.248043763343092749, 2.057385437554100527 ) ) ;
#2258 = CARTESIAN_POINT ( 'NONE',  ( 1.915605205370552122, 9.523866319149284720, 9.838118839419658812 ) ) ;
#2259 = CARTESIAN_POINT ( 'NONE',  ( -5.608037263423121033, 21.65732361450854171, 2.495012638429578100 ) ) ;
#2260 = EDGE_CURVE ( 'NONE', #1264, #4540, #3543, .T. ) ;
#2261 = CARTESIAN_POINT ( 'NONE',  ( 6.292418552474619453, 10.97308615895338235, 2.836028808188467032 ) ) ;
#2262 = CARTESIAN_POINT ( 'NONE',  ( -4.543086517164751648, 12.36859410221943456, 4.075627925054742917 ) ) ;
#2263 = CARTESIAN_POINT ( 'NONE',  ( 6.664149625086527529, 19.83178194145586204, 2.692710326769887530 ) ) ;
#2264 = CARTESIAN_POINT ( 'NONE',  ( 1.474157096303444936, 29.00344794935232429, 3.536903213904548871 ) ) ;
#2265 = CARTESIAN_POINT ( 'NONE',  ( 5.126655701141593191, 22.00471044897601658, -4.051782103190954349E-15 ) ) ;
#2266 = CARTESIAN_POINT ( 'NONE',  ( 1.485953175902127166, 29.12482320576307160, 2.069397040451002479 ) ) ;
#2267 = CARTESIAN_POINT ( 'NONE',  ( 5.506759210891261525, 5.265496608285102020, 2.790325047932833424 ) ) ;
#2268 = CARTESIAN_POINT ( 'NONE',  ( -5.190020208670017787, 4.996370061601453472, 2.819845037684318267 ) ) ;
#2269 = CARTESIAN_POINT ( 'NONE',  ( -1.512915440377181842, 27.83189047680141215, 6.863556626977234565 ) ) ;
#2270 = ORIENTED_EDGE ( 'NONE', *, *, #34, .F. ) ;
#2271 = CARTESIAN_POINT ( 'NONE',  ( 2.249313391163381581, 18.69073645143797080, 6.683453842524335720 ) ) ;
#2272 = CARTESIAN_POINT ( 'NONE',  ( -3.000000000000000444, 13.39279153786013588, 0.000000000000000000 ) ) ;
#2273 = CARTESIAN_POINT ( 'NONE',  ( 5.105858421876000364, 4.778419706700393732, 2.187016245627908528 ) ) ;
#2274 = CARTESIAN_POINT ( 'NONE',  ( -9.238163092806953358, 9.458307681612595275, 1.034412875642096052 ) ) ;
#2275 = CARTESIAN_POINT ( 'NONE',  ( -5.591682286236139277, 5.102801223812196696, 2.004488843364592654 ) ) ;
#2276 = CARTESIAN_POINT ( 'NONE',  ( 6.101100506048903860, 21.35160653960964794, 2.339841942625647597 ) ) ;
#2277 = CARTESIAN_POINT ( 'NONE',  ( -1.145713450358941676, 0.6362270021617411064, 5.922527225914409499 ) ) ;
#2278 = CARTESIAN_POINT ( 'NONE',  ( -2.125222166460963180, 9.507491723987849142, 4.284089816263152883 ) ) ;
#2279 = CARTESIAN_POINT ( 'NONE',  ( -1.952428852983650431, 17.17828503378064298, 10.00781312884203800 ) ) ;
#2280 = DIRECTION ( 'NONE',  ( 0.000000000000000000, 0.000000000000000000, -1.000000000000000000 ) ) ;
#2281 = CARTESIAN_POINT ( 'NONE',  ( -1.910499765098129688, 25.55295352101711615, 2.075914236411562364 ) ) ;
#2282 = CARTESIAN_POINT ( 'NONE',  ( -2.016645078318366480, 2.455707061611003272, 3.984463377918915583 ) ) ;
#2283 = CARTESIAN_POINT ( 'NONE',  ( -9.429899553537671508, 13.41850555204720585, 1.719989261900420674 ) ) ;
#2284 = CARTESIAN_POINT ( 'NONE',  ( 9.339031365783069916, 12.66379752560641769, 1.749999999999997558 ) ) ;
#2285 = CARTESIAN_POINT ( 'NONE',  ( -5.122368044637931384, 4.873279293224098474, 2.700412806702529700 ) ) ;
#2286 = CARTESIAN_POINT ( 'NONE',  ( -6.242459023378653882, 20.88027581410862865, 2.740837263780608879 ) ) ;
#2287 = CARTESIAN_POINT ( 'NONE',  ( -1.174515215715376426, -0.3513232736131030043, 3.828400248214426149 ) ) ;
#2288 = CARTESIAN_POINT ( 'NONE',  ( -5.681303846887142406, 21.61837472981150299, 2.353992527520498701 ) ) ;
#2289 = CARTESIAN_POINT ( 'NONE',  ( 8.573136906295511395, 15.99767336460802447, 2.023392750313058208 ) ) ;
#2290 = MANIFOLD_SOLID_BREP ( 'Chamfer6', #2971 ) ;
#2291 = CARTESIAN_POINT ( 'NONE',  ( -8.924050381217524475, 17.90564027382776402, 1.145894504672486880 ) ) ;
#2292 = CARTESIAN_POINT ( 'NONE',  ( -1.929556521415793702, 9.931561492945665037, 9.842397190274928320 ) ) ;
#2293 = CARTESIAN_POINT ( 'NONE',  ( 3.682991070019115742, 23.21558455222190176, -7.359022245745366079E-15 ) ) ;
#2294 = CARTESIAN_POINT ( 'NONE',  ( 1.923067799465116634, 17.16442243771625442, 11.25643786007075775 ) ) ;
#2295 = CARTESIAN_POINT ( 'NONE',  ( 6.256000047237730399, 5.958605382589453825, 2.646913238965756143 ) ) ;
#2296 = CARTESIAN_POINT ( 'NONE',  ( -4.905499097165995082, 4.671945367699027685, 2.517009746466523534 ) ) ;
#2297 = CARTESIAN_POINT ( 'NONE',  ( -1.925406874678172064, 17.15813967374799986, 11.20874669082642860 ) ) ;
#2298 = ADVANCED_FACE ( 'NONE', ( #3372 ), #148, .T. ) ;
#2299 = ORIENTED_EDGE ( 'NONE', *, *, #5260, .F. ) ;
#2300 = CARTESIAN_POINT ( 'NONE',  ( 1.652441484820517559, 25.44221979353499563, 7.136591782221826108 ) ) ;
#2301 = SURFACE_STYLE_FILL_AREA ( #4983 ) ;
#2302 = CARTESIAN_POINT ( 'NONE',  ( 7.394781333076611674, 9.698627135927594622, 2.422931652649484402 ) ) ;
#2303 = CARTESIAN_POINT ( 'NONE',  ( -5.575342338109291696, 5.091851143137546387, 2.107559571810566634 ) ) ;
#2304 = CARTESIAN_POINT ( 'NONE',  ( 9.200138515603249800, 9.340173038460902077, 1.307281109765667360 ) ) ;
#2305 = CARTESIAN_POINT ( 'NONE',  ( -1.331242796395648131, -0.9422928365124884076, 1.573496041212811170 ) ) ;
#2306 = ORIENTED_EDGE ( 'NONE', *, *, #5001, .F. ) ;
#2307 = FACE_OUTER_BOUND ( 'NONE', #5661, .T. ) ;
#2308 = CARTESIAN_POINT ( 'NONE',  ( -1.952949681857344189, 17.15465639891558070, 10.00733995316112868 ) ) ;
#2309 = DIRECTION ( 'NONE',  ( 0.000000000000000000, 0.000000000000000000, -1.000000000000000000 ) ) ;
#2310 = CARTESIAN_POINT ( 'NONE',  ( -1.134584972410063841, 18.22695244305907281, 40.00000000000000000 ) ) ;
#2311 = CARTESIAN_POINT ( 'NONE',  ( -3.030542909291396025, 3.321047423104535046, 1.736000135768861252 ) ) ;
#2312 = CARTESIAN_POINT ( 'NONE',  ( -5.207567398201474518, 5.602452146495822127, 3.066972995055570639 ) ) ;
#2313 = CARTESIAN_POINT ( 'NONE',  ( 5.608213911054972911, 21.65774876448569231, 2.494374659543030059 ) ) ;
#2314 = CARTESIAN_POINT ( 'NONE',  ( -5.125217985931772802, 4.919674273127398578, 2.784705676515457640 ) ) ;
#2315 = CARTESIAN_POINT ( 'NONE',  ( -5.653886931840888863, 21.47064069575638712, 2.838509361334432324 ) ) ;
#2316 = CARTESIAN_POINT ( 'NONE',  ( -1.371377791903162668, -1.066674648278659543, 1.025495816968851059 ) ) ;
#2317 = CARTESIAN_POINT ( 'NONE',  ( -4.592124607600675645, 22.32656697580724625, 2.210741813873821293 ) ) ;
#2318 = CARTESIAN_POINT ( 'NONE',  ( 8.189464277378727175, 8.729008528245614684, 2.125581279780380139 ) ) ;
#2319 = CARTESIAN_POINT ( 'NONE',  ( 6.665866950843552630, 19.83376679436057444, 2.692051783752396066 ) ) ;
#2320 = CARTESIAN_POINT ( 'NONE',  ( 1.017626356166079438, -2.851584265558853470, 0.000000000000000000 ) ) ;
#2321 = CARTESIAN_POINT ( 'NONE',  ( -2.410152482574904553, 17.16024840018389952, 6.128604432470950769 ) ) ;
#2322 = B_SPLINE_SURFACE_WITH_KNOTS ( 'NONE', 5, 3, ( 
 ( #1163, #2953, #2505, #4311, #275 ),
 ( #3124, #2567, #4807, #3930, #3017 ),
 ( #4343, #2289, #5713, #3492, #5249 ),
 ( #3152, #5354, #4370, #4092, #5683 ),
 ( #337, #2134, #1362, #880, #4943 ),
 ( #3656, #1698, #5438, #1333, #2672 ),
 ( #776, #56, #911, #4912, #1860 ),
 ( #4472, #3212, #498, #2261, #1389 ),
 ( #4504, #439, #2230, #1419, #1833 ),
 ( #2702, #3627, #3597, #4035, #5000 ),
 ( #942, #2733, #3465, #5815, #5407 ),
 ( #5380, #3181, #468, #2535, #307 ),
 ( #4972, #2105, #4531, #3901, #1228 ) ),
 .UNSPECIFIED., .F., .F., .F.,
 ( 6, 5, 2, 6 ),
 ( 4, 1, 4 ),
 ( -0.01000000000000000021, 0.000000000000000000, 0.5000000000000000000, 1.000000000000000000 ),
 ( 0.05619400300994659148, 0.06010796701001258624, 0.06402193101007859488 ),
 .UNSPECIFIED. ) ;
#2323 = CARTESIAN_POINT ( 'NONE',  ( 1.711418672540482300, 23.44796895334334152, 10.43232200899008610 ) ) ;
#2324 = CARTESIAN_POINT ( 'NONE',  ( -8.558762078998848111, 17.27991938325838461, 2.019215819249025934 ) ) ;
#2325 = CARTESIAN_POINT ( 'NONE',  ( 6.874828266139499711, 6.628951236885552767, 2.493188446783229040 ) ) ;
#2326 = CARTESIAN_POINT ( 'NONE',  ( -7.547128178856607583, 9.664029077515735366, 2.368586429549569772 ) ) ;
#2327 = DIRECTION ( 'NONE',  ( -0.000000000000000000, -0.000000000000000000, -1.000000000000000000 ) ) ;
#2328 = CARTESIAN_POINT ( 'NONE',  ( -1.308195142151283186, -0.8944104318727577052, 1.839572874780400547 ) ) ;
#2329 = CARTESIAN_POINT ( 'NONE',  ( 2.218565682516739468, 19.12083901495872951, 6.762051436385462466 ) ) ;
#2330 = ADVANCED_FACE ( 'NONE', ( #5185 ), #2322, .T. ) ;
#2331 = CARTESIAN_POINT ( 'NONE',  ( 7.398413209382268541, 9.697834274069062843, 2.421633515453124996 ) ) ;
#2332 = CARTESIAN_POINT ( 'NONE',  ( -1.400275073378350887, -1.057847581869579612, 0.8086094804379831968 ) ) ;
#2333 = CARTESIAN_POINT ( 'NONE',  ( -8.524804218138164913, 9.511146863926205341, 2.020229901459196675 ) ) ;
#2334 = CARTESIAN_POINT ( 'NONE',  ( 0.5437131879248551236, 14.33614197002127355, 5.276222157658235545 ) ) ;
#2335 = CARTESIAN_POINT ( 'NONE',  ( -1.323463235505921931, 2.887093592971167411, 8.809732367750060078 ) ) ;
#2336 = ORIENTED_EDGE ( 'NONE', *, *, #1557, .T. ) ;
#2337 = CARTESIAN_POINT ( 'NONE',  ( 7.000000000000000000, 13.39279153786013588, 1.750000000000001554 ) ) ;
#2338 = CARTESIAN_POINT ( 'NONE',  ( -1.925406874678172064, 17.15813967374799986, 11.20874669082642860 ) ) ;
#2339 = CARTESIAN_POINT ( 'NONE',  ( -5.672497671393037066, 5.157333434752535695, 0.000000000000000000 ) ) ;
#2340 = CARTESIAN_POINT ( 'NONE',  ( -2.986191308706197756, 3.305756434757314732, 2.509346793114465068 ) ) ;
#2341 = CARTESIAN_POINT ( 'NONE',  ( -5.352326294674258023, 20.90955160522128509, 3.166357812916074543 ) ) ;
#2342 = CARTESIAN_POINT ( 'NONE',  ( 5.732672605470280125, 21.58633096698022058, 2.207834269595721377 ) ) ;
#2343 = CARTESIAN_POINT ( 'NONE',  ( -5.302766926673310621, 4.931951779981296191, 2.460189569666550558 ) ) ;
#2344 = CARTESIAN_POINT ( 'NONE',  ( -5.538018588030546141, 21.61216402571677264, 2.795992549551560291 ) ) ;
#2345 = CARTESIAN_POINT ( 'NONE',  ( -1.542209379262002633, 5.003075411741889411, 10.22371881941378469 ) ) ;
#2346 = CARTESIAN_POINT ( 'NONE',  ( -2.749693431612078687, 23.82239657549256506, 2.330484965387831231 ) ) ;
#2347 = CARTESIAN_POINT ( 'NONE',  ( 8.121797890318021018, 8.589029868758821351, 2.146318639955401508 ) ) ;
#2348 = CARTESIAN_POINT ( 'NONE',  ( -0.3175574466717996924, 13.39279153786013588, 6.000000000000000000 ) ) ;
#2349 = CARTESIAN_POINT ( 'NONE',  ( 1.917850454324909526, 17.47105054633329146, 11.21224845746547771 ) ) ;
#2350 = CARTESIAN_POINT ( 'NONE',  ( 1.518675087844590710, 29.06687520796535651, 0.000000000000000000 ) ) ;
#2351 = CARTESIAN_POINT ( 'NONE',  ( 1.920328827514769188, 17.30107482757199477, 11.25822739966137398 ) ) ;
#2352 = CARTESIAN_POINT ( 'NONE',  ( -5.608902338650191943, 21.64901237227039488, 2.540741679953160581 ) ) ;
#2353 = CARTESIAN_POINT ( 'NONE',  ( 8.447802019297668608, 9.254673951163178813, 2.043452126577828043 ) ) ;
#2354 = B_SPLINE_CURVE_WITH_KNOTS ( 'NONE', 5,
 ( #2640, #3561, #18, #517, #3619, #1328, #4934, #490 ),
 .UNSPECIFIED., .F., .F.,
 ( 6, 2, 6 ),
 ( 0.000000000000000000, 0.5000000000000000000, 1.000000000000000000 ),
 .UNSPECIFIED. ) ;
#2355 = CARTESIAN_POINT ( 'NONE',  ( -4.725691207753791367, 4.712439012148863959, 2.959128179243771584 ) ) ;
#2356 = CARTESIAN_POINT ( 'NONE',  ( -9.297208404367989232, 14.28609367621369941, 1.764782985067465004 ) ) ;
#2357 = CARTESIAN_POINT ( 'NONE',  ( -7.000000000000000000, 13.39279153786013588, 1.750000000000001554 ) ) ;
#2358 = CARTESIAN_POINT ( 'NONE',  ( 1.904650552550484655, 25.55354438757492730, 2.076933310597456561 ) ) ;
#2359 = FACE_OUTER_BOUND ( 'NONE', #1140, .T. ) ;
#2360 = CARTESIAN_POINT ( 'NONE',  ( 5.124012893787215361, 4.790407801553684841, 2.077020769639754683 ) ) ;
#2361 = CARTESIAN_POINT ( 'NONE',  ( -1.201799506593602018, 1.673928550708122742, 7.515925950575131687 ) ) ;
#2362 = CARTESIAN_POINT ( 'NONE',  ( -5.570944920318971150, 5.088991298031809052, 2.000170672107017822 ) ) ;
#2363 = CARTESIAN_POINT ( 'NONE',  ( 10.03814941710206909, 12.81189666942181304, 0.9217574840315067020 ) ) ;
#2364 = ORIENTED_EDGE ( 'NONE', *, *, #2591, .F. ) ;
#2365 = ORIENTED_EDGE ( 'NONE', *, *, #650, .T. ) ;
#2366 = CARTESIAN_POINT ( 'NONE',  ( -2.008504698277645772, 6.196575042447102888, 4.177865181255748794 ) ) ;
#2367 = CARTESIAN_POINT ( 'NONE',  ( -1.536447046619270784, 27.28879090631643578, 7.640854720332974637 ) ) ;
#2368 = DIRECTION ( 'NONE',  ( 0.000000000000000000, 0.000000000000000000, -1.000000000000000000 ) ) ;
#2369 = CARTESIAN_POINT ( 'NONE',  ( -7.682675994372913486, 6.927834238064530581, 1.492098892071146432 ) ) ;
#2370 = CARTESIAN_POINT ( 'NONE',  ( -2.113680876412160181, 1.890045925392093817, 1.293584093049104489 ) ) ;
#2371 = CARTESIAN_POINT ( 'NONE',  ( -7.242582742912906824, 7.551099822122339766, 2.436445499656636038 ) ) ;
#2372 = CARTESIAN_POINT ( 'NONE',  ( 6.316263735614271901, 17.24283308769756218, 2.813023387462694647 ) ) ;
#2373 = EDGE_CURVE ( 'NONE', #4840, #4738, #2867, .T. ) ;
#2374 = CARTESIAN_POINT ( 'NONE',  ( -7.646487682424447208, 19.05947584592538391, 2.329645271633528303 ) ) ;
#2375 = CARTESIAN_POINT ( 'NONE',  ( -8.581352191172943122, 17.28035434577904184, 2.010901877273672422 ) ) ;
#2376 = CARTESIAN_POINT ( 'NONE',  ( -1.873363385331108244, 9.867964765352338574, 11.12132847319902140 ) ) ;
#2377 = CARTESIAN_POINT ( 'NONE',  ( -7.341717618223668751, 18.69650891239879087, 2.486286474930898382 ) ) ;
#2378 = CARTESIAN_POINT ( 'NONE',  ( 7.745735903197376260, 7.903574800099630870, 2.259208375734820695 ) ) ;
#2379 = CARTESIAN_POINT ( 'NONE',  ( 5.535405046603416146, 5.064301786503612846, 2.095743303761328225 ) ) ;
#2380 = CARTESIAN_POINT ( 'NONE',  ( 8.642042871141830673, 18.42511131541364122, 1.234833743501696279 ) ) ;
#2381 = CARTESIAN_POINT ( 'NONE',  ( 1.751705212546964541, 22.51502014544949404, 10.76052592128197105 ) ) ;
#2382 = CARTESIAN_POINT ( 'NONE',  ( -5.661003450776739498, 21.62540706656978529, 2.445480495938049614 ) ) ;
#2383 = CARTESIAN_POINT ( 'NONE',  ( 8.497974409584259092, 9.357129996396695404, 2.027251955167310715 ) ) ;
#2384 = DIRECTION ( 'NONE',  ( 1.000000000000000000, 0.000000000000000000, 0.000000000000000000 ) ) ;
#2385 = CARTESIAN_POINT ( 'NONE',  ( -5.041538277940171398, 4.740183888547765179, 2.310531802782284760 ) ) ;
#2386 = CARTESIAN_POINT ( 'NONE',  ( -2.126412700576378434, 14.96071754757830341, 4.381928451077333087 ) ) ;
#2387 = CARTESIAN_POINT ( 'NONE',  ( -6.920577084729029771, 6.128932367187975849, 1.709544616140992845 ) ) ;
#2388 = CARTESIAN_POINT ( 'NONE',  ( 1.978412682263083422, 17.16348462047504242, 8.804293347736001252 ) ) ;
#2389 = CARTESIAN_POINT ( 'NONE',  ( 5.132834346820918547, 4.796919801517886661, 2.051633460844422885 ) ) ;
#2390 = CARTESIAN_POINT ( 'NONE',  ( -1.251251572397353851, -0.7667168132646977607, 2.500684979880675840 ) ) ;
#2391 = CARTESIAN_POINT ( 'NONE',  ( -1.136809690723370236, -2.512029088199601023, 0.000000000000000000 ) ) ;
#2392 = CARTESIAN_POINT ( 'NONE',  ( -7.754037832790149132, 7.878338075763987369, 2.253904622421937898 ) ) ;
#2393 = CARTESIAN_POINT ( 'NONE',  ( 9.699450996319987084, 15.94776345432442177, 1.026349440806813229 ) ) ;
#2394 = ORIENTED_EDGE ( 'NONE', *, *, #4785, .T. ) ;
#2395 = CARTESIAN_POINT ( 'NONE',  ( -2.084781868487148415, 16.79877796480011298, 4.403820699799664951 ) ) ;
#2396 = CARTESIAN_POINT ( 'NONE',  ( -1.911801544885272541, 17.78586281128103863, 11.21520986575974455 ) ) ;
#2397 = CARTESIAN_POINT ( 'NONE',  ( 0.000000000000000000, 13.39279153786013588, 0.000000000000000000 ) ) ;
#2398 = CARTESIAN_POINT ( 'NONE',  ( -1.630428315805983353, 0.2068930906112673995, 1.099539016122812907 ) ) ;
#2399 = CARTESIAN_POINT ( 'NONE',  ( -6.646801723226815284, 20.66015446200743355, 2.638986939348288985 ) ) ;
#2400 = CARTESIAN_POINT ( 'NONE',  ( 7.179510214289575920, 18.99743693359848606, 2.548774959377093641 ) ) ;
#2401 = CARTESIAN_POINT ( 'NONE',  ( 0.000000000000000000, 5.700790246709296127, 20.00000000000000000 ) ) ;
#2402 = CARTESIAN_POINT ( 'NONE',  ( -5.772974160724660742, 21.34728434473501935, 2.834947161361395018 ) ) ;
#2403 = CARTESIAN_POINT ( 'NONE',  ( -1.392848548468456960, -1.092783785209618719, 0.8041782229731605502 ) ) ;
#2404 = CARTESIAN_POINT ( 'NONE',  ( -7.396853126448873716, 17.26466823026538222, 2.446799553365359259 ) ) ;
#2405 = CARTESIAN_POINT ( 'NONE',  ( 5.118367561317413106, 4.896759872260317614, 2.751862835755502612 ) ) ;
#2406 = EDGE_CURVE ( 'NONE', #4169, #5570, #1624, .T. ) ;
#2407 = CARTESIAN_POINT ( 'NONE',  ( -6.209448559924817701, 17.23176273117060120, 2.883910285005974572 ) ) ;
#2408 = CARTESIAN_POINT ( 'NONE',  ( -1.952948412812158363, 17.15472438961040780, 10.00733119773644297 ) ) ;
#2409 = CARTESIAN_POINT ( 'NONE',  ( 1.921696356990309162, 17.17830583319558357, 11.30469409048476237 ) ) ;
#2410 = CARTESIAN_POINT ( 'NONE',  ( -8.506913908232192512, 17.34757516798012489, 2.037674826668657069 ) ) ;
#2411 = CARTESIAN_POINT ( 'NONE',  ( 8.436149458914165677, 9.255185474468236251, 2.047720820922922957 ) ) ;
#2412 = CARTESIAN_POINT ( 'NONE',  ( 0.03600719110604541640, 13.42879872896618210, 6.000000000000000000 ) ) ;
#2413 = CARTESIAN_POINT ( 'NONE',  ( -7.798871612995083247, 9.165521626487450391, 2.281406144811417125 ) ) ;
#2414 = FACE_OUTER_BOUND ( 'NONE', #7, .T. ) ;
#2415 = DIRECTION ( 'NONE',  ( 1.000000000000000000, 0.000000000000000000, 0.000000000000000000 ) ) ;
#2416 = CARTESIAN_POINT ( 'NONE',  ( 1.951794113321976720, 17.15703450309286993, 10.00664589482003919 ) ) ;
#2417 = CARTESIAN_POINT ( 'NONE',  ( 10.28092921052057029, 2.146757120536690433, 1.250000000000004219 ) ) ;
#2418 = CARTESIAN_POINT ( 'NONE',  ( 4.649124079774136220, 5.077295564951494811, 3.265293210441979177 ) ) ;
#2419 = CIRCLE ( 'NONE', #1014, 10.00000000000000355 ) ;
#2420 = CARTESIAN_POINT ( 'NONE',  ( -0.04595030237210126489, 13.39279153786013588, 6.000000000000000000 ) ) ;
#2421 = CARTESIAN_POINT ( 'NONE',  ( -5.183469106159087403, 4.891025546784585565, 2.631917487998243210 ) ) ;
#2422 = DIRECTION ( 'NONE',  ( 1.000000000000000000, 0.000000000000000000, 0.000000000000000000 ) ) ;
#2423 = ORIENTED_EDGE ( 'NONE', *, *, #5607, .T. ) ;
#2424 = ORIENTED_EDGE ( 'NONE', *, *, #1807, .T. ) ;
#2425 = CARTESIAN_POINT ( 'NONE',  ( 5.537811485645691256, 5.064562606000100331, -8.843023969334891596E-16 ) ) ;
#2426 = CARTESIAN_POINT ( 'NONE',  ( -0.3175574466717998035, 13.47573877345440074, 6.000000000000000000 ) ) ;
#2427 = CARTESIAN_POINT ( 'NONE',  ( -3.858682339059446242, 3.776736573259450669, 2.429290492725332584E-15 ) ) ;
#2428 = CARTESIAN_POINT ( 'NONE',  ( 5.783226463722164645, 20.60986223095474656, 3.009743670624963396 ) ) ;
#2429 = CARTESIAN_POINT ( 'NONE',  ( -1.441547297126892779, 1.881300341373474572, 6.029754178042072255 ) ) ;
#2430 = CARTESIAN_POINT ( 'NONE',  ( 7.782337785331077562, 17.55217172579201801, 2.306901178847419853 ) ) ;
#2431 = CARTESIAN_POINT ( 'NONE',  ( 0.000000000000000000, 45.89279153786013410, 0.000000000000000000 ) ) ;
#2432 = CARTESIAN_POINT ( 'NONE',  ( 7.000000000000000000, 13.39279153786013588, 40.09866853283232757 ) ) ;
#2433 = CARTESIAN_POINT ( 'NONE',  ( -6.008051202476347719, 19.66456012454595026, 2.910467620790739840 ) ) ;
#2434 = CARTESIAN_POINT ( 'NONE',  ( 5.553627459355771734, 5.318674296265029966, 2.791382013869601053 ) ) ;
#2435 = CARTESIAN_POINT ( 'NONE',  ( -1.979751400238810133, 15.92771713800595457, 9.989930724458483624 ) ) ;
#2436 = CARTESIAN_POINT ( 'NONE',  ( 1.921612724359700097, 17.15454880955358874, 11.32839098044646597 ) ) ;
#2437 = ORIENTED_EDGE ( 'NONE', *, *, #1274, .F. ) ;
#2438 = CARTESIAN_POINT ( 'NONE',  ( 1.302814167687222024, 1.467420528575610117, 6.418086225433053293 ) ) ;
#2439 = CARTESIAN_POINT ( 'NONE',  ( -5.534066624096247722, 21.66232231812231035, 2.698939604031408646 ) ) ;
#2440 = CARTESIAN_POINT ( 'NONE',  ( 5.311629204237755530, 4.937512769337179641, 2.460621355442461855 ) ) ;
#2441 = CARTESIAN_POINT ( 'NONE',  ( -0.04595030237210127183, 13.39279153786013588, 6.000000000000000000 ) ) ;
#2442 = CARTESIAN_POINT ( 'NONE',  ( -3.742708413046887284, 9.713301769761621074, 3.963360016323886015 ) ) ;
#2443 = CARTESIAN_POINT ( 'NONE',  ( -1.763057292405731724, 24.24854962271861325, 4.451233810534189317 ) ) ;
#2444 = CARTESIAN_POINT ( 'NONE',  ( -1.393229903547761328, -1.035257806988338469, 0.9080320707056288576 ) ) ;
#2445 = CARTESIAN_POINT ( 'NONE',  ( 1.923399839309452242, 17.20301304491672312, 11.20893314550715836 ) ) ;
#2446 = CARTESIAN_POINT ( 'NONE',  ( 10.52398251645913341, 5.018364436736989731, 1.249999999999994449 ) ) ;
#2447 = CARTESIAN_POINT ( 'NONE',  ( 3.774734738902790543, 9.779012592798041581, 3.973449584674790813 ) ) ;
#2448 = CARTESIAN_POINT ( 'NONE',  ( -9.295779705175833740, 12.49369118092496045, 1.765559958148009256 ) ) ;
#2449 = CARTESIAN_POINT ( 'NONE',  ( -8.484603657123768627, 9.355112931279105482, 2.032098125176863945 ) ) ;
#2450 = CARTESIAN_POINT ( 'NONE',  ( 0.6079617934999034246, 16.45015283485371782, 40.00000000000000711 ) ) ;
#2451 = B_SPLINE_CURVE_WITH_KNOTS ( 'NONE', 5,
 ( #199, #2196, #4462, #1271, #15, #3507, #404, #350, #4930, #845, #4847, #3532, #3999, #3971, #1741, #3170, #900, #4384 ),
 .UNSPECIFIED., .F., .F.,
 ( 6, 5, 2, 5, 6 ),
 ( 0.000000000000000000, 0.003347351497158136419, 0.5016273410513770736, 0.9999073306055960009, 1.000000000000000000 ),
 .UNSPECIFIED. ) ;
#2452 = ORIENTED_EDGE ( 'NONE', *, *, #216, .F. ) ;
#2453 = ORIENTED_EDGE ( 'NONE', *, *, #1777, .F. ) ;
#2454 = CARTESIAN_POINT ( 'NONE',  ( -10.33207392018961812, 2.621544821283074089, 1.250000000000003331 ) ) ;
#2455 = CARTESIAN_POINT ( 'NONE',  ( -0.1424244489444219941, 13.53521598680455718, 6.000000000000000000 ) ) ;
#2456 = CARTESIAN_POINT ( 'NONE',  ( -9.404006845166101414, 13.41842371336593054, 1.729364002938748257 ) ) ;
#2457 = CARTESIAN_POINT ( 'NONE',  ( 9.068516782799418863, 15.70626375764733140, 1.842282462151026090 ) ) ;
#2458 = CARTESIAN_POINT ( 'NONE',  ( -1.865748593679118494, 7.469399411882886142, 8.694834852504902400 ) ) ;
#2459 = CARTESIAN_POINT ( 'NONE',  ( 7.363584433553608477, 18.65113247422343079, 2.476819105724898051 ) ) ;
#2460 = CARTESIAN_POINT ( 'NONE',  ( -5.739583401195006651, 21.35759001249827449, 2.857115542184044621 ) ) ;
#2461 = CARTESIAN_POINT ( 'NONE',  ( -1.294974645616652431, -0.9476866977305372641, 1.838041758083166499 ) ) ;
#2462 = CARTESIAN_POINT ( 'NONE',  ( -1.969439550997776900, 23.11749507466454290, 6.568964644294558397 ) ) ;
#2463 = CARTESIAN_POINT ( 'NONE',  ( -0.3723114292590714025, 42.85428787312360299, 0.000000000000000000 ) ) ;
#2464 = CARTESIAN_POINT ( 'NONE',  ( 8.510268931052401342, 15.57031025257468748, 2.046828345182853504 ) ) ;
#2465 = CARTESIAN_POINT ( 'NONE',  ( 1.486724200076254832, 28.29114608313305723, 6.117855788671579198 ) ) ;
#2466 = CARTESIAN_POINT ( 'NONE',  ( 1.624662382821806972, 0.2102449261258014512, 1.171993476481173024 ) ) ;
#2467 = CARTESIAN_POINT ( 'NONE',  ( -5.572897503523229545, 21.66476651965902533, 2.592599299570876425 ) ) ;
#2468 = CARTESIAN_POINT ( 'NONE',  ( 8.271950077815724001, 8.858600907178503903, 2.098490894951264618 ) ) ;
#2469 = CARTESIAN_POINT ( 'NONE',  ( -0.03600719110604516660, 13.35678434675409498, 6.000000000000001776 ) ) ;
#2470 = CARTESIAN_POINT ( 'NONE',  ( -4.488926229773623433, 4.413460263438948594, 2.328385087939019105 ) ) ;
#2471 = CARTESIAN_POINT ( 'NONE',  ( 4.546703482439927946, 4.447974387043631239, 1.892009556610424026 ) ) ;
#2472 = CARTESIAN_POINT ( 'NONE',  ( -1.616437493893907229, 5.726328422144068675, 10.41268803371695739 ) ) ;
#2473 = CARTESIAN_POINT ( 'NONE',  ( 1.531613268827597407, 28.04328626498507759, 4.132417315266063262 ) ) ;
#2474 = CARTESIAN_POINT ( 'NONE',  ( 2.092775851719528735, 8.174624604202637812, 4.247510696506406447 ) ) ;
#2475 = CARTESIAN_POINT ( 'NONE',  ( 5.745675648364872323, 6.662766177243047316, 2.935167547597338000 ) ) ;
#2476 = EDGE_CURVE ( 'NONE', #4285, #2742, #1339, .T. ) ;
#2477 = CARTESIAN_POINT ( 'NONE',  ( 0.04595030237210126489, 13.39279153786013588, 6.000000000000000000 ) ) ;
#2478 = CARTESIAN_POINT ( 'NONE',  ( -5.312266016342017672, 4.938998599195101313, 2.465902557284216368 ) ) ;
#2479 = CARTESIAN_POINT ( 'NONE',  ( 0.000000000000000000, 40.51147067576006577, 40.00000000000000000 ) ) ;
#2480 = ORIENTED_EDGE ( 'NONE', *, *, #4326, .F. ) ;
#2481 = ORIENTED_EDGE ( 'NONE', *, *, #5076, .F. ) ;
#2482 = CARTESIAN_POINT ( 'NONE',  ( 3.852925029354982378, 3.771409763418287042, -3.405072447962287757E-15 ) ) ;
#2483 = CARTESIAN_POINT ( 'NONE',  ( 0.9343090240781447564, 13.39279153786013765, 5.801067248717891367 ) ) ;
#2484 = CARTESIAN_POINT ( 'NONE',  ( -8.566466538193465041, 9.509387226969462148, 2.005340472907331417 ) ) ;
#2485 = CARTESIAN_POINT ( 'NONE',  ( -7.682333691531987085, 6.927419149595170467, 1.489489944248890474 ) ) ;
#2486 = CARTESIAN_POINT ( 'NONE',  ( 9.370012966557080603, 12.86733062938151484, 1.740236734546500630 ) ) ;
#2487 = CARTESIAN_POINT ( 'NONE',  ( -2.087815080976500148, 1.861661883473073154, 1.610648147252462969 ) ) ;
#2488 = CARTESIAN_POINT ( 'NONE',  ( 3.494118909830693731, 18.26161954693642642, 4.265951848203798136 ) ) ;
#2489 = CARTESIAN_POINT ( 'NONE',  ( -5.504352413765889018, 21.68280309484579504, 2.707674798680737904 ) ) ;
#2490 = DIRECTION ( 'NONE',  ( 1.000000000000000000, 0.000000000000000000, 0.000000000000000000 ) ) ;
#2491 = CARTESIAN_POINT ( 'NONE',  ( -2.721732347336416780, 23.00124448539092015, 4.558234245600178092 ) ) ;
#2492 = CARTESIAN_POINT ( 'NONE',  ( -1.656142988958879014, 28.07335767041747943, 0.000000000000000000 ) ) ;
#2493 = CARTESIAN_POINT ( 'NONE',  ( -5.574908561201474377, 15.63890353851110326, 3.353366081886382855 ) ) ;
#2494 = CARTESIAN_POINT ( 'NONE',  ( 8.524861137104490894, 9.652452627839538835, 2.021963813133559107 ) ) ;
#2495 = CIRCLE ( 'NONE', #5780, 1.550000000000000266 ) ;
#2496 = CARTESIAN_POINT ( 'NONE',  ( 1.475657238157283890, 28.59680225772059003, 5.436539087372806556 ) ) ;
#2497 = CARTESIAN_POINT ( 'NONE',  ( 1.891490922619296189, 7.908431807293683669, 8.699150064571636420 ) ) ;
#2498 = CARTESIAN_POINT ( 'NONE',  ( -6.549911154007030945, 20.53075694201831780, 2.666581379321428358 ) ) ;
#2499 = CARTESIAN_POINT ( 'NONE',  ( 7.343860982534410553, 7.259566357778520107, 2.371224400193241433 ) ) ;
#2500 = DIRECTION ( 'NONE',  ( -0.000000000000000000, -0.000000000000000000, -1.000000000000000000 ) ) ;
#2501 = CARTESIAN_POINT ( 'NONE',  ( -4.541772233751801835, 4.444932439413652681, 1.893771637719600998 ) ) ;
#2502 = LINE ( 'NONE', #3340, #2890 ) ;
#2503 = CARTESIAN_POINT ( 'NONE',  ( -1.472045560710053103, 4.264464053229637841, 9.800364027533566613 ) ) ;
#2504 = CARTESIAN_POINT ( 'NONE',  ( 1.930240311576986834, 18.03394724088773415, 10.04316178349259658 ) ) ;
#2505 = CARTESIAN_POINT ( 'NONE',  ( 8.667272216555760522, 13.44477168508825571, 2.000018629567426931 ) ) ;
#2506 = CARTESIAN_POINT ( 'NONE',  ( 3.345550860872462451, 7.363877355813432501, 4.457748125756679336 ) ) ;
#2507 = CARTESIAN_POINT ( 'NONE',  ( 0.000000000000000000, -4.107208462139865013, 0.000000000000000000 ) ) ;
#2508 = CARTESIAN_POINT ( 'NONE',  ( -5.549283893520439825, 5.074525154744915056, 2.102095688780993843 ) ) ;
#2509 = CARTESIAN_POINT ( 'NONE',  ( 0.4010177490008382528, 15.91213829762287091, 40.00000000000003553 ) ) ;
#2510 = ORIENTED_EDGE ( 'NONE', *, *, #3169, .T. ) ;
#2511 = ORIENTED_EDGE ( 'NONE', *, *, #2126, .F. ) ;
#2512 = ADVANCED_FACE ( 'NONE', ( #4330 ), #4160, .T. ) ;
#2513 = AXIS2_PLACEMENT_3D ( 'NONE', #676, #586, #4708 ) ;
#2514 = CARTESIAN_POINT ( 'NONE',  ( -10.39826943628792044, 3.336610368417594508, 1.249999999999998002 ) ) ;
#2515 = CARTESIAN_POINT ( 'NONE',  ( 0.03600719110604541640, 13.42879872896618210, 6.000000000000000000 ) ) ;
#2516 = CARTESIAN_POINT ( 'NONE',  ( -7.449947720476867374, 18.95165954748156878, 2.412607525953566423 ) ) ;
#2517 = DIRECTION ( 'NONE',  ( -1.000000000000000000, 0.000000000000000000, 0.000000000000000000 ) ) ;
#2518 = CARTESIAN_POINT ( 'NONE',  ( 8.142281554624801743, 17.95016234339586703, 2.166144536206624949 ) ) ;
#2519 = CARTESIAN_POINT ( 'NONE',  ( -1.315318109035812366, 0.08450312551374984660, 3.715452355229241554 ) ) ;
#2520 = CIRCLE ( 'NONE', #2798, 1.550000000000000266 ) ;
#2521 = CARTESIAN_POINT ( 'NONE',  ( 2.714703044551195266, 23.85063128465570870, 2.799122861490932923 ) ) ;
#2522 = CARTESIAN_POINT ( 'NONE',  ( 6.009318748627131335, 10.92401742730352687, 3.082004484389704757 ) ) ;
#2523 = CARTESIAN_POINT ( 'NONE',  ( -2.712182315015193357, 23.28207206064083223, 4.338083879751622796 ) ) ;
#2524 = CARTESIAN_POINT ( 'NONE',  ( -0.5309180872591632294, 16.20654506298680531, 39.99999999999987210 ) ) ;
#2525 = CARTESIAN_POINT ( 'NONE',  ( -8.573172487877538828, 15.99880846393458889, 2.024329268147654126 ) ) ;
#2526 = CARTESIAN_POINT ( 'NONE',  ( 1.912806403026138691, 17.60597163346199068, 11.30852129455891486 ) ) ;
#2527 = CARTESIAN_POINT ( 'NONE',  ( 1.977326857615784084, 9.929530522098916734, 8.652187027962858323 ) ) ;
#2528 = CARTESIAN_POINT ( 'NONE',  ( -8.402665002127490013, 17.56538989779809512, 2.073986289200322464 ) ) ;
#2529 = CARTESIAN_POINT ( 'NONE',  ( 6.248551068372474759, 5.958089485553766274, 2.651455054422177771 ) ) ;
#2530 = CARTESIAN_POINT ( 'NONE',  ( -0.6200382235541981313, 13.39279153786013765, 5.957250786414758359 ) ) ;
#2531 = CARTESIAN_POINT ( 'NONE',  ( -5.254997395626411993, 5.929548127883073505, 3.124105730126422564 ) ) ;
#2532 = CARTESIAN_POINT ( 'NONE',  ( 0.04595030237210126489, 13.39279153786013588, 6.000000000000000000 ) ) ;
#2533 = CARTESIAN_POINT ( 'NONE',  ( -4.667930903758013450, 4.507964092237335407, -0.2781656485016347768 ) ) ;
#2534 = CARTESIAN_POINT ( 'NONE',  ( 1.546583997552326784, 28.23275200765484172, 2.152541111604045820 ) ) ;
#2535 = CARTESIAN_POINT ( 'NONE',  ( 1.968893833146661221, 11.09383306295287674, 9.886374663120161443 ) ) ;
#2536 = CARTESIAN_POINT ( 'NONE',  ( 6.267172497588947344, 9.744674395431125902, 2.824807757997041868 ) ) ;
#2537 = CARTESIAN_POINT ( 'NONE',  ( -5.484291259994273915, 5.256674379259574259, 2.804106597061983841 ) ) ;
#2538 = CARTESIAN_POINT ( 'NONE',  ( 2.152557733196418965, 4.991978191062209191, 0.000000000000000000 ) ) ;
#2539 = CARTESIAN_POINT ( 'NONE',  ( -7.624748917291284123, 7.179508611463079504, 2.246976990804430141 ) ) ;
#2540 = ORIENTED_EDGE ( 'NONE', *, *, #5068, .T. ) ;
#2541 = B_SPLINE_CURVE_WITH_KNOTS ( 'NONE', 5,
 ( #700, #5143, #1119, #1623, #2904, #2936, #2001, #4614 ),
 .UNSPECIFIED., .F., .F.,
 ( 6, 2, 6 ),
 ( 0.000000000000000000, 0.4999998545884281609, 1.000000000000000000 ),
 .UNSPECIFIED. ) ;
#2542 = CARTESIAN_POINT ( 'NONE',  ( -10.47487120162009688, 4.291984957148880397, 1.249999999999993339 ) ) ;
#2543 = CARTESIAN_POINT ( 'NONE',  ( -1.699489899301916820E-15, 12.70566878245582565, 5.957250786414757471 ) ) ;
#2544 = CARTESIAN_POINT ( 'NONE',  ( -0.8459966587256210202, 12.54679487913452895, 5.276222157658235545 ) ) ;
#2545 = B_SPLINE_CURVE_WITH_KNOTS ( 'NONE', 12,
 ( #2158, #5356, #3926, #5740, #3956, #1283, #2649, #802, #5679, #3043, #1668, #3072, #3983 ),
 .UNSPECIFIED., .F., .F.,
 ( 13, 13 ),
 ( 0.7725825056119761669, 1.000000000000000000 ),
 .UNSPECIFIED. ) ;
#2546 = CARTESIAN_POINT ( 'NONE',  ( -6.882717209351105758, 6.627607801091525808, 2.488984138778705724 ) ) ;
#2547 = CARTESIAN_POINT ( 'NONE',  ( 7.462178455604187022, 18.94862816897925839, 2.407317958922133183 ) ) ;
#2548 = EDGE_CURVE ( 'NONE', #2992, #1081, #1273, .T. ) ;
#2549 = CARTESIAN_POINT ( 'NONE',  ( -1.364989261406770682, -0.1768605971751313899, 2.829522714499230762 ) ) ;
#2550 = CARTESIAN_POINT ( 'NONE',  ( 3.365681720485666162, 19.00587759254444364, 4.470910752750279826 ) ) ;
#2551 = FACE_OUTER_BOUND ( 'NONE', #1707, .T. ) ;
#2552 = CARTESIAN_POINT ( 'NONE',  ( -9.326271596741603886, 14.17756704044359850, 1.754439007121143534 ) ) ;
#2553 = CARTESIAN_POINT ( 'NONE',  ( -2.360949501325307232, 17.37313818020911427, 6.374680154695054668 ) ) ;
#2554 = CARTESIAN_POINT ( 'NONE',  ( -1.921567503051843762, 1.742375789734549318, 0.000000000000000000 ) ) ;
#2555 = EDGE_CURVE ( 'NONE', #4981, #692, #2495, .T. ) ;
#2556 = CARTESIAN_POINT ( 'NONE',  ( -7.467110631554202627, 18.96684061890714545, 2.406103153597867639 ) ) ;
#2557 = CARTESIAN_POINT ( 'NONE',  ( -7.419513498504533011, 10.93779982664353945, 2.432727089549072463 ) ) ;
#2558 = CARTESIAN_POINT ( 'NONE',  ( -5.386820834009109049, 4.975461530423930689, 2.359288177638083628 ) ) ;
#2559 = EDGE_LOOP ( 'NONE', ( #1661, #2423, #5419, #631 ) ) ;
#2560 = CARTESIAN_POINT ( 'NONE',  ( 1.938783643655364708, 8.883499943636973484, 8.685314036872467724 ) ) ;
#2561 = CARTESIAN_POINT ( 'NONE',  ( -8.513581854650659864, 17.27904945821707017, 2.035843703199732513 ) ) ;
#2562 = CARTESIAN_POINT ( 'NONE',  ( -0.3175574466717996924, 13.39279153786013588, 6.000000000000000000 ) ) ;
#2563 = CARTESIAN_POINT ( 'NONE',  ( -4.640837495216260322, 5.071361686357887422, 3.271663227403820429 ) ) ;
#2564 = CARTESIAN_POINT ( 'NONE',  ( -10.41879362841064349, 3.575223795727132892, 1.250000000000003997 ) ) ;
#2565 = CARTESIAN_POINT ( 'NONE',  ( -5.722899399108710483, 5.192102560851536985, -0.09736286220355543086 ) ) ;
#2566 = CARTESIAN_POINT ( 'NONE',  ( 1.790802091778827432, 21.57236394513568101, 10.94177693238210480 ) ) ;
#2567 = CARTESIAN_POINT ( 'NONE',  ( 8.595731608851133743, 15.99793893449103344, 2.015114684209083240 ) ) ;
#2568 = CARTESIAN_POINT ( 'NONE',  ( 5.571145485004104891, 5.087769432061993946, 2.102471737370889215 ) ) ;
#2569 = CARTESIAN_POINT ( 'NONE',  ( 2.329303711896444806, 8.906764246320356904, 6.397447798087178228 ) ) ;
#2570 = CARTESIAN_POINT ( 'NONE',  ( -5.114404545800081969, 4.888543174985022333, 2.746257858018741782 ) ) ;
#2571 = CARTESIAN_POINT ( 'NONE',  ( 5.618001930132965782, 21.65295401068699022, 2.476229432834828437 ) ) ;
#2572 = CARTESIAN_POINT ( 'NONE',  ( -6.687678321752665411, 20.91104507803222390, 2.143273106912636727 ) ) ;
#2573 = VERTEX_POINT ( 'NONE', #1353 ) ;
#2574 = EDGE_LOOP ( 'NONE', ( #312, #898, #1934, #3761, #1319 ) ) ;
#2575 = CARTESIAN_POINT ( 'NONE',  ( 10.62566581175765812, 6.938599803884513584, 1.249999999999995115 ) ) ;
#2576 = CARTESIAN_POINT ( 'NONE',  ( -4.778801519437653411, 21.19666288407558952, 3.375511730509791253 ) ) ;
#2577 = CARTESIAN_POINT ( 'NONE',  ( 9.290562390327007591, 14.35788678627191750, 1.766384086726933811 ) ) ;
#2578 = CARTESIAN_POINT ( 'NONE',  ( 9.296523646473616509, 15.77417330600722600, 1.758509239379703049 ) ) ;
#2579 = B_SPLINE_SURFACE_WITH_KNOTS ( 'NONE', 5, 3, ( 
 ( #4141, #1910, #5486, #1024, #135, #2678, #1754, #5281, #4479, #5333, #5714, #4, #3130, #4891, #5794, #446, #1314, #366, #3047, #2240, #2652, #4042, #3548, #860, #391, #1700, #1809, #4918, #4371, #5251, #4863, #1783, #1229, #5743, #2161, #2186, #4450, #4835, #3018, #4808, #3101, #3493, #777 ),
 ( #2568, #338, #833, #419, #805, #2135, #3931, #2626, #2598, #3574, #3522, #4397, #3959, #4424, #1731, #5308, #3075, #3987, #5768, #2211, #5360, #1340, #2325, #92, #3692, #948, #1425, #4623, #5414, #590, #4979, #1866, #3157, #32, #2383, #3188, #2769, #3217, #4126, #1925, #3662, #4949, #62 ),
 ( #5038, #1839, #2739, #1898, #918, #4596, #4537, #5444, #4188, #3720, #5501, #2711, #5008, #2795, #561, #121, #150, #2267, #1486, #5067, #2295, #4154, #5472, #4097, #1038, #3633, #4510, #3604, #474, #979, #4565, #4069, #1394, #2353, #3277, #533, #2826, #1456, #5385, #3247, #681, #5649, #4771 ),
 ( #3397, #3307, #1575, #1186, #5152, #5618, #1157, #3807, #2070, #5529, #2011, #3337, #207, #1635, #5208, #5560, #5588, #3428, #2916, #2884, #2529, #2980, #3365, #2039, #2499, #236, #741, #4336, #4219, #1514, #2468, #1951, #5095, #2411, #1069, #1544, #2854, #5179, #4656, #4685, #3750, #1129, #4273 ),
 ( #5124, #1978, #4713, #1098, #179, #4245, #2945, #651, #2440, #620, #3777, #3836, #1604, #4304, #4741, #708, #269, #3867, #414, #4898, #3611, #1710, #815, #3939, #3966, #3502, #3581, #5724, #3081, #3164, #4432, #867, #5800, #345, #1735, #373, #5774, #3527, #2606, #2633, #5365, #5314, #1789 ),
 ( #5288, #5392, #1266, #2143, #3054, #3137, #2168, #1293, #1374, #4047, #4871, #840, #1815, #2659, #5749, #4955, #423, #4405, #925, #10, #4924, #893, #2717, #2215, #400, #2192, #4843, #2685, #3994, #4456, #4485, #1321, #1761, #3554, #5342, #3109, #4019, #451, #2245, #3756, #5013, #5450, #5478 ),
 ( #4195, #2389, #2360, #953, #2273, #1013, #5074, #5537, #38, #98, #4162, #4984, #1522, #1401, #4132, #4074, #2832, #2774, #2746, #1432, #1903, #1873, #3224, #1077, #4629, #1844, #157, #127, #3639, #3697, #3315, #1462, #1930, #3727, #539, #596, #5421, #4573, #69, #2331, #1958, #5103, #2302 ),
 ( #3253, #510, #4515, #480, #5507, #4543, #3193, #2803, #1045, #4104, #3668, #5044, #1492, #984, #4603, #567, #3286, #2418, #1195, #1136, #1106, #5596, #2475, #215, #3814, #5252, #2988, #627, #748, #4312, #4226, #4281, #2106, #244, #715, #2077, #4720, #4779, #186, #2924, #4253, #689, #2536 ),
 ( #2046, #276, #4344, #2019, #1987, #3843, #1582, #1642, #3373, #5159, #5625, #3874, #308, #1164, #1611, #3785, #3405, #658, #5186, #5567, #5216, #2954, #4748, #1551, #2506, #2892, #5132, #5656, #3344, #3436, #4664, #3902, #5684, #1672, #4692, #3466, #2861, #2447, #1701, #1315, #778, #5769, #5715 ),
 ( #3076, #5282, #367, #4892, #3494, #861, #1260, #2599, #3019, #2136, #2653, #3048, #1732, #2162, #3523, #1755, #4398, #4809, #3960, #1230, #834, #3988, #4836, #5744, #2627, #339, #3549, #5309, #1287, #2569, #3102, #4451, #806, #4864, #5334, #4372, #3932, #4425, #392, #2187, #679, #5206, #2978 ),
 ( #4302, #1691, #2466, #3484, #2037, #4739, #4243, #2913, #5274, #234, #5647, #266, #1184, #4800, #706, #206, #2943, #648, #4769, #2097, #4711, #3834, #739, #2009, #1662, #5615, #2497, #1252, #769, #2560, #5586, #2068, #3893, #5675, #3010, #3039, #5150, #4362, #2127, #1602, #1221, #2527, #3395 ),
 ( #3806, #3865, #4334, #1127, #5705, #3363, #1632, #1573, #328, #3426, #4271, #5176, #300, #1155, #3458, #2438, #3922, #5241, #2699, #436, #356, #4443, #4060, #2204, #2669, #4032, #852, #4941, #2589, #4882, #384, #3093, #4501, #2258, #2618, #2644, #465, #5787, #5761, #5405, #23, #411, #4909 ),
 ( #1830, #1386, #1278, #4390, #3565, #3624, #2154, #5301, #3952, #4415, #5736, #2227, #1723, #1747, #4828, #4006, #5352, #4469, #797, #2179, #4854, #1774, #3977, #3066, #1304, #5811, #3540, #1799, #3513, #825, #5326, #1331, #3121, #877, #3594, #5378, #1359, #3149, #908, #495, #3682, #3209, #5435 ) ),
 .UNSPECIFIED., .F., .F., .F.,
 ( 6, 5, 2, 6 ),
 ( 4, 1, 1, 1, 1, 1, 1, 1, 1, 1, 1, 1, 1, 1, 1, 1, 1, 1, 1, 1, 1, 1, 1, 1, 1, 1, 1, 1, 1, 1, 1, 1, 1, 1, 1, 1, 1, 3, 4 ),
 ( -0.01000000000000000021, 0.000000000000000000, 0.5000000000000000000, 1.000000000000000000 ),
 ( 0.000000000000000000, 6.201590517223291204E-05, 0.0001447037787352101190, 0.0002480636206889316481, 0.0003720954310333974180, 0.0005374711781593518320, 0.0007441908620667948360, 0.0009922544827557265926, 0.001240318103444658241, 0.001571069597696567177, 0.001984508965511453185, 0.002480636206889316481, 0.003142139195393134354, 0.003969017931022906370, 0.004961272413778632963, 0.005953526896534360423, 0.006945781379290086148, 0.007938035862045812741, 0.008930290344801540200, 0.009922544827557265926, 0.01091479931031299165, 0.01174167804594276367, 0.01240318103444658197, 0.01289930827582444484, 0.01339543551720230770, 0.01389156275858017230, 0.01430500212639505830, 0.01463575362064696572, 0.01488381724133589802, 0.01509053692524334189, 0.01525591267236929560, 0.01537994448271376435, 0.01550397629305822790, 0.01560733613501195070, 0.01569002400857492929, 0.01575203991374716020, 0.01581405581891939457, 0.01587607172409162548, 0.01587661466349911746 ),
 .UNSPECIFIED. ) ;
#2580 = CARTESIAN_POINT ( 'NONE',  ( -1.472045560709940526, 4.264464053229382046, 9.800364027534399725 ) ) ;
#2581 = CARTESIAN_POINT ( 'NONE',  ( 3.667384230901463482, 17.32079769802727043, 4.069977484237436549 ) ) ;
#2582 = CARTESIAN_POINT ( 'NONE',  ( 6.693232956110116483, 10.74993254875792559, 2.744756332666025145 ) ) ;
#2583 = CARTESIAN_POINT ( 'NONE',  ( -9.338732855362126273, 14.12274265351706504, 1.749999999999998890 ) ) ;
#2584 = CARTESIAN_POINT ( 'NONE',  ( -2.410075667163803281, 17.16315519298062853, 6.128607316682834316 ) ) ;
#2585 = CARTESIAN_POINT ( 'NONE',  ( -0.4018584100549746352, 15.91175837252618486, 39.99999999999991473 ) ) ;
#2586 = CARTESIAN_POINT ( 'NONE',  ( -6.310060808124148046, 20.20359990439208886, 2.820139026493508005 ) ) ;
#2587 = CYLINDRICAL_SURFACE ( 'NONE', #4780, 10.00000000000000355 ) ;
#2588 = CARTESIAN_POINT ( 'NONE',  ( 1.470018704953874655, 29.12724027104437496, 3.217553377944584181 ) ) ;
#2589 = CARTESIAN_POINT ( 'NONE',  ( 1.874463222147075170, 8.594870779948882600, 9.821330904132498318 ) ) ;
#2590 = CARTESIAN_POINT ( 'NONE',  ( -8.079540008054038935, 18.32390775906304370, 2.182709662688685714 ) ) ;
#2591 = EDGE_CURVE ( 'NONE', #2912, #2742, #202, .T. ) ;
#2592 = AXIS2_PLACEMENT_3D ( 'NONE', #587, #4185, #3273 ) ;
#2593 = CARTESIAN_POINT ( 'NONE',  ( 0.8095998129474186733, 12.58319172491273541, 5.403835772283817285 ) ) ;
#2594 = CARTESIAN_POINT ( 'NONE',  ( -3.068345971139686323, 5.708403049243045757, 4.672779822729173027 ) ) ;
#2595 = CARTESIAN_POINT ( 'NONE',  ( -1.393229903547761328, -1.035257806988338469, 0.9080320707056288576 ) ) ;
#2596 = CARTESIAN_POINT ( 'NONE',  ( -5.705238704674456152, 5.179918281473775643, -0.1004493434973819932 ) ) ;
#2597 = CARTESIAN_POINT ( 'NONE',  ( 1.823557967220964970, 20.71073995858936101, 11.05876355953972023 ) ) ;
#2598 = CARTESIAN_POINT ( 'NONE',  ( 5.332329840925371656, 4.951645838405079658, 2.461761571416294370 ) ) ;
#2599 = CARTESIAN_POINT ( 'NONE',  ( 2.063392850984725690, 1.891706322470770640, 2.132816573196647081 ) ) ;
#2600 = CARTESIAN_POINT ( 'NONE',  ( -7.744176711920584211, 7.878742459918418817, 2.258260629535319808 ) ) ;
#2601 = CARTESIAN_POINT ( 'NONE',  ( 6.847931185097160700, 20.15821034575192883, 2.582486080289664976 ) ) ;
#2602 = CARTESIAN_POINT ( 'NONE',  ( -4.782084119392740362, 4.610208081230052990, 2.601354788889913117 ) ) ;
#2603 = ORIENTED_EDGE ( 'NONE', *, *, #5359, .T. ) ;
#2604 = ORIENTED_EDGE ( 'NONE', *, *, #1373, .F. ) ;
#2605 = CARTESIAN_POINT ( 'NONE',  ( 2.138743410393753930, 14.05018603097405006, 4.369478106918501581 ) ) ;
#2606 = CARTESIAN_POINT ( 'NONE',  ( 8.544017823378714738, 9.626176327190014703, 2.014865230405949781 ) ) ;
#2607 = CARTESIAN_POINT ( 'NONE',  ( 8.561017745503907150, 18.23561212464010239, 1.964525887091546075 ) ) ;
#2608 = CARTESIAN_POINT ( 'NONE',  ( -1.461503327299926269, -0.3954044115341509569, 1.606885114326660036 ) ) ;
#2609 = CARTESIAN_POINT ( 'NONE',  ( -5.580607539137979245, 5.094604137558087942, 1.398596470001279624 ) ) ;
#2610 = CIRCLE ( 'NONE', #4310, 2.650000000000000355 ) ;
#2611 = CARTESIAN_POINT ( 'NONE',  ( 5.672508330313523750, 5.157340776515996872, 0.000000000000000000 ) ) ;
#2612 = CARTESIAN_POINT ( 'NONE',  ( -1.979127839442752501, 17.17768162183103087, 8.805661282818384450 ) ) ;
#2613 = CARTESIAN_POINT ( 'NONE',  ( 1.381660820372356158, -1.019440632437243810, 1.029917682546219737 ) ) ;
#2614 = PRODUCT ( 'NACA 0009 Canard V2', 'NACA 0009 Canard V2', '', ( #1988 ) ) ;
#2615 = CARTESIAN_POINT ( 'NONE',  ( -4.792706673343727353, 21.22467226507909999, 3.369974493108777835 ) ) ;
#2616 = CARTESIAN_POINT ( 'NONE',  ( 8.525024572401209255, 9.652362131395021194, 2.021901525243260611 ) ) ;
#2617 = CARTESIAN_POINT ( 'NONE',  ( 1.468238283769504715, 29.08705081967322315, 3.548928259893714188 ) ) ;
#2618 = CARTESIAN_POINT ( 'NONE',  ( 1.919850683008642367, 9.634664198261493340, 9.838905106752148910 ) ) ;
#2619 = CARTESIAN_POINT ( 'NONE',  ( -6.894196114223714922, 20.10846535000809610, 2.569972447308858321 ) ) ;
#2620 = CARTESIAN_POINT ( 'NONE',  ( -0.4858691598539758294, 12.90692237800617015, 5.957250786414758359 ) ) ;
#2621 = CARTESIAN_POINT ( 'NONE',  ( -10.72814597146438942, 12.22207947928472294, 1.249999999999999112 ) ) ;
#2622 = EDGE_CURVE ( 'NONE', #3320, #4169, #1051, .T. ) ;
#2623 = CARTESIAN_POINT ( 'NONE',  ( -4.238457726393763281, 22.69455613926274040, -9.754007904106900288E-15 ) ) ;
#2624 = CARTESIAN_POINT ( 'NONE',  ( 1.482023845506782234, 29.10594366936313904, 2.450615266272533788 ) ) ;
#2625 = B_SPLINE_SURFACE_WITH_KNOTS ( 'NONE', 5, 3, ( 
 ( #1053, #2839, #285, #2054, #2515, #4726, #2084, #634, #3852, #2996, #2113 ),
 ( #4320, #3881, #2455, #4260, #3908, #3444, #755, #223, #5663, #5632, #2025 ),
 ( #3351, #2426, #5692, #193, #3821, #5602, #4232, #5137, #1649, #5225, #1618 ),
 ( #695, #1205, #1994, #3412, #4787, #1678, #5192, #2543, #4350, #1589, #3380 ),
 ( #1113, #5111, #1084, #3793, #315, #2483, #5165, #2869, #4671, #1143, #2931 ),
 ( #5573, #4288, #1559, #2899, #665, #4699, #2962, #1171, #252, #4755, #723 ),
 ( #3136, #3026, #3108, #1292, #4870, #3993, #4897, #4289, #2900, #316, #1144 ),
 ( #4815, #253, #725, #1650, #1995, #3381, #2026, #3027, #2544, #286, #5193 ) ),
 .UNSPECIFIED., .F., .T., .F.,
 ( 6, 2, 6 ),
 ( 4, 1, 1, 1, 1, 1, 1, 1, 4 ),
 ( 0.000000000000000000, 0.5000000000000000000, 1.000000000000000000 ),
 ( 0.000000000000000000, 0.7853981633974482790, 1.570796326794896558, 2.356194490192344837, 3.141592653589793116, 3.926990816987240951, 4.712388980384688786, 5.497787143782137953, 6.283185307179586232 ),
 .UNSPECIFIED. ) ;
#2626 = CARTESIAN_POINT ( 'NONE',  ( 5.377916851765006889, 4.974289765570859778, 2.409442892885699905 ) ) ;
#2627 = CARTESIAN_POINT ( 'NONE',  ( 2.198109397413249066, 7.229060542490761243, 6.611533738329169019 ) ) ;
#2628 = CARTESIAN_POINT ( 'NONE',  ( -9.244560239098081666, 9.474152304466416652, 1.165661143649700415 ) ) ;
#2629 = CARTESIAN_POINT ( 'NONE',  ( -7.533029946499663509, 7.560648294989966267, 2.321216712017431849 ) ) ;
#2630 = CARTESIAN_POINT ( 'NONE',  ( 5.731952802963743210, 21.58690814417340675, 2.172745083804069832 ) ) ;
#2631 = VERTEX_POINT ( 'NONE', #902 ) ;
#2632 = CARTESIAN_POINT ( 'NONE',  ( 10.70688170133973394, 9.824987082129991833, 1.249999999999999556 ) ) ;
#2633 = CARTESIAN_POINT ( 'NONE',  ( 8.547264389713443933, 9.650915059793179651, 2.014007474119154928 ) ) ;
#2634 = CARTESIAN_POINT ( 'NONE',  ( -8.613376366435709031, 9.644734173647675490, 1.990583834150457587 ) ) ;
#2635 = CARTESIAN_POINT ( 'NONE',  ( 8.165057962792074520, 7.858582211939665108, 2.077686257395826352 ) ) ;
#2636 = CARTESIAN_POINT ( 'NONE',  ( -1.535068195748547026, -0.4725224300978322911, 0.7880397765492016537 ) ) ;
#2637 = CARTESIAN_POINT ( 'NONE',  ( -5.254744628201475365, 21.92262321689084814, -0.1194013591439663374 ) ) ;
#2638 = CARTESIAN_POINT ( 'NONE',  ( -2.384224874403896077, 17.20337054421776202, 6.244846270129469801 ) ) ;
#2639 = CARTESIAN_POINT ( 'NONE',  ( 0.000000000000000000, -4.107208462139865013, 0.000000000000000000 ) ) ;
#2640 = CARTESIAN_POINT ( 'NONE',  ( 0.04595030237210126489, 13.39279153786013588, 6.000000000000000000 ) ) ;
#2641 = CARTESIAN_POINT ( 'NONE',  ( -4.557856067821237644, 5.418243448031544673, 3.274986796556374369 ) ) ;
#2642 = CARTESIAN_POINT ( 'NONE',  ( 3.136175853290314119, 3.305791975515172787, -0.5578462842361273655 ) ) ;
#2643 = CARTESIAN_POINT ( 'NONE',  ( 1.482390334370422336, 29.17638109260457568, 2.068818339197163514 ) ) ;
#2644 = CARTESIAN_POINT ( 'NONE',  ( 1.923158420751565734, 9.723759638716073184, 9.839541663126748716 ) ) ;
#2645 = CARTESIAN_POINT ( 'NONE',  ( -1.838945375838319629, 9.059292869134106141, 11.05389905975072118 ) ) ;
#2646 = CARTESIAN_POINT ( 'NONE',  ( -8.191339428902439934, 18.04771733540610157, 2.146416065857678745 ) ) ;
#2647 = CARTESIAN_POINT ( 'NONE',  ( 1.915357114943210703, 25.54930055368692621, 1.317019778449426859 ) ) ;
#2648 = CARTESIAN_POINT ( 'NONE',  ( -0.7732029671692087769, 12.61958857069094364, 5.531449386909398136 ) ) ;
#2649 = CARTESIAN_POINT ( 'NONE',  ( 0.7044170216467446899, 39.39563249437331649, 0.000000000000000000 ) ) ;
#2650 = CARTESIAN_POINT ( 'NONE',  ( 3.425852697114066814, 23.48838675694386069, -2.726599057211591608E-15 ) ) ;
#2651 = CARTESIAN_POINT ( 'NONE',  ( 1.488826758083407142, 29.09005917239825578, 2.035482776563790175 ) ) ;
#2652 = CARTESIAN_POINT ( 'NONE',  ( 6.270898004968241679, 5.959637176660828928, 2.637829608052913333 ) ) ;
#2653 = CARTESIAN_POINT ( 'NONE',  ( 2.036159145041679608, 2.033437390679112333, 2.870510710407312427 ) ) ;
#2654 = CARTESIAN_POINT ( 'NONE',  ( -6.840718929387135994, 6.627707783753116644, 2.511924511502225510 ) ) ;
#2655 = CARTESIAN_POINT ( 'NONE',  ( 5.786487667563433135, 21.31154765553850083, 2.848793305834505407 ) ) ;
#2656 = ORIENTED_EDGE ( 'NONE', *, *, #295, .F. ) ;
#2657 = DIRECTION ( 'NONE',  ( -0.000000000000000000, -0.000000000000000000, -1.000000000000000000 ) ) ;
#2658 = EDGE_CURVE ( 'NONE', #2573, #1841, #1823, .T. ) ;
#2659 = CARTESIAN_POINT ( 'NONE',  ( 5.112734234263319522, 4.887226981667650350, 2.743251805856273151 ) ) ;
#2660 = CARTESIAN_POINT ( 'NONE',  ( -5.566656189913008035, 5.086075813673335944, 2.105738277467375852 ) ) ;
#2661 = CARTESIAN_POINT ( 'NONE',  ( 5.532095654973785415, 5.283038431731351459, 2.887818077335722489 ) ) ;
#2662 = CARTESIAN_POINT ( 'NONE',  ( -1.879017521508756783, 9.936352994390878379, 11.05302457613045597 ) ) ;
#2663 = CARTESIAN_POINT ( 'NONE',  ( -9.339719310215437886, 12.66600852385212761, 1.749999999999998890 ) ) ;
#2664 = CARTESIAN_POINT ( 'NONE',  ( -1.547629805032994854, 28.22898376129223408, 2.613413712961241142 ) ) ;
#2665 = CARTESIAN_POINT ( 'NONE',  ( 1.875720408348821255, 9.801784183162872921, 11.02328629723436215 ) ) ;
#2666 = CARTESIAN_POINT ( 'NONE',  ( -2.773731528136599511, 23.80709254102476180, 2.106939586277118526 ) ) ;
#2667 = CARTESIAN_POINT ( 'NONE',  ( 7.182429661556443357, 19.73425219193219604, 2.479354730216273950 ) ) ;
#2668 = CARTESIAN_POINT ( 'NONE',  ( -7.168590492448841722, 7.042118160945575411, 2.423743449195994160 ) ) ;
#2669 = CARTESIAN_POINT ( 'NONE',  ( 1.776342239448768900, 6.936973456900616952, 9.693055957897620090 ) ) ;
#2670 = CARTESIAN_POINT ( 'NONE',  ( -1.702926961999352784, 6.826652139592302326, 10.76557484887051430 ) ) ;
#2671 = CARTESIAN_POINT ( 'NONE',  ( -8.286124156534656393, 17.83220714216054148, 2.114145537517409856 ) ) ;
#2672 = CARTESIAN_POINT ( 'NONE',  ( 8.525026482241012005, 9.652459280337286174, 2.021898700524658476 ) ) ;
#2673 = CARTESIAN_POINT ( 'NONE',  ( 5.116704221568807220, 21.03094924608030425, 3.251669993287852556 ) ) ;
#2674 = CARTESIAN_POINT ( 'NONE',  ( 0.6506267224520986270, -3.612560229164555992, 0.000000000000000000 ) ) ;
#2675 = CARTESIAN_POINT ( 'NONE',  ( 1.936041437161447387, 26.07840034404893714, 9.510697690008099360E-15 ) ) ;
#2676 = CARTESIAN_POINT ( 'NONE',  ( 1.488920892663917694, 28.26126229084802333, 6.103015297060707667 ) ) ;
#2677 = AXIS2_PLACEMENT_3D ( 'NONE', #5228, #3414, #2517 ) ;
#2678 = CARTESIAN_POINT ( 'NONE',  ( 5.471246484154694834, 5.026442769135240241, 2.306420721260249440 ) ) ;
#2679 = CARTESIAN_POINT ( 'NONE',  ( -5.311026319567815790, 5.108058270333881268, 2.823727219660590926 ) ) ;
#2680 = CARTESIAN_POINT ( 'NONE',  ( 7.012007378525854762, 19.95473761732417728, 2.532534511743448569 ) ) ;
#2681 = ORIENTED_EDGE ( 'NONE', *, *, #330, .F. ) ;
#2682 = CARTESIAN_POINT ( 'NONE',  ( 2.698282680063768257, 23.80534277246324137, 3.315684264400167169 ) ) ;
#2683 = EDGE_LOOP ( 'NONE', ( #2299, #4137 ) ) ;
#2684 = CARTESIAN_POINT ( 'NONE',  ( 1.883813697104401497, 4.299484769506715764, 4.078436614061901722 ) ) ;
#2685 = CARTESIAN_POINT ( 'NONE',  ( 7.914316984059300175, 8.190106902450242643, 2.209272175231081103 ) ) ;
#2686 = CARTESIAN_POINT ( 'NONE',  ( -5.559971224494407949, 21.73525680140262040, 2.220235865724886182 ) ) ;
#2687 = CARTESIAN_POINT ( 'NONE',  ( -5.286669833150936526, 4.932055629888784765, 2.520314474263482207 ) ) ;
#2688 = CARTESIAN_POINT ( 'NONE',  ( 9.943336666848825445, 14.46791814819790112, 1.336588050818214191 ) ) ;
#2689 = CARTESIAN_POINT ( 'NONE',  ( -1.614772683497160743, 5.723159272796806363, 10.43111496948814043 ) ) ;
#2690 = ADVANCED_FACE ( 'NONE', ( #5320 ), #3172, .F. ) ;
#2691 = CARTESIAN_POINT ( 'NONE',  ( -5.236126495126816494, 21.93418191513190152, 2.161178705583228776 ) ) ;
#2692 = CARTESIAN_POINT ( 'NONE',  ( -1.977929586932202222, 17.22608768238502464, 8.808154863261588474 ) ) ;
#2693 = CARTESIAN_POINT ( 'NONE',  ( 1.843464685821210924, 9.066762922629255428, 10.98316869645309168 ) ) ;
#2694 = CARTESIAN_POINT ( 'NONE',  ( -1.127892896700010139, 27.02058248287666586, 40.00000000000000000 ) ) ;
#2695 = CARTESIAN_POINT ( 'NONE',  ( -3.015428172904097259, 3.304129605276939330, 1.925548889127974173 ) ) ;
#2696 = CARTESIAN_POINT ( 'NONE',  ( -8.533613980506087771, 17.55882855066390746, 2.026533214194134125 ) ) ;
#2697 = CARTESIAN_POINT ( 'NONE',  ( 5.490491389343071127, 21.67048061287898975, 2.762926203102747280 ) ) ;
#2698 = CARTESIAN_POINT ( 'NONE',  ( -8.085350537528043446, 8.516255359426645910, 2.157330075371279854 ) ) ;
#2699 = CARTESIAN_POINT ( 'NONE',  ( 1.450517549768223891, 3.183522994034284626, 8.222371386771122559 ) ) ;
#2700 = CARTESIAN_POINT ( 'NONE',  ( -1.768121894561797136, 7.775244659626810773, 10.93134002737865096 ) ) ;
#2701 = CARTESIAN_POINT ( 'NONE',  ( -5.922666458943408152, 21.17342401944704733, 2.829375969989356143 ) ) ;
#2702 = CARTESIAN_POINT ( 'NONE',  ( 2.409232815747610612, 17.15976350575343190, 6.127390661963389995 ) ) ;
#2703 = CIRCLE ( 'NONE', #2793, 2.650000000000000355 ) ;
#2704 = CARTESIAN_POINT ( 'NONE',  ( -6.014399254571738851, 10.92205206481784607, 3.079344089174504528 ) ) ;
#2705 = CARTESIAN_POINT ( 'NONE',  ( -8.510640123897982079, 15.57005277037373503, 2.047526992485882769 ) ) ;
#2706 = CARTESIAN_POINT ( 'NONE',  ( 0.7740883771790029177, -3.396892759472617040, 0.000000000000000000 ) ) ;
#2707 = CARTESIAN_POINT ( 'NONE',  ( -1.577523896894656552, -1.243477706144463735, -1.113926374831474053 ) ) ;
#2708 = CARTESIAN_POINT ( 'NONE',  ( 1.909792492405447906, 17.78716110602014666, 11.26167764179788833 ) ) ;
#2709 = CARTESIAN_POINT ( 'NONE',  ( -8.394290232469360902, 17.68154132425726743, 2.075356918007114526 ) ) ;
#2710 = B_SPLINE_CURVE_WITH_KNOTS ( 'NONE', 3,
 ( #5099, #2016, #3341, #5128 ),
 .UNSPECIFIED., .F., .F.,
 ( 4, 4 ),
 ( 0.000000000000000000, 0.001208058446934798550 ),
 .UNSPECIFIED. ) ;
#2711 = CARTESIAN_POINT ( 'NONE',  ( 5.189859714783018774, 4.894465420027223068, 2.626650196153226702 ) ) ;
#2712 = CARTESIAN_POINT ( 'NONE',  ( -8.513523778282674925, 9.578459779491785397, 2.025163267144924895 ) ) ;
#2713 = CARTESIAN_POINT ( 'NONE',  ( -1.922247113369997207, 17.31312244751226714, 11.21099175342223120 ) ) ;
#2714 = VERTEX_POINT ( 'NONE', #5297 ) ;
#2715 = CARTESIAN_POINT ( 'NONE',  ( 1.945370695260280947, 18.35047175051690616, 8.898509823596087998 ) ) ;
#2716 = CARTESIAN_POINT ( 'NONE',  ( 8.086439282566567854, 15.82221116372160097, 2.200669628177747583 ) ) ;
#2717 = CARTESIAN_POINT ( 'NONE',  ( 6.841222018539557581, 6.629015015034481983, 2.511536537712310224 ) ) ;
#2718 = CARTESIAN_POINT ( 'NONE',  ( -5.371778405375696508, 4.971214072490552027, 2.414184345763682238 ) ) ;
#2719 = CARTESIAN_POINT ( 'NONE',  ( 9.981692795427299814, 14.48703426852435960, 0.9380568308046142167 ) ) ;
#2720 = CARTESIAN_POINT ( 'NONE',  ( -1.164431925359914244, 1.126325862330767036, 6.737537345142907697 ) ) ;
#2721 = CARTESIAN_POINT ( 'NONE',  ( -2.152007262783133257, 12.22143371105020826, 4.339728189529047597 ) ) ;
#2722 = CARTESIAN_POINT ( 'NONE',  ( -1.698895326675531559, 23.75238029471961099, 10.28559559649268706 ) ) ;
#2723 = CARTESIAN_POINT ( 'NONE',  ( 7.000000000000000000, 13.39279153786013588, 0.000000000000000000 ) ) ;
#2724 = FACE_OUTER_BOUND ( 'NONE', #477, .T. ) ;
#2725 = EDGE_CURVE ( 'NONE', #4738, #1467, #2108, .T. ) ;
#2726 = CARTESIAN_POINT ( 'NONE',  ( -2.007894815728980653, 4.245636161123512053, 6.058351046189547340 ) ) ;
#2727 = CARTESIAN_POINT ( 'NONE',  ( -7.238788694711307592, 7.554661168416563655, 2.437848865695499079 ) ) ;
#2728 = CARTESIAN_POINT ( 'NONE',  ( 5.504156899588835472, 21.68324535539766629, 2.706820587616795226 ) ) ;
#2729 = CARTESIAN_POINT ( 'NONE',  ( -6.867895063391276977, 6.665301353240929316, 2.504238740305486211 ) ) ;
#2730 = CARTESIAN_POINT ( 'NONE',  ( -5.751714245947255222, 21.57149996983254425, 2.276275471028555319 ) ) ;
#2731 = CARTESIAN_POINT ( 'NONE',  ( -1.254203925726573576, 2.255827422855398279, 8.215137361728597654 ) ) ;
#2732 = CARTESIAN_POINT ( 'NONE',  ( -5.181823913721435915, 21.96735152215710585, 2.478584813461806924 ) ) ;
#2733 = CARTESIAN_POINT ( 'NONE',  ( 2.007244527625408281, 15.92438299173778660, 8.788379214834403541 ) ) ;
#2734 = EDGE_CURVE ( 'NONE', #1616, #3776, #841, .T. ) ;
#2735 = DIRECTION ( 'NONE',  ( 0.3420201433256694901, 4.188538737677001009E-17, -0.9396926207859082059 ) ) ;
#2736 = CARTESIAN_POINT ( 'NONE',  ( 1.480185287125192817, 28.53459705499663102, 5.412365943739553487 ) ) ;
#2737 = CARTESIAN_POINT ( 'NONE',  ( -1.393166375763628118, -1.035520715517781909, 0.9080560375550116303 ) ) ;
#2738 = CARTESIAN_POINT ( 'NONE',  ( 1.482948851109635591, 29.12547430556117334, 2.284873813405274401 ) ) ;
#2739 = CARTESIAN_POINT ( 'NONE',  ( 5.543175799778625290, 5.069371532028954519, 2.161908469505142261 ) ) ;
#2740 = CARTESIAN_POINT ( 'NONE',  ( -5.536834296660435584, 5.066231065890444363, 2.141168696574187624 ) ) ;
#2741 = CARTESIAN_POINT ( 'NONE',  ( -1.923994916293494839, 17.22823748371303765, 11.20979889068697410 ) ) ;
#2742 = VERTEX_POINT ( 'NONE', #5516 ) ;
#2743 = CARTESIAN_POINT ( 'NONE',  ( 1.977497224725915714, 17.20154408483846353, 8.805858771322418121 ) ) ;
#2744 = CARTESIAN_POINT ( 'NONE',  ( 5.991002921322017727, 15.85402401890625690, 3.114278631960245125 ) ) ;
#2745 = B_SPLINE_CURVE_WITH_KNOTS ( 'NONE', 3,
 ( #2705, #3327, #4533, #4037 ),
 .UNSPECIFIED., .F., .F.,
 ( 4, 4 ),
 ( 6.811646760179428192E-06, 0.0003624415762697486302 ),
 .UNSPECIFIED. ) ;
#2746 = CARTESIAN_POINT ( 'NONE',  ( 5.367037631564285149, 5.383997916601940048, 2.980080492361949940 ) ) ;
#2747 = ADVANCED_BREP_SHAPE_REPRESENTATION ( 'NACA 0009 Canard V2', ( #2290, #1915 ), #5616 ) ;
#2748 = CARTESIAN_POINT ( 'NONE',  ( -5.522406169740864179, 5.057541117098864447, 2.222320049840913025 ) ) ;
#2749 = LINE ( 'NONE', #3166, #2994 ) ;
#2750 = CARTESIAN_POINT ( 'NONE',  ( -1.328637585777562524, -0.9532306050120551433, 1.572828259750534086 ) ) ;
#2751 = CARTESIAN_POINT ( 'NONE',  ( -2.059967838340493795, 7.287577542464581448, 4.218793615510146644 ) ) ;
#2752 = CARTESIAN_POINT ( 'NONE',  ( -1.881602439316693687, 18.93881194532524503, 11.20007869477291962 ) ) ;
#2753 = CARTESIAN_POINT ( 'NONE',  ( -0.8633300671827510708, 12.72931941057803584, 5.276222157658235545 ) ) ;
#2754 = CARTESIAN_POINT ( 'NONE',  ( 4.595055957795477930, 22.32909258604026093, -0.1329007391176807440 ) ) ;
#2755 = CARTESIAN_POINT ( 'NONE',  ( -3.216870531222283169, 6.616526408106391699, 4.599765183874195529 ) ) ;
#2756 = CARTESIAN_POINT ( 'NONE',  ( -7.569861054753675766, 19.05772622138854189, 2.367162963953855837 ) ) ;
#2757 = CARTESIAN_POINT ( 'NONE',  ( 5.496874431046909315, 21.63801578819086302, 2.812938553794101626 ) ) ;
#2758 = CARTESIAN_POINT ( 'NONE',  ( -5.414013800371782814, 5.197858616007637877, 2.813488427139262615 ) ) ;
#2759 = CARTESIAN_POINT ( 'NONE',  ( -5.531425011929088420, 21.64303164748962871, 2.749200806664292784 ) ) ;
#2760 = CARTESIAN_POINT ( 'NONE',  ( -1.411403117157143061, -1.115017225503091236, 0.6132524199575473123 ) ) ;
#2761 = CARTESIAN_POINT ( 'NONE',  ( -4.385889594307636585, 22.40509131776057217, 2.999528280869224073 ) ) ;
#2762 = CARTESIAN_POINT ( 'NONE',  ( 5.119172510054445624, 4.888360075276231065, 2.734400435555816244 ) ) ;
#2763 = CARTESIAN_POINT ( 'NONE',  ( -8.889377993766425234, 17.97314072717649935, 1.156892775961300357 ) ) ;
#2764 = CARTESIAN_POINT ( 'NONE',  ( 1.791318434269332238, 21.56844753187447594, 10.92175508238526227 ) ) ;
#2765 = CARTESIAN_POINT ( 'NONE',  ( -1.516498794066568401, 29.07113271968999868, 0.6779927230555417017 ) ) ;
#2766 = CARTESIAN_POINT ( 'NONE',  ( 1.846598748569241000, 20.00881624185296559, 11.19935107186155676 ) ) ;
#2767 = EDGE_CURVE ( 'NONE', #2051, #4286, #4111, .T. ) ;
#2768 = CARTESIAN_POINT ( 'NONE',  ( -8.382591636443182281, 17.68131475028463129, 2.079823596033297139 ) ) ;
#2769 = CARTESIAN_POINT ( 'NONE',  ( 8.554045611986976994, 9.512947260775639791, 2.009757056197700731 ) ) ;
#2770 = CARTESIAN_POINT ( 'NONE',  ( -5.514593796271370252, 5.051570948485678336, 2.160980015100453233 ) ) ;
#2771 = CARTESIAN_POINT ( 'NONE',  ( 8.098020570222683290, 18.24059079868938937, 2.177309572155694539 ) ) ;
#2772 = CARTESIAN_POINT ( 'NONE',  ( -1.389725959004705524, -1.030765502804108058, 0.9449470675807168929 ) ) ;
#2773 = CARTESIAN_POINT ( 'NONE',  ( 1.598506979614753964, 26.75025671130090998, 5.352659432816700757 ) ) ;
#2774 = CARTESIAN_POINT ( 'NONE',  ( 5.170206229382643848, 5.176078470494677397, 2.999334955182257456 ) ) ;
#2775 = CARTESIAN_POINT ( 'NONE',  ( -1.769345872968497657, 7.776409008010173984, 10.90978133968911834 ) ) ;
#2776 = CARTESIAN_POINT ( 'NONE',  ( -5.147946668192735942, 4.886755315162654156, 2.688701150604754453 ) ) ;
#2777 = CARTESIAN_POINT ( 'NONE',  ( 7.944775162721390949, 19.51394640464658536, 1.724689578138317803 ) ) ;
#2778 = CARTESIAN_POINT ( 'NONE',  ( -1.861980887424909969, 9.518395738311435039, 11.03412573897759152 ) ) ;
#2779 = CARTESIAN_POINT ( 'NONE',  ( -10.56121972016517319, 19.91803307347619878, 1.249999999999998890 ) ) ;
#2780 = CARTESIAN_POINT ( 'NONE',  ( -1.923994916293494839, 17.22823748371303765, 11.20979889068697410 ) ) ;
#2781 = CARTESIAN_POINT ( 'NONE',  ( -1.757826362071289505, 0.1456782225007157705, -1.580563479576523644E-15 ) ) ;
#2782 = B_SPLINE_CURVE_WITH_KNOTS ( 'NONE', 3,
 ( #5427, #5545, #2838, #4608 ),
 .UNSPECIFIED., .F., .F.,
 ( 4, 4 ),
 ( 0.5767605473888791634, 1.000000000000000000 ),
 .UNSPECIFIED. ) ;
#2783 = CARTESIAN_POINT ( 'NONE',  ( -3.285003287788874626, 7.008418253699527867, 4.530715256590747586 ) ) ;
#2784 = CARTESIAN_POINT ( 'NONE',  ( 0.000000000000000000, 40.51147067576006577, 40.00000000000000000 ) ) ;
#2785 = CARTESIAN_POINT ( 'NONE',  ( -6.718557572474015416, 6.487590977580381946, 2.543107153232548878 ) ) ;
#2786 = CARTESIAN_POINT ( 'NONE',  ( -8.482050837485875405, 17.48645778785032334, 2.045279650953606865 ) ) ;
#2787 = CARTESIAN_POINT ( 'NONE',  ( -1.872366134583483666, 9.868049955976513132, 11.14503992270214638 ) ) ;
#2788 = CARTESIAN_POINT ( 'NONE',  ( -4.882032301534692031, 21.44604986375296463, 3.399372400805796612 ) ) ;
#2789 = CARTESIAN_POINT ( 'NONE',  ( 5.312215720109888295, 4.936713798751527271, 2.451489863142283010 ) ) ;
#2790 = CARTESIAN_POINT ( 'NONE',  ( 1.919859129768298978, 17.37616512836160965, 11.21121166493289500 ) ) ;
#2791 = CARTESIAN_POINT ( 'NONE',  ( 9.893557238532384446, 14.90433001571078542, 0.8424786363327487759 ) ) ;
#2792 = CARTESIAN_POINT ( 'NONE',  ( 1.504830283764153620, 27.85522855964989475, 6.886043367366586843 ) ) ;
#2793 = AXIS2_PLACEMENT_3D ( 'NONE', #1079, #4284, #2422 ) ;
#2794 = CARTESIAN_POINT ( 'NONE',  ( -8.491851757874918860, 17.42596373811897692, 2.042395974641402212 ) ) ;
#2795 = CARTESIAN_POINT ( 'NONE',  ( 5.137084721884771277, 4.901743476897106433, 2.735898134367471979 ) ) ;
#2796 = EDGE_CURVE ( 'NONE', #1264, #692, #4548, .T. ) ;
#2797 = CARTESIAN_POINT ( 'NONE',  ( -4.852479486775624906, 4.650933771517628657, 2.592917772100184592 ) ) ;
#2798 = AXIS2_PLACEMENT_3D ( 'NONE', #2941, #2881, #2822 ) ;
#2799 = CARTESIAN_POINT ( 'NONE',  ( -1.860151950553514011, 19.64176085328610455, 11.16634857939454939 ) ) ;
#2800 = ORIENTED_EDGE ( 'NONE', *, *, #2658, .F. ) ;
#2801 = CARTESIAN_POINT ( 'NONE',  ( 1.975119996763327279, 17.29687905861299768, 8.811998671949623940 ) ) ;
#2802 =( NAMED_UNIT ( * ) SI_UNIT ( $, .STERADIAN. ) SOLID_ANGLE_UNIT ( ) );
#2803 = CARTESIAN_POINT ( 'NONE',  ( 4.493684495885906571, 4.416559975040766695, 2.323855427713271471 ) ) ;
#2804 = CARTESIAN_POINT ( 'NONE',  ( -1.392175126434059607, 3.542484139486929084, 9.363384387764972061 ) ) ;
#2805 = EDGE_CURVE ( 'NONE', #220, #2189, #5248, .T. ) ;
#2806 = CARTESIAN_POINT ( 'NONE',  ( -8.348426910826860947, 9.008408839529812084, 2.074149765291460668 ) ) ;
#2807 = CARTESIAN_POINT ( 'NONE',  ( -0.2825862054141793367, 14.44430430767875784, 5.276222157658236434 ) ) ;
#2808 = EDGE_LOOP ( 'NONE', ( #1992, #3906, #573, #2437, #3672, #2835, #5543, #2270, #3258, #1812, #3525, #2511, #3378 ) ) ;
#2809 = EDGE_LOOP ( 'NONE', ( #1141, #5483, #3499, #2022, #3607, #3220, #5798, #3190, #103, #890, #5571 ) ) ;
#2810 = CARTESIAN_POINT ( 'NONE',  ( -2.057033993268253536, 17.72144276583057732, 4.412988342159611221 ) ) ;
#2811 = CARTESIAN_POINT ( 'NONE',  ( -1.482328878665600369, 28.72924985053079538, 4.821027670939565191 ) ) ;
#2812 = CARTESIAN_POINT ( 'NONE',  ( -3.189282534260025948, 3.063164724745234047, 4.284292647212260581E-15 ) ) ;
#2813 = CARTESIAN_POINT ( 'NONE',  ( -1.666445663837161417, 4.746790642208829958, 8.225393756009452773 ) ) ;
#2814 = CARTESIAN_POINT ( 'NONE',  ( -9.410584527113906361, 11.34422967366679380, 1.722317326180745400 ) ) ;
#2815 = CARTESIAN_POINT ( 'NONE',  ( 5.206632922049500678, 21.95308499654725409, 2.417020571394955297 ) ) ;
#2816 = CARTESIAN_POINT ( 'NONE',  ( -8.468351061251981449, 17.27661213131410989, 2.052497434273508059 ) ) ;
#2817 = CARTESIAN_POINT ( 'NONE',  ( -6.234497311758456561, 20.88193826168052070, 2.745823357001435649 ) ) ;
#2818 = CARTESIAN_POINT ( 'NONE',  ( -1.853240571837833972, 9.389770729787393577, 11.09740291184604288 ) ) ;
#2819 = CARTESIAN_POINT ( 'NONE',  ( -6.589862644110827006, 17.31007107898783204, 2.662607692786055136 ) ) ;
#2820 = CARTESIAN_POINT ( 'NONE',  ( 6.462737291287291796, 6.199793738915339247, 2.606262168818958447 ) ) ;
#2821 = CARTESIAN_POINT ( 'NONE',  ( -1.925466305333259687, 17.15517005734094269, 11.20869053241708713 ) ) ;
#2822 = DIRECTION ( 'NONE',  ( 1.000000000000000000, 0.000000000000000000, 0.000000000000000000 ) ) ;
#2823 = CARTESIAN_POINT ( 'NONE',  ( -1.522764008302496919, 29.06405002340986599, 0.000000000000000000 ) ) ;
#2824 = CARTESIAN_POINT ( 'NONE',  ( 1.921755849892888834, 17.20305667256335269, 11.28099960425897841 ) ) ;
#2825 = CARTESIAN_POINT ( 'NONE',  ( -8.536171966824754875, 17.27948442073772739, 2.027529761224379445 ) ) ;
#2826 = CARTESIAN_POINT ( 'NONE',  ( 8.540134779118702113, 9.513533019726583717, 2.014728002546914531 ) ) ;
#2827 = CARTESIAN_POINT ( 'NONE',  ( -0.04595030237210130653, 13.40479393489548521, 6.000000000000000000 ) ) ;
#2828 = CARTESIAN_POINT ( 'NONE',  ( -5.127445859284025076, 4.794251333494953471, 2.055029361072699956 ) ) ;
#2829 = CARTESIAN_POINT ( 'NONE',  ( -1.483590929635334010, 29.04097524440041411, 3.205275029328008785 ) ) ;
#2830 = CARTESIAN_POINT ( 'NONE',  ( -9.202893477437671166, 9.385300966524781074, 1.049921580909861651 ) ) ;
#2831 = CARTESIAN_POINT ( 'NONE',  ( 1.883935267216296561, 25.59241048876825175, 2.843382532258863726 ) ) ;
#2832 = CARTESIAN_POINT ( 'NONE',  ( 5.002904220681955394, 5.001760341800912002, 3.002039473654578128 ) ) ;
#2833 = CARTESIAN_POINT ( 'NONE',  ( -5.272809079115120312, 4.922597074900066261, 2.520194302343593318 ) ) ;
#2834 = CARTESIAN_POINT ( 'NONE',  ( 5.514705586725359154, 5.004999104719123793, 2.245635726292675827 ) ) ;
#2835 = ORIENTED_EDGE ( 'NONE', *, *, #650, .F. ) ;
#2836 = ORIENTED_EDGE ( 'NONE', *, *, #3314, .F. ) ;
#2837 = EDGE_CURVE ( 'NONE', #4136, #2141, #1827, .T. ) ;
#2838 = CARTESIAN_POINT ( 'NONE',  ( 8.534374376286987030, 10.18090352167921431, 2.024901461645136180 ) ) ;
#2839 = CARTESIAN_POINT ( 'NONE',  ( -0.04595030237210130653, 13.40479393489548521, 6.000000000000000000 ) ) ;
#2840 = CARTESIAN_POINT ( 'NONE',  ( 0.2825862054141800028, 12.34127876804151391, 5.276222157658235545 ) ) ;
#2841 = CARTESIAN_POINT ( 'NONE',  ( -1.648835117037568798, 0.1904675009888069370, 0.8676548577102077831 ) ) ;
#2842 = CARTESIAN_POINT ( 'NONE',  ( 5.210333701858322009, 20.94813130691426295, 3.286496903002685155 ) ) ;
#2843 = CARTESIAN_POINT ( 'NONE',  ( -0.9968083047335523084, 35.98780142829358653, 0.000000000000000000 ) ) ;
#2844 = CARTESIAN_POINT ( 'NONE',  ( -8.553183741107888594, 17.32115723404589502, 2.020884990610751331 ) ) ;
#2845 = CARTESIAN_POINT ( 'NONE',  ( -1.836802750651320260, 9.058772499591345451, 11.09993272716313939 ) ) ;
#2846 = CARTESIAN_POINT ( 'NONE',  ( -6.715205057742537953, 18.01882102925019424, 2.566330622511338699 ) ) ;
#2847 = CARTESIAN_POINT ( 'NONE',  ( 5.128383595247832716, 4.917698681318750431, 2.774526162956128417 ) ) ;
#2848 = CARTESIAN_POINT ( 'NONE',  ( -7.377172100127344478, 16.02663262623452667, 2.473002524398467461 ) ) ;
#2849 = CARTESIAN_POINT ( 'NONE',  ( -8.634530187700161008, 9.849150433868148369, 1.987039459584029943 ) ) ;
#2850 = CARTESIAN_POINT ( 'NONE',  ( -1.952949474530090157, 17.15466794026461628, 10.00733955846201617 ) ) ;
#2851 = FACE_OUTER_BOUND ( 'NONE', #4333, .T. ) ;
#2852 = CARTESIAN_POINT ( 'NONE',  ( 1.469422046276292582, 29.07033024560904266, 3.546523250695881035 ) ) ;
#2853 = CARTESIAN_POINT ( 'NONE',  ( -5.744272644016175988, 21.57725250610521428, 2.229166033390342694 ) ) ;
#2854 = CARTESIAN_POINT ( 'NONE',  ( 8.526223946250427232, 9.514118778677529420, 2.019698948896128332 ) ) ;
#2855 = CARTESIAN_POINT ( 'NONE',  ( -0.1424244489444219941, 13.53521598680455718, 6.000000000000000000 ) ) ;
#2856 = CARTESIAN_POINT ( 'NONE',  ( -5.344227601656853288, 4.952404580724118155, 2.411567567919684407 ) ) ;
#2857 = CARTESIAN_POINT ( 'NONE',  ( 5.747662119794099134, 21.57596819223367390, 0.000000000000000000 ) ) ;
#2858 = CARTESIAN_POINT ( 'NONE',  ( -7.730796453115440947, 7.036747523714510066, 1.478300086308259154 ) ) ;
#2859 = CARTESIAN_POINT ( 'NONE',  ( 1.600342797316300691, 27.37568124154001836, 2.407836513591836702 ) ) ;
#2860 = CARTESIAN_POINT ( 'NONE',  ( 10.69823375674151045, 9.343777162422240323, 1.250000000000001776 ) ) ;
#2861 = CARTESIAN_POINT ( 'NONE',  ( 3.744308996842498072, 9.715684320367582671, 3.962974680590113152 ) ) ;
#2862 = DIRECTION ( 'NONE',  ( 0.000000000000000000, 0.000000000000000000, -1.000000000000000000 ) ) ;
#2863 = CARTESIAN_POINT ( 'NONE',  ( -5.330033209987237619, 5.114750728550518488, 2.812662767970490307 ) ) ;
#2864 = CARTESIAN_POINT ( 'NONE',  ( 0.6524336287229987041, -3.573023249610541630, 0.000000000000000000 ) ) ;
#2865 = ORIENTED_EDGE ( 'NONE', *, *, #3314, .T. ) ;
#2866 = ORIENTED_EDGE ( 'NONE', *, *, #4280, .F. ) ;
#2867 = B_SPLINE_CURVE_WITH_KNOTS ( 'NONE', 3,
 ( #4182, #4648, #174, #1920, #4213, #2318, #3714, #2347, #5061, #4680, #4239, #5494, #201, #1479, #3270, #4557, #3302, #1538, #2004, #4120, #2378, #1032, #115, #86, #5030, #3773, #1972, #3744, #5556, #585, #3333, #1892, #5524, #644, #3801, #1063, #5120, #1093, #4149, #2820, #5581, #142, #614, #2880, #4618, #2434, #3685, #1945, #1509, #5090, #1567, #3360, #2847, #971, #2405, #2762, #525, #5467, #1449, #3241, #1001, #2789, #4589, #555, #4357, #1247, #3454, #3421, #674, #5641, #2939, #1628, #230, #1686, #4298 ),
 .UNSPECIFIED., .F., .F.,
 ( 4, 2, 2, 2, 2, 2, 1, 1, 2, 2, 2, 2, 1, 1, 1, 1, 1, 2, 2, 2, 2, 1, 2, 2, 2, 2, 2, 2, 2, 2, 2, 1, 2, 2, 2, 2, 1, 1, 1, 2, 2, 1, 2, 4 ),
 ( 0.000000000000000000, 0.03124967014667394752, 0.06249934029334789504, 0.07031175783001644697, 0.07128831002210013479, 0.07177658611814193013, 0.07226486221418372546, 0.07421796659834847820, 0.07812417536667798368, 0.09374901043999445127, 0.1249986805866271783, 0.1254869566826681548, 0.1259752327787091175, 0.1269517849707906543, 0.1289048893549534225, 0.1328110981232786258, 0.1406235156599289771, 0.1562483507332296240, 0.1874980208798308068, 0.2499973611730332557, 0.2578097787096835791, 0.2656221962463338748, 0.2812470313196349103, 0.3124967014662368148, 0.3749960417594407902, 0.4999947223458487966, 0.5312443924924512562, 0.5624940626390537712, 0.6249934029322585793, 0.7499920835186683066, 0.7656169185919684539, 0.7812417536652687122, 0.8124914238118676746, 0.8749907641050646001, 0.9374901043982616367, 0.9394432087824240440, 0.9413963131665865625, 0.9453025219349113772, 0.9531149394715611178, 0.9609273570082110805, 0.9628804613923735989, 0.9648335657765360063, 0.9687397745448610431, 0.9999894446914617818 ),
 .UNSPECIFIED. ) ;
#2868 = FACE_OUTER_BOUND ( 'NONE', #2574, .T. ) ;
#2869 = CARTESIAN_POINT ( 'NONE',  ( -2.157044872190894273E-15, 12.45848251378198590, 5.801067248717890479 ) ) ;
#2870 = CARTESIAN_POINT ( 'NONE',  ( -2.056291890040128134, 1.083082685067100037, 2.815537516673293933E-15 ) ) ;
#2871 = CIRCLE ( 'NONE', #4662, 2.650000000000000355 ) ;
#2872 = CARTESIAN_POINT ( 'NONE',  ( -8.495345805697638752, 18.72025423379636422, 1.282096632967563599 ) ) ;
#2873 = EDGE_CURVE ( 'NONE', #2631, #3702, #3232, .T. ) ;
#2874 = CARTESIAN_POINT ( 'NONE',  ( -2.147864289966757934, 1.960867302224215569, 1.108215003211552974 ) ) ;
#2875 = CARTESIAN_POINT ( 'NONE',  ( -5.676680846231338506, 21.59512440810737388, 2.797797161426359036 ) ) ;
#2876 = CARTESIAN_POINT ( 'NONE',  ( 6.720843542100984003, 17.37928817684018412, 2.598131019045036183 ) ) ;
#2877 = LINE ( 'NONE', #2401, #2238 ) ;
#2878 = CARTESIAN_POINT ( 'NONE',  ( -1.245899469126161785, -0.7863164467429482052, 2.501810239966301808 ) ) ;
#2879 = CARTESIAN_POINT ( 'NONE',  ( -4.565286701383637791, 22.34754255966566205, 2.440689980378209611 ) ) ;
#2880 = CARTESIAN_POINT ( 'NONE',  ( 5.665257826335812652, 5.418589365985589268, 2.774150741423718980 ) ) ;
#2881 = DIRECTION ( 'NONE',  ( -0.000000000000000000, -0.000000000000000000, 1.000000000000000000 ) ) ;
#2882 = CARTESIAN_POINT ( 'NONE',  ( 1.922104505809169028, 17.15750972530710428, 11.30440239741263042 ) ) ;
#2883 = CARTESIAN_POINT ( 'NONE',  ( -7.272583335267430726, 19.65288709657975730, 2.446032402755216939 ) ) ;
#2884 = CARTESIAN_POINT ( 'NONE',  ( 5.960268838571049166, 5.677504859951174154, 2.713808954852664712 ) ) ;
#2885 = CARTESIAN_POINT ( 'NONE',  ( -0.3175574466717998035, 13.47573877345440074, 6.000000000000000000 ) ) ;
#2886 = CARTESIAN_POINT ( 'NONE',  ( -7.241259547572752808, 7.899366051794433297, 2.480416992317801217 ) ) ;
#2887 = DIRECTION ( 'NONE',  ( 0.000000000000000000, 0.000000000000000000, -1.000000000000000000 ) ) ;
#2888 = DIRECTION ( 'NONE',  ( 0.000000000000000000, 0.000000000000000000, -1.000000000000000000 ) ) ;
#2889 = CARTESIAN_POINT ( 'NONE',  ( 1.548210474338123310, 28.23081212873223933, 2.044952745204434041 ) ) ;
#2890 = VECTOR ( 'NONE', #2984, 1000.000000000000000 ) ;
#2891 = CARTESIAN_POINT ( 'NONE',  ( 1.915949755439234403, 4.716323959761828277, 4.103249465478498337 ) ) ;
#2892 = CARTESIAN_POINT ( 'NONE',  ( 3.405103149146126107, 7.706204080522216948, 4.380656162883269644 ) ) ;
#2893 = VECTOR ( 'NONE', #5429, 1000.000000000000000 ) ;
#2894 = DIRECTION ( 'NONE',  ( -1.000000000000000000, 0.000000000000000000, 0.000000000000000000 ) ) ;
#2895 = CARTESIAN_POINT ( 'NONE',  ( -5.558090916332623976, 5.080381448263966426, 2.102950477318619171 ) ) ;
#2896 = CARTESIAN_POINT ( 'NONE',  ( 0.000000000000000000, -4.107208462139865013, 0.000000000000000000 ) ) ;
#2897 = VERTEX_POINT ( 'NONE', #5021 ) ;
#2898 = CARTESIAN_POINT ( 'NONE',  ( -9.092815185748351681, 15.68580299136996459, 1.834665922559959972 ) ) ;
#2899 = CARTESIAN_POINT ( 'NONE',  ( -1.334076891925523034E-16, 14.48626566049794739, 5.531449386909396360 ) ) ;
#2900 = CARTESIAN_POINT ( 'NONE',  ( -0.8095998129474150096, 12.58319172491273186, 5.403835772283816397 ) ) ;
#2901 = CARTESIAN_POINT ( 'NONE',  ( 5.255382712677752366, 5.785819796901546574, 3.056773019786230616 ) ) ;
#2902 = CARTESIAN_POINT ( 'NONE',  ( -1.974408943591394738, 9.859207879473061098, 8.651826331992173991 ) ) ;
#2903 = CARTESIAN_POINT ( 'NONE',  ( 6.147556218574384168, 20.54363673705270088, 2.916313676607675376 ) ) ;
#2904 = CARTESIAN_POINT ( 'NONE',  ( 3.820708328703748435, 17.18551420718430478, 4.154457629738494084 ) ) ;
#2905 = CARTESIAN_POINT ( 'NONE',  ( 9.224702847132652650, 11.95293128320622600, 1.789527072360107773 ) ) ;
#2906 = CARTESIAN_POINT ( 'NONE',  ( -1.897168382686140298, 25.59398015201973209, 2.496096609858006854 ) ) ;
#2907 = CARTESIAN_POINT ( 'NONE',  ( -2.025250229894376197, 3.017374561929891730, 0.000000000000000000 ) ) ;
#2908 = CARTESIAN_POINT ( 'NONE',  ( -6.665371475110104527, 16.03221089888377549, 2.778648819138341608 ) ) ;
#2909 = CARTESIAN_POINT ( 'NONE',  ( -4.552823651652158965, 5.428945711735456037, 3.277226701905534778 ) ) ;
#2910 = CARTESIAN_POINT ( 'NONE',  ( 1.923892366857320235, 17.17826405180985816, 11.20857554459605154 ) ) ;
#2911 = CARTESIAN_POINT ( 'NONE',  ( 1.846114165627611881, 20.01086435353456494, 11.22099645764755849 ) ) ;
#2912 = VERTEX_POINT ( 'NONE', #3706 ) ;
#2913 = CARTESIAN_POINT ( 'NONE',  ( 1.549636723021131424, 0.3022401851237944137, 2.139000898226397496 ) ) ;
#2914 = CARTESIAN_POINT ( 'NONE',  ( -5.544778043438974180, 21.57382588570330739, 2.842867849840433614 ) ) ;
#2915 = ADVANCED_FACE ( 'NONE', ( #1938 ), #2579, .F. ) ;
#2916 = CARTESIAN_POINT ( 'NONE',  ( 5.710398380572443422, 5.448673212279151024, 2.761602064413788860 ) ) ;
#2917 = CARTESIAN_POINT ( 'NONE',  ( 0.2488417067827991824, 13.14394983107734305, 6.000000000000000000 ) ) ;
#2918 = CARTESIAN_POINT ( 'NONE',  ( -5.504437718234596488, 6.291096958111178417, 3.033003098390446794 ) ) ;
#2919 = CYLINDRICAL_SURFACE ( 'NONE', #4960, 10.00000000000000355 ) ;
#2920 = CARTESIAN_POINT ( 'NONE',  ( -5.631125036806222006, 5.128570043995019034, 1.373542947630292277 ) ) ;
#2921 = CARTESIAN_POINT ( 'NONE',  ( 1.910840629003756508, 17.78665996388471982, 11.21440343608077939 ) ) ;
#2922 = B_SPLINE_CURVE_WITH_KNOTS ( 'NONE', 3,
 ( #5534, #4660, #183, #3311 ),
 .UNSPECIFIED., .F., .F.,
 ( 4, 4 ),
 ( 0.6720951336172074075, 1.000000000000000000 ),
 .UNSPECIFIED. ) ;
#2923 = CARTESIAN_POINT ( 'NONE',  ( 2.151471754696593575, 12.22437661426429933, 4.340548833051950162 ) ) ;
#2924 = CARTESIAN_POINT ( 'NONE',  ( 6.272375146178719163, 9.743822290221675786, 2.821379386340282736 ) ) ;
#2925 = CARTESIAN_POINT ( 'NONE',  ( 2.248921419875957284, 8.243961613944538414, 0.000000000000000000 ) ) ;
#2926 = CARTESIAN_POINT ( 'NONE',  ( -8.460392448001847754, 9.356160329389870967, 2.040873303386474991 ) ) ;
#2927 = CARTESIAN_POINT ( 'NONE',  ( 0.04899146509462144750, 45.61186146242486927, 0.000000000000000000 ) ) ;
#2928 = ORIENTED_EDGE ( 'NONE', *, *, #4643, .F. ) ;
#2929 = ORIENTED_EDGE ( 'NONE', *, *, #3748, .F. ) ;
#2930 = CARTESIAN_POINT ( 'NONE',  ( -10.70649989427115933, 9.816089539170416600, 1.249999999999996891 ) ) ;
#2931 = CARTESIAN_POINT ( 'NONE',  ( -0.8430914316019122445, 13.39279153786013588, 5.801067248717890479 ) ) ;
#2932 = CARTESIAN_POINT ( 'NONE',  ( -7.221051980188543773, 7.571310029785990992, 2.444409431476335381 ) ) ;
#2933 = CARTESIAN_POINT ( 'NONE',  ( 8.602526497811460615, 9.706381930181482431, 1.997061759386401070 ) ) ;
#2934 = CARTESIAN_POINT ( 'NONE',  ( -2.113600514157175869, 1.889879430447572783, 1.294019879780582416 ) ) ;
#2935 = CARTESIAN_POINT ( 'NONE',  ( 4.985989183724963247, 21.95459780677683526, 3.029230513896429500 ) ) ;
#2936 = CARTESIAN_POINT ( 'NONE',  ( 6.209455099783856902, 17.23074819760848797, 2.882670042384591902 ) ) ;
#2937 = CARTESIAN_POINT ( 'NONE',  ( -9.312408909951388480, 14.23205399547898864, 1.759364596977657236 ) ) ;
#2938 = CARTESIAN_POINT ( 'NONE',  ( -1.878986074347076984, 25.44246334291668532, 3.818250966639272548 ) ) ;
#2939 = CARTESIAN_POINT ( 'NONE',  ( 5.409019425051075913, 4.987325363807688205, 2.334242089971981571 ) ) ;
#2940 = CARTESIAN_POINT ( 'NONE',  ( -5.126472910249241011, 5.747124295101706970, 3.100567731927022397 ) ) ;
#2941 = CARTESIAN_POINT ( 'NONE',  ( 7.000000000000000000, 13.39279153786013588, 1.550000000000002709 ) ) ;
#2942 = CARTESIAN_POINT ( 'NONE',  ( 1.630132981216268595, 25.18413407765002532, 9.608252712428473785 ) ) ;
#2943 = CARTESIAN_POINT ( 'NONE',  ( 1.480341714288007982, 2.406408473318726315, 6.618483562190742298 ) ) ;
#2944 = CARTESIAN_POINT ( 'NONE',  ( -7.594094676387756593, 19.15537405817036287, 2.345480791260170950 ) ) ;
#2945 = CARTESIAN_POINT ( 'NONE',  ( 5.402739802835122340, 4.984546436947269399, 2.351990715702656942 ) ) ;
#2946 = CARTESIAN_POINT ( 'NONE',  ( 0.1424244489444220219, 13.53521598680455718, 6.000000000000000000 ) ) ;
#2947 = CARTESIAN_POINT ( 'NONE',  ( -6.571186834368037744, 8.253868909809302323, 2.576138869245798269 ) ) ;
#2948 = CARTESIAN_POINT ( 'NONE',  ( -9.218467967546171593, 11.94253675368303647, 1.791804670290032764 ) ) ;
#2949 = ADVANCED_FACE ( 'NONE', ( #4528 ), #2200, .F. ) ;
#2950 = CARTESIAN_POINT ( 'NONE',  ( -1.880008482291247951, 9.936259043382147382, 11.02928678425093523 ) ) ;
#2951 = CARTESIAN_POINT ( 'NONE',  ( 1.604182901439471509, 27.37146437004906829, 2.155433773992558422 ) ) ;
#2952 = APPLICATION_CONTEXT ( 'automotive_design' ) ;
#2953 = CARTESIAN_POINT ( 'NONE',  ( 8.618326311406756091, 15.99820450437404062, 2.006836618105107828 ) ) ;
#2954 = CARTESIAN_POINT ( 'NONE',  ( 3.138371774597672914, 6.168138896298792417, 4.654944986886999203 ) ) ;
#2955 = CARTESIAN_POINT ( 'NONE',  ( -5.562012898447473042, 21.73388216303169429, 2.228359835668805022 ) ) ;
#2956 = FACE_BOUND ( 'NONE', #4512, .T. ) ;
#2957 = CARTESIAN_POINT ( 'NONE',  ( -5.176150329213561108, 4.886166693657591154, 2.632768558524331670 ) ) ;
#2958 = CARTESIAN_POINT ( 'NONE',  ( 2.224274040562216115, 6.885706274794505255, 0.000000000000000000 ) ) ;
#2959 = EDGE_LOOP ( 'NONE', ( #950, #2865, #1676, #2249 ) ) ;
#2960 = ORIENTED_EDGE ( 'NONE', *, *, #899, .T. ) ;
#2961 = CARTESIAN_POINT ( 'NONE',  ( 1.813292435597687824, 3.483676710326116588, 4.021045861528789622 ) ) ;
#2962 = CARTESIAN_POINT ( 'NONE',  ( 0.7732029671692122186, 12.61958857069093654, 5.531449386909398136 ) ) ;
#2963 = CARTESIAN_POINT ( 'NONE',  ( -8.006556648617214833, 8.671818097995769747, 2.192138815124333284 ) ) ;
#2964 = CARTESIAN_POINT ( 'NONE',  ( -5.973094986177941657, 5.675491201963891008, 2.704951286341171546 ) ) ;
#2965 = CARTESIAN_POINT ( 'NONE',  ( 4.781132567258543631, 21.22446118889869027, 3.373739083265476779 ) ) ;
#2966 = CARTESIAN_POINT ( 'NONE',  ( -1.390406257448343119, -0.2571263428301880927, 2.471428217654407344 ) ) ;
#2967 = CARTESIAN_POINT ( 'NONE',  ( 2.702437117911740128, 23.83429504528298892, 3.119673510808006700 ) ) ;
#2968 = CYLINDRICAL_SURFACE ( 'NONE', #1868, 1.550000000000000266 ) ;
#2969 = CARTESIAN_POINT ( 'NONE',  ( -1.193551114463597074, 1.654262289123174412, 7.540150806559789309 ) ) ;
#2970 = CARTESIAN_POINT ( 'NONE',  ( -2.352534531941518292, 17.45686350548707466, 6.403562277929101043 ) ) ;
#2971 = CLOSED_SHELL ( 'NONE', ( #3162, #4461, #5642, #143, #2190, #4098, #4824, #1154, #4635, #2298, #1911, #1709, #4174, #399, #5459, #4817, #3061, #2330, #3391, #1484, #5674, #3535, #2512, #606, #3965, #288, #1343, #1044, #2949, #832, #4856, #4959, #2915, #1009, #4212, #3031, #1592, #1197, #5035, #2690, #1699, #1123, #5109, #5533 ) ) ;
#2972 = CARTESIAN_POINT ( 'NONE',  ( -0.8295018342574389525, 31.60071755875415533, 40.00000000000014921 ) ) ;
#2973 = CARTESIAN_POINT ( 'NONE',  ( -8.413823890737466726, 17.49036203976293891, 2.071202990195245786 ) ) ;
#2974 = CARTESIAN_POINT ( 'NONE',  ( -7.338897083297546864, 17.25349565473804248, 2.468190402026728680 ) ) ;
#2975 = AXIS2_PLACEMENT_3D ( 'NONE', #3285, #4542, #3637 ) ;
#2976 = PRODUCT_DEFINITION_CONTEXT ( 'detailed design', #2234, 'design' ) ;
#2977 = CARTESIAN_POINT ( 'NONE',  ( 1.915703810257174844, 17.47146469989300499, 11.30771774870709478 ) ) ;
#2978 = CARTESIAN_POINT ( 'NONE',  ( 2.453392471851735923, 9.904563615358432216, 5.989911542159991775 ) ) ;
#2979 = CARTESIAN_POINT ( 'NONE',  ( -5.546792047786566648, 21.67022953350226544, 2.646099493755642129 ) ) ;
#2980 = CARTESIAN_POINT ( 'NONE',  ( 6.557048957413496026, 6.282751870706139385, 2.578501631872449185 ) ) ;
#2981 = CARTESIAN_POINT ( 'NONE',  ( 1.639178316193807605, 27.34745870281830804, -0.2263539034390970595 ) ) ;
#2982 = CARTESIAN_POINT ( 'NONE',  ( -0.8459966587256240178, 14.23878819658575345, 5.276222157658236434 ) ) ;
#2983 = CARTESIAN_POINT ( 'NONE',  ( -4.450321895349900636, 4.392304463250693125, 2.414407182242352068 ) ) ;
#2984 = DIRECTION ( 'NONE',  ( 0.7071067811865666686, 0.000000000000000000, 0.7071067811865283659 ) ) ;
#2985 = CARTESIAN_POINT ( 'NONE',  ( -1.707118299170777398, 6.832738266465279153, 10.70488892464454089 ) ) ;
#2986 = CARTESIAN_POINT ( 'NONE',  ( 1.848189506298693052, 20.56857240753662097, 10.01210327909593545 ) ) ;
#2987 = CARTESIAN_POINT ( 'NONE',  ( 10.67531374112904530, 8.381401708998291511, 1.249999999999996225 ) ) ;
#2988 = CARTESIAN_POINT ( 'NONE',  ( 6.442369835652957732, 7.949106605270572778, 2.632149782250993830 ) ) ;
#2989 = CARTESIAN_POINT ( 'NONE',  ( -5.138718169653476942, 4.930880136185140650, 2.787471155016413960 ) ) ;
#2990 = CARTESIAN_POINT ( 'NONE',  ( -0.8633300671827514039, 14.05626366514223768, 5.276222157658236434 ) ) ;
#2991 = CARTESIAN_POINT ( 'NONE',  ( -7.720053060002444845, 7.044470446247933282, 2.042145044067097626 ) ) ;
#2992 = VERTEX_POINT ( 'NONE', #5515 ) ;
#2993 = ORIENTED_EDGE ( 'NONE', *, *, #3855, .F. ) ;
#2994 = VECTOR ( 'NONE', #5481, 999.9999999999998863 ) ;
#2995 = CARTESIAN_POINT ( 'NONE',  ( 2.620685978398825444, 2.259164316048550170, 2.169447254287315410E-14 ) ) ;
#2996 = CARTESIAN_POINT ( 'NONE',  ( -0.04595030237210123714, 13.38078914082478832, 6.000000000000000000 ) ) ;
#2997 = CARTESIAN_POINT ( 'NONE',  ( -8.003258239296513921, 8.674074820464660718, 2.193335509217117618 ) ) ;
#2998 = CARTESIAN_POINT ( 'NONE',  ( -8.217962272217066655, 8.672312799802485372, 2.112163534549790000 ) ) ;
#2999 = CARTESIAN_POINT ( 'NONE',  ( -9.238286114851014474, 9.458612385898245378, 1.036936880796088367 ) ) ;
#3000 = CARTESIAN_POINT ( 'NONE',  ( 9.372346934500805915, 12.86717835357405271, 1.739393338809488210 ) ) ;
#3001 = CARTESIAN_POINT ( 'NONE',  ( -1.831173213927064447, 8.836803492217441658, 10.96973856641788991 ) ) ;
#3002 = CARTESIAN_POINT ( 'NONE',  ( 2.721925461411200065, 23.84777041292326061, 2.662740537583463407 ) ) ;
#3003 = CARTESIAN_POINT ( 'NONE',  ( 8.543986781545779507, 11.23904952774289612, 2.030120407791565107 ) ) ;
#3004 = CARTESIAN_POINT ( 'NONE',  ( -1.248971839801586770, 2.243574457406614098, 8.234477171123520733 ) ) ;
#3005 = CARTESIAN_POINT ( 'NONE',  ( -2.712240896691473946, 23.84773680544273944, 2.949324295002090146 ) ) ;
#3006 = CARTESIAN_POINT ( 'NONE',  ( 1.451271805158279360, -1.101387855959443884, 0.3017068670312088585 ) ) ;
#3007 = CARTESIAN_POINT ( 'NONE',  ( -9.147148861184973612, 15.62418393481580381, 1.815622073634114431 ) ) ;
#3008 = CARTESIAN_POINT ( 'NONE',  ( 1.633940951865015423, 0.2050754036923935208, 1.059643643137643920 ) ) ;
#3009 = CARTESIAN_POINT ( 'NONE',  ( 1.788736721816808206, 21.58802959818050837, 11.02186433236947316 ) ) ;
#3010 = CARTESIAN_POINT ( 'NONE',  ( 1.967822643393202675, 9.634064551041575442, 8.658368924558297763 ) ) ;
#3011 = CARTESIAN_POINT ( 'NONE',  ( -8.443540873371857103, 17.48570170932851298, 2.059671526834319533 ) ) ;
#3012 = CARTESIAN_POINT ( 'NONE',  ( -0.4858691598539777723, 13.87866069771411048, 5.957250786414756583 ) ) ;
#3013 = CARTESIAN_POINT ( 'NONE',  ( -3.646558569004073380, 9.217594281057623462, 4.028127959551724757 ) ) ;
#3014 = DIRECTION ( 'NONE',  ( -1.000000000000000000, 0.000000000000000000, -0.000000000000000000 ) ) ;
#3015 = CARTESIAN_POINT ( 'NONE',  ( -1.842159313618877414, 9.060073423448265828, 10.98484855863084420 ) ) ;
#3016 = CARTESIAN_POINT ( 'NONE',  ( 1.480185287125192817, 28.53459705499663102, 5.412365943739553487 ) ) ;
#3017 = CARTESIAN_POINT ( 'NONE',  ( 8.615130885467603861, 9.648781850147333472, 1.989931451158891917 ) ) ;
#3018 = CARTESIAN_POINT ( 'NONE',  ( 8.623023621874658318, 9.622923747731288557, 1.986838345218256974 ) ) ;
#3019 = CARTESIAN_POINT ( 'NONE',  ( 2.052898167190195355, 1.922491917834366904, 2.352476576339161962 ) ) ;
#3020 = CARTESIAN_POINT ( 'NONE',  ( -8.175123960758087449, 8.674256059411712627, 2.129006176435211284 ) ) ;
#3021 = CARTESIAN_POINT ( 'NONE',  ( 5.656474736566996064, 21.63343978686529567, 2.400476846888337512 ) ) ;
#3022 = CARTESIAN_POINT ( 'NONE',  ( -5.629895909579981428, 21.68792595964051628, 2.498936982858422695 ) ) ;
#3023 = ORIENTED_EDGE ( 'NONE', *, *, #3467, .F. ) ;
#3024 = ORIENTED_EDGE ( 'NONE', *, *, #4249, .T. ) ;
#3025 = CARTESIAN_POINT ( 'NONE',  ( 1.915949755439234403, 4.716323959761828277, 4.103249465478498337 ) ) ;
#3026 = CARTESIAN_POINT ( 'NONE',  ( -1.033164628025770915, 13.66265814217593899, 5.403835772283816397 ) ) ;
#3027 = CARTESIAN_POINT ( 'NONE',  ( -2.876059829587858899E-15, 12.19637158936804155, 5.276222157658234657 ) ) ;
#3028 = CARTESIAN_POINT ( 'NONE',  ( 4.557826599371902709, 5.404391538263395134, 3.270582029776971655 ) ) ;
#3029 = CARTESIAN_POINT ( 'NONE',  ( -1.506997706772423617, -0.4462501707621832070, 1.099425696102496408 ) ) ;
#3030 = CARTESIAN_POINT ( 'NONE',  ( 3.818454893591338717, 17.18848114690557694, 4.152920855876133466 ) ) ;
#3031 = ADVANCED_FACE ( 'NONE', ( #3705 ), #2625, .T. ) ;
#3032 = DIRECTION ( 'NONE',  ( 0.000000000000000000, 0.000000000000000000, 1.000000000000000000 ) ) ;
#3033 = CARTESIAN_POINT ( 'NONE',  ( -1.169201898986303556, -0.3677695528254370516, 3.832662432855376888 ) ) ;
#3034 = CARTESIAN_POINT ( 'NONE',  ( -1.915653025395344322, 24.22311886072021281, 5.853853709675671091 ) ) ;
#3035 = CARTESIAN_POINT ( 'NONE',  ( -2.188158965447467796, 5.744618197404459004, 0.000000000000000000 ) ) ;
#3036 = CARTESIAN_POINT ( 'NONE',  ( -8.018529694220321247, 8.663626318745082600, 2.187794880957051546 ) ) ;
#3037 = CARTESIAN_POINT ( 'NONE',  ( -8.601045111064948401, 13.45117566932076336, 2.024394345814293672 ) ) ;
#3038 = CARTESIAN_POINT ( 'NONE',  ( -5.361469841674374237, 4.961652893747864113, 2.390243614351593049 ) ) ;
#3039 = CARTESIAN_POINT ( 'NONE',  ( 1.970776773624912437, 9.721575739718232967, 8.655446646189149718 ) ) ;
#3040 = CARTESIAN_POINT ( 'NONE',  ( -8.414868779020249434, 17.56562883787899665, 2.069387376923701005 ) ) ;
#3041 = CARTESIAN_POINT ( 'NONE',  ( -2.745329837333865510E-15, 12.24784450229517851, 5.403835772283812844 ) ) ;
#3042 = CARTESIAN_POINT ( 'NONE',  ( -4.585299383234495707, 4.478752923758030136, 2.045045908841299553 ) ) ;
#3043 = CARTESIAN_POINT ( 'NONE',  ( 0.2813785408475687477, 43.78637018963318184, 0.000000000000000000 ) ) ;
#3044 = CARTESIAN_POINT ( 'NONE',  ( -1.549696961287144070, 5.018875310966902425, 10.15496759493191092 ) ) ;
#3045 = B_SPLINE_SURFACE_WITH_KNOTS ( 'NONE', 1, 3, ( 
 ( #2443, #182, #1981, #4774, #3781, #2073, #3810, #2386, #3753, #3870, #4248, #210, #4276, #2015, #1547, #240, #5532, #1578, #1638, #3431, #4191, #1518, #5155, #388, #5305, #4340, #744, #2131 ),
 ( #773, #2208, #829, #1225, #1335, #4447, #2183, #5330, #4010, #2621, #1695, #4367, #1779, #416, #4859, #3097, #5791, #362, #304, #4887, #4832, #3570, #2102, #2564, #1309, #3489, #3126, #857 ) ),
 .UNSPECIFIED., .F., .F., .F.,
 ( 2, 2 ),
 ( 4, 2, 2, 2, 2, 2, 2, 2, 2, 2, 2, 2, 2, 4 ),
 ( 0.000000000000000000, 1.000000000000000000 ),
 ( 0.1258346426301045207, 0.1287295066100597185, 0.1316243705900149163, 0.1345192345699701142, 0.1374140985499253120, 0.1403089625298805099, 0.1417563945198581088, 0.1432038265098357077, 0.1446512584998133066, 0.1453749744948021061, 0.1460986904897909056, 0.1468224064847797050, 0.1475461224797685045, 0.1489935544697461034 ),
 .UNSPECIFIED. ) ;
#3046 = CARTESIAN_POINT ( 'NONE',  ( 1.472973333796656847, 29.02016852341650477, 3.539308223102381579 ) ) ;
#3047 = CARTESIAN_POINT ( 'NONE',  ( 5.730207654553682417, 5.452404479337451981, 2.748997539724471917 ) ) ;
#3048 = CARTESIAN_POINT ( 'NONE',  ( 2.029496347011980895, 2.129614204452392023, 3.188449055878884053 ) ) ;
#3049 = CARTESIAN_POINT ( 'NONE',  ( -8.488452584294835290, 9.440263174301444238, 2.032161707030543774 ) ) ;
#3050 = CARTESIAN_POINT ( 'NONE',  ( 5.824559041091571743, 21.27306555935841104, 2.843053487806299184 ) ) ;
#3051 = CARTESIAN_POINT ( 'NONE',  ( -9.792783205424177240, 11.23354823951751058, 1.389596369858106417 ) ) ;
#3052 = ORIENTED_EDGE ( 'NONE', *, *, #4036, .T. ) ;
#3053 = CARTESIAN_POINT ( 'NONE',  ( 10.67531374112904530, 8.381401708998291511, 1.249999999999996225 ) ) ;
#3054 = CARTESIAN_POINT ( 'NONE',  ( 5.469530110331685790, 5.022509074094239523, 2.251159575321548534 ) ) ;
#3055 = CARTESIAN_POINT ( 'NONE',  ( 5.933794770207438063, 20.83708338044108643, 2.951050517822899177 ) ) ;
#3056 = CARTESIAN_POINT ( 'NONE',  ( -1.806436234993119117, 7.389607153694124797, 9.749916513761402115 ) ) ;
#3057 = CARTESIAN_POINT ( 'NONE',  ( 8.543986781545779507, 11.23904952774289612, 2.030120407791565107 ) ) ;
#3058 = CARTESIAN_POINT ( 'NONE',  ( -4.599799745884843638, 22.32662606227895452, -0.1330339416823988485 ) ) ;
#3059 = CARTESIAN_POINT ( 'NONE',  ( -1.607020278153234560, 27.37581535655180076, 2.405666677082276550 ) ) ;
#3060 = CARTESIAN_POINT ( 'NONE',  ( 1.878406558373376001, 9.870051344452301478, 11.02627655178622845 ) ) ;
#3061 = ADVANCED_FACE ( 'NONE', ( #3882 ), #976, .T. ) ;
#3062 = CARTESIAN_POINT ( 'NONE',  ( -6.126999329675026473, 6.414958586313283639, 2.788625534122823435 ) ) ;
#3063 = CARTESIAN_POINT ( 'NONE',  ( -8.536161821164355956, 17.27653353423673721, 2.027545950507899875 ) ) ;
#3064 = CARTESIAN_POINT ( 'NONE',  ( -5.310673781459861686, 4.935782661041188568, 2.450873709162519010 ) ) ;
#3065 = B_SPLINE_CURVE_WITH_KNOTS ( 'NONE', 3,
 ( #4151, #5033, #176, #1035, #118, #1511, #1066, #2380, #4123, #146, #4215, #1948, #3746, #5526, #3304, #5092, #2791, #4652, #4593, #1974, #89, #558, #1863, #5442, #1895, #3689, #874, #3088, #4494, #2223, #4082, #5808, #4465, #459, #903, #1796, #4964, #4549, #848, #4878, #2253, #5400 ),
 .UNSPECIFIED., .F., .F.,
 ( 4, 2, 2, 2, 1, 1, 2, 2, 2, 2, 2, 1, 2, 2, 2, 2, 2, 1, 1, 1, 2, 2, 2, 4 ),
 ( 0.000000000000000000, 0.1249999999999961142, 0.1874999999999940326, 0.2187499999999929223, 0.2343749999999923117, 0.2421874999999922284, 0.2460937499999921174, 0.2499999999999920341, 0.3749999999999940048, 0.4374999999999949485, 0.4687499999999955036, 0.4843749999999959477, 0.4921874999999960032, 0.4999999999999961142, 0.6249999999999960032, 0.6874999999999958922, 0.7187499999999958922, 0.7343749999999957812, 0.7421874999999957812, 0.7460937499999960032, 0.7480468749999962252, 0.7499999999999963363, 0.8749999999999982236, 1.000000000000000000 ),
 .UNSPECIFIED. ) ;
#3066 = CARTESIAN_POINT ( 'NONE',  ( 1.666087319840000136, 6.318576462720055353, 10.58637082279330777 ) ) ;
#3067 = CARTESIAN_POINT ( 'NONE',  ( -1.859924963636686579, 9.518327344414565516, 11.08101497038419936 ) ) ;
#3068 = CARTESIAN_POINT ( 'NONE',  ( -8.486445113074282176, 17.29956107762224704, 2.045656984576253556 ) ) ;
#3069 = CARTESIAN_POINT ( 'NONE',  ( 1.559281891136502063, 28.22305472712751140, 1.284852818458471990 ) ) ;
#3070 = AXIS2_PLACEMENT_3D ( 'NONE', #3887, #4705, #2490 ) ;
#3071 = CARTESIAN_POINT ( 'NONE',  ( -0.8430914316019122445, 13.39279153786013588, 5.801067248717890479 ) ) ;
#3072 = CARTESIAN_POINT ( 'NONE',  ( 0.06571226172657548825, 45.57773911975253611, 0.000000000000000000 ) ) ;
#3073 = CARTESIAN_POINT ( 'NONE',  ( -2.184265232734951212, 1.827643675895941566, -0.08929938064632697570 ) ) ;
#3074 = CARTESIAN_POINT ( 'NONE',  ( 1.479053274883215474, 28.55014835567762077, 5.418409229647866532 ) ) ;
#3075 = CARTESIAN_POINT ( 'NONE',  ( 5.345530152042981875, 5.122040379008186761, 2.802971011293935888 ) ) ;
#3076 = CARTESIAN_POINT ( 'NONE',  ( 2.114682253034009030, 1.891163193451211644, 1.292415331235016396 ) ) ;
#3077 = CARTESIAN_POINT ( 'NONE',  ( -8.368139978110249899, 9.140263691794803691, 2.070227688112815656 ) ) ;
#3078 = CARTESIAN_POINT ( 'NONE',  ( 5.751608225104560823, 21.34707161342664605, 2.852903370017346063 ) ) ;
#3079 = VERTEX_POINT ( 'NONE', #709 ) ;
#3080 = CARTESIAN_POINT ( 'NONE',  ( 1.931272108851280533, 4.928200769522828040, 4.114195043282359521 ) ) ;
#3081 = CARTESIAN_POINT ( 'NONE',  ( 8.065959939918563748, 8.454053469884200922, 2.162364220949224425 ) ) ;
#3082 = CARTESIAN_POINT ( 'NONE',  ( -8.581357467864821231, 9.621249902940562038, 2.001653115711109709 ) ) ;
#3083 = CARTESIAN_POINT ( 'NONE',  ( 7.655903298628721210, 19.11972296368331570, 2.333952333405229673 ) ) ;
#3084 = CARTESIAN_POINT ( 'NONE',  ( -1.575971744507185468, 4.499759486367699068, 9.029480616870392495 ) ) ;
#3085 = CARTESIAN_POINT ( 'NONE',  ( -2.784059110555383576, 23.80121734681280188, 1.346199949136904106 ) ) ;
#3086 = CARTESIAN_POINT ( 'NONE',  ( -1.597621171390420924, 26.98005674495402673, 4.804567365453855210 ) ) ;
#3087 = CARTESIAN_POINT ( 'NONE',  ( -1.079612185236600075, 13.39279153786013588, 5.276222157658235545 ) ) ;
#3088 = CARTESIAN_POINT ( 'NONE',  ( 9.454542456393701499, 10.10866909989009343, 0.9748896603027158436 ) ) ;
#3089 = CIRCLE ( 'NONE', #1782, 1.550000000000000266 ) ;
#3090 = CARTESIAN_POINT ( 'NONE',  ( -4.556650663611473639, 5.420806939064333640, 3.275523316439992172 ) ) ;
#3091 = CARTESIAN_POINT ( 'NONE',  ( 2.150778720772581920, 1.858592800169616366, 0.6035762901186227936 ) ) ;
#3092 = CARTESIAN_POINT ( 'NONE',  ( 1.467326896364269162, 28.94034395362750800, 4.347777201694213112 ) ) ;
#3093 = CARTESIAN_POINT ( 'NONE',  ( 1.904624695138838586, 9.253127092220356786, 9.835509381210597368 ) ) ;
#3094 = CARTESIAN_POINT ( 'NONE',  ( -1.877035599943774891, 9.936540896408336820, 11.10050015988949568 ) ) ;
#3095 = CARTESIAN_POINT ( 'NONE',  ( -6.533194172695201196, 20.53288970321166573, 2.676607142272249273 ) ) ;
#3096 = CARTESIAN_POINT ( 'NONE',  ( -8.499124017487691418, 16.13821493369849591, 2.049335508179638943 ) ) ;
#3097 = CARTESIAN_POINT ( 'NONE',  ( -10.62428768412917712, 6.929571369117867086, 1.249999999999999556 ) ) ;
#3098 = CARTESIAN_POINT ( 'NONE',  ( -1.658392361504300805, 27.56024320939941319, 1.616774138071640842E-15 ) ) ;
#3099 = CARTESIAN_POINT ( 'NONE',  ( 1.530321317677376891, 27.29400252400588300, 7.656077714757494768 ) ) ;
#3100 = EDGE_CURVE ( 'NONE', #4784, #4920, #368, .T. ) ;
#3101 = CARTESIAN_POINT ( 'NONE',  ( 8.637495968097384846, 9.647447963636876622, 1.981994767481119357 ) ) ;
#3102 = CARTESIAN_POINT ( 'NONE',  ( 2.345497348958093919, 9.102738161122589489, 6.362307467117364723 ) ) ;
#3103 = CARTESIAN_POINT ( 'NONE',  ( -5.540552982593930587, 5.068719866974596755, 2.100760794221043337 ) ) ;
#3104 = CARTESIAN_POINT ( 'NONE',  ( 7.661981154540014494, 19.02179002522080609, 2.323413723349719184 ) ) ;
#3105 = VERTEX_POINT ( 'NONE', #180 ) ;
#3106 = VERTEX_POINT ( 'NONE', #5180 ) ;
#3107 = CARTESIAN_POINT ( 'NONE',  ( 1.951029135871705344, 20.51582766600422403, 4.433046419973950769 ) ) ;
#3108 = CARTESIAN_POINT ( 'NONE',  ( -0.8095998129474174521, 14.20239135080754167, 5.403835772283815508 ) ) ;
#3109 = CARTESIAN_POINT ( 'NONE',  ( 8.477062817983323839, 9.443571105282815736, 2.036242887643871846 ) ) ;
#3110 = CARTESIAN_POINT ( 'NONE',  ( -5.624057734947133014, 5.124497362166564152, 1.800267810561949178 ) ) ;
#3111 = CARTESIAN_POINT ( 'NONE',  ( 7.956924847321070082, 8.031037480862268652, 2.200072542116926044 ) ) ;
#3112 = CARTESIAN_POINT ( 'NONE',  ( -1.381423711523108055, -1.020717279573735148, 1.030972104312084303 ) ) ;
#3113 = ORIENTED_EDGE ( 'NONE', *, *, #2555, .T. ) ;
#3114 = CARTESIAN_POINT ( 'NONE',  ( -5.248544922692701675, 21.92648136535552084, 0.6407923208489416655 ) ) ;
#3115 = CARTESIAN_POINT ( 'NONE',  ( -2.410156321479785646, 17.16018015498461935, 6.128579186620642716 ) ) ;
#3116 = DIRECTION ( 'NONE',  ( -1.000000000000000000, 0.000000000000000000, 0.000000000000000000 ) ) ;
#3117 = CARTESIAN_POINT ( 'NONE',  ( -0.4719828460089977029, 15.91541513736532920, 40.00000000000000000 ) ) ;
#3118 = CARTESIAN_POINT ( 'NONE',  ( -5.132989116166457144, 5.735499417325093496, 3.097868285531627741 ) ) ;
#3119 = FACE_OUTER_BOUND ( 'NONE', #4696, .T. ) ;
#3120 = DIRECTION ( 'NONE',  ( 1.000000000000000000, 0.000000000000000000, -0.000000000000000000 ) ) ;
#3121 = CARTESIAN_POINT ( 'NONE',  ( 1.858622070712838914, 9.394776151744808956, 11.00308745313325609 ) ) ;
#3122 = CARTESIAN_POINT ( 'NONE',  ( -1.388462521756525403, -1.058366175877407001, 0.9035093777663171233 ) ) ;
#3123 = CARTESIAN_POINT ( 'NONE',  ( -5.246748198146510944, 21.92605233118549890, 2.196627997860251647 ) ) ;
#3124 = CARTESIAN_POINT ( 'NONE',  ( 8.559236751733683590, 17.27553622685726964, 2.018268378917871253 ) ) ;
#3125 = CARTESIAN_POINT ( 'NONE',  ( 8.665594977181648062, 16.86972462691969810, 1.982543266522284853 ) ) ;
#3126 = CARTESIAN_POINT ( 'NONE',  ( -10.28177421712766026, 2.145868347870264703, 1.249999999999999778 ) ) ;
#3127 = CARTESIAN_POINT ( 'NONE',  ( -1.457485822381175744, -1.111995290866540698, 0.2417256440158666586 ) ) ;
#3128 = CARTESIAN_POINT ( 'NONE',  ( 1.923617345577402160, 17.16441338540749584, 11.23240572978843232 ) ) ;
#3129 = CARTESIAN_POINT ( 'NONE',  ( -7.623650367983528575, 19.15527083721050161, 2.331469437199520822 ) ) ;
#3130 = CARTESIAN_POINT ( 'NONE',  ( 5.169851441180099094, 4.900124151382524218, 2.680216042190599168 ) ) ;
#3131 = EDGE_CURVE ( 'NONE', #3079, #4101, #4490, .T. ) ;
#3132 = CARTESIAN_POINT ( 'NONE',  ( 8.010960872837094016, 18.41030283850601990, 2.206750073612012919 ) ) ;
#3133 = ORIENTED_EDGE ( 'NONE', *, *, #2767, .F. ) ;
#3134 = CARTESIAN_POINT ( 'NONE',  ( 4.591517377816517254, 22.32673339108127664, 2.314769865667968052 ) ) ;
#3135 = CARTESIAN_POINT ( 'NONE',  ( 10.55327153738861767, 5.498046624986786313, 1.250000000000006883 ) ) ;
#3136 = CARTESIAN_POINT ( 'NONE',  ( -1.033164628025770693, 13.39279153786013765, 5.403835772283816397 ) ) ;
#3137 = CARTESIAN_POINT ( 'NONE',  ( 5.435901350061341120, 5.002591404908963924, 2.300910486993096082 ) ) ;
#3138 = CARTESIAN_POINT ( 'NONE',  ( -6.257752330655781847, 5.955748070689529605, 2.645349159229001934 ) ) ;
#3139 = CARTESIAN_POINT ( 'NONE',  ( 6.781314604579373295, 6.201394095700259790, 2.510260017353717732 ) ) ;
#3140 = CARTESIAN_POINT ( 'NONE',  ( -1.841088001025319221, 9.059813238676868608, 11.00786539233830297 ) ) ;
#3141 = CARTESIAN_POINT ( 'NONE',  ( 9.296011211459269674, 12.49514051287987293, 1.765247423863258724 ) ) ;
#3142 = CARTESIAN_POINT ( 'NONE',  ( -1.908179544855332699, 19.47533813768637501, 8.966604802574311250 ) ) ;
#3143 = CARTESIAN_POINT ( 'NONE',  ( 1.167762976482789927, 1.135643333266861843, 6.729659202096658355 ) ) ;
#3144 = CARTESIAN_POINT ( 'NONE',  ( -0.7011038708568938516, 16.41881556912215601, 40.00000000000000000 ) ) ;
#3145 = CARTESIAN_POINT ( 'NONE',  ( -2.971764580207072459, 3.435188445686896408, 3.153643970408777086 ) ) ;
#3146 = CARTESIAN_POINT ( 'NONE',  ( -6.131873410260109125, 6.408443375670899833, 2.786734078730239261 ) ) ;
#3147 = CARTESIAN_POINT ( 'NONE',  ( 8.468852925049333180, 17.27383420639398182, 2.051519645608136155 ) ) ;
#3148 = CARTESIAN_POINT ( 'NONE',  ( -8.039845743115307641, 8.427005504665949331, 2.171169647994874552 ) ) ;
#3149 = CARTESIAN_POINT ( 'NONE',  ( 1.878406558373282742, 9.870051344452278386, 11.02627655178841160 ) ) ;
#3150 = CARTESIAN_POINT ( 'NONE',  ( -1.388506013937045314, -1.058418004822260894, 0.9030604513764334262 ) ) ;
#3151 = CARTESIAN_POINT ( 'NONE',  ( -4.985623095556943163, 22.00530113024909440, 2.938064858883990382 ) ) ;
#3152 = CARTESIAN_POINT ( 'NONE',  ( 8.514047245774273520, 17.27467451306742419, 2.034891472374334764 ) ) ;
#3153 = CARTESIAN_POINT ( 'NONE',  ( 3.000000000000000444, 13.39279153786013588, 0.000000000000000000 ) ) ;
#3154 = CARTESIAN_POINT ( 'NONE',  ( 1.485326133742603583, 29.09118454830005973, 2.284610602957370062 ) ) ;
#3155 = CARTESIAN_POINT ( 'NONE',  ( -2.218022264873694915, 1.801359606556284909, -0.7893541862535006226 ) ) ;
#3156 = CARTESIAN_POINT ( 'NONE',  ( 1.470744967884770604, 28.97784728813528332, 3.912527195304163374 ) ) ;
#3157 = CARTESIAN_POINT ( 'NONE',  ( 8.414761277863297195, 9.140295231613380977, 2.052974793525000230 ) ) ;
#3158 = CARTESIAN_POINT ( 'NONE',  ( -8.314982842542443464, 9.009908935802158680, 2.086748090400541322 ) ) ;
#3159 = CARTESIAN_POINT ( 'NONE',  ( -1.536447046619270784, 27.28879090631643578, 7.640854720332974637 ) ) ;
#3160 = ORIENTED_EDGE ( 'NONE', *, *, #1082, .F. ) ;
#3161 = CARTESIAN_POINT ( 'NONE',  ( 2.752388023740599543, 23.81379110885374573, 2.255949309986081008 ) ) ;
#3162 = ADVANCED_FACE ( 'NONE', ( #5619 ), #5757, .T. ) ;
#3163 = CARTESIAN_POINT ( 'NONE',  ( -9.295779705175833740, 12.49369118092496045, 1.765559958148009256 ) ) ;
#3164 = CARTESIAN_POINT ( 'NONE',  ( 8.176052345797991450, 8.675866101697778277, 2.128804505677670544 ) ) ;
#3165 = CARTESIAN_POINT ( 'NONE',  ( -5.155647437650213050, 4.891680278464977327, 2.687153212163513771 ) ) ;
#3166 = CARTESIAN_POINT ( 'NONE',  ( -3.000000000000000444, 13.39279153786013588, 0.000000000000000000 ) ) ;
#3167 = CARTESIAN_POINT ( 'NONE',  ( -1.259436011651560161, 2.268080388304182460, 8.195797552333674574 ) ) ;
#3168 = EDGE_LOOP ( 'NONE', ( #343, #3963 ) ) ;
#3169 = EDGE_CURVE ( 'NONE', #2166, #427, #5413, .T. ) ;
#3170 = CARTESIAN_POINT ( 'NONE',  ( -1.393458309640619230, -1.035596166544923147, 0.9055404931817209180 ) ) ;
#3171 = CARTESIAN_POINT ( 'NONE',  ( -1.930268114243120836, 18.83574372897390248, 8.934458850533658847 ) ) ;
#3172 = CYLINDRICAL_SURFACE ( 'NONE', #1865, 2.650000000000000355 ) ;
#3173 = CARTESIAN_POINT ( 'NONE',  ( -5.231455195614199916, 21.93677117688971379, 2.162504999731938771 ) ) ;
#3174 = CARTESIAN_POINT ( 'NONE',  ( -3.055369041191192458, 3.322865146155300486, 1.570119627611161972 ) ) ;
#3175 = CARTESIAN_POINT ( 'NONE',  ( -8.758748754090751376, 9.790096750570615569, 1.942359498250099792 ) ) ;
#3176 = CARTESIAN_POINT ( 'NONE',  ( 6.874990632396653645, 20.13080234054620021, 2.575118441548690296 ) ) ;
#3177 = CARTESIAN_POINT ( 'NONE',  ( -6.035747977088799843, 5.761881659391285382, 2.706842759711791668 ) ) ;
#3178 = CARTESIAN_POINT ( 'NONE',  ( -5.565893445250944538, 21.65678861434190949, 2.641895545316615745 ) ) ;
#3179 = CARTESIAN_POINT ( 'NONE',  ( -1.868542469446126564, 9.723192893589951424, 11.09111105111122697 ) ) ;
#3180 = CARTESIAN_POINT ( 'NONE',  ( -5.535048334310835649, 21.57928205565023205, 2.847706081784465493 ) ) ;
#3181 = CARTESIAN_POINT ( 'NONE',  ( 1.978348188491496185, 15.92510439556900081, 9.989845315134370907 ) ) ;
#3182 = AXIS2_PLACEMENT_3D ( 'NONE', #5621, #1954, #4688 ) ;
#3183 = CARTESIAN_POINT ( 'NONE',  ( -6.696566053602415636, 10.74982549389066122, 2.743420215571255483 ) ) ;
#3184 = CARTESIAN_POINT ( 'NONE',  ( 5.775695949543529828, 20.59849914064515275, 3.012676810511313086 ) ) ;
#3185 = CARTESIAN_POINT ( 'NONE',  ( 1.478437770745817614, -1.133328825166104892, 0.000000000000000000 ) ) ;
#3186 = CARTESIAN_POINT ( 'NONE',  ( -1.964458318980278007, 26.08655488027053337, -8.214102005998575960E-15 ) ) ;
#3187 = CARTESIAN_POINT ( 'NONE',  ( 1.913337558746941225, 17.60580989523354845, 11.28474823324834020 ) ) ;
#3188 = CARTESIAN_POINT ( 'NONE',  ( 8.527817848387149624, 9.441406048580930133, 2.017992091945639554 ) ) ;
#3189 = CARTESIAN_POINT ( 'NONE',  ( -1.918893351162917815, 17.47092758383694999, 11.21289983403866053 ) ) ;
#3190 = ORIENTED_EDGE ( 'NONE', *, *, #330, .T. ) ;
#3191 = CARTESIAN_POINT ( 'NONE',  ( 2.351424148367468270, 17.45705983059696109, 6.403615911518626191 ) ) ;
#3192 = CARTESIAN_POINT ( 'NONE',  ( 5.392097927090555132, 15.51210458643394574, 3.466082094562563221 ) ) ;
#3193 = CARTESIAN_POINT ( 'NONE',  ( 4.527841512983711070, 4.437370688542834785, 2.238922956261431896 ) ) ;
#3194 = CARTESIAN_POINT ( 'NONE',  ( -9.238040070762894018, 9.458002977326945171, 1.031888870488103738 ) ) ;
#3195 = CARTESIAN_POINT ( 'NONE',  ( -5.465611971470761610, 5.023814766802066067, 2.310783485164120687 ) ) ;
#3196 = CARTESIAN_POINT ( 'NONE',  ( 9.981547003044751065, 14.49163837375215813, 0.8145702483969571306 ) ) ;
#3197 = CARTESIAN_POINT ( 'NONE',  ( -1.279471510816805102, -0.8393801916589183065, 2.157689491676104687 ) ) ;
#3198 = ORIENTED_EDGE ( 'NONE', *, *, #4923, .F. ) ;
#3199 = CARTESIAN_POINT ( 'NONE',  ( -2.104505492160960500, 8.614102782684456727, 4.260475607918925434 ) ) ;
#3200 = CARTESIAN_POINT ( 'NONE',  ( -1.949391794030416181, 17.31082524584860494, 10.01281460256766564 ) ) ;
#3201 = CARTESIAN_POINT ( 'NONE',  ( -0.2825862054141796142, 12.34127876804151569, 5.276222157658236434 ) ) ;
#3202 = CARTESIAN_POINT ( 'NONE',  ( 5.238052677964527781, 21.93297192315540656, 1.401524913545706408 ) ) ;
#3203 = CARTESIAN_POINT ( 'NONE',  ( -5.561332340463118307, 21.73434037582200418, 2.225651845687498742 ) ) ;
#3204 = EDGE_CURVE ( 'NONE', #2051, #1526, #1424, .T. ) ;
#3205 = CARTESIAN_POINT ( 'NONE',  ( -2.025441178719383117, 4.729748527278682779, 6.300644002604490979 ) ) ;
#3206 = CARTESIAN_POINT ( 'NONE',  ( -7.474792195390728367, 18.97363517542130396, 2.403192006925738866 ) ) ;
#3207 = CARTESIAN_POINT ( 'NONE',  ( 8.468781654100736134, 17.27692875211190326, 2.051521305035598708 ) ) ;
#3208 = CARTESIAN_POINT ( 'NONE',  ( -8.338895526440577299, 9.059739232655935837, 2.079525906855659301 ) ) ;
#3209 = CARTESIAN_POINT ( 'NONE',  ( 1.881050339806744409, 9.938844980055518974, 11.02919014766760597 ) ) ;
#3210 = CARTESIAN_POINT ( 'NONE',  ( -1.701529849608903300, 6.824623430634678911, 10.78580349027880736 ) ) ;
#3211 = CARTESIAN_POINT ( 'NONE',  ( -4.543544176399618273, 22.36178478827414295, 2.516231467090362717 ) ) ;
#3212 = CARTESIAN_POINT ( 'NONE',  ( 6.245938574962744738, 15.97032045029880543, 2.876054797389417939 ) ) ;
#3213 = CARTESIAN_POINT ( 'NONE',  ( 9.061743751343451336, 15.70424652826214462, 1.844770556543708473 ) ) ;
#3214 = CARTESIAN_POINT ( 'NONE',  ( 1.633180421439978547, 25.14682203263209459, 9.547346712723388862 ) ) ;
#3215 = CARTESIAN_POINT ( 'NONE',  ( -3.821343821466596680, 17.18611319390090486, 4.155794677761510236 ) ) ;
#3216 = CARTESIAN_POINT ( 'NONE',  ( 1.486451409433218407, 29.12442905414489758, 2.035103977818164545 ) ) ;
#3217 = CARTESIAN_POINT ( 'NONE',  ( 8.577020666774712865, 9.579049300941751000, 2.002538462162767541 ) ) ;
#3218 = CARTESIAN_POINT ( 'NONE',  ( -5.589421851722233825, 5.628292269689314509, 2.947483380085467175 ) ) ;
#3219 = CARTESIAN_POINT ( 'NONE',  ( 7.000000000000000000, 13.39279153786013588, 1.949999999999993516 ) ) ;
#3220 = ORIENTED_EDGE ( 'NONE', *, *, #5178, .F. ) ;
#3221 = CARTESIAN_POINT ( 'NONE',  ( 1.629004572915199400, 25.97257568895469149, 6.575747053720828461 ) ) ;
#3222 = B_SPLINE_SURFACE_WITH_KNOTS ( 'NONE', 5, 3, ( 
 ( #2565, #1696, #2920, #5279 ),
 ( #803, #4308, #5213, #2159 ),
 ( #2596, #4277, #4775, #5741 ),
 ( #4717, #5680, #2043, #686 ),
 ( #712, #1639, #241, #745 ),
 ( #3402, #3840, #5623, #1161 ),
 ( #2074, #3871, #1191, #3899 ),
 ( #2533, #4341, #305, #1670 ),
 ( #3463, #5246, #3571, #4066 ),
 ( #3155, #3073, #1337, #946 ),
 ( #5383, #915, #4916, #4508 ),
 ( #5357, #472, #5306, #1366 ),
 ( #2707, #858, #3127, #2737 ) ),
 .UNSPECIFIED., .F., .F., .F.,
 ( 6, 5, 2, 6 ),
 ( 4, 4 ),
 ( -0.01000000000000000021, 0.000000000000000000, 0.5000000000000000000, 1.000000000000000000 ),
 ( 0.05933839080703159213, 0.06156846101544175692 ),
 .UNSPECIFIED. ) ;
#3223 = CARTESIAN_POINT ( 'NONE',  ( 9.340230229409883123, 13.40879867876902054, 1.749871526407834832 ) ) ;
#3224 = CARTESIAN_POINT ( 'NONE',  ( 6.421143923540279630, 6.629812241896087421, 2.740887674325833689 ) ) ;
#3225 = CARTESIAN_POINT ( 'NONE',  ( -1.418747965906468789, -1.079800309370278599, 0.6176349908352667395 ) ) ;
#3226 = CARTESIAN_POINT ( 'NONE',  ( -8.544794004708927915, 9.577154693862311774, 2.014036070535391243 ) ) ;
#3227 = CARTESIAN_POINT ( 'NONE',  ( 7.052293941002354849, 20.52248637145739707, 1.882618097153151204 ) ) ;
#3228 = CARTESIAN_POINT ( 'NONE',  ( -1.390908342586335111, -1.046716391216217845, 0.9054436188669561236 ) ) ;
#3229 = VERTEX_POINT ( 'NONE', #5409 ) ;
#3230 = CARTESIAN_POINT ( 'NONE',  ( -1.079612185236600075, 13.39279153786013588, 5.276222157658235545 ) ) ;
#3231 = CARTESIAN_POINT ( 'NONE',  ( -1.920838119360200213, 17.38021195226048832, 11.21185710758283349 ) ) ;
#3232 = LINE ( 'NONE', #547, #2893 ) ;
#3233 = CARTESIAN_POINT ( 'NONE',  ( -2.061502325724728468, 1.888063617091155111, 2.136033189438856006 ) ) ;
#3234 = CARTESIAN_POINT ( 'NONE',  ( -4.858188195335965354, 21.35657277553442412, 3.343898785130289042 ) ) ;
#3235 = CARTESIAN_POINT ( 'NONE',  ( 5.249999999999999112, 13.39279153786013588, 1.750000000000001554 ) ) ;
#3236 = CARTESIAN_POINT ( 'NONE',  ( -5.153004618027362760, 4.958846927953152850, 2.811684832823036828 ) ) ;
#3237 = CARTESIAN_POINT ( 'NONE',  ( -5.644397223213308834, 21.63133845396832911, 2.491432839584667658 ) ) ;
#3238 = CARTESIAN_POINT ( 'NONE',  ( -1.320821953923305703, -0.9860439105107553504, 1.570824915363703056 ) ) ;
#3239 = CARTESIAN_POINT ( 'NONE',  ( -7.091647919259633781, 19.15712881448802207, 2.583673810291218231 ) ) ;
#3240 = EDGE_CURVE ( 'NONE', #3105, #486, #924, .T. ) ;
#3241 = CARTESIAN_POINT ( 'NONE',  ( 5.244509181144838550, 4.904365839573428865, 2.531088651495101871 ) ) ;
#3242 = CARTESIAN_POINT ( 'NONE',  ( 1.914931025909349049, 17.60532468054822175, 11.21342904931660378 ) ) ;
#3243 = CARTESIAN_POINT ( 'NONE',  ( -7.338889057497074653, 17.25343116084097872, 2.468193323875183864 ) ) ;
#3244 = CARTESIAN_POINT ( 'NONE',  ( 1.903488548977073869, 18.05472396918543510, 11.26124950226913768 ) ) ;
#3245 = B_SPLINE_CURVE_WITH_KNOTS ( 'NONE', 3,
 ( #1927, #3281, #3634, #2356 ),
 .UNSPECIFIED., .F., .F.,
 ( 4, 4 ),
 ( 0.3282563614203401481, 0.3982084108726193783 ),
 .UNSPECIFIED. ) ;
#3246 = CARTESIAN_POINT ( 'NONE',  ( -8.526032136383879134, 17.30032753223866138, 2.031080886760297410 ) ) ;
#3247 = CARTESIAN_POINT ( 'NONE',  ( 8.592317377177412396, 9.649075090605890637, 1.998022139164881805 ) ) ;
#3248 = CARTESIAN_POINT ( 'NONE',  ( -7.843006615392845937, 9.382868981214423698, 2.264640347731562642 ) ) ;
#3249 = CARTESIAN_POINT ( 'NONE',  ( -1.925268955284479944, 17.16505068798002398, 11.20885204352565090 ) ) ;
#3250 = CARTESIAN_POINT ( 'NONE',  ( -8.767353393738000378, 8.583046330912171840, 1.177504619277719211 ) ) ;
#3251 = CARTESIAN_POINT ( 'NONE',  ( 2.324490550347177553, 17.74349314387767151, 6.479315564305735187 ) ) ;
#3252 = FILL_AREA_STYLE_COLOUR ( '', #3731 ) ;
#3253 = CARTESIAN_POINT ( 'NONE',  ( 4.548649670747837881, 4.449441550485545349, 1.892433623769312678 ) ) ;
#3254 = CARTESIAN_POINT ( 'NONE',  ( -1.840016688431819425, 9.059553053905487374, 11.03088222604451119 ) ) ;
#3255 = CARTESIAN_POINT ( 'NONE',  ( -8.446652559998870657, 9.252382008419896664, 2.043855065075807609 ) ) ;
#3256 = CARTESIAN_POINT ( 'NONE',  ( 9.696890476069972564, 15.95847255047297786, 0.9023396335573595772 ) ) ;
#3257 = VECTOR ( 'NONE', #1743, 1000.000000000000000 ) ;
#3258 = ORIENTED_EDGE ( 'NONE', *, *, #970, .T. ) ;
#3259 = ORIENTED_EDGE ( 'NONE', *, *, #2260, .T. ) ;
#3260 = DIRECTION ( 'NONE',  ( 1.000000000000000000, 0.000000000000000000, -0.000000000000000000 ) ) ;
#3261 = CARTESIAN_POINT ( 'NONE',  ( -1.922247113369997207, 17.31312244751226714, 11.21099175342223120 ) ) ;
#3262 = CARTESIAN_POINT ( 'NONE',  ( 0.8633300671827511819, 12.72931941057803407, 5.276222157658235545 ) ) ;
#3263 = CARTESIAN_POINT ( 'NONE',  ( -1.585920853592554858, 0.2392713582870862610, 1.642010395716530180 ) ) ;
#3264 = CARTESIAN_POINT ( 'NONE',  ( -9.295529361855834338, 11.37307837773710695, 1.763652635024267834 ) ) ;
#3265 = CARTESIAN_POINT ( 'NONE',  ( 5.320667671623420247, 21.54066922293274189, 3.098761802032070189 ) ) ;
#3266 = CARTESIAN_POINT ( 'NONE',  ( -5.656286463377612428, 5.413710055103792662, 2.779491601622802399 ) ) ;
#3267 = CARTESIAN_POINT ( 'NONE',  ( -5.773035795894284838, 21.55705774636620475, 2.229629693903830034 ) ) ;
#3268 = CARTESIAN_POINT ( 'NONE',  ( -1.383484023744935065, -1.081562527264443796, 0.9005388246501154770 ) ) ;
#3269 = CARTESIAN_POINT ( 'NONE',  ( -4.357876492077847885, 22.37775578626922268, 3.133733297582964372 ) ) ;
#3270 = CARTESIAN_POINT ( 'NONE',  ( 8.096538796627514856, 8.538287893647996896, 2.154035265985226655 ) ) ;
#3271 = CARTESIAN_POINT ( 'NONE',  ( -5.038995014482782864, 15.19029705885128756, 3.704295515412490580 ) ) ;
#3272 = CARTESIAN_POINT ( 'NONE',  ( -1.925466305333259465, 17.15517005734093914, 11.20869053241708535 ) ) ;
#3273 = DIRECTION ( 'NONE',  ( -1.000000000000000000, 0.000000000000000000, 0.000000000000000000 ) ) ;
#3274 = CARTESIAN_POINT ( 'NONE',  ( 1.916240471274108570, 17.47136116150307572, 11.28385042589669318 ) ) ;
#3275 = CIRCLE ( 'NONE', #736, 1.749999999999998890 ) ;
#3276 = CARTESIAN_POINT ( 'NONE',  ( -8.558838530147008683, 17.27682745649366680, 2.019212846143918050 ) ) ;
#3277 = CARTESIAN_POINT ( 'NONE',  ( 8.485864068278683447, 9.357653651428755381, 2.031640979583300144 ) ) ;
#3278 = CARTESIAN_POINT ( 'NONE',  ( -7.918393677907679340, 19.58489355099365881, 1.452428807252778675 ) ) ;
#3279 = CARTESIAN_POINT ( 'NONE',  ( -4.999842555171310821, 4.717285933643689866, 2.378857844869700866 ) ) ;
#3280 = AXIS2_PLACEMENT_3D ( 'NONE', #4442, #2203, #3120 ) ;
#3281 = CARTESIAN_POINT ( 'NONE',  ( -9.256247186991510389, 14.65312160984681888, 1.778719531585452707 ) ) ;
#3282 = EDGE_CURVE ( 'NONE', #2166, #1548, #2745, .T. ) ;
#3283 = CARTESIAN_POINT ( 'NONE',  ( -8.716784942868896380, 8.491623787315665695, 1.192310494462138104 ) ) ;
#3284 = CARTESIAN_POINT ( 'NONE',  ( 2.105771862268722927, 20.79895941551019689, 6.944739210612787872 ) ) ;
#3285 = CARTESIAN_POINT ( 'NONE',  ( 7.000000000000000000, 13.39279153786013588, 1.550000000000002709 ) ) ;
#3286 = CARTESIAN_POINT ( 'NONE',  ( 4.494191005870503020, 4.855136606384989229, 3.259222427556000667 ) ) ;
#3287 = CARTESIAN_POINT ( 'NONE',  ( -1.143095631838789483, 0.2152558311945662606, 5.128364527954309970 ) ) ;
#3288 = CARTESIAN_POINT ( 'NONE',  ( -6.562246995799213778, 6.280945079982799051, 2.575379043913239130 ) ) ;
#3289 = CARTESIAN_POINT ( 'NONE',  ( 8.674029650588694906, 18.42751822763396419, 1.354303886455865857 ) ) ;
#3290 = ORIENTED_EDGE ( 'NONE', *, *, #3927, .T. ) ;
#3291 = ORIENTED_EDGE ( 'NONE', *, *, #1983, .F. ) ;
#3292 = CARTESIAN_POINT ( 'NONE',  ( -5.734241265264318876, 21.58487578559351761, 2.172152273467142791 ) ) ;
#3293 = CARTESIAN_POINT ( 'NONE',  ( -1.480521172423516330, 28.85816230704906360, 4.324475056751865942 ) ) ;
#3294 = CARTESIAN_POINT ( 'NONE',  ( -2.984270134241441941, 2.802408283065374039, 2.124040994358563310E-14 ) ) ;
#3295 = CARTESIAN_POINT ( 'NONE',  ( -5.354943060994652448, 4.916385815938197013, 2.148586983570088815 ) ) ;
#3296 = CARTESIAN_POINT ( 'NONE',  ( -1.515916135905511108, 2.935431824394438394, 7.147715231669539371 ) ) ;
#3297 = CARTESIAN_POINT ( 'NONE',  ( 5.956931122865198880, 19.75155898181243685, 2.935835532125693703 ) ) ;
#3298 = CARTESIAN_POINT ( 'NONE',  ( -5.546541712829953674, 21.56630191321077561, 2.850286527087707800 ) ) ;
#3299 = CARTESIAN_POINT ( 'NONE',  ( -8.581428595736220188, 17.27726199530373563, 2.010898968980154411 ) ) ;
#3300 = CARTESIAN_POINT ( 'NONE',  ( -1.874162740513799275, 9.913845337917306821, 11.14703668417276461 ) ) ;
#3301 = CARTESIAN_POINT ( 'NONE',  ( -7.566253677762963648, 17.30197438372894680, 2.384620282709509098 ) ) ;
#3302 = CARTESIAN_POINT ( 'NONE',  ( 8.050488162594083619, 8.447437768793772506, 2.168074882548890692 ) ) ;
#3303 = CARTESIAN_POINT ( 'NONE',  ( 8.524916854202935212, 9.652450352747759865, 2.021944043963423976 ) ) ;
#3304 = CARTESIAN_POINT ( 'NONE',  ( 9.538848202588562586, 16.50439535338183106, 0.9522672526640121315 ) ) ;
#3305 = CARTESIAN_POINT ( 'NONE',  ( 1.527360399872205843, 27.33321799537726093, 7.688139062533897672 ) ) ;
#3306 = CARTESIAN_POINT ( 'NONE',  ( -5.686376278115455207, 21.61183838909011001, 2.397067542100998594 ) ) ;
#3307 = CARTESIAN_POINT ( 'NONE',  ( 5.549545077523619696, 5.073423802430783169, 2.139131049689275255 ) ) ;
#3308 = CARTESIAN_POINT ( 'NONE',  ( -1.348153045119308921E-16, 13.34186967985500338, 5.999999999999998224 ) ) ;
#3309 = CARTESIAN_POINT ( 'NONE',  ( -5.097959126315418921, 4.774446419193313140, 2.007955028169946310 ) ) ;
#3310 = DIRECTION ( 'NONE',  ( -1.000000000000000000, 0.000000000000000000, 0.000000000000000000 ) ) ;
#3311 = CARTESIAN_POINT ( 'NONE',  ( 8.468854313896187591, 17.27386709365175932, 2.051517134455385083 ) ) ;
#3312 = CARTESIAN_POINT ( 'NONE',  ( 1.874034464200372341, 25.44079955478123622, 3.820051913291853563 ) ) ;
#3313 = CARTESIAN_POINT ( 'NONE',  ( 1.951029135871705344, 20.51582766600422403, 4.433046419973950769 ) ) ;
#3314 = EDGE_CURVE ( 'NONE', #3776, #220, #4506, .T. ) ;
#3315 = CARTESIAN_POINT ( 'NONE',  ( 7.703543395306736485, 8.884553021919117555, 2.316688714584188347 ) ) ;
#3316 = CARTESIAN_POINT ( 'NONE',  ( -1.345850577129093173, -0.9992888246622274595, 1.352930808520699468 ) ) ;
#3317 = CARTESIAN_POINT ( 'NONE',  ( -8.337278888065387861, 9.008908871620594283, 2.078349206994487552 ) ) ;
#3318 = CARTESIAN_POINT ( 'NONE',  ( -8.979738320065774104, 17.94719418722671733, 1.117524649715864182 ) ) ;
#3319 = CARTESIAN_POINT ( 'NONE',  ( 0.02908975669594423760, 45.75332292198212514, 0.000000000000000000 ) ) ;
#3320 = VERTEX_POINT ( 'NONE', #4974 ) ;
#3321 = ORIENTED_EDGE ( 'NONE', *, *, #1669, .F. ) ;
#3322 = B_SPLINE_CURVE_WITH_KNOTS ( 'NONE', 3,
 ( #3439, #4668, #2049, #5219 ),
 .UNSPECIFIED., .F., .F.,
 ( 4, 4 ),
 ( 0.0009196926383493864285, 0.001270163884748054268 ),
 .UNSPECIFIED. ) ;
#3323 = CARTESIAN_POINT ( 'NONE',  ( -8.523312029487597030, 9.648487211715263356, 2.022543643233114086 ) ) ;
#3324 = CARTESIAN_POINT ( 'NONE',  ( -1.565908076079981059, 26.64250531534946020, 8.364329770131755382 ) ) ;
#3325 = B_SPLINE_CURVE_WITH_KNOTS ( 'NONE', 3,
 ( #2448, #5187, #1107, #159 ),
 .UNSPECIFIED., .F., .F.,
 ( 4, 4 ),
 ( 0.000000000000000000, 0.0001785106945931449606 ),
 .UNSPECIFIED. ) ;
#3326 = CARTESIAN_POINT ( 'NONE',  ( -4.345644334715964341, 4.206491266279846819, 2.429290492725333372E-15 ) ) ;
#3327 = CARTESIAN_POINT ( 'NONE',  ( -8.605271693312069203, 15.50439164978017637, 2.013201579019523013 ) ) ;
#3328 = CARTESIAN_POINT ( 'NONE',  ( -1.929556521415793702, 9.931561492945665037, 9.842397190274928320 ) ) ;
#3329 = CARTESIAN_POINT ( 'NONE',  ( 6.209455099783856902, 17.23074819760848797, 2.882670042384591902 ) ) ;
#3330 = DIRECTION ( 'NONE',  ( -0.000000000000000000, -0.4403047833087981311, -0.8978483712717822973 ) ) ;
#3331 = CARTESIAN_POINT ( 'NONE',  ( -1.700132737218453594, 6.822594721677056384, 10.80603213168710042 ) ) ;
#3332 = CARTESIAN_POINT ( 'NONE',  ( -6.504923096227417822, 17.28127445590475375, 2.706123273971715371 ) ) ;
#3333 = CARTESIAN_POINT ( 'NONE',  ( 7.171385375117158567, 7.047710953774807052, 2.422972731111211253 ) ) ;
#3334 = DIRECTION ( 'NONE',  ( 0.000000000000000000, 0.000000000000000000, -1.000000000000000000 ) ) ;
#3335 = CARTESIAN_POINT ( 'NONE',  ( 1.482424951816876613, 29.15990914159856118, 2.149397246949660722 ) ) ;
#3336 = CARTESIAN_POINT ( 'NONE',  ( -8.517295375168075111, 17.32045967585254687, 2.034111728505251904 ) ) ;
#3337 = CARTESIAN_POINT ( 'NONE',  ( 5.182498607054337292, 4.889587351387518765, 2.627507387588911225 ) ) ;
#3338 = CARTESIAN_POINT ( 'NONE',  ( -0.3175574466717996924, 13.39279153786013588, 6.000000000000000000 ) ) ;
#3339 = CARTESIAN_POINT ( 'NONE',  ( -5.389900213379318572, 4.976945341499637188, 2.355637946179171216 ) ) ;
#3340 = CARTESIAN_POINT ( 'NONE',  ( -4.550000000000001599, 13.39279153786013588, 1.750000000000001554 ) ) ;
#3341 = CARTESIAN_POINT ( 'NONE',  ( -9.184382194842127589, 12.10132870201482014, 1.804913742497633811 ) ) ;
#3342 = CARTESIAN_POINT ( 'NONE',  ( 1.951858113780362336, 17.15406298632619908, 10.00660748665523947 ) ) ;
#3343 = CARTESIAN_POINT ( 'NONE',  ( 10.72528789549387618, 11.26849513262382807, 1.250000000000013323 ) ) ;
#3344 = CARTESIAN_POINT ( 'NONE',  ( 3.564015366158304055, 8.656095667497488932, 4.153174991265575322 ) ) ;
#3345 = CARTESIAN_POINT ( 'NONE',  ( -1.478152147415975115, -1.134909989853868151, 0.000000000000000000 ) ) ;
#3346 = CARTESIAN_POINT ( 'NONE',  ( -5.410801929505667296, 4.991151028676751089, 2.358344314782984341 ) ) ;
#3347 = CARTESIAN_POINT ( 'NONE',  ( 0.000000000000000000, 15.50878895555845816, 40.00000000000000000 ) ) ;
#3348 = ORIENTED_EDGE ( 'NONE', *, *, #2725, .T. ) ;
#3349 = ORIENTED_EDGE ( 'NONE', *, *, #5682, .F. ) ;
#3350 = CARTESIAN_POINT ( 'NONE',  ( -10.28177421712766026, 2.145868347870264703, 1.249999999999999778 ) ) ;
#3351 = CARTESIAN_POINT ( 'NONE',  ( -0.3175574466717996924, 13.39279153786013588, 6.000000000000000000 ) ) ;
#3352 = CARTESIAN_POINT ( 'NONE',  ( -9.128902055869927423, 15.61900455459891290, 1.822321070001791110 ) ) ;
#3353 = CARTESIAN_POINT ( 'NONE',  ( 9.367678998613355290, 12.86748290518897875, 1.741080130283513272 ) ) ;
#3354 = CARTESIAN_POINT ( 'NONE',  ( -1.641180645172997554, 0.1972980856212106227, 0.9640839299905186177 ) ) ;
#3355 = CARTESIAN_POINT ( 'NONE',  ( 5.231435192337082540, 21.93688865302364732, 2.161197408406424270 ) ) ;
#3356 = EDGE_CURVE ( 'NONE', #396, #1467, #4025, .T. ) ;
#3357 = CARTESIAN_POINT ( 'NONE',  ( -8.750000000000000000, 13.39279153786013588, 1.750000000000001554 ) ) ;
#3358 = CARTESIAN_POINT ( 'NONE',  ( -1.192976132880115170, -0.5502981803448075970, 3.321977362147721102 ) ) ;
#3359 = CARTESIAN_POINT ( 'NONE',  ( -1.908790016584648752, 25.56099505853875442, 2.109859490550192174 ) ) ;
#3360 = CARTESIAN_POINT ( 'NONE',  ( 5.132072417169670331, 4.923387088165634751, 2.779042335566695776 ) ) ;
#3361 = CARTESIAN_POINT ( 'NONE',  ( 8.524805420006044798, 9.652454902931319580, 2.021983582303694682 ) ) ;
#3362 = CARTESIAN_POINT ( 'NONE',  ( 1.921147354523556450, 17.17831627854201315, 11.32872372695693741 ) ) ;
#3363 = CARTESIAN_POINT ( 'NONE',  ( 1.461980445685336916, -0.3939566557630244104, 1.605213880354800393 ) ) ;
#3364 = CARTESIAN_POINT ( 'NONE',  ( -5.708581045567776791, 21.60085846715221436, 2.310710198314941177 ) ) ;
#3365 = CARTESIAN_POINT ( 'NONE',  ( 6.858025142339528202, 6.628983125960017375, 2.502362492247769410 ) ) ;
#3366 = CARTESIAN_POINT ( 'NONE',  ( 1.286431288642468640E-16, 13.74470685447643525, 6.000000000000000000 ) ) ;
#3367 = CARTESIAN_POINT ( 'NONE',  ( -3.700163168599048813, 9.561778165889396774, 3.968286080512522407 ) ) ;
#3368 = CARTESIAN_POINT ( 'NONE',  ( -9.341694785201376305, 13.63717394040817332, 1.749999999999998446 ) ) ;
#3369 = CARTESIAN_POINT ( 'NONE',  ( -1.161807197652804824, -0.08702199240716122774, 4.421744775236789771 ) ) ;
#3370 = CARTESIAN_POINT ( 'NONE',  ( 1.919859129768298978, 17.37616512836160965, 11.21121166493290389 ) ) ;
#3371 = AXIS2_PLACEMENT_3D ( 'NONE', #3219, #2327, #4128 ) ;
#3372 = FACE_OUTER_BOUND ( 'NONE', #5475, .T. ) ;
#3373 = CARTESIAN_POINT ( 'NONE',  ( 2.995356775656627502, 3.298553160760408609, 2.338887544507473049 ) ) ;
#3374 = DIRECTION ( 'NONE',  ( -1.000000000000000000, 0.000000000000000000, -0.000000000000000000 ) ) ;
#3375 = CARTESIAN_POINT ( 'NONE',  ( -8.529158891495800532, 9.577807236677047698, 2.019599668840158291 ) ) ;
#3376 = CARTESIAN_POINT ( 'NONE',  ( 0.9567904013017476395, 36.62521436324987434, 0.000000000000000000 ) ) ;
#3377 = ORIENTED_EDGE ( 'NONE', *, *, #2837, .F. ) ;
#3378 = ORIENTED_EDGE ( 'NONE', *, *, #5386, .F. ) ;
#3379 = CARTESIAN_POINT ( 'NONE',  ( 1.607238411149961133, -0.4901340308100576859, 1.102836897325096478E-15 ) ) ;
#3380 = CARTESIAN_POINT ( 'NONE',  ( -0.6200382235541981313, 13.39279153786013765, 5.957250786414758359 ) ) ;
#3381 = CARTESIAN_POINT ( 'NONE',  ( 1.196419948492087881, 13.39279153786013943, 5.276222157658236434 ) ) ;
#3382 = CARTESIAN_POINT ( 'NONE',  ( -8.550067731217177780, 8.149404246974921051, 1.238919901506669197 ) ) ;
#3383 = CARTESIAN_POINT ( 'NONE',  ( 6.667584276600577731, 19.83575164726528683, 2.691393240734904158 ) ) ;
#3384 = CARTESIAN_POINT ( 'NONE',  ( -1.458201766190563964, 0.6184416337783243955, 3.575364706117173164 ) ) ;
#3385 = CARTESIAN_POINT ( 'NONE',  ( 6.620603721341327130, 17.32453237638741328, 2.648506097072057752 ) ) ;
#3386 = CARTESIAN_POINT ( 'NONE',  ( -1.137506823904659292, 34.24458201925190792, 0.000000000000000000 ) ) ;
#3387 = CARTESIAN_POINT ( 'NONE',  ( -1.243223417490565641, -0.7961162634820734274, 2.502372870009114791 ) ) ;
#3388 = CARTESIAN_POINT ( 'NONE',  ( -2.701985964298138754, 23.80605696815144867, 3.314604354649545392 ) ) ;
#3389 = CARTESIAN_POINT ( 'NONE',  ( -0.6520086194914630484, -3.571163207084257163, 0.000000000000000000 ) ) ;
#3390 = CARTESIAN_POINT ( 'NONE',  ( -5.352510954154653611, 4.914838657157672763, 2.137673002614133733 ) ) ;
#3391 = ADVANCED_FACE ( 'NONE', ( #1086 ), #783, .T. ) ;
#3392 = DIRECTION ( 'NONE',  ( 0.000000000000000000, 0.000000000000000000, 1.000000000000000000 ) ) ;
#3393 = CARTESIAN_POINT ( 'NONE',  ( -1.929557619670862145, 9.931582218803622908, 9.842390622011034651 ) ) ;
#3394 = CARTESIAN_POINT ( 'NONE',  ( 1.880797716544170273, 18.88294456663454923, 11.29117877788980095 ) ) ;
#3395 = CARTESIAN_POINT ( 'NONE',  ( 1.977332578809909869, 9.929730854709021060, 8.652193892851359536 ) ) ;
#3396 = CARTESIAN_POINT ( 'NONE',  ( -7.877424968646254300, 18.70129017336467925, 2.250379001098551157 ) ) ;
#3397 = CARTESIAN_POINT ( 'NONE',  ( 5.553833722193938449, 5.076273078150805418, 2.098849262018736450 ) ) ;
#3398 = B_SPLINE_CURVE_WITH_KNOTS ( 'NONE', 3,
 ( #377, #4383, #3886, #5198, #3970, #818, #4408, #731, #1740, #2119, #762, #2522, #1654, #2582, #4327, #349, #3450, #3478, #5233, #3003 ),
 .UNSPECIFIED., .F., .F.,
 ( 4, 2, 2, 2, 2, 2, 2, 2, 2, 4 ),
 ( 0.006282753897681154533, 0.007059848155824209950, 0.007448395284895737226, 0.007836942413967264501, 0.008614036672110319051, 0.009391130930253371867, 0.01016822518839642642, 0.01094531944653948097, 0.01172241370468253378, 0.01249950796282558486 ),
 .UNSPECIFIED. ) ;
#3399 = CARTESIAN_POINT ( 'NONE',  ( 0.9662869400447059443, 30.14484053454940948, 40.00000000000000000 ) ) ;
#3400 = CARTESIAN_POINT ( 'NONE',  ( -6.485869030077417996, 9.707751942645231225, 2.680629090846095242 ) ) ;
#3401 = CARTESIAN_POINT ( 'NONE',  ( 5.101794551138789657, 4.776225156755258716, 2.004273948047065268 ) ) ;
#3402 = CARTESIAN_POINT ( 'NONE',  ( -5.678747663023075098, 5.161641862407135406, -0.1050790654381218298 ) ) ;
#3403 = CARTESIAN_POINT ( 'NONE',  ( 1.592938143160454567, 27.35436591867098244, 3.029335347074225027 ) ) ;
#3404 = CARTESIAN_POINT ( 'NONE',  ( 10.41798889307600362, 3.581064261151591932, 1.250000000000002665 ) ) ;
#3405 = CARTESIAN_POINT ( 'NONE',  ( 2.942726621945991106, 4.238861527580743527, 4.232784971578604782 ) ) ;
#3406 = CARTESIAN_POINT ( 'NONE',  ( -0.5258798039714013273, -3.793812304961061699, 0.000000000000000000 ) ) ;
#3407 = CARTESIAN_POINT ( 'NONE',  ( -8.542329947524889278, 9.622864211415096847, 2.015499655855957695 ) ) ;
#3408 = CARTESIAN_POINT ( 'NONE',  ( 1.996676699319752002, 2.689786928241025610, 0.000000000000000000 ) ) ;
#3409 = ORIENTED_EDGE ( 'NONE', *, *, #761, .F. ) ;
#3410 = ORIENTED_EDGE ( 'NONE', *, *, #2373, .F. ) ;
#3411 = CARTESIAN_POINT ( 'NONE',  ( 2.175790341889745516, 1.381515381814306886, 5.300732183917412311E-15 ) ) ;
#3412 = CARTESIAN_POINT ( 'NONE',  ( -7.623296525288703052E-17, 14.07991429326444610, 5.957250786414760135 ) ) ;
#3413 = CARTESIAN_POINT ( 'NONE',  ( -9.411523049642164906, 13.41844746971670332, 1.726642678095357875 ) ) ;
#3414 = DIRECTION ( 'NONE',  ( -0.000000000000000000, -0.000000000000000000, -1.000000000000000000 ) ) ;
#3415 = CARTESIAN_POINT ( 'NONE',  ( 9.135611347984658792, 11.26953631986872040, 1.820104209787491101 ) ) ;
#3416 = CARTESIAN_POINT ( 'NONE',  ( -1.877352388321606114, 9.867624002855640342, 11.02648267518652148 ) ) ;
#3417 = CARTESIAN_POINT ( 'NONE',  ( 3.289264901682159348, 19.42636072376244982, 4.585890456584474251 ) ) ;
#3418 = CARTESIAN_POINT ( 'NONE',  ( -1.399707676244000387, 30.77139788380488739, 0.000000000000000000 ) ) ;
#3419 = LINE ( 'NONE', #4237, #1570 ) ;
#3420 = CARTESIAN_POINT ( 'NONE',  ( -2.304674795369307638, 17.98002036042421636, 6.535839048397316553 ) ) ;
#3421 = CARTESIAN_POINT ( 'NONE',  ( 5.385006347496725354, 4.974138147614472594, 2.364211903914625434 ) ) ;
#3422 = CARTESIAN_POINT ( 'NONE',  ( -5.344422587339111352, 20.89604009025957865, 3.169466955875155811 ) ) ;
#3423 = CARTESIAN_POINT ( 'NONE',  ( -8.646216529180168919, 13.45093367053386046, 2.008005919419545204 ) ) ;
#3424 = CARTESIAN_POINT ( 'NONE',  ( 1.471686251218292441, 28.77708773465392866, 4.839569914318265553 ) ) ;
#3425 = B_SPLINE_CURVE_WITH_KNOTS ( 'NONE', 5,
 ( #5031, #912, #2348, #4558, #116, #3657, #526, #5439 ),
 .UNSPECIFIED., .F., .F.,
 ( 6, 2, 6 ),
 ( 0.000000000000000000, 0.5000000000000000000, 1.000000000000000000 ),
 .UNSPECIFIED. ) ;
#3426 = CARTESIAN_POINT ( 'NONE',  ( 1.365747141706096235, -0.1741273293758732188, 2.827484804032764920 ) ) ;
#3427 = CARTESIAN_POINT ( 'NONE',  ( -8.202357718356349636, 18.04791099997461501, 2.142007810566842529 ) ) ;
#3428 = CARTESIAN_POINT ( 'NONE',  ( 5.500409154636382247, 5.263809473609810219, 2.794268631088482557 ) ) ;
#3429 = CARTESIAN_POINT ( 'NONE',  ( -0.9867170708149409775, 13.13505721547040395, 5.531449386909396360 ) ) ;
#3430 = CARTESIAN_POINT ( 'NONE',  ( -3.840017658724603322, 9.817914757515207924, 4.016677376974037372 ) ) ;
#3431 = CARTESIAN_POINT ( 'NONE',  ( -1.971730154023885850, 5.547582381929942130, 4.150930245794807405 ) ) ;
#3432 = CARTESIAN_POINT ( 'NONE',  ( -1.816606362212061843, 8.556231871025818947, 10.94804422130372679 ) ) ;
#3433 = CARTESIAN_POINT ( 'NONE',  ( 1.706675726912884272, 23.91929257236884254, 9.184767779507769347 ) ) ;
#3434 = EDGE_CURVE ( 'NONE', #1616, #2189, #2749, .T. ) ;
#3435 = CARTESIAN_POINT ( 'NONE',  ( 1.883813697104401497, 4.299484769506715764, 4.078436614061901722 ) ) ;
#3436 = CARTESIAN_POINT ( 'NONE',  ( 3.598798981743224878, 8.883072907306697630, 4.100629122519198866 ) ) ;
#3437 = CARTESIAN_POINT ( 'NONE',  ( 0.03112798277922451326, 13.34733568335244236, 6.000000000000000888 ) ) ;
#3438 = CARTESIAN_POINT ( 'NONE',  ( -5.530429981897575509, 5.062123710770330298, 2.164194216719092179 ) ) ;
#3439 = CARTESIAN_POINT ( 'NONE',  ( 8.777564107006721628, 15.35818357139478962, 1.950000000007609202 ) ) ;
#3440 = CARTESIAN_POINT ( 'NONE',  ( -9.098893392158627691, 9.622246826239374329, 1.776190246856197419 ) ) ;
#3441 = EDGE_LOOP ( 'NONE', ( #2111, #1344, #989, #752 ) ) ;
#3442 = ORIENTED_EDGE ( 'NONE', *, *, #862, .T. ) ;
#3443 = CARTESIAN_POINT ( 'NONE',  ( -10.62428768412917712, 6.929571369117867086, 1.249999999999999556 ) ) ;
#3444 = CARTESIAN_POINT ( 'NONE',  ( 0.2014185873107147140, 13.39279153786013765, 6.000000000000000000 ) ) ;
#3445 = CARTESIAN_POINT ( 'NONE',  ( -5.337686054841774386, 20.88452387947796041, 3.172116958170859480 ) ) ;
#3446 = CARTESIAN_POINT ( 'NONE',  ( 9.245249615994675096, 14.72072755381458364, 1.781782809700489745 ) ) ;
#3447 = CARTESIAN_POINT ( 'NONE',  ( 6.672736253871651257, 19.84170620597942047, 2.689417611682428433 ) ) ;
#3448 = CARTESIAN_POINT ( 'NONE',  ( -1.863008849319021554, 9.518429935259868913, 11.01068112327428850 ) ) ;
#3449 = CARTESIAN_POINT ( 'NONE',  ( 3.433234113758929951, 18.62242265023523302, 4.364308108086204285 ) ) ;
#3450 = CARTESIAN_POINT ( 'NONE',  ( 7.654712970826587970, 10.81327967997469663, 2.350513725449149494 ) ) ;
#3451 = B_SPLINE_CURVE_WITH_KNOTS ( 'NONE', 3,
 ( #3223, #1012, #4954, #4571 ),
 .UNSPECIFIED., .F., .F.,
 ( 4, 4 ),
 ( 0.000000000000000000, 1.000000000000000000 ),
 .UNSPECIFIED. ) ;
#3452 = CARTESIAN_POINT ( 'NONE',  ( -1.338143229857556182, -1.032778945127476034, 1.350054038505379639 ) ) ;
#3453 = CARTESIAN_POINT ( 'NONE',  ( -2.701163101177277870, 23.65769801718670706, 3.797932869360503894 ) ) ;
#3454 = CARTESIAN_POINT ( 'NONE',  ( 5.379624736436090515, 4.971217832066757936, 2.370812588310422964 ) ) ;
#3455 = CARTESIAN_POINT ( 'NONE',  ( -7.462141736571430428, 18.96244549331919771, 2.407986257403432973 ) ) ;
#3456 = CARTESIAN_POINT ( 'NONE',  ( -8.637636691355680796, 10.90479727113261355, 1.996816314716838736 ) ) ;
#3457 = CARTESIAN_POINT ( 'NONE',  ( 1.915167149240241118, 17.47156823828293071, 11.33158507151749639 ) ) ;
#3458 = CARTESIAN_POINT ( 'NONE',  ( 1.282297625258601803, 0.9876382274722922405, 5.675630386616326462 ) ) ;
#3459 = CARTESIAN_POINT ( 'NONE',  ( -8.213376007810261115, 18.04810466454312845, 2.137599555276006313 ) ) ;
#3460 = CARTESIAN_POINT ( 'NONE',  ( 0.6606562466494478869, 12.73213529121069776, 5.801067248717891367 ) ) ;
#3461 = CARTESIAN_POINT ( 'NONE',  ( -3.888261108266301669, 9.839558322784522915, 4.052574122532669243 ) ) ;
#3462 = FACE_OUTER_BOUND ( 'NONE', #1586, .T. ) ;
#3463 = CARTESIAN_POINT ( 'NONE',  ( -3.135561253043341878, 3.305294016700944137, -0.5578548589335527996 ) ) ;
#3464 = CARTESIAN_POINT ( 'NONE',  ( 1.487177473723206633, 29.09123083538050736, 2.149630125812947767 ) ) ;
#3465 = CARTESIAN_POINT ( 'NONE',  ( 2.040064979690139335, 13.48476491439340741, 8.749683893346778873 ) ) ;
#3466 = CARTESIAN_POINT ( 'NONE',  ( 3.718703836069214397, 9.646495698388946494, 3.959849632194518687 ) ) ;
#3467 = EDGE_CURVE ( 'NONE', #3776, #1616, #4013, .T. ) ;
#3468 = CARTESIAN_POINT ( 'NONE',  ( -5.122465468029540503, 4.893358323124163967, 2.743822703095869286 ) ) ;
#3469 = CARTESIAN_POINT ( 'NONE',  ( 7.135133587180338743, 19.79561301487298408, 2.494058861498658519 ) ) ;
#3470 = CARTESIAN_POINT ( 'NONE',  ( -7.861022501740557722, 19.32833101942945575, 2.209791460831717735 ) ) ;
#3471 = ORIENTED_EDGE ( 'NONE', *, *, #934, .T. ) ;
#3472 = CARTESIAN_POINT ( 'NONE',  ( 9.011888404784755835, 15.03266628966320972, 1.865757505221403267 ) ) ;
#3473 = CARTESIAN_POINT ( 'NONE',  ( -6.116012635688939270, 6.429644561305539519, 2.792889074953529782 ) ) ;
#3474 = FACE_OUTER_BOUND ( 'NONE', #1318, .T. ) ;
#3475 = CARTESIAN_POINT ( 'NONE',  ( 8.672104498593263600, 16.87278782191307513, 1.980130516052859724 ) ) ;
#3476 = CARTESIAN_POINT ( 'NONE',  ( -1.396754509858040283, 3.553052392710066787, 9.336583392441248463 ) ) ;
#3477 = CARTESIAN_POINT ( 'NONE',  ( 2.768952525551728883, 23.80692202736605623, 2.106914565358037006 ) ) ;
#3478 = CARTESIAN_POINT ( 'NONE',  ( 8.116559775740229910, 10.97704635958923625, 2.180964232372338163 ) ) ;
#3479 = CARTESIAN_POINT ( 'NONE',  ( 8.550000000000000711, 13.39279153786013588, 1.550000000000002709 ) ) ;
#3480 = CARTESIAN_POINT ( 'NONE',  ( -1.907023022882926133, 25.56753614573415589, 2.163109755991812211 ) ) ;
#3481 = CARTESIAN_POINT ( 'NONE',  ( -0.1864507037601141615, 38.99206485732602090, 39.99999999999988631 ) ) ;
#3482 = CARTESIAN_POINT ( 'NONE',  ( -8.569963180641728684, 10.90663074643877550, 2.021033579985296758 ) ) ;
#3483 = CARTESIAN_POINT ( 'NONE',  ( 1.709562775810764323, 23.46773184461277140, 10.48566632164204648 ) ) ;
#3484 = CARTESIAN_POINT ( 'NONE',  ( 1.614050563462734678, 0.2169395029760176619, 1.300585126154294224 ) ) ;
#3485 = CARTESIAN_POINT ( 'NONE',  ( -5.668280570397199014, 21.62471140344725384, 2.397844067791986777 ) ) ;
#3486 = CARTESIAN_POINT ( 'NONE',  ( 1.616912870039670658, 27.36186978943158010, 1.294390062516335593 ) ) ;
#3487 = CARTESIAN_POINT ( 'NONE',  ( -1.033164628025770693, 13.39279153786013765, 5.403835772283816397 ) ) ;
#3488 = CARTESIAN_POINT ( 'NONE',  ( -6.691255882376114350, 9.654316492210449852, 2.589645096558673476 ) ) ;
#3489 = CARTESIAN_POINT ( 'NONE',  ( -10.33207392018961812, 2.621544821283074089, 1.250000000000003331 ) ) ;
#3490 = CARTESIAN_POINT ( 'NONE',  ( -1.867817973527110764, 9.631989999668411073, 11.01613464807014608 ) ) ;
#3491 = CARTESIAN_POINT ( 'NONE',  ( 1.672300416176061955, 24.31790565627751022, 10.01189650713830837 ) ) ;
#3492 = CARTESIAN_POINT ( 'NONE',  ( 8.616337726850183287, 10.91214104355080750, 2.004383555655390836 ) ) ;
#3493 = CARTESIAN_POINT ( 'NONE',  ( 8.637621571553397715, 9.647660805855151622, 1.981952730751630254 ) ) ;
#3494 = CARTESIAN_POINT ( 'NONE',  ( 2.089412069847500941, 1.864383370992033662, 1.607907769636421680 ) ) ;
#3495 = CARTESIAN_POINT ( 'NONE',  ( -4.941278533986935173, 22.08668401761626754, 2.431587391439328005 ) ) ;
#3496 = CARTESIAN_POINT ( 'NONE',  ( -5.952167360662175000, 5.672916714748914124, 2.718180309636314629 ) ) ;
#3497 = CARTESIAN_POINT ( 'NONE',  ( 1.488810587569526556, 29.09012738320057778, 2.036315976116255033 ) ) ;
#3498 = CARTESIAN_POINT ( 'NONE',  ( -7.716824714248143202, 6.969383510325839026, 1.752895426782162369 ) ) ;
#3499 = ORIENTED_EDGE ( 'NONE', *, *, #4681, .T. ) ;
#3500 = ORIENTED_EDGE ( 'NONE', *, *, #4036, .F. ) ;
#3501 = CARTESIAN_POINT ( 'NONE',  ( 9.297916086139704106, 14.28182611266260338, 1.763899525653125133 ) ) ;
#3502 = CARTESIAN_POINT ( 'NONE',  ( 7.544247454226119309, 7.564483827228376533, 2.316416021452466278 ) ) ;
#3503 = CARTESIAN_POINT ( 'NONE',  ( 8.272131891917249291, 7.737719412721679291, 1.873217231651794989 ) ) ;
#3504 = CARTESIAN_POINT ( 'NONE',  ( -1.741319605333595311, 7.310914974790169829, 10.79628244822169414 ) ) ;
#3505 = CARTESIAN_POINT ( 'NONE',  ( 3.576820186204312524, 17.74610217283897740, 4.136439607666247298 ) ) ;
#3506 = CARTESIAN_POINT ( 'NONE',  ( 9.340186741829153760, 13.32991784733792429, 1.750000000000000000 ) ) ;
#3507 = CARTESIAN_POINT ( 'NONE',  ( -5.531985448010596329, 5.063023888707395948, 2.097477153647676396 ) ) ;
#3508 = CARTESIAN_POINT ( 'NONE',  ( -1.555109126235553640, 28.22988789390466380, 2.076689891338731719 ) ) ;
#3509 = CARTESIAN_POINT ( 'NONE',  ( 1.148853791061216434, 0.6453195844572542361, 5.916110571420841069 ) ) ;
#3510 = CARTESIAN_POINT ( 'NONE',  ( -8.020607511861324923, 8.662204706901070139, 2.187041029068122810 ) ) ;
#3511 = CARTESIAN_POINT ( 'NONE',  ( 1.519046317257678247, -1.180752698873121620, -0.4334835182102512174 ) ) ;
#3512 = CARTESIAN_POINT ( 'NONE',  ( -5.327732146970079796, 4.944250298297207635, 2.430646028741426434 ) ) ;
#3513 = CARTESIAN_POINT ( 'NONE',  ( 1.817957439273064413, 8.566803374509531110, 10.94510351390970548 ) ) ;
#3514 = CARTESIAN_POINT ( 'NONE',  ( -1.300262844230447357, -0.9263761913876561449, 1.838654204762053102 ) ) ;
#3515 = CARTESIAN_POINT ( 'NONE',  ( -5.239232900926635850, 21.93230783890164304, 2.313330654885542792 ) ) ;
#3516 = CARTESIAN_POINT ( 'NONE',  ( 1.196419948492087881, 13.39279153786013943, 5.276222157658236434 ) ) ;
#3517 = CARTESIAN_POINT ( 'NONE',  ( -2.407955898156115104, 9.771567767801686344, 6.196437465737113293 ) ) ;
#3518 = CARTESIAN_POINT ( 'NONE',  ( -10.00000000000000355, 13.39279153786013588, 0.000000000000000000 ) ) ;
#3519 = CARTESIAN_POINT ( 'NONE',  ( 2.739251946658669112, 24.37993651228726577, 2.771647726961535772E-15 ) ) ;
#3520 = CARTESIAN_POINT ( 'NONE',  ( 1.791318434269332238, 21.56844753187447594, 10.92175508238526227 ) ) ;
#3521 = B_SPLINE_CURVE_WITH_KNOTS ( 'NONE', 3,
 ( #378, #3586, #1351, #3141 ),
 .UNSPECIFIED., .F., .F.,
 ( 4, 4 ),
 ( 0.3058245731853534988, 0.3757866613248668775 ),
 .UNSPECIFIED. ) ;
#3522 = CARTESIAN_POINT ( 'NONE',  ( 5.240350946394071840, 4.912486440773379037, 2.569724686635308952 ) ) ;
#3523 = CARTESIAN_POINT ( 'NONE',  ( 2.009300870852815724, 2.713854560025921625, 4.454943122087047236 ) ) ;
#3524 = CARTESIAN_POINT ( 'NONE',  ( 5.626928205096143110, 21.64868578372777463, 2.459348633081690494 ) ) ;
#3525 = ORIENTED_EDGE ( 'NONE', *, *, #2406, .T. ) ;
#3526 = CARTESIAN_POINT ( 'NONE',  ( 10.43016666960576266, 22.81148562131251012, 1.250000000000000444 ) ) ;
#3527 = CARTESIAN_POINT ( 'NONE',  ( 8.530466688892767380, 9.580984876186823485, 2.019102651444228957 ) ) ;
#3528 = CARTESIAN_POINT ( 'NONE',  ( -8.303805677435532218, 8.855453002260274431, 2.086151484531670430 ) ) ;
#3529 = CARTESIAN_POINT ( 'NONE',  ( 8.347386548792128380, 18.08546199657675047, 2.089343064400897454 ) ) ;
#3530 = CARTESIAN_POINT ( 'NONE',  ( -1.643291736600052566, 5.216374051276652324, 9.295577288921002435 ) ) ;
#3531 = CARTESIAN_POINT ( 'NONE',  ( -5.626684265675502949, 5.125777638584592566, 0.6992982350011367476 ) ) ;
#3532 = CARTESIAN_POINT ( 'NONE',  ( -1.517983797947315194, -0.4553418200771419122, 0.9798419381317038379 ) ) ;
#3533 = CARTESIAN_POINT ( 'NONE',  ( -1.603772685282277122, 26.75405264918660109, 5.349892321407170748 ) ) ;
#3534 = CARTESIAN_POINT ( 'NONE',  ( 1.162149332220713926, -0.08510415560664937040, 4.420115825665232201 ) ) ;
#3535 = ADVANCED_FACE ( 'NONE', ( #1554 ), #1311, .T. ) ;
#3536 = CARTESIAN_POINT ( 'NONE',  ( -6.315014394082859361, 20.21000865337033048, 2.818224872274963211 ) ) ;
#3537 = CARTESIAN_POINT ( 'NONE',  ( -8.581341622593292584, 17.27740288818008452, 2.010917857997755132 ) ) ;
#3538 = B_SPLINE_CURVE_WITH_KNOTS ( 'NONE', 3,
 ( #4507, #4094, #4534, #3659 ),
 .UNSPECIFIED., .F., .F.,
 ( 4, 4 ),
 ( 0.000000000000000000, 0.001209516258651359118 ),
 .UNSPECIFIED. ) ;
#3539 = CARTESIAN_POINT ( 'NONE',  ( 1.629371121160341218, 25.19346208890450711, 9.623479212354741463 ) ) ;
#3540 = CARTESIAN_POINT ( 'NONE',  ( 1.772624875247218679, 7.792276204502009307, 10.86304771769745514 ) ) ;
#3541 = CARTESIAN_POINT ( 'NONE',  ( -1.198304591163545707, -0.5327805858575124232, 3.318886492644978592 ) ) ;
#3542 = CARTESIAN_POINT ( 'NONE',  ( -5.206840023581655430, 21.95297326955440909, 2.417645472912191451 ) ) ;
#3543 = CIRCLE ( 'NONE', #2975, 1.550000000000000266 ) ;
#3544 = CARTESIAN_POINT ( 'NONE',  ( -8.510640123897982079, 15.57005277037373503, 2.047526992485882769 ) ) ;
#3545 = CARTESIAN_POINT ( 'NONE',  ( 0.2710866517387882091, -4.045796266856880763, 0.000000000000000000 ) ) ;
#3546 = CARTESIAN_POINT ( 'NONE',  ( 2.954168116170314384, 24.06973855991630629, -2.726599057211591608E-15 ) ) ;
#3547 = CARTESIAN_POINT ( 'NONE',  ( 1.917313793307975800, 17.47115408472322073, 11.23611578027588820 ) ) ;
#3548 = CARTESIAN_POINT ( 'NONE',  ( 6.883229828039485021, 6.628935292348320907, 2.488601424050958411 ) ) ;
#3549 = CARTESIAN_POINT ( 'NONE',  ( 2.258761835568856569, 8.007836287243936368, 6.534729623697558942 ) ) ;
#3550 = CARTESIAN_POINT ( 'NONE',  ( -6.478108044957089362, 5.690521283005856468, 1.974736103043862379 ) ) ;
#3551 = CARTESIAN_POINT ( 'NONE',  ( 5.995528853916066048, 21.10083886863065672, 2.813200475590349914 ) ) ;
#3552 = ORIENTED_EDGE ( 'NONE', *, *, #970, .F. ) ;
#3553 = CARTESIAN_POINT ( 'NONE',  ( -7.000000000000000000, 13.39279153786013588, 1.750000000000000000 ) ) ;
#3554 = CARTESIAN_POINT ( 'NONE',  ( 8.412844338147159817, 9.256208521078351126, 2.056258209613112342 ) ) ;
#3555 = CARTESIAN_POINT ( 'NONE',  ( -5.417769168214450204, 4.995886257735788760, 2.359246437650922346 ) ) ;
#3556 = CARTESIAN_POINT ( 'NONE',  ( 4.676682551938871946, 5.151256906131153279, 3.217336333928170422 ) ) ;
#3557 = CARTESIAN_POINT ( 'NONE',  ( -1.856359552374969191, 9.390044072804609954, 11.02741152788799894 ) ) ;
#3558 = CARTESIAN_POINT ( 'NONE',  ( -4.592662986370214639, 22.33040840896528678, 0.6271464397001522695 ) ) ;
#3559 = CARTESIAN_POINT ( 'NONE',  ( -1.609091918321672532, 27.37396435307070774, 2.269020299047969313 ) ) ;
#3560 = CARTESIAN_POINT ( 'NONE',  ( 1.666087319840140024, 6.318576462720293385, 10.58637082279151365 ) ) ;
#3561 = CARTESIAN_POINT ( 'NONE',  ( 0.1817538745219505203, 13.39279153786013765, 6.000000000000000000 ) ) ;
#3562 = AXIS2_PLACEMENT_3D ( 'NONE', #1600, #3334, #1034 ) ;
#3563 = CARTESIAN_POINT ( 'NONE',  ( 4.546286162638739192, 4.447918946528822914, 1.892616984943839231 ) ) ;
#3564 = CARTESIAN_POINT ( 'NONE',  ( -7.000000000000000000, 13.39279153786013588, 1.750000000000000000 ) ) ;
#3565 = CARTESIAN_POINT ( 'NONE',  ( 1.351277186955889720, -0.9754393968594596842, 1.353614872505830125 ) ) ;
#3566 = CARTESIAN_POINT ( 'NONE',  ( -8.466651601419481921, 17.29917785031404165, 2.052945033484232074 ) ) ;
#3567 = EDGE_CURVE ( 'NONE', #1111, #4724, #3322, .T. ) ;
#3568 = CARTESIAN_POINT ( 'NONE',  ( 1.937061456689052719, 25.53856355948168044, -0.2037357407541792731 ) ) ;
#3569 = CARTESIAN_POINT ( 'NONE',  ( 4.779875436516926257, 21.22192256569965707, 3.374238861327196748 ) ) ;
#3570 = CARTESIAN_POINT ( 'NONE',  ( -10.47487120162009688, 4.291984957148880397, 1.249999999999993339 ) ) ;
#3571 = CARTESIAN_POINT ( 'NONE',  ( -3.085404806783400122, 3.317808976269534860, 0.8646616606789377935 ) ) ;
#3572 = CARTESIAN_POINT ( 'NONE',  ( 1.472002268907056655, 28.87510339445351448, 4.332114664499438383 ) ) ;
#3573 = CARTESIAN_POINT ( 'NONE',  ( -7.281921451486823571, 19.65262524288096202, 2.441208278558705036 ) ) ;
#3574 = CARTESIAN_POINT ( 'NONE',  ( 5.286137426057594624, 4.930675307618347603, 2.515208390587182041 ) ) ;
#3575 = CARTESIAN_POINT ( 'NONE',  ( -6.538472731136682370, 6.280320432727795499, 2.589171028854380108 ) ) ;
#3576 = CARTESIAN_POINT ( 'NONE',  ( 5.722788841898998058, 21.59349331264039407, 2.240813334576142513 ) ) ;
#3577 = ORIENTED_EDGE ( 'NONE', *, *, #3100, .F. ) ;
#3578 = CARTESIAN_POINT ( 'NONE',  ( -5.560651782478762684, 21.73479858861231051, 2.222943855706192462 ) ) ;
#3579 = ORIENTED_EDGE ( 'NONE', *, *, #934, .F. ) ;
#3580 = CARTESIAN_POINT ( 'NONE',  ( 10.47453031008495827, 4.299372846732136821, 1.250000000000005773 ) ) ;
#3581 = CARTESIAN_POINT ( 'NONE',  ( 7.745977543572581503, 7.882555359061779399, 2.257889881504499208 ) ) ;
#3582 = CARTESIAN_POINT ( 'NONE',  ( -8.552579098175032257, 9.509973772621709287, 2.010303615757953022 ) ) ;
#3583 = CARTESIAN_POINT ( 'NONE',  ( 6.083816804133964418, 21.08880818653787870, 2.839630778631748509 ) ) ;
#3584 = CARTESIAN_POINT ( 'NONE',  ( -1.256603675668545916, -0.7471171797864473163, 2.499559719795049872 ) ) ;
#3585 = ORIENTED_EDGE ( 'NONE', *, *, #428, .F. ) ;
#3586 = CARTESIAN_POINT ( 'NONE',  ( 9.254232830746186522, 12.13272531421371703, 1.779488352439418719 ) ) ;
#3587 = CARTESIAN_POINT ( 'NONE',  ( -1.542513361565436503, 28.19951397642272539, 3.116313774240823342 ) ) ;
#3588 = B_SPLINE_CURVE_WITH_KNOTS ( 'NONE', 3,
 ( #429, #791, #2220, #4052 ),
 .UNSPECIFIED., .F., .F.,
 ( 4, 4 ),
 ( 0.0009380492916068152364, 0.001237809871392066665 ),
 .UNSPECIFIED. ) ;
#3589 = CARTESIAN_POINT ( 'NONE',  ( 1.308550570690435677, -0.8925806284232461474, 1.838109922987809730 ) ) ;
#3590 = CARTESIAN_POINT ( 'NONE',  ( -0.1450355394180662116, 39.81610875852441467, 40.00000000000000000 ) ) ;
#3591 = CARTESIAN_POINT ( 'NONE',  ( -5.423768028239305927, 21.03168239916678672, 3.138254221338155681 ) ) ;
#3592 = CARTESIAN_POINT ( 'NONE',  ( 5.610555346332477100, 21.49212577400030000, 2.862317548638880993 ) ) ;
#3593 = CARTESIAN_POINT ( 'NONE',  ( -7.557851511559359636, 7.602417461686545863, 2.313825141649844319 ) ) ;
#3594 = CARTESIAN_POINT ( 'NONE',  ( 1.868961192123099524, 9.635396133159996879, 11.01557046617642577 ) ) ;
#3595 = CARTESIAN_POINT ( 'NONE',  ( -1.395324056771754861, -1.081138384096272276, 0.8056553087947680991 ) ) ;
#3596 = CARTESIAN_POINT ( 'NONE',  ( -5.013096101203249333, 22.02140856518444778, 2.843707389782359041 ) ) ;
#3597 = CARTESIAN_POINT ( 'NONE',  ( 2.486833954077995568, 13.47891255492868545, 6.079450407517818178 ) ) ;
#3598 = CARTESIAN_POINT ( 'NONE',  ( -4.693458646985315674, 14.70302638038788245, 3.965668010994408910 ) ) ;
#3599 = CARTESIAN_POINT ( 'NONE',  ( 5.251240984659277800, 5.792961464198846500, 3.058491777581853643 ) ) ;
#3600 = DIRECTION ( 'NONE',  ( 1.000000000000000000, 0.000000000000000000, 0.000000000000000000 ) ) ;
#3601 = EDGE_CURVE ( 'NONE', #3702, #1111, #2703, .T. ) ;
#3602 = CARTESIAN_POINT ( 'NONE',  ( 5.436390586911443279, 21.78931883837803696, -4.051782103190950405E-15 ) ) ;
#3603 = CARTESIAN_POINT ( 'NONE',  ( 1.881290229121046931, 18.88196000910918571, 11.26846932422819947 ) ) ;
#3604 = CARTESIAN_POINT ( 'NONE',  ( 7.944856452461686480, 8.188736008405802735, 2.196406723626753710 ) ) ;
#3605 = CARTESIAN_POINT ( 'NONE',  ( -8.522816187354923301, 9.623671365652365139, 2.022422925928381687 ) ) ;
#3606 = CARTESIAN_POINT ( 'NONE',  ( -1.480572468393041241, 28.94356830930828650, 3.902740902395890998 ) ) ;
#3607 = ORIENTED_EDGE ( 'NONE', *, *, #428, .T. ) ;
#3608 = CARTESIAN_POINT ( 'NONE',  ( 4.580374410568811783, 22.33549344541404125, 2.374908955543621580 ) ) ;
#3609 = B_SPLINE_CURVE_WITH_KNOTS ( 'NONE', 5,
 ( #4736, #5583, #3303, #2494, #3361, #3745, #5644, #4300, #4269, #3832, #2066, #1125, #4214 ),
 .UNSPECIFIED., .F., .F.,
 ( 6, 5, 2, 6 ),
 ( 0.000000000000000000, 2.465736047122444837E-05, 0.5000123286803616063, 0.9999973197262753688 ),
 .UNSPECIFIED. ) ;
#3610 = CARTESIAN_POINT ( 'NONE',  ( 4.533465354468119379, 14.39372194949916839, 4.094856859212195666 ) ) ;
#3611 = CARTESIAN_POINT ( 'NONE',  ( 6.241102089507219119, 5.957573588518078722, 2.655996869878598954 ) ) ;
#3612 = CARTESIAN_POINT ( 'NONE',  ( -4.714769945973216636, 4.574007800547515323, 2.320548698012558919 ) ) ;
#3613 = CARTESIAN_POINT ( 'NONE',  ( -8.496709261684729952, 9.354589232223721851, 2.027710536072058645 ) ) ;
#3614 = CARTESIAN_POINT ( 'NONE',  ( 5.257654138910073272, 21.28850433460976888, 3.196001989789291287 ) ) ;
#3615 = CARTESIAN_POINT ( 'NONE',  ( -1.815481516274590978, 8.555657967380644990, 10.97054181447358978 ) ) ;
#3616 = CARTESIAN_POINT ( 'NONE',  ( -1.518825373342686857, 29.07031639236128129, 0.5137578578825818809 ) ) ;
#3617 = CARTESIAN_POINT ( 'NONE',  ( -1.597273259653231081, 27.32957458094596248, 3.293655925548036656 ) ) ;
#3618 = CARTESIAN_POINT ( 'NONE',  ( -5.450000000000000178, 13.39279153786013588, 40.09866853283232757 ) ) ;
#3619 = CARTESIAN_POINT ( 'NONE',  ( 0.8430914316019122445, 13.39279153786013765, 5.801067248717891367 ) ) ;
#3620 = CARTESIAN_POINT ( 'NONE',  ( -2.283774769052615117, 8.355303235796769812, 6.487306567160442405 ) ) ;
#3621 = CARTESIAN_POINT ( 'NONE',  ( -8.427891930000530607, 17.49840268457271009, 2.065957012302838347 ) ) ;
#3622 = CARTESIAN_POINT ( 'NONE',  ( 7.448555292402612160, 19.35690150984887481, 2.393679246962145513 ) ) ;
#3623 = FACE_OUTER_BOUND ( 'NONE', #5107, .T. ) ;
#3624 = CARTESIAN_POINT ( 'NONE',  ( 1.331563246461874295, -0.9406217197691667531, 1.572152123514523936 ) ) ;
#3625 = CARTESIAN_POINT ( 'NONE',  ( -1.318506947469867852, 2.875574281712267588, 8.832724699618564657 ) ) ;
#3626 = CARTESIAN_POINT ( 'NONE',  ( -8.390461225234728815, 17.56515095771719359, 2.078585201476943922 ) ) ;
#3627 = CARTESIAN_POINT ( 'NONE',  ( 2.442516066898380522, 15.92725948154065385, 6.113381289859366241 ) ) ;
#3628 = CARTESIAN_POINT ( 'NONE',  ( 8.132024647602841938, 17.94339657178342762, 2.169983829488496330 ) ) ;
#3629 = CARTESIAN_POINT ( 'NONE',  ( 1.506929054395917733, 27.82701452786713858, 6.868005435895347510 ) ) ;
#3630 = CARTESIAN_POINT ( 'NONE',  ( -5.597550990563664897, 21.68151638177049279, 8.283982224147060472E-15 ) ) ;
#3631 = CARTESIAN_POINT ( 'NONE',  ( 1.822080074876301303, 20.71927001165252591, 11.12156317636634917 ) ) ;
#3632 = VECTOR ( 'NONE', #3645, 1000.000000000000000 ) ;
#3633 = CARTESIAN_POINT ( 'NONE',  ( 7.563287221285794004, 7.563780288816777109, 2.307566128538993677 ) ) ;
#3634 = CARTESIAN_POINT ( 'NONE',  ( -9.279452550756122520, 14.47036598426934795, 1.770811096822027420 ) ) ;
#3635 = ORIENTED_EDGE ( 'NONE', *, *, #3240, .F. ) ;
#3636 = CARTESIAN_POINT ( 'NONE',  ( 1.978643818265617194, 17.15360687121060934, 8.804117294231270208 ) ) ;
#3637 = DIRECTION ( 'NONE',  ( 1.000000000000000000, 0.000000000000000000, 0.000000000000000000 ) ) ;
#3638 = EDGE_CURVE ( 'NONE', #721, #3105, #4572, .T. ) ;
#3639 = CARTESIAN_POINT ( 'NONE',  ( 7.532508938856548930, 8.478542717393303008, 2.378618705120973953 ) ) ;
#3640 = CARTESIAN_POINT ( 'NONE',  ( -9.794321525990042687, 15.87084792787053367, 0.8648929520307664376 ) ) ;
#3641 = CARTESIAN_POINT ( 'NONE',  ( -5.560915969447282059, 5.082229873678413057, 2.146235716309569330 ) ) ;
#3642 = CARTESIAN_POINT ( 'NONE',  ( 4.711458637933064963, 4.572238408773193541, 2.323642357529306146 ) ) ;
#3643 = CARTESIAN_POINT ( 'NONE',  ( -1.203633049446976244, -0.5152629913702172493, 3.315795623142236526 ) ) ;
#3644 = ORIENTED_EDGE ( 'NONE', *, *, #4785, .F. ) ;
#3645 = DIRECTION ( 'NONE',  ( 0.000000000000000000, -0.1333318368966278367, 0.9910714511425354756 ) ) ;
#3646 = CARTESIAN_POINT ( 'NONE',  ( -1.793006329682978572, 21.51456113870924369, 10.93558107145477543 ) ) ;
#3647 = CARTESIAN_POINT ( 'NONE',  ( -5.537608979423835009, 5.064423378022085309, -1.802486111757150727E-15 ) ) ;
#3648 = CARTESIAN_POINT ( 'NONE',  ( 5.731988017371304700, 21.58695490996298005, 2.172720818090866146 ) ) ;
#3649 = CARTESIAN_POINT ( 'NONE',  ( -2.981126545836329633, 3.328029929109798779, 2.694962774037771069 ) ) ;
#3650 = CARTESIAN_POINT ( 'NONE',  ( -5.138462254393912687, 5.725735366931811399, 3.095600947229661060 ) ) ;
#3651 = CARTESIAN_POINT ( 'NONE',  ( 9.339997505444790349, 13.29047707958823210, 1.749999951165463141 ) ) ;
#3652 = CARTESIAN_POINT ( 'NONE',  ( -7.743047356356196786, 7.898296058290637411, 2.259847163389338665 ) ) ;
#3653 = CARTESIAN_POINT ( 'NONE',  ( -5.670044574117405034, 21.61895528438888903, 2.444855886173450177 ) ) ;
#3654 = CARTESIAN_POINT ( 'NONE',  ( -1.812106978462360019, 8.553936256445231479, 11.03803459397953191 ) ) ;
#3655 = CARTESIAN_POINT ( 'NONE',  ( -4.599238790348803008, 22.32108527262664666, 2.267195865710059266 ) ) ;
#3656 = CARTESIAN_POINT ( 'NONE',  ( 8.468857739814861674, 17.27381279927758229, 2.051514565830797832 ) ) ;
#3657 = CARTESIAN_POINT ( 'NONE',  ( -0.9867170708149414216, 13.39279153786013588, 5.531449386909396360 ) ) ;
#3658 = CARTESIAN_POINT ( 'NONE',  ( -9.901042193949113113, 15.01303579099342933, 0.8408752679849763600 ) ) ;
#3659 = CARTESIAN_POINT ( 'NONE',  ( 8.770859706864102989, 11.42135655323468058, 1.949999999999993738 ) ) ;
#3660 = CARTESIAN_POINT ( 'NONE',  ( 7.000000000000000000, 13.39279153786013588, 0.000000000000000000 ) ) ;
#3661 = CARTESIAN_POINT ( 'NONE',  ( 1.475973716959214199, 29.10243569108810746, 2.908599893092624900 ) ) ;
#3662 = CARTESIAN_POINT ( 'NONE',  ( 8.614945179294652533, 9.648368883595392020, 1.989996066760588267 ) ) ;
#3663 = CARTESIAN_POINT ( 'NONE',  ( -5.430297068055681464, 4.999948473953215178, 2.305261810458088867 ) ) ;
#3664 = CARTESIAN_POINT ( 'NONE',  ( -1.486046745219565812, 29.06624533502005292, 2.902906805216230346 ) ) ;
#3665 = EDGE_LOOP ( 'NONE', ( #1820, #719, #5673, #3817 ) ) ;
#3666 = CARTESIAN_POINT ( 'NONE',  ( 1.915711517636668360, 19.25542747694030155, 8.954404775453467025 ) ) ;
#3667 = PRESENTATION_STYLE_ASSIGNMENT (( #1872 ) ) ;
#3668 = CARTESIAN_POINT ( 'NONE',  ( 4.364602808975737602, 4.357821443998661337, 2.604192297385069743 ) ) ;
#3669 = CARTESIAN_POINT ( 'NONE',  ( -8.590853995158363787, 9.645658624201642439, 1.998576069868225114 ) ) ;
#3670 = CARTESIAN_POINT ( 'NONE',  ( 0.9433504321611366761, 13.93650472578499055, 5.276222157658234657 ) ) ;
#3671 = CARTESIAN_POINT ( 'NONE',  ( -1.378912231618121709, -1.032206621749966358, 1.029603032476275937 ) ) ;
#3672 = ORIENTED_EDGE ( 'NONE', *, *, #2373, .T. ) ;
#3673 = EDGE_CURVE ( 'NONE', #721, #3229, #5622, .T. ) ;
#3674 = B_SPLINE_CURVE_WITH_KNOTS ( 'NONE', 3,
 ( #5601, #2425, #5136, #284, #4319, #251, #2083, #2482, #3880, #4231, #2053, #2995, #2112, #3411, #1648, #5224, #1588, #3379, #3907, #1993 ),
 .UNSPECIFIED., .F., .F.,
 ( 4, 2, 2, 2, 2, 2, 2, 2, 2, 4 ),
 ( 0.000000000000000000, 0.0004901330344420653205, 0.0009802660688841306411, 0.001960532137768261282, 0.002940798206652391923, 0.003921064275536522564, 0.004901330344420653205, 0.005881596413304783846, 0.006861862482188914487, 0.007842128551073045128 ),
 .UNSPECIFIED. ) ;
#3675 = CARTESIAN_POINT ( 'NONE',  ( -10.38146970824088378, 23.76151984204481238, 1.249999999999993783 ) ) ;
#3676 = CARTESIAN_POINT ( 'NONE',  ( -1.496156045115621058, 29.08756314226661388, 2.066826885863277674 ) ) ;
#3677 = CARTESIAN_POINT ( 'NONE',  ( -3.626243264986926729, 3.549388906457569881, 4.284292647212251904E-15 ) ) ;
#3678 = CARTESIAN_POINT ( 'NONE',  ( -2.027340326569933904, 2.125474654580538303, 3.192131861892625988 ) ) ;
#3679 = CARTESIAN_POINT ( 'NONE',  ( -6.481760664983582387, 20.42575618450608133, 2.753748832727842544 ) ) ;
#3680 = CARTESIAN_POINT ( 'NONE',  ( 5.681706579434237625, 21.61880757824397392, 2.353308087939420812 ) ) ;
#3681 = CARTESIAN_POINT ( 'NONE',  ( -7.867376457618941998, 8.104828314076836904, 2.223233700096371113 ) ) ;
#3682 = CARTESIAN_POINT ( 'NONE',  ( 1.881042719154317311, 9.938645302358263933, 11.02918173678919622 ) ) ;
#3683 = CARTESIAN_POINT ( 'NONE',  ( -1.137799349039580354, 0.2008371526790124761, 5.135726168938710146 ) ) ;
#3684 = CARTESIAN_POINT ( 'NONE',  ( -6.719459657983000156, 17.39096010136277215, 2.600608228384826859 ) ) ;
#3685 = CARTESIAN_POINT ( 'NONE',  ( 5.519396770219179515, 5.288258725256650195, 2.796034471263415977 ) ) ;
#3686 = CARTESIAN_POINT ( 'NONE',  ( -5.411124857103153829, 11.25912605081327023, 3.432433234261337507 ) ) ;
#3687 = CARTESIAN_POINT ( 'NONE',  ( -9.270972492268173326, 17.14646134105802489, 1.036571227519063276 ) ) ;
#3688 = CARTESIAN_POINT ( 'NONE',  ( 1.882767766851677571, 18.87900633653309157, 11.20034096324339856 ) ) ;
#3689 = CARTESIAN_POINT ( 'NONE',  ( 9.887751238418355015, 11.68966395250108015, 0.8447479389966738861 ) ) ;
#3690 = CARTESIAN_POINT ( 'NONE',  ( 1.919784975592275789, 17.30111580975483321, 11.28220185995626146 ) ) ;
#3691 = CARTESIAN_POINT ( 'NONE',  ( -5.757070837252760143, 21.35369383534085230, 2.844539518668740552 ) ) ;
#3692 = CARTESIAN_POINT ( 'NONE',  ( 7.362216499728694075, 7.259023720990059658, 2.362245138711146719 ) ) ;
#3693 = CARTESIAN_POINT ( 'NONE',  ( -4.795573928046181322, 4.633506331053906635, 2.677024225880923591 ) ) ;
#3694 = CARTESIAN_POINT ( 'NONE',  ( -1.490985370854442493, 29.08621695387803996, 2.447117894600836951 ) ) ;
#3695 = CARTESIAN_POINT ( 'NONE',  ( -1.231261221765628910, -0.6418245703448792749, 2.881139835577496200 ) ) ;
#3696 = CARTESIAN_POINT ( 'NONE',  ( 1.588432673737534051, 27.22530528556077556, 3.936044849213080621 ) ) ;
#3697 = CARTESIAN_POINT ( 'NONE',  ( 7.630042167309861512, 8.700981397383069194, 2.343488664077688632 ) ) ;
#3698 = B_SPLINE_CURVE_WITH_KNOTS ( 'NONE', 3,
 ( #2444, #2772, #3811, #1579, #4569, #537, #2328, #4129, #95, #3695, #1901, #5653, #3369, #2103, #4805, #2132, #1133, #1226, #4745, #4368, #2503, #3044, #2472, #4395, #2985, #5710, #363, #273, #3432, #1608, #3015, #5183, #4833, #1258, #3490, #5156, #774, #3957, #335, #2950 ),
 .UNSPECIFIED., .F., .F.,
 ( 4, 1, 1, 1, 1, 1, 1, 1, 1, 1, 1, 1, 1, 1, 1, 1, 1, 1, 1, 1, 1, 1, 1, 1, 1, 1, 1, 1, 1, 1, 1, 1, 1, 1, 1, 1, 1, 4 ),
 ( 0.000000000000000000, 0.003868723535136653867, 0.009077253085279747211, 0.01558791502295850569, 0.02340070934817314527, 0.03381776844845933022, 0.04683909232381695820, 0.06246468097424623389, 0.07809026962467552346, 0.09892438782524777541, 0.1249670355759632534, 0.1562182128768214717, 0.1978864492779662254, 0.2499717447793968483, 0.3124740993811138678, 0.3749764539828307486, 0.4374788085845477403, 0.4999811631862646766, 0.5624835177879816683, 0.6249858723896983825, 0.6874882269914154298, 0.7395735224928462470, 0.7812417588939908342, 0.8124929361948491913, 0.8437441134957076594, 0.8749952907965662385, 0.9010379385472815361, 0.9218720567478537742, 0.9374976453982830638, 0.9505189692736408791, 0.9609360283739268871, 0.9687488226991415319, 0.9765616170243561767, 0.9830722789620349733, 0.9882808085121780328, 0.9921872056747853552, 0.9960936028373926776, 1.000000000000000000 ),
 .UNSPECIFIED. ) ;
#3699 = CARTESIAN_POINT ( 'NONE',  ( -8.085876712268937894, 8.451296944020301183, 2.154057012296846541 ) ) ;
#3700 = CARTESIAN_POINT ( 'NONE',  ( 4.931263009167454747, 22.09236883416694397, 2.434333934208620320 ) ) ;
#3701 = ORIENTED_EDGE ( 'NONE', *, *, #4068, .F. ) ;
#3702 = VERTEX_POINT ( 'NONE', #5010 ) ;
#3703 = B_SPLINE_CURVE_WITH_KNOTS ( 'NONE', 5,
 ( #4905, #4112, #962, #2281, #2666, #1381, #3173, #5782 ),
 .UNSPECIFIED., .F., .F.,
 ( 6, 2, 6 ),
 ( 0.000000000000000000, 0.4999999834837051127, 1.000000000000000000 ),
 .UNSPECIFIED. ) ;
#3704 = DIRECTION ( 'NONE',  ( 0.000000000000000000, 0.000000000000000000, 1.000000000000000000 ) ) ;
#3705 = FACE_OUTER_BOUND ( 'NONE', #663, .T. ) ;
#3706 = CARTESIAN_POINT ( 'NONE',  ( 1.881035531855858478, 9.938449714465061646, 11.02916687658657047 ) ) ;
#3707 = CARTESIAN_POINT ( 'NONE',  ( -1.997775114895048665, 3.798922832102459068, 5.752993268034931162 ) ) ;
#3708 = CARTESIAN_POINT ( 'NONE',  ( -8.423620759160106886, 17.49596147958262549, 2.067549733746429474 ) ) ;
#3709 = CARTESIAN_POINT ( 'NONE',  ( 7.523774974833588480, 18.31514471962910307, 2.413079950630096171 ) ) ;
#3710 = CARTESIAN_POINT ( 'NONE',  ( -7.000000000000000000, 13.39279153786013588, 1.750000000000001554 ) ) ;
#3711 = CARTESIAN_POINT ( 'NONE',  ( -5.583696879951526526, 21.55200120591560520, 2.823514922064304766 ) ) ;
#3712 = CARTESIAN_POINT ( 'NONE',  ( -1.383527643934524098, -1.081614796163663517, 0.9000899745655410733 ) ) ;
#3713 = CARTESIAN_POINT ( 'NONE',  ( -6.778601261360814867, 17.53301264299669526, 2.565241300500055388 ) ) ;
#3714 = CARTESIAN_POINT ( 'NONE',  ( 8.159002311911933703, 8.664675366520407707, 2.134938419536089871 ) ) ;
#3715 = CARTESIAN_POINT ( 'NONE',  ( -4.348864221220007487, 13.49613197074721072, 4.253881606647551550 ) ) ;
#3716 = CARTESIAN_POINT ( 'NONE',  ( -1.976470279232203975, 9.926962054218703813, 8.652046336800944815 ) ) ;
#3717 = CYLINDRICAL_SURFACE ( 'NONE', #2592, 10.00000000000000355 ) ;
#3718 = CARTESIAN_POINT ( 'NONE',  ( 1.477921262641238354, 28.56569965635861053, 5.424452515556179577 ) ) ;
#3719 = CARTESIAN_POINT ( 'NONE',  ( -7.613798470784937322, 19.15530524419712322, 2.336139888553070865 ) ) ;
#3720 = CARTESIAN_POINT ( 'NONE',  ( 5.279182782184735245, 4.925937775115015071, 2.515150417536913707 ) ) ;
#3721 = CARTESIAN_POINT ( 'NONE',  ( -5.464191438609685925, 5.020091797812709977, 2.255337396765496383 ) ) ;
#3722 = DIRECTION ( 'NONE',  ( 1.000000000000000000, 0.000000000000000000, 0.000000000000000000 ) ) ;
#3723 = DIRECTION ( 'NONE',  ( 0.000000000000000000, 0.000000000000000000, 1.000000000000000000 ) ) ;
#3724 = CARTESIAN_POINT ( 'NONE',  ( 1.774377352639188166, 22.77596590132056420, 8.618441806908604619 ) ) ;
#3725 = B_SPLINE_CURVE_WITH_KNOTS ( 'NONE', 3,
 ( #1677, #3472, #1708, #3501 ),
 .UNSPECIFIED., .F., .F.,
 ( 4, 4 ),
 ( 0.000000000000000000, 0.001209936213293284508 ),
 .UNSPECIFIED. ) ;
#3726 = CARTESIAN_POINT ( 'NONE',  ( 4.389284567950036298, 13.91223333383842053, 4.218217139211287936 ) ) ;
#3727 = CARTESIAN_POINT ( 'NONE',  ( 7.830216318972066603, 9.281784686331221224, 2.269692926867864724 ) ) ;
#3728 = CARTESIAN_POINT ( 'NONE',  ( -1.161739234824747502, 1.119706859551448108, 6.743749445406677978 ) ) ;
#3729 = CARTESIAN_POINT ( 'NONE',  ( -5.959143235834097219, 5.673774877153906715, 2.713770635204600268 ) ) ;
#3730 = CARTESIAN_POINT ( 'NONE',  ( 5.485217546170392033, 4.985538236861160044, 2.109743696262727841 ) ) ;
#3731 = COLOUR_RGB ( '',0.7921568627450980005, 0.8196078431372548767, 0.9333333333333333481 ) ;
#3732 = ORIENTED_EDGE ( 'NONE', *, *, #5814, .F. ) ;
#3733 = EDGE_LOOP ( 'NONE', ( #3762, #2452 ) ) ;
#3734 = FACE_OUTER_BOUND ( 'NONE', #299, .T. ) ;
#3735 = CARTESIAN_POINT ( 'NONE',  ( -1.924992240482495287, 17.17887306180905327, 11.20906212308030447 ) ) ;
#3736 = CARTESIAN_POINT ( 'NONE',  ( -1.606881021723359115, -0.4917233247945086982, -1.580563479576524827E-15 ) ) ;
#3737 = CARTESIAN_POINT ( 'NONE',  ( -2.113439789647207245, 1.889546440558530493, 1.294891453243538271 ) ) ;
#3738 = CARTESIAN_POINT ( 'NONE',  ( -8.860291414636147778, 17.75336292268184835, 1.860762938965172308 ) ) ;
#3739 = CARTESIAN_POINT ( 'NONE',  ( 6.354203830965450273, 18.98402203895509643, 2.731890640328538566 ) ) ;
#3740 = CARTESIAN_POINT ( 'NONE',  ( -8.042058680455060227, 18.35179304141012580, 2.196999658904990049 ) ) ;
#3741 = CARTESIAN_POINT ( 'NONE',  ( -5.761014611362459625, 21.56495420632559856, 2.276344324800542829 ) ) ;
#3742 = CARTESIAN_POINT ( 'NONE',  ( -1.387595743010078930, 3.531915886263791382, 9.390185383088695659 ) ) ;
#3743 = CARTESIAN_POINT ( 'NONE',  ( -4.591570242082454456, 22.32623776162064644, 2.182886759076568595 ) ) ;
#3744 = CARTESIAN_POINT ( 'NONE',  ( 7.560839846860426761, 7.608489450394028353, 2.313079182603341888 ) ) ;
#3745 = CARTESIAN_POINT ( 'NONE',  ( 8.524749702907602256, 9.652457178023098550, 2.022003351473829813 ) ) ;
#3746 = CARTESIAN_POINT ( 'NONE',  ( 8.858386292119210026, 18.03279733148661990, 1.166066192645595523 ) ) ;
#3747 = CARTESIAN_POINT ( 'NONE',  ( 1.821587444094746822, 20.72211336267357851, 11.14249638197522607 ) ) ;
#3748 = EDGE_CURVE ( 'NONE', #2573, #2992, #4217, .T. ) ;
#3749 = CARTESIAN_POINT ( 'NONE',  ( -5.677328424256327111, 21.61827489626868015, 2.397455804946492908 ) ) ;
#3750 = CARTESIAN_POINT ( 'NONE',  ( 8.569843601689186130, 9.650210723512422817, 2.005998665319526086 ) ) ;
#3751 = CARTESIAN_POINT ( 'NONE',  ( 0.1450355394180662116, 39.81610875852441467, 40.00000000000000000 ) ) ;
#3752 = CARTESIAN_POINT ( 'NONE',  ( -7.628935489656108793, 8.699032619429333479, 2.343749860474332092 ) ) ;
#3753 = CARTESIAN_POINT ( 'NONE',  ( -2.140296386111572691, 14.04524212469453914, 4.369202138301534255 ) ) ;
#3754 = CARTESIAN_POINT ( 'NONE',  ( -9.999867578755187836, 13.39279306113975387, 0.8100654405446060524 ) ) ;
#3755 = CARTESIAN_POINT ( 'NONE',  ( 1.914168684101786866, 24.21565916355996961, 5.856381085046447943 ) ) ;
#3756 = CARTESIAN_POINT ( 'NONE',  ( 8.524737895981459701, 9.651835044386825047, 2.022000141596291378 ) ) ;
#3757 = CARTESIAN_POINT ( 'NONE',  ( -1.256819968689066869, 2.261953905579790369, 8.205467457031137002 ) ) ;
#3758 = CARTESIAN_POINT ( 'NONE',  ( -5.496969347608890999, 5.260053227797734543, 2.796215636072244770 ) ) ;
#3759 = CARTESIAN_POINT ( 'NONE',  ( -4.938254735389679517, 22.08840262997942716, 2.420589991065011937 ) ) ;
#3760 = CARTESIAN_POINT ( 'NONE',  ( 7.910522093806028998, 19.55885601776580174, 1.467882888694898691 ) ) ;
#3761 = ORIENTED_EDGE ( 'NONE', *, *, #1450, .T. ) ;
#3762 = ORIENTED_EDGE ( 'NONE', *, *, #5747, .F. ) ;
#3763 = CARTESIAN_POINT ( 'NONE',  ( -1.814896540497807909, 23.31146577157776179, 4.447807987498042515 ) ) ;
#3764 = CARTESIAN_POINT ( 'NONE',  ( -1.494994166510568379, 29.08839487565729343, 2.146649315898200516 ) ) ;
#3765 = CARTESIAN_POINT ( 'NONE',  ( -10.00000000000000355, 13.39279153786013588, 1.250000000000000000 ) ) ;
#3766 = CARTESIAN_POINT ( 'NONE',  ( -1.633454193297563251, 0.2041929027133765895, 1.061419787976371154 ) ) ;
#3767 = CARTESIAN_POINT ( 'NONE',  ( -5.408905880699578894, 5.216251072525753152, 2.928808696852759574 ) ) ;
#3768 = CARTESIAN_POINT ( 'NONE',  ( 7.640458834262404686, 18.03740062537583100, 2.365980190345675194 ) ) ;
#3769 = CARTESIAN_POINT ( 'NONE',  ( -0.8517862134114464467, 37.71273874903368295, 0.000000000000000000 ) ) ;
#3770 = CARTESIAN_POINT ( 'NONE',  ( -5.704471985833711400, 21.59896537473296618, 2.396291016410010410 ) ) ;
#3771 = CARTESIAN_POINT ( 'NONE',  ( -1.765673937748396094, 7.772915962860083461, 10.97445740275771442 ) ) ;
#3772 = CARTESIAN_POINT ( 'NONE',  ( -4.573997642353739401, 22.34103971942854017, 2.148656078635025501 ) ) ;
#3773 = CARTESIAN_POINT ( 'NONE',  ( 7.682071566397167039, 7.799330492455372799, 2.277889210593726066 ) ) ;
#3774 = CYLINDRICAL_SURFACE ( 'NONE', #2513, 1.550000000000000266 ) ;
#3775 = CARTESIAN_POINT ( 'NONE',  ( 1.484765562058225630, 29.14200916804357178, 2.069204140033056305 ) ) ;
#3776 = VERTEX_POINT ( 'NONE', #1458 ) ;
#3777 = CARTESIAN_POINT ( 'NONE',  ( 5.219063650148499711, 4.898106280088163622, 2.570736210626243246 ) ) ;
#3778 = EDGE_CURVE ( 'NONE', #2714, #5447, #645, .T. ) ;
#3779 = CARTESIAN_POINT ( 'NONE',  ( -6.631520301245873661, 20.96190455670643615, 1.866147040173460558 ) ) ;
#3780 = CARTESIAN_POINT ( 'NONE',  ( -5.531911597127870728, 5.062974495816493281, 2.098453100094612278 ) ) ;
#3781 = CARTESIAN_POINT ( 'NONE',  ( -1.990003890435117384, 19.57437143467958407, 4.428279118413081861 ) ) ;
#3782 = CARTESIAN_POINT ( 'NONE',  ( -9.994699702748176762, 13.04185539776029756, 0.8115323929042383977 ) ) ;
#3783 = CARTESIAN_POINT ( 'NONE',  ( 1.544936553649323363, 27.49922558757976532, 5.724582760983469853 ) ) ;
#3784 = CARTESIAN_POINT ( 'NONE',  ( 10.66104803602459050, 7.900167162001759280, 1.249999999999999334 ) ) ;
#3785 = CARTESIAN_POINT ( 'NONE',  ( 2.947832061067126030, 3.954409483614779841, 3.996257542385075467 ) ) ;
#3786 = EDGE_CURVE ( 'NONE', #448, #4895, #3245, .T. ) ;
#3787 = CARTESIAN_POINT ( 'NONE',  ( 0.04642904623014409288, 13.36265220136182741, 5.999999999999999112 ) ) ;
#3788 = CARTESIAN_POINT ( 'NONE',  ( -5.552888745185000197, 5.076896937749090455, 2.144546709731108614 ) ) ;
#3789 = CARTESIAN_POINT ( 'NONE',  ( -8.549395354953860604, 8.148283668468934593, 1.231232811238846647 ) ) ;
#3790 = CARTESIAN_POINT ( 'NONE',  ( 0.7554907729316209242, 17.02949535807425363, 40.00000000000002132 ) ) ;
#3791 = EDGE_LOOP ( 'NONE', ( #3818, #2603, #3198, #4229, #1020 ) ) ;
#3792 = CARTESIAN_POINT ( 'NONE',  ( -10.63047429249921549, 17.99531722693822289, 1.250000000000000666 ) ) ;
#3793 = CARTESIAN_POINT ( 'NONE',  ( 1.579111423095516990E-16, 14.32710056193828763, 5.801067248717888702 ) ) ;
#3794 = CARTESIAN_POINT ( 'NONE',  ( -6.299576118948554182, 20.19003523798651045, 2.824190497929125687 ) ) ;
#3795 = CARTESIAN_POINT ( 'NONE',  ( 5.254002136671593881, 5.788200352667312920, 3.057345939051438144 ) ) ;
#3796 = CARTESIAN_POINT ( 'NONE',  ( -1.600953749806946824, 0.2245015262052260374, 1.454348309568644915 ) ) ;
#3797 = CARTESIAN_POINT ( 'NONE',  ( 5.171599505049760737, 21.70562142381279358, 3.107114558665942106 ) ) ;
#3798 = CARTESIAN_POINT ( 'NONE',  ( -6.610482451255001557, 20.44343342417290899, 2.654039852808938171 ) ) ;
#3799 = CARTESIAN_POINT ( 'NONE',  ( -1.268689963263979648, -0.8808332366627534826, 2.158169801136670340 ) ) ;
#3800 = CARTESIAN_POINT ( 'NONE',  ( -3.743540057076471861, 17.22802628061345942, 4.104577808687829510 ) ) ;
#3801 = CARTESIAN_POINT ( 'NONE',  ( 6.868476155451095799, 6.666732045481860602, 2.503823667812664411 ) ) ;
#3802 = CARTESIAN_POINT ( 'NONE',  ( -7.459093232547790109, 18.95974900685979136, 2.409141574540966335 ) ) ;
#3803 = FACE_OUTER_BOUND ( 'NONE', #3665, .T. ) ;
#3804 = CARTESIAN_POINT ( 'NONE',  ( 1.921419161128260278, 17.16444959464252307, 11.32853425091773225 ) ) ;
#3805 = ORIENTED_EDGE ( 'NONE', *, *, #4358, .T. ) ;
#3806 = CARTESIAN_POINT ( 'NONE',  ( 1.518208597025709317, -0.4544132590376356307, 0.9798615970326282065 ) ) ;
#3807 = CARTESIAN_POINT ( 'NONE',  ( 5.364114267767361000, 4.964881889704680695, 2.408137653386537735 ) ) ;
#3808 = CARTESIAN_POINT ( 'NONE',  ( 1.127892896700010139, 27.02058248287666586, 40.00000000000000000 ) ) ;
#3809 = CARTESIAN_POINT ( 'NONE',  ( -3.682470478240248646, 9.460530840508575068, 3.982630332865141565 ) ) ;
#3810 = CARTESIAN_POINT ( 'NONE',  ( -2.084781868487148415, 16.79877796480011298, 4.403820699799664951 ) ) ;
#3811 = CARTESIAN_POINT ( 'NONE',  ( -1.381390257906579766, -1.020672438512762570, 1.031323925012230802 ) ) ;
#3812 = CARTESIAN_POINT ( 'NONE',  ( 1.921416531359756208, 17.30099286320631080, 11.21027847907160080 ) ) ;
#3813 = CARTESIAN_POINT ( 'NONE',  ( 10.72730693867392660, 12.23092687408522039, 1.250000000000001998 ) ) ;
#3814 = CARTESIAN_POINT ( 'NONE',  ( 6.126478769588474371, 7.316166369567183914, 2.772132118313261895 ) ) ;
#3815 = CARTESIAN_POINT ( 'NONE',  ( -5.557909604408774129, 5.080260002181704593, 2.104400236026969129 ) ) ;
#3816 = CARTESIAN_POINT ( 'NONE',  ( 1.111768073633583764, 21.00579597330321846, 39.99999999999995026 ) ) ;
#3817 = ORIENTED_EDGE ( 'NONE', *, *, #2548, .F. ) ;
#3818 = ORIENTED_EDGE ( 'NONE', *, *, #2406, .F. ) ;
#3819 = EDGE_CURVE ( 'NONE', #865, #3702, #1493, .T. ) ;
#3820 = CARTESIAN_POINT ( 'NONE',  ( -0.04595030237210126489, 13.39279153786013588, 6.000000000000000000 ) ) ;
#3821 = CARTESIAN_POINT ( 'NONE',  ( 0.2488417067827982110, 13.64163324464292870, 6.000000000000000000 ) ) ;
#3822 = CARTESIAN_POINT ( 'NONE',  ( -8.403653554251464541, 17.48454914275926697, 2.074995513045533535 ) ) ;
#3823 = AXIS2_PLACEMENT_3D ( 'NONE', #2337, #3704, #603 ) ;
#3824 = CARTESIAN_POINT ( 'NONE',  ( -9.825469638205698075, 11.18586924842430896, 0.8612040998225137800 ) ) ;
#3825 = CARTESIAN_POINT ( 'NONE',  ( 5.119389778690706549, 21.03585594783778845, 3.250610305956536106 ) ) ;
#3826 = CARTESIAN_POINT ( 'NONE',  ( -1.937285450050626245, 8.876223691098811486, 8.686114391255287615 ) ) ;
#3827 = CARTESIAN_POINT ( 'NONE',  ( 7.774484615923106468, 17.46790963897071691, 2.308779776009219020 ) ) ;
#3828 = CARTESIAN_POINT ( 'NONE',  ( -7.298763913649549018, 19.58076216118178436, 2.443251767675346020 ) ) ;
#3829 = CARTESIAN_POINT ( 'NONE',  ( -8.550000000000000711, 13.39279153786013588, 0.000000000000000000 ) ) ;
#3830 = CARTESIAN_POINT ( 'NONE',  ( -1.900185053079604058, 24.60547352941602384, 5.443226272898794349 ) ) ;
#3831 = CARTESIAN_POINT ( 'NONE',  ( -0.05807218397679225069, 45.55686739102149119, 0.000000000000000000 ) ) ;
#3832 = CARTESIAN_POINT ( 'NONE',  ( 2.453372757208642785, 9.904536324948020720, 5.989993454239284532 ) ) ;
#3833 = CARTESIAN_POINT ( 'NONE',  ( 1.902459635030923302, 18.05552307411996438, 11.30809902991438953 ) ) ;
#3834 = CARTESIAN_POINT ( 'NONE',  ( 1.725386961653020190, 5.418268597514402707, 8.417844200958757739 ) ) ;
#3835 = CARTESIAN_POINT ( 'NONE',  ( -8.308840998380958354, 17.83263511153763403, 2.105310469979128740 ) ) ;
#3836 = CARTESIAN_POINT ( 'NONE',  ( 5.175137499325654922, 4.884709282747814463, 2.628364579024595749 ) ) ;
#3837 = CARTESIAN_POINT ( 'NONE',  ( -7.680964480168282371, 6.925758795717728233, 1.479054152959867086 ) ) ;
#3838 = CARTESIAN_POINT ( 'NONE',  ( -6.741164005345251731, 8.742879412171310705, 2.510126964305906316 ) ) ;
#3839 = CARTESIAN_POINT ( 'NONE',  ( -9.339719310215437886, 12.66600852385212761, 1.749999999999998890 ) ) ;
#3840 = CARTESIAN_POINT ( 'NONE',  ( -5.635197060766524935, 5.131595891851507218, 0.6305303709099571163 ) ) ;
#3841 = CARTESIAN_POINT ( 'NONE',  ( 1.882767766851676461, 18.87900633653309157, 11.20034096324339856 ) ) ;
#3842 = CARTESIAN_POINT ( 'NONE',  ( 10.32544606695217837, 24.73260507274321185, 1.249999999999999778 ) ) ;
#3843 = CARTESIAN_POINT ( 'NONE',  ( 3.018638706335537769, 3.307564109155949783, 1.921978042630160699 ) ) ;
#3844 = AXIS2_PLACEMENT_3D ( 'NONE', #5266, #1244, #4197 ) ;
#3845 = CARTESIAN_POINT ( 'NONE',  ( -9.012444898807460802, 15.03231476451002280, 1.866325721369632928 ) ) ;
#3846 = CARTESIAN_POINT ( 'NONE',  ( -5.444423029421713522, 5.009494991092755534, 2.307470480340501506 ) ) ;
#3847 = CARTESIAN_POINT ( 'NONE',  ( 0.2441530857245104436, 44.18068659967253353, 0.000000000000000000 ) ) ;
#3848 = ORIENTED_EDGE ( 'NONE', *, *, #4888, .T. ) ;
#3849 = ORIENTED_EDGE ( 'NONE', *, *, #5607, .F. ) ;
#3850 = B_SPLINE_CURVE_WITH_KNOTS ( 'NONE', 3,
 ( #3292, #5082, #44, #545 ),
 .UNSPECIFIED., .F., .F.,
 ( 4, 4 ),
 ( 0.000000000000000000, 1.000000000000000000 ),
 .UNSPECIFIED. ) ;
#3851 = CARTESIAN_POINT ( 'NONE',  ( 1.924362305216121172, 17.15450464380564100, 11.20822884464726243 ) ) ;
#3852 = CARTESIAN_POINT ( 'NONE',  ( -0.03600719110604516660, 13.35678434675409498, 6.000000000000001776 ) ) ;
#3853 = CARTESIAN_POINT ( 'NONE',  ( -6.302197291242452870, 20.19342640458790683, 2.823177630070221156 ) ) ;
#3854 = CARTESIAN_POINT ( 'NONE',  ( 5.778708155214983933, 20.60304437676899170, 3.011503554556773210 ) ) ;
#3855 = EDGE_CURVE ( 'NONE', #2992, #2573, #4777, .T. ) ;
#3856 = CARTESIAN_POINT ( 'NONE',  ( -1.810423194099827882, 6.576263532765352693, 8.628165878267411770 ) ) ;
#3857 = CARTESIAN_POINT ( 'NONE',  ( 4.537988774742482079, 21.97119886835807279, 3.413754367158651881 ) ) ;
#3858 = CARTESIAN_POINT ( 'NONE',  ( -0.06572218977261154449, 45.57769152049436201, 0.000000000000000000 ) ) ;
#3859 = DIRECTION ( 'NONE',  ( -1.000000000000000000, 0.000000000000000000, 0.000000000000000000 ) ) ;
#3860 = CARTESIAN_POINT ( 'NONE',  ( -3.821287449345426968, 17.18904751221926475, 4.155776817284721147 ) ) ;
#3861 = CARTESIAN_POINT ( 'NONE',  ( -0.2484392380568677672, 44.12478156846890442, 0.000000000000000000 ) ) ;
#3862 = CARTESIAN_POINT ( 'NONE',  ( -5.342177076506665401, 20.89220135333237138, 3.170350289973723701 ) ) ;
#3863 = CARTESIAN_POINT ( 'NONE',  ( 1.922585021781914483, 17.24359720225812609, 11.20950650230197176 ) ) ;
#3864 = CARTESIAN_POINT ( 'NONE',  ( 1.472393147253104662, 29.09352273800311650, 3.213973981874534758 ) ) ;
#3865 = CARTESIAN_POINT ( 'NONE',  ( 1.514880545827435698, -0.4510150324684387702, 1.017301657343230525 ) ) ;
#3866 = CARTESIAN_POINT ( 'NONE',  ( -6.911881351556954378, 20.10727384596674483, 2.560077758794715663 ) ) ;
#3867 = CARTESIAN_POINT ( 'NONE',  ( 5.494059098381502082, 5.262122338934519306, 2.798212214244132134 ) ) ;
#3868 = CARTESIAN_POINT ( 'NONE',  ( -8.468351061251981449, 17.27661213131410989, 2.052497434273508059 ) ) ;
#3869 = CARTESIAN_POINT ( 'NONE',  ( -3.665598656846824621, 9.347773635600447051, 4.002688396017505035 ) ) ;
#3870 = CARTESIAN_POINT ( 'NONE',  ( -2.152007262783133257, 12.22143371105020826, 4.339728189529047597 ) ) ;
#3871 = CARTESIAN_POINT ( 'NONE',  ( -5.196030949567020052, 4.832059002644110812, 0.5493332348662506304 ) ) ;
#3872 = CARTESIAN_POINT ( 'NONE',  ( 1.941488811949477533, 17.59723776912602844, 10.02477598378784229 ) ) ;
#3873 = CARTESIAN_POINT ( 'NONE',  ( 2.105471420197363663, 8.618723803313701026, 4.260560588716996833 ) ) ;
#3874 = CARTESIAN_POINT ( 'NONE',  ( 2.979417856253106844, 3.371378187188113440, 2.903903810435011668 ) ) ;
#3875 = CARTESIAN_POINT ( 'NONE',  ( -9.794425866919105772, 15.87021711401727764, 0.8723175293993093993 ) ) ;
#3876 = CARTESIAN_POINT ( 'NONE',  ( -7.542547863991714507, 7.560300775116065353, 2.316790433517899039 ) ) ;
#3877 = CARTESIAN_POINT ( 'NONE',  ( 0.1245033442448056915, 39.65561014338258872, 40.00000000000010658 ) ) ;
#3878 = ORIENTED_EDGE ( 'NONE', *, *, #29, .T. ) ;
#3879 = VERTEX_POINT ( 'NONE', #593 ) ;
#3880 = CARTESIAN_POINT ( 'NONE',  ( 3.618310614792870084, 3.541166437346536355, 3.786237274226723304E-15 ) ) ;
#3881 = CARTESIAN_POINT ( 'NONE',  ( -0.1817538745219505758, 13.44026635417494298, 6.000000000000000000 ) ) ;
#3882 = FACE_OUTER_BOUND ( 'NONE', #5455, .T. ) ;
#3883 = CARTESIAN_POINT ( 'NONE',  ( 9.320850429683794403, 14.38386686167582873, 1.755922653300664216 ) ) ;
#3884 = CARTESIAN_POINT ( 'NONE',  ( -1.871572094997504321, 9.723062213084185501, 11.02027412413298002 ) ) ;
#3885 = CARTESIAN_POINT ( 'NONE',  ( 4.573072294318659026, 22.34068768639334479, 2.147648464842855542 ) ) ;
#3886 = CARTESIAN_POINT ( 'NONE',  ( 4.389587897891122026, 12.87107984427543883, 4.212194652630923741 ) ) ;
#3887 = CARTESIAN_POINT ( 'NONE',  ( -7.000000000000000000, 13.39279153786013588, 1.750000000000001554 ) ) ;
#3888 = CARTESIAN_POINT ( 'NONE',  ( -2.107926382067700111, 20.75890445771881687, 6.945629928754242677 ) ) ;
#3889 = CARTESIAN_POINT ( 'NONE',  ( -1.121561056780021381, 34.91676991811986852, 0.000000000000000000 ) ) ;
#3890 = CARTESIAN_POINT ( 'NONE',  ( -6.118591737998727353, 6.426197060895317392, 2.791888218097201779 ) ) ;
#3891 = FACE_OUTER_BOUND ( 'NONE', #1168, .T. ) ;
#3892 = CARTESIAN_POINT ( 'NONE',  ( -5.489923335725763742, 5.034080935254708677, 2.224670509895611215 ) ) ;
#3893 = CARTESIAN_POINT ( 'NONE',  ( 1.959585637022069449, 9.403473116252779818, 8.666931113702156964 ) ) ;
#3894 = CARTESIAN_POINT ( 'NONE',  ( -5.930415753547841007, 21.17103093158545235, 2.824509758128908476 ) ) ;
#3895 = EDGE_CURVE ( 'NONE', #1049, #1787, #5697, .T. ) ;
#3896 = CARTESIAN_POINT ( 'NONE',  ( -0.7732029671692111084, 14.16599450502933522, 5.531449386909396360 ) ) ;
#3897 = CARTESIAN_POINT ( 'NONE',  ( -4.578560022773963567, 4.474593387904720387, 1.943934935296146360 ) ) ;
#3898 = PLANE ( 'NONE',  #358 ) ;
#3899 = CARTESIAN_POINT ( 'NONE',  ( -5.101012079310713432, 4.775931927120846687, 2.007203314350672674 ) ) ;
#3900 = CARTESIAN_POINT ( 'NONE',  ( 1.951644197303957107, 17.16395171766092176, 10.00676708538984983 ) ) ;
#3901 = CARTESIAN_POINT ( 'NONE',  ( 1.925230334593823756, 11.09654778041990930, 11.07803567002898859 ) ) ;
#3902 = CARTESIAN_POINT ( 'NONE',  ( 3.648306665792847348, 9.220737860038596523, 4.027455931610845141 ) ) ;
#3903 = CARTESIAN_POINT ( 'NONE',  ( -5.317361949707622770, 5.110289089739427304, 2.820039069097223905 ) ) ;
#3904 = CARTESIAN_POINT ( 'NONE',  ( 0.4444646019478067922, -3.866144244804542662, 0.000000000000000000 ) ) ;
#3905 = ORIENTED_EDGE ( 'NONE', *, *, #1807, .F. ) ;
#3906 = ORIENTED_EDGE ( 'NONE', *, *, #295, .T. ) ;
#3907 = CARTESIAN_POINT ( 'NONE',  ( 1.546095026343478285, -0.8124729752955778261, 2.824413991826601656E-15 ) ) ;
#3908 = CARTESIAN_POINT ( 'NONE',  ( 0.1424244489444220219, 13.53521598680455718, 6.000000000000000000 ) ) ;
#3909 = CARTESIAN_POINT ( 'NONE',  ( -8.407043666413464678, 17.48648677509382665, 2.073731338762104581 ) ) ;
#3910 = CARTESIAN_POINT ( 'NONE',  ( -6.265195500284211683, 5.956263586626476148, 2.640804114741006181 ) ) ;
#3911 = CARTESIAN_POINT ( 'NONE',  ( 4.556637644445475033, 5.406923412949499408, 3.271114118268418469 ) ) ;
#3912 = CARTESIAN_POINT ( 'NONE',  ( -1.707118299170701459, 6.832738266465170796, 10.70488892464563335 ) ) ;
#3913 = CARTESIAN_POINT ( 'NONE',  ( 2.758255370324983691, 23.80799827383247802, 2.180151154692623550 ) ) ;
#3914 = DIRECTION ( 'NONE',  ( 1.000000000000000000, 0.000000000000000000, 0.000000000000000000 ) ) ;
#3915 = CARTESIAN_POINT ( 'NONE',  ( -1.385306051298088592, 3.526631759652222975, 9.403585880750556569 ) ) ;
#3916 = CARTESIAN_POINT ( 'NONE',  ( -2.057919091134825074, 21.55449308431936828, 6.929082728200439689 ) ) ;
#3917 = VECTOR ( 'NONE', #164, 1000.000000000000114 ) ;
#3918 = CARTESIAN_POINT ( 'NONE',  ( -1.510639474589427378, -1.066767692019009228, 0.000000000000000000 ) ) ;
#3919 = CARTESIAN_POINT ( 'NONE',  ( -5.349497196422907663, 20.90471521620403550, 3.167470717346331011 ) ) ;
#3920 = FACE_OUTER_BOUND ( 'NONE', #2219, .T. ) ;
#3921 = CARTESIAN_POINT ( 'NONE',  ( 1.477266934503372653, 29.17435838667274339, 2.452305799047691526 ) ) ;
#3922 = CARTESIAN_POINT ( 'NONE',  ( 1.345617493467085923, 2.017864917815094472, 7.094220890765218890 ) ) ;
#3923 = CARTESIAN_POINT ( 'NONE',  ( -5.563563912301338732, 21.67140316546411682, 2.594206010084561420 ) ) ;
#3924 = CARTESIAN_POINT ( 'NONE',  ( -2.157044872190894273E-15, 12.45848251378198590, 5.801067248717890479 ) ) ;
#3925 = CARTESIAN_POINT ( 'NONE',  ( -4.215516358983005141, 4.376696879529268003, 3.005430447647319703 ) ) ;
#3926 = CARTESIAN_POINT ( 'NONE',  ( 1.272034825366156863, 32.50405054022667173, 0.000000000000000000 ) ) ;
#3927 = EDGE_CURVE ( 'NONE', #2742, #4738, #4083, .T. ) ;
#3928 = FACE_OUTER_BOUND ( 'NONE', #5544, .T. ) ;
#3929 = CARTESIAN_POINT ( 'NONE',  ( 1.561849382608294201, 26.63202720706340543, 8.368710831683596751 ) ) ;
#3930 = CARTESIAN_POINT ( 'NONE',  ( 8.638901688451127825, 10.91154931329665700, 1.996309963741335736 ) ) ;
#3931 = CARTESIAN_POINT ( 'NONE',  ( 5.423670000623955545, 4.998749292085173046, 2.354691421578529731 ) ) ;
#3932 = CARTESIAN_POINT ( 'NONE',  ( 2.409117594210717250, 9.773940965325323305, 6.195216793864141813 ) ) ;
#3933 = CARTESIAN_POINT ( 'NONE',  ( -5.212724655356219650, 4.894725155726964871, 2.575893632713470716 ) ) ;
#3934 = CARTESIAN_POINT ( 'NONE',  ( 6.496569659894140258, 20.57029028385846914, 2.685240028493284914 ) ) ;
#3935 = CARTESIAN_POINT ( 'NONE',  ( -9.797894812825269639, 15.84919011902832509, 1.119792966501414577 ) ) ;
#3936 = VERTEX_POINT ( 'NONE', #1072 ) ;
#3937 = CONICAL_SURFACE ( 'NONE', #1396, 1.750000000000000666, 0.7853981633974516097 ) ;
#3938 = CARTESIAN_POINT ( 'NONE',  ( 10.37984523612249532, 23.77216736451818946, 1.250000000000001110 ) ) ;
#3939 = CARTESIAN_POINT ( 'NONE',  ( 7.108694571127234241, 6.954036305193707079, 2.437969653148383653 ) ) ;
#3940 = CARTESIAN_POINT ( 'NONE',  ( -8.980082356012241362, 17.94646363887958884, 1.122549177274248855 ) ) ;
#3941 = CARTESIAN_POINT ( 'NONE',  ( -8.469968784037178011, 9.251359890056896518, 2.035313491748832693 ) ) ;
#3942 = CARTESIAN_POINT ( 'NONE',  ( 9.854801517436484914, 12.83486890513861312, 1.523662058531200847 ) ) ;
#3943 = CARTESIAN_POINT ( 'NONE',  ( -1.850598181931315311, 9.239745672522369446, 10.99573462882536390 ) ) ;
#3944 = CARTESIAN_POINT ( 'NONE',  ( 3.602556753809850854, 17.59038830527563491, 4.102930075069856741 ) ) ;
#3945 = CARTESIAN_POINT ( 'NONE',  ( -5.539816207454232533, 5.067872362440327016, 2.096314648835317040 ) ) ;
#3946 = CARTESIAN_POINT ( 'NONE',  ( -1.635023229162577474, 27.35396661068319801, 0.5329515862444739183 ) ) ;
#3947 = CARTESIAN_POINT ( 'NONE',  ( -1.945968390004523929, 18.34869111881086567, 8.899777830695104086 ) ) ;
#3948 = CARTESIAN_POINT ( 'NONE',  ( -0.2224065750764282479, 15.63331628646295890, 39.99999999999997868 ) ) ;
#3949 = CARTESIAN_POINT ( 'NONE',  ( -9.171200245782316074, 11.40425435494892525, 1.808336755623067393 ) ) ;
#3950 = CARTESIAN_POINT ( 'NONE',  ( -8.595761672245012974, 15.99907043116261285, 2.016049755242532715 ) ) ;
#3951 = CARTESIAN_POINT ( 'NONE',  ( 1.821094813313192340, 20.72495671369463466, 11.16342958758410120 ) ) ;
#3952 = CARTESIAN_POINT ( 'NONE',  ( 1.257005518835691449, -0.7450578736102611010, 2.497906214649950662 ) ) ;
#3953 = CARTESIAN_POINT ( 'NONE',  ( -8.370893040417005437, 17.68108817631199159, 2.084290274059479753 ) ) ;
#3954 = CARTESIAN_POINT ( 'NONE',  ( -1.033164628025770249, 13.12292493354433631, 5.403835772283816397 ) ) ;
#3955 = CARTESIAN_POINT ( 'NONE',  ( -3.007077015736260961, 3.296053523069192970, 2.047592028444257473 ) ) ;
#3956 = CARTESIAN_POINT ( 'NONE',  ( 0.9966330461036527755, 35.98988596367667725, 0.000000000000000000 ) ) ;
#3957 = CARTESIAN_POINT ( 'NONE',  ( -1.877352388321660293, 9.867624002855631460, 11.02648267518523895 ) ) ;
#3958 = CARTESIAN_POINT ( 'NONE',  ( 1.712655937026960729, 23.43479369249705613, 10.39675913388877859 ) ) ;
#3959 = CARTESIAN_POINT ( 'NONE',  ( 5.162098203421478182, 4.895174898836805788, 2.681774852508231000 ) ) ;
#3960 = CARTESIAN_POINT ( 'NONE',  ( 2.009474434260283715, 4.250411388323388273, 6.054336648734602200 ) ) ;
#3961 = CARTESIAN_POINT ( 'NONE',  ( -5.559727838018998725, 5.081553002609919822, 1.892403406827561918 ) ) ;
#3962 = CARTESIAN_POINT ( 'NONE',  ( 1.548198289195309663, 28.23082048718709913, 2.045790246202339180 ) ) ;
#3963 = ORIENTED_EDGE ( 'NONE', *, *, #724, .T. ) ;
#3964 = CARTESIAN_POINT ( 'NONE',  ( 10.72528789549387618, 11.26849513262382807, 1.250000000000013323 ) ) ;
#3965 = ADVANCED_FACE ( 'NONE', ( #5098 ), #2919, .T. ) ;
#3966 = CARTESIAN_POINT ( 'NONE',  ( 7.334683223937268792, 7.259837676172749887, 2.375714030934288790 ) ) ;
#3967 = CARTESIAN_POINT ( 'NONE',  ( -8.635898737713052498, 9.643809723093706765, 1.982591598432690283 ) ) ;
#3968 = CARTESIAN_POINT ( 'NONE',  ( 5.123418114373555987, 21.04321600047401830, 3.249020774959561653 ) ) ;
#3969 = CARTESIAN_POINT ( 'NONE',  ( -1.776973918693184107, 6.934173714346303363, 9.693456854230943165 ) ) ;
#3970 = CARTESIAN_POINT ( 'NONE',  ( 4.544112557286928755, 12.38966955607197740, 4.075286584739709284 ) ) ;
#3971 = CARTESIAN_POINT ( 'NONE',  ( -1.393504601954218325, -1.035380457162538459, 0.9055681147219954985 ) ) ;
#3972 = CARTESIAN_POINT ( 'NONE',  ( -1.543205440576533638, 27.75915923254785866, 5.106890704994813568 ) ) ;
#3973 = CARTESIAN_POINT ( 'NONE',  ( 1.231651268920827880, -0.6397746433814589517, 2.879458065028215774 ) ) ;
#3974 = CARTESIAN_POINT ( 'NONE',  ( -5.134357400723320808, 5.733058404726772750, 3.097301450956135849 ) ) ;
#3975 = CARTESIAN_POINT ( 'NONE',  ( 1.786985379367070248, 0.07921586137471148259, -0.9813786531069337293 ) ) ;
#3976 = PLANE ( 'NONE',  #3280 ) ;
#3977 = CARTESIAN_POINT ( 'NONE',  ( 1.615456884638271751, 5.724011632119962556, 10.41524238965447324 ) ) ;
#3978 = CARTESIAN_POINT ( 'NONE',  ( -1.864764399571744669, 9.632023512592581937, 11.08675597252264389 ) ) ;
#3979 = CARTESIAN_POINT ( 'NONE',  ( -5.535201728721765413, 21.29307841252678202, 3.072686563011747030 ) ) ;
#3980 = B_SPLINE_CURVE_WITH_KNOTS ( 'NONE', 3,
 ( #2823, #2765, #617, #975 ),
 .UNSPECIFIED., .F., .F.,
 ( 4, 4 ),
 ( 0.000000000000000000, 1.000000000000000000 ),
 .UNSPECIFIED. ) ;
#3981 = CARTESIAN_POINT ( 'NONE',  ( 1.521939444316021461, 29.06404548093718176, -0.2454323743065326691 ) ) ;
#3982 = CARTESIAN_POINT ( 'NONE',  ( -0.2488417067827980167, 13.14394983107734483, 6.000000000000001776 ) ) ;
#3983 = CARTESIAN_POINT ( 'NONE',  ( 0.000000000000000000, 45.89279153786013410, 0.000000000000000000 ) ) ;
#3984 = CARTESIAN_POINT ( 'NONE',  ( 1.704678491597983792, 27.19024541938494366, 9.510697690008097782E-15 ) ) ;
#3985 = B_SPLINE_SURFACE_WITH_KNOTS ( 'NONE', 5, 3, ( 
 ( #3147, #3207, #493, #4907, #1772, #4937, #1828, #875, #5809, #550, #906, #937, #1384, #4086, #81, #3622, #2667, #3176, #4466, #50, #4995, #433, #1797, #3592, #463, #2757, #2697, #2728, #995, #1855, #520, #2313, #4499, #1886, #3680, #5462, #1443, #5024, #2342, #110 ),
 ( #580, #1914, #640, #4703, #5169, #5489, #5551, #3827, #2430, #670, #2029, #3768, #3709, #2459, #2400, #1147, #1473, #4177, #2903, #5085, #699, #4264, #3265, #3797, #226, #2935, #4676, #1504, #1563, #5056, #1027, #169, #5606, #2815, #4207, #4613, #1595, #1534, #4642, #3355 ),
 ( #3329, #4731, #2372, #5577, #137, #3385, #2876, #4144, #1967, #4235, #1940, #5116, #5142, #1118, #3739, #5519, #3297, #197, #1058, #2842, #609, #1089, #2000, #3857, #5728, #257, #5232, #5390, #760, #1243, #5197, #5637, #5292, #2146, #3608, #3134, #789, #5696, #1714, #3885 ),
 ( #4325, #3030, #2059, #5666, #4382, #4819, #2581, #348, #1653, #3944, #3505, #1622, #2488, #3449, #2550, #3417, #4761, #1371, #2087, #1682, #2118, #1345, #889, #4353, #1176, #4792, #4294, #4921, #2682, #2967, #730, #2521, #3002, #4483, #1211, #320, #3161, #3913, #449, #3477 ),
 ( #2243, #4953, #4045, #8, #5265, #290, #1813, #4601, #3191, #4513, #3251, #1491, #1956, #2271, #2329, #595, #5042, #3284, #4628, #538, #478, #5073, #5012, #3755, #4072, #951, #5506, #1871, #3312, #1043, #36, #565, #2831, #5535, #1460, #4102, #4158, #1842, #66, #2358 ),
 ( #3636, #1429, #2388, #1011, #2743, #4193, #2801, #1399, #1520, #155, #125, #923, #2715, #1929, #3666, #4541, #5418, #4982, #4130, #3724, #5448, #1902, #508, #2300, #3221, #983, #2773, #4570, #96, #3696, #5476, #5681, #3403, #1192, #242, #2859, #274, #2951, #1549, #4661 ),
 ( #3342, #2416, #3900, #184, #2017, #1985, #5184, #625, #2075, #3872, #2044, #2504, #5654, #2104, #4746, #1640, #2986, #1671, #1162, #4309, #3433, #5100, #1074, #1609, #5593, #4224, #3783, #5565, #5214, #2473, #1580, #4776, #5129, #713, #746, #4718, #1103, #2534, #4251, #2889 ),
 ( #4690, #4342, #306, #656, #2445, #212, #3812, #3370, #5157, #1134, #2921, #687, #4278, #3841, #5624, #5793, #2597, #3520, #775, #3958, #3491, #5712, #2237, #3929, #5358, #4861, #445, #3016, #859, #5307, #5742, #3986, #364, #5280, #2185, #1227, #804, #3464, #336, #2651 ),
 ( #1697, #4040, #3128, #1285, #4834, #4478, #4917, #5767, #3547, #3, #1753, #1338, #4423, #4806, #4449, #1312, #1259, #2566, #5332, #4012, #5247, #4369, #831, #885, #3099, #1781, #2676, #3074, #2133, #3572, #1730, #3046, #4396, #2160, #2210, #2624, #390, #4890, #418, #1454 ),
 ( #4621, #4124, #2294, #5384, #4947, #916, #2351, #5006, #4096, #5034, #2708, #3244, #4594, #1423, #473, #5471, #947, #588, #1005, #2323, #5412, #4152, #90, #1806, #1838, #2792, #559, #3718, #1896, #60, #3156, #1864, #1393, #3661, #4509, #119, #2738, #5443, #2266, #3216 ),
 ( #4067, #31, #1924, #5498, #2824, #1483, #3690, #977, #3274, #3187, #5065, #4186, #1036, #3603, #1367, #2766, #3631, #4977, #2381, #4536, #503, #4563, #530, #1512, #647, #1630, #2465, #177, #3424, #233, #618, #738, #3864, #5614, #4737, #5204, #2036, #1096, #3775, #1182 ),
 ( #1601, #2882, #1126, #2409, #4768, #5645, #205, #1541, #2977, #2526, #4270, #3833, #147, #3394, #2067, #2911, #3747, #1153, #5175, #4216, #5527, #2942, #705, #1949, #3305, #1571, #5093, #2496, #4301, #1067, #5584, #2852, #265, #4242, #4653, #1975, #5558, #3335, #4683, #5122 ),
 ( #2436, #2008, #3804, #3362, #5149, #4709, #677, #1660, #3457, #4881, #1722, #4827, #1746, #5239, #5760, #1303, #3951, #3009, #2178, #3483, #1330, #3539, #4853, #2125, #851, #824, #4332, #4361, #5325, #3092, #410, #2617, #2588, #5672, #796, #3921, #4389, #1219, #2643, #5273 ) ),
 .UNSPECIFIED., .F., .F., .F.,
 ( 6, 2, 5, 6 ),
 ( 4, 1, 1, 1, 1, 1, 1, 1, 1, 1, 1, 1, 1, 1, 1, 1, 1, 1, 1, 1, 1, 1, 1, 1, 1, 1, 1, 1, 1, 1, 1, 1, 1, 1, 1, 1, 1, 4 ),
 ( 0.000000000000000000, 0.5000000000000000000, 1.000000000000000000, 1.010000000000000009 ),
 ( 0.000000000000000000, 7.573993736999132080E-06, 1.767265205299797372E-05, 3.534530410599594745E-05, 7.069060821199189490E-05, 0.0001211838997919861133, 0.0001817758496879791699, 0.0002625651162159699302, 0.0003635516993759583398, 0.0005251302324319398604, 0.0007271033987519166797, 0.001050260464863879721, 0.001454206797503833359, 0.001938942396671777813, 0.002423677995839722266, 0.003069992128063648348, 0.003877884793343555625, 0.004847355991679444531, 0.005816827190015333438, 0.006786298388351222344, 0.007755769586687111250, 0.008725240785023000156, 0.009694711983358889063, 0.01066418318169477797, 0.01163365438003066688, 0.01244154704531057372, 0.01308786117753450023, 0.01357259677670244469, 0.01397654310934239898, 0.01429970017545436310, 0.01454206797503833359, 0.01478443577462230409, 0.01498640894094228210, 0.01514798747399826416, 0.01526917137379024854, 0.01537015795695023841, 0.01545094722347822858, 0.01551153917337422250 ),
 .UNSPECIFIED. ) ;
#3986 = CARTESIAN_POINT ( 'NONE',  ( 1.474157096303444936, 29.00344794935232429, 3.536903213904548871 ) ) ;
#3987 = CARTESIAN_POINT ( 'NONE',  ( 5.513109267146141690, 5.267183742960392934, 2.786381464777183847 ) ) ;
#3988 = CARTESIAN_POINT ( 'NONE',  ( 2.094386215928917494, 5.819524148828651988, 6.584280433081716843 ) ) ;
#3989 = CARTESIAN_POINT ( 'NONE',  ( -4.749152357778418043, 4.592396235866008425, 2.463801153045953374 ) ) ;
#3990 = CARTESIAN_POINT ( 'NONE',  ( 1.605771660758113173, 27.36876116085282362, 2.055265933341633655 ) ) ;
#3991 = ORIENTED_EDGE ( 'NONE', *, *, #3601, .F. ) ;
#3992 = CARTESIAN_POINT ( 'NONE',  ( 9.296011211459269674, 12.49514051287987293, 1.765247423863258724 ) ) ;
#3993 = CARTESIAN_POINT ( 'NONE',  ( 1.144947035564947146, 13.39279153786013765, 5.403835772283816397 ) ) ;
#3994 = CARTESIAN_POINT ( 'NONE',  ( 8.055500116368328634, 8.454533651207908562, 2.166604504952592158 ) ) ;
#3995 = CARTESIAN_POINT ( 'NONE',  ( -5.966119111006019438, 5.674633039558898417, 2.709360960772885907 ) ) ;
#3996 = CARTESIAN_POINT ( 'NONE',  ( 5.388650706470017759, 21.56006407070806574, 3.088801392489346931 ) ) ;
#3997 = CARTESIAN_POINT ( 'NONE',  ( -1.543610394649162831, -0.4811127351081775361, 0.6921386957579505061 ) ) ;
#3998 = EDGE_CURVE ( 'NONE', #1407, #1459, #1982, .T. ) ;
#3999 = CARTESIAN_POINT ( 'NONE',  ( -1.393527748111017761, -1.035272602471346115, 0.9055819254921327888 ) ) ;
#4000 = CARTESIAN_POINT ( 'NONE',  ( -1.956206209562689091, 18.01263423744956782, 8.872498345894893390 ) ) ;
#4001 = CARTESIAN_POINT ( 'NONE',  ( -8.550000000000000711, 13.39279153786013588, 40.09866853283232757 ) ) ;
#4002 = CARTESIAN_POINT ( 'NONE',  ( 0.000000000000000000, 15.50878895555845816, 40.00000000000000000 ) ) ;
#4003 = CARTESIAN_POINT ( 'NONE',  ( -4.791435309691051359, 21.22211133629094348, 3.370480768869221322 ) ) ;
#4004 = CARTESIAN_POINT ( 'NONE',  ( -7.397171283554615506, 9.694801865007695696, 2.422157472437677761 ) ) ;
#4005 = CARTESIAN_POINT ( 'NONE',  ( -1.393229903547761328, -1.035257806988338469, 0.9080320707056288576 ) ) ;
#4006 = CARTESIAN_POINT ( 'NONE',  ( 1.167762976482540571, 1.135643333266250332, 6.729659202097231230 ) ) ;
#4007 = CARTESIAN_POINT ( 'NONE',  ( -1.373889271808149015, -1.055185306102428555, 1.026864888804659426 ) ) ;
#4008 = CARTESIAN_POINT ( 'NONE',  ( -8.058137522126640917, 18.32358846043415923, 2.191611287180795120 ) ) ;
#4009 = CARTESIAN_POINT ( 'NONE',  ( 8.591610668644712234, 9.711795008133496054, 2.000987917810513217 ) ) ;
#4010 = CARTESIAN_POINT ( 'NONE',  ( -10.71661179268455477, 14.14735445896117483, 1.250000000000002220 ) ) ;
#4011 = CARTESIAN_POINT ( 'NONE',  ( 1.544569282262374221, 28.69022570514660941, -9.529215085911806411E-15 ) ) ;
#4012 = CARTESIAN_POINT ( 'NONE',  ( 1.712037304783721403, 23.44138132292019705, 10.41454057143943146 ) ) ;
#4013 = B_SPLINE_CURVE_WITH_KNOTS ( 'NONE', 3,
 ( #4106, #4957, #1876, #3670, #5453, #542, #2334, #4135, #5047, #1019, #2807, #4256, #219, #2990, #189, #5189, #661, #4346 ),
 .UNSPECIFIED., .F., .F.,
 ( 4, 2, 2, 2, 2, 2, 2, 2, 4 ),
 ( 0.5000000000000000000, 0.5625000000000000000, 0.6250000000000000000, 0.6875000000000000000, 0.7500000000000000000, 0.8125000000000000000, 0.8750000000000000000, 0.9375000000000000000, 1.000000000000000000 ),
 .UNSPECIFIED. ) ;
#4014 = SHAPE_DEFINITION_REPRESENTATION ( #4495, #2747 ) ;
#4015 = CARTESIAN_POINT ( 'NONE',  ( 5.614064316770766006, 21.65479540098341715, 2.483577147047510980 ) ) ;
#4016 = ORIENTED_EDGE ( 'NONE', *, *, #3356, .F. ) ;
#4017 = ORIENTED_EDGE ( 'NONE', *, *, #3748, .T. ) ;
#4018 = CARTESIAN_POINT ( 'NONE',  ( 8.510268931052401342, 15.57031025257468748, 2.046828345182853504 ) ) ;
#4019 = CARTESIAN_POINT ( 'NONE',  ( 8.498402280513875695, 9.515290296579419049, 2.029640841594555933 ) ) ;
#4020 = CARTESIAN_POINT ( 'NONE',  ( -7.681991388691060685, 6.927004061125809464, 1.486880996426634738 ) ) ;
#4021 = CARTESIAN_POINT ( 'NONE',  ( -5.378666106305407091, 4.975916445432161161, 2.414838540224681918 ) ) ;
#4022 = CARTESIAN_POINT ( 'NONE',  ( 4.849017627305899580, 21.36154684164655748, 3.346751067932594470 ) ) ;
#4023 = CARTESIAN_POINT ( 'NONE',  ( -1.870562219813711735, 9.723105773252774142, 11.04388643312572960 ) ) ;
#4024 = EDGE_LOOP ( 'NONE', ( #3349, #1169, #5018, #342 ) ) ;
#4025 = CIRCLE ( 'NONE', #5335, 10.00000000000000355 ) ;
#4026 = CARTESIAN_POINT ( 'NONE',  ( -1.646256034416127889, 27.34659100220032002, -0.2271620544871904845 ) ) ;
#4027 = CARTESIAN_POINT ( 'NONE',  ( -1.610905311955981745, 27.37140016294496903, 2.153491707239425512 ) ) ;
#4028 = CARTESIAN_POINT ( 'NONE',  ( 1.206664351418413217, -0.5045076394703965628, 3.312570590850218100 ) ) ;
#4029 = AXIS2_PLACEMENT_3D ( 'NONE', #3564, #2095, #2153 ) ;
#4030 = CARTESIAN_POINT ( 'NONE',  ( 9.340142582916797664, 13.08158118508545265, 1.749999951165463141 ) ) ;
#4031 = CARTESIAN_POINT ( 'NONE',  ( -7.741809275072633056, 7.896246467325259033, 2.260211458530438478 ) ) ;
#4032 = CARTESIAN_POINT ( 'NONE',  ( 1.806594664903538261, 7.396737581053919541, 9.747246747206416373 ) ) ;
#4033 = CARTESIAN_POINT ( 'NONE',  ( -1.386016828935784817, -1.070016400492962205, 0.9015752129709873053 ) ) ;
#4034 = CARTESIAN_POINT ( 'NONE',  ( -5.087550759984909021, 22.00987210152380058, 2.676148246282511245 ) ) ;
#4035 = CARTESIAN_POINT ( 'NONE',  ( 2.474303644447737760, 11.07566470239432554, 6.027048162345987059 ) ) ;
#4036 = EDGE_CURVE ( 'NONE', #4813, #5312, #2502, .T. ) ;
#4037 = CARTESIAN_POINT ( 'NONE',  ( -8.779851511135799313, 15.35611234667047142, 1.949999999999993072 ) ) ;
#4038 = CARTESIAN_POINT ( 'NONE',  ( -6.271275879941467402, 9.740868134481432961, 2.821865007743507459 ) ) ;
#4039 = CARTESIAN_POINT ( 'NONE',  ( 1.570747530340866671, 28.31359532817631575, 6.274608315023043337E-15 ) ) ;
#4040 = CARTESIAN_POINT ( 'NONE',  ( 1.923753928448769246, 17.15748332407297738, 11.23230481393526503 ) ) ;
#4041 = CARTESIAN_POINT ( 'NONE',  ( -8.235412586718080519, 18.04849199368015533, 2.128783044694333881 ) ) ;
#4042 = CARTESIAN_POINT ( 'NONE',  ( 6.580834045762994577, 6.283386266989311686, 2.564716651014471882 ) ) ;
#4043 = CARTESIAN_POINT ( 'NONE',  ( 8.048196631690366587, 18.33857098542404884, 2.194165475939214183 ) ) ;
#4044 = ORIENTED_EDGE ( 'NONE', *, *, #68, .T. ) ;
#4045 = CARTESIAN_POINT ( 'NONE',  ( 2.398500073810325262, 17.16948188383676666, 6.168983979313262367 ) ) ;
#4046 = CARTESIAN_POINT ( 'NONE',  ( 2.124681918573255501, 14.96975158808963613, 4.381133404468767978 ) ) ;
#4047 = CARTESIAN_POINT ( 'NONE',  ( 5.258318850566156222, 4.911725177605017478, 2.514976498386108705 ) ) ;
#4048 = CARTESIAN_POINT ( 'NONE',  ( -8.413681447319465434, 9.138243057019391102, 2.053333411576927947 ) ) ;
#4049 = CARTESIAN_POINT ( 'NONE',  ( 9.998048486567595816, 12.82242215652615869, 1.320713467962489229 ) ) ;
#4050 = CARTESIAN_POINT ( 'NONE',  ( -1.182485190808985953, -0.3266538547946019055, 3.822006971253000263 ) ) ;
#4051 = ORIENTED_EDGE ( 'NONE', *, *, #4602, .F. ) ;
#4052 = CARTESIAN_POINT ( 'NONE',  ( -8.543125434913728000, 11.23843162944982410, 2.030486341545787887 ) ) ;
#4053 = CARTESIAN_POINT ( 'NONE',  ( -1.683855452862346835, 24.80031571786267364, 7.668457722200827220 ) ) ;
#4054 = CARTESIAN_POINT ( 'NONE',  ( 9.325253414334866875, 14.17961504430671127, 1.754202359625435026 ) ) ;
#4055 = CARTESIAN_POINT ( 'NONE',  ( -0.9662869400447059443, 30.14484053454940948, 40.00000000000000000 ) ) ;
#4056 = CARTESIAN_POINT ( 'NONE',  ( -2.370155507094498848, 9.394357395184446347, 6.305480950792198946 ) ) ;
#4057 = CARTESIAN_POINT ( 'NONE',  ( -9.180495020559092723, 11.40192365643049932, 1.804996195903986189 ) ) ;
#4058 = CARTESIAN_POINT ( 'NONE',  ( 4.591025931332141319, 4.469650757973528066, 1.171425420925496619 ) ) ;
#4059 = CARTESIAN_POINT ( 'NONE',  ( -8.522589370418717891, 9.612110438662112344, 2.022364788391386003 ) ) ;
#4060 = CARTESIAN_POINT ( 'NONE',  ( 1.698476730630706921, 5.882732948830948772, 9.493343764222673897 ) ) ;
#4061 = CARTESIAN_POINT ( 'NONE',  ( -1.397799565075052763, -1.069492982982926055, 0.8071323946163757590 ) ) ;
#4062 = CARTESIAN_POINT ( 'NONE',  ( -8.468401630302471617, 17.27817953317575572, 2.052471587150439536 ) ) ;
#4063 = CARTESIAN_POINT ( 'NONE',  ( -5.062406432291383318, 11.56994107863299526, 3.667311663773900055 ) ) ;
#4064 = CARTESIAN_POINT ( 'NONE',  ( 4.553070779666191115, 5.414519037007811342, 3.272710383742758022 ) ) ;
#4065 = CARTESIAN_POINT ( 'NONE',  ( 1.473100905823792717, 28.94476170606342791, 3.906316093531020606 ) ) ;
#4066 = CARTESIAN_POINT ( 'NONE',  ( -3.056044360803121585, 3.324041878674280692, 1.570163890968365727 ) ) ;
#4067 = CARTESIAN_POINT ( 'NONE',  ( 1.922712556702269593, 17.15453114325440964, 11.28032612612678420 ) ) ;
#4068 = EDGE_CURVE ( 'NONE', #4286, #3879, #2419, .T. ) ;
#4069 = CARTESIAN_POINT ( 'NONE',  ( 8.349429229423360965, 9.010243384941627909, 2.073844382356515137 ) ) ;
#4070 = CARTESIAN_POINT ( 'NONE',  ( -1.482328878665600369, 28.72924985053079538, 4.821027670939565191 ) ) ;
#4071 = ORIENTED_EDGE ( 'NONE', *, *, #4138, .F. ) ;
#4072 = CARTESIAN_POINT ( 'NONE',  ( 1.897776059336976129, 24.59955190330599351, 5.445570485400208049 ) ) ;
#4073 = CARTESIAN_POINT ( 'NONE',  ( 6.212476087406278324, 15.93377583499247230, 2.997687179832680737 ) ) ;
#4074 = CARTESIAN_POINT ( 'NONE',  ( 4.847125049328073310, 4.846314050770355486, 2.994259335492003959 ) ) ;
#4075 = CARTESIAN_POINT ( 'NONE',  ( -8.549843605796072055, 8.149030720806258898, 1.236357538084061680 ) ) ;
#4076 = CARTESIAN_POINT ( 'NONE',  ( -7.134678166710260783, 6.951234395880988792, 2.424493114484840728 ) ) ;
#4077 = CARTESIAN_POINT ( 'NONE',  ( 6.840233567377625334, 5.963616619464105817, 2.010982315567575007 ) ) ;
#4078 = CARTESIAN_POINT ( 'NONE',  ( -1.161807197652661827, -0.08702199240757790832, 4.421744775236941649 ) ) ;
#4079 = CARTESIAN_POINT ( 'NONE',  ( -2.041273735638923004, 6.849148587680559785, 4.203264004551335198 ) ) ;
#4080 = CARTESIAN_POINT ( 'NONE',  ( -1.496659307336481781, 29.08714607368643001, 2.032533742075067984 ) ) ;
#4081 = DIRECTION ( 'NONE',  ( -1.000000000000000000, 0.000000000000000000, 0.000000000000000000 ) ) ;
#4082 = CARTESIAN_POINT ( 'NONE',  ( 9.007742680515262279, 9.048640185556964255, 1.106925934811978429 ) ) ;
#4083 = B_SPLINE_CURVE_WITH_KNOTS ( 'NONE', 5,
 ( #5211, #2042, #4744, #272, #1190, #2471, #3401, #711 ),
 .UNSPECIFIED., .F., .F.,
 ( 6, 2, 6 ),
 ( 0.000000000000000000, 0.5001835835085305382, 1.000000000000000000 ),
 .UNSPECIFIED. ) ;
#4084 = CARTESIAN_POINT ( 'NONE',  ( -2.034012472051903941, 2.029452078360217460, 2.874049600149592099 ) ) ;
#4085 = CARTESIAN_POINT ( 'NONE',  ( -6.316665589402429504, 20.21214490302974554, 2.817586820868781317 ) ) ;
#4086 = CARTESIAN_POINT ( 'NONE',  ( 7.881207370290117531, 18.65589116419208437, 2.250513737643347945 ) ) ;
#4087 = B_SPLINE_CURVE_WITH_KNOTS ( 'NONE', 3,
 ( #5729, #3506, #1683, #291 ),
 .UNSPECIFIED., .F., .F.,
 ( 4, 4 ),
 ( 0.000000000000000000, 1.000000000000000000 ),
 .UNSPECIFIED. ) ;
#4088 = CARTESIAN_POINT ( 'NONE',  ( -6.914240991542958348, 6.721776480087438443, 2.492021178329342224 ) ) ;
#4089 = CARTESIAN_POINT ( 'NONE',  ( -6.938409207556814451, 20.10548658990472504, 2.545235726023502565 ) ) ;
#4090 = CARTESIAN_POINT ( 'NONE',  ( -1.316028803451840812, 2.869814626082817899, 8.844220865552816946 ) ) ;
#4091 = CARTESIAN_POINT ( 'NONE',  ( -5.659232716538070029, 21.63114791062582398, 2.398232330637481091 ) ) ;
#4092 = CARTESIAN_POINT ( 'NONE',  ( 8.593773765249236973, 10.91273277380495799, 2.012457147569445937 ) ) ;
#4093 = DIRECTION ( 'NONE',  ( -1.000000000000000000, 0.000000000000000000, 0.000000000000000000 ) ) ;
#4094 = CARTESIAN_POINT ( 'NONE',  ( 9.184713797351799158, 12.10221858286215735, 1.804661991074373972 ) ) ;
#4095 = CYLINDRICAL_SURFACE ( 'NONE', #5130, 1.550000000000000266 ) ;
#4096 = CARTESIAN_POINT ( 'NONE',  ( 1.916777132291042296, 17.47125762311315000, 11.25998310308629158 ) ) ;
#4097 = CARTESIAN_POINT ( 'NONE',  ( 7.126323204224972230, 6.953704446228947234, 2.428878605944899682 ) ) ;
#4098 = ADVANCED_FACE ( 'NONE', ( #5563 ), #4400, .F. ) ;
#4099 = CARTESIAN_POINT ( 'NONE',  ( -4.739805886946465208, 4.625732260139513663, 2.770741887990504360 ) ) ;
#4100 = CARTESIAN_POINT ( 'NONE',  ( -1.829747716034973104, 20.53654124505106182, 11.08548822483452767 ) ) ;
#4101 = VERTEX_POINT ( 'NONE', #5182 ) ;
#4102 = CARTESIAN_POINT ( 'NONE',  ( 1.894874120636949710, 25.58776063430028458, 2.365670682171311601 ) ) ;
#4103 = CARTESIAN_POINT ( 'NONE',  ( 6.667986733171407110, 16.03221615353489682, 2.776448811972845654 ) ) ;
#4104 = CARTESIAN_POINT ( 'NONE',  ( 4.412250474121480082, 4.375453844486155930, 2.502435805603266061 ) ) ;
#4105 = CARTESIAN_POINT ( 'NONE',  ( -5.581313603277554769, 5.095896260922002874, 2.002329757735805238 ) ) ;
#4106 = CARTESIAN_POINT ( 'NONE',  ( 1.079612185236600075, 13.39279153786013588, 5.276222157658235545 ) ) ;
#4107 = CARTESIAN_POINT ( 'NONE',  ( -1.145743773238393937, 0.2224651704523431528, 5.124683707462110327 ) ) ;
#4108 = VERTEX_POINT ( 'NONE', #1160 ) ;
#4109 = CARTESIAN_POINT ( 'NONE',  ( -1.774825440526863529, 3.090310236500722230, 3.986504142178982413 ) ) ;
#4110 = CARTESIAN_POINT ( 'NONE',  ( -1.483590929635334010, 29.04097524440041411, 3.205275029328008785 ) ) ;
#4111 = LINE ( 'NONE', #3765, #2231 ) ;
#4112 = CARTESIAN_POINT ( 'NONE',  ( -1.555614885053625551, 28.22949081453874953, 2.042456972306852414 ) ) ;
#4113 = CARTESIAN_POINT ( 'NONE',  ( -2.400334769479749220, 9.700398171997717256, 6.228858859701199790 ) ) ;
#4114 = CARTESIAN_POINT ( 'NONE',  ( -4.622351160391160896, 5.281083987227666476, 3.246280326743789413 ) ) ;
#4115 = CARTESIAN_POINT ( 'NONE',  ( 5.678754829296651430, 5.161646806491360095, -0.1049691521036034830 ) ) ;
#4116 = CARTESIAN_POINT ( 'NONE',  ( -7.447462558926435605, 7.435302762379195407, 2.345510345738980096 ) ) ;
#4117 = CARTESIAN_POINT ( 'NONE',  ( -7.633502265182118940, 19.15523643022388001, 2.326798985845970780 ) ) ;
#4118 = CARTESIAN_POINT ( 'NONE',  ( -1.196300578506932055, 1.660817709651490448, 7.532075854564903139 ) ) ;
#4119 = CARTESIAN_POINT ( 'NONE',  ( -4.693494420472565487, 21.73807110108447915, 3.425254686748528066 ) ) ;
#4120 = CARTESIAN_POINT ( 'NONE',  ( 7.746185523409682361, 7.904318871935197777, 2.259076075530261463 ) ) ;
#4121 = CARTESIAN_POINT ( 'NONE',  ( 5.777202052379256436, 20.60077175870707222, 3.012090182534043148 ) ) ;
#4122 = CARTESIAN_POINT ( 'NONE',  ( 1.473171112042754638, 28.85879325466000012, 4.328199030200744701 ) ) ;
#4123 = CARTESIAN_POINT ( 'NONE',  ( 8.713363299092328873, 18.30125809237603463, 1.212119927086725557 ) ) ;
#4124 = CARTESIAN_POINT ( 'NONE',  ( 1.923204120902235914, 17.15749212448435301, 11.25633734176105349 ) ) ;
#4125 = CARTESIAN_POINT ( 'NONE',  ( -5.521317569033308281, 21.64974034161480176, 2.752698289112805785 ) ) ;
#4126 = CARTESIAN_POINT ( 'NONE',  ( 8.603272172250672867, 9.623736892595969650, 1.993845066515180342 ) ) ;
#4127 = CARTESIAN_POINT ( 'NONE',  ( -6.142234986761157423, 6.269909645144394972, 2.819037444540058779 ) ) ;
#4128 = DIRECTION ( 'NONE',  ( 1.000000000000000000, 0.000000000000000000, 0.000000000000000000 ) ) ;
#4129 = CARTESIAN_POINT ( 'NONE',  ( -1.282166897705156794, -0.8290169304073978784, 2.157569414310956724 ) ) ;
#4130 = CARTESIAN_POINT ( 'NONE',  ( 1.809277060924212588, 21.97953078514262515, 8.807902673885669387 ) ) ;
#4131 = CARTESIAN_POINT ( 'NONE',  ( 7.000000000000000000, 13.39279153786013588, 40.09866853283232757 ) ) ;
#4132 = CARTESIAN_POINT ( 'NONE',  ( 4.730441739218784747, 4.715597932474887344, 2.954303002010566281 ) ) ;
#4133 = CARTESIAN_POINT ( 'NONE',  ( -1.664038171778284836, 6.314075389353017265, 10.62318321480212369 ) ) ;
#4134 = CARTESIAN_POINT ( 'NONE',  ( -8.434994447979716981, 9.252893067601396737, 2.048125851739295289 ) ) ;
#4135 = CARTESIAN_POINT ( 'NONE',  ( 0.2825862054141793367, 14.44430430767876139, 5.276222157658236434 ) ) ;
#4136 = VERTEX_POINT ( 'NONE', #4716 ) ;
#4137 = ORIENTED_EDGE ( 'NONE', *, *, #2805, .F. ) ;
#4138 = EDGE_CURVE ( 'NONE', #396, #721, #4166, .T. ) ;
#4139 = CARTESIAN_POINT ( 'NONE',  ( -1.730588126943424454, 2.703580410134776457, 3.949461403919728664 ) ) ;
#4140 = CARTESIAN_POINT ( 'NONE',  ( -1.487116698376044432, 28.53580874828715963, 5.408278994338719947 ) ) ;
#4141 = CARTESIAN_POINT ( 'NONE',  ( 5.579801366409188113, 5.093517609017587766, 2.104282975046965376 ) ) ;
#4142 = CARTESIAN_POINT ( 'NONE',  ( -2.198483110788583161, 7.226133979127935980, 6.611362002780403202 ) ) ;
#4143 = CARTESIAN_POINT ( 'NONE',  ( -6.212303782951252629, 6.300931648898902893, 2.755521943539084084 ) ) ;
#4144 = CARTESIAN_POINT ( 'NONE',  ( 6.756932340440697793, 17.44781376496670333, 2.580097808108922752 ) ) ;
#4145 = CARTESIAN_POINT ( 'NONE',  ( -5.214333545357027866, 5.018409383932821655, 2.822236630450382311 ) ) ;
#4146 = CARTESIAN_POINT ( 'NONE',  ( -5.645109064458130987, 21.47492730940830086, 2.843400003550000221 ) ) ;
#4147 = CARTESIAN_POINT ( 'NONE',  ( -1.171858557350839991, -0.3595464132192700557, 3.830531340534901297 ) ) ;
#4148 = CARTESIAN_POINT ( 'NONE',  ( -4.537641833275872116, 21.97307140425240846, 3.413731970413135475 ) ) ;
#4149 = CARTESIAN_POINT ( 'NONE',  ( 6.633061959106012040, 6.389951205626189790, 2.564154839598865365 ) ) ;
#4150 = CARTESIAN_POINT ( 'NONE',  ( -7.397168317459107634, 9.694654503561988435, 2.422164562909897345 ) ) ;
#4151 = CARTESIAN_POINT ( 'NONE',  ( 5.731952802963743210, 21.58690814417340675, 2.172745083804069832 ) ) ;
#4152 = CARTESIAN_POINT ( 'NONE',  ( 1.631656701328123571, 25.16547805514105818, 9.577799712575934876 ) ) ;
#4153 = CARTESIAN_POINT ( 'NONE',  ( -8.545825648038677613, 17.30071075954686677, 2.023792837852319337 ) ) ;
#4154 = CARTESIAN_POINT ( 'NONE',  ( 6.564977320196661914, 6.282963336133863486, 2.573906638253123269 ) ) ;
#4155 = CARTESIAN_POINT ( 'NONE',  ( -5.531948522569233972, 5.062999192261944614, 2.097965126871144559 ) ) ;
#4156 = CARTESIAN_POINT ( 'NONE',  ( -1.924992240482495287, 17.17887306180905327, 11.20906212308030447 ) ) ;
#4157 = CARTESIAN_POINT ( 'NONE',  ( -9.999584450665091495, 13.28909651898925226, 0.8101344178879392732 ) ) ;
#4158 = CARTESIAN_POINT ( 'NONE',  ( 1.898167810791677068, 25.57811789397569413, 2.259873066350952087 ) ) ;
#4159 = B_SPLINE_CURVE_WITH_KNOTS ( 'NONE', 3,
 ( #1959, #4314, #3845, #4749 ),
 .UNSPECIFIED., .F., .F.,
 ( 4, 4 ),
 ( 0.000000000000000000, 0.001202872999414701617 ),
 .UNSPECIFIED. ) ;
#4160 = B_SPLINE_SURFACE_WITH_KNOTS ( 'NONE', 3, 1, ( 
 ( #1599, #765 ),
 ( #4823, #703 ),
 ( #3831, #5201 ),
 ( #3861, #1151 ),
 ( #2463, #3481 ),
 ( #3889, #1657 ),
 ( #2492, #2972 ),
 ( #4735, #352 ),
 ( #5236, #5173 ),
 ( #1215, #5611 ),
 ( #3035, #4796 ),
 ( #2907, #4765 ),
 ( #2554, #324 ),
 ( #261, #2122 ),
 ( #3918, #735 ),
 ( #2150, #5270 ),
 ( #4268, #2524 ),
 ( #5701, #2585 ),
 ( #3389, #4386 ),
 ( #294, #3948 ),
 ( #5732, #1718 ),
 ( #5146, #1122 ),
 ( #2639, #4850 ) ),
 .UNSPECIFIED., .F., .F., .F.,
 ( 4, 1, 1, 1, 1, 1, 1, 1, 1, 1, 1, 1, 1, 1, 1, 1, 1, 1, 1, 1, 4 ),
 ( 2, 2 ),
 ( 0.000000000000000000, 0.01009157201816590632, 0.01011542651666808013, 0.08557278336527751605, 0.08576159997952492731, 0.4827117860777819791, 0.4923101661530887574, 0.7326376952534818798, 0.7329991197234315692, 0.8258110647167967722, 0.8261204473221530620, 0.8949145016599475699, 0.9015888706891471704, 0.9435996130438835117, 0.9456607122545964694, 0.9724677920884079452, 0.9738275633310414792, 0.9837783084254657640, 0.9907417446889155155, 0.9948168762777489516, 1.000000000000000000 ),
 ( 0.000000000000000000, 1.000000000000000000 ),
 .UNSPECIFIED. ) ;
#4161 = CARTESIAN_POINT ( 'NONE',  ( 6.907842754778721783, 16.05189061714964538, 2.669011937726422978 ) ) ;
#4162 = CARTESIAN_POINT ( 'NONE',  ( 4.857179613973757526, 4.653643548439500677, 2.587932118472123122 ) ) ;
#4163 = CARTESIAN_POINT ( 'NONE',  ( -1.860952925530798163, 9.518361541363001166, 11.05757035468089455 ) ) ;
#4164 = CARTESIAN_POINT ( 'NONE',  ( -8.501157348261475732, 9.439720261769343423, 2.027592965179190632 ) ) ;
#4165 = CARTESIAN_POINT ( 'NONE',  ( -5.559290666510052326, 21.73571501419292673, 2.217527875743579457 ) ) ;
#4166 = B_SPLINE_CURVE_WITH_KNOTS ( 'NONE', 3,
 ( #2857, #623, #654, #4307 ),
 .UNSPECIFIED., .F., .F.,
 ( 4, 4 ),
 ( 0.000000000000000000, 1.000000000000000000 ),
 .UNSPECIFIED. ) ;
#4167 = CARTESIAN_POINT ( 'NONE',  ( 9.701997931704642752, 15.93705266068121063, 1.150343610826776164 ) ) ;
#4168 = ORIENTED_EDGE ( 'NONE', *, *, #3567, .T. ) ;
#4169 = VERTEX_POINT ( 'NONE', #5652 ) ;
#4170 = CARTESIAN_POINT ( 'NONE',  ( -8.779851511135799313, 15.35611234667047142, 1.949999999999993072 ) ) ;
#4171 = CARTESIAN_POINT ( 'NONE',  ( -1.924575143086886930, 17.19960670132243763, 11.20937473300069698 ) ) ;
#4172 = CARTESIAN_POINT ( 'NONE',  ( -2.620943092156127197, 2.259795271545462114, 2.124040994358564888E-14 ) ) ;
#4173 = CARTESIAN_POINT ( 'NONE',  ( -6.453494942659699696, 5.669451330593073379, 1.841146816133766961 ) ) ;
#4174 = ADVANCED_FACE ( 'NONE', ( #2414 ), #3045, .T. ) ;
#4175 = CARTESIAN_POINT ( 'NONE',  ( -1.548920984274960055, 0.3003371865328047230, 2.141265938585021456 ) ) ;
#4176 = CARTESIAN_POINT ( 'NONE',  ( -9.551832324949200981, 13.41889094306436014, 1.675842155322571969 ) ) ;
#4177 = CARTESIAN_POINT ( 'NONE',  ( 6.434303086005789929, 20.16173838114650962, 2.822632356885733440 ) ) ;
#4178 = DIRECTION ( 'NONE',  ( -1.000000000000000000, 0.000000000000000000, 0.000000000000000000 ) ) ;
#4179 = CARTESIAN_POINT ( 'NONE',  ( -8.342916261150413959, 17.83327706560326575, 2.092057868671707510 ) ) ;
#4180 = CARTESIAN_POINT ( 'NONE',  ( -1.876044639161284167, 9.936634847417066041, 11.12423795176901464 ) ) ;
#4181 = CARTESIAN_POINT ( 'NONE',  ( -4.591517367196530586, 22.32789571016705921, 2.315387495115831307 ) ) ;
#4182 = CARTESIAN_POINT ( 'NONE',  ( 8.525024572401209255, 9.652362131395021194, 2.021901525243260611 ) ) ;
#4183 = CARTESIAN_POINT ( 'NONE',  ( -7.000000000000000000, 13.39279153786013588, 1.750000000000000000 ) ) ;
#4184 = CARTESIAN_POINT ( 'NONE',  ( -1.979691270785298274, 17.15415053604976237, 8.805081042974579830 ) ) ;
#4185 = DIRECTION ( 'NONE',  ( 0.000000000000000000, 0.000000000000000000, -1.000000000000000000 ) ) ;
#4186 = CARTESIAN_POINT ( 'NONE',  ( 1.902974092003998585, 18.05512352165269974, 11.28467426609176272 ) ) ;
#4187 = CARTESIAN_POINT ( 'NONE',  ( -5.751548060454663158, 21.57225486589139507, 2.207691889132109342 ) ) ;
#4188 = CARTESIAN_POINT ( 'NONE',  ( 5.325429628696165985, 4.946934815382446615, 2.461381499425016717 ) ) ;
#4189 = CARTESIAN_POINT ( 'NONE',  ( 0.03600719110604538864, 13.35678434675409143, 6.000000000000000000 ) ) ;
#4190 = CARTESIAN_POINT ( 'NONE',  ( -5.100613347525837504, 4.775722992650859311, 2.191042761533286587 ) ) ;
#4191 = CARTESIAN_POINT ( 'NONE',  ( -1.958538371459683347, 5.334415783215072260, 4.140686500586485685 ) ) ;
#4192 = CARTESIAN_POINT ( 'NONE',  ( -8.309538272785911062, 7.825999888410400729, 1.311097248676261984 ) ) ;
#4193 = CARTESIAN_POINT ( 'NONE',  ( 1.976520328966605122, 17.24117321098126254, 8.808183452977102590 ) ) ;
#4194 = CARTESIAN_POINT ( 'NONE',  ( 10.56095313125730684, 19.92823273451865518, 1.249999999999999556 ) ) ;
#4195 = CARTESIAN_POINT ( 'NONE',  ( 5.103727889129602957, 4.777367876459925888, 2.004664902862770770 ) ) ;
#4196 = CARTESIAN_POINT ( 'NONE',  ( -1.877142366815192087, 9.913562054475002938, 11.07582854007106477 ) ) ;
#4197 = DIRECTION ( 'NONE',  ( 1.000000000000000000, 0.000000000000000000, 0.000000000000000000 ) ) ;
#4198 = CARTESIAN_POINT ( 'NONE',  ( -7.552065781483764617, 7.559953255242163550, 2.312364155018366674 ) ) ;
#4199 = CARTESIAN_POINT ( 'NONE',  ( 8.251787462841827292, 7.628217379215749716, 1.329142840610963106 ) ) ;
#4200 = ORIENTED_EDGE ( 'NONE', *, *, #5178, .T. ) ;
#4201 = ORIENTED_EDGE ( 'NONE', *, *, #1236, .T. ) ;
#4202 = DIRECTION ( 'NONE',  ( -1.000000000000000000, 0.000000000000000000, -0.000000000000000000 ) ) ;
#4203 = CARTESIAN_POINT ( 'NONE',  ( -1.951968177874496391, 17.19885597376137554, 10.00842174068214341 ) ) ;
#4204 = DIRECTION ( 'NONE',  ( -1.000000000000000000, 0.000000000000000000, 0.000000000000000000 ) ) ;
#4205 = CARTESIAN_POINT ( 'NONE',  ( -1.976470279232203975, 9.926962054218703813, 8.652046336800944815 ) ) ;
#4206 = CARTESIAN_POINT ( 'NONE',  ( -5.042322581860761765, 21.76386124780555065, 3.213728306077431096 ) ) ;
#4207 = CARTESIAN_POINT ( 'NONE',  ( 5.226040674089127869, 21.94104126824647594, 2.363437429901535491 ) ) ;
#4208 = CARTESIAN_POINT ( 'NONE',  ( -8.431951163653964798, 17.43560337685804740, 2.064548739446095738 ) ) ;
#4209 = CARTESIAN_POINT ( 'NONE',  ( -5.782591757139752708, 21.55048394370215448, 2.174615253848293683 ) ) ;
#4210 = CARTESIAN_POINT ( 'NONE',  ( -1.825702401398875629, 8.834845640417340107, 11.08369509967220878 ) ) ;
#4211 = CARTESIAN_POINT ( 'NONE',  ( -7.776034828728863424, 17.47259634828378694, 2.309130708766675699 ) ) ;
#4212 = ADVANCED_FACE ( 'NONE', ( #3462 ), #3898, .T. ) ;
#4213 = CARTESIAN_POINT ( 'NONE',  ( 8.329914888463155975, 9.035675900877290445, 2.082309784264469332 ) ) ;
#4214 = CARTESIAN_POINT ( 'NONE',  ( 1.881035531855858478, 9.938449714465061646, 11.02916687658657047 ) ) ;
#4215 = CARTESIAN_POINT ( 'NONE',  ( 8.826364643565444368, 18.09341314156572977, 1.176223545952560734 ) ) ;
#4216 = CARTESIAN_POINT ( 'NONE',  ( 1.710181408054003649, 23.46114421418962692, 10.46788488409139184 ) ) ;
#4217 = CIRCLE ( 'NONE', #263, 1.550000000000000266 ) ;
#4218 = CARTESIAN_POINT ( 'NONE',  ( -5.635307233265761440, 21.63783474410337959, 2.492327789295895268 ) ) ;
#4219 = CARTESIAN_POINT ( 'NONE',  ( 8.076419763468800639, 8.453573288560491505, 2.158123936945856691 ) ) ;
#4220 = CARTESIAN_POINT ( 'NONE',  ( -0.1817538745219504370, 13.34531672154533055, 6.000000000000000000 ) ) ;
#4221 = CARTESIAN_POINT ( 'NONE',  ( -5.021404723520469737, 4.723028264853176061, 1.885739133781930033 ) ) ;
#4222 = DIRECTION ( 'NONE',  ( 0.000000000000000000, 0.000000000000000000, -1.000000000000000000 ) ) ;
#4223 = CARTESIAN_POINT ( 'NONE',  ( -7.976478202150359742, 7.349102449916524726, 1.407593810671168733 ) ) ;
#4224 = CARTESIAN_POINT ( 'NONE',  ( 1.559398320189995246, 27.12166373329827707, 6.417057149114391734 ) ) ;
#4225 = CARTESIAN_POINT ( 'NONE',  ( 10.22318579622194079, 1.669816348357741287, 1.250000000000000666 ) ) ;
#4226 = CARTESIAN_POINT ( 'NONE',  ( 6.791990681420889686, 8.928435547936460992, 2.494809372321377783 ) ) ;
#4227 = CARTESIAN_POINT ( 'NONE',  ( -7.117054671684982736, 6.951572488188848986, 2.433585251356227719 ) ) ;
#4228 = CARTESIAN_POINT ( 'NONE',  ( 0.7955681916010137744, -3.299159055770542803, 0.000000000000000000 ) ) ;
#4229 = ORIENTED_EDGE ( 'NONE', *, *, #5386, .T. ) ;
#4230 = VERTEX_POINT ( 'NONE', #2532 ) ;
#4231 = CARTESIAN_POINT ( 'NONE',  ( 3.183913132038469040, 3.056480055885603342, 3.786237274226722516E-15 ) ) ;
#4232 = CARTESIAN_POINT ( 'NONE',  ( 0.2488417067827991824, 13.14394983107734305, 6.000000000000000000 ) ) ;
#4233 = CARTESIAN_POINT ( 'NONE',  ( 5.118047000129757329, 21.03340259695904635, 3.251140149622194553 ) ) ;
#4234 = CARTESIAN_POINT ( 'NONE',  ( -2.106763655602393648, 1.875714790766889850, 1.331094651310516408 ) ) ;
#4235 = CARTESIAN_POINT ( 'NONE',  ( 6.780938003367261935, 17.64862983136971408, 2.554437956239385965 ) ) ;
#4236 = CARTESIAN_POINT ( 'NONE',  ( -5.711783204285123539, 21.59974473655419303, 2.269746604453874994 ) ) ;
#4237 = CARTESIAN_POINT ( 'NONE',  ( -5.249999999999999112, 13.39279153786013588, 1.750000000000001554 ) ) ;
#4238 = CARTESIAN_POINT ( 'NONE',  ( -1.900719278021672176, 25.58705139356828440, 2.364399229360322874 ) ) ;
#4239 = CARTESIAN_POINT ( 'NONE',  ( 8.111139965890457049, 8.567518082957453984, 2.149576083292725315 ) ) ;
#4240 = CARTESIAN_POINT ( 'NONE',  ( -4.550910145672500740, 5.433015098071018123, 3.278078394638306303 ) ) ;
#4241 = CARTESIAN_POINT ( 'NONE',  ( -2.487442415237084870, 13.48550535734018752, 6.078511651223450052 ) ) ;
#4242 = CARTESIAN_POINT ( 'NONE',  ( 1.473595776754683229, 29.13637287106806539, 2.911066944412437074 ) ) ;
#4243 = CARTESIAN_POINT ( 'NONE',  ( 1.568941921069047396, 0.2640367601157442290, 1.867165187527774384 ) ) ;
#4244 = CARTESIAN_POINT ( 'NONE',  ( -5.527835485521952030, 21.61849019289948259, 2.800300865083353408 ) ) ;
#4245 = CARTESIAN_POINT ( 'NONE',  ( 5.442970376880011507, 5.007361677754219365, 2.302012533846526932 ) ) ;
#4246 = CARTESIAN_POINT ( 'NONE',  ( -4.713447545519170667, 4.573300553035266169, 2.315038988203581560 ) ) ;
#4247 = CARTESIAN_POINT ( 'NONE',  ( -4.945915137730795053, 4.672325300275120163, 1.765223175098563413 ) ) ;
#4248 = CARTESIAN_POINT ( 'NONE',  ( -2.149838988684639407, 11.31383264545706702, 4.322883505834965057 ) ) ;
#4249 = EDGE_CURVE ( 'NONE', #486, #4939, #2545, .T. ) ;
#4250 = CARTESIAN_POINT ( 'NONE',  ( -6.281995382651873960, 5.562389471633404803, 1.889208573258095658 ) ) ;
#4251 = CARTESIAN_POINT ( 'NONE',  ( 1.547709095785017253, 28.23115316717698775, 2.079427862184211939 ) ) ;
#4252 = CARTESIAN_POINT ( 'NONE',  ( 10.56684243250705180, 5.737991155734693649, 1.249999999999998890 ) ) ;
#4253 = CARTESIAN_POINT ( 'NONE',  ( 6.270640929982128853, 9.744106325291491899, 2.822522176892535928 ) ) ;
#4254 = DIRECTION ( 'NONE',  ( 1.000000000000000000, 0.000000000000000000, 0.000000000000000000 ) ) ;
#4255 = CARTESIAN_POINT ( 'NONE',  ( -8.402296080017160662, 9.138748215713244250, 2.057556980710899985 ) ) ;
#4256 = CARTESIAN_POINT ( 'NONE',  ( -0.5437131879248551236, 14.33614197002127355, 5.276222157658236434 ) ) ;
#4257 = ORIENTED_EDGE ( 'NONE', *, *, #5717, .T. ) ;
#4258 = ORIENTED_EDGE ( 'NONE', *, *, #3204, .T. ) ;
#4259 = CARTESIAN_POINT ( 'NONE',  ( -10.67454766196972393, 8.372724710049698871, 1.249999999999994005 ) ) ;
#4260 = CARTESIAN_POINT ( 'NONE',  ( -1.395335524718021585E-17, 13.59421012517085003, 6.000000000000000000 ) ) ;
#4261 = CARTESIAN_POINT ( 'NONE',  ( -5.335440544009329322, 20.88068514255075669, 3.173000292269427369 ) ) ;
#4262 = CARTESIAN_POINT ( 'NONE',  ( 5.122075335812605879, 21.04076264959527620, 3.249550618625220100 ) ) ;
#4263 = CARTESIAN_POINT ( 'NONE',  ( -1.524252920722340532, 0.3368610202419833888, 2.434317759263708858 ) ) ;
#4264 = CARTESIAN_POINT ( 'NONE',  ( 5.482060877144297351, 21.35562182961327338, 3.079163995927438169 ) ) ;
#4265 = CARTESIAN_POINT ( 'NONE',  ( -0.2814324671473850681, 43.78589022003807685, 0.000000000000000000 ) ) ;
#4266 = CARTESIAN_POINT ( 'NONE',  ( 8.468854313896187591, 17.27386709365175932, 2.051517134455385083 ) ) ;
#4267 = CARTESIAN_POINT ( 'NONE',  ( -3.577527563438048563, 17.74563070994938130, 4.137862977233924155 ) ) ;
#4268 = CARTESIAN_POINT ( 'NONE',  ( -1.063908715058995202, -2.715005850330362680, 0.000000000000000000 ) ) ;
#4269 = CARTESIAN_POINT ( 'NONE',  ( 3.890566762434161774, 9.842572334373404175, 4.052781083985554922 ) ) ;
#4270 = CARTESIAN_POINT ( 'NONE',  ( 1.908744355807139081, 17.78766224815557351, 11.30895184751499905 ) ) ;
#4271 = CARTESIAN_POINT ( 'NONE',  ( 1.340318426365658233, -0.06559406271388457110, 3.234872916149958311 ) ) ;
#4272 = CARTESIAN_POINT ( 'NONE',  ( -5.642921204095406651, 21.63831063093157070, 2.446729715467248489 ) ) ;
#4273 = CARTESIAN_POINT ( 'NONE',  ( 8.569949038176707390, 9.650642020138194610, 2.005966382674541748 ) ) ;
#4274 = CARTESIAN_POINT ( 'NONE',  ( 0.9284866781557173931, 17.14833543944500249, 40.00000000000000000 ) ) ;
#4275 = CARTESIAN_POINT ( 'NONE',  ( -4.870425551941120368, 4.621622335697065154, 1.644707216415197015 ) ) ;
#4276 = CARTESIAN_POINT ( 'NONE',  ( -2.125222166460963180, 9.507491723987849142, 4.284089816263152883 ) ) ;
#4277 = CARTESIAN_POINT ( 'NONE',  ( -5.661547027438494695, 5.149568105203950807, 0.6354021990725793323 ) ) ;
#4278 = CARTESIAN_POINT ( 'NONE',  ( 1.895448738562073299, 18.41370150485688129, 11.21120955588587798 ) ) ;
#4279 = CARTESIAN_POINT ( 'NONE',  ( 2.043094005523656165, 6.858425789609277956, 4.201816192020563889 ) ) ;
#4280 = EDGE_CURVE ( 'NONE', #5049, #4136, #441, .T. ) ;
#4281 = CARTESIAN_POINT ( 'NONE',  ( 6.825004644157474765, 9.080459474882825788, 2.488227057552077515 ) ) ;
#4282 = CARTESIAN_POINT ( 'NONE',  ( -0.2710206270822896335, -4.045826090960265908, 0.000000000000000000 ) ) ;
#4283 = CARTESIAN_POINT ( 'NONE',  ( -8.260071272959333299, 8.857431111617811936, 2.102939323237371649 ) ) ;
#4284 = DIRECTION ( 'NONE',  ( -0.000000000000000000, -0.000000000000000000, -1.000000000000000000 ) ) ;
#4285 = VERTEX_POINT ( 'NONE', #1728 ) ;
#4286 = VERTEX_POINT ( 'NONE', #3518 ) ;
#4287 = CARTESIAN_POINT ( 'NONE',  ( -5.450000000000000178, 13.39279153786013588, 0.000000000000000000 ) ) ;
#4288 = CARTESIAN_POINT ( 'NONE',  ( -0.9867170708149418656, 13.65052586024986780, 5.531449386909396360 ) ) ;
#4289 = CARTESIAN_POINT ( 'NONE',  ( -2.745329837333865510E-15, 12.24784450229517851, 5.403835772283812844 ) ) ;
#4290 = STYLED_ITEM ( 'NONE', ( #3667 ), #2290 ) ;
#4291 = CARTESIAN_POINT ( 'NONE',  ( -8.425066814621770206, 9.137737898325539732, 2.049109842442955909 ) ) ;
#4292 = CARTESIAN_POINT ( 'NONE',  ( 8.138178791816018887, 17.94745603475088913, 2.167680253519373323 ) ) ;
#4293 = CARTESIAN_POINT ( 'NONE',  ( -2.130772583189458835, 1.925456613808154582, 1.200899548130328842 ) ) ;
#4294 = CARTESIAN_POINT ( 'NONE',  ( 2.698282496343244130, 23.65629833098857304, 3.799387823412108567 ) ) ;
#4295 = CARTESIAN_POINT ( 'NONE',  ( -8.467127333764173258, 17.28939976147928093, 2.052849290351149936 ) ) ;
#4296 = CYLINDRICAL_SURFACE ( 'NONE', #237, 1.550000000000000266 ) ;
#4297 = CARTESIAN_POINT ( 'NONE',  ( -3.424987007899751301, 18.66926234432990128, 4.378844889787478323 ) ) ;
#4298 = CARTESIAN_POINT ( 'NONE',  ( 5.535405046603416146, 5.064301786503612846, 2.095743303761328225 ) ) ;
#4299 = CARTESIAN_POINT ( 'NONE',  ( -8.009855057937915745, 8.669561375526878777, 2.190942121031548950 ) ) ;
#4300 = CARTESIAN_POINT ( 'NONE',  ( 6.267415055257780310, 9.744634668617056406, 2.824647920594494099 ) ) ;
#4301 = CARTESIAN_POINT ( 'NONE',  ( 1.470531873993216498, 28.79307961203535982, 4.844452193266191919 ) ) ;
#4302 = CARTESIAN_POINT ( 'NONE',  ( 1.633913556270669476, 0.2051117449185369535, 1.060187989463861724 ) ) ;
#4303 = CARTESIAN_POINT ( 'NONE',  ( -8.499351192198167482, 17.32011089675587456, 2.040725097452502190 ) ) ;
#4304 = CARTESIAN_POINT ( 'NONE',  ( 5.120851063470469811, 4.892065813410802377, 2.740800582026672760 ) ) ;
#4305 = CARTESIAN_POINT ( 'NONE',  ( -9.794251965370667889, 15.87126847043937161, 0.8599432337850710928 ) ) ;
#4306 = CARTESIAN_POINT ( 'NONE',  ( -4.450873573691233709, 4.371643433859701666, 1.769823538224383430 ) ) ;
#4307 = CARTESIAN_POINT ( 'NONE',  ( 5.731952802963743210, 21.58690814417340675, 2.172745083804069832 ) ) ;
#4308 = CARTESIAN_POINT ( 'NONE',  ( -5.670330349662484615, 5.155558842988098966, 0.6370261417934534043 ) ) ;
#4309 = CARTESIAN_POINT ( 'NONE',  ( 1.743587549188921226, 23.10541217133994962, 9.507687256356078365 ) ) ;
#4310 = AXIS2_PLACEMENT_3D ( 'NONE', #4421, #1751, #5278 ) ;
#4311 = CARTESIAN_POINT ( 'NONE',  ( 8.661465650052074139, 10.91095758304250651, 1.988236371827280857 ) ) ;
#4312 = CARTESIAN_POINT ( 'NONE',  ( 6.742646671915741408, 8.745300156261565760, 2.509661290748820939 ) ) ;
#4313 = AXIS2_PLACEMENT_3D ( 'NONE', #4846, #4793, #3914 ) ;
#4314 = CARTESIAN_POINT ( 'NONE',  ( -9.187206437386347346, 14.67687889124072065, 1.803890616758065946 ) ) ;
#4315 = CARTESIAN_POINT ( 'NONE',  ( -7.923096484213647983, 8.186943863504838603, 2.205237699499814852 ) ) ;
#4316 = CARTESIAN_POINT ( 'NONE',  ( 0.7313760545697582938, 32.75844570447051041, 39.99999999999992184 ) ) ;
#4317 = ORIENTED_EDGE ( 'NONE', *, *, #5322, .T. ) ;
#4318 = ORIENTED_EDGE ( 'NONE', *, *, #3778, .F. ) ;
#4319 = CARTESIAN_POINT ( 'NONE',  ( 4.996245996779747678, 4.697103995319602099, -1.382052838058006605E-13 ) ) ;
#4320 = CARTESIAN_POINT ( 'NONE',  ( -0.1817538745219505203, 13.39279153786013588, 6.000000000000000000 ) ) ;
#4321 = CARTESIAN_POINT ( 'NONE',  ( -4.780819732027262958, 21.20072820300339700, 3.374708048485854928 ) ) ;
#4322 = CARTESIAN_POINT ( 'NONE',  ( -8.539271640161397059, 9.438091524173039204, 2.013886739625130762 ) ) ;
#4323 = CARTESIAN_POINT ( 'NONE',  ( 7.751013372159482273, 8.191258253392959432, 2.275011690899613637 ) ) ;
#4324 = CARTESIAN_POINT ( 'NONE',  ( -1.517863306113154787, -0.4552206496831089355, 0.9811946691154890265 ) ) ;
#4325 = CARTESIAN_POINT ( 'NONE',  ( 3.820708328703748435, 17.18551420718430478, 4.154457629738494084 ) ) ;
#4326 = EDGE_CURVE ( 'NONE', #1548, #5312, #2610, .T. ) ;
#4327 = CARTESIAN_POINT ( 'NONE',  ( 6.931718303751605248, 10.73283971693538241, 2.640019555157172793 ) ) ;
#4328 = CARTESIAN_POINT ( 'NONE',  ( -1.399663937202930031, -1.115592691935163527, 0.7072463500749303078 ) ) ;
#4329 = CARTESIAN_POINT ( 'NONE',  ( -1.938502650937582894, 23.73514057402271860, 6.239568915655077319 ) ) ;
#4330 = FACE_OUTER_BOUND ( 'NONE', #1765, .T. ) ;
#4331 = CARTESIAN_POINT ( 'NONE',  ( -8.550583303510064681, 15.99854649670656315, 2.032608781052775981 ) ) ;
#4332 = CARTESIAN_POINT ( 'NONE',  ( 1.484527507488591969, 28.32102987541808758, 6.132696280282451617 ) ) ;
#4333 = EDGE_LOOP ( 'NONE', ( #3133, #4258, #2336, #3701 ) ) ;
#4334 = CARTESIAN_POINT ( 'NONE',  ( 1.507370704018361263, -0.4453093738542425739, 1.098019858684166739 ) ) ;
#4335 = CARTESIAN_POINT ( 'NONE',  ( -8.430704218667184335, 17.48544968315457382, 2.064468818794557237 ) ) ;
#4336 = CARTESIAN_POINT ( 'NONE',  ( 7.934676629660891045, 8.189192973087282112, 2.200695207494862693 ) ) ;
#4337 = B_SPLINE_CURVE_WITH_KNOTS ( 'NONE', 5,
 ( #5005, #3243, #5470, #3215, #2321, #1482, #2408, #5064 ),
 .UNSPECIFIED., .F., .F.,
 ( 6, 2, 6 ),
 ( 0.000000000000000000, 0.4999955563624007837, 0.9999998982586211227 ),
 .UNSPECIFIED. ) ;
#4338 = CARTESIAN_POINT ( 'NONE',  ( 1.093474122637805968, 13.39279153786013943, 5.531449386909395471 ) ) ;
#4339 = CARTESIAN_POINT ( 'NONE',  ( -4.551519514974469161, 4.453622829322224419, 2.169158307818380926 ) ) ;
#4340 = CARTESIAN_POINT ( 'NONE',  ( -1.814351945149453416, 3.484604582366086944, 4.020278506251045769 ) ) ;
#4341 = CARTESIAN_POINT ( 'NONE',  ( -4.630838493109535214, 4.489323605225812308, 0.4485078832135233062 ) ) ;
#4342 = CARTESIAN_POINT ( 'NONE',  ( 1.924303735995302800, 17.15747452366160175, 11.20827228610947657 ) ) ;
#4343 = CARTESIAN_POINT ( 'NONE',  ( 8.536641998753978555, 17.27510536996234691, 2.026579925646102787 ) ) ;
#4344 = CARTESIAN_POINT ( 'NONE',  ( 3.044388443806167022, 3.326676899105650786, 1.648558911503656521 ) ) ;
#4345 = CARTESIAN_POINT ( 'NONE',  ( -8.510916778119730353, 9.511733409578452481, 2.025193044309818280 ) ) ;
#4346 = CARTESIAN_POINT ( 'NONE',  ( -1.079612185236600075, 13.39279153786013588, 5.276222157658235545 ) ) ;
#4347 = CARTESIAN_POINT ( 'NONE',  ( -6.715287577044120937, 20.82180725477453365, 2.435356270229947828 ) ) ;
#4348 = EDGE_LOOP ( 'NONE', ( #102, #1542, #922, #65, #1080 ) ) ;
#4349 = CARTESIAN_POINT ( 'NONE',  ( -0.03013933649822184840, 13.43826309637416649, 6.000000000000000888 ) ) ;
#4350 = CARTESIAN_POINT ( 'NONE',  ( -0.4858691598539758294, 12.90692237800617015, 5.957250786414758359 ) ) ;
#4351 = CARTESIAN_POINT ( 'NONE',  ( 6.436775181364632559, 6.640622421650436813, 2.692296833233888798 ) ) ;
#4352 = CARTESIAN_POINT ( 'NONE',  ( -1.339508735674457718, -0.06856433194419205013, 3.236978450822311171 ) ) ;
#4353 = CARTESIAN_POINT ( 'NONE',  ( 2.721211209467277570, 22.99608542782947751, 4.559650462791347003 ) ) ;
#4354 = CARTESIAN_POINT ( 'NONE',  ( 9.339031365783069916, 12.66379752560641769, 1.749999999999997558 ) ) ;
#4355 = FACE_OUTER_BOUND ( 'NONE', #5163, .T. ) ;
#4356 = CARTESIAN_POINT ( 'NONE',  ( -2.367573787825671960, 17.31065758509656050, 6.344925669870465690 ) ) ;
#4357 = CARTESIAN_POINT ( 'NONE',  ( 5.346528440715862196, 4.953727472501182838, 2.410782773009958468 ) ) ;
#4358 = EDGE_CURVE ( 'NONE', #3106, #4285, #726, .T. ) ;
#4359 = CARTESIAN_POINT ( 'NONE',  ( -8.419349588319681388, 17.49352027459253733, 2.069142455190021046 ) ) ;
#4360 = CARTESIAN_POINT ( 'NONE',  ( 1.687227278689838128, 0.1562739403196522492, 0.3859758426193842240 ) ) ;
#4361 = CARTESIAN_POINT ( 'NONE',  ( 1.474525225915306548, 28.61235355840157979, 5.442582373281120489 ) ) ;
#4362 = CARTESIAN_POINT ( 'NONE',  ( 1.975291102902268392, 9.861537001079645037, 8.651921293032351912 ) ) ;
#4363 = CARTESIAN_POINT ( 'NONE',  ( -5.741840370794891513, 21.57905866330089850, 2.207479121992266258 ) ) ;
#4364 = B_SPLINE_CURVE_WITH_KNOTS ( 'NONE', 3,
 ( #3820, #1112, #4349, #722, #314, #5631 ),
 .UNSPECIFIED., .F., .F.,
 ( 4, 2, 4 ),
 ( 0.000000000000000000, 0.2500000000000000000, 0.5000000000000000000 ),
 .UNSPECIFIED. ) ;
#4365 = CARTESIAN_POINT ( 'NONE',  ( -0.6200382235541977982, 13.23083515124214671, 5.957250786414759247 ) ) ;
#4366 = CARTESIAN_POINT ( 'NONE',  ( -4.254261895681230143, 4.344413662334362769, 2.858006265511905841 ) ) ;
#4367 = CARTESIAN_POINT ( 'NONE',  ( -10.70649989427115933, 9.816089539170416600, 1.249999999999996891 ) ) ;
#4368 = CARTESIAN_POINT ( 'NONE',  ( -1.396754509858163962, 3.553052392710353224, 9.336583392440520157 ) ) ;
#4369 = CARTESIAN_POINT ( 'NONE',  ( 1.632418561384051170, 25.15615004388657638, 9.562573212649667198 ) ) ;
#4370 = CARTESIAN_POINT ( 'NONE',  ( 8.599524423222767666, 13.44511718934874978, 2.024611026882465747 ) ) ;
#4371 = CARTESIAN_POINT ( 'NONE',  ( 8.107799234119507759, 8.452132744589366808, 2.145403084935753935 ) ) ;
#4372 = CARTESIAN_POINT ( 'NONE',  ( 2.401234167838604439, 9.702929658430791804, 6.228696266986119667 ) ) ;
#4373 = CARTESIAN_POINT ( 'NONE',  ( -5.132545129277781726, 4.876905388558007814, 2.691797027487235816 ) ) ;
#4374 = CARTESIAN_POINT ( 'NONE',  ( 6.404012817351500964, 20.67223156920753624, 2.710763015569344514 ) ) ;
#4375 = CARTESIAN_POINT ( 'NONE',  ( -7.954271462427022321, 19.53735105400001970, 1.721925604660127673 ) ) ;
#4376 = EDGE_LOOP ( 'NONE', ( #5417, #3052, #2480, #3732, #3160 ) ) ;
#4377 = CARTESIAN_POINT ( 'NONE',  ( 2.010394990587488717, 6.209948922011570005, 4.174854341748472919 ) ) ;
#4378 = CARTESIAN_POINT ( 'NONE',  ( -9.132551416932937371, 15.62004043064229108, 1.820981270728255774 ) ) ;
#4379 = B_SPLINE_CURVE_WITH_KNOTS ( 'NONE', 12,
 ( #2431, #3858, #581, #4265, #1090, #1535, #1564, #3769, #2843, #3386, #5520, #3418, #5170 ),
 .UNSPECIFIED., .F., .F.,
 ( 13, 13 ),
 ( 0.000000000000000000, 0.2274518534451368257 ),
 .UNSPECIFIED. ) ;
#4380 = CARTESIAN_POINT ( 'NONE',  ( 9.183658317550845496, 15.74055665719544272, 1.799984857475423583 ) ) ;
#4381 = CARTESIAN_POINT ( 'NONE',  ( -1.479444596502399678, -0.4187934032645823645, 1.402794822119578289 ) ) ;
#4382 = CARTESIAN_POINT ( 'NONE',  ( 3.732510561048138609, 17.23107349546173594, 4.096664473947392082 ) ) ;
#4383 = CARTESIAN_POINT ( 'NONE',  ( 4.349999999999999645, 13.13342924385318611, 4.250393048513146255 ) ) ;
#4384 = CARTESIAN_POINT ( 'NONE',  ( -1.393229903547761328, -1.035257806988338469, 0.9080320707056288576 ) ) ;
#4385 = CARTESIAN_POINT ( 'NONE',  ( -1.539017254534067014, 28.11776629826173490, 3.748078590565654622 ) ) ;
#4386 = CARTESIAN_POINT ( 'NONE',  ( -0.3323904999095354529, 15.77380895102021441, 39.99999999999994316 ) ) ;
#4387 = CARTESIAN_POINT ( 'NONE',  ( -4.790163946038376253, 21.21955040750278698, 3.370987044629664808 ) ) ;
#4388 = CARTESIAN_POINT ( 'NONE',  ( 0.000000000000000000, 13.39279153786013588, 1.250000000000000000 ) ) ;
#4389 = CARTESIAN_POINT ( 'NONE',  ( 1.479382927160183936, 29.17690894145281177, 2.285268629077130687 ) ) ;
#4390 = CARTESIAN_POINT ( 'NONE',  ( 1.367809239045364889, -1.000727217055834783, 1.175756411827481029 ) ) ;
#4391 = CARTESIAN_POINT ( 'NONE',  ( -8.478814870572287887, 17.38214154956953195, 2.047708485068934881 ) ) ;
#4392 = CARTESIAN_POINT ( 'NONE',  ( -1.033164628025770915, 13.66265814217593899, 5.403835772283816397 ) ) ;
#4393 = CARTESIAN_POINT ( 'NONE',  ( -2.976203690065093888, 3.367934810695738523, 2.908184633047515621 ) ) ;
#4394 = CARTESIAN_POINT ( 'NONE',  ( -1.450757256685417440, -1.103223302322281718, 0.3035591803359636853 ) ) ;
#4395 = CARTESIAN_POINT ( 'NONE',  ( -1.667065243634925586, 6.319166953434233847, 10.58432745426949850 ) ) ;
#4396 = CARTESIAN_POINT ( 'NONE',  ( 1.474767589552334668, 29.05980520496185804, 3.210394585804485779 ) ) ;
#4397 = CARTESIAN_POINT ( 'NONE',  ( 5.197220822511701144, 4.899343488666926483, 2.625793004717542178 ) ) ;
#4398 = CARTESIAN_POINT ( 'NONE',  ( 1.996375591634342639, 3.390008678520329610, 5.380121045930974510 ) ) ;
#4399 = CARTESIAN_POINT ( 'NONE',  ( -5.437360048738697493, 5.004721732522985356, 2.306366145399295409 ) ) ;
#4400 = CONICAL_SURFACE ( 'NONE', #3182, 3.000000000000000444, 0.3490658503988666728 ) ;
#4401 = CARTESIAN_POINT ( 'NONE',  ( 6.144424123674814275, 20.95096587617926076, 2.778953077267162453 ) ) ;
#4402 = CARTESIAN_POINT ( 'NONE',  ( -4.979076016452639308, 22.06520136307672431, 2.569054896118272868 ) ) ;
#4403 = ORIENTED_EDGE ( 'NONE', *, *, #574, .F. ) ;
#4404 = CARTESIAN_POINT ( 'NONE',  ( 2.133721083611987979, 9.964360157229313231, 4.293896483774640949 ) ) ;
#4405 = CARTESIAN_POINT ( 'NONE',  ( 5.487709042126622805, 5.260435204259228392, 2.802155797399781267 ) ) ;
#4406 = CARTESIAN_POINT ( 'NONE',  ( 4.911832652544974032, 21.48842822677126918, 3.321725621504740378 ) ) ;
#4407 = CARTESIAN_POINT ( 'NONE',  ( -1.440400107496016213, -0.3616477733013088169, 1.854884041752545176 ) ) ;
#4408 = CARTESIAN_POINT ( 'NONE',  ( 4.706004439635097292, 12.06073711751756505, 3.940265048144098170 ) ) ;
#4409 = CARTESIAN_POINT ( 'NONE',  ( -5.735981391299293186, 21.58416001197167944, 2.172009362258222165 ) ) ;
#4410 = CARTESIAN_POINT ( 'NONE',  ( -1.655152542881545896, 25.45158732948325309, 7.133395651054692088 ) ) ;
#4411 = CARTESIAN_POINT ( 'NONE',  ( 1.615456884638425850, 5.724011632120257431, 10.41524238965277327 ) ) ;
#4412 = CARTESIAN_POINT ( 'NONE',  ( -5.350911745548582843, 20.90713341071266029, 3.166914265131202999 ) ) ;
#4413 = CARTESIAN_POINT ( 'NONE',  ( 1.518306165068013636, -0.4542462798885463227, 0.9791692643220047954 ) ) ;
#4414 = CARTESIAN_POINT ( 'NONE',  ( 5.450000000000000178, 13.39279153786013588, 0.000000000000000000 ) ) ;
#4415 = CARTESIAN_POINT ( 'NONE',  ( 1.231651268920580744, -0.6397746433823181533, 2.879458065028311253 ) ) ;
#4416 = CARTESIAN_POINT ( 'NONE',  ( -1.388419029576005492, -1.058314346932553329, 0.9039583041562004873 ) ) ;
#4417 = CARTESIAN_POINT ( 'NONE',  ( -8.448989531699943711, 17.38155783171934488, 2.058749060629747607 ) ) ;
#4418 = B_SPLINE_CURVE_WITH_KNOTS ( 'NONE', 3,
 ( #1033, #3446, #1736, #2577, #757 ),
 .UNSPECIFIED., .F., .F.,
 ( 4, 1, 4 ),
 ( 0.3277124243435985962, 0.3683692600822032759, 0.3973882267349349018 ),
 .UNSPECIFIED. ) ;
#4419 = CARTESIAN_POINT ( 'NONE',  ( 2.768348863627613454, 23.80742758012343074, 2.107510579051381505 ) ) ;
#4420 = CARTESIAN_POINT ( 'NONE',  ( -0.8459966587256210202, 12.54679487913452895, 5.276222157658235545 ) ) ;
#4421 = CARTESIAN_POINT ( 'NONE',  ( -7.000000000000000000, 13.39279153786013588, 1.949999999999993516 ) ) ;
#4422 = CARTESIAN_POINT ( 'NONE',  ( -2.372339261552202760, 25.03886999695199478, -7.683003817770062695E-15 ) ) ;
#4423 = CARTESIAN_POINT ( 'NONE',  ( 1.894945412660713036, 18.41433354965132452, 11.23433153144262775 ) ) ;
#4424 = CARTESIAN_POINT ( 'NONE',  ( 5.145201551091922454, 4.906582308640257573, 2.733446910537871588 ) ) ;
#4425 = CARTESIAN_POINT ( 'NONE',  ( 2.416814828079066224, 9.838730448877379686, 6.156638075806459831 ) ) ;
#4426 = CARTESIAN_POINT ( 'NONE',  ( -8.561498127693560889, 8.168454081576680181, 1.369600436059652315 ) ) ;
#4427 = EDGE_CURVE ( 'NONE', #3936, #1787, #1430, .T. ) ;
#4428 = CARTESIAN_POINT ( 'NONE',  ( -7.734315591051019290, 7.879146844072850264, 2.262616636648701718 ) ) ;
#4429 = CARTESIAN_POINT ( 'NONE',  ( 7.400054298929695129, 19.42426013892675840, 2.409199034395797412 ) ) ;
#4430 = ORIENTED_EDGE ( 'NONE', *, *, #3567, .F. ) ;
#4431 = CARTESIAN_POINT ( 'NONE',  ( 10.60454674001498887, 6.458114587768664094, 1.249999999999999112 ) ) ;
#4432 = CARTESIAN_POINT ( 'NONE',  ( 8.261019180075166446, 8.859099986308130781, 2.102687006867282715 ) ) ;
#4433 = CARTESIAN_POINT ( 'NONE',  ( -5.568943193709564810, 5.087562809607736547, 2.147924722888029603 ) ) ;
#4434 = CARTESIAN_POINT ( 'NONE',  ( 4.792115220782856788, 4.873032079826052687, 3.109313706700225222 ) ) ;
#4435 = CARTESIAN_POINT ( 'NONE',  ( -1.517983797947315194, -0.4553418200771419122, 0.9798419381317038379 ) ) ;
#4436 = ORIENTED_EDGE ( 'NONE', *, *, #5001, .T. ) ;
#4437 = CARTESIAN_POINT ( 'NONE',  ( -5.752547413454119685, 21.57253470350797642, -0.1086004685272892456 ) ) ;
#4438 = CARTESIAN_POINT ( 'NONE',  ( -1.545060794366236001, 28.21933818344082567, 2.841726388533891257 ) ) ;
#4439 = CARTESIAN_POINT ( 'NONE',  ( 1.858622070712935281, 9.394776151744816062, 11.00308745313110492 ) ) ;
#4440 = CARTESIAN_POINT ( 'NONE',  ( 8.550000000000000711, 13.39279153786013588, 0.000000000000000000 ) ) ;
#4441 = CARTESIAN_POINT ( 'NONE',  ( 1.634136260920370676, -0.5692238319360966026, -0.3662524794223074309 ) ) ;
#4442 = CARTESIAN_POINT ( 'NONE',  ( -7.000000000000000000, 13.39279153786013588, 1.750000000000000000 ) ) ;
#4443 = CARTESIAN_POINT ( 'NONE',  ( 1.642418010182127741, 5.214582467173422664, 9.297857665052328358 ) ) ;
#4444 = CARTESIAN_POINT ( 'NONE',  ( -1.140447490439184808, 0.2080464919367893684, 5.132045348446510502 ) ) ;
#4445 = CARTESIAN_POINT ( 'NONE',  ( -5.490995240345966089, 21.66986642399032803, 2.763190736458344343 ) ) ;
#4446 = CARTESIAN_POINT ( 'NONE',  ( -1.079612185236600075, 13.39279153786013588, 5.276222157658235545 ) ) ;
#4447 = CARTESIAN_POINT ( 'NONE',  ( -10.63047429249921549, 17.99531722693822289, 1.250000000000000666 ) ) ;
#4448 = CARTESIAN_POINT ( 'NONE',  ( -3.412469369289305554, 23.47339990769194173, -9.754007904106893977E-15 ) ) ;
#4449 = CARTESIAN_POINT ( 'NONE',  ( 1.866860084165283595, 19.40124319740957404, 11.19950421505865457 ) ) ;
#4450 = CARTESIAN_POINT ( 'NONE',  ( 8.567956444855251874, 9.512361501824695864, 2.004786109848486930 ) ) ;
#4451 = CARTESIAN_POINT ( 'NONE',  ( 2.359247743660213725, 9.262568104056427387, 6.332058758152438571 ) ) ;
#4452 = CARTESIAN_POINT ( 'NONE',  ( -5.540597745324155277, 5.068749825280703725, 2.100274394437803060 ) ) ;
#4453 = CARTESIAN_POINT ( 'NONE',  ( 6.795657459029020409, 20.22175302556455279, 2.598203263482333103 ) ) ;
#4454 = ORIENTED_EDGE ( 'NONE', *, *, #3204, .F. ) ;
#4455 = DIRECTION ( 'NONE',  ( 1.000000000000000000, 0.000000000000000000, 0.000000000000000000 ) ) ;
#4456 = CARTESIAN_POINT ( 'NONE',  ( 8.165346263866853249, 8.676358558475920191, 2.133013998979631509 ) ) ;
#4457 = CARTESIAN_POINT ( 'NONE',  ( -9.825440036582657299, 11.18568543998008558, 0.8587152723869493354 ) ) ;
#4458 = CARTESIAN_POINT ( 'NONE',  ( -8.359574933588334034, 9.007908807439031662, 2.069950323588433783 ) ) ;
#4459 = CARTESIAN_POINT ( 'NONE',  ( 9.608083096866369743, 12.85179899545228288, 1.654212415364567645 ) ) ;
#4460 = CARTESIAN_POINT ( 'NONE',  ( -1.365010956861826052, -1.013469580082825727, 1.175688893153468584 ) ) ;
#4461 = ADVANCED_FACE ( 'NONE', ( #1481 ), #3937, .F. ) ;
#4462 = CARTESIAN_POINT ( 'NONE',  ( -5.540754029962876359, 5.068854130156654314, 2.099315591731528929 ) ) ;
#4463 = CARTESIAN_POINT ( 'NONE',  ( -1.550946233093796867, 27.50263270369423196, 5.721125652099997794 ) ) ;
#4464 = CARTESIAN_POINT ( 'NONE',  ( 1.851862769537863773, 9.245270130595176994, 10.99444221957813816 ) ) ;
#4465 = CARTESIAN_POINT ( 'NONE',  ( 8.852919304554697888, 8.741905626118114725, 1.152411723417432698 ) ) ;
#4466 = CARTESIAN_POINT ( 'NONE',  ( 6.567504917927228902, 20.49294893943577378, 2.666022671499533203 ) ) ;
#4467 = CARTESIAN_POINT ( 'NONE',  ( -7.713199073010643225, 7.849061534526525108, 2.268621489174178496 ) ) ;
#4468 = AXIS2_PLACEMENT_3D ( 'NONE', #4183, #3392, #262 ) ;
#4469 = CARTESIAN_POINT ( 'NONE',  ( 1.262709695445351388, 2.276905599383769907, 8.184910923598575749 ) ) ;
#4470 = CARTESIAN_POINT ( 'NONE',  ( -1.389885434722069268, 3.537200012875360233, 9.376784885426832972 ) ) ;
#4471 = CARTESIAN_POINT ( 'NONE',  ( -7.584242779189166228, 19.15540846515698448, 2.350151242613720992 ) ) ;
#4472 = CARTESIAN_POINT ( 'NONE',  ( 6.209426428335251380, 17.23072797522153365, 2.882685862936781085 ) ) ;
#4473 = CARTESIAN_POINT ( 'NONE',  ( -4.357166345989186951, 13.62700661046550721, 4.247036910470625592 ) ) ;
#4474 = MECHANICAL_DESIGN_GEOMETRIC_PRESENTATION_REPRESENTATION (  '', ( #4290 ), #1759 ) ;
#4475 = CARTESIAN_POINT ( 'NONE',  ( -8.063375324906528974, 19.35987563523846688, 1.420632009432949205 ) ) ;
#4476 = CARTESIAN_POINT ( 'NONE',  ( 1.137077414472125181, -2.511266455436048428, 0.000000000000000000 ) ) ;
#4477 = CARTESIAN_POINT ( 'NONE',  ( 2.180050822595446025, 25.36984479860635133, 2.771647726961539716E-15 ) ) ;
#4478 = CARTESIAN_POINT ( 'NONE',  ( 1.922038727148987380, 17.24362129177700709, 11.23351124201980866 ) ) ;
#4479 = CARTESIAN_POINT ( 'NONE',  ( 5.339230053154576439, 4.956356861427713589, 2.462141643407571578 ) ) ;
#4480 = CARTESIAN_POINT ( 'NONE',  ( -5.122832517272719599, 4.922478554491437563, 2.794073348255927236 ) ) ;
#4481 = CARTESIAN_POINT ( 'NONE',  ( 7.645046304199612841, 19.04900101562640558, 2.329009503196338038 ) ) ;
#4482 = ORIENTED_EDGE ( 'NONE', *, *, #3282, .F. ) ;
#4483 = CARTESIAN_POINT ( 'NONE',  ( 2.729813535890835752, 23.84030157651518067, 2.533774855322250552 ) ) ;
#4484 = CARTESIAN_POINT ( 'NONE',  ( 1.761087070638010843, 24.24750773063580311, 4.451782893614739223 ) ) ;
#4485 = CARTESIAN_POINT ( 'NONE',  ( 8.250088282334607115, 8.859599065437759435, 2.106883118783300368 ) ) ;
#4486 = CARTESIAN_POINT ( 'NONE',  ( -5.575266226223618560, 5.091800137388813319, 2.108039677832894920 ) ) ;
#4487 = CARTESIAN_POINT ( 'NONE',  ( 9.669407913990545111, 15.90311575030156277, 1.426398631602971312 ) ) ;
#4488 = CARTESIAN_POINT ( 'NONE',  ( -1.394464818146049945, 3.547768266098497936, 9.349983890103109374 ) ) ;
#4489 = ORIENTED_EDGE ( 'NONE', *, *, #2476, .T. ) ;
#4490 = CIRCLE ( 'NONE', #2052, 1.749999999999998890 ) ;
#4491 = CARTESIAN_POINT ( 'NONE',  ( -1.529939235123950914, 29.06141335669156689, -0.2463580277111664385 ) ) ;
#4492 = CARTESIAN_POINT ( 'NONE',  ( -1.555614885053625551, 28.22949081453874953, 2.042456972306852414 ) ) ;
#4493 = CARTESIAN_POINT ( 'NONE',  ( 1.282569192827410776, -0.8269932892635013522, 2.155971319564688571 ) ) ;
#4494 = CARTESIAN_POINT ( 'NONE',  ( 9.224900019588050171, 9.526956836215896729, 1.042915185649223808 ) ) ;
#4495 = PRODUCT_DEFINITION_SHAPE ( 'NONE', 'NONE',  #460 ) ;
#4496 = EDGE_CURVE ( 'NONE', #1407, #4813, #5055, .T. ) ;
#4497 = CARTESIAN_POINT ( 'NONE',  ( -2.416772977511116416, 9.836410610582076330, 6.154037417951153444 ) ) ;
#4498 = CARTESIAN_POINT ( 'NONE',  ( -4.561472280450527883, 5.410552974933178660, 3.273377236905521404 ) ) ;
#4499 = CARTESIAN_POINT ( 'NONE',  ( 5.634160788569238854, 21.64517290364547364, 2.446689625071359231 ) ) ;
#4500 = CARTESIAN_POINT ( 'NONE',  ( -8.130439312422291565, 8.606769706972777101, 2.143583684845734805 ) ) ;
#4501 = CARTESIAN_POINT ( 'NONE',  ( 1.910645360911969792, 9.399041011667053525, 9.837070612257150515 ) ) ;
#4502 = CARTESIAN_POINT ( 'NONE',  ( -1.662524635850005206, 6.311529607312478696, 10.64261109506791136 ) ) ;
#4503 = CARTESIAN_POINT ( 'NONE',  ( -8.347495848364651749, 17.68063502836671219, 2.093223630111845424 ) ) ;
#4504 = CARTESIAN_POINT ( 'NONE',  ( 3.820717436586853477, 17.18549742234159439, 4.154456752847806023 ) ) ;
#4505 = CARTESIAN_POINT ( 'NONE',  ( -4.635965553541823603, 14.59655028449605219, 4.011835427390593622 ) ) ;
#4506 = LINE ( 'NONE', #3153, #540 ) ;
#4507 = CARTESIAN_POINT ( 'NONE',  ( 9.296011211459269674, 12.49514051287987293, 1.765247423863258724 ) ) ;
#4508 = CARTESIAN_POINT ( 'NONE',  ( -1.633363010905511947, 0.2041405913177714027, 1.062546088410301737 ) ) ;
#4509 = CARTESIAN_POINT ( 'NONE',  ( 1.478472225654652750, 29.11638628246829441, 2.656563578979947771 ) ) ;
#4510 = CARTESIAN_POINT ( 'NONE',  ( 7.765694764199707834, 7.881722871061515256, 2.249182838946907736 ) ) ;
#4511 = CARTESIAN_POINT ( 'NONE',  ( 8.351463812371877182, 17.67119056683718981, 2.091135594199031278 ) ) ;
#4512 = EDGE_LOOP ( 'NONE', ( #5646, #1786 ) ) ;
#4513 = CARTESIAN_POINT ( 'NONE',  ( 2.339730886756014705, 17.57977810792365858, 6.437631818601535549 ) ) ;
#4514 = LINE ( 'NONE', #509, #1475 ) ;
#4515 = CARTESIAN_POINT ( 'NONE',  ( 4.577252029317960158, 4.471330901268789404, 1.970116858569592289 ) ) ;
#4516 = CARTESIAN_POINT ( 'NONE',  ( -5.554184260336882950, 5.077952854197309129, 2.169015519147050597 ) ) ;
#4517 = CARTESIAN_POINT ( 'NONE',  ( 9.779562720851322055, 11.05880660187301956, 1.127900499583913696 ) ) ;
#4518 = CARTESIAN_POINT ( 'NONE',  ( -1.830079051421426684, 8.836411921857420637, 10.99252987306875440 ) ) ;
#4519 = ORIENTED_EDGE ( 'NONE', *, *, #4427, .T. ) ;
#4520 = CARTESIAN_POINT ( 'NONE',  ( -2.091589372261597912, 8.170193194408197357, 4.247437620804731750 ) ) ;
#4521 = CARTESIAN_POINT ( 'NONE',  ( -1.950476586493970155, 17.26418197388217735, 10.01086441120789594 ) ) ;
#4522 = CARTESIAN_POINT ( 'NONE',  ( 1.390017748099054318, -1.029644523298263392, 0.9432264331406263747 ) ) ;
#4523 = CARTESIAN_POINT ( 'NONE',  ( 5.748445339000895160, 21.57541802234047879, -0.1086360378661466175 ) ) ;
#4524 = CARTESIAN_POINT ( 'NONE',  ( -1.994011598034099997, 3.015554691561860956, 4.942725343499454027 ) ) ;
#4525 = CARTESIAN_POINT ( 'NONE',  ( -7.472871804431596487, 18.97193653629276611, 2.403919793593770837 ) ) ;
#4526 = CARTESIAN_POINT ( 'NONE',  ( 3.056947756854277998, 3.324691164302416180, 1.567703564202297173 ) ) ;
#4527 = CARTESIAN_POINT ( 'NONE',  ( -7.729878984344606963, 7.876510278794606634, 2.263721131217855120 ) ) ;
#4528 = FACE_OUTER_BOUND ( 'NONE', #3441, .T. ) ;
#4529 = CARTESIAN_POINT ( 'NONE',  ( -1.407049624032539858, -1.080516132198737767, 0.7116532642462014557 ) ) ;
#4530 = CARTESIAN_POINT ( 'NONE',  ( -8.491068333379377719, 17.27552384006345676, 2.044154477635209410 ) ) ;
#4531 = CARTESIAN_POINT ( 'NONE',  ( 1.970526234345416183, 13.48849896257420156, 11.14511516083517328 ) ) ;
#4532 = CARTESIAN_POINT ( 'NONE',  ( -7.416664891230505319, 10.76478145454478152, 2.441343407415693001 ) ) ;
#4533 = CARTESIAN_POINT ( 'NONE',  ( -8.694969084122281089, 15.43306264196145072, 1.980705679309898049 ) ) ;
#4534 = CARTESIAN_POINT ( 'NONE',  ( 9.007545168404423208, 11.74546457190872140, 1.867048626502123998 ) ) ;
#4535 = CARTESIAN_POINT ( 'NONE',  ( 4.231528162352439892, 22.69873468233782532, -7.359022245745358190E-15 ) ) ;
#4536 = CARTESIAN_POINT ( 'NONE',  ( 1.710800040297242974, 23.45455658376648600, 10.45010344654073897 ) ) ;
#4537 = CARTESIAN_POINT ( 'NONE',  ( 5.416693268027677810, 4.994015007039204868, 2.353791186286572135 ) ) ;
#4538 = CARTESIAN_POINT ( 'NONE',  ( -5.471463000431363355, 5.024979173915947506, 2.256623289470140570 ) ) ;
#4539 = CARTESIAN_POINT ( 'NONE',  ( 8.468166411061295307, 17.31036111443007997, 2.051482317710074277 ) ) ;
#4540 = VERTEX_POINT ( 'NONE', #883 ) ;
#4541 = CARTESIAN_POINT ( 'NONE',  ( 1.896410537123803142, 19.79784438710953509, 8.969753268332183893 ) ) ;
#4542 = DIRECTION ( 'NONE',  ( -0.000000000000000000, -0.000000000000000000, 1.000000000000000000 ) ) ;
#4543 = CARTESIAN_POINT ( 'NONE',  ( 4.556307200721206208, 4.456626444122400166, 2.165054179965324010 ) ) ;
#4544 = CARTESIAN_POINT ( 'NONE',  ( -8.600871228034787208, 9.620442748703295521, 1.994729845638685939 ) ) ;
#4545 = CARTESIAN_POINT ( 'NONE',  ( 6.070396308942619612, 21.37527780107866349, 2.206115941685704129 ) ) ;
#4546 = CARTESIAN_POINT ( 'NONE',  ( -1.867484952098003026, 4.089040015108783344, 4.065470342360459455 ) ) ;
#4547 = CARTESIAN_POINT ( 'NONE',  ( -1.683459114550704738, 24.45144114929390966, 8.934528902105471460 ) ) ;
#4548 = LINE ( 'NONE', #516, #920 ) ;
#4549 = CARTESIAN_POINT ( 'NONE',  ( 8.412466670869317653, 7.936975789177378893, 1.281533420802991374 ) ) ;
#4550 = CARTESIAN_POINT ( 'NONE',  ( -2.958250264447439548, 3.715098946578471839, 3.725454726699207963 ) ) ;
#4551 = CARTESIAN_POINT ( 'NONE',  ( -8.425756344580317858, 17.49718208207766779, 2.066753373024634133 ) ) ;
#4552 = CARTESIAN_POINT ( 'NONE',  ( 0.000000000000000000, 45.89279153786013410, 0.000000000000000000 ) ) ;
#4553 = CARTESIAN_POINT ( 'NONE',  ( -7.737036059716860592, 7.888342816989468709, 2.261615982307074280 ) ) ;
#4554 = CARTESIAN_POINT ( 'NONE',  ( -5.618086284404069097, 21.64245406333989408, 2.539525549693777418 ) ) ;
#4555 = CARTESIAN_POINT ( 'NONE',  ( -1.826796563904513393, 8.835237210777359351, 11.06090379302134430 ) ) ;
#4556 = CARTESIAN_POINT ( 'NONE',  ( -7.338974988329598936, 17.25336236074987895, 2.468162212987166981 ) ) ;
#4557 = CARTESIAN_POINT ( 'NONE',  ( 8.074342410562902472, 8.494229919416476093, 2.160807282365446280 ) ) ;
#4558 = CARTESIAN_POINT ( 'NONE',  ( -0.6200382235541981313, 13.39279153786013765, 5.957250786414758359 ) ) ;
#4559 = CARTESIAN_POINT ( 'NONE',  ( -9.193085299770276109, 17.33336763343683984, 1.060991442735468526 ) ) ;
#4560 = CARTESIAN_POINT ( 'NONE',  ( 1.848052497394128135, 20.00267190680817109, 11.13441491450353915 ) ) ;
#4561 = AXIS2_PLACEMENT_3D ( 'NONE', #1936, #4636, #3260 ) ;
#4562 = CARTESIAN_POINT ( 'NONE',  ( -8.523312029487597030, 9.648487211715263356, 2.022543643233114086 ) ) ;
#4563 = CARTESIAN_POINT ( 'NONE',  ( 1.630894841272196194, 25.17480606639554352, 9.593026212502204331 ) ) ;
#4564 = CARTESIAN_POINT ( 'NONE',  ( -8.478065699689786072, 17.42569331355802476, 2.047518326636231567 ) ) ;
#4565 = CARTESIAN_POINT ( 'NONE',  ( 8.282880975556283332, 8.858101828048877024, 2.094294783035246965 ) ) ;
#4566 = CARTESIAN_POINT ( 'NONE',  ( -5.205661024599737452, 4.889944932507174435, 2.576227439368111938 ) ) ;
#4567 = CARTESIAN_POINT ( 'NONE',  ( -1.602637129829117324, 25.85231835562703750, 9.067113553408674420 ) ) ;
#4568 = EDGE_CURVE ( 'NONE', #1962, #865, #3538, .T. ) ;
#4569 = CARTESIAN_POINT ( 'NONE',  ( -1.350988808643591055, -0.9769620776847900423, 1.354848655197631313 ) ) ;
#4570 = CARTESIAN_POINT ( 'NONE',  ( 1.591918510957292199, 26.97732856678250002, 4.807221650721530182 ) ) ;
#4571 = CARTESIAN_POINT ( 'NONE',  ( 9.339652450279182005, 13.52733357419697313, 1.750001004639106572 ) ) ;
#4572 = B_SPLINE_CURVE_WITH_KNOTS ( 'NONE', 5,
 ( #1614, #4838, #837, #4894, #1785, #3990, #3962, #1232, #370, #3497, #2165, #780, #2212 ),
 .UNSPECIFIED., .F., .F.,
 ( 6, 2, 5, 6 ),
 ( 0.000000000000000000, 0.4999052312383696628, 0.9999829214321267479, 1.000000000000000000 ),
 .UNSPECIFIED. ) ;
#4573 = CARTESIAN_POINT ( 'NONE',  ( 7.739049064899662156, 9.613889655353069941, 2.300693869229069932 ) ) ;
#4574 = CARTESIAN_POINT ( 'NONE',  ( -1.704324074389802268, 6.828680848549924853, 10.74534620746222124 ) ) ;
#4575 = CARTESIAN_POINT ( 'NONE',  ( -8.561843707694855254, 9.622057057177830330, 2.008576385783533702 ) ) ;
#4576 = CARTESIAN_POINT ( 'NONE',  ( 9.193626404585502954, 9.324427234457763447, 1.180957848339452276 ) ) ;
#4577 = CARTESIAN_POINT ( 'NONE',  ( -1.740017272740404852, 7.309341131212089948, 10.81720976691090108 ) ) ;
#4578 = EDGE_LOOP ( 'NONE', ( #2800, #4017, #132, #4634 ) ) ;
#4579 = DIRECTION ( 'NONE',  ( 0.000000000000000000, 0.000000000000000000, -1.000000000000000000 ) ) ;
#4580 = CARTESIAN_POINT ( 'NONE',  ( -1.730707234625874946, 23.39882674861907574, 9.416405984599061085 ) ) ;
#4581 = CARTESIAN_POINT ( 'NONE',  ( -0.6634721272821024751, 12.52946147067738103, 5.276222157658235545 ) ) ;
#4582 = CARTESIAN_POINT ( 'NONE',  ( -2.168597324125315140, 6.819704689880713211, 6.628855695525714964 ) ) ;
#4583 = CARTESIAN_POINT ( 'NONE',  ( -9.156344453433053587, 15.62679411603656909, 1.812246072301007871 ) ) ;
#4584 = CARTESIAN_POINT ( 'NONE',  ( 5.237287658430898496, 4.857073881297160334, -0.1821588534549115068 ) ) ;
#4585 = CARTESIAN_POINT ( 'NONE',  ( -8.177352709023161026, 8.703756453525068437, 2.129236132139493698 ) ) ;
#4586 = CARTESIAN_POINT ( 'NONE',  ( -5.772571092384742641, 21.55750734794192880, 2.174395067409814253 ) ) ;
#4587 = CARTESIAN_POINT ( 'NONE',  ( -1.869623146236499167, 9.799431974197505113, 11.14193100327370090 ) ) ;
#4588 = CARTESIAN_POINT ( 'NONE',  ( -5.719616793179367775, 20.15431546914370387, 3.056110519205637477 ) ) ;
#4589 = CARTESIAN_POINT ( 'NONE',  ( 5.318429356408699071, 4.939733049748724625, 2.444154870995368878 ) ) ;
#4590 = B_SPLINE_SURFACE_WITH_KNOTS ( 'NONE', 1, 3, ( 
 ( #1617, #5191, #2961, #2214, #2684, #3025, #3080, #5341, #2142, #892, #4377, #1291, #1237, #5799, #5748, #5723, #4404, #4869, #4842, #2605, #4046, #1788, #5259, #5364, #3107, #4814, #839, #4484 ),
 ( #4896, #784, #450, #2244, #1265, #398, #3580, #372, #2167, #3135, #1320, #4431, #2575, #1347, #3053, #344, #2632, #3964, #422, #1734, #814, #2191, #866, #4922, #5773, #3526, #3938, #5313 ) ),
 .UNSPECIFIED., .F., .F., .F.,
 ( 2, 2 ),
 ( 4, 2, 2, 2, 2, 2, 2, 2, 2, 2, 2, 2, 2, 4 ),
 ( 0.000000000000000000, 1.000000000000000000 ),
 ( 0.1216625208408748660, 0.1231028439089477539, 0.1238230054429841909, 0.1245431669770206418, 0.1252633285110570927, 0.1259834900450935158, 0.1274238131131664176, 0.1288641361812393193, 0.1303044592493121934, 0.1331851053854579692, 0.1360657515216037450, 0.1389463976577495208, 0.1418270437938952966, 0.1447076899300410724 ),
 .UNSPECIFIED. ) ;
#4591 = CARTESIAN_POINT ( 'NONE',  ( -8.339789702787154368, 11.09272875179176054, 2.102362993183276352 ) ) ;
#4592 = CARTESIAN_POINT ( 'NONE',  ( 1.921416531359757096, 17.30099286320631080, 11.21027847907159192 ) ) ;
#4593 = CARTESIAN_POINT ( 'NONE',  ( 9.977693680131007881, 14.09089397305238300, 0.8165016077487829982 ) ) ;
#4594 = CARTESIAN_POINT ( 'NONE',  ( 1.894442086759352550, 18.41496559444577130, 11.25745350699937752 ) ) ;
#4595 = CARTESIAN_POINT ( 'NONE',  ( -8.320199419304110222, 17.83284909622617675, 2.100892936209988626 ) ) ;
#4596 = CARTESIAN_POINT ( 'NONE',  ( 5.457108430517353170, 5.016902223444730247, 2.304216627553388186 ) ) ;
#4597 = B_SPLINE_SURFACE_WITH_KNOTS ( 'NONE', 1, 3, ( 
 ( #1528, #3763, #990, #5050, #5514, #2810, #2395, #4961, #1408, #2721, #5484, #930, #2278, #3199, #4520, #2751, #4079, #2366, #1849, #1880, #4989, #5019, #1468, #575, #4546, #514, #4109, #4139 ),
 ( #75, #3675, #5456, #1438, #2779, #3792, #4786, #633, #5662, #1558, #222, #2930, #664, #4259, #5691, #3443, #1083, #1204, #4754, #4670, #4725, #2542, #694, #1170, #2514, #2454, #3350, #2024 ) ),
 .UNSPECIFIED., .F., .F., .F.,
 ( 2, 2 ),
 ( 4, 2, 2, 2, 2, 2, 2, 2, 2, 2, 2, 2, 2, 4 ),
 ( 0.000000000000000000, 1.000000000000000000 ),
 ( 0.1258346426301045207, 0.1287295066100597185, 0.1316243705900149163, 0.1345192345699701142, 0.1374140985499253120, 0.1403089625298805099, 0.1417563945198581088, 0.1432038265098357077, 0.1446512584998133066, 0.1453749744948021061, 0.1460986904897909056, 0.1468224064847797050, 0.1475461224797685045, 0.1489935544697461034 ),
 .UNSPECIFIED. ) ;
#4598 = CARTESIAN_POINT ( 'NONE',  ( -5.358099419255228923, 5.378592360823905238, 2.985576814097263831 ) ) ;
#4599 = CARTESIAN_POINT ( 'NONE',  ( -1.698895326675531559, 23.75238029471961099, 10.28559559649268706 ) ) ;
#4600 = CARTESIAN_POINT ( 'NONE',  ( -9.806512821995330142, 11.39222271208983628, 0.8691662547778609138 ) ) ;
#4601 = CARTESIAN_POINT ( 'NONE',  ( 2.360600485383159253, 17.36949283084174667, 6.371747386717816930 ) ) ;
#4602 = EDGE_CURVE ( 'NONE', #3105, #5072, #4932, .T. ) ;
#4603 = CARTESIAN_POINT ( 'NONE',  ( 4.239199364325274999, 4.480341991301827420, 3.140021496794895839 ) ) ;
#4604 = CARTESIAN_POINT ( 'NONE',  ( -5.146660995843855169, 4.935080927031992637, 2.784170058396657321 ) ) ;
#4605 = CARTESIAN_POINT ( 'NONE',  ( 6.817629457253103986, 5.942113556539377228, 1.878388665908836463 ) ) ;
#4606 = ORIENTED_EDGE ( 'NONE', *, *, #685, .F. ) ;
#4607 = ORIENTED_EDGE ( 'NONE', *, *, #5212, .T. ) ;
#4608 = CARTESIAN_POINT ( 'NONE',  ( 8.525024572401209255, 9.652362131395021194, 2.021901525243260611 ) ) ;
#4609 = CARTESIAN_POINT ( 'NONE',  ( -1.884242911459585779, 19.55856042467238964, 10.06657133575688334 ) ) ;
#4610 = CARTESIAN_POINT ( 'NONE',  ( 0.5437131879248555677, 12.44944110569899642, 5.276222157658236434 ) ) ;
#4611 = CARTESIAN_POINT ( 'NONE',  ( -1.909790926366073949, 8.288141678776220544, 8.700667638115294977 ) ) ;
#4612 = CARTESIAN_POINT ( 'NONE',  ( -8.868408575434946428, 9.737968298707036396, 1.902939412043596956 ) ) ;
#4613 = CARTESIAN_POINT ( 'NONE',  ( 5.240029604282044673, 21.93180152980081132, 2.312444178462892186 ) ) ;
#4614 = CARTESIAN_POINT ( 'NONE',  ( 8.468854313896187591, 17.27386709365175932, 2.051517134455385083 ) ) ;
#4615 = CARTESIAN_POINT ( 'NONE',  ( -5.763448078601581592, 21.56378933294587696, 2.229475140399334254 ) ) ;
#4616 = CARTESIAN_POINT ( 'NONE',  ( -1.463731466006161108, 4.245640418578315867, 9.862034700387519948 ) ) ;
#4617 = CARTESIAN_POINT ( 'NONE',  ( -6.209515118823982327, 17.23163628381277235, 2.883872469145087880 ) ) ;
#4618 = CARTESIAN_POINT ( 'NONE',  ( 5.625913507545691417, 5.383255912124938369, 2.780551944167567680 ) ) ;
#4619 = CARTESIAN_POINT ( 'NONE',  ( -1.924728217783461259, 11.09969049337310842, 11.07660142409704207 ) ) ;
#4620 = CARTESIAN_POINT ( 'NONE',  ( -8.532861079897736900, 10.17784007170660132, 2.025509463903385488 ) ) ;
#4621 = CARTESIAN_POINT ( 'NONE',  ( 1.923262472873554341, 17.15452231010482009, 11.25629369896694421 ) ) ;
#4622 = CARTESIAN_POINT ( 'NONE',  ( -8.536248464557798954, 17.27639291768359797, 2.027526723307682133 ) ) ;
#4623 = CARTESIAN_POINT ( 'NONE',  ( 7.955036275262481915, 8.188279043724321582, 2.192118239758644727 ) ) ;
#4624 = CARTESIAN_POINT ( 'NONE',  ( 0.000000000000000000, 15.50878895555845816, 40.00000000000000000 ) ) ;
#4625 = CARTESIAN_POINT ( 'NONE',  ( -5.298502128300483172, 4.929585502585785761, 2.465139141172384196 ) ) ;
#4626 = CARTESIAN_POINT ( 'NONE',  ( -1.496637913748424031, 29.08716376910060220, 2.033991706539650668 ) ) ;
#4627 = CARTESIAN_POINT ( 'NONE',  ( -5.539816207454232533, 5.067872362440327016, 2.096314648835317040 ) ) ;
#4628 = CARTESIAN_POINT ( 'NONE',  ( 2.063218505443535022, 21.47366160755534992, 6.931705557206836232 ) ) ;
#4629 = CARTESIAN_POINT ( 'NONE',  ( 6.866617535483055867, 7.273674914278482007, 2.604685198727713313 ) ) ;
#4630 = CARTESIAN_POINT ( 'NONE',  ( -1.200968820305260865, -0.5240217886138648362, 3.317341057893607559 ) ) ;
#4631 = CARTESIAN_POINT ( 'NONE',  ( 9.224702847132652650, 11.95293128320622600, 1.789527072360107773 ) ) ;
#4632 = CARTESIAN_POINT ( 'NONE',  ( -5.486006124074718215, 5.034753926122422563, 2.259195074879429388 ) ) ;
#4633 = CARTESIAN_POINT ( 'NONE',  ( 4.969139694325862777, 22.07089883739930514, 2.571869053076636380 ) ) ;
#4634 = ORIENTED_EDGE ( 'NONE', *, *, #5747, .T. ) ;
#4635 = ADVANCED_FACE ( 'NONE', ( #3803 ), #3774, .F. ) ;
#4636 = DIRECTION ( 'NONE',  ( 0.000000000000000000, 0.000000000000000000, 1.000000000000000000 ) ) ;
#4637 = CARTESIAN_POINT ( 'NONE',  ( -1.945693834911589315, 17.46571080230766526, 10.01971143674075293 ) ) ;
#4638 = CARTESIAN_POINT ( 'NONE',  ( 0.1413209045777222284, 12.31317935262353203, 5.276222157658235545 ) ) ;
#4639 = B_SPLINE_SURFACE_WITH_KNOTS ( 'NONE', 5, 3, ( 
 ( #3967, #2056, #5194, #2484, #4322, #5634, #3941, #4291, #1207, #3528, #2998, #5262, #5725, #4728, #4789, #4758, #2115, #2546, #1173, #3910, #2964, #727, #1711, #5289, #1679, #1239, #1267, #5750, #1294, #696, #2687, #424, #4021, #5452, #3195, #842, #956, #4516, #4433, #4486, #2303, #453, #926, #2275, #2216, #3110 ),
 ( #2634, #4544, #2193, #3582, #2246, #3613, #5367, #4048, #4458, #401, #11, #5801, #1846, #1790, #1348, #1817, #4076, #4986, #1375, #3138, #3995, #4927, #868, #895, #5775, #5423, #5393, #3165, #1762, #4956, #4899, #5343, #2718, #3555, #483, #4872, #2748, #41, #3641, #1322, #2660, #1404, #511, #4105, #71, #1875 ),
 ( #3669, #3082, #5509, #160, #5077, #2449, #3255, #4255, #2806, #1494, #5015, #3699, #218, #1017, #599, #1047, #1960, #5568, #3288, #986, #3729, #1434, #3758, #2863, #5480, #4604, #5540, #2776, #2421, #569, #2833, #2020, #1553, #3346, #541, #4632, #4666, #629, #3788, #3815, #100, #5134, #2895, #2362, #1989, #1524 ),
 ( #1464, #4575, #3226, #2333, #4164, #129, #4134, #5045, #3317, #1904, #5104, #4694, #1932, #2392, #4198, #1078, #4227, #188, #1108, #660, #3496, #1231, #1138, #5218, #4837, #2989, #3468, #4810, #2957, #5627, #717, #2478, #2079, #2107, #3846, #2048, #5658, #3438, #1584, #1613, #2508, #369, #808, #1644, #5686, #340 ),
 ( #2164, #3407, #3375, #4345, #3049, #2926, #246, #5161, #5188, #4283, #3020, #1166, #4315, #2600, #3876, #309, #5255, #4750, #279, #1199, #4781, #749, #2537, #3903, #1673, #779, #2570, #4373, #2137, #3933, #5718, #1702, #5283, #1261, #4399, #4538, #1316, #1395, #2740, #3103, #4452, #505, #5, #5770, #3961, #1810 ),
 ( #5310, #3605, #2712, #1288, #5387, #4893, #1756, #3077, #3158, #836, #4950, #919, #886, #4428, #2629, #394, #863, #2654, #3575, #475, #5795, #1784, #5361, #2679, #2268, #4480, #1980, #181, #152, #4566, #63, #4625, #2856, #3339, #3663, #3721, #1953, #2770, #1546, #5009, #3780, #4155, #1100, #535, #5126, #980 ),
 ( #562, #2326, #5039, #1926, #5473, #3248, #4687, #2413, #1867, #5562, #3752, #5445, #5503, #2886, #1488, #5531, #1517, #1457, #4127, #1007, #3218, #4598, #592, #93, #1899, #2355, #122, #4099, #3693, #2797, #2296, #1426, #3279, #2385, #4658, #4190, #5070, #1040, #2828, #3309, #5097, #1071, #622, #4221, #4247, #4275 ),
 ( #209, #3400, #3488, #4743, #5210, #303, #653, #2041, #683, #271, #3838, #1131, #2947, #4715, #5590, #2101, #743, #1577, #2918, #2531, #1637, #239, #2563, #5181, #1256, #5620, #3925, #4366, #1606, #1159, #2130, #2983, #2470, #5708, #4339, #710, #3042, #333, #3897, #5244, #1694, #5678, #2501, #4306, #5277, #1667 ),
 ( #3461, #3430, #2072, #2442, #2014, #3367, #3809, #3869, #3013, #5154, #5651, #1189, #4773, #1224, #4803, #772, #2783, #2755, #1355, #2594, #1412, #5460, #108, #361, #491, #4550, #5487, #3145, #4393, #3649, #2340, #2157, #5374, #3955, #2695, #5739, #2311, #1727, #1825, #1912, #3174, #5431, #518, #4831, #461, #4935 ),
 ( #904, #1382, #4497, #3517, #4113, #4993, #2254, #4056, #963, #48, #19, #993, #3620, #1471, #5401, #4142, #4582, #4965, #935, #548, #3205, #2726, #3707, #79, #4524, #801, #2282, #1884, #3678, #4084, #1441, #1853, #3233, #5022, #669, #2487, #5575, #4702, #4234, #3737, #2058, #2934, #2370, #4293, #2874, #5605 ),
 ( #4205, #196, #2902, #5084, #4730, #1146, #1116, #5517, #1025, #1562, #3826, #256, #4611, #4674, #2458, #1502, #3856, #136, #637, #2813, #1593, #1532, #3296, #167, #2429, #607, #1966, #5636, #3384, #578, #698, #4263, #4175, #1998, #3263, #3796, #225, #2028, #2398, #1056, #3766, #1939, #5549, #3354, #2841, #4640 ),
 ( #3328, #5114, #5053, #1087, #5141, #5168, #2171, #5727, #5316, #5752, #1738, #729, #1242, #4845, #3056, #3969, #403, #289, #3530, #3084, #4791, #1296, #2145, #759, #4874, #5665, #4760, #2195, #2519, #4352, #2549, #2966, #1652, #4407, #2608, #4381, #817, #3029, #376, #4324, #347, #844, #4435, #1713, #2636, #3997 ),
 ( #1621, #2086, #3416, #5196, #3884, #1175, #3448, #1210, #3943, #5231, #3001, #319, #2117, #4818, #3504, #3912, #788, #5695, #1681, #2580, #3476, #5264, #5291, #1269, #928, #4988, #1877, #4078, #4050, #1324, #455, #3584, #2248, #870, #2305, #4929, #13, #3112, #1819, #5803, #2218, #1350, #426, #1406, #1764, #5454 ),
 ( #2662, #5369, #43, #897, #4023, #513, #2778, #3557, #988, #3140, #4518, #3615, #485, #5395, #4577, #1792, #543, #2689, #1377, #5345, #4488, #2335, #3167, #4958, #2720, #2277, #4107, #1848, #4901, #3643, #5777, #5425, #3197, #958, #2750, #73, #4460, #3671, #1436, #3228, #5017, #628, #985, #2332, #70, #3225 ),
 ( #1874, #4196, #5422, #1403, #4985, #5014, #4163, #5479, #128, #3254, #955, #1433, #5451, #2775, #1463, #4574, #4133, #99, #1016, #568, #2804, #1931, #3757, #2361, #3728, #5508, #3287, #5075, #1046, #4630, #597, #2390, #158, #5538, #1523, #3316, #1196, #5254, #24, #4416, #3122, #3150, #1360, #4061, #4529, #385 ),
 ( #3094, #466, #437, #4883, #3179, #3978, #3067, #496, #2180, #2645, #853, #1279, #5762, #2700, #909, #2670, #4502, #4910, #1831, #1748, #4470, #3625, #2731, #5812, #1387, #4970, #4444, #412, #2287, #3541, #940, #1724, #5327, #3514, #1305, #2205, #2228, #4007, #5788, #1775, #878, #4033, #1800, #3595, #5492, #5465 ),
 ( #4180, #4646, #2376, #1970, #4678, #523, #1858, #2818, #1536, #5436, #4555, #3654, #1890, #1417, #1507, #3210, #999, #1091, #2345, #4616, #3742, #4090, #1447, #4118, #54, #5118, #3683, #583, #4147, #140, #1918, #2878, #84, #642, #3238, #113, #4998, #2316, #968, #5028, #3268, #3712, #1943, #2403, #1477, #2760 ),
 ( #5522, #3300, #2787, #4587, #5088, #553, #1061, #5059, #1030, #2845, #4210, #172, #612, #3771, #5554, #3331, #4794, #1245, #1120, #763, #3915, #5609, #3004, #2969, #1597, #5699, #672, #5579, #3033, #3358, #5171, #3387, #3799, #2461, #5234, #3452, #5199, #5668, #2063, #1213, #1565, #1178, #322, #5268, #4328, #1655 ) ),
 .UNSPECIFIED., .F., .F., .F.,
 ( 6, 5, 2, 5, 6 ),
 ( 4, 1, 1, 1, 1, 1, 1, 1, 1, 1, 1, 1, 1, 1, 1, 1, 1, 1, 1, 1, 1, 1, 1, 1, 1, 1, 1, 1, 1, 1, 1, 1, 1, 1, 1, 1, 1, 3, 3, 4 ),
 ( -0.01000000000000000021, 0.000000000000000000, 0.5000000000000000000, 1.000000000000000000, 1.010000000000000009 ),
 ( 0.000000000000000000, 6.199826132929888366E-05, 0.0001239965226585977673, 0.0001859947839878966917, 0.0002686591324269618428, 0.0003719895679757933833, 0.0004959860906343910693, 0.0006199826132929889180, 0.0007853113101711191660, 0.0009919721812687821386, 0.001239965226585977836, 0.001570622620342238332, 0.001983944362537564277, 0.002479930453171955672, 0.002975916543806347066, 0.003471902634440737160, 0.004133217421953259453, 0.004959860906343911344, 0.005951833087612694133, 0.006943805268881474320, 0.007935777450150257109, 0.008927749631419039031, 0.009919721812687822687, 0.01091169399395660461, 0.01190366617522538827, 0.01273030965961603755, 0.01339162444712856115, 0.01388761053776294864, 0.01430093227995827589, 0.01463158967371453595, 0.01487958271903173230, 0.01512757576434892864, 0.01533423663544659053, 0.01549956533232472143, 0.01562356185498331961, 0.01572689229053214968, 0.01580955663897121513, 0.01587155490030051422, 0.01587230118850444655, 0.01603102420038949108 ),
 .UNSPECIFIED. ) ;
#4640 = CARTESIAN_POINT ( 'NONE',  ( -1.656489588902140042, 0.1836369163564032236, 0.7712257854298969484 ) ) ;
#4641 = CARTESIAN_POINT ( 'NONE',  ( -10.10241874255537908, 13.42075770887570840, 1.024865756580528808 ) ) ;
#4642 = CARTESIAN_POINT ( 'NONE',  ( 5.240677434800212531, 21.93038583462895019, 2.197207252281704548 ) ) ;
#4643 = EDGE_CURVE ( 'NONE', #4101, #3079, #3275, .T. ) ;
#4644 = CARTESIAN_POINT ( 'NONE',  ( -5.529817459178862471, 21.68389978801593543, 2.644746121635777936 ) ) ;
#4645 = CARTESIAN_POINT ( 'NONE',  ( -5.553725889111077230, 21.64877189370487187, 2.693476668720052203 ) ) ;
#4646 = CARTESIAN_POINT ( 'NONE',  ( -1.875155949280930212, 9.913750910103205527, 11.12330063613886466 ) ) ;
#4647 = CARTESIAN_POINT ( 'NONE',  ( -6.759704118377085180, 17.45227834070649209, 2.579330783311450048 ) ) ;
#4648 = CARTESIAN_POINT ( 'NONE',  ( 8.524092166164873419, 9.613958357210753647, 2.021778818364643460 ) ) ;
#4649 = CARTESIAN_POINT ( 'NONE',  ( -7.620400628866621062, 15.98060464404974290, 2.377615432162455189 ) ) ;
#4650 = B_SPLINE_CURVE_WITH_KNOTS ( 'NONE', 3,
 ( #2477, #3787, #3437, #245, #5160, #2420 ),
 .UNSPECIFIED., .F., .F.,
 ( 4, 2, 4 ),
 ( 0.5000000000000000000, 0.7500000000000000000, 1.000000000000000000 ),
 .UNSPECIFIED. ) ;
#4651 = CARTESIAN_POINT ( 'NONE',  ( -1.949912840893705868, 15.92852153461416975, 11.18996364110607189 ) ) ;
#4652 = CARTESIAN_POINT ( 'NONE',  ( 9.961344287652774909, 14.29469277046953657, 0.8215500009156910810 ) ) ;
#4653 = CARTESIAN_POINT ( 'NONE',  ( 1.476093371503749641, 29.15048225762365064, 2.658119314325613658 ) ) ;
#4654 = CARTESIAN_POINT ( 'NONE',  ( -5.762550427629732575, 21.56453075218170312, 2.174174880971334822 ) ) ;
#4655 = B_SPLINE_CURVE_WITH_KNOTS ( 'NONE', 3,
 ( #5786, #383, #327, #1773 ),
 .UNSPECIFIED., .F., .F.,
 ( 4, 4 ),
 ( 0.3049428320431163408, 0.3757702287068712121 ),
 .UNSPECIFIED. ) ;
#4656 = CARTESIAN_POINT ( 'NONE',  ( 8.563769273002700189, 9.625363182325333611, 2.007858509109026635 ) ) ;
#4657 = CARTESIAN_POINT ( 'NONE',  ( 0.05092185800512920996, 13.39279153786013765, 6.000000000000000000 ) ) ;
#4658 = CARTESIAN_POINT ( 'NONE',  ( -5.077148033904856028, 4.761285545464684965, 2.250045063397766665 ) ) ;
#4659 = CARTESIAN_POINT ( 'NONE',  ( -9.338732855362126273, 14.12274265351706504, 1.749999999999998890 ) ) ;
#4660 = CARTESIAN_POINT ( 'NONE',  ( 9.095413835900144406, 15.67264355196627790, 1.832926662975451482 ) ) ;
#4661 = CARTESIAN_POINT ( 'NONE',  ( 1.605783945414021474, 27.36875400887276299, 2.054424766637243049 ) ) ;
#4662 = AXIS2_PLACEMENT_3D ( 'NONE', #1073, #5011, #624 ) ;
#4663 = CARTESIAN_POINT ( 'NONE',  ( 2.083478063940692682, 16.81180626041937742, 4.402194367542822562 ) ) ;
#4664 = CARTESIAN_POINT ( 'NONE',  ( 3.626265664457882121, 9.068337554155487368, 4.059516166280742411 ) ) ;
#4665 =( NAMED_UNIT ( * ) SI_UNIT ( $, .STERADIAN. ) SOLID_ANGLE_UNIT ( ) );
#4666 = CARTESIAN_POINT ( 'NONE',  ( -5.515021854481780395, 5.052604191680583945, 2.220895925073116839 ) ) ;
#4667 = CARTESIAN_POINT ( 'NONE',  ( -9.237917048718832902, 9.457698273041295067, 1.029364865334111423 ) ) ;
#4668 = CARTESIAN_POINT ( 'NONE',  ( 8.692688061394273191, 15.43494821155363006, 1.980687835996394197 ) ) ;
#4669 = ORIENTED_EDGE ( 'NONE', *, *, #1307, .T. ) ;
#4670 = CARTESIAN_POINT ( 'NONE',  ( -10.52343187026310645, 5.010005838163281489, 1.250000000000005329 ) ) ;
#4671 = CARTESIAN_POINT ( 'NONE',  ( -0.6606562466494451114, 12.73213529121069953, 5.801067248717891367 ) ) ;
#4672 = CARTESIAN_POINT ( 'NONE',  ( -4.995846783677523995, 4.696816194156984814, -4.690868461894315278E-15 ) ) ;
#4673 = CARTESIAN_POINT ( 'NONE',  ( 4.551881824739763438, 5.417050911693915616, 3.273242472234204392 ) ) ;
#4674 = CARTESIAN_POINT ( 'NONE',  ( -1.889320401477354361, 7.895886578668705802, 8.703763643270979955 ) ) ;
#4675 = CARTESIAN_POINT ( 'NONE',  ( -6.456220075255423296, 5.955589021279622308, 2.609423996081488006 ) ) ;
#4676 = CARTESIAN_POINT ( 'NONE',  ( 4.983181789986713461, 22.00644429822964199, 2.938564704303908481 ) ) ;
#4677 = CARTESIAN_POINT ( 'NONE',  ( 0.000000000000000000, 13.39279153786013588, 0.000000000000000000 ) ) ;
#4678 = CARTESIAN_POINT ( 'NONE',  ( -1.867532594262334200, 9.723236453758538289, 11.11472336010397655 ) ) ;
#4679 = CARTESIAN_POINT ( 'NONE',  ( -7.338896021597760999, 17.25643140714290524, 2.468168685918106231 ) ) ;
#4680 = CARTESIAN_POINT ( 'NONE',  ( 8.111299417647991561, 8.567835856958783580, 2.149527417743783975 ) ) ;
#4681 = EDGE_CURVE ( 'NONE', #2141, #4286, #827, .T. ) ;
#4682 = CARTESIAN_POINT ( 'NONE',  ( 0.000000000000000000, 15.50878895555845816, 40.00000000000000000 ) ) ;
#4683 = CARTESIAN_POINT ( 'NONE',  ( 1.483577948214323872, 29.15919513032407195, 2.069011239615109687 ) ) ;
#4684 = CARTESIAN_POINT ( 'NONE',  ( -8.493727540008459087, 17.38243340849462726, 2.042188197288528517 ) ) ;
#4685 = CARTESIAN_POINT ( 'NONE',  ( 8.569790883445428165, 9.649995075199536032, 2.006014806642018478 ) ) ;
#4686 = CARTESIAN_POINT ( 'NONE',  ( -9.825351231713531419, 11.18513401464741897, 0.8512487900802556684 ) ) ;
#4687 = CARTESIAN_POINT ( 'NONE',  ( -7.828772622983704466, 9.279468145039409421, 2.270206758240655542 ) ) ;
#4688 = DIRECTION ( 'NONE',  ( -1.000000000000000000, 0.000000000000000000, 0.000000000000000000 ) ) ;
#4689 = DIRECTION ( 'NONE',  ( -1.000000000000000000, 0.000000000000000000, 0.000000000000000000 ) ) ;
#4690 = CARTESIAN_POINT ( 'NONE',  ( 1.924362305216123836, 17.15450464380563744, 11.20822884464726243 ) ) ;
#4691 = CARTESIAN_POINT ( 'NONE',  ( 1.931272108851280533, 4.928200769522828040, 4.114195043282359521 ) ) ;
#4692 = CARTESIAN_POINT ( 'NONE',  ( 3.701611903708630358, 9.564248312062025192, 3.967709278886584645 ) ) ;
#4693 = PLANE ( 'NONE',  #5340 ) ;
#4694 = CARTESIAN_POINT ( 'NONE',  ( -8.075412974145875111, 8.451767780119237017, 2.158298817624197508 ) ) ;
#4695 = CARTESIAN_POINT ( 'NONE',  ( 0.1151602723394330174, 15.53827016787967530, 40.00000000000001421 ) ) ;
#4696 = EDGE_LOOP ( 'NONE', ( #929, #14, #5222, #5585 ) ) ;
#4697 = ORIENTED_EDGE ( 'NONE', *, *, #5250, .F. ) ;
#4698 = CARTESIAN_POINT ( 'NONE',  ( 1.948903815668306061, 11.71689702848249048, 11.10421283080400023 ) ) ;
#4699 = CARTESIAN_POINT ( 'NONE',  ( 1.093474122637805968, 13.39279153786013943, 5.531449386909395471 ) ) ;
#4700 = CARTESIAN_POINT ( 'NONE',  ( -6.110854431069363102, 6.436539562125983771, 2.794890788666185344 ) ) ;
#4701 = CARTESIAN_POINT ( 'NONE',  ( 7.460278821058017762, 18.94695053802403706, 2.408037032270480715 ) ) ;
#4702 = CARTESIAN_POINT ( 'NONE',  ( -2.103403434812745942, 1.873132115075485826, 1.388800107912493864 ) ) ;
#4703 = CARTESIAN_POINT ( 'NONE',  ( 7.481174585152182033, 17.27892768283989255, 2.414839937310463203 ) ) ;
#4704 = CARTESIAN_POINT ( 'NONE',  ( -8.451052930802477547, 17.36854011195294234, 2.058106653676682551 ) ) ;
#4705 = DIRECTION ( 'NONE',  ( 0.000000000000000000, 0.000000000000000000, 1.000000000000000000 ) ) ;
#4706 = CARTESIAN_POINT ( 'NONE',  ( -3.644654515081469981, 17.39223144259415932, 4.073443873486342071 ) ) ;
#4707 = CARTESIAN_POINT ( 'NONE',  ( 1.393690276199675449, -1.034036388600036549, 0.9051560608968107768 ) ) ;
#4708 = DIRECTION ( 'NONE',  ( -1.000000000000000000, 0.000000000000000000, 0.000000000000000000 ) ) ;
#4709 = CARTESIAN_POINT ( 'NONE',  ( 1.919853548617278749, 17.24371764985252398, 11.32953020089112073 ) ) ;
#4710 = EDGE_CURVE ( 'NONE', #4540, #1264, #2520, .T. ) ;
#4711 = CARTESIAN_POINT ( 'NONE',  ( 1.666128263486384320, 4.747861675196346276, 8.226026256454426644 ) ) ;
#4712 = CARTESIAN_POINT ( 'NONE',  ( -5.742509098119712441, 21.57857756066125532, 2.173734508094376405 ) ) ;
#4713 = CARTESIAN_POINT ( 'NONE',  ( 5.527358331628006383, 5.058844598803473147, 2.158705160076259233 ) ) ;
#4714 = CARTESIAN_POINT ( 'NONE',  ( -5.283670520265574196E-16, 13.19137295054941639, 5.999999999999998224 ) ) ;
#4715 = CARTESIAN_POINT ( 'NONE',  ( -6.440151185958883140, 7.943811498278434691, 2.632790613005165703 ) ) ;
#4716 = CARTESIAN_POINT ( 'NONE',  ( -1.478152147415975115, -1.134909989853868151, 0.000000000000000000 ) ) ;
#4717 = CARTESIAN_POINT ( 'NONE',  ( -5.696408357457329430, 5.173826141784895860, -0.1019925841442952674 ) ) ;
#4718 = CARTESIAN_POINT ( 'NONE',  ( 1.542674460800255609, 28.23365602366569505, 2.429060973389280509 ) ) ;
#4719 = CARTESIAN_POINT ( 'NONE',  ( 10.60454674001498887, 6.458114587768664094, 1.249999999999999112 ) ) ;
#4720 = CARTESIAN_POINT ( 'NONE',  ( 6.778577484859451552, 9.587583934106493899, 2.546587780042097293 ) ) ;
#4721 = FACE_BOUND ( 'NONE', #3733, .T. ) ;
#4722 = CARTESIAN_POINT ( 'NONE',  ( 1.013353582780619266, 28.02375384471827147, 40.00000000000006395 ) ) ;
#4723 = EDGE_LOOP ( 'NONE', ( #5240, #2540 ) ) ;
#4724 = VERTEX_POINT ( 'NONE', #2464 ) ;
#4725 = CARTESIAN_POINT ( 'NONE',  ( -10.50803972661192809, 4.770532357091880726, 1.249999999999997558 ) ) ;
#4726 = CARTESIAN_POINT ( 'NONE',  ( 0.05092185800512920996, 13.39279153786013765, 6.000000000000000000 ) ) ;
#4727 = CARTESIAN_POINT ( 'NONE',  ( -5.122128772971097810, 5.754874213619449286, 3.102367362857285205 ) ) ;
#4728 = CARTESIAN_POINT ( 'NONE',  ( -7.783621195398844783, 7.877124923300693915, 2.240836601081791724 ) ) ;
#4729 = CARTESIAN_POINT ( 'NONE',  ( 8.136127410411626570, 17.94610288042840196, 2.168448112175747955 ) ) ;
#4730 = CARTESIAN_POINT ( 'NONE',  ( -1.969814126398573340, 9.718823354523651759, 8.655416987034501020 ) ) ;
#4731 = CARTESIAN_POINT ( 'NONE',  ( 6.218979792921777161, 17.23398251024582706, 2.876128738126276563 ) ) ;
#4732 = CARTESIAN_POINT ( 'NONE',  ( -5.499546405715837416, 21.63212592149439573, 2.818669482354699163 ) ) ;
#4733 = CARTESIAN_POINT ( 'NONE',  ( -9.297208404367989232, 14.28609367621369941, 1.764782985067465004 ) ) ;
#4734 = CARTESIAN_POINT ( 'NONE',  ( -2.801724298729213913, 22.19552500425125174, 4.884053802457545501 ) ) ;
#4735 = CARTESIAN_POINT ( 'NONE',  ( -2.188869287737164715, 17.17026476553838421, 0.000000000000000000 ) ) ;
#4736 = CARTESIAN_POINT ( 'NONE',  ( 8.525024572401209255, 9.652362131395021194, 2.021901525243260611 ) ) ;
#4737 = CARTESIAN_POINT ( 'NONE',  ( 1.477282798579201195, 29.13343427004597075, 2.657341446652780714 ) ) ;
#4738 = VERTEX_POINT ( 'NONE', #2379 ) ;
#4739 = CARTESIAN_POINT ( 'NONE',  ( 1.586592207237708996, 0.2408974144513390536, 1.639973061943586163 ) ) ;
#4740 = CARTESIAN_POINT ( 'NONE',  ( -7.867122904215050561, 18.70119822603841087, 2.254915683287634920 ) ) ;
#4741 = CARTESIAN_POINT ( 'NONE',  ( 5.137776586697943237, 4.930520272552347372, 2.785138155081535949 ) ) ;
#4742 = CARTESIAN_POINT ( 'NONE',  ( 0.2561804476006352416, 15.51160729232146984, 40.00000000000000000 ) ) ;
#4743 = CARTESIAN_POINT ( 'NONE',  ( -6.778993829710644903, 9.584762822822085582, 2.545970872416456032 ) ) ;
#4744 = CARTESIAN_POINT ( 'NONE',  ( 1.634011925466519521, 0.2054566986665157802, 1.060235502555531006 ) ) ;
#4745 = CARTESIAN_POINT ( 'NONE',  ( -1.325941379524083530, 2.892853248600929295, 8.798236201815184288 ) ) ;
#4746 = CARTESIAN_POINT ( 'NONE',  ( 1.891628045586547513, 19.32762516201785630, 10.06596317398510543 ) ) ;
#4747 = CARTESIAN_POINT ( 'NONE',  ( 2.061588210696460699, 7.294541621651860375, 4.218141029795264174 ) ) ;
#4748 = CARTESIAN_POINT ( 'NONE',  ( 3.215218602952720772, 6.616062033933565623, 4.599736769779267931 ) ) ;
#4749 = CARTESIAN_POINT ( 'NONE',  ( -8.779851511135799313, 15.35611234667047142, 1.949999999999993072 ) ) ;
#4750 = CARTESIAN_POINT ( 'NONE',  ( -6.849118585379930124, 6.627687787220798654, 2.507336436957521730 ) ) ;
#4751 = CARTESIAN_POINT ( 'NONE',  ( 0.3703013440255834010, 42.88229521860752413, 0.000000000000000000 ) ) ;
#4752 = ORIENTED_EDGE ( 'NONE', *, *, #504, .T. ) ;
#4753 = CIRCLE ( 'NONE', #5496, 1.550000000000000266 ) ;
#4754 = CARTESIAN_POINT ( 'NONE',  ( -10.55222782124567793, 5.489286015421471099, 1.250000000000004885 ) ) ;
#4755 = CARTESIAN_POINT ( 'NONE',  ( -0.9867170708149409775, 13.13505721547040395, 5.531449386909396360 ) ) ;
#4756 = CARTESIAN_POINT ( 'NONE',  ( -7.224063390743635793, 7.568483319303967782, 2.443295552295699835 ) ) ;
#4757 = AXIS2_PLACEMENT_3D ( 'NONE', #4131, #566, #1843 ) ;
#4758 = CARTESIAN_POINT ( 'NONE',  ( -7.370455816651585224, 7.255447747540179293, 2.357950334606172316 ) ) ;
#4759 = CARTESIAN_POINT ( 'NONE',  ( 7.464078090150356282, 18.95030579993448328, 2.406598885573785651 ) ) ;
#4760 = CARTESIAN_POINT ( 'NONE',  ( -1.280798984618223280, 0.5901414725989651000, 4.936961862359904529 ) ) ;
#4761 = CARTESIAN_POINT ( 'NONE',  ( 3.202538082372448969, 19.89271323457884932, 4.706213428629011375 ) ) ;
#4762 = CARTESIAN_POINT ( 'NONE',  ( 9.339652450279182005, 13.52733357419697313, 1.750001004639106572 ) ) ;
#4763 = DIRECTION ( 'NONE',  ( -1.000000000000000000, 0.000000000000000000, 0.000000000000000000 ) ) ;
#4764 = CARTESIAN_POINT ( 'NONE',  ( -3.821372426983125958, 17.18604478630148691, 4.155757898192558031 ) ) ;
#4765 = CARTESIAN_POINT ( 'NONE',  ( -1.012481759533885528, 19.07143080537069579, 39.99999999999995737 ) ) ;
#4766 = CARTESIAN_POINT ( 'NONE',  ( -9.139850139058955492, 15.62211218272904745, 1.818301672181185102 ) ) ;
#4767 = CARTESIAN_POINT ( 'NONE',  ( -8.527994119142590534, 15.99828452947853918, 2.040888293957897393 ) ) ;
#4768 = CARTESIAN_POINT ( 'NONE',  ( 1.921207853420700884, 17.20307121511223158, 11.30502175717625057 ) ) ;
#4769 = CARTESIAN_POINT ( 'NONE',  ( 1.562263965584762104, 3.506064347331819597, 7.584646327139829225 ) ) ;
#4770 = CARTESIAN_POINT ( 'NONE',  ( -5.617127253370667539, 21.65082732437348767, 2.494117688718350490 ) ) ;
#4771 = CARTESIAN_POINT ( 'NONE',  ( 8.592548417120939419, 9.649719229449935654, 1.997947819790408142 ) ) ;
#4772 = CARTESIAN_POINT ( 'NONE',  ( -0.6606562466494451114, 12.73213529121069953, 5.801067248717891367 ) ) ;
#4773 = CARTESIAN_POINT ( 'NONE',  ( -3.516658242560529946, 8.372501093350424028, 4.220327580241504783 ) ) ;
#4774 = CARTESIAN_POINT ( 'NONE',  ( -1.950746429924424818, 20.50450023332384930, 4.434429639533147949 ) ) ;
#4775 = CARTESIAN_POINT ( 'NONE',  ( -5.613670247350164288, 5.116812415830525929, 1.370114353325986745 ) ) ;
#4776 = CARTESIAN_POINT ( 'NONE',  ( 1.533345221642845813, 28.16741924614343162, 3.416652754012895254 ) ) ;
#4777 = CIRCLE ( 'NONE', #168, 1.550000000000000266 ) ;
#4778 = CARTESIAN_POINT ( 'NONE',  ( 1.973475547673571917, 5.566112829017513697, 4.145855635200939915 ) ) ;
#4779 = CARTESIAN_POINT ( 'NONE',  ( 6.700794758237900162, 9.656843806682356757, 2.583806412201238523 ) ) ;
#4780 = AXIS2_PLACEMENT_3D ( 'NONE', #4388, #354, #5324 ) ;
#4781 = CARTESIAN_POINT ( 'NONE',  ( -5.945191485490252781, 5.672058552343921534, 2.722589984068028990 ) ) ;
#4782 = CARTESIAN_POINT ( 'NONE',  ( 0.4748852075851178189, 35.87662403938738009, 39.99999999999989342 ) ) ;
#4783 = ORIENTED_EDGE ( 'NONE', *, *, #3434, .T. ) ;
#4784 = VERTEX_POINT ( 'NONE', #4682 ) ;
#4785 = EDGE_CURVE ( 'NONE', #4840, #2912, #3609, .T. ) ;
#4786 = CARTESIAN_POINT ( 'NONE',  ( -10.65923215786711253, 17.03367647352155245, 1.250000000000004219 ) ) ;
#4787 = CARTESIAN_POINT ( 'NONE',  ( 0.4858691598539778833, 13.87866069771410515, 5.957250786414756583 ) ) ;
#4788 = CARTESIAN_POINT ( 'NONE',  ( -6.113433533379151186, 6.433092061715761645, 2.793889931809857341 ) ) ;
#4789 = CARTESIAN_POINT ( 'NONE',  ( -7.580619533959917611, 7.558910695620459919, 2.299085319519768689 ) ) ;
#4790 = CARTESIAN_POINT ( 'NONE',  ( 8.669934658122725679, 16.87176675691528516, 1.980934766209334841 ) ) ;
#4791 = CARTESIAN_POINT ( 'NONE',  ( -1.511239095457555193, 3.817258723288512012, 8.666558509348192274 ) ) ;
#4792 = CARTESIAN_POINT ( 'NONE',  ( 2.703628133007670353, 23.50095311066233705, 4.077820561790694853 ) ) ;
#4793 = DIRECTION ( 'NONE',  ( -0.000000000000000000, -0.000000000000000000, 1.000000000000000000 ) ) ;
#4794 = CARTESIAN_POINT ( 'NONE',  ( -1.659497563993445723, 6.306438043231401558, 10.68146685559948850 ) ) ;
#4795 = CARTESIAN_POINT ( 'NONE',  ( -2.156239205413434501, 20.02318759673780235, 6.894893183351498145 ) ) ;
#4796 = CARTESIAN_POINT ( 'NONE',  ( -1.094683588475733549, 20.43497598561768669, 39.99999999999998579 ) ) ;
#4797 = CARTESIAN_POINT ( 'NONE',  ( -6.123749942618304409, 6.419302060074873140, 2.789886504384546217 ) ) ;
#4798 = CARTESIAN_POINT ( 'NONE',  ( 2.218207475047727861, 1.801934842618899024, -0.7894994533224196642 ) ) ;
#4799 = CARTESIAN_POINT ( 'NONE',  ( -5.408553383550748883, 4.987570511783602001, 2.332023777074339055 ) ) ;
#4800 = CARTESIAN_POINT ( 'NONE',  ( 1.428231229759021614, 1.073096698238291458, 4.689177301983604274 ) ) ;
#4801 = CARTESIAN_POINT ( 'NONE',  ( -5.511210126137527254, 21.65644903573997837, 2.756195771561318786 ) ) ;
#4802 = CARTESIAN_POINT ( 'NONE',  ( -0.6200382235541981313, 13.39279153786013765, 5.957250786414758359 ) ) ;
#4803 = CARTESIAN_POINT ( 'NONE',  ( -3.404714280573709395, 7.700167413215315726, 4.381176595612468638 ) ) ;
#4804 = CARTESIAN_POINT ( 'NONE',  ( -1.478152147415975115, -1.134909989853868151, 0.000000000000000000 ) ) ;
#4805 = CARTESIAN_POINT ( 'NONE',  ( -1.148373323959954506, 0.6430542632885053456, 5.917734644905884522 ) ) ;
#4806 = CARTESIAN_POINT ( 'NONE',  ( 1.882275254274799803, 18.87999089405845510, 11.22305041690499827 ) ) ;
#4807 = CARTESIAN_POINT ( 'NONE',  ( 8.644689618778096829, 13.44488685317508825, 2.008216095339106388 ) ) ;
#4808 = CARTESIAN_POINT ( 'NONE',  ( 8.637370364641380860, 9.647235121418601622, 1.982036804210608683 ) ) ;
#4809 = CARTESIAN_POINT ( 'NONE',  ( 1.999742994649950090, 3.804036576480386511, 5.748608329697348474 ) ) ;
#4810 = CARTESIAN_POINT ( 'NONE',  ( -5.140245898735258834, 4.881830351860330985, 2.690249089045995134 ) ) ;
#4811 = CARTESIAN_POINT ( 'NONE',  ( 5.573461123172372744, 21.67337505916255580, 2.558401854108462548 ) ) ;
#4812 = EDGE_LOOP ( 'NONE', ( #5221, #4403, #4866, #3579, #5630, #5599 ) ) ;
#4813 = VERTEX_POINT ( 'NONE', #5091 ) ;
#4814 = CARTESIAN_POINT ( 'NONE',  ( 1.863121517198440102, 22.37776911894619758, 4.443860073264348287 ) ) ;
#4815 = CARTESIAN_POINT ( 'NONE',  ( -1.079612185236600075, 13.39279153786013588, 5.276222157658235545 ) ) ;
#4816 = CARTESIAN_POINT ( 'NONE',  ( 8.893401079046061142, 16.97692719979570342, 1.898085393331505388 ) ) ;
#4817 = ADVANCED_FACE ( 'NONE', ( #5063 ), #5711, .T. ) ;
#4818 = CARTESIAN_POINT ( 'NONE',  ( -1.771793829781898921, 7.778737704776901296, 10.86666396431005666 ) ) ;
#4819 = CARTESIAN_POINT ( 'NONE',  ( 3.704026267713758980, 17.26864191011573979, 4.083727858515907805 ) ) ;
#4820 = CARTESIAN_POINT ( 'NONE',  ( -5.734241265264318876, 21.58487578559351761, 2.172152273467142791 ) ) ;
#4821 = DIRECTION ( 'NONE',  ( -0.000000000000000000, -0.000000000000000000, -1.000000000000000000 ) ) ;
#4822 = CARTESIAN_POINT ( 'NONE',  ( -2.010960942010410868, 22.34901364040751304, 6.813297093958111894 ) ) ;
#4823 = CARTESIAN_POINT ( 'NONE',  ( -0.03477238923487362132, 45.72607797445534317, 0.000000000000000000 ) ) ;
#4824 = ADVANCED_FACE ( 'NONE', ( #3920 ), #2587, .T. ) ;
#4825 = CARTESIAN_POINT ( 'NONE',  ( -8.421485173739894137, 17.49474087708757963, 2.068346094468225260 ) ) ;
#4826 = CARTESIAN_POINT ( 'NONE',  ( -8.592521017546379980, 10.90601958800338878, 2.012961158229143788 ) ) ;
#4827 = CARTESIAN_POINT ( 'NONE',  ( 1.901945178057848018, 18.05592262658722902, 11.33152379373701457 ) ) ;
#4828 = CARTESIAN_POINT ( 'NONE',  ( 1.148853791060970186, 0.6453195844566227413, 5.916110571421283382 ) ) ;
#4829 = CARTESIAN_POINT ( 'NONE',  ( -7.263245219048037882, 19.65314895027855613, 2.450856526951729286 ) ) ;
#4830 = CARTESIAN_POINT ( 'NONE',  ( -1.606337482114405180E-16, 14.58921148635222664, 5.276222157658235545 ) ) ;
#4831 = CARTESIAN_POINT ( 'NONE',  ( -3.080448982909842481, 3.307740148734961139, 1.470524583380386385 ) ) ;
#4832 = CARTESIAN_POINT ( 'NONE',  ( -10.50803972661192809, 4.770532357091880726, 1.249999999999997558 ) ) ;
#4833 = CARTESIAN_POINT ( 'NONE',  ( -1.857399212554069701, 9.390135187143689777, 11.00408106656738561 ) ) ;
#4834 = CARTESIAN_POINT ( 'NONE',  ( 1.922851842837264291, 17.20302758746559846, 11.23295529842443230 ) ) ;
#4835 = CARTESIAN_POINT ( 'NONE',  ( 8.592538659402027434, 9.578404109193394689, 1.997017065735613883 ) ) ;
#4836 = CARTESIAN_POINT ( 'NONE',  ( 2.132880092107971581, 6.357859890493353205, 6.627050001034699100 ) ) ;
#4837 = CARTESIAN_POINT ( 'NONE',  ( -5.204019527690573632, 5.002550575031364133, 2.812643381606697357 ) ) ;
#4838 = CARTESIAN_POINT ( 'NONE',  ( 5.230750507719339026, 21.93728853339091955, 2.162048937823327410 ) ) ;
#4839 = CARTESIAN_POINT ( 'NONE',  ( -9.626106282847331386, 15.76378612631906861, 1.597989214398770619 ) ) ;
#4840 = VERTEX_POINT ( 'NONE', #2616 ) ;
#4841 = ORIENTED_EDGE ( 'NONE', *, *, #2767, .T. ) ;
#4842 = CARTESIAN_POINT ( 'NONE',  ( 2.151471754696593575, 12.22437661426429933, 4.340548833051950162 ) ) ;
#4843 = CARTESIAN_POINT ( 'NONE',  ( 7.736118933259017894, 7.882971603061911914, 2.262243402783294499 ) ) ;
#4844 = CARTESIAN_POINT ( 'NONE',  ( 5.325792088991831541, 5.664411452847463835, 3.027554137260632050 ) ) ;
#4845 = CARTESIAN_POINT ( 'NONE',  ( -1.832992750116928748, 7.836955123945088530, 9.788729579833431060 ) ) ;
#4846 = CARTESIAN_POINT ( 'NONE',  ( 7.000000000000000000, 13.39279153786013588, 1.750000000000001554 ) ) ;
#4847 = CARTESIAN_POINT ( 'NONE',  ( -1.633526173308426310, 0.2041286702536143360, 1.060513002270829563 ) ) ;
#4848 = CARTESIAN_POINT ( 'NONE',  ( -1.804693140126686579, 22.07698997195543100, 8.794361395829216832 ) ) ;
#4849 = AXIS2_PLACEMENT_3D ( 'NONE', #2357, #3723, #2415 ) ;
#4850 = CARTESIAN_POINT ( 'NONE',  ( 0.000000000000000000, 15.50878895555845816, 40.00000000000000000 ) ) ;
#4851 = CARTESIAN_POINT ( 'NONE',  ( -5.135725685280184472, 5.730617392128452892, 3.096734616380644400 ) ) ;
#4852 = CARTESIAN_POINT ( 'NONE',  ( -8.490982019735419328, 17.27566418029338990, 2.044174043018044618 ) ) ;
#4853 = CARTESIAN_POINT ( 'NONE',  ( 1.591904446669008211, 25.97235978319078953, 9.069930011260479930 ) ) ;
#4854 = CARTESIAN_POINT ( 'NONE',  ( 1.472102014704582906, 4.265137585164265666, 9.800999592922572390 ) ) ;
#4855 = CARTESIAN_POINT ( 'NONE',  ( -5.609997594927102149, 21.49207376401597003, 2.862962572412272699 ) ) ;
#4856 = ADVANCED_FACE ( 'NONE', ( #3891 ), #4867, .T. ) ;
#4857 = CARTESIAN_POINT ( 'NONE',  ( 1.510906307936322746, 29.07274613396507945, 0.5149443676650475865 ) ) ;
#4858 = CARTESIAN_POINT ( 'NONE',  ( -0.9867170708149414216, 13.39279153786013588, 5.531449386909396360 ) ) ;
#4859 = CARTESIAN_POINT ( 'NONE',  ( -10.66003182507581393, 7.891684911794818014, 1.250000000000000000 ) ) ;
#4860 = DIRECTION ( 'NONE',  ( -1.000000000000000000, 0.000000000000000000, 0.000000000000000000 ) ) ;
#4861 = CARTESIAN_POINT ( 'NONE',  ( 1.506929054395916845, 27.82701452786713858, 6.868005435895347510 ) ) ;
#4862 = B_SPLINE_CURVE_WITH_KNOTS ( 'NONE', 3,
 ( #876, #298, #3892, #4799, #5300, #768, #2558, #5704, #1690, #1250, #3038, #5735, #3512, #1277, #3064, #2343, #966, #5025, #551, #2285, #2226, #5434, #82, #5463, #5490, #2314, #3236, #4145, #1474, #2758, #1887, #996, #5057, #3266, #4996, #3177, #434, #5810, #1798, #2785, #51, #2729, #5377, #4088, #1856, #2668, #1358, #4116, #3593, #1916, #1415, #4467, #4527, #4553, #4031, #3652, #3681, #1444, #3148, #4938, #907, #938, #2698, #4968, #464, #494, #4500, #4585, #1829, #3208, #2257, #521, #4059, #22 ),
 .UNSPECIFIED., .F., .F.,
 ( 4, 2, 2, 2, 1, 1, 1, 2, 2, 2, 2, 2, 2, 2, 2, 2, 2, 2, 2, 2, 2, 1, 1, 2, 2, 2, 2, 1, 1, 1, 1, 2, 2, 2, 2, 1, 2, 2, 2, 2, 2, 4 ),
 ( 0.0004329245914339877261, 0.03166939569794841036, 0.03557395458626273765, 0.03655009430834136458, 0.03752623403042000538, 0.03947851347457743965, 0.04728763125120705180, 0.05509674902783667089, 0.05900130791615153941, 0.06290586680446641488, 0.1253788090175014525, 0.1878517512305364623, 0.2190882223370539394, 0.2347064578903134691, 0.2503246934435729987, 0.3752705778696482364, 0.4377435200826855777, 0.4689799911892042483, 0.5002164622957229190, 0.6251623467217967134, 0.6876352889348334996, 0.7188717600413517816, 0.7344899955946110337, 0.7422991133712407708, 0.7501082311478702858, 0.8125811733609078491, 0.8438176444674264642, 0.8594358800206858273, 0.8672449977973156754, 0.8711495566856303219, 0.8731018361297878672, 0.8740779758518666398, 0.8750541155739454124, 0.9062905866804712440, 0.9219088222337341598, 0.9238611016778915941, 0.9248372413999699226, 0.9258133811220482512, 0.9297179400103614544, 0.9375270577869881938, 0.9687635288934940414, 1.000000000000000000 ),
 .UNSPECIFIED. ) ;
#4863 = CARTESIAN_POINT ( 'NONE',  ( 8.304742771037398441, 8.857103669789621492, 2.085902559203211215 ) ) ;
#4864 = CARTESIAN_POINT ( 'NONE',  ( 2.382347233100277073, 9.514366814709715570, 6.279764536058602964 ) ) ;
#4865 = CARTESIAN_POINT ( 'NONE',  ( 7.332280149704230254, 19.52152675552937211, 2.431067980548536234 ) ) ;
#4866 = ORIENTED_EDGE ( 'NONE', *, *, #4427, .F. ) ;
#4867 = B_SPLINE_SURFACE_WITH_KNOTS ( 'NONE', 5, 3, ( 
 ( #1720, #3511, #5671, #5238 ),
 ( #5299, #4441, #1218, #4413 ),
 ( #3975, #1302, #4360, #3008 ),
 ( #4798, #767, #3091, #4880 ),
 ( #2642, #326, #5433, #4526 ),
 ( #5785, #1357, #4058, #3563 ),
 ( #4584, #5376, #4967, #5403 ),
 ( #4115, #21, #5350, #2256 ) ),
 .UNSPECIFIED., .F., .F., .F.,
 ( 6, 2, 6 ),
 ( 4, 4 ),
 ( 0.000000000000000000, 0.5000000000000000000, 1.000000000000000000 ),
 ( 0.05927117984129574857, 0.06149895665641673392 ),
 .UNSPECIFIED. ) ;
#4868 = CIRCLE ( 'NONE', #365, 2.450000000000003286 ) ;
#4869 = CARTESIAN_POINT ( 'NONE',  ( 2.149986251388090963, 11.31676558730379512, 4.323640027788365536 ) ) ;
#4870 = CARTESIAN_POINT ( 'NONE',  ( 0.8095998129474181182, 14.20239135080753812, 5.403835772283815508 ) ) ;
#4871 = CARTESIAN_POINT ( 'NONE',  ( 5.211967884733308409, 4.893312893193091817, 2.571073385289887714 ) ) ;
#4872 = CARTESIAN_POINT ( 'NONE',  ( -5.493277685896395646, 5.039641302225659203, 2.260480967584073575 ) ) ;
#4873 = CARTESIAN_POINT ( 'NONE',  ( 4.786161090225013126, 21.23461568169482661, 3.371739971018595572 ) ) ;
#4874 = CARTESIAN_POINT ( 'NONE',  ( -1.301759142653417411, 1.463895004076031903, 6.420720231690592250 ) ) ;
#4875 = CARTESIAN_POINT ( 'NONE',  ( 8.510268931052401342, 15.57031025257468748, 2.046828345182853504 ) ) ;
#4876 = CARTESIAN_POINT ( 'NONE',  ( -2.401690916661731734, 17.16993855338579067, 6.160196258451324347 ) ) ;
#4877 = DIRECTION ( 'NONE',  ( -0.000000000000000000, -0.000000000000000000, -1.000000000000000000 ) ) ;
#4878 = CARTESIAN_POINT ( 'NONE',  ( 6.897295870792672368, 6.107690490561950902, 1.715392240132452839 ) ) ;
#4879 = CARTESIAN_POINT ( 'NONE',  ( -8.016451876579319347, 8.665047930589095060, 2.188548732845980282 ) ) ;
#4880 = CARTESIAN_POINT ( 'NONE',  ( 2.114452371522690832, 1.890769628979831030, 1.292260023976824712 ) ) ;
#4881 = CARTESIAN_POINT ( 'NONE',  ( 1.912275247305336157, 17.60613337169043291, 11.33229435586949130 ) ) ;
#4882 = CARTESIAN_POINT ( 'NONE',  ( 1.887399954675357261, 8.864172521839796204, 9.828810264950989861 ) ) ;
#4883 = CARTESIAN_POINT ( 'NONE',  ( -1.871629666694207161, 9.799296853038701016, 11.09459489288435918 ) ) ;
#4884 = CARTESIAN_POINT ( 'NONE',  ( -5.732132681135118979, 21.58586246071040193, 2.207266354852422729 ) ) ;
#4885 = CARTESIAN_POINT ( 'NONE',  ( 1.548189806390421586, 28.23106086216490951, 2.045221267156442480 ) ) ;
#4886 = CARTESIAN_POINT ( 'NONE',  ( -8.484932337037765393, 16.70659210953054341, 2.050987249592195472 ) ) ;
#4887 = CARTESIAN_POINT ( 'NONE',  ( -10.52343187026310645, 5.010005838163281489, 1.250000000000005329 ) ) ;
#4888 = EDGE_CURVE ( 'NONE', #4540, #4101, #965, .T. ) ;
#4889 = CARTESIAN_POINT ( 'NONE',  ( 9.311836231921025941, 12.55091340729203608, 1.759678056705539007 ) ) ;
#4890 = CARTESIAN_POINT ( 'NONE',  ( 1.485989343246624017, 29.10840041193501904, 2.149571906097126117 ) ) ;
#4891 = CARTESIAN_POINT ( 'NONE',  ( 5.153318380299072743, 4.911421140383409600, 2.730995686708271197 ) ) ;
#4892 = CARTESIAN_POINT ( 'NONE',  ( 2.095760820241058919, 1.864563328013606691, 1.490805605740724182 ) ) ;
#4893 = CARTESIAN_POINT ( 'NONE',  ( -8.448286843440888205, 9.356684028445254597, 2.045260892491280735 ) ) ;
#4894 = CARTESIAN_POINT ( 'NONE',  ( 2.768574824539357326, 23.80748743986163873, 2.107760238664117214 ) ) ;
#4895 = VERTEX_POINT ( 'NONE', #1414 ) ;
#4896 = CARTESIAN_POINT ( 'NONE',  ( 10.22318579622194079, 1.669816348357741287, 1.250000000000000666 ) ) ;
#4897 = CARTESIAN_POINT ( 'NONE',  ( 0.8095998129474186733, 12.58319172491273541, 5.403835772283817285 ) ) ;
#4898 = CARTESIAN_POINT ( 'NONE',  ( 5.953283900923182159, 5.676647468550267028, 2.718215605098571519 ) ) ;
#4899 = CARTESIAN_POINT ( 'NONE',  ( -5.279739456133028419, 4.927326352394425513, 2.520254388303537763 ) ) ;
#4900 = CARTESIAN_POINT ( 'NONE',  ( 8.820878767878406634, 9.598107237944436321, 1.918554355917679199 ) ) ;
#4901 = CARTESIAN_POINT ( 'NONE',  ( -1.179828532444449296, -0.3348769944007689570, 3.824138063573475410 ) ) ;
#4902 = CARTESIAN_POINT ( 'NONE',  ( -5.741507551874668991, 21.58029033447812495, 1.411806094025144676 ) ) ;
#4903 = CARTESIAN_POINT ( 'NONE',  ( -1.612014778529067049, 27.36900929791829640, 2.086556715560070163 ) ) ;
#4904 = CARTESIAN_POINT ( 'NONE',  ( 1.262709695445593194, 2.276905599384336121, 8.184910923597682242 ) ) ;
#4905 = CARTESIAN_POINT ( 'NONE',  ( -1.496637913748424031, 29.08716376910060220, 2.033991706539650668 ) ) ;
#4906 = CARTESIAN_POINT ( 'NONE',  ( -4.788892582385701147, 21.21698947871463403, 3.371493320390108295 ) ) ;
#4907 = CARTESIAN_POINT ( 'NONE',  ( 8.466835270028022720, 17.29783661600194478, 2.052070314085272074 ) ) ;
#4908 = CARTESIAN_POINT ( 'NONE',  ( 1.924362305216121172, 17.15450464380564100, 11.20822884464726243 ) ) ;
#4909 = CARTESIAN_POINT ( 'NONE',  ( 1.930558216122979065, 9.934337334550576770, 9.842489423918721059 ) ) ;
#4910 = CARTESIAN_POINT ( 'NONE',  ( -1.611443062703847851, 5.716820974102627240, 10.46796884102851166 ) ) ;
#4911 = CARTESIAN_POINT ( 'NONE',  ( -5.581350501388559593, 21.66868729906189373, 2.544390070731310072 ) ) ;
#4912 = CARTESIAN_POINT ( 'NONE',  ( 7.420447762000015324, 10.94350274702078707, 2.432283927100307164 ) ) ;
#4913 = CARTESIAN_POINT ( 'NONE',  ( -5.601393499955456434, 11.13008028118790627, 3.314072175212710469 ) ) ;
#4914 = CARTESIAN_POINT ( 'NONE',  ( -9.999999850714962335, 14.20304640355661618, 0.8105110912852393490 ) ) ;
#4915 = CARTESIAN_POINT ( 'NONE',  ( -7.000000000000000000, 13.39279153786013588, 1.750000000000000000 ) ) ;
#4916 = CARTESIAN_POINT ( 'NONE',  ( -1.686792259062990684, 0.1556228035614122263, 0.3880923899182680548 ) ) ;
#4917 = CARTESIAN_POINT ( 'NONE',  ( 1.920872679437262587, 17.30103384538915279, 11.23425293936648828 ) ) ;
#4918 = CARTESIAN_POINT ( 'NONE',  ( 7.965216098063276462, 8.187822079042842205, 2.187829755890535743 ) ) ;
#4919 = CARTESIAN_POINT ( 'NONE',  ( 6.873225975372308838, 20.12715388157672791, 2.574829983762703112 ) ) ;
#4920 = VERTEX_POINT ( 'NONE', #2784 ) ;
#4921 = CARTESIAN_POINT ( 'NONE',  ( 2.696547462826277997, 23.75086851187562331, 3.542645044537169330 ) ) ;
#4922 = CARTESIAN_POINT ( 'NONE',  ( 10.56095313125730684, 19.92823273451865518, 1.249999999999999556 ) ) ;
#4923 = EDGE_CURVE ( 'NONE', #5513, #5600, #1721, .T. ) ;
#4924 = CARTESIAN_POINT ( 'NONE',  ( 6.233653110641964368, 5.957057691482391171, 2.660538685335020581 ) ) ;
#4925 = CARTESIAN_POINT ( 'NONE',  ( -6.452510418567804606, 5.668608532496562269, 1.835803244657363331 ) ) ;
#4926 = B_SPLINE_CURVE_WITH_KNOTS ( 'NONE', 3,
 ( #2088, #3531, #2609, #3945 ),
 .UNSPECIFIED., .F., .F.,
 ( 4, 4 ),
 ( 0.000000000000000000, 1.000000000000000000 ),
 .UNSPECIFIED. ) ;
#4927 = CARTESIAN_POINT ( 'NONE',  ( -5.714082778112631544, 5.445844437450769071, 2.758559284593087746 ) ) ;
#4928 = CARTESIAN_POINT ( 'NONE',  ( 9.176640815594549139, 9.391957330554729921, 1.588204805375948547 ) ) ;
#4929 = CARTESIAN_POINT ( 'NONE',  ( -1.350988808643451167, -0.9769620776853951138, 1.354848655197579133 ) ) ;
#4930 = CARTESIAN_POINT ( 'NONE',  ( -3.055602687178569532, 3.322724240925296613, 1.569191795213934038 ) ) ;
#4931 = CARTESIAN_POINT ( 'NONE',  ( -1.594632220064528205, 27.22679283112056581, 3.933569290510036787 ) ) ;
#4932 = B_SPLINE_CURVE_WITH_KNOTS ( 'NONE', 3,
 ( #1365, #5410, #4945, #3154, #914, #471, #1003, #58, #2264, #4065, #4122, #945, #2736, #5441, #3629, #28, #1421, #1862, #3214, #974, #5004, #88, #2764, #117, #4560, #1894, #3688, #5469, #557, #1452, #3242, #2349, #2790, #4592, #3863, #1152, #2910, #2035, #704, #5148 ),
 .UNSPECIFIED., .F., .F.,
 ( 4, 1, 1, 1, 1, 1, 1, 1, 1, 1, 1, 1, 1, 1, 1, 1, 1, 1, 1, 1, 1, 1, 1, 1, 1, 1, 1, 1, 1, 1, 1, 1, 1, 1, 1, 1, 1, 4 ),
 ( 0.000000000000000000, 0.003898436375599964240, 0.009106810564485678591, 0.01561727830059296204, 0.02342983958392147806, 0.03384658796169302125, 0.04686752343390747366, 0.06249264600056461672, 0.07811776856722175977, 0.09895126532276485309, 0.1249931362671936469, 0.1562433814005081689, 0.1979103749115942168, 0.2499941168004516934, 0.3124946070670807097, 0.3749950973337097260, 0.4374955876003387978, 0.4999960778669678141, 0.5624965681335968304, 0.6249970584002259022, 0.6874975486668548630, 0.7499980389334839348, 0.8020817808223413836, 0.8437487743334274315, 0.8749990194667419674, 0.9062492646000565033, 0.9322911355444852832, 0.9531246323000281961, 0.9661455677722425861, 0.9765623161500140981, 0.9830727838861212931, 0.9882811580750071601, 0.9921874387166713660, 0.9954426725847249635, 0.9977213362923624818, 0.9988606681461812409, 0.9995117149197919604, 1.000000000000000000 ),
 .UNSPECIFIED. ) ;
#4933 = CARTESIAN_POINT ( 'NONE',  ( 1.331563246462114991, -0.9406217197681578934, 1.572152123514584776 ) ) ;
#4934 = CARTESIAN_POINT ( 'NONE',  ( 1.033164628025770693, 13.39279153786013765, 5.403835772283816397 ) ) ;
#4935 = CARTESIAN_POINT ( 'NONE',  ( -3.130141574372388380, 3.277771964354289747, 1.273190159713290637 ) ) ;
#4936 = CARTESIAN_POINT ( 'NONE',  ( -8.024763147143330499, 8.659361483213045219, 2.185533325290265338 ) ) ;
#4937 = CARTESIAN_POINT ( 'NONE',  ( 8.454354028102518015, 17.36012439317133271, 2.056149246160512867 ) ) ;
#4938 = CARTESIAN_POINT ( 'NONE',  ( -8.062020299517664412, 8.470255420545626635, 2.164429192711427863 ) ) ;
#4939 = VERTEX_POINT ( 'NONE', #4552 ) ;
#4940 = AXIS2_PLACEMENT_3D ( 'NONE', #2432, #1626, #4763 ) ;
#4941 = CARTESIAN_POINT ( 'NONE',  ( 1.857193975264629149, 8.259775397190095347, 9.808105246459401627 ) ) ;
#4942 = CARTESIAN_POINT ( 'NONE',  ( -5.527690650322188759, 21.68367045266262139, 2.650303442194668513 ) ) ;
#4943 = CARTESIAN_POINT ( 'NONE',  ( 8.547552583047661301, 9.651539922789797998, 2.013906888183216726 ) ) ;
#4944 = CARTESIAN_POINT ( 'NONE',  ( 1.508608278621007770, 29.07350050295354293, 0.6785630421515438382 ) ) ;
#4945 = CARTESIAN_POINT ( 'NONE',  ( 1.487176544296682001, 29.09123081214302786, 2.149697889939065742 ) ) ;
#4946 = FACE_OUTER_BOUND ( 'NONE', #4578, .T. ) ;
#4947 = CARTESIAN_POINT ( 'NONE',  ( 1.922303846365076563, 17.20304213001447735, 11.25697745134170447 ) ) ;
#4948 = CARTESIAN_POINT ( 'NONE',  ( -6.566628135318861581, 20.52862418082497342, 2.656555616370607442 ) ) ;
#4949 = CARTESIAN_POINT ( 'NONE',  ( 8.615046487679915543, 9.648582661178538800, 1.989962661833431401 ) ) ;
#4950 = CARTESIAN_POINT ( 'NONE',  ( -8.164414382893342648, 8.674741874314019441, 2.133216836906566272 ) ) ;
#4951 = CARTESIAN_POINT ( 'NONE',  ( -1.881602439316693687, 18.93881194532524503, 11.20007869477291962 ) ) ;
#4952 = ORIENTED_EDGE ( 'NONE', *, *, #3998, .T. ) ;
#4953 = CARTESIAN_POINT ( 'NONE',  ( 2.408120472402287771, 17.16274275859974097, 6.131169043924677098 ) ) ;
#4954 = CARTESIAN_POINT ( 'NONE',  ( 9.339965371026716312, 13.48782215339265456, 1.750000000000000000 ) ) ;
#4955 = CARTESIAN_POINT ( 'NONE',  ( 5.198016539552808624, 5.000791758286023736, 2.813990716090374100 ) ) ;
#4956 = CARTESIAN_POINT ( 'NONE',  ( -5.233915547625667131, 4.909065825386337956, 2.574892212749546161 ) ) ;
#4957 = CARTESIAN_POINT ( 'NONE',  ( 1.079612185236599853, 13.53411244243785561, 5.276222157658235545 ) ) ;
#4958 = CARTESIAN_POINT ( 'NONE',  ( -1.204548970636937000, 1.680483971236438778, 7.507850998580245516 ) ) ;
#4959 = ADVANCED_FACE ( 'NONE', ( #3119 ), #3985, .F. ) ;
#4960 = AXIS2_PLACEMENT_3D ( 'NONE', #5127, #4222, #1132 ) ;
#4961 = CARTESIAN_POINT ( 'NONE',  ( -2.126412700576378434, 14.96071754757830341, 4.381928451077333087 ) ) ;
#4962 = CARTESIAN_POINT ( 'NONE',  ( -1.971825856732330795, 17.46047571826595757, 8.825705367199851992 ) ) ;
#4963 = CARTESIAN_POINT ( 'NONE',  ( -7.000000000000000000, 13.39279153786013588, 40.09866853283232757 ) ) ;
#4964 = CARTESIAN_POINT ( 'NONE',  ( 8.770287123026706766, 8.588398285627674156, 1.176645840263506271 ) ) ;
#4965 = CARTESIAN_POINT ( 'NONE',  ( -2.134798686866178574, 6.359214274266768996, 6.625912118114911209 ) ) ;
#4966 = CARTESIAN_POINT ( 'NONE',  ( -9.434634351658610640, 13.41852051725010142, 1.718274975947186256 ) ) ;
#4967 = CARTESIAN_POINT ( 'NONE',  ( 5.151262539972383259, 4.805329213112448983, 1.277774158772133628 ) ) ;
#4968 = CARTESIAN_POINT ( 'NONE',  ( -8.087044010319552001, 8.519610966263298835, 2.156814522917638310 ) ) ;
#4969 = CARTESIAN_POINT ( 'NONE',  ( -5.543896256603662032, 21.65554710591359111, 2.696208136375730646 ) ) ;
#4970 = CARTESIAN_POINT ( 'NONE',  ( -1.140393703157204230, 0.6225724799089520367, 5.932112387930937203 ) ) ;
#4971 = CARTESIAN_POINT ( 'NONE',  ( -5.050155713712722871, 22.01969343167143478, 2.755402153170330326 ) ) ;
#4972 = CARTESIAN_POINT ( 'NONE',  ( 1.924362434724630200, 17.15450213026630877, 11.20822531330765948 ) ) ;
#4973 = CARTESIAN_POINT ( 'NONE',  ( -4.392818075973443648, 13.88475580286000799, 4.216357323272620583 ) ) ;
#4974 = CARTESIAN_POINT ( 'NONE',  ( 9.297916086139704106, 14.28182611266260338, 1.763899525653125133 ) ) ;
#4975 = CARTESIAN_POINT ( 'NONE',  ( 7.000000000000000000, 13.39279153786013588, 1.750000000000001554 ) ) ;
#4976 = CARTESIAN_POINT ( 'NONE',  ( -1.712527401530068216, 27.18481316856685126, -7.223708732421480556E-15 ) ) ;
#4977 = CARTESIAN_POINT ( 'NONE',  ( 1.789769406797817819, 21.58019677165809469, 10.98182063237578809 ) ) ;
#4978 = B_SPLINE_CURVE_WITH_KNOTS ( 'NONE', 3,
 ( #5164, #754, #2898, #192 ),
 .UNSPECIFIED., .F., .F.,
 ( 4, 4 ),
 ( 0.0001572836755548828454, 0.3279283643878313503 ),
 .UNSPECIFIED. ) ;
#4979 = CARTESIAN_POINT ( 'NONE',  ( 8.293811873296840886, 8.857602748919248370, 2.090098671119228868 ) ) ;
#4980 = CARTESIAN_POINT ( 'NONE',  ( -1.896194651227342876, 18.41192015980657004, 11.21225476607802385 ) ) ;
#4981 = VERTEX_POINT ( 'NONE', #4414 ) ;
#4982 = CARTESIAN_POINT ( 'NONE',  ( 1.842965640738845279, 21.17680970624041947, 8.919586049508339443 ) ) ;
#4983 = FILL_AREA_STYLE ('',( #3252 ) ) ;
#4984 = CARTESIAN_POINT ( 'NONE',  ( 4.799721005162890464, 4.635927782122893248, 2.672081342244509994 ) ) ;
#4985 = CARTESIAN_POINT ( 'NONE',  ( -1.869552344629919149, 9.723149333421362783, 11.06749874211847740 ) ) ;
#4986 = CARTESIAN_POINT ( 'NONE',  ( -6.874317553358311628, 6.627627797623843797, 2.493572213323409503 ) ) ;
#4987 = CARTESIAN_POINT ( 'NONE',  ( 6.039532568365084231, 21.39883650009896243, 2.072190236866459312 ) ) ;
#4988 = CARTESIAN_POINT ( 'NONE',  ( -1.148373323959810177, 0.6430542632881356413, 5.917734644906144759 ) ) ;
#4989 = CARTESIAN_POINT ( 'NONE',  ( -1.958538371459683347, 5.334415783215072260, 4.140686500586485685 ) ) ;
#4990 = CARTESIAN_POINT ( 'NONE',  ( -1.905394499773719996, 18.05264938468359404, 11.21531951955848427 ) ) ;
#4991 = CARTESIAN_POINT ( 'NONE',  ( -1.051512769818620852, 13.11020533244595399, 5.276222157658236434 ) ) ;
#4992 = CARTESIAN_POINT ( 'NONE',  ( 5.231889804828205648, 21.93678402998822463, 2.161968037116928976 ) ) ;
#4993 = CARTESIAN_POINT ( 'NONE',  ( -2.391560119884299951, 9.615822786508434916, 6.254101215715377471 ) ) ;
#4994 = CARTESIAN_POINT ( 'NONE',  ( -4.562677684660291000, 5.407989483900389693, 3.272840717021903600 ) ) ;
#4995 = CARTESIAN_POINT ( 'NONE',  ( 6.059712280146195340, 21.03601309040872636, 2.798371549008538128 ) ) ;
#4996 = CARTESIAN_POINT ( 'NONE',  ( -5.849528374000662723, 5.588472956746795894, 2.745448369519738030 ) ) ;
#4997 = CARTESIAN_POINT ( 'NONE',  ( -5.961412931965570650, 21.16145858013906533, 2.805044910687117810 ) ) ;
#4998 = CARTESIAN_POINT ( 'NONE',  ( -1.357398558606029981, -1.047521583704640991, 1.172073700018750664 ) ) ;
#4999 = CARTESIAN_POINT ( 'NONE',  ( -7.703356059891340202, 17.36696488546474271, 2.334763449650071099 ) ) ;
#5000 = CARTESIAN_POINT ( 'NONE',  ( 2.452833400035849820, 9.904332282240051910, 5.991782151721717575 ) ) ;
#5001 = EDGE_CURVE ( 'NONE', #1049, #2096, #4655, .T. ) ;
#5002 = CARTESIAN_POINT ( 'NONE',  ( -6.937962520620777340, 10.73267913783949723, 2.637445077774567714 ) ) ;
#5003 = CARTESIAN_POINT ( 'NONE',  ( 9.316217277477553793, 14.38329482614300048, 1.757610278749648369 ) ) ;
#5004 = CARTESIAN_POINT ( 'NONE',  ( 1.712655937026960729, 23.43479369249705613, 10.39675913388876971 ) ) ;
#5005 = CARTESIAN_POINT ( 'NONE',  ( -8.468351061251981449, 17.27661213131410989, 2.052497434273508059 ) ) ;
#5006 = CARTESIAN_POINT ( 'NONE',  ( 1.918777825772085999, 17.37629863324178459, 11.25907057218402407 ) ) ;
#5007 = CARTESIAN_POINT ( 'NONE',  ( -5.761255750114435692, 21.56545106848189164, 2.207904656271952870 ) ) ;
#5008 = CARTESIAN_POINT ( 'NONE',  ( 5.154344965662857270, 4.890225646291087358, 2.683333662825863275 ) ) ;
#5009 = CARTESIAN_POINT ( 'NONE',  ( -5.531874671686508371, 5.062949799371041948, 2.098941073318080441 ) ) ;
#5010 = CARTESIAN_POINT ( 'NONE',  ( 4.349999999999999645, 13.39279153786013588, 1.949999999999993516 ) ) ;
#5011 = DIRECTION ( 'NONE',  ( -0.000000000000000000, -0.000000000000000000, -1.000000000000000000 ) ) ;
#5012 = CARTESIAN_POINT ( 'NONE',  ( 1.935581097711194021, 23.77531939496214619, 6.203380552904108391 ) ) ;
#5013 = CARTESIAN_POINT ( 'NONE',  ( 8.524742024083721503, 9.652052563429453613, 2.022001263878463906 ) ) ;
#5014 = CARTESIAN_POINT ( 'NONE',  ( -1.865782257556848345, 9.632012341617857132, 11.06321553103890309 ) ) ;
#5015 = CARTESIAN_POINT ( 'NONE',  ( -8.196543116487577052, 8.673284429607099000, 2.120584855492500420 ) ) ;
#5016 = CARTESIAN_POINT ( 'NONE',  ( 9.777689381723588369, 11.04909165716547115, 1.003328670841761694 ) ) ;
#5017 = CARTESIAN_POINT ( 'NONE',  ( -1.390951770762320683, -1.046768000183888825, 0.9049946543244179464 ) ) ;
#5018 = ORIENTED_EDGE ( 'NONE', *, *, #2734, .F. ) ;
#5019 = CARTESIAN_POINT ( 'NONE',  ( -1.930512543688653437, 4.912890260653004937, 4.118240341111917502 ) ) ;
#5020 = CARTESIAN_POINT ( 'NONE',  ( -1.493123397642554862, 29.08844227048102127, 2.281589406936088249 ) ) ;
#5021 = CARTESIAN_POINT ( 'NONE',  ( -5.250000000000000888, 13.39279153786013588, 1.750000000000000000 ) ) ;
#5022 = CARTESIAN_POINT ( 'NONE',  ( -2.070756715293091688, 1.870945633026489308, 1.929527994872227037 ) ) ;
#5023 = CARTESIAN_POINT ( 'NONE',  ( -8.649118303232587124, 9.842215222976642863, 1.981792285535393550 ) ) ;
#5024 = CARTESIAN_POINT ( 'NONE',  ( 5.725363132052823545, 21.59135880535031049, 2.226799048811768600 ) ) ;
#5025 = CARTESIAN_POINT ( 'NONE',  ( -5.193720310799808892, 4.885316103443358315, 2.590454320298805069 ) ) ;
#5026 = B_SPLINE_CURVE_WITH_KNOTS ( 'NONE', 3,
 ( #4562, #4620, #1004, #59 ),
 .UNSPECIFIED., .F., .F.,
 ( 4, 4 ),
 ( 0.000000000000000000, 0.4236206950061351950 ),
 .UNSPECIFIED. ) ;
#5027 = CARTESIAN_POINT ( 'NONE',  ( -5.780671129433979871, 21.55184347366288833, 2.208330190551639038 ) ) ;
#5028 = CARTESIAN_POINT ( 'NONE',  ( -1.383440403555346032, -1.081510258365224075, 0.9009876747346893255 ) ) ;
#5029 = CARTESIAN_POINT ( 'NONE',  ( -7.718203110377095832, 17.82150790773324189, 2.335022225974430654 ) ) ;
#5030 = CARTESIAN_POINT ( 'NONE',  ( 7.715042202080189426, 7.853010646928891170, 2.268229208352843251 ) ) ;
#5031 = CARTESIAN_POINT ( 'NONE',  ( -0.04595030237210126489, 13.39279153786013588, 6.000000000000000000 ) ) ;
#5032 = DIRECTION ( 'NONE',  ( 0.000000000000000000, 0.000000000000000000, 1.000000000000000000 ) ) ;
#5033 = CARTESIAN_POINT ( 'NONE',  ( 6.427078376256620373, 21.10072493273103333, 1.946163510500060978 ) ) ;
#5034 = CARTESIAN_POINT ( 'NONE',  ( 1.913868714467743759, 17.60564815700510621, 11.26097517193776376 ) ) ;
#5035 = ADVANCED_FACE ( 'NONE', ( #355, #5351 ), #3976, .T. ) ;
#5036 = CARTESIAN_POINT ( 'NONE',  ( -5.742413880532050818, 21.57804573333948994, 2.276206617256568254 ) ) ;
#5037 = VECTOR ( 'NONE', #4877, 1000.000000000000000 ) ;
#5038 = CARTESIAN_POINT ( 'NONE',  ( 5.562489603599021670, 5.082021255106399238, 2.100660499694812611 ) ) ;
#5039 = CARTESIAN_POINT ( 'NONE',  ( -7.731768117626381276, 9.611086920228613550, 2.303343182383277288 ) ) ;
#5040 = CARTESIAN_POINT ( 'NONE',  ( 8.468854313896187591, 17.27386709365175932, 2.051517134455385083 ) ) ;
#5041 = ORIENTED_EDGE ( 'NONE', *, *, #5076, .T. ) ;
#5042 = CARTESIAN_POINT ( 'NONE',  ( 2.148032451418484978, 20.15456813710912698, 6.903633013733890600 ) ) ;
#5043 =( LENGTH_UNIT ( ) NAMED_UNIT ( * ) SI_UNIT ( .MILLI., .METRE. ) );
#5044 = CARTESIAN_POINT ( 'NONE',  ( 4.311521091889923163, 4.345663209263763704, 2.720176236606329567 ) ) ;
#5045 = CARTESIAN_POINT ( 'NONE',  ( -8.390910712714857667, 9.139253374407097397, 2.061780549844872024 ) ) ;
#5046 = CARTESIAN_POINT ( 'NONE',  ( -6.452018156521856618, 5.668187133448306270, 1.833131458919161627 ) ) ;
#5047 = CARTESIAN_POINT ( 'NONE',  ( 0.1413209045777218398, 14.47240372309673617, 5.276222157658235545 ) ) ;
#5048 = ORIENTED_EDGE ( 'NONE', *, *, #3240, .T. ) ;
#5049 = VERTEX_POINT ( 'NONE', #4005 ) ;
#5050 = CARTESIAN_POINT ( 'NONE',  ( -1.950746429924424818, 20.50450023332384930, 4.434429639533147949 ) ) ;
#5051 = CARTESIAN_POINT ( 'NONE',  ( -1.942459183579186677, 17.59677878935987039, 10.02566538977820798 ) ) ;
#5052 = CARTESIAN_POINT ( 'NONE',  ( -5.129960637993876027, 4.790280879874959652, -2.576674225547581237E-15 ) ) ;
#5053 = CARTESIAN_POINT ( 'NONE',  ( -1.927214925702831039, 9.863364471646884013, 9.840910200030302590 ) ) ;
#5054 = CARTESIAN_POINT ( 'NONE',  ( -9.175847633170704398, 11.40308900568971318, 1.806666475763526902 ) ) ;
#5055 = CIRCLE ( 'NONE', #639, 2.449999999999996625 ) ;
#5056 = CARTESIAN_POINT ( 'NONE',  ( 5.085970041040202894, 22.01070706760280160, 2.676015057250985318 ) ) ;
#5057 = CARTESIAN_POINT ( 'NONE',  ( -5.616998499275812406, 5.378463817792628276, 2.785986205960246043 ) ) ;
#5058 = CARTESIAN_POINT ( 'NONE',  ( -8.575256763140217231, 17.28740895377428188, 2.013085356886885613 ) ) ;
#5059 = CARTESIAN_POINT ( 'NONE',  ( -1.852200911658788751, 9.389679615448322636, 11.12073337316538968 ) ) ;
#5060 = CARTESIAN_POINT ( 'NONE',  ( -5.133519918179985986, 21.06317696417228902, 3.319190422038222454 ) ) ;
#5061 = CARTESIAN_POINT ( 'NONE',  ( 8.117623272194578021, 8.580579398712425032, 2.147594967671468069 ) ) ;
#5062 = VECTOR ( 'NONE', #2225, 1000.000000000000114 ) ;
#5063 = FACE_OUTER_BOUND ( 'NONE', #4812, .T. ) ;
#5064 = CARTESIAN_POINT ( 'NONE',  ( -1.925466305333259687, 17.15517005734094269, 11.20869053241708713 ) ) ;
#5065 = CARTESIAN_POINT ( 'NONE',  ( 1.909268424106293383, 17.78741167708786008, 11.28531474465644280 ) ) ;
#5066 = CARTESIAN_POINT ( 'NONE',  ( -8.553831242473101781, 17.28699548607412240, 2.020971069550130395 ) ) ;
#5067 = CARTESIAN_POINT ( 'NONE',  ( 5.967253776218915284, 5.678362251352081280, 2.709402304606757905 ) ) ;
#5068 = EDGE_CURVE ( 'NONE', #662, #2897, #544, .T. ) ;
#5069 = CARTESIAN_POINT ( 'NONE',  ( -5.351902927444653457, 4.914451867462541479, 2.134944507375144962 ) ) ;
#5070 = CARTESIAN_POINT ( 'NONE',  ( -5.123653145750368232, 4.790947144511761735, 2.145417312379913177 ) ) ;
#5071 = CARTESIAN_POINT ( 'NONE',  ( -7.000000000000000000, 13.39279153786013588, 1.550000000000002709 ) ) ;
#5072 = VERTEX_POINT ( 'NONE', #4908 ) ;
#5073 = CARTESIAN_POINT ( 'NONE',  ( 1.960901927656828692, 23.27899455472974566, 6.483542785673989783 ) ) ;
#5074 = CARTESIAN_POINT ( 'NONE',  ( 5.046926440424974736, 4.743097899602887857, 2.306078715812823088 ) ) ;
#5075 = CARTESIAN_POINT ( 'NONE',  ( -1.156509010273439442, -0.1024021835576757744, 4.427397326716689285 ) ) ;
#5076 = EDGE_CURVE ( 'NONE', #435, #1787, #4862, .T. ) ;
#5077 = CARTESIAN_POINT ( 'NONE',  ( -8.513862112228116175, 9.439177349237240833, 2.023024223327837046 ) ) ;
#5078 = CARTESIAN_POINT ( 'NONE',  ( -10.10424898343842770, 13.42079909163417106, 0.7682904971830042395 ) ) ;
#5079 = CARTESIAN_POINT ( 'NONE',  ( 9.257433751895685958, 17.25408711487418856, 1.039853278940749970 ) ) ;
#5080 = VERTEX_POINT ( 'NONE', #111 ) ;
#5081 = ORIENTED_EDGE ( 'NONE', *, *, #2163, .T. ) ;
#5082 = CARTESIAN_POINT ( 'NONE',  ( -5.741244183022471859, 21.58047475773291168, 1.448006241533812632 ) ) ;
#5083 = CARTESIAN_POINT ( 'NONE',  ( -1.921293122713616519, 18.38031876212533078, 10.05627509982279655 ) ) ;
#5084 = CARTESIAN_POINT ( 'NONE',  ( -1.972261023746419761, 9.792447370487408875, 8.653220423989786525 ) ) ;
#5085 = CARTESIAN_POINT ( 'NONE',  ( 5.887690333418952093, 20.87031048964956170, 2.991578325163073426 ) ) ;
#5086 = CARTESIAN_POINT ( 'NONE',  ( -8.369020632877969490, 17.61872019402435541, 2.085960957885856004 ) ) ;
#5087 = CARTESIAN_POINT ( 'NONE',  ( -5.695424131974583304, 21.60540188191153632, 2.396679279255504724 ) ) ;
#5088 = CARTESIAN_POINT ( 'NONE',  ( -1.866522719078541614, 9.723280013927126930, 11.13833566909672435 ) ) ;
#5089 = CARTESIAN_POINT ( 'NONE',  ( -6.452065180892727625, 20.13825295104178537, 2.817339660162416326 ) ) ;
#5090 = CARTESIAN_POINT ( 'NONE',  ( 5.222141376644601429, 5.022541381182909603, 2.816278817229063591 ) ) ;
#5091 = CARTESIAN_POINT ( 'NONE',  ( -4.550000000000003375, 13.39279153786013588, 1.750000000000000000 ) ) ;
#5092 = CARTESIAN_POINT ( 'NONE',  ( 9.823356954341464942, 15.30840736098083710, 0.8641423344992318345 ) ) ;
#5093 = CARTESIAN_POINT ( 'NONE',  ( 1.485625853782423400, 28.30608797927557063, 6.125276034477015408 ) ) ;
#5094 = CARTESIAN_POINT ( 'NONE',  ( -8.427072555913010632, 17.56586777795989818, 2.064788464647079103 ) ) ;
#5095 = CARTESIAN_POINT ( 'NONE',  ( 8.391993867340239888, 9.141308917859431560, 2.061420717229656585 ) ) ;
#5096 = CARTESIAN_POINT ( 'NONE',  ( -10.10426662638518813, 13.42079948897896458, 0.7658234785775729359 ) ) ;
#5097 = CARTESIAN_POINT ( 'NONE',  ( -5.097604187313661050, 4.774208022605952451, 2.007388382935062943 ) ) ;
#5098 = FACE_OUTER_BOUND ( 'NONE', #5482, .T. ) ;
#5099 = CARTESIAN_POINT ( 'NONE',  ( -8.770878329060721512, 11.42137328095392412, 1.949999999999993738 ) ) ;
#5100 = CARTESIAN_POINT ( 'NONE',  ( 1.671273424236353833, 24.68042146990791963, 8.786021716409926796 ) ) ;
#5101 = B_SPLINE_CURVE_WITH_KNOTS ( 'NONE', 3,
 ( #1284, #3630, #1392, #5331, #830, #1729, #2623, #4448, #417, #4422, #1310, #3186, #2184, #4976, #3098, #2209, #5792, #1422 ),
 .UNSPECIFIED., .F., .F.,
 ( 4, 2, 2, 2, 2, 2, 2, 2, 4 ),
 ( 0.000000000000000000, 0.0005649436650653727162, 0.001129887330130745432, 0.002259774660261493033, 0.004519549320522993872, 0.005649436650653745159, 0.006779323980784495579, 0.007909211310915245999, 0.009039098641045996418 ),
 .UNSPECIFIED. ) ;
#5102 = CARTESIAN_POINT ( 'NONE',  ( 1.814165387362197013, 23.31135187871075232, 4.448218911862322322 ) ) ;
#5103 = CARTESIAN_POINT ( 'NONE',  ( 7.395991958511831221, 9.698362848641417955, 2.422498940250697785 ) ) ;
#5104 = CARTESIAN_POINT ( 'NONE',  ( -8.185833538622832251, 8.673770244509405813, 2.124795515963855852 ) ) ;
#5105 = CARTESIAN_POINT ( 'NONE',  ( -9.825380833336573971, 11.18531782309164235, 0.8537376175158202241 ) ) ;
#5106 = CARTESIAN_POINT ( 'NONE',  ( 1.510624538663180694, -1.067024815929759063, 0.000000000000000000 ) ) ;
#5107 = EDGE_LOOP ( 'NONE', ( #4697, #2929, #4201, #5797 ) ) ;
#5108 = ORIENTED_EDGE ( 'NONE', *, *, #3895, .T. ) ;
#5109 = ADVANCED_FACE ( 'NONE', ( #3623 ), #1021, .F. ) ;
#5110 = CARTESIAN_POINT ( 'NONE',  ( 9.340230229409883123, 13.40879867876902054, 1.749871526407834832 ) ) ;
#5111 = CARTESIAN_POINT ( 'NONE',  ( -0.8430914316019126886, 13.61301028674328251, 5.801067248717890479 ) ) ;
#5112 = CARTESIAN_POINT ( 'NONE',  ( -1.545742349662715620, -0.8141440748714096065, 1.171754897626026510E-15 ) ) ;
#5113 = DIRECTION ( 'NONE',  ( 0.000000000000000000, 0.000000000000000000, -1.000000000000000000 ) ) ;
#5114 = CARTESIAN_POINT ( 'NONE',  ( -1.928789222706000395, 9.908651808141744510, 9.841554042308288786 ) ) ;
#5115 = CARTESIAN_POINT ( 'NONE',  ( -5.631489595753099486, 21.41644026459670869, 3.001903910060488734 ) ) ;
#5116 = CARTESIAN_POINT ( 'NONE',  ( 6.715141681431321175, 18.01852238895355995, 2.565326136359289411 ) ) ;
#5117 = DIRECTION ( 'NONE',  ( -0.7071067811865499042, 8.659560562354961208E-17, 0.7071067811865452413 ) ) ;
#5118 = CARTESIAN_POINT ( 'NONE',  ( -1.137733829556335730, 0.6157452187825575018, 5.936904968939201055 ) ) ;
#5119 = CARTESIAN_POINT ( 'NONE',  ( -4.422039534365115543, 22.40910309034905978, 2.877911808808248928 ) ) ;
#5120 = CARTESIAN_POINT ( 'NONE',  ( 6.779125632813433278, 6.559511291822863299, 2.527019289633338328 ) ) ;
#5121 = CARTESIAN_POINT ( 'NONE',  ( -1.970342366758602637, 13.49245767994793965, 11.14432757262947860 ) ) ;
#5122 = CARTESIAN_POINT ( 'NONE',  ( 1.484076060783029671, 29.15879893589153582, 2.034725179072538914 ) ) ;
#5123 = CARTESIAN_POINT ( 'NONE',  ( -5.626217243318214933, 21.64433103423843363, 2.493222739007122879 ) ) ;
#5124 = CARTESIAN_POINT ( 'NONE',  ( 5.545177840788855228, 5.070524901195211598, 2.097038024342660290 ) ) ;
#5125 = CARTESIAN_POINT ( 'NONE',  ( -9.237794026674771786, 9.457393568755644964, 1.026840860180119108 ) ) ;
#5126 = CARTESIAN_POINT ( 'NONE',  ( -5.547692294875838037, 5.073528930015055671, 1.889909676793634752 ) ) ;
#5127 = CARTESIAN_POINT ( 'NONE',  ( 0.000000000000000000, 13.39279153786013588, 1.250000000000000000 ) ) ;
#5128 = CARTESIAN_POINT ( 'NONE',  ( -9.295779705175833740, 12.49369118092496045, 1.765559958148009256 ) ) ;
#5129 = CARTESIAN_POINT ( 'NONE',  ( 1.535315868182701937, 28.20000811240979388, 3.119119986018235924 ) ) ;
#5130 = AXIS2_PLACEMENT_3D ( 'NONE', #30, #501, #4860 ) ;
#5131 = CARTESIAN_POINT ( 'NONE',  ( 1.960010739182025397, 5.352759541535790255, 4.135631198569437394 ) ) ;
#5132 = CARTESIAN_POINT ( 'NONE',  ( 3.465619868176581964, 8.054665804638057480, 4.297729850047051769 ) ) ;
#5133 = CARTESIAN_POINT ( 'NONE',  ( 0.000000000000000000, 0.000000000000000000, 0.000000000000000000 ) ) ;
#5134 = CARTESIAN_POINT ( 'NONE',  ( -5.558030479024672843, 5.080340966236545519, 2.103433730221401898 ) ) ;
#5135 = CARTESIAN_POINT ( 'NONE',  ( 1.459845384392485901, 30.38861383219318313, 0.000000000000000000 ) ) ;
#5136 = CARTESIAN_POINT ( 'NONE',  ( 5.401080863085825357, 4.974459468940733764, -1.268008322039688002E-15 ) ) ;
#5137 = CARTESIAN_POINT ( 'NONE',  ( -8.715332816932906084E-16, 13.04087622124383472, 5.999999999999998224 ) ) ;
#5138 = B_SPLINE_CURVE_WITH_KNOTS ( 'NONE', 12,
 ( #3345, #5539, #690, #2391, #1612, #5626, #1583, #2047, #3406, #598, #4282, #1165, #2507 ),
 .UNSPECIFIED., .F., .F.,
 ( 13, 13 ),
 ( 0.7302959088709890523, 1.000000000000000000 ),
 .UNSPECIFIED. ) ;
#5139 = CARTESIAN_POINT ( 'NONE',  ( -9.150432938971796659, 11.40946183252394874, 1.815800565158113500 ) ) ;
#5140 = CARTESIAN_POINT ( 'NONE',  ( 6.669301602357601944, 19.83773650016999568, 2.690734697717412249 ) ) ;
#5141 = CARTESIAN_POINT ( 'NONE',  ( -1.922065854187134493, 9.720884204654797855, 9.839658674495531443 ) ) ;
#5142 = CARTESIAN_POINT ( 'NONE',  ( 6.632245607117006614, 18.29710289377269561, 2.597682537669466107 ) ) ;
#5143 = CARTESIAN_POINT ( 'NONE',  ( 1.951858113780362336, 17.15406298632619908, 10.00660748665523947 ) ) ;
#5144 = CARTESIAN_POINT ( 'NONE',  ( -9.218467967546171593, 11.94253675368303647, 1.791804670290032764 ) ) ;
#5145 = CARTESIAN_POINT ( 'NONE',  ( -3.109226015234978657, 20.38929661276034366, 4.818876053439283602 ) ) ;
#5146 = CARTESIAN_POINT ( 'NONE',  ( -0.08840977454657263090, -4.106235848565783719, 0.000000000000000000 ) ) ;
#5147 = CARTESIAN_POINT ( 'NONE',  ( -9.161499106841590745, 11.40668695075669881, 1.811823363394947872 ) ) ;
#5148 = CARTESIAN_POINT ( 'NONE',  ( 1.924362305216121172, 17.15450464380564100, 11.20822884464726243 ) ) ;
#5149 = CARTESIAN_POINT ( 'NONE',  ( 1.920659856948513156, 17.20308575766110692, 11.32904391009352274 ) ) ;
#5150 = CARTESIAN_POINT ( 'NONE',  ( 1.973180945566526789, 9.794966090292426486, 8.653286202181208253 ) ) ;
#5151 = CARTESIAN_POINT ( 'NONE',  ( -5.514407359081418214, 21.67587274253975238, 2.704402539342765088 ) ) ;
#5152 = CARTESIAN_POINT ( 'NONE',  ( 5.484076977869913883, 5.032272648789994030, 2.253725308509293868 ) ) ;
#5153 = CARTESIAN_POINT ( 'NONE',  ( 0.2488417067827982110, 13.64163324464292870, 6.000000000000000000 ) ) ;
#5154 = CARTESIAN_POINT ( 'NONE',  ( -3.624280988471147325, 9.064670372178452951, 4.060235460216838455 ) ) ;
#5155 = CARTESIAN_POINT ( 'NONE',  ( -1.915684838009163782, 4.704610057739108342, 4.106007700578921060 ) ) ;
#5156 = CARTESIAN_POINT ( 'NONE',  ( -1.871572094997559610, 9.723062213084185501, 11.02027412413169571 ) ) ;
#5157 = CARTESIAN_POINT ( 'NONE',  ( 1.917850454324909526, 17.47105054633329146, 11.21224845746548660 ) ) ;
#5158 = CARTESIAN_POINT ( 'NONE',  ( 10.52072171607831308, 20.88951842213763044, 1.250000000000000888 ) ) ;
#5159 = CARTESIAN_POINT ( 'NONE',  ( 2.989524340173414618, 3.309441122904483557, 2.505152426995550741 ) ) ;
#5160 = CARTESIAN_POINT ( 'NONE',  ( -0.04644475023659174612, 13.36166355508099457, 6.000000000000000888 ) ) ;
#5161 = CARTESIAN_POINT ( 'NONE',  ( -8.379525345412552895, 9.139758533100950544, 2.066004118978844062 ) ) ;
#5162 = CARTESIAN_POINT ( 'NONE',  ( 0.1861828992177503028, 39.00615535097983155, 40.00000000000005684 ) ) ;
#5163 = EDGE_LOOP ( 'NONE', ( #601, #5258, #4752, #1183 ) ) ;
#5164 = CARTESIAN_POINT ( 'NONE',  ( -8.468351061251981449, 17.27661213131410989, 2.052497434273508059 ) ) ;
#5165 = CARTESIAN_POINT ( 'NONE',  ( 0.6606562466494478869, 12.73213529121069776, 5.801067248717891367 ) ) ;
#5166 = CARTESIAN_POINT ( 'NONE',  ( -7.452996224500508582, 18.95435603394097868, 2.411452208816033060 ) ) ;
#5167 = CARTESIAN_POINT ( 'NONE',  ( 6.440149979289243376, 6.636490339746867306, 2.691008483567368881 ) ) ;
#5168 = CARTESIAN_POINT ( 'NONE',  ( -1.918710872782230847, 9.631431450932206317, 9.839112573884371216 ) ) ;
#5169 = CARTESIAN_POINT ( 'NONE',  ( 7.596386052249648024, 17.30516963868610603, 2.372630700013852678 ) ) ;
#5170 = CARTESIAN_POINT ( 'NONE',  ( -1.522764008302496919, 29.06405002340986599, 0.000000000000000000 ) ) ;
#5171 = CARTESIAN_POINT ( 'NONE',  ( -1.217888417801354262, -0.6883209676624085782, 2.886301547685385493 ) ) ;
#5172 = CARTESIAN_POINT ( 'NONE',  ( -3.333732366343700182, 19.18229771099241532, 4.521958526721857830 ) ) ;
#5173 = CARTESIAN_POINT ( 'NONE',  ( -1.157763775694513386, 24.03700431536541515, 39.99999999999994316 ) ) ;
#5174 = CARTESIAN_POINT ( 'NONE',  ( -3.888293641633977504, 9.839674975761559139, 4.052554470913153573 ) ) ;
#5175 = CARTESIAN_POINT ( 'NONE',  ( 1.751145989896600419, 22.52021899760783441, 10.77948309229486590 ) ) ;
#5176 = CARTESIAN_POINT ( 'NONE',  ( 1.316131151258838949, 0.08749577744702710658, 3.713273580759631098 ) ) ;
#5177 = CARTESIAN_POINT ( 'NONE',  ( -7.253907102828645037, 19.65341080397735141, 2.455680651148241189 ) ) ;
#5178 = EDGE_CURVE ( 'NONE', #4939, #5080, #4379, .T. ) ;
#5179 = CARTESIAN_POINT ( 'NONE',  ( 8.545984681520083726, 9.580339684438465397, 2.013581255017075300 ) ) ;
#5180 = CARTESIAN_POINT ( 'NONE',  ( 0.000000000000000000, -4.107208462139865013, 0.000000000000000000 ) ) ;
#5181 = CARTESIAN_POINT ( 'NONE',  ( -4.486545928910369518, 4.849638026984922412, 3.265376633866001299 ) ) ;
#5182 = CARTESIAN_POINT ( 'NONE',  ( 5.250000000000000888, 13.39279153786013588, 1.750000000000000000 ) ) ;
#5183 = CARTESIAN_POINT ( 'NONE',  ( -1.850598181931372599, 9.239745672522378328, 10.99573462882410624 ) ) ;
#5184 = CARTESIAN_POINT ( 'NONE',  ( 1.948609127484425940, 17.29894375406421148, 10.01155546432727128 ) ) ;
#5185 = FACE_OUTER_BOUND ( 'NONE', #248, .T. ) ;
#5186 = CARTESIAN_POINT ( 'NONE',  ( 2.987314616373435872, 4.906065865579355645, 4.546637406623444733 ) ) ;
#5187 = CARTESIAN_POINT ( 'NONE',  ( -9.311956613283413731, 12.55066773943936909, 1.759845626558085518 ) ) ;
#5188 = CARTESIAN_POINT ( 'NONE',  ( -8.326130865303916551, 9.009408903711376482, 2.082548648697514437 ) ) ;
#5189 = CARTESIAN_POINT ( 'NONE',  ( -1.051512769818620630, 13.67537774327431954, 5.276222157658236434 ) ) ;
#5190 = ORIENTED_EDGE ( 'NONE', *, *, #1879, .T. ) ;
#5191 = CARTESIAN_POINT ( 'NONE',  ( 1.773669341727875048, 3.086611443712283354, 3.987571714283893787 ) ) ;
#5192 = CARTESIAN_POINT ( 'NONE',  ( 0.4858691598539782164, 12.90692237800616837, 5.957250786414758359 ) ) ;
#5193 = CARTESIAN_POINT ( 'NONE',  ( -1.079612185236600075, 13.39279153786013588, 5.276222157658235545 ) ) ;
#5194 = CARTESIAN_POINT ( 'NONE',  ( -8.591699344348306511, 9.575197065418104003, 1.997345275621090321 ) ) ;
#5195 = CARTESIAN_POINT ( 'NONE',  ( 9.325483581890035012, 14.38443889720865521, 1.754235027851680284 ) ) ;
#5196 = CARTESIAN_POINT ( 'NONE',  ( -1.874639447380768820, 9.799094171300495759, 11.02359072730034661 ) ) ;
#5197 = CARTESIAN_POINT ( 'NONE',  ( 4.487425181429579801, 22.39075349785710145, 2.678178825820408004 ) ) ;
#5198 = CARTESIAN_POINT ( 'NONE',  ( 4.498910795493465287, 12.50789809816720854, 4.114727192285814183 ) ) ;
#5199 = CARTESIAN_POINT ( 'NONE',  ( -1.354861092520764698, -1.058872251578579560, 1.170868635640511357 ) ) ;
#5200 = CARTESIAN_POINT ( 'NONE',  ( -2.699908883158519401, 23.75181558660429459, 3.541386238543330123 ) ) ;
#5201 = CARTESIAN_POINT ( 'NONE',  ( -0.02908864605522208310, 40.34349423869428364, 39.99999999999996447 ) ) ;
#5202 = CARTESIAN_POINT ( 'NONE',  ( -6.307439635830249358, 20.20020873779069248, 2.821151894352412537 ) ) ;
#5203 = CARTESIAN_POINT ( 'NONE',  ( -8.468392119020951014, 17.27522950332171803, 2.052488089273117211 ) ) ;
#5204 = CARTESIAN_POINT ( 'NONE',  ( 1.479645390005077443, 29.14015102801794299, 2.451460532660112435 ) ) ;
#5205 = ORIENTED_EDGE ( 'NONE', *, *, #1634, .F. ) ;
#5206 = CARTESIAN_POINT ( 'NONE',  ( 2.453196434083411148, 9.904370871843926949, 5.990571437841657243 ) ) ;
#5207 = CARTESIAN_POINT ( 'NONE',  ( -5.723813149701642011, 21.59113726035338132, 2.276068909712593680 ) ) ;
#5208 = CARTESIAN_POINT ( 'NONE',  ( 5.145763544491651409, 4.934734436083278553, 2.781821197298613768 ) ) ;
#5209 = CARTESIAN_POINT ( 'NONE',  ( 0.6606562466494463326, 14.05344778450957399, 5.801067248717891367 ) ) ;
#5210 = CARTESIAN_POINT ( 'NONE',  ( -6.830314941587298350, 9.511103057616482559, 2.520036617443865978 ) ) ;
#5211 = CARTESIAN_POINT ( 'NONE',  ( 1.393690276199675449, -1.034036388600036549, 0.9051560608968107768 ) ) ;
#5212 = EDGE_CURVE ( 'NONE', #4784, #3106, #2877, .T. ) ;
#5213 = CARTESIAN_POINT ( 'NONE',  ( -5.622397642078192703, 5.122691229912772037, 1.371828650478139622 ) ) ;
#5214 = CARTESIAN_POINT ( 'NONE',  ( 1.532868244147319592, 27.92951823343809181, 4.580809130078137947 ) ) ;
#5215 = CARTESIAN_POINT ( 'NONE',  ( 1.998669353228579526, 5.994723245004105472, 4.165461768452782820 ) ) ;
#5216 = CARTESIAN_POINT ( 'NONE',  ( 3.070229223962983589, 5.711502846391065980, 4.669241827741634765 ) ) ;
#5217 = DIRECTION ( 'NONE',  ( 0.000000000000000000, 0.000000000000000000, -1.000000000000000000 ) ) ;
#5218 = CARTESIAN_POINT ( 'NONE',  ( -5.323697579847429751, 5.112519909144973340, 2.816350918533856884 ) ) ;
#5219 = CARTESIAN_POINT ( 'NONE',  ( 8.510268931052401342, 15.57031025257468748, 2.046828345182853504 ) ) ;
#5220 = CARTESIAN_POINT ( 'NONE',  ( -8.447526705188007412, 8.361040183471375897, 1.986418199687662423 ) ) ;
#5221 = ORIENTED_EDGE ( 'NONE', *, *, #891, .F. ) ;
#5222 = ORIENTED_EDGE ( 'NONE', *, *, #3673, .F. ) ;
#5223 = CONICAL_SURFACE ( 'NONE', #2677, 3.000000000000000444, 0.3490658503988666728 ) ;
#5224 = CARTESIAN_POINT ( 'NONE',  ( 1.846240354691978114, 0.4625307406739825322, 1.473837328222483330E-16 ) ) ;
#5225 = CARTESIAN_POINT ( 'NONE',  ( -0.3175574466717995259, 13.30984430226586923, 6.000000000000000000 ) ) ;
#5226 = CARTESIAN_POINT ( 'NONE',  ( -7.218040569633452641, 7.574136740268014201, 2.445523310656970928 ) ) ;
#5227 = CARTESIAN_POINT ( 'NONE',  ( -7.919421392274448301, 19.58353631301983810, 1.460131793665393696 ) ) ;
#5228 = CARTESIAN_POINT ( 'NONE',  ( 0.000000000000000000, 13.39279153786013588, 0.000000000000000000 ) ) ;
#5229 = CARTESIAN_POINT ( 'NONE',  ( -6.633665049251058932, 20.95997030330101651, 1.876710757178111422 ) ) ;
#5230 = CARTESIAN_POINT ( 'NONE',  ( 9.323167005786913819, 14.38415287944224197, 1.755078840576172139 ) ) ;
#5231 = CARTESIAN_POINT ( 'NONE',  ( -1.842159313618819017, 9.060073423448248064, 10.98484855863209475 ) ) ;
#5232 = CARTESIAN_POINT ( 'NONE',  ( 4.354650884862886429, 22.37875678020090220, 3.134729872558782215 ) ) ;
#5233 = CARTESIAN_POINT ( 'NONE',  ( 8.338828963898988533, 11.09193030943660219, 2.102566066809631984 ) ) ;
#5234 = CARTESIAN_POINT ( 'NONE',  ( -1.318216743305220096, -0.9969816790103219750, 1.570157133901425972 ) ) ;
#5235 = CARTESIAN_POINT ( 'NONE',  ( -1.893432071480514844, 25.59661412205839426, 2.653736377809844171 ) ) ;
#5236 = CARTESIAN_POINT ( 'NONE',  ( -2.315007483814255806, 12.94729022606176194, 0.000000000000000000 ) ) ;
#5237 = CARTESIAN_POINT ( 'NONE',  ( -7.465190240595071636, 18.96514197977860761, 2.406830940265900054 ) ) ;
#5238 = CARTESIAN_POINT ( 'NONE',  ( 1.393783524333259916, -1.033651034273038505, 0.9051206010936267976 ) ) ;
#5239 = CARTESIAN_POINT ( 'NONE',  ( 1.880305203967293837, 18.88392912415991631, 11.31388823155140066 ) ) ;
#5240 = ORIENTED_EDGE ( 'NONE', *, *, #2060, .T. ) ;
#5241 = CARTESIAN_POINT ( 'NONE',  ( 1.393694625183262481, 2.583606337768587835, 7.700973968595227426 ) ) ;
#5242 = CARTESIAN_POINT ( 'NONE',  ( -8.490512960141865406, 17.34725523695254168, 2.043729905026606009 ) ) ;
#5243 = CARTESIAN_POINT ( 'NONE',  ( 0.7732029671692114414, 14.16599450502933166, 5.531449386909396360 ) ) ;
#5244 = CARTESIAN_POINT ( 'NONE',  ( -4.543054403179237255, 4.445966216173681040, 1.895519985425227372 ) ) ;
#5245 = CARTESIAN_POINT ( 'NONE',  ( 0.000000000000000000, -4.107208462139865013, 0.000000000000000000 ) ) ;
#5246 = CARTESIAN_POINT ( 'NONE',  ( -3.111228229722728056, 3.311211947915288167, 0.1552903509373673441 ) ) ;
#5247 = CARTESIAN_POINT ( 'NONE',  ( 1.671612909961325499, 24.32587791795568322, 10.02843908169091769 ) ) ;
#5248 = CIRCLE ( 'NONE', #1216, 3.000000000000000444 ) ;
#5249 = CARTESIAN_POINT ( 'NONE',  ( 8.592604784660956341, 9.649701207694821647, 1.997923263500333446 ) ) ;
#5250 = EDGE_CURVE ( 'NONE', #2992, #662, #5638, .T. ) ;
#5251 = CARTESIAN_POINT ( 'NONE',  ( 8.218876673522551357, 8.673896274585207067, 2.111966532469825797 ) ) ;
#5252 = CARTESIAN_POINT ( 'NONE',  ( 6.288783501396419062, 7.626767297343416629, 2.700238266542140497 ) ) ;
#5253 = CARTESIAN_POINT ( 'NONE',  ( -10.10329626431343542, 13.42077763501538357, 0.9015095018762929735 ) ) ;
#5254 = CARTESIAN_POINT ( 'NONE',  ( -1.376400751713135362, -1.043695963926197345, 1.028233960640467792 ) ) ;
#5255 = CARTESIAN_POINT ( 'NONE',  ( -7.108242924172344601, 6.951741534342779083, 2.438131319791921214 ) ) ;
#5256 = CARTESIAN_POINT ( 'NONE',  ( 7.556396969907560823, 19.18906354118805169, 2.358211167996956181 ) ) ;
#5257 = CARTESIAN_POINT ( 'NONE',  ( -9.653530612678906664, 11.28014311255075341, 1.592872180496941237 ) ) ;
#5258 = ORIENTED_EDGE ( 'NONE', *, *, #2796, .T. ) ;
#5259 = CARTESIAN_POINT ( 'NONE',  ( 2.056198660736518580, 17.73548119119320887, 4.411148499036869453 ) ) ;
#5260 = EDGE_CURVE ( 'NONE', #2189, #220, #1313, .T. ) ;
#5261 = CARTESIAN_POINT ( 'NONE',  ( -8.400263442089464405, 17.48261151042471084, 2.076259687328962933 ) ) ;
#5262 = CARTESIAN_POINT ( 'NONE',  ( -8.106804188515059906, 8.450355271822431291, 2.145573401642145495 ) ) ;
#5263 = CARTESIAN_POINT ( 'NONE',  ( 8.600343331978111294, 9.707464545771884445, 1.997846991071223544 ) ) ;
#5264 = CARTESIAN_POINT ( 'NONE',  ( -1.325941379523949193, 2.892853248600617100, 8.798236201815807789 ) ) ;
#5265 = CARTESIAN_POINT ( 'NONE',  ( 2.380240082943088531, 17.20676939558077834, 6.258778792748600495 ) ) ;
#5266 = CARTESIAN_POINT ( 'NONE',  ( -7.000000000000000000, 13.39279153786013588, 1.750000000000001554 ) ) ;
#5267 = B_SPLINE_CURVE_WITH_KNOTS ( 'NONE', 3,
 ( #5572, #4698, #1142, #3851 ),
 .UNSPECIFIED., .F., .F.,
 ( 4, 4 ),
 ( 0.000000000000000000, 1.000000000000000000 ),
 .UNSPECIFIED. ) ;
#5268 = CARTESIAN_POINT ( 'NONE',  ( -1.390373040165159058, -1.104429186322964940, 0.8027011371515530014 ) ) ;
#5269 = CARTESIAN_POINT ( 'NONE',  ( -1.882914548076345840, 25.55437238171127490, 3.268223290069652176 ) ) ;
#5270 = CARTESIAN_POINT ( 'NONE',  ( -0.6075959200616152245, 16.45023120210000300, 39.99999999999989342 ) ) ;
#5271 = CARTESIAN_POINT ( 'NONE',  ( -6.311712003443718189, 20.20573615405150392, 2.819500975087326555 ) ) ;
#5272 = CARTESIAN_POINT ( 'NONE',  ( -8.590907988942769080, 9.645811769449698758, 1.998557365525465146 ) ) ;
#5273 = CARTESIAN_POINT ( 'NONE',  ( 1.482888386457935193, 29.17598387676485672, 2.034535779699725655 ) ) ;
#5274 = CARTESIAN_POINT ( 'NONE',  ( 1.525350812347921137, 0.3399492383666380957, 2.431974701219446366 ) ) ;
#5275 = CARTESIAN_POINT ( 'NONE',  ( -5.537241349054377260, 21.67694999308244519, 2.648201467975155321 ) ) ;
#5276 = CARTESIAN_POINT ( 'NONE',  ( -0.8095998129474174521, 14.20239135080754167, 5.403835772283815508 ) ) ;
#5277 = CARTESIAN_POINT ( 'NONE',  ( -4.359974913630664695, 4.298354428305749764, 1.645875438729166085 ) ) ;
#5278 = DIRECTION ( 'NONE',  ( 1.000000000000000000, 6.546126324440780651E-16, 0.000000000000000000 ) ) ;
#5279 = CARTESIAN_POINT ( 'NONE',  ( -5.577600090973041880, 5.092605807226014747, 2.106963844066497504 ) ) ;
#5280 = CARTESIAN_POINT ( 'NONE',  ( 1.478351657163745170, 29.06849851110814598, 2.906132841772813169 ) ) ;
#5281 = CARTESIAN_POINT ( 'NONE',  ( 5.384818143763829390, 4.978993703503949320, 2.410095512635280546 ) ) ;
#5282 = CARTESIAN_POINT ( 'NONE',  ( 2.108098336165482145, 1.877629995835035537, 1.328648129713793313 ) ) ;
#5283 = CARTESIAN_POINT ( 'NONE',  ( -5.351115302586564759, 4.957106953665726401, 2.412221762380683643 ) ) ;
#5284 = CARTESIAN_POINT ( 'NONE',  ( 5.634139144749902961, 21.64508863641866654, 2.445335877302938332 ) ) ;
#5285 = CARTESIAN_POINT ( 'NONE',  ( -6.502611207200237331, 5.711665894564768919, 2.108185349170275558 ) ) ;
#5286 = ORIENTED_EDGE ( 'NONE', *, *, #3786, .F. ) ;
#5287 = CARTESIAN_POINT ( 'NONE',  ( -9.999867578755187836, 13.39279306113975387, 0.8100654405446060524 ) ) ;
#5288 = CARTESIAN_POINT ( 'NONE',  ( 5.536521959383772007, 5.064776724239616890, 2.095226786666583685 ) ) ;
#5289 = CARTESIAN_POINT ( 'NONE',  ( -5.342704470266851580, 5.119212367361610561, 2.805286466843756710 ) ) ;
#5290 = CARTESIAN_POINT ( 'NONE',  ( 8.711684789478923108, 9.652251150661319556, 1.957800175145284483 ) ) ;
#5291 = CARTESIAN_POINT ( 'NONE',  ( -1.262052054614053676, 2.274206871028574550, 8.186127647636213922 ) ) ;
#5292 = CARTESIAN_POINT ( 'NONE',  ( 4.541741663204195589, 22.36200395638601890, 2.516014022155157903 ) ) ;
#5293 = EDGE_CURVE ( 'NONE', #5072, #3229, #2541, .T. ) ;
#5294 = CARTESIAN_POINT ( 'NONE',  ( 8.698686509124470945, 11.35652631090389875, 1.975496566213449157 ) ) ;
#5295 = CARTESIAN_POINT ( 'NONE',  ( -1.555560170303475820, 28.23008977306194822, 2.043571914563921954 ) ) ;
#5296 = CARTESIAN_POINT ( 'NONE',  ( -1.974141254153435332, 17.37328094182396399, 8.818692478880590713 ) ) ;
#5297 = CARTESIAN_POINT ( 'NONE',  ( -1.925466305333259687, 17.15517005734094269, 11.20869053241708713 ) ) ;
#5298 = CARTESIAN_POINT ( 'NONE',  ( -5.346668098171556416, 20.89987882718678591, 3.168583621776587478 ) ) ;
#5299 = CARTESIAN_POINT ( 'NONE',  ( 1.688397857687254922, -0.6146274525743794515, -1.049764466297980814 ) ) ;
#5300 = CARTESIAN_POINT ( 'NONE',  ( -5.398957582187731141, 4.982167973051293330, 2.344275291430623742 ) ) ;
#5301 = CARTESIAN_POINT ( 'NONE',  ( 1.282569192827162530, -0.8269932892644570321, 2.155971319564701449 ) ) ;
#5302 = CARTESIAN_POINT ( 'NONE',  ( -4.988131052566465939, 21.95377705358316334, 3.028641588268382367 ) ) ;
#5303 = CARTESIAN_POINT ( 'NONE',  ( 1.605756153111692619, 27.36910288395051083, 2.054757202093126622 ) ) ;
#5304 = CARTESIAN_POINT ( 'NONE',  ( 0.7732029671692122186, 12.61958857069093654, 5.531449386909398136 ) ) ;
#5305 = CARTESIAN_POINT ( 'NONE',  ( -1.867484952098003026, 4.089040015108783344, 4.065470342360459455 ) ) ;
#5306 = CARTESIAN_POINT ( 'NONE',  ( -1.577304280430662509, -0.5160211444788241897, 0.3121806346219576089 ) ) ;
#5307 = CARTESIAN_POINT ( 'NONE',  ( 1.473171112042753528, 28.85879325466001433, 4.328199030200744701 ) ) ;
#5308 = CARTESIAN_POINT ( 'NONE',  ( 5.226087858770787520, 5.013149974887277871, 2.799569226538243694 ) ) ;
#5309 = CARTESIAN_POINT ( 'NONE',  ( 2.286551219873756313, 8.366415920006287976, 6.484888731489816038 ) ) ;
#5310 = CARTESIAN_POINT ( 'NONE',  ( -8.523286881326331610, 9.648431975863548615, 2.022552777021527248 ) ) ;
#5311 = CARTESIAN_POINT ( 'NONE',  ( 5.609277093475335541, 21.65700678183756267, 2.492446855293005470 ) ) ;
#5312 = VERTEX_POINT ( 'NONE', #2061 ) ;
#5313 = CARTESIAN_POINT ( 'NONE',  ( 10.32544606695217837, 24.73260507274321185, 1.249999999999999778 ) ) ;
#5314 = CARTESIAN_POINT ( 'NONE',  ( 8.547321236059465477, 9.651348227148696779, 2.013992455078835508 ) ) ;
#5315 = CARTESIAN_POINT ( 'NONE',  ( 4.617274345693278548, 5.277797803958212519, 3.243977605204642067 ) ) ;
#5316 = CARTESIAN_POINT ( 'NONE',  ( -1.903287684679275893, 9.247962814098917406, 9.836200569751262890 ) ) ;
#5317 = DIRECTION ( 'NONE',  ( -1.000000000000000000, 0.000000000000000000, 0.000000000000000000 ) ) ;
#5318 = CARTESIAN_POINT ( 'NONE',  ( -1.577922177829603534, 28.21370223008145928, 0.5233532961104954140 ) ) ;
#5319 = CARTESIAN_POINT ( 'NONE',  ( -1.979458506271335905, 17.16399048398059790, 8.805214626535642353 ) ) ;
#5320 = FACE_OUTER_BOUND ( 'NONE', #4348, .T. ) ;
#5321 = CARTESIAN_POINT ( 'NONE',  ( 4.587984940132068701, 22.33283372928659105, 0.6275309581086635502 ) ) ;
#5322 = EDGE_CURVE ( 'NONE', #427, #1526, #2062, .T. ) ;
#5323 = CARTESIAN_POINT ( 'NONE',  ( -9.151746657309013600, 15.62548902542618912, 1.813934072967561040 ) ) ;
#5324 = DIRECTION ( 'NONE',  ( -1.000000000000000000, 0.000000000000000000, 0.000000000000000000 ) ) ;
#5325 = CARTESIAN_POINT ( 'NONE',  ( 1.469377496768140556, 28.80907148941679097, 4.849334472214119174 ) ) ;
#5326 = CARTESIAN_POINT ( 'NONE',  ( 1.843464685821111226, 9.066762922629228783, 10.98316869645521621 ) ) ;
#5327 = CARTESIAN_POINT ( 'NONE',  ( -1.274080737040392375, -0.8601067141608358391, 2.157929646406387292 ) ) ;
#5328 = CARTESIAN_POINT ( 'NONE',  ( -8.463462826258353999, 17.31941333856252641, 2.053951835347002763 ) ) ;
#5329 = CARTESIAN_POINT ( 'NONE',  ( 0.8459966587256242398, 14.23878819658574635, 5.276222157658235545 ) ) ;
#5330 = CARTESIAN_POINT ( 'NONE',  ( -10.70230063430622280, 15.10973774244125956, 1.250000000000000666 ) ) ;
#5331 = CARTESIAN_POINT ( 'NONE',  ( -5.131197454259309509, 22.00197894674430543, -5.720966404873951278E-15 ) ) ;
#5332 = CARTESIAN_POINT ( 'NONE',  ( 1.752823657847692784, 22.50462244113280974, 10.72261157925618136 ) ) ;
#5333 = CARTESIAN_POINT ( 'NONE',  ( 5.293092069930454002, 4.935412840121680134, 2.515266363637450375 ) ) ;
#5334 = CARTESIAN_POINT ( 'NONE',  ( 2.392672381718661256, 9.618552846998467132, 6.253357578096468750 ) ) ;
#5335 = AXIS2_PLACEMENT_3D ( 'NONE', #1893, #5113, #4093 ) ;
#5336 = CARTESIAN_POINT ( 'NONE',  ( 5.850638376955352271, 21.24674624167449011, 2.838871113846963556 ) ) ;
#5337 = ORIENTED_EDGE ( 'NONE', *, *, #104, .F. ) ;
#5338 = CARTESIAN_POINT ( 'NONE',  ( -4.939766634688306901, 22.08754332379784557, 2.426088691252169749 ) ) ;
#5339 = ORIENTED_EDGE ( 'NONE', *, *, #4496, .F. ) ;
#5340 = AXIS2_PLACEMENT_3D ( 'NONE', #2925, #2862, #3374 ) ;
#5341 = CARTESIAN_POINT ( 'NONE',  ( 1.960010739182025397, 5.352759541535790255, 4.135631198569437394 ) ) ;
#5342 = CARTESIAN_POINT ( 'NONE',  ( 8.449533044361958289, 9.359224616524937090, 2.044808052831269318 ) ) ;
#5343 = CARTESIAN_POINT ( 'NONE',  ( -5.326029904383552172, 4.948411695804417754, 2.466665973396048983 ) ) ;
#5344 = CARTESIAN_POINT ( 'NONE',  ( 6.758602541722888546, 19.94094885121496930, 2.656490460807839238 ) ) ;
#5345 = CARTESIAN_POINT ( 'NONE',  ( -1.469967037033995672, 4.259758144566615279, 9.815781695747679336 ) ) ;
#5346 = CARTESIAN_POINT ( 'NONE',  ( -1.943586171287199349, 25.53647060760181731, -0.2043653421110292745 ) ) ;
#5347 = CARTESIAN_POINT ( 'NONE',  ( -1.615293421117957262, 26.42015832907958739, 5.962288293367454806 ) ) ;
#5348 = CARTESIAN_POINT ( 'NONE',  ( 1.472102014704774753, 4.265137585164699097, 9.800999592921149528 ) ) ;
#5349 = CARTESIAN_POINT ( 'NONE',  ( -8.749999999999998224, 13.39279153786013588, 1.750000000000000000 ) ) ;
#5350 = CARTESIAN_POINT ( 'NONE',  ( 5.587532562484708976, 5.099206065474816363, 1.363539101916225071 ) ) ;
#5351 = FACE_OUTER_BOUND ( 'NONE', #1202, .T. ) ;
#5352 = CARTESIAN_POINT ( 'NONE',  ( 1.208020033306441254, 1.689956349000977465, 7.498207964008873461 ) ) ;
#5353 = CARTESIAN_POINT ( 'NONE',  ( -5.733215852044907912, 21.36330807124960174, 2.858928054629758186 ) ) ;
#5354 = CARTESIAN_POINT ( 'NONE',  ( 8.550542203739889047, 15.99740779472501728, 2.031670816417033620 ) ) ;
#5355 = CARTESIAN_POINT ( 'NONE',  ( 6.433400383440022630, 6.644754503554006320, 2.693585182900408714 ) ) ;
#5356 = CARTESIAN_POINT ( 'NONE',  ( 1.399495855352407503, 30.77427261943275738, 0.000000000000000000 ) ) ;
#5357 = CARTESIAN_POINT ( 'NONE',  ( -1.688292346281239587, -0.6145874013675054481, -1.049436575827056073 ) ) ;
#5358 = CARTESIAN_POINT ( 'NONE',  ( 1.531308290279100648, 27.28093070021542133, 7.645390598832026541 ) ) ;
#5359 = EDGE_CURVE ( 'NONE', #4169, #5600, #4868, .T. ) ;
#5360 = CARTESIAN_POINT ( 'NONE',  ( 6.263449026102986039, 5.959121279625141376, 2.642371423509334960 ) ) ;
#5361 = CARTESIAN_POINT ( 'NONE',  ( -5.477952216186965373, 5.254984954990494117, 2.808052077556853376 ) ) ;
#5362 = CARTESIAN_POINT ( 'NONE',  ( 7.864510247556962597, 18.68328940842178554, 2.256088753133298930 ) ) ;
#5363 = ORIENTED_EDGE ( 'NONE', *, *, #2476, .F. ) ;
#5364 = CARTESIAN_POINT ( 'NONE',  ( 1.989981470814341957, 19.58740785490546443, 4.426596430138880933 ) ) ;
#5365 = CARTESIAN_POINT ( 'NONE',  ( 8.547292812886453817, 9.651131643470938215, 2.013999964598994996 ) ) ;
#5366 = CARTESIAN_POINT ( 'NONE',  ( -5.353727007574653030, 4.915612236547934444, 2.143129993092111274 ) ) ;
#5367 = CARTESIAN_POINT ( 'NONE',  ( -8.458310672018024334, 9.251870949238396591, 2.039584278412320373 ) ) ;
#5368 = CARTESIAN_POINT ( 'NONE',  ( 5.581690876615453156, 5.109594905638321194, 2.681795298071786515 ) ) ;
#5369 = CARTESIAN_POINT ( 'NONE',  ( -1.878135575582322803, 9.913467626660901644, 11.05209249203716482 ) ) ;
#5370 = CARTESIAN_POINT ( 'NONE',  ( -4.578359591624835190, 22.33795765985070858, 2.147504974732959315 ) ) ;
#5371 = CARTESIAN_POINT ( 'NONE',  ( -1.585140742005185954, 26.63514456205485104, 7.107334768792052948 ) ) ;
#5372 = CARTESIAN_POINT ( 'NONE',  ( 9.337082628129795836, 14.12800904941295954, 1.750000000000000222 ) ) ;
#5373 = CARTESIAN_POINT ( 'NONE',  ( -0.5890216044405608420, 35.08798377244412592, 40.00000000000000000 ) ) ;
#5374 = CARTESIAN_POINT ( 'NONE',  ( -2.996911438746504786, 3.290760036010477396, 2.191421971847742789 ) ) ;
#5375 = CARTESIAN_POINT ( 'NONE',  ( -8.026840964784334176, 8.657939871369032758, 2.184779473401336158 ) ) ;
#5376 = CARTESIAN_POINT ( 'NONE',  ( 5.196144263055789025, 4.832134190226737402, 0.5486314805385757998 ) ) ;
#5377 = CARTESIAN_POINT ( 'NONE',  ( -6.898060996458603711, 6.701966068679016786, 2.496297174909249517 ) ) ;
#5378 = CARTESIAN_POINT ( 'NONE',  ( 1.872681968480277792, 9.726064725339748307, 11.01985506239209300 ) ) ;
#5379 = CARTESIAN_POINT ( 'NONE',  ( -7.244568986609252192, 19.65367265767615024, 2.460504775344753536 ) ) ;
#5380 = CARTESIAN_POINT ( 'NONE',  ( 1.951858306428964740, 17.15405802896789211, 10.00660339587759395 ) ) ;
#5381 = CARTESIAN_POINT ( 'NONE',  ( 8.667764817652187759, 16.87074569191749163, 1.981739016365809958 ) ) ;
#5382 = CARTESIAN_POINT ( 'NONE',  ( 0.5260055374882097734, -3.793667187667804530, 0.000000000000000000 ) ) ;
#5383 = CARTESIAN_POINT ( 'NONE',  ( -1.787014676729102858, 0.07963018040686598020, -0.9810365341295411712 ) ) ;
#5384 = CARTESIAN_POINT ( 'NONE',  ( 1.922794361923814810, 17.17828494250272087, 11.25663481754041229 ) ) ;
#5385 = CARTESIAN_POINT ( 'NONE',  ( 8.583520722626687416, 9.624550037460652518, 2.000851787812103488 ) ) ;
#5386 = EDGE_CURVE ( 'NONE', #5513, #1870, #4087, .T. ) ;
#5387 = CARTESIAN_POINT ( 'NONE',  ( -8.475747820328194848, 9.440806086833545052, 2.036730448881896915 ) ) ;
#5388 = DIRECTION ( 'NONE',  ( -0.000000000000000000, -0.000000000000000000, 1.000000000000000000 ) ) ;
#5389 = ORIENTED_EDGE ( 'NONE', *, *, #4496, .T. ) ;
#5390 = CARTESIAN_POINT ( 'NONE',  ( 4.382762047686770579, 22.40611017489338863, 3.000202655219934122 ) ) ;
#5391 = CARTESIAN_POINT ( 'NONE',  ( 7.383779325094421253, 16.02566341111093706, 2.469376103314418369 ) ) ;
#5392 = CARTESIAN_POINT ( 'NONE',  ( 5.533517741727362882, 5.062789033164902364, 2.135765757810627274 ) ) ;
#5393 = CARTESIAN_POINT ( 'NONE',  ( -5.138587312488456682, 4.902988619402447235, 2.738952393250124295 ) ) ;
#5394 = CARTESIAN_POINT ( 'NONE',  ( 7.096145040043064789, 20.41291753756965122, 2.303301611138778071 ) ) ;
#5395 = CARTESIAN_POINT ( 'NONE',  ( -1.770569851375198178, 7.777573356393537196, 10.88822265199958750 ) ) ;
#5396 = EDGE_LOOP ( 'NONE', ( #3500, #5339, #2242, #5721, #5337 ) ) ;
#5397 = CARTESIAN_POINT ( 'NONE',  ( -1.566748342720229337, 28.22188314881558568, 1.283464573072289561 ) ) ;
#5398 = CARTESIAN_POINT ( 'NONE',  ( -1.595027006147981652, 27.12958892389470122, 4.333435226367032378 ) ) ;
#5399 = CARTESIAN_POINT ( 'NONE',  ( 1.832513363920232008, 8.845123966567223661, 10.96752403184443914 ) ) ;
#5400 = CARTESIAN_POINT ( 'NONE',  ( 5.535405046603416146, 5.064301786503612846, 2.095743303761328225 ) ) ;
#5401 = CARTESIAN_POINT ( 'NONE',  ( -2.227005301447883223, 7.611417805726375718, 6.580527785658957463 ) ) ;
#5402 = CARTESIAN_POINT ( 'NONE',  ( -9.272450186248532233, 15.65975088437104112, 1.769619877251064954 ) ) ;
#5403 = CARTESIAN_POINT ( 'NONE',  ( 5.101179340968417186, 4.776038803385621812, 2.004945524404940116 ) ) ;
#5404 = DIRECTION ( 'NONE',  ( -0.000000000000000000, -0.000000000000000000, 1.000000000000000000 ) ) ;
#5405 = CARTESIAN_POINT ( 'NONE',  ( 1.930538375403519025, 9.933737303449166944, 9.842466757498188556 ) ) ;
#5406 = CARTESIAN_POINT ( 'NONE',  ( -8.490991742476566628, 17.27861449569641294, 2.044157645175086024 ) ) ;
#5407 = CARTESIAN_POINT ( 'NONE',  ( 1.977323533426424529, 9.929295409167982811, 8.652106439967749196 ) ) ;
#5408 = CARTESIAN_POINT ( 'NONE',  ( -7.656666721831007827, 10.81363912448021836, 2.349892264957717192 ) ) ;
#5409 = CARTESIAN_POINT ( 'NONE',  ( 8.468854313896187591, 17.27386709365175932, 2.051517134455385083 ) ) ;
#5410 = CARTESIAN_POINT ( 'NONE',  ( 1.488326422612994193, 29.09045262240651653, 2.069920277012919918 ) ) ;
#5411 = CARTESIAN_POINT ( 'NONE',  ( 5.593326192791343132, 21.68436995341169293, 2.148075554236909999E-15 ) ) ;
#5412 = CARTESIAN_POINT ( 'NONE',  ( 1.670925403746589044, 24.33385017963385621, 10.04498165624352879 ) ) ;
#5413 = B_SPLINE_CURVE_WITH_KNOTS ( 'NONE', 3,
 ( #3544, #3096, #4886, #3868 ),
 .UNSPECIFIED., .F., .F.,
 ( 4, 4 ),
 ( 0.5596305097369972392, 1.000000000000000000 ),
 .UNSPECIFIED. ) ;
#5414 = CARTESIAN_POINT ( 'NONE',  ( 8.097339410569270868, 8.452612925913076225, 2.149643368939121668 ) ) ;
#5415 = CARTESIAN_POINT ( 'NONE',  ( -9.825499239828740627, 11.18605305686853058, 0.8636929272580783357 ) ) ;
#5416 = CARTESIAN_POINT ( 'NONE',  ( -1.494987538340848632, 29.08839504357805339, 2.147127411210060011 ) ) ;
#5417 = ORIENTED_EDGE ( 'NONE', *, *, #899, .F. ) ;
#5418 = CARTESIAN_POINT ( 'NONE',  ( 1.872799762391468725, 20.42639910763658406, 8.965416789961466293 ) ) ;
#5419 = ORIENTED_EDGE ( 'NONE', *, *, #5500, .T. ) ;
#5420 = CARTESIAN_POINT ( 'NONE',  ( 1.729409194610854739, 2.698089158274921573, 3.950197075408432124 ) ) ;
#5421 = CARTESIAN_POINT ( 'NONE',  ( 7.802860637100141439, 9.544578244126615374, 2.278188159055255735 ) ) ;
#5422 = CARTESIAN_POINT ( 'NONE',  ( -1.875357886826357179, 9.867794384103989458, 11.07390557419277144 ) ) ;
#5423 = CARTESIAN_POINT ( 'NONE',  ( -5.154603822034234284, 4.939281717878844624, 2.780868961776900239 ) ) ;
#5424 = CARTESIAN_POINT ( 'NONE',  ( 6.794921550017095413, 5.920674182623542947, 1.745666078451776126 ) ) ;
#5425 = CARTESIAN_POINT ( 'NONE',  ( -1.253927624032949772, -0.7569169965255725385, 2.500122349837862856 ) ) ;
#5426 = EDGE_CURVE ( 'NONE', #2141, #435, #4926, .T. ) ;
#5427 = CARTESIAN_POINT ( 'NONE',  ( 8.543986781545779507, 11.23904952774289612, 2.030120407791565107 ) ) ;
#5428 = CARTESIAN_POINT ( 'NONE',  ( -1.829747716034973104, 20.53654124505106182, 11.08548822483452767 ) ) ;
#5429 = DIRECTION ( 'NONE',  ( 0.000000000000000000, 0.000000000000000000, -1.000000000000000000 ) ) ;
#5430 = CARTESIAN_POINT ( 'NONE',  ( 5.250361469080130128, 21.92533108581809032, -0.1193621933315403422 ) ) ;
#5431 = CARTESIAN_POINT ( 'NONE',  ( -3.055485864184880995, 3.322794693540298550, 1.569655711412548005 ) ) ;
#5432 = CARTESIAN_POINT ( 'NONE',  ( -4.795249400649077565, 21.22979412265541299, 3.368961941587890863 ) ) ;
#5433 = CARTESIAN_POINT ( 'NONE',  ( 3.086268254599444205, 3.318448851136685640, 0.8629909708825757031 ) ) ;
#5434 = CARTESIAN_POINT ( 'NONE',  ( -5.112133293006651868, 4.890476525624504411, 2.751660379474931695 ) ) ;
#5435 = CARTESIAN_POINT ( 'NONE',  ( 1.881057960459171285, 9.939044657752772238, 11.02919855854601749 ) ) ;
#5436 = CARTESIAN_POINT ( 'NONE',  ( -1.837874063244820055, 9.059032684362726684, 11.07691589345692940 ) ) ;
#5437 = CARTESIAN_POINT ( 'NONE',  ( -4.359010608355682770, 22.30356796313019885, 3.268448521979701482 ) ) ;
#5438 = CARTESIAN_POINT ( 'NONE',  ( 8.554359227667440280, 13.44534752552241130, 2.041005958425825106 ) ) ;
#5439 = CARTESIAN_POINT ( 'NONE',  ( -1.079612185236600075, 13.39279153786013588, 5.276222157658235545 ) ) ;
#5440 = CARTESIAN_POINT ( 'NONE',  ( 7.456479551965678354, 18.94359527611358729, 2.409475178967175779 ) ) ;
#5441 = CARTESIAN_POINT ( 'NONE',  ( 1.490019238957749126, 28.24632039470550993, 6.095595051255271457 ) ) ;
#5442 = CARTESIAN_POINT ( 'NONE',  ( 9.999881637460935835, 13.32370817774611282, 0.8096260803042168996 ) ) ;
#5443 = CARTESIAN_POINT ( 'NONE',  ( 1.484801212770041623, 29.12556998848953427, 2.149513686381304467 ) ) ;
#5444 = CARTESIAN_POINT ( 'NONE',  ( 5.371015559766183500, 4.969585827637770237, 2.408790273136118820 ) ) ;
#5445 = CARTESIAN_POINT ( 'NONE',  ( -7.531298591746685034, 8.476251257263875516, 2.378872694646437580 ) ) ;
#5446 = DIRECTION ( 'NONE',  ( 1.000000000000000000, 0.000000000000000000, 0.000000000000000000 ) ) ;
#5447 = VERTEX_POINT ( 'NONE', #1212 ) ;
#5448 = CARTESIAN_POINT ( 'NONE',  ( 1.740754356980219519, 23.52050193834060110, 8.357281936100271480 ) ) ;
#5449 = CARTESIAN_POINT ( 'NONE',  ( 7.622993037986001141, 15.98012794966390260, 2.375660817189535035 ) ) ;
#5450 = CARTESIAN_POINT ( 'NONE',  ( 8.524746152185981529, 9.652270082472082180, 2.022002386160636433 ) ) ;
#5451 = CARTESIAN_POINT ( 'NONE',  ( -1.794834589013460047, 8.203375076521126630, 10.96061905209005438 ) ) ;
#5452 = CARTESIAN_POINT ( 'NONE',  ( -5.424736406923233112, 5.000621486794827319, 2.360148560518859906 ) ) ;
#5453 = CARTESIAN_POINT ( 'NONE',  ( 0.8633300671827511819, 14.05626366514224124, 5.276222157658235545 ) ) ;
#5454 = CARTESIAN_POINT ( 'NONE',  ( -1.421196248822910846, -1.068061337326008386, 0.6190958477945066596 ) ) ;
#5455 = EDGE_LOOP ( 'NONE', ( #5505, #4436, #4257, #4952, #163, #5286, #3905, #4317, #4454, #5804, #5041 ) ) ;
#5456 = CARTESIAN_POINT ( 'NONE',  ( -10.43074960831561349, 22.80085293809083069, 1.250000000000003109 ) ) ;
#5457 = CARTESIAN_POINT ( 'NONE',  ( -1.915941531561332400, 17.60490013706249357, 11.21414933218619936 ) ) ;
#5458 = CARTESIAN_POINT ( 'NONE',  ( -1.845649881140220661, 0.4611736889892525948, 2.815537516673293933E-15 ) ) ;
#5459 = ADVANCED_FACE ( 'NONE', ( #5753 ), #2968, .F. ) ;
#5460 = CARTESIAN_POINT ( 'NONE',  ( -2.983346725122105969, 4.900325023667359225, 4.552273478113811223 ) ) ;
#5461 = CARTESIAN_POINT ( 'NONE',  ( -9.386237332243091203, 15.69205206846065614, 1.727830157520270582 ) ) ;
#5462 = CARTESIAN_POINT ( 'NONE',  ( 5.699753375689502910, 21.60785357076316870, 2.309642949738705209 ) ) ;
#5463 = CARTESIAN_POINT ( 'NONE',  ( -5.116917117550848104, 4.905270990633129102, 2.771574399371811381 ) ) ;
#5464 = CARTESIAN_POINT ( 'NONE',  ( -5.765022498988710886, 21.35048909003793582, 2.839743340015068007 ) ) ;
#5465 = CARTESIAN_POINT ( 'NONE',  ( -1.413851400073584896, -1.103278253458820357, 0.6147132769167872324 ) ) ;
#5466 = CARTESIAN_POINT ( 'NONE',  ( -6.392827587312821080, 17.25898442148763934, 2.770009742643267270 ) ) ;
#5467 = CARTESIAN_POINT ( 'NONE',  ( 5.145694928243016442, 4.875681402993155444, 2.662307292058938568 ) ) ;
#5468 = CARTESIAN_POINT ( 'NONE',  ( -4.909906634149655780, 11.74651770334634371, 3.779874978756273762 ) ) ;
#5469 = CARTESIAN_POINT ( 'NONE',  ( 1.895448738562073299, 18.41370150485688129, 11.21120955588587087 ) ) ;
#5470 = CARTESIAN_POINT ( 'NONE',  ( -6.209449196636162682, 17.23170499255592958, 2.883906024744578911 ) ) ;
#5471 = CARTESIAN_POINT ( 'NONE',  ( 1.847083331510869897, 20.00676813017136624, 11.17770568607555326 ) ) ;
#5472 = CARTESIAN_POINT ( 'NONE',  ( 6.866426704239514400, 6.628967181422785515, 2.497775469515499225 ) ) ;
#5473 = CARTESIAN_POINT ( 'NONE',  ( -7.840509621996205603, 9.467951713438587547, 2.265167541449566446 ) ) ;
#5474 = CARTESIAN_POINT ( 'NONE',  ( 8.142284990487160812, 18.14887503266485069, 2.162300178834316355 ) ) ;
#5475 = EDGE_LOOP ( 'NONE', ( #4430, #191, #3552, #249, #4669 ) ) ;
#5476 = CARTESIAN_POINT ( 'NONE',  ( 1.589226470502456356, 27.28790822660375781, 3.595275281963997038 ) ) ;
#5477 = CARTESIAN_POINT ( 'NONE',  ( -8.510640123897982079, 15.57005277037373503, 2.047526992485882769 ) ) ;
#5478 = CARTESIAN_POINT ( 'NONE',  ( 8.524750280288243331, 9.652487601514710747, 2.022003508442809405 ) ) ;
#5479 = CARTESIAN_POINT ( 'NONE',  ( -1.855319892195924192, 9.389952958465537236, 11.05074198920734752 ) ) ;
#5480 = CARTESIAN_POINT ( 'NONE',  ( -5.211019187200850666, 5.005640831746319463, 2.809042553567886902 ) ) ;
#5481 = DIRECTION ( 'NONE',  ( -0.3420201433256694901, 0.000000000000000000, -0.9396926207859082059 ) ) ;
#5482 = EDGE_LOOP ( 'NONE', ( #4016, #5512, #2365, #3348 ) ) ;
#5483 = ORIENTED_EDGE ( 'NONE', *, *, #2837, .T. ) ;
#5484 = CARTESIAN_POINT ( 'NONE',  ( -2.149838988684639407, 11.31383264545706702, 4.322883505834965057 ) ) ;
#5485 = CARTESIAN_POINT ( 'NONE',  ( -1.951326073670293093, 17.22717045921047330, 10.00942212046535040 ) ) ;
#5486 = CARTESIAN_POINT ( 'NONE',  ( 5.558993267929244197, 5.079898465254435891, 2.165111778934025288 ) ) ;
#5487 = CARTESIAN_POINT ( 'NONE',  ( -2.966761372978309996, 3.544127870419588433, 3.429351756148784958 ) ) ;
#5488 = CARTESIAN_POINT ( 'NONE',  ( -5.137093969837049023, 5.728176379530132145, 3.096167781805152508 ) ) ;
#5489 = CARTESIAN_POINT ( 'NONE',  ( 7.665917225035335569, 17.34487475218885066, 2.347429261051019012 ) ) ;
#5490 = CARTESIAN_POINT ( 'NONE',  ( -5.121631927525504224, 4.914077946889976012, 2.780215929376918638 ) ) ;
#5491 = CARTESIAN_POINT ( 'NONE',  ( -8.539715804412844946, 17.34821503003528420, 2.025564669952758745 ) ) ;
#5492 = CARTESIAN_POINT ( 'NONE',  ( -1.404587728422669990, -1.092208318777546427, 0.7101842928557776657 ) ) ;
#5493 = CARTESIAN_POINT ( 'NONE',  ( -7.637663659444867470, 17.33061882351829652, 2.358593979639968197 ) ) ;
#5494 = CARTESIAN_POINT ( 'NONE',  ( 8.110336727985334448, 8.565902599051172572, 2.149821491271922458 ) ) ;
#5495 = CARTESIAN_POINT ( 'NONE',  ( -8.523312029487597030, 9.648487211715263356, 2.022543643233114086 ) ) ;
#5496 = AXIS2_PLACEMENT_3D ( 'NONE', #1102, #2888, #4689 ) ;
#5497 = CARTESIAN_POINT ( 'NONE',  ( -5.539816207454232533, 5.067872362440327016, 2.096314648835317040 ) ) ;
#5498 = CARTESIAN_POINT ( 'NONE',  ( 1.922245359457061875, 17.17829538784915044, 11.28066445401258733 ) ) ;
#5499 = CARTESIAN_POINT ( 'NONE',  ( -8.469214182781202638, 17.48620576167638774, 2.050076942913844125 ) ) ;
#5500 = EDGE_CURVE ( 'NONE', #2050, #865, #720, .T. ) ;
#5501 = CARTESIAN_POINT ( 'NONE',  ( 5.233255180978881427, 4.907693053878307232, 2.570061861298953865 ) ) ;
#5502 = CARTESIAN_POINT ( 'NONE',  ( -4.937498785740364937, 22.08883228307021440, 2.417840640971433253 ) ) ;
#5503 = CARTESIAN_POINT ( 'NONE',  ( -7.403691968520516475, 8.209576654079619118, 2.424071398510402098 ) ) ;
#5504 = CARTESIAN_POINT ( 'NONE',  ( -1.923227565692951613, 17.26574917585673319, 11.21033886620955045 ) ) ;
#5505 = ORIENTED_EDGE ( 'NONE', *, *, #3895, .F. ) ;
#5506 = CARTESIAN_POINT ( 'NONE',  ( 1.878509402279543217, 25.16243002711659571, 4.561202491039903606 ) ) ;
#5507 = CARTESIAN_POINT ( 'NONE',  ( 4.572513514481888919, 4.467850279288274606, 2.095452357990244874 ) ) ;
#5508 = CARTESIAN_POINT ( 'NONE',  ( -1.143053576758072953, 0.6293997410353465716, 5.927319806922673351 ) ) ;
#5509 = CARTESIAN_POINT ( 'NONE',  ( -8.560429117922053521, 9.576502151047575850, 2.008472472230624195 ) ) ;
#5510 = CARTESIAN_POINT ( 'NONE',  ( -7.918736249363268698, 19.58444113833571976, 1.454996469390317015 ) ) ;
#5511 = CARTESIAN_POINT ( 'NONE',  ( 9.775806165075314524, 11.03937742943188027, 0.8787454821297928653 ) ) ;
#5512 = ORIENTED_EDGE ( 'NONE', *, *, #4138, .T. ) ;
#5513 = VERTEX_POINT ( 'NONE', #790 ) ;
#5514 = CARTESIAN_POINT ( 'NONE',  ( -1.990003890435117384, 19.57437143467958407, 4.428279118413081861 ) ) ;
#5515 = CARTESIAN_POINT ( 'NONE',  ( -8.550000000000000711, 13.39279153786013588, 1.550000000000002709 ) ) ;
#5516 = CARTESIAN_POINT ( 'NONE',  ( 1.393690276199675449, -1.034036388600036549, 0.9051560608968107768 ) ) ;
#5517 = CARTESIAN_POINT ( 'NONE',  ( -1.958427748185432415, 9.399406693444326777, 8.667116662173343755 ) ) ;
#5518 = CARTESIAN_POINT ( 'NONE',  ( -5.455677288629625643, 5.040773990059067344, 2.722911987802703049 ) ) ;
#5519 = CARTESIAN_POINT ( 'NONE',  ( 6.171856412150729554, 19.35520233968518156, 2.825409276434688977 ) ) ;
#5520 = CARTESIAN_POINT ( 'NONE',  ( -1.272238358015242543, 32.50141730175074173, 0.000000000000000000 ) ) ;
#5521 = CARTESIAN_POINT ( 'NONE',  ( -5.548201690539139364, 21.60583785853406269, 2.791684234019767175 ) ) ;
#5522 = CARTESIAN_POINT ( 'NONE',  ( -1.875053678378793220, 9.936728798425797038, 11.14797574364853361 ) ) ;
#5523 = CARTESIAN_POINT ( 'NONE',  ( -4.489630166664008826, 22.39030171238005806, 2.678193807927298664 ) ) ;
#5524 = CARTESIAN_POINT ( 'NONE',  ( 6.914437051161464787, 6.722953850376756968, 2.491758376336917991 ) ) ;
#5525 = CARTESIAN_POINT ( 'NONE',  ( -1.880008598563208677, 9.936260141165488946, 11.02928506119292784 ) ) ;
#5526 = CARTESIAN_POINT ( 'NONE',  ( 9.250259383172933170, 17.27995526014660754, 1.041862296327643156 ) ) ;
#5527 = CARTESIAN_POINT ( 'NONE',  ( 1.669550391317116134, 24.34979470299020576, 10.07806680534874744 ) ) ;
#5528 = CARTESIAN_POINT ( 'NONE',  ( -5.651962327436073075, 21.63185884875067799, 2.446105105702649052 ) ) ;
#5529 = CARTESIAN_POINT ( 'NONE',  ( 5.272228138311874979, 4.921200242611682540, 2.515092444486645373 ) ) ;
#5530 = CARTESIAN_POINT ( 'NONE',  ( 1.134584972410063841, 18.22695244305907281, 40.00000000000000000 ) ) ;
#5531 = CARTESIAN_POINT ( 'NONE',  ( -6.865827887890516124, 7.270386970031926133, 2.604916069966604741 ) ) ;
#5532 = CARTESIAN_POINT ( 'NONE',  ( -2.041273735638923004, 6.849148587680559785, 4.203264004551335198 ) ) ;
#5533 = ADVANCED_FACE ( 'NONE', ( #2551 ), #267, .F. ) ;
#5534 = CARTESIAN_POINT ( 'NONE',  ( 9.229112578719782078, 14.82581534140157409, 1.787279797827710182 ) ) ;
#5535 = CARTESIAN_POINT ( 'NONE',  ( 1.887743424134197934, 25.59662778417187923, 2.655187216531672778 ) ) ;
#5536 = CARTESIAN_POINT ( 'NONE',  ( 2.124681918573255501, 14.96975158808963613, 4.381133404468767978 ) ) ;
#5537 = CARTESIAN_POINT ( 'NONE',  ( 5.005247083828593624, 4.720277117184023652, 2.374201426408327098 ) ) ;
#5538 = CARTESIAN_POINT ( 'NONE',  ( -1.302906943537345041, -0.9157209382162155853, 1.838960428101496403 ) ) ;
#5539 = CARTESIAN_POINT ( 'NONE',  ( -1.367848629022499374, -1.660702599205836627, 0.000000000000000000 ) ) ;
#5540 = CARTESIAN_POINT ( 'NONE',  ( -5.130526390258998148, 4.898173471263305601, 2.741387548172996791 ) ) ;
#5541 = CARTESIAN_POINT ( 'NONE',  ( -6.632056488247170201, 20.96142099335508036, 1.868787969424623219 ) ) ;
#5542 = CARTESIAN_POINT ( 'NONE',  ( 7.028434574595041617, 20.54625110578526659, 1.751668174142552603 ) ) ;
#5543 = ORIENTED_EDGE ( 'NONE', *, *, #3673, .T. ) ;
#5544 = EDGE_LOOP ( 'NONE', ( #3377, #2866, #5629, #313 ) ) ;
#5545 = CARTESIAN_POINT ( 'NONE',  ( 8.540504676375499926, 10.70972661286644012, 2.027684061644750457 ) ) ;
#5546 = CARTESIAN_POINT ( 'NONE',  ( -1.602637129829117324, 25.85231835562703750, 9.067113553408674420 ) ) ;
#5547 = CARTESIAN_POINT ( 'NONE',  ( 1.079612185236600075, 13.39279153786013588, 5.276222157658235545 ) ) ;
#5548 = CARTESIAN_POINT ( 'NONE',  ( -5.734241265264318876, 21.58487578559351761, 2.172152273467142791 ) ) ;
#5549 = CARTESIAN_POINT ( 'NONE',  ( -1.633526173308426310, 0.2041286702536143360, 1.060513002270829563 ) ) ;
#5550 = CARTESIAN_POINT ( 'NONE',  ( -9.226233606819612021, 9.539413228845894821, 1.572423721850358058 ) ) ;
#5551 = CARTESIAN_POINT ( 'NONE',  ( 7.748967192285794781, 17.39944645012117874, 2.317418334273465330 ) ) ;
#5552 = CARTESIAN_POINT ( 'NONE',  ( -8.129294682118709758, 18.17637204974311516, 2.167481402844257055 ) ) ;
#5553 = CARTESIAN_POINT ( 'NONE',  ( -5.736189759958431722, 21.58136144528459965, 2.310556053810787880 ) ) ;
#5554 = CARTESIAN_POINT ( 'NONE',  ( -1.734807942367642797, 7.303045756899773089, 10.90091904166772352 ) ) ;
#5555 = CARTESIAN_POINT ( 'NONE',  ( -6.280555066628664029, 19.14486783813082482, 2.769807383125299616 ) ) ;
#5556 = CARTESIAN_POINT ( 'NONE',  ( 7.450862343071986693, 7.442096399790945505, 2.344629163912869796 ) ) ;
#5557 = CARTESIAN_POINT ( 'NONE',  ( -2.008685111905055720, 15.92689960883091693, 8.788784224957387536 ) ) ;
#5558 = CARTESIAN_POINT ( 'NONE',  ( 1.480571568476667821, 29.15976406282226563, 2.285137023853178739 ) ) ;
#5559 = CARTESIAN_POINT ( 'NONE',  ( -5.708573961918433248, 21.59904730237192183, 2.353395457829363657 ) ) ;
#5560 = CARTESIAN_POINT ( 'NONE',  ( 5.212052199161798072, 5.006970866586651248, 2.806779971314309119 ) ) ;
#5561 = CARTESIAN_POINT ( 'NONE',  ( -6.451033632429960640, 5.667344335351794271, 1.827787887442757997 ) ) ;
#5562 = CARTESIAN_POINT ( 'NONE',  ( -7.702457615887800202, 8.882652005926429339, 2.316984266735063525 ) ) ;
#5563 = FACE_OUTER_BOUND ( 'NONE', #2959, .T. ) ;
#5564 = FACE_OUTER_BOUND ( 'NONE', #4376, .T. ) ;
#5565 = CARTESIAN_POINT ( 'NONE',  ( 1.536785899224052621, 27.75703202094708288, 5.110201648323873691 ) ) ;
#5566 = CARTESIAN_POINT ( 'NONE',  ( 10.33115055430257634, 2.624422600657893234, 1.250000000000004885 ) ) ;
#5567 = CARTESIAN_POINT ( 'NONE',  ( 3.023251671889366055, 5.288893167155053199, 4.631611245230611296 ) ) ;
#5568 = CARTESIAN_POINT ( 'NONE',  ( -6.865917897365517497, 6.627647794156162675, 2.498160287868113727 ) ) ;
#5569 = CARTESIAN_POINT ( 'NONE',  ( 2.279822409032791874, 9.892049233220674864, 0.000000000000000000 ) ) ;
#5570 = VERTEX_POINT ( 'NONE', #4762 ) ;
#5571 = ORIENTED_EDGE ( 'NONE', *, *, #4358, .F. ) ;
#5572 = CARTESIAN_POINT ( 'NONE',  ( 1.881035531855858478, 9.938449714465061646, 11.02916687658657047 ) ) ;
#5573 = CARTESIAN_POINT ( 'NONE',  ( -0.9867170708149414216, 13.39279153786013588, 5.531449386909396360 ) ) ;
#5574 = CARTESIAN_POINT ( 'NONE',  ( 8.598160166144761973, 9.708547161362288236, 1.998632222756046017 ) ) ;
#5575 = CARTESIAN_POINT ( 'NONE',  ( -2.094251541196705979, 1.862094785625705073, 1.493409739073480624 ) ) ;
#5576 = CARTESIAN_POINT ( 'NONE',  ( -4.681895341072407568, 5.154350009989506987, 3.219598241650839743 ) ) ;
#5577 = CARTESIAN_POINT ( 'NONE',  ( 6.397237050148219417, 17.25809349471004239, 2.766834815928367330 ) ) ;
#5578 = CARTESIAN_POINT ( 'NONE',  ( -5.652602476762409900, 21.63537359235990110, 2.410084866967211248 ) ) ;
#5579 = CARTESIAN_POINT ( 'NONE',  ( -1.148561729204605975, -0.1254724702828225735, 4.435876153936310295 ) ) ;
#5580 = CARTESIAN_POINT ( 'NONE',  ( -2.747265797870989346, 22.64444136819382081, 4.745843840781700962 ) ) ;
#5581 = CARTESIAN_POINT ( 'NONE',  ( 6.353572873181544622, 6.083908968876627021, 2.632225449591337085 ) ) ;
#5582 = CARTESIAN_POINT ( 'NONE',  ( -9.415281151880197541, 13.41845934789208883, 1.725282015673662794 ) ) ;
#5583 = CARTESIAN_POINT ( 'NONE',  ( 8.524972571301377755, 9.652448077655979120, 2.021924274793288845 ) ) ;
#5584 = CARTESIAN_POINT ( 'NONE',  ( 1.468389029945749602, 29.01093287020712097, 3.918738297077306143 ) ) ;
#5585 = ORIENTED_EDGE ( 'NONE', *, *, #3638, .T. ) ;
#5586 = CARTESIAN_POINT ( 'NONE',  ( 1.947500964713234417, 9.092131300198964539, 8.678420217952197646 ) ) ;
#5587 = CARTESIAN_POINT ( 'NONE',  ( -6.920723970223574106, 20.10667809394607275, 2.555130414537644779 ) ) ;
#5588 = CARTESIAN_POINT ( 'NONE',  ( 5.332840302733313997, 5.117585562815324174, 2.810343917307293271 ) ) ;
#5589 = CARTESIAN_POINT ( 'NONE',  ( 1.272160505875236325, 20.55590975241052121, 40.00000000000000000 ) ) ;
#5590 = CARTESIAN_POINT ( 'NONE',  ( -6.287380697648183414, 7.622043253975175681, 2.700644175108463774 ) ) ;
#5591 = CARTESIAN_POINT ( 'NONE',  ( -8.862799378048123344, 10.39419319560828825, 1.911188490827912201 ) ) ;
#5592 = CARTESIAN_POINT ( 'NONE',  ( -9.952101598667860927, 12.39463187939920452, 0.8245855160752841861 ) ) ;
#5593 = CARTESIAN_POINT ( 'NONE',  ( 1.580656920365282714, 26.62733951069238714, 7.111034802558625856 ) ) ;
#5594 = CIRCLE ( 'NONE', #4468, 2.449999999999996625 ) ;
#5595 = CARTESIAN_POINT ( 'NONE',  ( 10.70022598920679791, 15.11810990426034884, 1.250000000000000222 ) ) ;
#5596 = CARTESIAN_POINT ( 'NONE',  ( 5.507078320073806488, 6.292920238447025305, 3.030154681738261413 ) ) ;
#5597 = APPLICATION_PROTOCOL_DEFINITION ( 'draft international standard', 'automotive_design', 1998, #2234 ) ;
#5598 = CARTESIAN_POINT ( 'NONE',  ( 1.136198064503454841, 25.05496616084097283, 40.00000000000014921 ) ) ;
#5599 = ORIENTED_EDGE ( 'NONE', *, *, #3169, .F. ) ;
#5600 = VERTEX_POINT ( 'NONE', #4354 ) ;
#5601 = CARTESIAN_POINT ( 'NONE',  ( 5.672508330313523750, 5.157340776515996872, 0.000000000000000000 ) ) ;
#5602 = CARTESIAN_POINT ( 'NONE',  ( 0.3519153166163002666, 13.39279153786013765, 6.000000000000000000 ) ) ;
#5603 = CARTESIAN_POINT ( 'NONE',  ( -8.620468427717165483, 9.855835414582145404, 1.992097309715319398 ) ) ;
#5604 = CARTESIAN_POINT ( 'NONE',  ( 5.256763288683909963, 5.783439241135780229, 3.056200100521022645 ) ) ;
#5605 = CARTESIAN_POINT ( 'NONE',  ( -2.164955996744056588, 1.996277990640276334, 1.015530458292777327 ) ) ;
#5606 = CARTESIAN_POINT ( 'NONE',  ( 5.181000515105852244, 21.96784010204719451, 2.478126507122821565 ) ) ;
#5607 = EDGE_CURVE ( 'NONE', #2631, #2050, #3398, .T. ) ;
#5608 = CARTESIAN_POINT ( 'NONE',  ( -6.333011444949728563, 20.74972504525378625, 2.731135813725237949 ) ) ;
#5609 = CARTESIAN_POINT ( 'NONE',  ( -1.313550659433813772, 2.864054970453368210, 8.855717031487069235 ) ) ;
#5610 = CARTESIAN_POINT ( 'NONE',  ( -3.625248200938945953, 17.47286270635455452, 4.083165356281134528 ) ) ;
#5611 = CARTESIAN_POINT ( 'NONE',  ( -1.118954127866547577, 21.22356357904215685, 39.99999999999997868 ) ) ;
#5612 = CARTESIAN_POINT ( 'NONE',  ( -8.304103649868089576, 15.71334594630318193, 2.122456130397487595 ) ) ;
#5613 = CARTESIAN_POINT ( 'NONE',  ( -2.410148389795537138, 17.16025419850679512, 6.128608580023253261 ) ) ;
#5614 = CARTESIAN_POINT ( 'NONE',  ( 1.474784746856948825, 29.11940428107808643, 2.909833418752531209 ) ) ;
#5615 = CARTESIAN_POINT ( 'NONE',  ( 1.866689562708351291, 7.476471126238187104, 8.691228217684114910 ) ) ;
#5616 =( GEOMETRIC_REPRESENTATION_CONTEXT ( 3 ) GLOBAL_UNCERTAINTY_ASSIGNED_CONTEXT ( ( #1095 ) ) GLOBAL_UNIT_ASSIGNED_CONTEXT ( ( #278, #5657, #4665 ) ) REPRESENTATION_CONTEXT ( 'NONE', 'WORKASPACE' ) );
#5617 = CARTESIAN_POINT ( 'NONE',  ( -5.501102683241747116, 21.66315772986515498, 2.759693254009831342 ) ) ;
#5618 = CARTESIAN_POINT ( 'NONE',  ( 5.450039403698682783, 5.012131950599474806, 2.303114580699957337 ) ) ;
#5619 = FACE_OUTER_BOUND ( 'NONE', #4024, .T. ) ;
#5620 = CARTESIAN_POINT ( 'NONE',  ( -4.235552877817866602, 4.477303024712758983, 3.144488250811433794 ) ) ;
#5621 = CARTESIAN_POINT ( 'NONE',  ( 0.000000000000000000, 13.39279153786013588, 0.000000000000000000 ) ) ;
#5622 = B_SPLINE_CURVE_WITH_KNOTS ( 'NONE', 3,
 ( #2630, #864, #3576, #5771, #5745, #3021, #1733, #5284, #3524, #2571, #4015, #809, #5311, #4811, #1289, #5719, #2138, #1262, #341, #1317, #1674, #420, #1757, #3078, #2655, #3050, #5336, #2241, #3551, #4401, #4374, #3934, #5687, #1703, #4453, #2601, #4919, #2680, #3469, #4865, #4429, #395, #5256, #2188, #4481, #3104, #5796, #5362, #1342, #3132, #887, #447, #506, #4043, #2771, #5474, #1369, #4511, #921, #4539, #5040 ),
 .UNSPECIFIED., .F., .F.,
 ( 4, 2, 2, 2, 1, 1, 2, 2, 2, 2, 2, 2, 2, 1, 2, 2, 2, 2, 1, 2, 2, 2, 2, 1, 2, 2, 1, 1, 1, 2, 2, 1, 2, 2, 4 ),
 ( 0.000000000000000000, 0.03124999999997919720, 0.04687499999996879579, 0.05468749999996352223, 0.05859374999996103117, 0.06054687499995977523, 0.06152343749995935196, 0.06249999999995892175, 0.1249999999999605871, 0.1874999999999622247, 0.2499999999999638622, 0.3749999999999672484, 0.4374999999999675815, 0.4687499999999681366, 0.4843749999999680811, 0.4999999999999680256, 0.6249999999999746869, 0.6874999999999786837, 0.7187499999999805711, 0.7343749999999816813, 0.7499999999999826805, 0.8124999999999850120, 0.8437499999999859002, 0.8593749999999866773, 0.8671874999999873435, 0.8749999999999880096, 0.9062499999999906741, 0.9218749999999923395, 0.9238281249999930056, 0.9248046874999932276, 0.9257812499999934497, 0.9296874999999936717, 0.9374999999999941158, 0.9687499999999970024, 1.000000000000000000 ),
 .UNSPECIFIED. ) ;
#5623 = CARTESIAN_POINT ( 'NONE',  ( -5.587488063166077268, 5.099175973583784938, 1.364971461869528335 ) ) ;
#5624 = CARTESIAN_POINT ( 'NONE',  ( 1.867345730467661280, 19.39979970651954133, 11.17727792013564247 ) ) ;
#5625 = CARTESIAN_POINT ( 'NONE',  ( 2.984369613902797091, 3.331589607486341365, 2.690704969945100444 ) ) ;
#5626 = CARTESIAN_POINT ( 'NONE',  ( -0.8962720423508371281, -3.145144783891590023, 0.000000000000000000 ) ) ;
#5627 = CARTESIAN_POINT ( 'NONE',  ( -5.219788286112702735, 4.899505378946756196, 2.575559826058829049 ) ) ;
#5628 = CARTESIAN_POINT ( 'NONE',  ( 0.04389188794069252136, 15.50927182660712589, 40.00000000000000000 ) ) ;
#5629 = ORIENTED_EDGE ( 'NONE', *, *, #1336, .F. ) ;
#5630 = ORIENTED_EDGE ( 'NONE', *, *, #534, .F. ) ;
#5631 = CARTESIAN_POINT ( 'NONE',  ( 0.04595030237210126489, 13.39279153786013588, 6.000000000000000000 ) ) ;
#5632 = CARTESIAN_POINT ( 'NONE',  ( -0.1817538745219504370, 13.34531672154533055, 6.000000000000000000 ) ) ;
#5633 = CARTESIAN_POINT ( 'NONE',  ( -7.456044728524148901, 18.95705252040038502, 2.410296891678499698 ) ) ;
#5634 = CARTESIAN_POINT ( 'NONE',  ( -8.508814866245689501, 9.354065533168338220, 2.023322946967252900 ) ) ;
#5635 = CARTESIAN_POINT ( 'NONE',  ( 9.131028494993939759, 11.27076935234415522, 1.821751619505452169 ) ) ;
#5636 = CARTESIAN_POINT ( 'NONE',  ( -1.439538074632284781, 0.8056035259712384100, 4.092773168027383335 ) ) ;
#5637 = CARTESIAN_POINT ( 'NONE',  ( 4.516341736562423215, 22.37666301084144038, 2.593642476538216002 ) ) ;
#5638 = LINE ( 'NONE', #3357, #1594 ) ;
#5639 = CYLINDRICAL_SURFACE ( 'NONE', #4940, 2.650000000000000355 ) ;
#5640 = CARTESIAN_POINT ( 'NONE',  ( -1.879362815700194922, 25.33267280724392023, 4.163559392300969719 ) ) ;
#5641 = CARTESIAN_POINT ( 'NONE',  ( 5.394340054272267260, 4.979230570843299120, 2.352671678533573285 ) ) ;
#5642 = ADVANCED_FACE ( 'NONE', ( #321 ), #74, .F. ) ;
#5643 = CARTESIAN_POINT ( 'NONE',  ( -5.128644978888313055, 5.743249335842835812, 3.099667916461890549 ) ) ;
#5644 = CARTESIAN_POINT ( 'NONE',  ( 7.394950658264541232, 9.698590171154595652, 2.422871130950441820 ) ) ;
#5645 = CARTESIAN_POINT ( 'NONE',  ( 1.920399843250205851, 17.24369356033364653, 11.30552546117329271 ) ) ;
#5646 = ORIENTED_EDGE ( 'NONE', *, *, #2555, .F. ) ;
#5647 = CARTESIAN_POINT ( 'NONE',  ( 1.480521288343964459, 0.4913729703523483927, 3.134021946266657643 ) ) ;
#5648 = CARTESIAN_POINT ( 'NONE',  ( -6.210612176897863712, 20.88692560439619683, 2.760781636663915517 ) ) ;
#5649 = CARTESIAN_POINT ( 'NONE',  ( 8.592471403806431596, 9.649504516501924201, 1.997972592915232770 ) ) ;
#5650 = CARTESIAN_POINT ( 'NONE',  ( -2.614599845079872121E-15, 12.29931741522232080, 5.531449386909391031 ) ) ;
#5651 = CARTESIAN_POINT ( 'NONE',  ( -3.596502780343633798, 8.878544268821061181, 4.101469008611164035 ) ) ;
#5652 = CARTESIAN_POINT ( 'NONE',  ( 9.337082628129795836, 14.12800904941295954, 1.750000000000000222 ) ) ;
#5653 = CARTESIAN_POINT ( 'NONE',  ( -1.182485190809130060, -0.3266538547941563175, 3.822006971252885243 ) ) ;
#5654 = CARTESIAN_POINT ( 'NONE',  ( 1.920615033630091562, 18.38209926513459180, 10.05511077804839992 ) ) ;
#5655 = CARTESIAN_POINT ( 'NONE',  ( 10.47453031008495827, 4.299372846732136821, 1.250000000000005773 ) ) ;
#5656 = CARTESIAN_POINT ( 'NONE',  ( 3.520051419161660089, 8.381002353784793968, 4.218805424631642431 ) ) ;
#5657 =( NAMED_UNIT ( * ) PLANE_ANGLE_UNIT ( ) SI_UNIT ( $, .RADIAN. ) );
#5658 = CARTESIAN_POINT ( 'NONE',  ( -5.507637539222696610, 5.047667266262304331, 2.219471800305320652 ) ) ;
#5659 = CARTESIAN_POINT ( 'NONE',  ( 0.9386221005608896828, 18.27376147952283958, 40.00000000000000000 ) ) ;
#5660 = VERTEX_POINT ( 'NONE', #1137 ) ;
#5661 = EDGE_LOOP ( 'NONE', ( #3291, #3991, #1497, #1290, #2656, #1555, #1878 ) ) ;
#5662 = CARTESIAN_POINT ( 'NONE',  ( -10.71661179268455477, 14.14735445896117483, 1.250000000000002220 ) ) ;
#5663 = CARTESIAN_POINT ( 'NONE',  ( -0.1424244489444215223, 13.25036708891572168, 6.000000000000001776 ) ) ;
#5664 = CARTESIAN_POINT ( 'NONE',  ( 6.438462580326937967, 6.638556380698651616, 2.691652658400628617 ) ) ;
#5665 = CARTESIAN_POINT ( 'NONE',  ( -1.281367004003242549, 0.9844173196078601640, 5.678105594492929953 ) ) ;
#5666 = CARTESIAN_POINT ( 'NONE',  ( 3.772821394816962659, 17.20809354107856493, 4.122033730450489486 ) ) ;
#5667 = CARTESIAN_POINT ( 'NONE',  ( -5.731183185261011559, 21.58651907756592081, 2.186793104228380802 ) ) ;
#5668 = CARTESIAN_POINT ( 'NONE',  ( -1.368866311998176322, -1.078163990454890753, 1.024126745133042693 ) ) ;
#5669 = CARTESIAN_POINT ( 'NONE',  ( -3.666466448407601497, 17.33188227685747052, 4.072742007935497455 ) ) ;
#5670 = CARTESIAN_POINT ( 'NONE',  ( 9.339195095013160142, 13.72756194833162802, 1.750000000000000000 ) ) ;
#5671 = CARTESIAN_POINT ( 'NONE',  ( 1.458004975437405371, -1.110290217218250053, 0.2395985502623488861 ) ) ;
#5672 = CARTESIAN_POINT ( 'NONE',  ( 1.472406806652417632, 29.15334146105804436, 2.912300470072342939 ) ) ;
#5673 = ORIENTED_EDGE ( 'NONE', *, *, #216, .T. ) ;
#5674 = ADVANCED_FACE ( 'NONE', ( #217, #4721, #2956, #1643 ), #4693, .T. ) ;
#5675 = CARTESIAN_POINT ( 'NONE',  ( 1.964025312798522549, 9.525494358718686883, 8.662327915299130154 ) ) ;
#5676 = CARTESIAN_POINT ( 'NONE',  ( -7.603946573586346958, 19.15533965118374127, 2.340810339906620907 ) ) ;
#5677 = CARTESIAN_POINT ( 'NONE',  ( -2.205310780529946099E-16, 14.53773857342508791, 5.403835772283816397 ) ) ;
#5678 = CARTESIAN_POINT ( 'NONE',  ( -4.542199623560946975, 4.445277031666995171, 1.894354420288143048 ) ) ;
#5679 = CARTESIAN_POINT ( 'NONE',  ( 0.4151594242823711256, 42.48160954106849374, 0.000000000000000000 ) ) ;
#5680 = CARTESIAN_POINT ( 'NONE',  ( -5.652763705214504775, 5.143577367419802648, 0.6337782563517052603 ) ) ;
#5681 = CARTESIAN_POINT ( 'NONE',  ( 1.590824334901933090, 27.32874192672520763, 3.296013528589015973 ) ) ;
#5682 = EDGE_CURVE ( 'NONE', #4230, #678, #4650, .T. ) ;
#5683 = CARTESIAN_POINT ( 'NONE',  ( 8.570078683854308821, 9.650620565242309823, 2.005915075841774975 ) ) ;
#5684 = CARTESIAN_POINT ( 'NONE',  ( 3.667191466384669862, 9.350581839739573908, 4.002048393020436912 ) ) ;
#5685 = CARTESIAN_POINT ( 'NONE',  ( -5.385344396494615715, 4.935725300694746132, 2.285011745519530457 ) ) ;
#5686 = CARTESIAN_POINT ( 'NONE',  ( -5.571763381162156747, 5.089577075204784862, 1.894897136861489306 ) ) ;
#5687 = CARTESIAN_POINT ( 'NONE',  ( 6.642959546758515188, 20.40261659017586737, 2.643275531404460033 ) ) ;
#5688 = CARTESIAN_POINT ( 'NONE',  ( -6.525966680081776161, 5.795185691470409850, 2.403842770687024011 ) ) ;
#5689 = VERTEX_POINT ( 'NONE', #4631 ) ;
#5690 = CONICAL_SURFACE ( 'NONE', #3070, 2.449999999999998401, 0.7853981633974753684 ) ;
#5691 = CARTESIAN_POINT ( 'NONE',  ( -10.66003182507581393, 7.891684911794818014, 1.250000000000000000 ) ) ;
#5692 = CARTESIAN_POINT ( 'NONE',  ( -0.2488417067827988771, 13.64163324464293403, 6.000000000000000000 ) ) ;
#5693 = CARTESIAN_POINT ( 'NONE',  ( -8.627499307708662357, 9.852492924225147775, 1.989568384649674782 ) ) ;
#5694 = CARTESIAN_POINT ( 'NONE',  ( 9.128737068498580243, 11.27138586858187352, 1.822575324364432481 ) ) ;
#5695 = CARTESIAN_POINT ( 'NONE',  ( -1.616437493893817301, 5.726328422143895480, 10.41268803371795570 ) ) ;
#5696 = CARTESIAN_POINT ( 'NONE',  ( 4.595799008237387184, 22.32238550665428534, 2.209385982386662839 ) ) ;
#5697 = B_SPLINE_CURVE_WITH_KNOTS ( 'NONE', 3,
 ( #2948, #684, #5591, #1607 ),
 .UNSPECIFIED., .F., .F.,
 ( 4, 4 ),
 ( 0.6954377436325835937, 0.9999903350269817581 ),
 .UNSPECIFIED. ) ;
#5698 = CARTESIAN_POINT ( 'NONE',  ( 8.770859706864102989, 11.42135655323468058, 1.949999999999993738 ) ) ;
#5699 = CARTESIAN_POINT ( 'NONE',  ( -1.135073955955467007, 0.6089179576561629670, 5.941697549947464907 ) ) ;
#5700 = CARTESIAN_POINT ( 'NONE',  ( -1.882595479623348167, 25.16559950915053179, 4.559252918639187691 ) ) ;
#5701 = CARTESIAN_POINT ( 'NONE',  ( -0.7957329926181755386, -3.298184162292810306, 0.000000000000000000 ) ) ;
#5702 = CARTESIAN_POINT ( 'NONE',  ( -4.554737157631816302, 5.424876325399894839, 3.276375009172763253 ) ) ;
#5703 = CARTESIAN_POINT ( 'NONE',  ( -6.271254010314827099, 9.741009121288982442, 2.821878047341757068 ) ) ;
#5704 = CARTESIAN_POINT ( 'NONE',  ( -5.385650775422795355, 4.974816893663327022, 2.360729705449097882 ) ) ;
#5705 = CARTESIAN_POINT ( 'NONE',  ( 1.479883221695357687, -0.4175330954761723445, 1.401223307996518841 ) ) ;
#5706 = CARTESIAN_POINT ( 'NONE',  ( -5.517652383013357920, 21.62481636008219255, 2.804609180615146524 ) ) ;
#5707 = CARTESIAN_POINT ( 'NONE',  ( -0.8430914316019122445, 13.39279153786013588, 5.801067248717890479 ) ) ;
#5708 = CARTESIAN_POINT ( 'NONE',  ( -4.523030790703405302, 4.434289029506776281, 2.243246459089937250 ) ) ;
#5709 = CARTESIAN_POINT ( 'NONE',  ( -1.422370620299529209, -1.070084497406857293, 0.6058076089454879076 ) ) ;
#5710 = CARTESIAN_POINT ( 'NONE',  ( -1.741319605333665921, 7.310914974790255982, 10.79628244822055905 ) ) ;
#5711 = B_SPLINE_SURFACE_WITH_KNOTS ( 'NONE', 5, 3, ( 
 ( #3272, #4651, #5121, #4619, #5525 ),
 ( #2850, #2435, #646, #2007, #3393 ),
 ( #4184, #5557, #145, #1569, #232 ),
 ( #5613, #1973, #4241, #1510, #1947 ),
 ( #1094, #615, #204, #1065, #5174 ),
 ( #2407, #1249, #1181, #5759, #5703 ),
 ( #2974, #1659, #382, #2557, #4004 ),
 ( #5203, #1276, #2177, #409, #2152 ),
 ( #4852, #4767, #737, #3482, #1745 ),
 ( #1689, #4331, #3037, #4826, #2202 ),
 ( #3063, #2525, #850, #1629, #5272 ),
 ( #297, #3950, #3423, #3456, #823 ),
 ( #3537, #5734, #794, #2094, #2124 ) ),
 .UNSPECIFIED., .F., .F., .F.,
 ( 6, 2, 5, 6 ),
 ( 4, 1, 4 ),
 ( 0.000000000000000000, 0.5000000000000000000, 1.000000000000000000, 1.010000000000000009 ),
 ( 0.06003441782468540294, 0.06392988846781919032, 0.06782535911095297076 ),
 .UNSPECIFIED. ) ;
#5712 = CARTESIAN_POINT ( 'NONE',  ( 1.633180421439978547, 25.14682203263209459, 9.547346712723397744 ) ) ;
#5713 = CARTESIAN_POINT ( 'NONE',  ( 8.622107021000433136, 13.44500202126191901, 2.016413561110786290 ) ) ;
#5714 = CARTESIAN_POINT ( 'NONE',  ( 5.247446711809263142, 4.917279827668450842, 2.569387511971664484 ) ) ;
#5715 = CARTESIAN_POINT ( 'NONE',  ( 3.890614886669825800, 9.842599312674350287, 4.052824974124492385 ) ) ;
#5716 = CARTESIAN_POINT ( 'NONE',  ( -8.989027290620365207, 17.92746938185418060, 1.253186893792256340 ) ) ;
#5717 = EDGE_CURVE ( 'NONE', #2096, #1407, #3325, .T. ) ;
#5718 = CARTESIAN_POINT ( 'NONE',  ( -5.258948325079304986, 4.913138519911347757, 2.520074130423703984 ) ) ;
#5719 = CARTESIAN_POINT ( 'NONE',  ( 5.513299193943939969, 21.68491886695636950, 2.682415912038766947 ) ) ;
#5720 = CARTESIAN_POINT ( 'NONE',  ( -9.828451610625499768, 11.20443398804984803, 1.112566713573096333 ) ) ;
#5721 = ORIENTED_EDGE ( 'NONE', *, *, #68, .F. ) ;
#5722 = EDGE_LOOP ( 'NONE', ( #1428, #3848, #1234, #5205 ) ) ;
#5723 = CARTESIAN_POINT ( 'NONE',  ( 2.125986729624697702, 9.514731704396231393, 4.283350053385408529 ) ) ;
#5724 = CARTESIAN_POINT ( 'NONE',  ( 7.924496806860095610, 8.189649937768761490, 2.204983691362971676 ) ) ;
#5725 = CARTESIAN_POINT ( 'NONE',  ( -7.963834093287618821, 8.185168742675442033, 2.188074272126436348 ) ) ;
#5726 = CARTESIAN_POINT ( 'NONE',  ( 9.120859947906460263, 17.09026260603248204, 1.770574770891913730 ) ) ;
#5727 = CARTESIAN_POINT ( 'NONE',  ( -1.909382221506267907, 9.394690904097304340, 9.837558000601244856 ) ) ;
#5728 = CARTESIAN_POINT ( 'NONE',  ( 4.417435726351649272, 22.16310783390480310, 3.368087626410626534 ) ) ;
#5729 = CARTESIAN_POINT ( 'NONE',  ( 9.339997505444790349, 13.29047707958823210, 1.749999951165463141 ) ) ;
#5730 = FACE_OUTER_BOUND ( 'NONE', #782, .T. ) ;
#5731 = CARTESIAN_POINT ( 'NONE',  ( -1.977006411623552840, 17.26259867102755408, 8.810509895487752985 ) ) ;
#5732 = CARTESIAN_POINT ( 'NONE',  ( -0.2369247865799007369, -4.043039774629327177, 0.000000000000000000 ) ) ;
#5733 = CARTESIAN_POINT ( 'NONE',  ( -9.422797356356261034, 13.41848310424286161, 1.722560690830272412 ) ) ;
#5734 = CARTESIAN_POINT ( 'NONE',  ( -8.618350856612487121, 15.99933239839063859, 2.007770242337411304 ) ) ;
#5735 = CARTESIAN_POINT ( 'NONE',  ( -5.343243558459421116, 4.952128723133530919, 2.412144922723256535 ) ) ;
#5736 = CARTESIAN_POINT ( 'NONE',  ( 1.206664351418166969, -0.5045076394712064705, 3.312570590850361096 ) ) ;
#5737 = CARTESIAN_POINT ( 'NONE',  ( -8.513658398968587449, 17.27595837887352559, 2.035840600471445772 ) ) ;
#5738 = CARTESIAN_POINT ( 'NONE',  ( -1.033164628025770693, 13.39279153786013765, 5.403835772283816397 ) ) ;
#5739 = CARTESIAN_POINT ( 'NONE',  ( -3.024162875421612995, 3.312005408622623825, 1.820202583488220283 ) ) ;
#5740 = CARTESIAN_POINT ( 'NONE',  ( 1.137315534085872937, 34.24695199316627026, 0.000000000000000000 ) ) ;
#5741 = CARTESIAN_POINT ( 'NONE',  ( -5.560269617821684385, 5.081090393404007699, 2.103336188440467769 ) ) ;
#5742 = CARTESIAN_POINT ( 'NONE',  ( 1.473100905823791607, 28.94476170606344567, 3.906316093531020606 ) ) ;
#5743 = CARTESIAN_POINT ( 'NONE',  ( 8.471107140064674468, 9.253650904553063938, 2.034914737887638214 ) ) ;
#5744 = CARTESIAN_POINT ( 'NONE',  ( 2.167217416238987671, 6.819914245873945902, 6.629779684630562997 ) ) ;
#5745 = CARTESIAN_POINT ( 'NONE',  ( 5.679783186530427130, 21.62041780825074966, 2.350620134860671229 ) ) ;
#5746 = B_SPLINE_CURVE_WITH_KNOTS ( 'NONE', 3,
 ( #292, #2002, #2089, #2905 ),
 .UNSPECIFIED., .F., .F.,
 ( 4, 4 ),
 ( 1.094947543384768948E-05, 0.3058588815917089865 ),
 .UNSPECIFIED. ) ;
#5747 = EDGE_CURVE ( 'NONE', #1081, #1841, #3089, .T. ) ;
#5748 = CARTESIAN_POINT ( 'NONE',  ( 2.105471420197363663, 8.618723803313701026, 4.260560588716996833 ) ) ;
#5749 = CARTESIAN_POINT ( 'NONE',  ( 5.129789628904234178, 4.926306109021417079, 2.788455112864458130 ) ) ;
#5750 = CARTESIAN_POINT ( 'NONE',  ( -5.163348207107690158, 4.896605241767300498, 2.685605273722273090 ) ) ;
#5751 = CARTESIAN_POINT ( 'NONE',  ( 5.394809998024107323, 5.545389995913399872, 2.998903229419256800 ) ) ;
#5752 = CARTESIAN_POINT ( 'NONE',  ( -1.895724943293803921, 9.073082662017267097, 9.834006873321662567 ) ) ;
#5753 = FACE_OUTER_BOUND ( 'NONE', #572, .T. ) ;
#5754 = CARTESIAN_POINT ( 'NONE',  ( -1.589083000296031445, 28.20554328732150751, -0.2367614702484973355 ) ) ;
#5755 = CARTESIAN_POINT ( 'NONE',  ( -1.979692169154687154, 17.15411962579457494, 8.805070939758183002 ) ) ;
#5756 = CARTESIAN_POINT ( 'NONE',  ( 9.312182880024398202, 14.23091847118614872, 1.758836498573826734 ) ) ;
#5757 = B_SPLINE_SURFACE_WITH_KNOTS ( 'NONE', 5, 3, ( 
 ( #1516, #2827, #2071, #591, #2412, #4657, #4189, #3308, #2469, #682, #2441 ),
 ( #1099, #1605, #2855, #2013, #2946, #1487, #1576, #4714, #621, #4220, #1545 ),
 ( #3338, #2885, #652, #3366, #5153, #1130, #2917, #1282, #3982, #771, #2562 ),
 ( #2530, #1726, #3012, #856, #5764, #302, #1666, #1255, #2620, #4365, #4802 ),
 ( #3071, #1750, #2156, #2129, #5209, #332, #3460, #3924, #4772, #387, #5707 ),
 ( #1188, #1693, #3896, #2100, #5243, #4338, #5304, #5650, #2648, #3429, #4858 ),
 ( #3487, #4392, #5276, #5677, #828, #1223, #2593, #3041, #360, #3954, #5738 ),
 ( #4446, #1636, #2982, #4830, #5329, #3516, #800, #1308, #4420, #2182, #415 ) ),
 .UNSPECIFIED., .F., .T., .F.,
 ( 6, 2, 6 ),
 ( 4, 1, 1, 1, 1, 1, 1, 1, 4 ),
 ( 0.000000000000000000, 0.5000000000000000000, 1.000000000000000000 ),
 ( 0.000000000000000000, 0.7853981633974482790, 1.570796326794896558, 2.356194490192344837, 3.141592653589793116, 3.926990816987240951, 4.712388980384688786, 5.497787143782137953, 6.283185307179586232 ),
 .UNSPECIFIED. ) ;
#5758 = CARTESIAN_POINT ( 'NONE',  ( -6.313363198763288331, 20.20787240371091542, 2.818862923681144661 ) ) ;
#5759 = CARTESIAN_POINT ( 'NONE',  ( -6.291775898873706474, 10.96835511608571778, 2.836407704608996383 ) ) ;
#5760 = CARTESIAN_POINT ( 'NONE',  ( 1.864917498955773079, 19.40701716096970841, 11.28840939475069938 ) ) ;
#5761 = CARTESIAN_POINT ( 'NONE',  ( 1.929782956438033770, 9.910891616084068545, 9.841603752304115105 ) ) ;
#5762 = CARTESIAN_POINT ( 'NONE',  ( -1.793669307208870967, 8.202548453927327898, 10.98272195291199971 ) ) ;
#5763 = CARTESIAN_POINT ( 'NONE',  ( -5.804564884267794156, 20.97171043056264494, 3.015072390926078150 ) ) ;
#5764 = CARTESIAN_POINT ( 'NONE',  ( 0.4858691598539778833, 13.87866069771410515, 5.957250786414756583 ) ) ;
#5765 = CARTESIAN_POINT ( 'NONE',  ( 0.1385226953997474586, -4.105684546322240003, 0.000000000000000000 ) ) ;
#5766 = CARTESIAN_POINT ( 'NONE',  ( 1.650896190474963499, 27.56361629142745073, 6.274608315023040970E-15 ) ) ;
#5767 = CARTESIAN_POINT ( 'NONE',  ( 1.919318477770192377, 17.37623188080169356, 11.23514111855846309 ) ) ;
#5768 = CARTESIAN_POINT ( 'NONE',  ( 5.723604563226603048, 5.451160723651351958, 2.753199047954244527 ) ) ;
#5769 = CARTESIAN_POINT ( 'NONE',  ( 3.890225263298404901, 9.842408302582326129, 4.052534708074412961 ) ) ;
#5770 = CARTESIAN_POINT ( 'NONE',  ( -5.550207554401802135, 5.075181372251419631, 1.995852500849442768 ) ) ;
#5771 = CARTESIAN_POINT ( 'NONE',  ( 5.692485184757628325, 21.61265920012887065, 2.320711834553259134 ) ) ;
#5772 = VERTEX_POINT ( 'NONE', #1198 ) ;
#5773 = CARTESIAN_POINT ( 'NONE',  ( 10.52072171607831308, 20.88951842213763044, 1.250000000000000888 ) ) ;
#5774 = CARTESIAN_POINT ( 'NONE',  ( 8.512313113382150576, 9.514704537628473346, 2.024669895245342133 ) ) ;
#5775 = CARTESIAN_POINT ( 'NONE',  ( -5.218018846711128589, 5.008731088461275682, 2.805441725529076002 ) ) ;
#5776 = CARTESIAN_POINT ( 'NONE',  ( 5.032860522178205009, 21.76932186343954001, 3.216764191127517325 ) ) ;
#5777 = CARTESIAN_POINT ( 'NONE',  ( -1.228586660972657674, -0.6511238498087884574, 2.882172177999119178 ) ) ;
#5778 = CARTESIAN_POINT ( 'NONE',  ( -2.803637284486855563, 23.79295012140337562, -0.1740794689204801793 ) ) ;
#5779 = CARTESIAN_POINT ( 'NONE',  ( -1.975828498365906016, 17.30851146286401487, 8.813771212142011535 ) ) ;
#5780 = AXIS2_PLACEMENT_3D ( 'NONE', #2723, #380, #3116 ) ;
#5781 = CARTESIAN_POINT ( 'NONE',  ( 1.741188285736517516, 7.318003642947204845, 10.79536935484762417 ) ) ;
#5782 = CARTESIAN_POINT ( 'NONE',  ( -5.734241265264318876, 21.58487578559351761, 2.172152273467142791 ) ) ;
#5783 = EDGE_CURVE ( 'NONE', #4136, #3106, #5138, .T. ) ;
#5784 = CARTESIAN_POINT ( 'NONE',  ( -9.427532154477200166, 13.41849806944575718, 1.720846404877037994 ) ) ;
#5785 = CARTESIAN_POINT ( 'NONE',  ( 4.668062119733620285, 4.508043465910883896, -0.2781165994035119660 ) ) ;
#5786 = CARTESIAN_POINT ( 'NONE',  ( -9.218467967546171593, 11.94253675368303647, 1.791804670290032764 ) ) ;
#5787 = CARTESIAN_POINT ( 'NONE',  ( 1.928232367849989748, 9.865741160001029186, 9.840922135543157978 ) ) ;
#5788 = CARTESIAN_POINT ( 'NONE',  ( -1.382311264968425268, -1.065588312730086695, 0.9397646015769514083 ) ) ;
#5789 = CARTESIAN_POINT ( 'NONE',  ( -8.436707525134384156, 17.42488203987516826, 2.062885382620719188 ) ) ;
#5790 = CARTESIAN_POINT ( 'NONE',  ( -7.026387906570714215, 20.55198054513559924, 1.754103544820757588 ) ) ;
#5791 = CARTESIAN_POINT ( 'NONE',  ( -10.60308963299415019, 6.448972166161940578, 1.250000000000004885 ) ) ;
#5792 = CARTESIAN_POINT ( 'NONE',  ( -1.552415032206863499, 28.68756187589531237, -1.017603228608066153E-14 ) ) ;
#5793 = CARTESIAN_POINT ( 'NONE',  ( 1.848052497394128135, 20.00267190680817109, 11.13441491450354803 ) ) ;
#5794 = CARTESIAN_POINT ( 'NONE',  ( 5.169724417872777700, 4.947376926676071207, 2.771870323949847670 ) ) ;
#5795 = CARTESIAN_POINT ( 'NONE',  ( -5.938215610318330562, 5.671200389938928943, 2.726999658499743351 ) ) ;
#5796 = CARTESIAN_POINT ( 'NONE',  ( 7.755805781626624373, 18.86921315020901346, 2.292347724414216970 ) ) ;
#5797 = ORIENTED_EDGE ( 'NONE', *, *, #5068, .F. ) ;
#5798 = ORIENTED_EDGE ( 'NONE', *, *, #4249, .F. ) ;
#5799 = CARTESIAN_POINT ( 'NONE',  ( 2.092775851719528735, 8.174624604202637812, 4.247510696506406447 ) ) ;
#5800 = CARTESIAN_POINT ( 'NONE',  ( 8.380610162078712122, 9.141815760982456851, 2.065643679081984985 ) ) ;
#5801 = CARTESIAN_POINT ( 'NONE',  ( -8.096340450391998900, 8.450826107921365349, 2.149815206969496018 ) ) ;
#5802 = CARTESIAN_POINT ( 'NONE',  ( 9.801759991588708587, 14.44478742029756546, 1.539351545031066859 ) ) ;
#5803 = CARTESIAN_POINT ( 'NONE',  ( -1.393397655596664730, -1.035118435499882583, 0.9069289335777116490 ) ) ;
#5804 = ORIENTED_EDGE ( 'NONE', *, *, #29, .F. ) ;
#5805 = CARTESIAN_POINT ( 'NONE',  ( -1.496567009544976568, 29.08819555316203420, 2.033978169166625438 ) ) ;
#5806 = CARTESIAN_POINT ( 'NONE',  ( -1.963524463163169198, 17.76072797806788373, 8.851102832769624840 ) ) ;
#5807 = CARTESIAN_POINT ( 'NONE',  ( 1.257005518835939695, -0.7450578736093558252, 2.497906214649896484 ) ) ;
#5808 = CARTESIAN_POINT ( 'NONE',  ( 8.938238740455034304, 8.906425361930265794, 1.127364883980166654 ) ) ;
#5809 = CARTESIAN_POINT ( 'NONE',  ( 8.390527772647640603, 17.56392661155014778, 2.077777778011702381 ) ) ;
#5810 = CARTESIAN_POINT ( 'NONE',  ( -6.459617707115229202, 6.197686465701266023, 2.607999365959742466 ) ) ;
#5811 = CARTESIAN_POINT ( 'NONE',  ( 1.741188285736396058, 7.318003642947061849, 10.79536935484955862 ) ) ;
#5812 = CARTESIAN_POINT ( 'NONE',  ( -1.199050042550267037, 1.667373130179806484, 7.524000902570016969 ) ) ;
#5813 = CARTESIAN_POINT ( 'NONE',  ( -8.417867563962511568, 17.48519765698063821, 2.069266110754794941 ) ) ;
#5814 = EDGE_CURVE ( 'NONE', #4895, #1548, #4159, .T. ) ;
#5815 = CARTESIAN_POINT ( 'NONE',  ( 2.010495784153492949, 11.09115887599322647, 8.692081971198815538 ) ) ;
#5816 = CARTESIAN_POINT ( 'NONE',  ( -4.534430070583657546, 14.37190282229168048, 4.095235541683390323 ) ) ;
#5817 = CARTESIAN_POINT ( 'NONE',  ( 9.313900701374432600, 14.38300880837658724, 1.758454091474140224 ) ) ;
ENDSEC;
END-ISO-10303-21;
